"Term","Overlap","P.value","Adjusted.P.value","Old.P.value","Old.Adjusted.P.value","Odds.Ratio","Combined.Score","Genes","Directory","DEG_test"
"Pentose phosphate pathway","1/32",0.0174640642408144,0.0652457358321419,0,0,64.3806451612903,260.587741955469,"ALDOC","Astro","VehicleVsPCB_in_HETs"
"Fructose and mannose metabolism","1/35",0.0190870263243923,0.0652457358321419,0,0,58.6911764705882,232.343485017676,"ALDOC","Astro","VehicleVsPCB_in_HETs"
"Ferroptosis","1/40",0.021786548882168,0.0652457358321419,0,0,51.1538461538462,195.738275234354,"SAT1","Astro","VehicleVsPCB_in_HETs"
"Hedgehog signaling pathway","1/44",0.0239413027935233,0.0652457358321419,0,0,46.3860465116279,173.119690966811,"GLI3","Astro","VehicleVsPCB_in_HETs"
"Arginine and proline metabolism","1/50",0.0271653448579924,0.0652457358321419,0,0,40.6938775510204,146.734521000359,"SAT1","Astro","VehicleVsPCB_in_HETs"
"Lysine degradation","1/59",0.0319832597603845,0.0652457358321419,0,0,34.3637931034483,118.298823221544,"KMT2E","Astro","VehicleVsPCB_in_HETs"
"Glycerolipid metabolism","1/61",0.0330509575559811,0.0652457358321419,0,0,33.215,113.253342944237,"AGPAT5","Astro","VehicleVsPCB_in_HETs"
"Basal cell carcinoma","1/63",0.0341175847222141,0.0652457358321419,0,0,32.1403225806452,108.568156678773,"GLI3","Astro","VehicleVsPCB_in_HETs"
"Mitophagy","1/63",0.0341175847222141,0.0652457358321419,0,0,32.1403225806452,108.568156678773,"TAX1BP1","Astro","VehicleVsPCB_in_HETs"
"Glycolysis / Gluconeogenesis","1/67",0.0362476310178566,0.0652457358321419,0,0,30.1863636363636,100.139676764604,"ALDOC","Astro","VehicleVsPCB_in_HETs"
"mRNA surveillance pathway","1/96",0.0515632165556115,0.0781310572509039,0,0,20.9410526315789,62.0891052745582,"PABPN1","Astro","VehicleVsPCB_in_HETs"
"Glycerophospholipid metabolism","1/97",0.0520873715006026,0.0781310572509039,0,0,20.721875,61.2296748754023,"AGPAT5","Astro","VehicleVsPCB_in_HETs"
"Spliceosome","1/132",0.0702677330240217,0.097293784187107,0,0,15.1587786259542,40.2532661519136,"SRSF7","Astro","VehicleVsPCB_in_HETs"
"Phospholipase D signaling pathway","1/149",0.0789833105680656,0.10154997073037,0,0,13.4060810810811,34.0315876181229,"AGPAT5","Astro","VehicleVsPCB_in_HETs"
"Influenza A","1/168",0.0886363066082588,0.106363567929911,0,0,11.8694610778443,28.7622409824155,"PABPN1","Astro","VehicleVsPCB_in_HETs"
"cAMP signaling pathway","1/211",0.110143853695289,0.1239118354072,0,0,9.41857142857143,20.7770672402275,"GLI3","Astro","VehicleVsPCB_in_HETs"
"Herpes simplex virus 1 infection","1/433",0.214021723807999,0.226611236973175,0,0,4.52708333333333,6.97930367451715,"SRSF7","Astro","VehicleVsPCB_in_HETs"
"Pathways in cancer","1/535",0.257945212713433,0.257945212713433,0,0,3.64325842696629,4.93664457121852,"GLI3","Astro","VehicleVsPCB_in_HETs"
"Circadian entrainment","8/99",5.4732299710391e-08,4.69306738391586e-06,0,0,17.7645211930926,297.037215826299,"GRIA2;GRIN2A;GNG3;KCNJ6;CAMK2A;GNAS;CALM1;CALM2","L2_3_IT","VehicleVsPCB_in_HETs"
"Aldosterone synthesis and secretion","8/102",6.91966408359278e-08,4.69306738391586e-06,0,0,17.1949630916196,283.48155246463,"CAMK2A;GNAS;ATP2B2;ATP1A1;ATP2B1;ATP1B1;CALM1;CALM2","L2_3_IT","VehicleVsPCB_in_HETs"
"Gastric acid secretion","7/74",1.29244533920516e-07,4.69306738391586e-06,0,0,20.9240162822252,331.887531649984,"CAMK2A;GNAS;ATP1A1;ATP1B1;CALM1;CALM2;ACTB","L2_3_IT","VehicleVsPCB_in_HETs"
"Synaptic vesicle cycle","7/77",1.70481200432035e-07,4.69306738391586e-06,0,0,20.0242424242424,312.070625628081,"SNAP25;ATP6V0B;RAB3A;ATP6V1G2;SYT1;CPLX2;ATP6V0C","L2_3_IT","VehicleVsPCB_in_HETs"
"cAMP signaling pathway","10/211",1.82112289892811e-07,4.69306738391586e-06,0,0,10.2057421227197,158.379262048317,"GRIA2;GRIN2A;CAMK2A;GNAS;ATP2B2;ATP1A1;ATP2B1;ATP1B1;CALM1;CALM2","L2_3_IT","VehicleVsPCB_in_HETs"
"Salivary secretion","7/78",1.86479498698643e-07,4.69306738391586e-06,0,0,19.7412149665671,305.88903087072,"GNAS;ATP2B2;ATP1A1;ATP2B1;ATP1B1;CALM1;CALM2","L2_3_IT","VehicleVsPCB_in_HETs"
"Insulin secretion","7/86",3.66349690614155e-07,7.90268618324821e-06,0,0,17.734944380514,262.826156569423,"SNAP25;RAB3A;CAMK2A;GNAS;CCK;ATP1A1;ATP1B1","L2_3_IT","VehicleVsPCB_in_HETs"
"Dopaminergic synapse","8/135",6.05242481387419e-07,1.14239518361875e-05,0,0,12.7057689217419,181.916582952285,"GRIA2;GRIN2A;GNG3;KCNJ6;CAMK2A;GNAS;CALM1;CALM2","L2_3_IT","VehicleVsPCB_in_HETs"
"Adrenergic signaling in cardiomyocytes","8/148",1.21604373774752e-06,2.04025115999862e-05,0,0,11.5183673469388,156.879101346992,"CAMK2A;GNAS;ATP2B2;ATP1A1;ATP2B1;ATP1B1;CALM1;CALM2","L2_3_IT","VehicleVsPCB_in_HETs"
"Amphetamine addiction","6/68",1.61106087435555e-06,2.43270192027688e-05,0,0,19.1922580645161,255.998192504228,"GRIA2;GRIN2A;CAMK2A;GNAS;CALM1;CALM2","L2_3_IT","VehicleVsPCB_in_HETs"
"Alzheimer disease","8/175",4.25749244429492e-06,5.84437599171394e-05,0,0,9.64291824514237,119.252332561405,"RTN3;GRIN2A;COX4I1;ATP5G3;CALM1;CALM2;GAPDH;RTN4","L2_3_IT","VehicleVsPCB_in_HETs"
"Pancreatic secretion","6/105",2.02201080669196e-05,0.000254436359842072,0,0,11.9969696969697,129.673241958571,"GNAS;CCK;ATP2B2;ATP1A1;ATP2B1;ATP1B1","L2_3_IT","VehicleVsPCB_in_HETs"
"Long-term potentiation","5/67",2.82864137341932e-05,0.000328557574912552,0,0,15.8351964228681,165.844054063966,"GRIA2;GRIN2A;CAMK2A;CALM1;CALM2","L2_3_IT","VehicleVsPCB_in_HETs"
"Nicotine addiction","4/40",5.88124019216195e-05,0.000634333763583181,0,0,21.6318082788671,210.718858122582,"GABRB3;GRIA2;GABRA1;GRIN2A","L2_3_IT","VehicleVsPCB_in_HETs"
"Calcium signaling pathway","7/189",6.67077645327837e-05,0.000671524829630023,0,0,7.65811965811966,73.6342694446129,"GRIN2A;CAMK2A;GNAS;ATP2B2;ATP2B1;CALM1;CALM2","L2_3_IT","VehicleVsPCB_in_HETs"
"Estrogen signaling pathway","6/134",7.96795633849744e-05,0.000751975879445696,0,0,9.2653125,87.4413628541697,"HSPA8;KCNJ6;HSP90AB1;GNAS;CALM1;CALM2","L2_3_IT","VehicleVsPCB_in_HETs"
"Mineral absorption","4/44",8.59501213637249e-05,0.000763439313289557,0,0,19.4647058823529,182.223582101693,"FTH1;ATP1A1;ATP2B1;ATP1B1","L2_3_IT","VehicleVsPCB_in_HETs"
"Morphine addiction","5/92",0.000129705137420037,0.00108808198613475,0,0,11.2706270627063,100.874894448947,"GABRB3;GABRA1;GNG3;KCNJ6;GNAS","L2_3_IT","VehicleVsPCB_in_HETs"
"Oxytocin signaling pathway","6/154",0.000171110918946009,0.00135988151372881,0,0,8.00513513513513,69.4301265501646,"KCNJ6;CAMK2A;GNAS;CALM1;CALM2;ACTB","L2_3_IT","VehicleVsPCB_in_HETs"
"Endocrine and other factor-regulated calcium reabsorption","4/55",0.000206496850496816,0.00148898988078,0,0,15.2579777008843,129.467379902198,"GNAS;ATP1A1;ATP2B1;ATP1B1","L2_3_IT","VehicleVsPCB_in_HETs"
"Proximal tubule bicarbonate reclamation","3/22",0.000207078062889934,0.00148898988078,0,0,30.4675523760858,258.438414768821,"MDH1;ATP1A1;ATP1B1","L2_3_IT","VehicleVsPCB_in_HETs"
"cGMP-PKG signaling pathway","6/172",0.000310850103535583,0.00213356207426695,0,0,7.13060240963855,57.5881693565472,"ATP2B2;ATP1A1;ATP2B1;ATP1B1;CALM1;CALM2","L2_3_IT","VehicleVsPCB_in_HETs"
"Necroptosis","6/176",0.000351512004520768,0.002307752725332,0,0,6.96141176470588,55.3659643386449,"HSP90AB1;H2AFZ;FTH1;CAMK2A;HMGB1;PPIA","L2_3_IT","VehicleVsPCB_in_HETs"
"Alcoholism","6/199",0.000672757107110442,0.00423276346556986,0,0,6.12466321243523,44.7353130615192,"GRIN2A;GNG3;H2AFZ;GNAS;CALM1;CALM2","L2_3_IT","VehicleVsPCB_in_HETs"
"Oxidative phosphorylation","5/134",0.000738796363725741,0.00446233003690347,0,0,7.58500268631514,54.691572605699,"ATP6V0B;ATP6V1G2;COX4I1;ATP5G3;ATP6V0C","L2_3_IT","VehicleVsPCB_in_HETs"
"Retrograde endocannabinoid signaling","5/150",0.00122469271260931,0.00711263844630792,0,0,6.74257425742574,45.2094007758305,"GABRB3;GRIA2;GABRA1;GNG3;KCNJ6","L2_3_IT","VehicleVsPCB_in_HETs"
"GABAergic synapse","4/90",0.00134256422188029,0.00724025705371154,0,0,9.03237574099407,59.7326714619636,"GABRB3;GABRA1;GNG3;KCNJ6","L2_3_IT","VehicleVsPCB_in_HETs"
"GnRH signaling pathway","4/90",0.00134256422188029,0.00724025705371154,0,0,9.03237574099407,59.7326714619636,"CAMK2A;GNAS;CALM1;CALM2","L2_3_IT","VehicleVsPCB_in_HETs"
"Melanogenesis","4/100",0.00197877767422309,0.0103032906485409,0,0,8.08741830065359,50.3464107348811,"CAMK2A;GNAS;CALM1;CALM2","L2_3_IT","VehicleVsPCB_in_HETs"
"Cocaine addiction","3/48",0.00210459423843937,0.0103617181257301,0,0,12.8472491909385,79.1857238213709,"GRIA2;GRIN2A;GNAS","L2_3_IT","VehicleVsPCB_in_HETs"
"Glucagon signaling pathway","4/102",0.00212724014501743,0.0103617181257301,0,0,7.92156862745098,48.7408560348136,"CAMK2A;GNAS;CALM1;CALM2","L2_3_IT","VehicleVsPCB_in_HETs"
"Tuberculosis","5/178",0.00259261139209574,0.0122338850064518,0,0,5.64327820065244,33.6062276145189,"ATP6V0B;CAMK2A;CALM1;CALM2;ATP6V0C","L2_3_IT","VehicleVsPCB_in_HETs"
"Glutamatergic synapse","4/114",0.0031825907702725,0.0145627638276106,0,0,7.05311942959002,40.5558578354638,"GRIA2;GRIN2A;GNG3;GNAS","L2_3_IT","VehicleVsPCB_in_HETs"
"Oocyte meiosis","4/116",0.00338765191696947,0.0150451599841879,0,0,6.92647058823529,39.3951205080315,"CAMK2A;CALM1;CALM2;YWHAH","L2_3_IT","VehicleVsPCB_in_HETs"
"Inflammatory mediator regulation of TRP channels","4/127",0.00467791231012912,0.0201818502522713,0,0,6.30352303523035,33.8177918873297,"CAMK2A;GNAS;CALM1;CALM2","L2_3_IT","VehicleVsPCB_in_HETs"
"Rap1 signaling pathway","5/209",0.00513124614298385,0.0215227268775156,0,0,4.7781984080761,25.1926054747666,"GRIN2A;GNAS;CALM1;CALM2;ACTB","L2_3_IT","VehicleVsPCB_in_HETs"
"Serotonergic synapse","4/132",0.00536045625876178,0.0218764566235954,0,0,6.05575980392157,31.663788739331,"GABRB3;GNG3;KCNJ6;GNAS","L2_3_IT","VehicleVsPCB_in_HETs"
"Bile secretion","3/72",0.00662119669041707,0.0263105447434994,0,0,8.36850991979738,41.9888240929174,"GNAS;ATP1A1;ATP1B1","L2_3_IT","VehicleVsPCB_in_HETs"
"Thyroid hormone synthesis","3/73",0.00687870842213864,0.0266329479934086,0,0,8.24854368932039,41.0721746422415,"GNAS;ATP1A1;ATP1B1","L2_3_IT","VehicleVsPCB_in_HETs"
"Fluid shear stress and atherosclerosis","4/143",0.00708972182439031,0.0267636998870734,0,0,5.57342361404994,27.5834819396163,"HSP90AB1;CALM1;CALM2;ACTB","L2_3_IT","VehicleVsPCB_in_HETs"
"Glioma","3/75",0.00741141985329654,0.0272957170206775,0,0,8.01860841423948,39.3291352671485,"CAMK2A;CALM1;CALM2","L2_3_IT","VehicleVsPCB_in_HETs"
"Renin secretion","3/76",0.00768668238386833,0.027635453332479,0,0,7.9083654741322,38.5000268171575,"GNAS;CALM1;CALM2","L2_3_IT","VehicleVsPCB_in_HETs"
"Cardiac muscle contraction","3/78",0.00825517065778862,0.0289890876587461,0,0,7.69669902912621,36.9204150914715,"COX4I1;ATP1A1;ATP1B1","L2_3_IT","VehicleVsPCB_in_HETs"
"Collecting duct acid secretion","2/27",0.00895843965880029,0.0300605419661965,0,0,15.2838461538462,72.0657679929601,"ATP6V1G2;ATP6V0C","L2_3_IT","VehicleVsPCB_in_HETs"
"Phototransduction","2/27",0.00895843965880029,0.0300605419661965,0,0,15.2838461538462,72.0657679929601,"CALM1;CALM2","L2_3_IT","VehicleVsPCB_in_HETs"
"Rheumatoid arthritis","3/84",0.0101063032655586,0.0331750389804208,0,0,7.12441567781374,32.7338115198291,"ATP6V0B;ATP6V1G2;ATP6V0C","L2_3_IT","VehicleVsPCB_in_HETs"
"Phagosome","4/180",0.0154866621218345,0.049755020859511,0,0,4.39349376114082,18.311098441574,"ATP6V0B;ATP6V1G2;ATP6V0C;ACTB","L2_3_IT","VehicleVsPCB_in_HETs"
"Aldosterone-regulated sodium reabsorption","2/38",0.0172779045718736,0.0543534081323524,0,0,10.607905982906,43.0503489955045,"ATP1A1;ATP1B1","L2_3_IT","VehicleVsPCB_in_HETs"
"HIF-1 signaling pathway","3/104",0.0179051223519459,0.0551770096968127,0,0,5.70787272902048,22.9608794988942,"CAMK2A;ALDOA;GAPDH","L2_3_IT","VehicleVsPCB_in_HETs"
"Carbohydrate digestion and absorption","2/43",0.0218171654119452,0.0658832446926862,0,0,9.31191369606004,35.6186119787114,"ATP1A1;ATP1B1","L2_3_IT","VehicleVsPCB_in_HETs"
"Cholinergic synapse","3/113",0.0222519568167351,0.0658832446926862,0,0,5.23848190644307,19.9341278758058,"GNG3;KCNJ6;CAMK2A","L2_3_IT","VehicleVsPCB_in_HETs"
"Thyroid hormone signaling pathway","3/115",0.0232892216673089,0.0676283167646854,0,0,5.14441747572816,19.3417987891241,"ATP1A1;ATP1B1;ACTB","L2_3_IT","VehicleVsPCB_in_HETs"
"Ether lipid metabolism","2/47",0.0257636442505764,0.0734020807893779,0,0,8.48247863247863,31.0356157860108,"ENPP2;PAFAH1B1","L2_3_IT","VehicleVsPCB_in_HETs"
"Neurotrophin signaling pathway","3/121",0.0265566148223192,0.0742601636698184,0,0,4.88135593220339,17.7118848804242,"CAMK2A;CALM1;CALM2","L2_3_IT","VehicleVsPCB_in_HETs"
"Kaposi sarcoma-associated herpesvirus infection","4/216",0.0279912537808961,0.076848714925733,0,0,3.64076951535331,13.0188936661789,"GNG3;UBB;CALM1;CALM2","L2_3_IT","VehicleVsPCB_in_HETs"
"Platelet activation","3/125",0.0288643140692481,0.0778305611510082,0,0,4.72035651758714,16.7343683876882,"GNAS;ACTB;MYL12B","L2_3_IT","VehicleVsPCB_in_HETs"
"Amyotrophic lateral sclerosis (ALS)","2/52",0.0310690468506044,0.0823057206042326,0,0,7.63230769230769,26.4958861254551,"GRIA2;GRIN2A","L2_3_IT","VehicleVsPCB_in_HETs"
"Thermogenesis","4/231",0.0345689321445677,0.0899984267901676,0,0,3.39759868705191,11.4322397740161,"COX4I1;GNAS;ATP5G3;ACTB","L2_3_IT","VehicleVsPCB_in_HETs"
"Ras signaling pathway","4/233",0.0355083073974391,0.0908771935087,0,0,3.36758284099666,11.2409531283628,"GRIN2A;GNG3;CALM1;CALM2","L2_3_IT","VehicleVsPCB_in_HETs"
"Apelin signaling pathway","3/138",0.0370742335408658,0.0933034877445124,0,0,4.26299892125135,14.0458697991485,"GNG3;CALM1;CALM2","L2_3_IT","VehicleVsPCB_in_HETs"
"Neuroactive ligand-receptor interaction","5/348",0.0378351911573451,0.093602424252108,0,0,2.82178217821782,9.23996983702349,"GABRB3;GRIA2;GABRA1;GRIN2A;CCK","L2_3_IT","VehicleVsPCB_in_HETs"
"Vascular smooth muscle contraction","3/140",0.038432783467753,0.093602424252108,0,0,4.20034016015874,13.6882552084373,"GNAS;CALM1;CALM2","L2_3_IT","VehicleVsPCB_in_HETs"
"Parkinson disease","3/144",0.0412253697255301,0.0981198830877131,0,0,4.08035529849205,13.0110348245742,"UBB;COX4I1;ATP5G3","L2_3_IT","VehicleVsPCB_in_HETs"
"Long-term depression","2/61",0.0415872352159843,0.0981198830877131,0,0,6.46512385919166,20.558848227077,"GRIA2;GNAS","L2_3_IT","VehicleVsPCB_in_HETs"
"Human papillomavirus infection","5/360",0.0427299345103918,0.0992649247856794,0,0,2.72472458513457,8.59066306306447,"ATP6V0B;ATP6V1G2;DLG2;GNAS;ATP6V0C","L2_3_IT","VehicleVsPCB_in_HETs"
"Human cytomegalovirus infection","4/255",0.046816434640809,0.107110327738821,0,0,3.06897898601672,9.3957435226852,"GNG3;GNAS;CALM1;CALM2","L2_3_IT","VehicleVsPCB_in_HETs"
"Glycolysis / Gluconeogenesis","2/67",0.04923521030452,0.110962936656456,0,0,5.86656804733728,17.6650944045506,"ALDOA;GAPDH","L2_3_IT","VehicleVsPCB_in_HETs"
"Hippo signaling pathway","3/159",0.052578729967368,0.116755709192244,0,0,3.68521284540702,10.8545866427053,"DLG2;ACTB;YWHAH","L2_3_IT","VehicleVsPCB_in_HETs"
"Protein processing in endoplasmic reticulum","3/163",0.0558361734401483,0.120723739917095,0,0,3.59235436893204,10.3651398660358,"HSPA8;HSP90AB1;TUSC3","L2_3_IT","VehicleVsPCB_in_HETs"
"Adherens junction","2/72",0.0559646476436865,0.120723739917095,0,0,5.44615384615385,15.7014525877563,"WASF1;ACTB","L2_3_IT","VehicleVsPCB_in_HETs"
"Bacterial invasion of epithelial cells","2/74",0.0587419442365898,0.124130383884178,0,0,5.29433760683761,15.007336023342,"WASF1;ACTB","L2_3_IT","VehicleVsPCB_in_HETs"
"Tight junction","3/167",0.0591879976136477,0.124130383884178,0,0,3.50402557423633,9.90600819761231,"DLG2;ACTB;MYL12B","L2_3_IT","VehicleVsPCB_in_HETs"
"Influenza A","3/168",0.0600405401573749,0.124193446078954,0,0,3.48261253309797,9.7956671232034,"HSPA8;ACTB;KPNA1","L2_3_IT","VehicleVsPCB_in_HETs"
"Pertussis","2/76",0.0615661443346643,0.125628213439653,0,0,5.15072765072765,14.3583907276881,"CALM1;CALM2","L2_3_IT","VehicleVsPCB_in_HETs"
"Salmonella infection","2/78",0.0644359671930668,0.129352767337012,0,0,5.01467611336032,13.7506596503592,"WASF1;ACTB","L2_3_IT","VehicleVsPCB_in_HETs"
"Pathways in cancer","6/535",0.0651047040901516,0.129352767337012,0,0,2.19640831758034,6.00005703156153,"GNG3;HSP90AB1;CAMK2A;GNAS;CALM1;CALM2","L2_3_IT","VehicleVsPCB_in_HETs"
"Antigen processing and presentation","2/90",0.0825439175414011,0.157773817072805,0,0,4.32823426573427,10.7964548642889,"HSPA8;HSP90AB1","L2_3_IT","VehicleVsPCB_in_HETs"
"Dilated cardiomyopathy (DCM)","2/90",0.0825439175414011,0.157773817072805,0,0,4.32823426573427,10.7964548642889,"GNAS;ACTB","L2_3_IT","VehicleVsPCB_in_HETs"
"Protein digestion and absorption","2/90",0.0825439175414011,0.157773817072805,0,0,4.32823426573427,10.7964548642889,"ATP1A1;ATP1B1","L2_3_IT","VehicleVsPCB_in_HETs"
"Phosphatidylinositol signaling system","2/98",0.0953765915314341,0.180023316515582,0,0,3.96594551282051,9.31966301758772,"CALM1;CALM2","L2_3_IT","VehicleVsPCB_in_HETs"
"Regulation of actin cytoskeleton","3/217",0.108420262369279,0.202116785404458,0,0,2.67852282007077,5.95098205422845,"WASF1;ACTB;MYL12B","L2_3_IT","VehicleVsPCB_in_HETs"
"C-type lectin receptor signaling pathway","2/112",0.119061263425659,0.219246960698469,0,0,3.45874125874126,7.36060641596207,"CALM1;CALM2","L2_3_IT","VehicleVsPCB_in_HETs"
"Leukocyte transendothelial migration","2/115",0.124313200350858,0.226160159674453,0,0,3.36640571817563,7.01879126674954,"ACTB;MYL12B","L2_3_IT","VehicleVsPCB_in_HETs"
"Human immunodeficiency virus 1 infection","3/238",0.132638774590629,0.238433987656964,0,0,2.43656269365834,4.92216322473376,"GNG3;CALM1;CALM2","L2_3_IT","VehicleVsPCB_in_HETs"
"Lysosome","2/124",0.14038873666493,0.249396461604757,0,0,3.11664564943253,6.11903511234395,"ATP6V0B;ATP6V0C","L2_3_IT","VehicleVsPCB_in_HETs"
"Fatty acid elongation","1/29",0.142913628690414,0.250929743398285,0,0,6.75714285714286,13.14612161249,"TECR","L2_3_IT","VehicleVsPCB_in_HETs"
"Glyoxylate and dicarboxylate metabolism","1/31",0.151988004381425,0.259669288162345,0,0,6.30603174603175,11.8802717128302,"MDH1","L2_3_IT","VehicleVsPCB_in_HETs"
"Relaxin signaling pathway","2/131",0.153185238513812,0.259669288162345,0,0,2.94648181276088,5.52791627592033,"GNG3;GNAS","L2_3_IT","VehicleVsPCB_in_HETs"
"Biosynthesis of unsaturated fatty acids","1/32",0.156489438561413,0.259669288162345,0,0,6.10230414746544,11.3183508708304,"TECR","L2_3_IT","VehicleVsPCB_in_HETs"
"Citrate cycle (TCA cycle)","1/32",0.156489438561413,0.259669288162345,0,0,6.10230414746544,11.3183508708304,"MDH1","L2_3_IT","VehicleVsPCB_in_HETs"
"Pentose phosphate pathway","1/32",0.156489438561413,0.259669288162345,0,0,6.10230414746544,11.3183508708304,"ALDOA","L2_3_IT","VehicleVsPCB_in_HETs"
"Insulin signaling pathway","2/139",0.168075347324791,0.272442976535451,0,0,2.77330151600225,4.94574757960952,"CALM1;CALM2","L2_3_IT","VehicleVsPCB_in_HETs"
"Base excision repair","1/35",0.169852211639229,0.272442976535451,0,0,5.56302521008403,9.86227886490341,"HMGB1","L2_3_IT","VehicleVsPCB_in_HETs"
"Fructose and mannose metabolism","1/35",0.169852211639229,0.272442976535451,0,0,5.56302521008403,9.86227886490341,"ALDOA","L2_3_IT","VehicleVsPCB_in_HETs"
"Endocytosis","3/269",0.171404521661376,0.272442976535451,0,0,2.14920797138477,3.79062019493265,"HSPA8;ACAP2;UBB","L2_3_IT","VehicleVsPCB_in_HETs"
"Systemic lupus erythematosus","2/143",0.175612146864122,0.276223272671692,0,0,2.69408074195308,4.68629263630119,"GRIN2A;H2AFZ","L2_3_IT","VehicleVsPCB_in_HETs"
"Pyruvate metabolism","1/38",0.183005259440139,0.28488447603568,0,0,5.11119691119691,8.68004101766067,"MDH1","L2_3_IT","VehicleVsPCB_in_HETs"
"Ferroptosis","1/40",0.191659056189908,0.295311402904858,0,0,4.84859584859585,8.01006087680852,"FTH1","L2_3_IT","VehicleVsPCB_in_HETs"
"Vasopressin-regulated water reabsorption","1/43",0.204469782935511,0.311422208607152,0,0,4.5015873015873,7.14552741754015,"GNAS","L2_3_IT","VehicleVsPCB_in_HETs"
"Cushing syndrome","2/159",0.20623987324977,0.311422208607152,0,0,2.41756491915728,3.81664685805458,"CAMK2A;GNAS","L2_3_IT","VehicleVsPCB_in_HETs"
"Arginine and proline metabolism","1/50",0.23358466235033,0.342439650630095,0,0,3.85714285714286,5.60909836773195,"CKB","L2_3_IT","VehicleVsPCB_in_HETs"
"Cysteine and methionine metabolism","1/50",0.23358466235033,0.342439650630095,0,0,3.85714285714286,5.60909836773195,"MDH1","L2_3_IT","VehicleVsPCB_in_HETs"
"N-Glycan biosynthesis","1/50",0.23358466235033,0.342439650630095,0,0,3.85714285714286,5.60909836773195,"TUSC3","L2_3_IT","VehicleVsPCB_in_HETs"
"Axon guidance","2/180",0.247190016286068,0.358900889030733,0,0,2.13007778738116,2.97699233067955,"CAMK2A;MYL12B","L2_3_IT","VehicleVsPCB_in_HETs"
"Cellular senescence","2/185",0.257002034635177,0.367098721067799,0,0,2.0713535098781,2.81428851890206,"CALM1;CALM2","L2_3_IT","VehicleVsPCB_in_HETs"
"Regulation of lipolysis in adipocytes","1/56",0.257698439954879,0.367098721067799,0,0,3.43532467532468,4.6581807622046,"GNAS","L2_3_IT","VehicleVsPCB_in_HETs"
"Ovarian steroidogenesis","1/57",0.261643679052145,0.369235472307233,0,0,3.37380952380952,4.52350834583932,"GNAS","L2_3_IT","VehicleVsPCB_in_HETs"
"Legionellosis","1/58",0.265568146434737,0.371303612144863,0,0,3.31445279866332,4.39457926884219,"HSPA8","L2_3_IT","VehicleVsPCB_in_HETs"
"Huntington disease","2/192",0.270750315508023,0.375076125153316,0,0,1.99433198380567,2.60571086238696,"COX4I1;ATP5G3","L2_3_IT","VehicleVsPCB_in_HETs"
"Focal adhesion","2/199",0.284494637264486,0.387543104926365,0,0,1.92278406872315,2.41701816872002,"ACTB;MYL12B","L2_3_IT","VehicleVsPCB_in_HETs"
"Mitophagy","1/63",0.284882679780308,0.387543104926365,0,0,3.04639016897081,3.82528460693705,"UBB","L2_3_IT","VehicleVsPCB_in_HETs"
"Proteoglycans in cancer","2/203",0.292339819843026,0.392578174883334,0,0,1.88413700727134,2.31718401749424,"CAMK2A;ACTB","L2_3_IT","VehicleVsPCB_in_HETs"
"PI3K-Akt signaling pathway","3/357",0.2937836672968,0.392578174883334,0,0,1.60770116833964,1.96929182332175,"GNG3;HSP90AB1;YWHAH","L2_3_IT","VehicleVsPCB_in_HETs"
"Cortisol synthesis and secretion","1/69",0.307396940524649,0.407166122975632,0,0,2.77675070028011,3.27549788989155,"GNAS","L2_3_IT","VehicleVsPCB_in_HETs"
"Arrhythmogenic right ventricular cardiomyopathy (ARVC)","1/72",0.318389318291748,0.418059017930904,0,0,2.65902079141516,3.04319710891082,"ACTB","L2_3_IT","VehicleVsPCB_in_HETs"
"ECM-receptor interaction","1/83",0.357236291042761,0.46274862175102,0,0,2.30104529616725,2.36859900769747,"SV2B","L2_3_IT","VehicleVsPCB_in_HETs"
"ErbB signaling pathway","1/84",0.360657129318452,0.46274862175102,0,0,2.27320711417097,2.31827924701964,"CAMK2A","L2_3_IT","VehicleVsPCB_in_HETs"
"Gap junction","1/86",0.367444794602877,0.46274862175102,0,0,2.21949579831933,2.22211966490254,"GNAS","L2_3_IT","VehicleVsPCB_in_HETs"
"Hypertrophic cardiomyopathy (HCM)","1/86",0.367444794602877,0.46274862175102,0,0,2.21949579831933,2.22211966490254,"ACTB","L2_3_IT","VehicleVsPCB_in_HETs"
"Viral myocarditis","1/87",0.370811809482606,0.46274862175102,0,0,2.19357696566999,2.17616127443293,"ACTB","L2_3_IT","VehicleVsPCB_in_HETs"
"Fc gamma R-mediated phagocytosis","1/87",0.370811809482606,0.46274862175102,0,0,2.19357696566999,2.17616127443293,"WASF1","L2_3_IT","VehicleVsPCB_in_HETs"
"Taste transduction","1/88",0.374161070335591,0.463100996890773,0,0,2.16825396825397,2.13154305418704,"GABRA1","L2_3_IT","VehicleVsPCB_in_HETs"
"Progesterone-mediated oocyte maturation","1/90",0.38080670019745,0.467494404307439,0,0,2.11931514178705,2.04612116254049,"HSP90AB1","L2_3_IT","VehicleVsPCB_in_HETs"
"IL-17 signaling pathway","1/91",0.384103253250206,0.467738639038558,0,0,2.09566137566138,2.00522074899934,"HSP90AB1","L2_3_IT","VehicleVsPCB_in_HETs"
"Prostate cancer","1/97",0.403520627882355,0.487452918481884,0,0,1.9640873015873,1.78246357286679,"HSP90AB1","L2_3_IT","VehicleVsPCB_in_HETs"
"Choline metabolism in cancer","1/99",0.409857351687763,0.491178254800414,0,0,1.92380952380952,1.71593440678298,"WASF1","L2_3_IT","VehicleVsPCB_in_HETs"
"Th17 cell differentiation","1/102",0.419237610792961,0.494356938082903,0,0,1.86638378123527,1.62247995134475,"HSP90AB1","L2_3_IT","VehicleVsPCB_in_HETs"
"Longevity regulating pathway","1/102",0.419237610792961,0.494356938082903,0,0,1.86638378123527,1.62247995134475,"HSPA8","L2_3_IT","VehicleVsPCB_in_HETs"
"Chagas disease (American trypanosomiasis)","1/103",0.422331423925129,0.494356938082903,0,0,1.84799253034547,1.59290471220254,"GNAS","L2_3_IT","VehicleVsPCB_in_HETs"
"Amoebiasis","1/106",0.431515244597184,0.500539021861449,0,0,1.79492063492064,1.50854542681778,"GNAS","L2_3_IT","VehicleVsPCB_in_HETs"
"Parathyroid hormone synthesis, secretion and action","1/107",0.434544261528354,0.500539021861449,0,0,1.77789757412399,1.48180201713427,"GNAS","L2_3_IT","VehicleVsPCB_in_HETs"
"Toxoplasmosis","1/108",0.437557290633849,0.500539021861449,0,0,1.76119270137962,1.4557096563586,"HSPA8","L2_3_IT","VehicleVsPCB_in_HETs"
"Cell cycle","1/123",0.480890004525381,0.545972862280696,0,0,1.54348165495706,1.13000872019916,"YWHAH","L2_3_IT","VehicleVsPCB_in_HETs"
"Autophagy","1/130",0.499963672425482,0.563391899524237,0,0,1.45921004060539,1.01155334846497,"HMGB1","L2_3_IT","VehicleVsPCB_in_HETs"
"Spliceosome","1/132",0.505284625966304,0.565170211266014,0,0,1.43678662304617,0.980798527081201,"HSPA8","L2_3_IT","VehicleVsPCB_in_HETs"
"Apoptosis","1/141",0.528543172784523,0.586838375665169,0,0,1.34380952380952,0.856854325223257,"ACTB","L2_3_IT","VehicleVsPCB_in_HETs"
"Measles","1/144",0.536052692339879,0.59083179958629,0,0,1.31541791541792,0.820193083020888,"HSPA8","L2_3_IT","VehicleVsPCB_in_HETs"
"Phospholipase D signaling pathway","1/149",0.548306132283842,0.599958159238117,0,0,1.27065637065637,0.763564748069752,"GNAS","L2_3_IT","VehicleVsPCB_in_HETs"
"Non-alcoholic fatty liver disease (NAFLD)","1/151",0.553117253804632,0.600868383629492,0,0,1.2535873015873,0.742355931824701,"COX4I1","L2_3_IT","VehicleVsPCB_in_HETs"
"mTOR signaling pathway","1/154",0.560238915114592,0.604257687016452,0,0,1.22882041705571,0.711968660220958,"ATP6V1G2","L2_3_IT","VehicleVsPCB_in_HETs"
"Wnt signaling pathway","1/160",0.574146677211492,0.610536255344615,0,0,1.18209044624139,0.655906975212005,"CAMK2A","L2_3_IT","VehicleVsPCB_in_HETs"
"Hepatitis C","1/160",0.574146677211492,0.610536255344615,0,0,1.18209044624139,0.655906975212005,"YWHAH","L2_3_IT","VehicleVsPCB_in_HETs"
"RNA transport","1/167",0.589822520945343,0.622819585054173,0,0,1.13184165232358,0.597537237340256,"EIF1","L2_3_IT","VehicleVsPCB_in_HETs"
"Cell adhesion molecules (CAMs)","1/170",0.596364479003864,0.62328851107409,0,0,1.11158072696534,0.57457969805295,"NRXN1","L2_3_IT","VehicleVsPCB_in_HETs"
"Hepatocellular carcinoma","1/171",0.598522080170483,0.62328851107409,0,0,1.10498599439776,0.567180318713205,"ACTB","L2_3_IT","VehicleVsPCB_in_HETs"
"Transcriptional misregulation in cancer","1/183",0.623539054263364,0.644893131464164,0,0,1.03150183150183,0.487223575950009,"TSPAN7","L2_3_IT","VehicleVsPCB_in_HETs"
"Chemokine signaling pathway","1/197",0.650779445724823,0.668487729962233,0,0,0.957142857142857,0.411173723488055,"GNG3","L2_3_IT","VehicleVsPCB_in_HETs"
"NOD-like receptor signaling pathway","1/205",0.66545900481273,0.678948038694069,0,0,0.919234360410831,0.374384155789058,"HSP90AB1","L2_3_IT","VehicleVsPCB_in_HETs"
"Viral carcinogenesis","1/229",0.705928705048852,0.715404258136756,0,0,0.821470342522974,0.286069678965378,"YWHAH","L2_3_IT","VehicleVsPCB_in_HETs"
"MAPK signaling pathway","1/294",0.792770208907434,0.798055343633484,0,0,0.637120104014302,0.147953224346295,"HSPA8","L2_3_IT","VehicleVsPCB_in_HETs"
"Olfactory transduction","3/1133",0.943744875959361,0.943744875959361,0,0,0.48364979809262,0.0280030369311716,"CAMK2A;CALM1;CALM2","L2_3_IT","VehicleVsPCB_in_HETs"
"Adrenergic signaling in cardiomyocytes","8/148",4.97108165937234e-09,5.61732227509074e-07,0,0,25.151746031746,480.892037305973,"CACNA2D1;CAMK2A;CACNA2D3;ATP2B2;ATP1A1;ATP1B1;CALM1;CALM2","L4","VehicleVsPCB_in_HETs"
"Gastric acid secretion","6/74",4.17383882823862e-08,2.35821893795482e-06,0,0,37.319774718398,634.131810630148,"CAMK2A;ATP1A1;ATP1B1;CALM1;CALM2;ACTB","L4","VehicleVsPCB_in_HETs"
"Oxytocin signaling pathway","7/154",1.60296844365114e-07,6.03784780441928e-06,0,0,20.4968944099379,320.699297695621,"KCNJ6;CACNA2D1;CAMK2A;CACNA2D3;CALM1;CALM2;ACTB","L4","VehicleVsPCB_in_HETs"
"Aldosterone synthesis and secretion","6/102",2.86736151409062e-07,8.10029627730601e-06,0,0,26.3976063829787,397.672110025071,"CAMK2A;ATP2B2;ATP1A1;ATP1B1;CALM1;CALM2","L4","VehicleVsPCB_in_HETs"
"cAMP signaling pathway","7/211",1.34488460568394e-06,2.81861704656216e-05,0,0,14.7273017902813,199.101372878394,"GRIA2;CAMK2A;ATP2B2;ATP1A1;ATP1B1;CALM1;CALM2","L4","VehicleVsPCB_in_HETs"
"Dopaminergic synapse","6/135",1.49661082118345e-06,2.81861704656216e-05,0,0,19.6120732310737,263.043156079953,"GRIA2;KCNJ6;CAMK2A;CALM1;CALM2;SCN1A","L4","VehicleVsPCB_in_HETs"
"Salivary secretion","5/78",1.96383550530542e-06,3.17019160142161e-05,0,0,28.3590182648402,372.654830379708,"ATP2B2;ATP1A1;ATP1B1;CALM1;CALM2","L4","VehicleVsPCB_in_HETs"
"Circadian entrainment","5/99",6.37981070669735e-06,9.01148262321001e-05,0,0,22.0002216312057,263.174838113535,"GRIA2;KCNJ6;CAMK2A;CALM1;CALM2","L4","VehicleVsPCB_in_HETs"
"Proximal tubule bicarbonate reclamation","3/22",2.61123067959113e-05,0.000324228254249229,0,0,62.9305263157895,664.112378288391,"MDH1;ATP1A1;ATP1B1","L4","VehicleVsPCB_in_HETs"
"Long-term potentiation","4/67",2.97636298653183e-05,0.000324228254249229,0,0,25.7648202137998,268.52671172085,"GRIA2;CAMK2A;CALM1;CALM2","L4","VehicleVsPCB_in_HETs"
"Amphetamine addiction","4/68",3.15620424490399e-05,0.000324228254249229,0,0,25.3609693877551,262.829809921271,"GRIA2;CAMK2A;CALM1;CALM2","L4","VehicleVsPCB_in_HETs"
"Cardiac muscle contraction","4/78",5.42111612508529e-05,0.000510488435112198,0,0,21.9227799227799,215.339218594804,"CACNA2D1;CACNA2D3;ATP1A1;ATP1B1","L4","VehicleVsPCB_in_HETs"
"cGMP-PKG signaling pathway","5/172",9.12035408187849e-05,0.000792769239424823,0,0,12.3378243512974,114.771584975857,"ATP2B2;ATP1A1;ATP1B1;CALM1;CALM2","L4","VehicleVsPCB_in_HETs"
"Oocyte meiosis","4/116",0.000252648169449339,0.00203923165341252,0,0,14.4569970845481,119.754718543919,"CAMK2A;CALM1;CALM2;YWHAH","L4","VehicleVsPCB_in_HETs"
"Arrhythmogenic right ventricular cardiomyopathy (ARVC)","3/72",0.000921021577096881,0.00693836254746317,0,0,17.2852173913043,120.824137892321,"CACNA2D1;CACNA2D3;ACTB","L4","VehicleVsPCB_in_HETs"
"Glioma","3/75",0.0010369709188303,0.007323607114239,0,0,16.5625,113.808413707925,"CAMK2A;CALM1;CALM2","L4","VehicleVsPCB_in_HETs"
"Alzheimer disease","4/175",0.00118733314080134,0.00789227323003245,0,0,9.44074471894021,63.5932864049118,"CALM1;GAPDH;CALM2;RTN4","L4","VehicleVsPCB_in_HETs"
"Tuberculosis","4/178",0.00126420584043661,0.00793640333162981,0,0,9.27656579873329,61.9054099604839,"CAMK2A;CALM1;ATP6V0C;CALM2","L4","VehicleVsPCB_in_HETs"
"Hypertrophic cardiomyopathy (HCM)","3/86",0.0015397218329484,0.00848024201831079,0,0,14.3595180722892,92.9944433202065,"CACNA2D1;CACNA2D3;ACTB","L4","VehicleVsPCB_in_HETs"
"Insulin secretion","3/86",0.0015397218329484,0.00848024201831079,0,0,14.3595180722892,92.9944433202065,"CAMK2A;ATP1A1;ATP1B1","L4","VehicleVsPCB_in_HETs"
"Calcium signaling pathway","4/189",0.00157597418039404,0.00848024201831079,0,0,8.72013237727523,56.269982383217,"CAMK2A;ATP2B2;CALM1;CALM2","L4","VehicleVsPCB_in_HETs"
"Dilated cardiomyopathy (DCM)","3/90",0.00175438436543517,0.00861936666496412,0,0,13.6965517241379,86.9133491258379,"CACNA2D1;CACNA2D3;ACTB","L4","VehicleVsPCB_in_HETs"
"GnRH signaling pathway","3/90",0.00175438436543517,0.00861936666496412,0,0,13.6965517241379,86.9133491258379,"CAMK2A;CALM1;CALM2","L4","VehicleVsPCB_in_HETs"
"Phototransduction","2/27",0.00231795036875322,0.0107133257000641,0,0,31.2501960784314,189.59718791978,"CALM1;CALM2","L4","VehicleVsPCB_in_HETs"
"Melanogenesis","3/100",0.00237020480089914,0.0107133257000641,0,0,12.2783505154639,74.219914290735,"CAMK2A;CALM1;CALM2","L4","VehicleVsPCB_in_HETs"
"Glucagon signaling pathway","3/102",0.00250743709846398,0.0108977073894781,0,0,12.0290909090909,72.0361402237609,"CAMK2A;CALM1;CALM2","L4","VehicleVsPCB_in_HETs"
"Pancreatic secretion","3/105",0.00272235508914518,0.0113935601879039,0,0,11.6735294117647,68.9468756791843,"ATP2B2;ATP1A1;ATP1B1","L4","VehicleVsPCB_in_HETs"
"Thyroid hormone signaling pathway","3/115",0.00351959162437217,0.0142040661983591,0,0,10.6258928571429,60.0300286803495,"ATP1A1;ATP1B1;ACTB","L4","VehicleVsPCB_in_HETs"
"Neurotrophin signaling pathway","3/121",0.00405960783565284,0.0158184719113369,0,0,10.0825423728814,55.5212225402382,"CAMK2A;CALM1;CALM2","L4","VehicleVsPCB_in_HETs"
"Aldosterone-regulated sodium reabsorption","2/38",0.00455688478164123,0.0169407891117429,0,0,21.6895424836601,116.930840618994,"ATP1A1;ATP1B1","L4","VehicleVsPCB_in_HETs"
"Inflammatory mediator regulation of TRP channels","3/127",0.0046474731191507,0.0169407891117429,0,0,9.59177419354839,51.5215592174061,"CAMK2A;CALM1;CALM2","L4","VehicleVsPCB_in_HETs"
"Nicotine addiction","2/40",0.00503893905931115,0.0177937535531925,0,0,20.5459236326109,108.699436045872,"GRIA2;GABRA1","L4","VehicleVsPCB_in_HETs"
"Estrogen signaling pathway","3/134",0.00539538261724673,0.0184750980529964,0,0,9.07603053435115,47.3969534094293,"KCNJ6;CALM1;CALM2","L4","VehicleVsPCB_in_HETs"
"Carbohydrate digestion and absorption","2/43",0.0058040466263832,0.0192899196700383,0,0,19.039693926351,98.0391902615373,"ATP1A1;ATP1B1","L4","VehicleVsPCB_in_HETs"
"Mineral absorption","2/44",0.00607016855958655,0.0195979727780937,0,0,18.5854341736695,94.8669122821312,"ATP1A1;ATP1B1","L4","VehicleVsPCB_in_HETs"
"Fluid shear stress and atherosclerosis","3/143",0.00645785897432043,0.0202705017805058,0,0,8.48871428571429,42.803980542076,"CALM1;CALM2;ACTB","L4","VehicleVsPCB_in_HETs"
"Retrograde endocannabinoid signaling","3/150",0.00736465218488255,0.0224920458619386,0,0,8.08163265306122,39.6894107839438,"GRIA2;GABRA1;KCNJ6","L4","VehicleVsPCB_in_HETs"
"Endocrine and other factor-regulated calcium reabsorption","2/55",0.00935353747989604,0.027814466716533,0,0,14.7199408065113,68.7715732682566,"ATP1A1;ATP1B1","L4","VehicleVsPCB_in_HETs"
"Bile secretion","2/72",0.0156453450710386,0.0451173048626141,0,0,11.1355742296919,46.2970612598155,"ATP1A1;ATP1B1","L4","VehicleVsPCB_in_HETs"
"Thyroid hormone synthesis","2/73",0.0160590544255606,0.0451173048626141,0,0,10.9781828224247,45.3561696616348,"ATP1A1;ATP1B1","L4","VehicleVsPCB_in_HETs"
"Proteoglycans in cancer","3/203",0.0166394764185001,0.0451173048626141,0,0,5.9241,24.2649791781336,"CAMK2A;ANK3;ACTB","L4","VehicleVsPCB_in_HETs"
"Pertussis","2/76",0.0173281106466689,0.0451173048626141,0,0,10.5315315315315,42.7098384025057,"CALM1;CALM2","L4","VehicleVsPCB_in_HETs"
"Renin secretion","2/76",0.0173281106466689,0.0451173048626141,0,0,10.5315315315315,42.7098384025057,"CALM1;CALM2","L4","VehicleVsPCB_in_HETs"
"Synaptic vesicle cycle","2/77",0.0177603501826594,0.0451173048626141,0,0,10.3905882352941,41.8822461536842,"SYT1;ATP6V0C","L4","VehicleVsPCB_in_HETs"
"Rap1 signaling pathway","3/209",0.0179670683081206,0.0451173048626141,0,0,5.74980582524272,23.1097042972005,"CALM1;CALM2;ACTB","L4","VehicleVsPCB_in_HETs"
"Kaposi sarcoma-associated herpesvirus infection","3/216",0.0195888171515699,0.0481203551766825,0,0,5.55887323943662,21.861916825679,"UBB;CALM1;CALM2","L4","VehicleVsPCB_in_HETs"
"GABAergic synapse","2/90",0.0237855435704838,0.0559951338221805,0,0,8.84982174688057,33.086627637467,"GABRA1;KCNJ6","L4","VehicleVsPCB_in_HETs"
"Protein digestion and absorption","2/90",0.0237855435704838,0.0559951338221805,0,0,8.84982174688057,33.086627637467,"ATP1A1;ATP1B1","L4","VehicleVsPCB_in_HETs"
"Morphine addiction","2/92",0.0247773818256048,0.0571396764549662,0,0,8.65228758169935,31.9946372379335,"GABRA1;KCNJ6","L4","VehicleVsPCB_in_HETs"
"Phosphatidylinositol signaling system","2/98",0.0278524987743966,0.0629466472301363,0,0,8.10906862745098,29.0372172484363,"CALM1;CALM2","L4","VehicleVsPCB_in_HETs"
"HIF-1 signaling pathway","2/104",0.0310729153377371,0.0688478320228292,0,0,7.62975778546713,26.4860840719406,"CAMK2A;GAPDH","L4","VehicleVsPCB_in_HETs"
"C-type lectin receptor signaling pathway","2/112",0.0355839025721017,0.0771058585441255,0,0,7.07201426024955,23.5912630566322,"CALM1;CALM2","L4","VehicleVsPCB_in_HETs"
"Cholinergic synapse","2/113",0.0361646947153863,0.0771058585441255,0,0,7.00794912559618,23.2640919301147,"KCNJ6;CAMK2A","L4","VehicleVsPCB_in_HETs"
"Apelin signaling pathway","2/138",0.0518235466156977,0.107280213066352,0,0,5.71251441753172,16.9085323491654,"CALM1;CALM2","L4","VehicleVsPCB_in_HETs"
"Insulin signaling pathway","2/139",0.0524929213441465,0.107280213066352,0,0,5.67053098611707,16.7114911635327,"CALM1;CALM2","L4","VehicleVsPCB_in_HETs"
"Vascular smooth muscle contraction","2/140",0.0531654153249176,0.107280213066352,0,0,5.62915601023018,16.517898075155,"CALM1;CALM2","L4","VehicleVsPCB_in_HETs"
"Hippo signaling pathway","2/159",0.0665086576494063,0.13185049674356,0,0,4.94317472211815,13.3980951992364,"ACTB;YWHAH","L4","VehicleVsPCB_in_HETs"
"Collecting duct acid secretion","1/27",0.0691818493313732,0.134785327145606,0,0,14.7344674556213,39.3560092829153,"ATP6V0C","L4","VehicleVsPCB_in_HETs"
"Circadian rhythm","1/30",0.0765725660346982,0.146655931557981,0,0,13.2082228116711,33.938745289873,"RORB","L4","VehicleVsPCB_in_HETs"
"Glyoxylate and dicarboxylate metabolism","1/31",0.0790233202221305,0.148827253085012,0,0,12.7673076923077,32.4035836723017,"MDH1","L4","VehicleVsPCB_in_HETs"
"Citrate cycle (TCA cycle)","1/32",0.0814676926408234,0.150174179198908,0,0,12.3548387096774,30.9803603214072,"MDH1","L4","VehicleVsPCB_in_HETs"
"Phagosome","2/180",0.0823964523038256,0.150174179198908,0,0,4.35536461775721,10.8719173324169,"ATP6V0C;ACTB","L4","VehicleVsPCB_in_HETs"
"Cellular senescence","2/185",0.0863377310969355,0.154859739904027,0,0,4.23529411764706,10.3743045228762,"CALM1;CALM2","L4","VehicleVsPCB_in_HETs"
"Pyruvate metabolism","1/38",0.096000819677868,0.169501447243736,0,0,10.3482328482328,24.2500338437427,"MDH1","L4","VehicleVsPCB_in_HETs"
"Alcoholism","2/199",0.0976668508298126,0.16979006375029,0,0,3.93152184731761,9.14547888759991,"CALM1;CALM2","L4","VehicleVsPCB_in_HETs"
"Cocaine addiction","1/48",0.119722904154632,0.204980123779901,0,0,8.14238952536825,17.2828352022054,"GRIA2","L4","VehicleVsPCB_in_HETs"
"Arginine and proline metabolism","1/50",0.124393494912872,0.206712719487566,0,0,7.80926216640502,16.2768872389608,"CKB","L4","VehicleVsPCB_in_HETs"
"Cysteine and methionine metabolism","1/50",0.124393494912872,0.206712719487566,0,0,7.80926216640502,16.2768872389608,"MDH1","L4","VehicleVsPCB_in_HETs"
"Ras signaling pathway","2/233",0.126750299852308,0.207576578018997,0,0,3.34708428826076,6.91352399887748,"CALM1;CALM2","L4","VehicleVsPCB_in_HETs"
"Amyotrophic lateral sclerosis (ALS)","1/52",0.12903976956627,0.20830705658555,0,0,7.50226244343891,15.3618923894438,"GRIA2","L4","VehicleVsPCB_in_HETs"
"Human immunodeficiency virus 1 infection","2/238",0.131188892399653,0.208793589312124,0,0,3.27534064473247,6.65260028586473,"CALM1;CALM2","L4","VehicleVsPCB_in_HETs"
"Human cytomegalovirus infection","2/255",0.146541293118781,0.229988418366976,0,0,3.05262342090987,5.86240462265286,"CALM1;CALM2","L4","VehicleVsPCB_in_HETs"
"Long-term depression","1/61",0.149650408610972,0.231650632507395,0,0,6.37403846153846,12.1071884808814,"GRIA2","L4","VehicleVsPCB_in_HETs"
"Mitophagy","1/63",0.154165147644792,0.23541434707921,0,0,6.16780397022332,11.532133445372,"UBB","L4","VehicleVsPCB_in_HETs"
"Glycolysis / Gluconeogenesis","1/67",0.163124185777066,0.245773773237446,0,0,5.79283216783217,10.5038152304387,"GAPDH","L4","VehicleVsPCB_in_HETs"
"Pathways in cancer","3/535",0.168654691842527,0.250762897081653,0,0,2.18966165413534,3.89738293387606,"CAMK2A;CALM1;CALM2","L4","VehicleVsPCB_in_HETs"
"Adherens junction","1/72",0.174192142477671,0.255632624675023,0,0,5.38353196099675,9.40824065391751,"ACTB","L4","VehicleVsPCB_in_HETs"
"Bacterial invasion of epithelial cells","1/74",0.178578999845288,0.258710602339969,0,0,5.23551106427819,9.01934160721506,"ACTB","L4","VehicleVsPCB_in_HETs"
"MAPK signaling pathway","2/294",0.183007041502562,0.261769565693538,0,0,2.63967230727908,4.48277241481171,"CACNA2D1;CACNA2D3","L4","VehicleVsPCB_in_HETs"
"Salmonella infection","1/78",0.187284232153888,0.264538977917367,0,0,4.96253746253746,8.31288475012527,"ACTB","L4","VehicleVsPCB_in_HETs"
"ErbB signaling pathway","1/84",0.20017261933539,0.27252416849276,0,0,4.60240963855422,7.40332194964057,"CAMK2A","L4","VehicleVsPCB_in_HETs"
"Peroxisome","1/84",0.20017261933539,0.27252416849276,0,0,4.60240963855422,7.40332194964057,"PEX5L","L4","VehicleVsPCB_in_HETs"
"Rheumatoid arthritis","1/84",0.20017261933539,0.27252416849276,0,0,4.60240963855422,7.40332194964057,"ATP6V0C","L4","VehicleVsPCB_in_HETs"
"Viral myocarditis","1/87",0.206541397978014,0.277386081055799,0,0,4.44118962432916,7.00488593040589,"ACTB","L4","VehicleVsPCB_in_HETs"
"Taste transduction","1/88",0.208653246811884,0.277386081055799,0,0,4.38992042440318,6.87936313193741,"GABRA1","L4","VehicleVsPCB_in_HETs"
"Neuroactive ligand-receptor interaction","2/348",0.235340813679806,0.309226883090907,0,0,2.22157996146435,3.21400537147193,"GRIA2;GABRA1","L4","VehicleVsPCB_in_HETs"
"Glutamatergic synapse","1/114",0.261666230878706,0.338530059841111,0,0,3.37542545949626,4.5253840215246,"GRIA2","L4","VehicleVsPCB_in_HETs"
"Leukocyte transendothelial migration","1/115",0.263634028902812,0.338530059841111,0,0,3.34564777327935,4.46039550239571,"ACTB","L4","VehicleVsPCB_in_HETs"
"Cell cycle","1/123",0.279192266616775,0.351456267704239,0,0,3.125,3.98704564637973,"YWHAH","L4","VehicleVsPCB_in_HETs"
"Lysosome","1/124",0.281114224244553,0.351456267704239,0,0,3.09943714821764,3.93316776519073,"ATP6V0C","L4","VehicleVsPCB_in_HETs"
"Platelet activation","1/125",0.283031153637927,0.351456267704239,0,0,3.07428660049628,3.88035933276098,"ACTB","L4","VehicleVsPCB_in_HETs"
"Serotonergic synapse","1/132",0.29630994755956,0.363945913850329,0,0,2.90898414562537,3.53834069069431,"KCNJ6","L4","VehicleVsPCB_in_HETs"
"Oxidative phosphorylation","1/134",0.300059364336256,0.36458825989244,0,0,2.86495083863505,3.44875603184819,"ATP6V0C","L4","VehicleVsPCB_in_HETs"
"Apoptosis","1/141",0.31302860958344,0.376300349818391,0,0,2.72074175824176,3.16003459493971,"ACTB","L4","VehicleVsPCB_in_HETs"
"Parkinson disease","1/144",0.318514409387121,0.378864508007838,0,0,2.66325981710597,3.04700243535845,"UBB","L4","VehicleVsPCB_in_HETs"
"Cushing syndrome","1/159",0.345305177788283,0.400174532624615,0,0,2.40859298928919,2.56112118594312,"CAMK2A","L4","VehicleVsPCB_in_HETs"
"Wnt signaling pathway","1/160",0.347054019444356,0.400174532624615,0,0,2.3933236574746,2.53279419995843,"CAMK2A","L4","VehicleVsPCB_in_HETs"
"Hepatitis C","1/160",0.347054019444356,0.400174532624615,0,0,2.3933236574746,2.53279419995843,"YWHAH","L4","VehicleVsPCB_in_HETs"
"Tight junction","1/167",0.359168226500946,0.401524473275367,0,0,2.29158943466172,2.34650600682468,"ACTB","L4","VehicleVsPCB_in_HETs"
"RNA transport","1/167",0.359168226500946,0.401524473275367,0,0,2.29158943466172,2.34650600682468,"EIF1","L4","VehicleVsPCB_in_HETs"
"Influenza A","1/168",0.36088072718968,0.401524473275367,0,0,2.27775218793183,2.3215027299842,"ACTB","L4","VehicleVsPCB_in_HETs"
"Cell adhesion molecules (CAMs)","1/170",0.364292269414316,0.401524473275367,0,0,2.25056895766955,2.27262182281591,"NEGR1","L4","VehicleVsPCB_in_HETs"
"Hepatocellular carcinoma","1/171",0.365991334047458,0.401524473275367,0,0,2.23721719457014,2.24872907155419,"ACTB","L4","VehicleVsPCB_in_HETs"
"Necroptosis","1/176",0.374420050950298,0.406821786128689,0,0,2.17274725274725,2.13445688646497,"CAMK2A","L4","VehicleVsPCB_in_HETs"
"Axon guidance","1/180",0.381083779921797,0.410118734582505,0,0,2.12376450365277,2.04887214274931,"CAMK2A","L4","VehicleVsPCB_in_HETs"
"Focal adhesion","1/199",0.411797341994038,0.438991506087984,0,0,1.91812354312354,1.70180512544434,"ACTB","L4","VehicleVsPCB_in_HETs"
"Regulation of actin cytoskeleton","1/217",0.439512517163479,0.464158078873581,0,0,1.75667735042735,1.44414527003078,"ACTB","L4","VehicleVsPCB_in_HETs"
"Viral carcinogenesis","1/229",0.45727320412828,0.4770664480676,0,0,1.66320850202429,1.30141781833273,"YWHAH","L4","VehicleVsPCB_in_HETs"
"Thermogenesis","1/231",0.460179140171401,0.4770664480676,0,0,1.64857859531773,1.27952685153392,"ACTB","L4","VehicleVsPCB_in_HETs"
"Endocytosis","1/269",0.512578927099189,0.526558352383712,0,0,1.412098163031,0.943706015342317,"UBB","L4","VehicleVsPCB_in_HETs"
"Olfactory transduction","3/1133",0.584200936920766,0.594727079928347,0,0,0.999132743362832,0.537044125900198,"CAMK2A;CALM1;CALM2","L4","VehicleVsPCB_in_HETs"
"PI3K-Akt signaling pathway","1/357",0.615513908667612,0.618617883812501,0,0,1.05828651685393,0.513584050949068,"YWHAH","L4","VehicleVsPCB_in_HETs"
"Human papillomavirus infection","1/360",0.618617883812501,0.618617883812501,0,0,1.04928219412899,0.503936145622063,"ATP6V0C","L4","VehicleVsPCB_in_HETs"
"Parkinson disease","14/144",2.03325503635908e-16,2.98888490344785e-14,0,0,34.9470365699874,1262.69666294002,"NDUFA6;COX4I1;ATP5J;ATP5G3;ATP5H;ATP5F1;COX5B;COX5A;ATP5B;NDUFS7;UBB;CYCS;VDAC1;SLC25A4","L5","VehicleVsPCB_in_HETs"
"Alzheimer disease","14/175",3.21122407461925e-15,2.36024969484515e-13,0,0,28.1739130434783,940.223325253151,"NDUFA6;COX4I1;ATP5J;ATP5G3;ATP5H;ATP5F1;COX5B;COX5A;ATP5B;NDUFS7;CYCS;CALM1;GAPDH;CALM2","L5","VehicleVsPCB_in_HETs"
"Huntington disease","14/192",1.17551006190615e-14,5.75999930334013e-13,0,0,25.461226745257,816.655841069777,"NDUFA6;COX4I1;CLTA;ATP5J;ATP5G3;ATP5H;ATP5F1;COX5B;COX5A;ATP5B;NDUFS7;CYCS;VDAC1;SLC25A4","L5","VehicleVsPCB_in_HETs"
"Oxidative phosphorylation","11/134",2.73875856303095e-12,9.17258967623456e-11,0,0,27.6704776422764,736.685414679232,"ATP5B;NDUFA6;NDUFS7;COX4I1;ATP5J;ATP5G3;ATP5H;ATP5F1;COX5B;ATP6V0C;COX5A","L5","VehicleVsPCB_in_HETs"
"Thermogenesis","13/231",3.11992846130427e-12,9.17258967623456e-11,0,0,18.9546463450725,502.169445873759,"NDUFA6;COX4I1;ATP5J;ATP5G3;ATP5H;ATP5F1;COX5B;COX5A;ACTB;ACTG1;ATP5B;NDUFS7;GNAS","L5","VehicleVsPCB_in_HETs"
"Gastric acid secretion","5/74",8.52867063732569e-06,0.000208952430614479,0,0,20.5548654244306,239.917973072079,"GNAS;ATP1B1;CALM1;CALM2;ACTB","L5","VehicleVsPCB_in_HETs"
"Salivary secretion","5/78",1.10476769766755e-05,0.000232001216510186,0,0,19.4246575342466,221.699256979283,"GNAS;ATP2B2;ATP1B1;CALM1;CALM2","L5","VehicleVsPCB_in_HETs"
"Non-alcoholic fatty liver disease (NAFLD)","6/151",2.19786169312854e-05,0.00040385708611237,0,0,11.8620689655172,127.225915310917,"NDUFA6;NDUFS7;COX4I1;CYCS;COX5B;COX5A","L5","VehicleVsPCB_in_HETs"
"Aldosterone synthesis and secretion","5/102",4.06468611231115e-05,0.000663898731677488,0,0,14.60088365243,147.623532801082,"GNAS;ATP2B2;ATP1B1;CALM1;CALM2","L5","VehicleVsPCB_in_HETs"
"cGMP-PKG signaling pathway","6/172",4.56852485345181e-05,0.000671573153457417,0,0,10.3504452592981,103.439608102457,"VDAC1;ATP2B2;ATP1B1;CALM1;SLC25A4;CALM2","L5","VehicleVsPCB_in_HETs"
"Calcium signaling pathway","6/189",7.71025212144596e-05,0.0010303700562296,0,0,9.38085055832739,88.8401686415314,"GNAS;VDAC1;ATP2B2;CALM1;SLC25A4;CALM2","L5","VehicleVsPCB_in_HETs"
"cAMP signaling pathway","6/211",0.000141083270956592,0.00167868008629455,0,0,8.36479321314952,74.1635972343391,"PAK1;GNAS;ATP2B2;ATP1B1;CALM1;CALM2","L5","VehicleVsPCB_in_HETs"
"Estrogen signaling pathway","5/134",0.000148454701509042,0.00167868008629455,0,0,10.9612403100775,96.6258619445806,"HSPA8;HSP90AB1;GNAS;CALM1;CALM2","L5","VehicleVsPCB_in_HETs"
"Synaptic vesicle cycle","4/77",0.000200633097501979,0.00193746941192357,0,0,15.3208566467297,130.442274536105,"SNAP25;RAB3A;CLTA;ATP6V0C","L5","VehicleVsPCB_in_HETs"
"Fluid shear stress and atherosclerosis","5/143",0.00020113386957375,0.00193746941192357,0,0,10.241718426501,87.172794558733,"HSP90AB1;CALM1;CALM2;ACTB;ACTG1","L5","VehicleVsPCB_in_HETs"
"Cardiac muscle contraction","4/78",0.000210881024427055,0.00193746941192357,0,0,15.1130567186905,127.920183269907,"COX4I1;ATP1B1;COX5B;COX5A","L5","VehicleVsPCB_in_HETs"
"Adrenergic signaling in cardiomyocytes","5/148",0.000235970580937419,0.00204045149398827,0,0,9.88111888111888,82.5251624425606,"GNAS;ATP2B2;ATP1B1;CALM1;CALM2","L5","VehicleVsPCB_in_HETs"
"Oxytocin signaling pathway","5/154",0.000283633404921186,0.00231633947352302,0,0,9.48034515819751,77.4338284562768,"GNAS;CALM1;CALM2;ACTB;ACTG1","L5","VehicleVsPCB_in_HETs"
"Insulin secretion","4/86",0.000306924848035991,0.00237462908743635,0,0,13.6331157677774,110.277014223021,"SNAP25;RAB3A;GNAS;ATP1B1","L5","VehicleVsPCB_in_HETs"
"Influenza A","5/168",0.00042311580366836,0.00310990115696244,0,0,8.65994741454864,67.269299382355,"HSPA8;CYCS;VDAC1;ACTB;ACTG1","L5","VehicleVsPCB_in_HETs"
"Necroptosis","5/176",0.000523118655419714,0.003661830587938,0,0,8.25146198830409,62.3455898697596,"HSP90AB1;FTH1;VDAC1;PPIA;SLC25A4","L5","VehicleVsPCB_in_HETs"
"Rap1 signaling pathway","5/209",0.00113298742471597,0.00738257206156301,0,0,6.90511204481793,46.8366665085822,"GNAS;CALM1;CALM2;ACTB;ACTG1","L5","VehicleVsPCB_in_HETs"
"Endocrine and other factor-regulated calcium reabsorption","3/55",0.00115509630895203,0.00738257206156301,0,0,15.9238782051282,107.702289659327,"GNAS;CLTA;ATP1B1","L5","VehicleVsPCB_in_HETs"
"Regulation of actin cytoskeleton","5/217",0.00133819542570845,0.00819644698246424,0,0,6.64184636118598,43.9453332374726,"CYFIP2;PAK1;CFL1;ACTB;ACTG1","L5","VehicleVsPCB_in_HETs"
"Dopaminergic synapse","4/135",0.00166578910717212,0.00979483995017204,0,0,8.51263305020965,54.4591981884682,"GNAS;CALM1;CALM2;SCN1A","L5","VehicleVsPCB_in_HETs"
"Human immunodeficiency virus 1 infection","5/238",0.00200694677669712,0.0113469683144029,0,0,6.03678724708768,37.4953351388008,"PAK1;CFL1;CYCS;CALM1;CALM2","L5","VehicleVsPCB_in_HETs"
"Amphetamine addiction","3/68",0.00213096679699279,0.0116019303391829,0,0,12.7307692307692,78.3092467998688,"GNAS;CALM1;CALM2","L5","VehicleVsPCB_in_HETs"
"Bacterial invasion of epithelial cells","3/74",0.00271243745472347,0.0140254656065035,0,0,11.6514084507042,68.8587475696299,"CLTA;ACTB;ACTG1","L5","VehicleVsPCB_in_HETs"
"Pertussis","3/76",0.00292587098051152,0.0140254656065035,0,0,11.3310502283105,66.1071948034147,"CFL1;CALM1;CALM2","L5","VehicleVsPCB_in_HETs"
"Renin secretion","3/76",0.00292587098051152,0.0140254656065035,0,0,11.3310502283105,66.1071948034147,"GNAS;CALM1;CALM2","L5","VehicleVsPCB_in_HETs"
"Hippo signaling pathway","4/159",0.00301676392938527,0.0140254656065035,0,0,7.18582462517038,41.7034403062845,"PAK1;ACTB;ACTG1;YWHAH","L5","VehicleVsPCB_in_HETs"
"Proximal tubule bicarbonate reclamation","2/22",0.00305316258100756,0.0140254656065035,0,0,27.2671232876712,157.919652644885,"MDH1;ATP1B1","L5","VehicleVsPCB_in_HETs"
"Viral myocarditis","3/87",0.00428366493706067,0.018712453463407,0,0,9.84176587301587,53.6666212169973,"CYCS;ACTB;ACTG1","L5","VehicleVsPCB_in_HETs"
"Tuberculosis","4/178",0.00451089614974547,0.018712453463407,0,0,6.39501376072527,34.5411284592693,"CYCS;CALM1;ATP6V0C;CALM2","L5","VehicleVsPCB_in_HETs"
"Phototransduction","2/27",0.00458338670016766,0.018712453463407,0,0,21.8082191780822,117.444175658802,"CALM1;CALM2","L5","VehicleVsPCB_in_HETs"
"Dilated cardiomyopathy (DCM)","3/90",0.00470993726629971,0.018712453463407,0,0,9.50095785440613,50.9068988190426,"GNAS;ACTB;ACTG1","L5","VehicleVsPCB_in_HETs"
"GnRH signaling pathway","3/90",0.00470993726629971,0.018712453463407,0,0,9.50095785440613,50.9068988190426,"GNAS;CALM1;CALM2","L5","VehicleVsPCB_in_HETs"
"Cellular senescence","4/185",0.00516790646396532,0.0199916381632343,0,0,6.14551396778461,32.3578985623732,"VDAC1;CALM1;SLC25A4;CALM2","L5","VehicleVsPCB_in_HETs"
"Circadian entrainment","3/99",0.00613911562812676,0.0231397435214009,0,0,8.60633680555556,43.8327152259594,"GNAS;CALM1;CALM2","L5","VehicleVsPCB_in_HETs"
"Melanogenesis","3/100",0.00631213688567951,0.0231971030548722,0,0,8.51718213058419,43.1419208970586,"GNAS;CALM1;CALM2","L5","VehicleVsPCB_in_HETs"
"Glucagon signaling pathway","3/102",0.00666686843115987,0.0233397403155401,0,0,8.34427609427609,41.8098717686892,"GNAS;CALM1;CALM2","L5","VehicleVsPCB_in_HETs"
"Alcoholism","4/199",0.00666849723301146,0.0233397403155401,0,0,5.70025279884435,28.5603228703723,"GNAS;CALM1;HDAC9;CALM2","L5","VehicleVsPCB_in_HETs"
"Pancreatic secretion","3/105",0.00722086724314876,0.0246852903428574,0,0,8.09763071895425,39.9276373496333,"GNAS;ATP2B2;ATP1B1","L5","VehicleVsPCB_in_HETs"
"C-type lectin receptor signaling pathway","3/112",0.0086172940811683,0.0287895961348123,0,0,7.57492354740061,36.0110665218343,"PAK1;CALM1;CALM2","L5","VehicleVsPCB_in_HETs"
"Kaposi sarcoma-associated herpesvirus infection","4/216",0.00884795798326678,0.0289033294120048,0,0,5.23863938347063,24.7660269666483,"UBB;CYCS;CALM1;CALM2","L5","VehicleVsPCB_in_HETs"
"Thyroid hormone signaling pathway","3/115",0.00926089553972866,0.0289649286029811,0,0,7.37090773809524,34.5102548336517,"ATP1B1;ACTB;ACTG1","L5","VehicleVsPCB_in_HETs"
"Leukocyte transendothelial migration","3/115",0.00926089553972866,0.0289649286029811,0,0,7.37090773809524,34.5102548336517,"THY1;ACTB;ACTG1","L5","VehicleVsPCB_in_HETs"
"Oocyte meiosis","3/116",0.00948151577511376,0.0290371420612859,0,0,7.30530973451327,34.0311358364381,"CALM1;CALM2;YWHAH","L5","VehicleVsPCB_in_HETs"
"Platelet activation","3/125",0.0116056467671795,0.0348169403015385,0,0,6.76331967213115,30.1391346548882,"GNAS;ACTB;ACTG1","L5","VehicleVsPCB_in_HETs"
"Mineral absorption","2/44",0.0118561656942457,0.0348571271410825,0,0,12.9699934768428,57.5207179079058,"FTH1;ATP1B1","L5","VehicleVsPCB_in_HETs"
"Inflammatory mediator regulation of TRP channels","3/127",0.0121118691886139,0.0349106817789459,0,0,6.65356182795699,29.365956768394,"GNAS;CALM1;CALM2","L5","VehicleVsPCB_in_HETs"
"Human cytomegalovirus infection","4/255",0.0154831145657816,0.0435734289943733,0,0,4.41591380955053,18.4055518610247,"GNAS;CYCS;CALM1;CALM2","L5","VehicleVsPCB_in_HETs"
"Vascular smooth muscle contraction","3/140",0.0157101478687196,0.0435734289943733,0,0,6.01824817518248,24.9964833404624,"GNAS;CALM1;CALM2","L5","VehicleVsPCB_in_HETs"
"Apoptosis","3/141",0.0160092203749166,0.0435806554650507,0,0,5.97433574879227,24.7014315278193,"CYCS;ACTB;ACTG1","L5","VehicleVsPCB_in_HETs"
"Legionellosis","2/58",0.0200312561724603,0.0535380846791213,0,0,9.7206457925636,38.0122103174186,"HSPA8;CYCS","L5","VehicleVsPCB_in_HETs"
"Long-term potentiation","2/67",0.0262214831473971,0.0688313932619174,0,0,8.3709167544784,30.4799831661928,"CALM1;CALM2","L5","VehicleVsPCB_in_HETs"
"Adherens junction","2/72",0.0299526954634575,0.0739628756044293,0,0,7.77103718199609,27.261854982252,"ACTB;ACTG1","L5","VehicleVsPCB_in_HETs"
"Arrhythmogenic right ventricular cardiomyopathy (ARVC)","2/72",0.0299526954634575,0.0739628756044293,0,0,7.77103718199609,27.261854982252,"ACTB;ACTG1","L5","VehicleVsPCB_in_HETs"
"Bile secretion","2/72",0.0299526954634575,0.0739628756044293,0,0,7.77103718199609,27.261854982252,"GNAS;ATP1B1","L5","VehicleVsPCB_in_HETs"
"Phagosome","3/180",0.0301889288181344,0.0739628756044293,0,0,4.64877589453861,16.2720173682798,"ATP6V0C;ACTB;ACTG1","L5","VehicleVsPCB_in_HETs"
"Thyroid hormone synthesis","2/73",0.0307229293753972,0.0740372232489081,0,0,7.66120007717538,26.6820140617064,"GNAS;ATP1B1","L5","VehicleVsPCB_in_HETs"
"Glioma","2/75",0.0322868399803818,0.0765510560825182,0,0,7.45055357477951,25.5784624174129,"CALM1;CALM2","L5","VehicleVsPCB_in_HETs"
"Salmonella infection","2/78",0.0346903001238301,0.0809440336222703,0,0,7.15537130497477,24.051314981516,"ACTB;ACTG1","L5","VehicleVsPCB_in_HETs"
"Focal adhesion","3/199",0.0388699125773901,0.0892793304511929,0,0,4.19409013605442,13.6204536008089,"PAK1;ACTB;ACTG1","L5","VehicleVsPCB_in_HETs"
"Proteoglycans in cancer","3/203",0.0408431153817381,0.0922643169232219,0,0,4.109375,13.1418511339753,"PAK1;ACTB;ACTG1","L5","VehicleVsPCB_in_HETs"
"Hypertrophic cardiomyopathy (HCM)","2/86",0.0414247953532833,0.0922643169232219,0,0,6.47129810828441,20.6038085087532,"ACTB;ACTG1","L5","VehicleVsPCB_in_HETs"
"Fc gamma R-mediated phagocytosis","2/87",0.0422987058183434,0.0928046232133803,0,0,6.39484286865431,20.2268802475379,"PAK1;CFL1","L5","VehicleVsPCB_in_HETs"
"Antigen processing and presentation","2/90",0.0449617118829638,0.0971966418646424,0,0,6.17590286425903,19.1573048246926,"HSPA8;HSP90AB1","L5","VehicleVsPCB_in_HETs"
"Pathways in cancer","5/535",0.0504294603712124,0.107436676443018,0,0,2.61388140161725,7.80813357482706,"HSP90AB1;GNAS;CYCS;CALM1;CALM2","L5","VehicleVsPCB_in_HETs"
"Phosphatidylinositol signaling system","2/98",0.0523548893251235,0.109945267582759,0,0,5.65896118721461,16.6922941159295,"CALM1;CALM2","L5","VehicleVsPCB_in_HETs"
"Ras signaling pathway","3/233",0.0572111915153262,0.118451340179619,0,0,3.5679347826087,10.2078819068047,"PAK1;CALM1;CALM2","L5","VehicleVsPCB_in_HETs"
"Toxoplasmosis","2/108",0.0621556496579175,0.126901118051582,0,0,5.12251227707418,14.2309208262493,"HSPA8;CYCS","L5","VehicleVsPCB_in_HETs"
"Neurotrophin signaling pathway","2/121",0.0757378564030841,0.152513217688402,0,0,4.55991711753194,11.7667619685162,"CALM1;CALM2","L5","VehicleVsPCB_in_HETs"
"Lysosome","2/124",0.0789960108347075,0.156924508009486,0,0,4.44711430496295,11.2883678329498,"CLTA;ATP6V0C","L5","VehicleVsPCB_in_HETs"
"Endocytosis","3/269",0.0803167561820297,0.157420842116778,0,0,3.07941729323308,7.76560373437684,"HSPA8;UBB;CLTA","L5","VehicleVsPCB_in_HETs"
"Apelin signaling pathway","2/138",0.0947539407521392,0.181911219210932,0,0,3.9865028203062,9.39408165539846,"CALM1;CALM2","L5","VehicleVsPCB_in_HETs"
"Insulin signaling pathway","2/139",0.0959121851144226,0.181911219210932,0,0,3.95720427957204,9.27696201876669,"CALM1;CALM2","L5","VehicleVsPCB_in_HETs"
"Collecting duct acid secretion","1/27",0.0965243203976376,0.181911219210932,0,0,10.3425155925156,24.1803906251823,"ATP6V0C","L5","VehicleVsPCB_in_HETs"
"Measles","2/144",0.101764066221411,0.189358452336043,0,0,3.8169014084507,8.72199461914435,"HSPA8;CYCS","L5","VehicleVsPCB_in_HETs"
"Fatty acid elongation","1/29",0.103296966374445,0.189808175713042,0,0,9.60279922779923,21.7997684554537,"TECR","L5","VehicleVsPCB_in_HETs"
"Retrograde endocannabinoid signaling","2/150",0.10891381537976,0.197230106797828,0,0,3.66105146242133,8.11727742319173,"NDUFA6;NDUFS7","L5","VehicleVsPCB_in_HETs"
"Glyoxylate and dicarboxylate metabolism","1/31",0.110019515356612,0.197230106797828,0,0,8.96171171171171,19.7793716633377,"MDH1","L5","VehicleVsPCB_in_HETs"
"Biosynthesis of unsaturated fatty acids","1/32",0.113362117833025,0.198383706207793,0,0,8.67218831734961,18.8808109067187,"TECR","L5","VehicleVsPCB_in_HETs"
"Citrate cycle (TCA cycle)","1/32",0.113362117833025,0.198383706207793,0,0,8.67218831734961,18.8808109067187,"MDH1","L5","VehicleVsPCB_in_HETs"
"Hepatitis C","2/160",0.121114689056003,0.209457168132147,0,0,3.42760534073175,7.23573430507887,"CYCS;YWHAH","L5","VehicleVsPCB_in_HETs"
"Protein processing in endoplasmic reticulum","2/163",0.124839132860995,0.213387820122863,0,0,3.36322641027823,6.99796375998247,"HSPA8;HSP90AB1","L5","VehicleVsPCB_in_HETs"
"Tight junction","2/167",0.12984791655741,0.216905042431129,0,0,3.28102947281029,6.69786530299726,"ACTB;ACTG1","L5","VehicleVsPCB_in_HETs"
"RNA transport","2/167",0.12984791655741,0.216905042431129,0,0,3.28102947281029,6.69786530299726,"CYFIP2;EIF1","L5","VehicleVsPCB_in_HETs"
"Aldosterone-regulated sodium reabsorption","1/38",0.133159177056584,0.217493322525754,0,0,7.26369612856099,14.6451371084318,"ATP1B1","L5","VehicleVsPCB_in_HETs"
"Pyruvate metabolism","1/38",0.133159177056584,0.217493322525754,0,0,7.26369612856099,14.6451371084318,"MDH1","L5","VehicleVsPCB_in_HETs"
"Hepatocellular carcinoma","2/171",0.134903376778268,0.217920839411048,0,0,3.20272351463079,6.41568448490903,"ACTB;ACTG1","L5","VehicleVsPCB_in_HETs"
"Ferroptosis","1/40",0.139660775543874,0.223153630488581,0,0,6.89050589050589,13.5642283934309,"FTH1","L5","VehicleVsPCB_in_HETs"
"Axon guidance","2/180",0.146436201498844,0.231057788534635,0,0,3.0394028012929,5.83919558976666,"PAK1;CFL1","L5","VehicleVsPCB_in_HETs"
"Vasopressin-regulated water reabsorption","1/43",0.149323060617621,0.231057788534635,0,0,6.39736164736165,12.1654988147298,"GNAS","L5","VehicleVsPCB_in_HETs"
"Carbohydrate digestion and absorption","1/43",0.149323060617621,0.231057788534635,0,0,6.39736164736165,12.1654988147298,"ATP1B1","L5","VehicleVsPCB_in_HETs"
"Ether lipid metabolism","1/47",0.162039734957786,0.24812334415411,0,0,5.83989424206815,10.628103516131,"PAFAH1B1","L5","VehicleVsPCB_in_HETs"
"Cocaine addiction","1/48",0.165189483287278,0.250338701476597,0,0,5.71535365152386,10.2914205964336,"GNAS","L5","VehicleVsPCB_in_HETs"
"Cholesterol metabolism","1/49",0.168327549526885,0.252037345367473,0,0,5.59600225225225,9.97120022915206,"VDAC1","L5","VehicleVsPCB_in_HETs"
"Arginine and proline metabolism","1/50",0.171453976440458,0.252037345367473,0,0,5.4815223386652,9.66633798573148,"CKB","L5","VehicleVsPCB_in_HETs"
"Cysteine and methionine metabolism","1/50",0.171453976440458,0.252037345367473,0,0,5.4815223386652,9.66633798573148,"MDH1","L5","VehicleVsPCB_in_HETs"
"Amyotrophic lateral sclerosis (ALS)","1/52",0.177672082461433,0.258587520641444,0,0,5.26603073661897,9.09873037830949,"CYCS","L5","VehicleVsPCB_in_HETs"
"NOD-like receptor signaling pathway","2/205",0.179428075547125,0.258587520641444,0,0,2.66171806464674,4.57278064901142,"HSP90AB1;VDAC1","L5","VehicleVsPCB_in_HETs"
"Regulation of lipolysis in adipocytes","1/56",0.189970486148674,0.271122926833544,0,0,4.88206388206388,8.10855426211303,"GNAS","L5","VehicleVsPCB_in_HETs"
"Ovarian steroidogenesis","1/57",0.193016621631011,0.272821570959217,0,0,4.79464285714286,7.88708667511002,"GNAS","L5","VehicleVsPCB_in_HETs"
"Long-term depression","1/61",0.205088547600307,0.28712396664043,0,0,4.4740990990991,7.08837539539336,"GNAS","L5","VehicleVsPCB_in_HETs"
"Mitophagy","1/63",0.211057516597305,0.291329468380076,0,0,4.32933740191805,6.73482373011062,"UBB","L5","VehicleVsPCB_in_HETs"
"Viral carcinogenesis","2/229",0.212056143650804,0.291329468380076,0,0,2.37740631223221,3.68712946049354,"HDAC9;YWHAH","L5","VehicleVsPCB_in_HETs"
"Glycolysis / Gluconeogenesis","1/67",0.222863094962994,0.303341434810742,0,0,4.06613431613432,6.10407115791303,"GAPDH","L5","VehicleVsPCB_in_HETs"
"Renal cell carcinoma","1/68",0.225787149721638,0.304501935863126,0,0,4.00524405002017,5.96045415434253,"PAK1","L5","VehicleVsPCB_in_HETs"
"Cortisol synthesis and secretion","1/69",0.228700348546935,0.305626829421813,0,0,3.94614467408585,5.82191555621412,"GNAS","L5","VehicleVsPCB_in_HETs"
"Human T-cell leukemia virus 1 infection","2/245",0.234130074180294,0.307773817915984,0,0,2.21906533626473,3.22181313087676,"VDAC1;SLC25A4","L5","VehicleVsPCB_in_HETs"
"p53 signaling pathway","1/71",0.234494337459798,0.307773817915984,0,0,3.83301158301158,5.55910807277952,"CYCS","L5","VehicleVsPCB_in_HETs"
"ErbB signaling pathway","1/84",0.271122321528605,0.349605098813201,0,0,3.23054379680886,4.21645791596358,"PAK1","L5","VehicleVsPCB_in_HETs"
"Rheumatoid arthritis","1/84",0.271122321528605,0.349605098813201,0,0,3.23054379680886,4.21645791596358,"ATP6V0C","L5","VehicleVsPCB_in_HETs"
"Gap junction","1/86",0.276601753143591,0.35356919749659,0,0,3.15421303656598,4.05372053865839,"GNAS","L5","VehicleVsPCB_in_HETs"
"Colorectal cancer","1/88",0.282040537593283,0.355712486078661,0,0,3.08139173656415,3.90013128876409,"CYCS","L5","VehicleVsPCB_in_HETs"
"Progesterone-mediated oocyte maturation","1/90",0.287438972224247,0.355712486078661,0,0,3.01184330397814,3.75499971201,"HSP90AB1","L5","VehicleVsPCB_in_HETs"
"Protein digestion and absorption","1/90",0.287438972224247,0.355712486078661,0,0,3.01184330397814,3.75499971201,"ATP1B1","L5","VehicleVsPCB_in_HETs"
"IL-17 signaling pathway","1/91",0.29012315080615,0.355712486078661,0,0,2.97822822822823,3.68540789020562,"HSP90AB1","L5","VehicleVsPCB_in_HETs"
"Morphine addiction","1/92",0.292797352486517,0.355712486078661,0,0,2.94535194535194,3.61770080284077,"GNAS","L5","VehicleVsPCB_in_HETs"
"Small cell lung cancer","1/92",0.292797352486517,0.355712486078661,0,0,2.94535194535194,3.61770080284077,"CYCS","L5","VehicleVsPCB_in_HETs"
"MAPK signaling pathway","2/294",0.302218602459109,0.364148643946631,0,0,1.8420904484894,2.20425404106732,"HSPA8;PAK1","L5","VehicleVsPCB_in_HETs"
"Prostate cancer","1/97",0.306019983922236,0.365731200297306,0,0,2.79124436936937,3.30512605734575,"HSP90AB1","L5","VehicleVsPCB_in_HETs"
"T cell receptor signaling pathway","1/101",0.316422202118208,0.372165063342879,0,0,2.67905405405405,3.08272822460793,"PAK1","L5","VehicleVsPCB_in_HETs"
"Th17 cell differentiation","1/102",0.318998625722467,0.372165063342879,0,0,2.65239496922665,3.03054289971873,"HSP90AB1","L5","VehicleVsPCB_in_HETs"
"Longevity regulating pathway","1/102",0.318998625722467,0.372165063342879,0,0,2.65239496922665,3.03054289971873,"HSPA8","L5","VehicleVsPCB_in_HETs"
"Chagas disease (American trypanosomiasis)","1/103",0.321565467668248,0.372205698797106,0,0,2.62625861155273,2.97963253867996,"GNAS","L5","VehicleVsPCB_in_HETs"
"HIF-1 signaling pathway","1/104",0.324122763089818,0.372234735735963,0,0,2.60062975596956,2.92995513879093,"GAPDH","L5","VehicleVsPCB_in_HETs"
"Amoebiasis","1/106",0.329208854582477,0.375118806697086,0,0,2.55083655083655,2.83413988944123,"GNAS","L5","VehicleVsPCB_in_HETs"
"Parathyroid hormone synthesis, secretion and action","1/107",0.331737720208307,0.375118806697086,0,0,2.5266445690974,2.78792645468183,"GNAS","L5","VehicleVsPCB_in_HETs"
"Glutamatergic synapse","1/114",0.349178304754126,0.391826036632492,0,0,2.36928964362593,2.49290160982746,"GNAS","L5","VehicleVsPCB_in_HETs"
"Natural killer cell mediated cytotoxicity","1/118",0.358941905347299,0.399730758227674,0,0,2.28782628782629,2.34409475110497,"PAK1","L5","VehicleVsPCB_in_HETs"
"Cell cycle","1/123",0.37094338153819,0.409990053279053,0,0,2.19350908285335,2.175315764115,"YWHAH","L5","VehicleVsPCB_in_HETs"
"PI3K-Akt signaling pathway","2/357",0.388123009179196,0.417687240765956,0,0,1.5103222072159,1.42941871053881,"HSP90AB1;YWHAH","L5","VehicleVsPCB_in_HETs"
"Relaxin signaling pathway","1/131",0.389686200719922,0.417687240765956,0,0,2.05769230769231,1.93919696284881,"GNAS","L5","VehicleVsPCB_in_HETs"
"Serotonergic synapse","1/132",0.391989962980387,0.417687240765956,0,0,2.04188157623272,1.91226098206414,"GNAS","L5","VehicleVsPCB_in_HETs"
"Spliceosome","1/132",0.391989962980387,0.417687240765956,0,0,2.04188157623272,1.91226098206414,"HSPA8","L5","VehicleVsPCB_in_HETs"
"Human papillomavirus infection","2/360",0.392114552555795,0.417687240765956,0,0,1.49743628989056,1.40190173533616,"GNAS;ATP6V0C","L5","VehicleVsPCB_in_HETs"
"Phospholipase D signaling pathway","1/149",0.429866476928295,0.454606993586038,0,0,1.80578889700511,1.52459260076904,"GNAS","L5","VehicleVsPCB_in_HETs"
"Cushing syndrome","1/159",0.451049080746893,0.473601534784237,0,0,1.69064317482039,1.34605479332114,"GNAS","L5","VehicleVsPCB_in_HETs"
"Hepatitis B","1/163",0.459302990159861,0.47884779825177,0,0,1.64856523189857,1.28265822833626,"CYCS","L5","VehicleVsPCB_in_HETs"
"Cell adhesion molecules (CAMs)","1/170",0.473453707870573,0.490124613077283,0,0,1.57972173356789,1.18115973630742,"NEGR1","L5","VehicleVsPCB_in_HETs"
"Transcriptional misregulation in cancer","1/183",0.498770900228848,0.512722533801683,0,0,1.46591921591922,1.01970572974847,"TSPAN7","L5","VehicleVsPCB_in_HETs"
"Chemokine signaling pathway","1/197",0.524693134213585,0.535624241176368,0,0,1.36024544953116,0.8772790038517,"PAK1","L5","VehicleVsPCB_in_HETs"
"Epstein-Barr virus infection","1/229",0.579080417437414,0.587067733539999,0,0,1.16743717401612,0.637787179863454,"CYCS","L5","VehicleVsPCB_in_HETs"
"Herpes simplex virus 1 infection","1/433",0.806921273910907,0.812448131951392,0,0,0.609766016016016,0.130812596995872,"CYCS","L5","VehicleVsPCB_in_HETs"
"Olfactory transduction","2/1133",0.930989393489648,0.930989393489648,0,0,0.455264464711796,0.0325547756206566,"CALM1;CALM2","L5","VehicleVsPCB_in_HETs"
"Salivary secretion","3/78",7.21462810785762e-05,0.00548311736197179,0,0,44.2311111111111,421.82391587765,"ATP2B1;ATP1B1;CALM2","L6","VehicleVsPCB_in_HETs"
"Aldosterone synthesis and secretion","3/102",0.000160215278313091,0.00608818057589746,0,0,33.4680134680135,292.476707228541,"ATP2B1;ATP1B1;CALM2","L6","VehicleVsPCB_in_HETs"
"Adrenergic signaling in cardiomyocytes","3/148",0.00047889026959515,0.0121318868297438,0,0,22.7977011494253,174.266518270996,"ATP2B1;ATP1B1;CALM2","L6","VehicleVsPCB_in_HETs"
"cGMP-PKG signaling pathway","3/172",0.000741731165912625,0.0140928921523399,0,0,19.5364891518738,140.790171902914,"ATP2B1;ATP1B1;CALM2","L6","VehicleVsPCB_in_HETs"
"Mineral absorption","2/44",0.000967263553336865,0.0147024060107204,0,0,49.9674185463659,346.825828453865,"ATP2B1;ATP1B1","L6","VehicleVsPCB_in_HETs"
"cAMP signaling pathway","3/211",0.00133812824947722,0.016371031982097,0,0,15.8421474358974,104.819306642758,"ATP2B1;ATP1B1;CALM2","L6","VehicleVsPCB_in_HETs"
"Endocrine and other factor-regulated calcium reabsorption","2/55",0.00150785820887736,0.016371031982097,0,0,39.5749751737835,257.121187650978,"ATP2B1;ATP1B1","L6","VehicleVsPCB_in_HETs"
"Gastric acid secretion","2/74",0.00270985246737594,0.0257435984400715,0,0,29.1038011695906,172.028525777977,"ATP1B1;CALM2","L6","VehicleVsPCB_in_HETs"
"Pancreatic secretion","2/105",0.00537176106825289,0.045361537909691,0,0,20.312723556464,106.166470348203,"ATP2B1;ATP1B1","L6","VehicleVsPCB_in_HETs"
"Estrogen signaling pathway","2/134",0.00860818692754561,0.0654222206493466,0,0,15.8269537480064,75.2578228437332,"HSPA8;CALM2","L6","VehicleVsPCB_in_HETs"
"Alzheimer disease","2/175",0.0143329617104969,0.0899978078072007,0,0,12.0511104350472,51.1592942340931,"GAPDH;CALM2","L6","VehicleVsPCB_in_HETs"
"Tuberculosis","2/178",0.0148020792282397,0.0899978078072007,0,0,11.8438995215311,49.8982020530043,"CALM2;ATP6V0C","L6","VehicleVsPCB_in_HETs"
"Transcriptional misregulation in cancer","2/183",0.0155986447655612,0.0899978078072007,0,0,11.5138121546961,47.9040357424091,"TSPAN7;CDK14","L6","VehicleVsPCB_in_HETs"
"Calcium signaling pathway","2/189",0.0165785435434317,0.0899978078072007,0,0,11.1410075992119,45.6741869873714,"ATP2B1;CALM2","L6","VehicleVsPCB_in_HETs"
"Kaposi sarcoma-associated herpesvirus infection","2/216",0.0213036977963518,0.107938735501516,0,0,9.72208558780128,37.4190884322225,"UBB;CALM2","L6","VehicleVsPCB_in_HETs"
"Proximal tubule bicarbonate reclamation","1/22",0.0228588048336812,0.108579322959986,0,0,47.5190476190476,179.546867822623,"ATP1B1","L6","VehicleVsPCB_in_HETs"
"Collecting duct acid secretion","1/27",0.027984153316514,0.118155314003059,0,0,38.3711538461538,137.219731051066,"ATP6V0C","L6","VehicleVsPCB_in_HETs"
"Phototransduction","1/27",0.027984153316514,0.118155314003059,0,0,38.3711538461538,137.219731051066,"CALM2","L6","VehicleVsPCB_in_HETs"
"Endocytosis","2/269",0.0319905469429491,0.127962187771796,0,0,7.77133845850581,26.7513936080084,"HSPA8;UBB","L6","VehicleVsPCB_in_HETs"
"Aldosterone-regulated sodium reabsorption","1/38",0.0391699503023248,0.148845811148834,0,0,26.9486486486486,87.3094553625357,"ATP1B1","L6","VehicleVsPCB_in_HETs"
"Carbohydrate digestion and absorption","1/43",0.0442137789372484,0.160011771391947,0,0,23.7345238095238,74.0213055620156,"ATP1B1","L6","VehicleVsPCB_in_HETs"
"Arginine and proline metabolism","1/50",0.0512327930672156,0.175227641042384,0,0,20.3367346938776,60.4280744540867,"CKB","L6","VehicleVsPCB_in_HETs"
"Legionellosis","1/58",0.0591944117085175,0.175227641042384,0,0,17.4754385964912,49.4018090986632,"HSPA8","L6","VehicleVsPCB_in_HETs"
"Mitophagy","1/63",0.0641380688592213,0.175227641042384,0,0,16.0620967741935,44.1180373714645,"UBB","L6","VehicleVsPCB_in_HETs"
"Long-term potentiation","1/67",0.0680751716652814,0.175227641042384,0,0,15.0856060606061,40.537176483196,"CALM2","L6","VehicleVsPCB_in_HETs"
"Glycolysis / Gluconeogenesis","1/67",0.0680751716652814,0.175227641042384,0,0,15.0856060606061,40.537176483196,"GAPDH","L6","VehicleVsPCB_in_HETs"
"Amphetamine addiction","1/68",0.0690569798213239,0.175227641042384,0,0,14.8597014925373,39.7173566872053,"CALM2","L6","VehicleVsPCB_in_HETs"
"Bile secretion","1/72",0.0729743704052392,0.175227641042384,0,0,14.0197183098592,36.6986734319212,"ATP1B1","L6","VehicleVsPCB_in_HETs"
"Thyroid hormone synthesis","1/73",0.0739512622360922,0.175227641042384,0,0,13.8243055555556,36.0033166422917,"ATP1B1","L6","VehicleVsPCB_in_HETs"
"Glioma","1/75",0.0759021054679521,0.175227641042384,0,0,13.4493243243243,34.6765388970083,"CALM2","L6","VehicleVsPCB_in_HETs"
"Pertussis","1/76",0.0768760587319411,0.175227641042384,0,0,13.2693333333333,34.0432811877268,"CALM2","L6","VehicleVsPCB_in_HETs"
"Renin secretion","1/76",0.0768760587319411,0.175227641042384,0,0,13.2693333333333,34.0432811877268,"CALM2","L6","VehicleVsPCB_in_HETs"
"Synaptic vesicle cycle","1/77",0.0778490343477394,0.175227641042384,0,0,13.0940789473684,33.4289712293932,"ATP6V0C","L6","VehicleVsPCB_in_HETs"
"Cardiac muscle contraction","1/78",0.0788210332404005,0.175227641042384,0,0,12.9233766233766,32.8328127141317,"ATP1B1","L6","VehicleVsPCB_in_HETs"
"Rheumatoid arthritis","1/84",0.0846325675053562,0.175227641042384,0,0,11.9855421686747,29.597530842061,"ATP6V0C","L6","VehicleVsPCB_in_HETs"
"Insulin secretion","1/86",0.0865619739356447,0.175227641042384,0,0,11.7023529411765,28.6344249199911,"ATP1B1","L6","VehicleVsPCB_in_HETs"
"Antigen processing and presentation","1/90",0.0904091737202407,0.175227641042384,0,0,11.1741573033708,26.8560762367424,"HSPA8","L6","VehicleVsPCB_in_HETs"
"Protein digestion and absorption","1/90",0.0904091737202407,0.175227641042384,0,0,11.1741573033708,26.8560762367424,"ATP1B1","L6","VehicleVsPCB_in_HETs"
"GnRH signaling pathway","1/90",0.0904091737202407,0.175227641042384,0,0,11.1741573033708,26.8560762367424,"CALM2","L6","VehicleVsPCB_in_HETs"
"Phosphatidylinositol signaling system","1/98",0.0980573273541831,0.175227641042384,0,0,10.2484536082474,23.7989896974176,"CALM2","L6","VehicleVsPCB_in_HETs"
"Circadian entrainment","1/99",0.0990090289156654,0.175227641042384,0,0,10.1433673469388,23.456985649575,"CALM2","L6","VehicleVsPCB_in_HETs"
"Melanogenesis","1/100",0.0999597740324998,0.175227641042384,0,0,10.040404040404,23.1229243332888,"CALM2","L6","VehicleVsPCB_in_HETs"
"Longevity regulating pathway","1/102",0.101858398646616,0.175227641042384,0,0,9.84059405940594,22.4776062527697,"HSPA8","L6","VehicleVsPCB_in_HETs"
"Glucagon signaling pathway","1/102",0.101858398646616,0.175227641042384,0,0,9.84059405940594,22.4776062527697,"CALM2","L6","VehicleVsPCB_in_HETs"
"HIF-1 signaling pathway","1/104",0.103753208511938,0.175227641042384,0,0,9.64854368932039,21.8610932594627,"GAPDH","L6","VehicleVsPCB_in_HETs"
"Toxoplasmosis","1/108",0.107531413032235,0.175496985412814,0,0,9.28598130841121,20.7074807232179,"HSPA8","L6","VehicleVsPCB_in_HETs"
"C-type lectin receptor signaling pathway","1/112",0.111294445711692,0.175496985412814,0,0,8.94954954954955,19.6494155368883,"CALM2","L6","VehicleVsPCB_in_HETs"
"Thyroid hormone signaling pathway","1/115",0.114106798519442,0.175496985412814,0,0,8.71271929824561,18.9120065969308,"ATP1B1","L6","VehicleVsPCB_in_HETs"
"Oocyte meiosis","1/116",0.115042364407704,0.175496985412814,0,0,8.63652173913044,18.6760881690678,"CALM2","L6","VehicleVsPCB_in_HETs"
"Neurotrophin signaling pathway","1/121",0.119706096603844,0.175496985412814,0,0,8.27458333333333,17.5645882451503,"CALM2","L6","VehicleVsPCB_in_HETs"
"Lysosome","1/124",0.122493090359722,0.175496985412814,0,0,8.07154471544716,16.9478277324641,"ATP6V0C","L6","VehicleVsPCB_in_HETs"
"Inflammatory mediator regulation of TRP channels","1/127",0.125271679524858,0.175496985412814,0,0,7.8781746031746,16.3650994132258,"CALM2","L6","VehicleVsPCB_in_HETs"
"Spliceosome","1/132",0.129884049827347,0.175496985412814,0,0,7.57557251908397,15.4626006945476,"HSPA8","L6","VehicleVsPCB_in_HETs"
"Oxidative phosphorylation","1/134",0.131722504633898,0.175496985412814,0,0,7.4609022556391,15.1236801632219,"ATP6V0C","L6","VehicleVsPCB_in_HETs"
"Dopaminergic synapse","1/135",0.13264034416059,0.175496985412814,0,0,7.40485074626866,14.9586426078857,"CALM2","L6","VehicleVsPCB_in_HETs"
"Apelin signaling pathway","1/138",0.135388321831354,0.175496985412814,0,0,7.24160583941606,14.4803742121679,"CALM2","L6","VehicleVsPCB_in_HETs"
"Insulin signaling pathway","1/139",0.136302470360099,0.175496985412814,0,0,7.18876811594203,14.3263436914817,"CALM2","L6","VehicleVsPCB_in_HETs"
"Vascular smooth muscle contraction","1/140",0.137215698348518,0.175496985412814,0,0,7.13669064748201,14.1749031768319,"CALM2","L6","VehicleVsPCB_in_HETs"
"Fluid shear stress and atherosclerosis","1/143",0.139949867874512,0.175496985412814,0,0,6.98485915492958,13.7355230169283,"CALM2","L6","VehicleVsPCB_in_HETs"
"Measles","1/144",0.14085942250239,0.175496985412814,0,0,6.93566433566434,13.5938527816648,"HSPA8","L6","VehicleVsPCB_in_HETs"
"Parkinson disease","1/144",0.14085942250239,0.175496985412814,0,0,6.93566433566434,13.5938527816648,"UBB","L6","VehicleVsPCB_in_HETs"
"Oxytocin signaling pathway","1/154",0.149904724979641,0.183754179007301,0,0,6.47908496732026,12.2957181824627,"CALM2","L6","VehicleVsPCB_in_HETs"
"Protein processing in endoplasmic reticulum","1/163",0.157967887813473,0.190564436092443,0,0,6.11635802469136,11.2869039024538,"HSPA8","L6","VehicleVsPCB_in_HETs"
"Influenza A","1/168",0.162415895462553,0.191974626410073,0,0,5.93173652694611,10.7814945197071,"HSPA8","L6","VehicleVsPCB_in_HETs"
"Ribosome","1/170",0.164188825219142,0.191974626410073,0,0,5.86094674556213,10.5891960228435,"RPS28","L6","VehicleVsPCB_in_HETs"
"Phagosome","1/180",0.172999994091333,0.199212114408202,0,0,5.53072625698324,9.70345855559841,"ATP6V0C","L6","VehicleVsPCB_in_HETs"
"Cellular senescence","1/185",0.177372334652118,0.201198469157626,0,0,5.37907608695652,9.30313452443693,"CALM2","L6","VehicleVsPCB_in_HETs"
"Alcoholism","1/199",0.189498071208615,0.21179196193904,0,0,4.99520202020202,8.30890131762939,"CALM2","L6","VehicleVsPCB_in_HETs"
"Rap1 signaling pathway","1/209",0.198054885690826,0.218147410326127,0,0,4.75264423076923,7.69553422742483,"CALM2","L6","VehicleVsPCB_in_HETs"
"Ras signaling pathway","1/233",0.218241602001155,0.236948025029825,0,0,4.25581896551724,6.47800574945698,"CALM2","L6","VehicleVsPCB_in_HETs"
"Human immunodeficiency virus 1 infection","1/238",0.222385810175101,0.238046782722643,0,0,4.16497890295359,6.26138572227583,"CALM2","L6","VehicleVsPCB_in_HETs"
"Human cytomegalovirus infection","1/255",0.236320175341825,0.249449073971926,0,0,3.88287401574803,5.60130870907828,"CALM2","L6","VehicleVsPCB_in_HETs"
"MAPK signaling pathway","1/294",0.267394215327303,0.278383018696918,0,0,3.35938566552901,4.43113466550533,"HSPA8","L6","VehicleVsPCB_in_HETs"
"Human papillomavirus infection","1/360",0.3172559391246,0.325830423965806,0,0,2.73259052924791,3.13714086164766,"ATP6V0C","L6","VehicleVsPCB_in_HETs"
"Pathways in cancer","1/535",0.434298004785564,0.440088644849371,0,0,1.82069288389513,1.51850216907996,"CALM2","L6","VehicleVsPCB_in_HETs"
"Olfactory transduction","1/1133",0.706331592420001,0.706331592420001,0,0,0.832464664310954,0.289423384515976,"CALM2","L6","VehicleVsPCB_in_HETs"
"Estrogen signaling pathway","5/134",1.88517454388581e-05,0.00203598850739667,0,0,17.4612403100775,189.959175425778,"HSPA8;GABBR1;HSP90AB1;CALM1;HSP90B1","Lamp5","VehicleVsPCB_in_HETs"
"Alzheimer disease","4/175",0.000882730541069369,0.0355439824441872,0,0,10.2820012995452,72.3080771482531,"RTN3;ATP5F1;CALM1;GAPDH","Lamp5","VehicleVsPCB_in_HETs"
"Insulin secretion","3/86",0.00122602470850021,0.0355439824441872,0,0,15.6113148245155,104.657915629419,"RYR2;RAB3A;ATP1B1","Lamp5","VehicleVsPCB_in_HETs"
"Proximal tubule bicarbonate reclamation","2/22",0.00131644379422915,0.0355439824441872,0,0,42.4063829787234,281.273959143743,"MDH1;ATP1B1","Lamp5","VehicleVsPCB_in_HETs"
"cAMP signaling pathway","4/211",0.0017595665640914,0.0380066377843743,0,0,8.47836822329576,53.7756424450862,"RYR2;GABBR1;ATP1B1;CALM1","Lamp5","VehicleVsPCB_in_HETs"
"Fluid shear stress and atherosclerosis","3/143",0.00518535779101488,0.0770005886525764,0,0,9.22872670807453,48.5607887362404,"HSP90AB1;CALM1;HSP90B1","Lamp5","VehicleVsPCB_in_HETs"
"Mineral absorption","2/44",0.00520926012807833,0.0770005886525764,0,0,20.1712259371834,106.046537971634,"FTH1;ATP1B1","Lamp5","VehicleVsPCB_in_HETs"
"Adrenergic signaling in cardiomyocytes","3/148",0.00570374730759825,0.0770005886525764,0,0,8.90824587706147,46.0256273015451,"RYR2;ATP1B1;CALM1","Lamp5","VehicleVsPCB_in_HETs"
"Protein processing in endoplasmic reticulum","3/163",0.00744124784480154,0.0892949741376184,0,0,8.06698369565217,39.5340019024615,"HSPA8;HSP90AB1;HSP90B1","Lamp5","VehicleVsPCB_in_HETs"
"Necroptosis","3/176",0.00917485590948313,0.0990884438224178,0,0,7.45589344056296,34.9777478248751,"HSP90AB1;FTH1;PPIA","Lamp5","VehicleVsPCB_in_HETs"
"Thyroid hormone synthesis","2/73",0.0138338080227848,0.112937910113928,0,0,11.9148936170213,51.0033681407926,"ATP1B1;HSP90B1","Lamp5","VehicleVsPCB_in_HETs"
"Gastric acid secretion","2/74",0.0141960608091488,0.112937910113928,0,0,11.7488179669031,49.988762134326,"ATP1B1;CALM1","Lamp5","VehicleVsPCB_in_HETs"
"Synaptic vesicle cycle","2/77",0.0153073111208605,0.112937910113928,0,0,11.2771631205674,47.1320542463176,"RAB3A;ATP6V0C","Lamp5","VehicleVsPCB_in_HETs"
"Cardiac muscle contraction","2/78",0.0156858208491566,0.112937910113928,0,0,11.1282194848824,46.2377308753051,"RYR2;ATP1B1","Lamp5","VehicleVsPCB_in_HETs"
"Salivary secretion","2/78",0.0156858208491566,0.112937910113928,0,0,11.1282194848824,46.2377308753051,"ATP1B1;CALM1","Lamp5","VehicleVsPCB_in_HETs"
"Antigen processing and presentation","2/90",0.0205348331635039,0.133182202734358,0,0,9.60493230174081,37.3212386112853,"HSPA8;HSP90AB1","Lamp5","VehicleVsPCB_in_HETs"
"IL-17 signaling pathway","2/91",0.0209638652452231,0.133182202734358,0,0,9.49653358833373,36.7036752215832,"HSP90AB1;HSP90B1","Lamp5","VehicleVsPCB_in_HETs"
"Prostate cancer","2/97",0.0236159583477045,0.139429067565038,0,0,8.89406494960806,33.3156783840422,"HSP90AB1;HSP90B1","Lamp5","VehicleVsPCB_in_HETs"
"Circadian entrainment","2/99",0.0245291878123679,0.139429067565038,0,0,8.70980478175038,32.295011388942,"RYR2;CALM1","Lamp5","VehicleVsPCB_in_HETs"
"Aldosterone synthesis and secretion","2/102",0.0259258637518775,0.139999664260139,0,0,8.44723404255319,30.8536423594685,"ATP1B1;CALM1","Lamp5","VehicleVsPCB_in_HETs"
"Pancreatic secretion","2/105",0.0273542709107047,0.140679107540767,0,0,8.19995868622185,29.5106886750441,"RYR2;ATP1B1","Lamp5","VehicleVsPCB_in_HETs"
"Oocyte meiosis","2/116",0.032854899137961,0.161287686677263,0,0,7.40462859275849,25.2916522965417,"CALM1;YWHAG","Lamp5","VehicleVsPCB_in_HETs"
"Spliceosome","2/132",0.0415538783891098,0.186934659442279,0,0,6.48805237315876,20.6369661393491,"HSPA8;DDX5","Lamp5","VehicleVsPCB_in_HETs"
"Oxidative phosphorylation","2/134",0.0426962874820762,0.186934659442279,0,0,6.38910380399742,20.1489544475506,"ATP5F1;ATP6V0C","Lamp5","VehicleVsPCB_in_HETs"
"Dopaminergic synapse","2/135",0.043271911907935,0.186934659442279,0,0,6.34074548072308,19.9115357617953,"CALM1;SCN1A","Lamp5","VehicleVsPCB_in_HETs"
"Apelin signaling pathway","2/138",0.0450162586142552,0.186990612705368,0,0,6.19993742177722,19.2243415836767,"RYR2;CALM1","Lamp5","VehicleVsPCB_in_HETs"
"Oxytocin signaling pathway","2/154",0.0547450484630088,0.218980193852035,0,0,5.54283314669653,16.1023091626844,"RYR2;CALM1","Lamp5","VehicleVsPCB_in_HETs"
"PI3K-Akt signaling pathway","3/357",0.0569011226837695,0.219475758923111,0,0,3.61035372144436,10.3488630694437,"HSP90AB1;YWHAG;HSP90B1","Lamp5","VehicleVsPCB_in_HETs"
"Collecting duct acid secretion","1/27",0.0641256214892022,0.220525802295924,0,0,15.9655448717949,43.8559353587322,"ATP6V0C","Lamp5","VehicleVsPCB_in_HETs"
"Phototransduction","1/27",0.0641256214892022,0.220525802295924,0,0,15.9655448717949,43.8559353587322,"CALM1","Lamp5","VehicleVsPCB_in_HETs"
"cGMP-PKG signaling pathway","2/172",0.0664854373862935,0.220525802295924,0,0,4.9514392991239,13.4222247050267,"ATP1B1;CALM1","Lamp5","VehicleVsPCB_in_HETs"
"Fatty acid elongation","1/29",0.0687120775442855,0.220525802295924,0,0,14.8236607142857,39.6952477283687,"TECR","Lamp5","VehicleVsPCB_in_HETs"
"Tuberculosis","2/178",0.070571095200119,0.220525802295924,0,0,4.78118955512573,12.6755772248779,"CALM1;ATP6V0C","Lamp5","VehicleVsPCB_in_HETs"
"Glyoxylate and dicarboxylate metabolism","1/31",0.0732765135248936,0.220525802295924,0,0,13.8340277777778,36.1554410055602,"MDH1","Lamp5","VehicleVsPCB_in_HETs"
"Transcriptional misregulation in cancer","2/183",0.0740376032488283,0.220525802295924,0,0,4.64793699306454,12.0994266743139,"DDX5;TSPAN7","Lamp5","VehicleVsPCB_in_HETs"
"Biosynthesis of unsaturated fatty acids","1/32",0.075550506342122,0.220525802295924,0,0,13.3870967741935,34.5782536646951,"TECR","Lamp5","VehicleVsPCB_in_HETs"
"Citrate cycle (TCA cycle)","1/32",0.075550506342122,0.220525802295924,0,0,13.3870967741935,34.5782536646951,"MDH1","Lamp5","VehicleVsPCB_in_HETs"
"Calcium signaling pathway","2/189",0.0782688596985084,0.222448338090498,0,0,4.49743998179543,11.4577026540531,"RYR2;CALM1","Lamp5","VehicleVsPCB_in_HETs"
"Renin-angiotensin system","1/36",0.084591943599925,0.22906316874002,0,0,11.8547619047619,29.2802690236398,"LNPEP","Lamp5","VehicleVsPCB_in_HETs"
"Alcoholism","2/199",0.0854862631189246,0.22906316874002,0,0,4.26698347553732,10.4942173728228,"CALM1;HDAC9","Lamp5","VehicleVsPCB_in_HETs"
"Aldosterone-regulated sodium reabsorption","1/38",0.0890801211766744,0.22906316874002,0,0,11.2128378378378,27.1150983587047,"ATP1B1","Lamp5","VehicleVsPCB_in_HETs"
"Pyruvate metabolism","1/38",0.0890801211766744,0.22906316874002,0,0,11.2128378378378,27.1150983587047,"MDH1","Lamp5","VehicleVsPCB_in_HETs"
"Ferroptosis","1/40",0.0935467406593446,0.234954604446726,0,0,10.6367521367521,25.201593735032,"FTH1","Lamp5","VehicleVsPCB_in_HETs"
"Carbohydrate digestion and absorption","1/43",0.100206470140046,0.245961335798295,0,0,9.87549603174603,22.7188010187837,"ATP1B1","Lamp5","VehicleVsPCB_in_HETs"
"Viral carcinogenesis","2/229",0.108254747971897,0.259811395132552,0,0,3.69744118474084,8.2204028597735,"HDAC9;YWHAG","Lamp5","VehicleVsPCB_in_HETs"
"Arginine and proline metabolism","1/50",0.115559999022241,0.265542125412808,0,0,8.46173469387755,18.2601307935979,"CKB","Lamp5","VehicleVsPCB_in_HETs"
"Cysteine and methionine metabolism","1/50",0.115559999022241,0.265542125412808,0,0,8.46173469387755,18.2601307935979,"MDH1","Lamp5","VehicleVsPCB_in_HETs"
"Endocrine and other factor-regulated calcium reabsorption","1/55",0.126369380338241,0.284331105761042,0,0,7.67631172839506,15.8788044638135,"ATP1B1","Lamp5","VehicleVsPCB_in_HETs"
"Legionellosis","1/58",0.132792777972346,0.292686122877824,0,0,7.27119883040936,14.6802990453094,"HSPA8","Lamp5","VehicleVsPCB_in_HETs"
"Endocytosis","2/269",0.140755811774712,0.30275552030453,0,0,3.137142401785,6.15108521012158,"HSPA8;ASAP1","Lamp5","VehicleVsPCB_in_HETs"
"Pathways in cancer","3/535",0.14296788458825,0.30275552030453,0,0,2.38055737169009,4.630506075566,"HSP90AB1;CALM1;HSP90B1","Lamp5","VehicleVsPCB_in_HETs"
"Glycolysis / Gluconeogenesis","1/67",0.151786646946422,0.307743503417964,0,0,6.27683080808081,11.8335797109799,"GAPDH","Lamp5","VehicleVsPCB_in_HETs"
"Long-term potentiation","1/67",0.151786646946422,0.307743503417964,0,0,6.27683080808081,11.8335797109799,"CALM1","Lamp5","VehicleVsPCB_in_HETs"
"Amphetamine addiction","1/68",0.153871751708982,0.307743503417964,0,0,6.18283582089552,11.5720168965607,"CALM1","Lamp5","VehicleVsPCB_in_HETs"
"Arrhythmogenic right ventricular cardiomyopathy (ARVC)","1/72",0.162162075939326,0.311868879565659,0,0,5.83333333333333,10.6117606882222,"RYR2","Lamp5","VehicleVsPCB_in_HETs"
"Bile secretion","1/72",0.162162075939326,0.311868879565659,0,0,5.83333333333333,10.6117606882222,"ATP1B1","Lamp5","VehicleVsPCB_in_HETs"
"Glioma","1/75",0.168327549526885,0.311868879565659,0,0,5.59600225225225,9.97120022915206,"CALM1","Lamp5","VehicleVsPCB_in_HETs"
"Pertussis","1/76",0.170372813836795,0.311868879565659,0,0,5.52111111111111,9.77107594421846,"CALM1","Lamp5","VehicleVsPCB_in_HETs"
"Renin secretion","1/76",0.170372813836795,0.311868879565659,0,0,5.52111111111111,9.77107594421846,"CALM1","Lamp5","VehicleVsPCB_in_HETs"
"Rheumatoid arthritis","1/84",0.186558516726921,0.31525580362665,0,0,4.98694779116466,8.37313683908495,"ATP6V0C","Lamp5","VehicleVsPCB_in_HETs"
"Hypertrophic cardiomyopathy (HCM)","1/86",0.190556361783656,0.31525580362665,0,0,4.86911764705882,8.07205861329322,"RYR2","Lamp5","VehicleVsPCB_in_HETs"
"Fc gamma R-mediated phagocytosis","1/87",0.192548060176682,0.31525580362665,0,0,4.81225775193798,7.92775910407299,"ASAP1","Lamp5","VehicleVsPCB_in_HETs"
"Taste transduction","1/88",0.194534957602913,0.31525580362665,0,0,4.75670498084291,7.78740817211223,"GABBR1","Lamp5","VehicleVsPCB_in_HETs"
"Dilated cardiomyopathy (DCM)","1/90",0.198494394876039,0.31525580362665,0,0,4.64934456928839,7.51796420963938,"RYR2","Lamp5","VehicleVsPCB_in_HETs"
"GABAergic synapse","1/90",0.198494394876039,0.31525580362665,0,0,4.64934456928839,7.51796420963938,"GABBR1","Lamp5","VehicleVsPCB_in_HETs"
"GnRH signaling pathway","1/90",0.198494394876039,0.31525580362665,0,0,4.64934456928839,7.51796420963938,"CALM1","Lamp5","VehicleVsPCB_in_HETs"
"Progesterone-mediated oocyte maturation","1/90",0.198494394876039,0.31525580362665,0,0,4.64934456928839,7.51796420963938,"HSP90AB1","Lamp5","VehicleVsPCB_in_HETs"
"Protein digestion and absorption","1/90",0.198494394876039,0.31525580362665,0,0,4.64934456928839,7.51796420963938,"ATP1B1","Lamp5","VehicleVsPCB_in_HETs"
"Morphine addiction","1/92",0.202434763991246,0.316854413203689,0,0,4.5467032967033,7.26262012035433,"GABBR1","Lamp5","VehicleVsPCB_in_HETs"
"Phosphatidylinositol signaling system","1/98",0.214142359503524,0.323786510135102,0,0,4.26417525773196,6.57158127040772,"CALM1","Lamp5","VehicleVsPCB_in_HETs"
"Melanogenesis","1/100",0.21800735103248,0.323786510135102,0,0,4.17760942760943,6.36344537186664,"CALM1","Lamp5","VehicleVsPCB_in_HETs"
"Th17 cell differentiation","1/102",0.221853719907384,0.323786510135102,0,0,4.09447194719472,6.16519804404498,"HSP90AB1","Lamp5","VehicleVsPCB_in_HETs"
"Glucagon signaling pathway","1/102",0.221853719907384,0.323786510135102,0,0,4.09447194719472,6.16519804404498,"CALM1","Lamp5","VehicleVsPCB_in_HETs"
"Longevity regulating pathway","1/102",0.221853719907384,0.323786510135102,0,0,4.09447194719472,6.16519804404498,"HSPA8","Lamp5","VehicleVsPCB_in_HETs"
"HIF-1 signaling pathway","1/104",0.225681553965819,0.32498143771078,0,0,4.01456310679612,5.97620038885624,"GAPDH","Lamp5","VehicleVsPCB_in_HETs"
"Toxoplasmosis","1/108",0.233281967105983,0.33150595325587,0,0,3.86370716510903,5.62365436181004,"HSPA8","Lamp5","VehicleVsPCB_in_HETs"
"C-type lectin receptor signaling pathway","1/112",0.240809285250361,0.337758478013494,0,0,3.72372372372372,5.30165167504067,"CALM1","Lamp5","VehicleVsPCB_in_HETs"
"Thyroid hormone signaling pathway","1/115",0.246407219746513,0.341179227341326,0,0,3.62518274853801,5.07804632089202,"ATP1B1","Lamp5","VehicleVsPCB_in_HETs"
"Neurotrophin signaling pathway","1/121",0.257482053509444,0.350612697401829,0,0,3.44288194444444,4.67132031944237,"CALM1","Lamp5","VehicleVsPCB_in_HETs"
"Cell cycle","1/123",0.261138112436141,0.350612697401829,0,0,3.38609972677596,4.54653589556077,"YWHAG","Lamp5","VehicleVsPCB_in_HETs"
"Lysosome","1/124",0.262959523051372,0.350612697401829,0,0,3.35840108401084,4.48600158872408,"ATP6V0C","Lamp5","VehicleVsPCB_in_HETs"
"Inflammatory mediator regulation of TRP channels","1/127",0.268397404527793,0.353499020597581,0,0,3.27794312169312,4.31143448027524,"CALM1","Lamp5","VehicleVsPCB_in_HETs"
"Ubiquitin mediated proteolysis","1/138",0.288002112906996,0.370390309757375,0,0,3.01307785888078,3.75064154194114,"UBE2B","Lamp5","VehicleVsPCB_in_HETs"
"Insulin signaling pathway","1/139",0.289758624971442,0.370390309757375,0,0,2.99109299516908,3.70508792128728,"CALM1","Lamp5","VehicleVsPCB_in_HETs"
"Vascular smooth muscle contraction","1/140",0.291510891938675,0.370390309757375,0,0,2.96942446043165,3.66034393407123,"CALM1","Lamp5","VehicleVsPCB_in_HETs"
"Measles","1/144",0.298477709004454,0.370524052557253,0,0,2.88578088578089,3.48908231175343,"HSPA8","Lamp5","VehicleVsPCB_in_HETs"
"Parkinson disease","1/144",0.298477709004454,0.370524052557253,0,0,2.88578088578089,3.48908231175343,"ATP5F1","Lamp5","VehicleVsPCB_in_HETs"
"Hippo signaling pathway","1/159",0.32401061243338,0.395207258753684,0,0,2.6098364978903,2.94123095083316,"YWHAG","Lamp5","VehicleVsPCB_in_HETs"
"Hepatitis C","1/160",0.325680055824795,0.395207258753684,0,0,2.59329140461216,2.90925751945059,"YWHAG","Lamp5","VehicleVsPCB_in_HETs"
"RNA transport","1/167",0.337253602648243,0.402200308755271,0,0,2.48305722891566,2.69888481534566,"RANBP2","Lamp5","VehicleVsPCB_in_HETs"
"Influenza A","1/168",0.338891000895645,0.402200308755271,0,0,2.46806387225549,2.67063454499929,"HSPA8","Lamp5","VehicleVsPCB_in_HETs"
"Axon guidance","1/180",0.358233333402858,0.416012903306545,0,0,2.3012104283054,2.36235528217672,"ENAH","Lamp5","VehicleVsPCB_in_HETs"
"Phagosome","1/180",0.358233333402858,0.416012903306545,0,0,2.3012104283054,2.36235528217672,"ATP6V0C","Lamp5","VehicleVsPCB_in_HETs"
"Cellular senescence","1/185",0.366128023610995,0.420657729255186,0,0,2.23811141304348,2.24879216292242,"CALM1","Lamp5","VehicleVsPCB_in_HETs"
"Huntington disease","1/192",0.377020975446054,0.428613319454461,0,0,2.15532286212914,2.10241928846069,"ATP5F1","Lamp5","VehicleVsPCB_in_HETs"
"Proteoglycans in cancer","1/203",0.3937690190041,0.441760491202787,0,0,2.03681930693069,1.89829683042406,"DDX5","Lamp5","VehicleVsPCB_in_HETs"
"NOD-like receptor signaling pathway","1/205",0.396766367098799,0.441760491202787,0,0,2.01664624183007,1.8642032485817,"HSP90AB1","Lamp5","VehicleVsPCB_in_HETs"
"Rap1 signaling pathway","1/209",0.402717576221987,0.443811206448721,0,0,1.97746394230769,1.79854254234284,"CALM1","Lamp5","VehicleVsPCB_in_HETs"
"Kaposi sarcoma-associated herpesvirus infection","1/216",0.412994099834222,0.447603800342722,0,0,1.91240310077519,1.69118008179319,"CALM1","Lamp5","VehicleVsPCB_in_HETs"
"Regulation of actin cytoskeleton","1/217",0.414447963280298,0.447603800342722,0,0,1.90345293209877,1.67657629084223,"ENAH","Lamp5","VehicleVsPCB_in_HETs"
"Thermogenesis","1/231",0.434435445905353,0.462955431121257,0,0,1.78632246376812,1.48927117911386,"ATP5F1","Lamp5","VehicleVsPCB_in_HETs"
"Ras signaling pathway","1/233",0.437235684947854,0.462955431121257,0,0,1.77074353448276,1.46490585423666,"CALM1","Lamp5","VehicleVsPCB_in_HETs"
"Human immunodeficiency virus 1 infection","1/238",0.444176997613244,0.465738987788644,0,0,1.73294655414909,1.40634184762685,"CALM1","Lamp5","VehicleVsPCB_in_HETs"
"Human cytomegalovirus infection","1/255",0.467155878261206,0.485123412040483,0,0,1.61556758530184,1.22959603408574,"CALM1","Lamp5","VehicleVsPCB_in_HETs"
"MAPK signaling pathway","1/294",0.516412932316729,0.531167587525779,0,0,1.39775312855518,0.923703166152896,"HSPA8","Lamp5","VehicleVsPCB_in_HETs"
"Neuroactive ligand-receptor interaction","1/348",0.577322554627102,0.588215433016292,0,0,1.17699327569645,0.64658613878003,"GABBR1","Lamp5","VehicleVsPCB_in_HETs"
"Human papillomavirus infection","1/360",0.589800734244965,0.595312890639778,0,0,1.13695450324977,0.600278480417513,"ATP6V0C","Lamp5","VehicleVsPCB_in_HETs"
"Olfactory transduction","1/1133",0.942793390677443,0.942793390677443,0,0,0.346344964664311,0.0204025301362176,"CALM1","Lamp5","VehicleVsPCB_in_HETs"
"Alzheimer disease","6/175",3.39626541820199e-05,0.00397363053929633,0,0,10.9620931952663,112.802669016795,"NDUFA11;COX4I1;ATP5F1;CALM1;GAPDH;CALM2","Non-neuronal","VehicleVsPCB_in_HETs"
"Parkinson disease","5/144",0.000149949093935412,0.00498553588279544,0,0,10.9524073049253,96.4382977494972,"UCHL1;NDUFA11;UBB;COX4I1;ATP5F1","Non-neuronal","VehicleVsPCB_in_HETs"
"Salivary secretion","4/78",0.000161443275013223,0.00498553588279544,0,0,16.2620802620803,141.990023701199,"ATP2B1;ATP1B1;CALM1;CALM2","Non-neuronal","VehicleVsPCB_in_HETs"
"Adrenergic signaling in cardiomyocytes","5/148",0.000170445671206682,0.00498553588279544,0,0,10.6438945669715,92.3580732150242,"MYL4;ATP2B1;ATP1B1;CALM1;CALM2","Non-neuronal","VehicleVsPCB_in_HETs"
"Protein processing in endoplasmic reticulum","5/163",0.000266933367443844,0.00546424603381399,0,0,9.62609542356378,79.2084368047626,"HSPA8;HSP90AB1;CANX;HSPA4L;SKP1A","Non-neuronal","VehicleVsPCB_in_HETs"
"Antigen processing and presentation","4/90",0.000280217745323794,0.00546424603381399,0,0,13.984496124031,114.392389501121,"HSPA8;HSP90AB1;CANX;CTSB","Non-neuronal","VehicleVsPCB_in_HETs"
"Aldosterone synthesis and secretion","4/102",0.000451576733436283,0.00717544978829327,0,0,12.2646876932591,94.4720101327182,"ATP2B1;ATP1B1;CALM1;CALM2","Non-neuronal","VehicleVsPCB_in_HETs"
"Mineral absorption","3/44",0.000490629045353386,0.00717544978829327,0,0,21.7207863123407,165.508530268903,"FTH1;ATP2B1;ATP1B1","Non-neuronal","VehicleVsPCB_in_HETs"
"cAMP signaling pathway","5/211",0.000864779248786663,0.0112421302342266,0,0,7.36519790888723,51.9470081146547,"PAK1;ATP2B1;ATP1B1;CALM1;CALM2","Non-neuronal","VehicleVsPCB_in_HETs"
"Estrogen signaling pathway","4/134",0.00125470344472039,0.0133454820938441,0,0,9.23076923076923,61.6694403078368,"HSPA8;HSP90AB1;CALM1;CALM2","Non-neuronal","VehicleVsPCB_in_HETs"
"Oxidative phosphorylation","4/134",0.00125470344472039,0.0133454820938441,0,0,9.23076923076923,61.6694403078368,"NDUFA11;COX4I1;ATP5F1;ATP6V0C","Non-neuronal","VehicleVsPCB_in_HETs"
"Gastric acid secretion","3/74",0.00222808872434221,0.019494548453189,0,0,12.5240697918856,76.4796240503315,"ATP1B1;CALM1;CALM2","Non-neuronal","VehicleVsPCB_in_HETs"
"Renin secretion","3/76",0.00240429344103217,0.019494548453189,0,0,12.1797178491106,73.4497788195961,"CALM1;CALM2;CTSB","Non-neuronal","VehicleVsPCB_in_HETs"
"Synaptic vesicle cycle","3/77",0.00249553948012316,0.019494548453189,0,0,12.0145219846712,72.0060380735366,"RAB3A;SYT1;ATP6V0C","Non-neuronal","VehicleVsPCB_in_HETs"
"Cardiac muscle contraction","3/78",0.00258890372415668,0.019494548453189,0,0,11.8537313432836,70.6069968937672,"MYL4;COX4I1;ATP1B1","Non-neuronal","VehicleVsPCB_in_HETs"
"Proximal tubule bicarbonate reclamation","2/22",0.00266592115599165,0.019494548453189,0,0,29.2794117647059,173.545094300515,"MDH1;ATP1B1","Non-neuronal","VehicleVsPCB_in_HETs"
"cGMP-PKG signaling pathway","4/172",0.00311496759086795,0.0214383063606794,0,0,7.12914862914863,41.1461417481496,"ATP2B1;ATP1B1;CALM1;CALM2","Non-neuronal","VehicleVsPCB_in_HETs"
"Phototransduction","2/27",0.00400536631118598,0.0260348810227089,0,0,23.4176470588235,129.26822748332,"CALM1;CALM2","Non-neuronal","VehicleVsPCB_in_HETs"
"C-type lectin receptor signaling pathway","3/112",0.00712780977325446,0.0438923022879353,0,0,8.14227029987676,40.2533591880017,"PAK1;CALM1;CALM2","Non-neuronal","VehicleVsPCB_in_HETs"
"Oocyte meiosis","3/116",0.00784833773803423,0.0459127757675002,0,0,7.8524633469819,38.0644511134147,"SKP1A;CALM1;CALM2","Non-neuronal","VehicleVsPCB_in_HETs"
"Lysosome","3/124",0.00941456479476562,0.0516480129133251,0,0,7.33033181201431,34.1996435893864,"LAPTM4A;ATP6V0C;CTSB","Non-neuronal","VehicleVsPCB_in_HETs"
"Human immunodeficiency virus 1 infection","4/238",0.00971159217173635,0.0516480129133251,0,0,5.1012691012691,23.6415002599052,"PAK1;SKP1A;CALM1;CALM2","Non-neuronal","VehicleVsPCB_in_HETs"
"Apelin signaling pathway","3/138",0.0125666738183578,0.0639261233368636,0,0,6.56550580431177,28.735294582616,"MYL4;CALM1;CALM2","Non-neuronal","VehicleVsPCB_in_HETs"
"Fluid shear stress and atherosclerosis","3/143",0.0138217887506294,0.0673812201593182,0,0,6.32942430703625,27.0994873695201,"HSP90AB1;CALM1;CALM2","Non-neuronal","VehicleVsPCB_in_HETs"
"Endocrine and other factor-regulated calcium reabsorption","2/55",0.0159122954602372,0.0744695427539103,0,0,11.0305216426193,45.6736747027883,"ATP2B1;ATP1B1","Non-neuronal","VehicleVsPCB_in_HETs"
"Legionellosis","2/58",0.0175939233874627,0.0791726552435822,0,0,10.438025210084,42.1717271841314,"EEF1A1;HSPA8","Non-neuronal","VehicleVsPCB_in_HETs"
"Long-term potentiation","2/67",0.0230644217142496,0.0957803398458719,0,0,8.98868778280543,33.8825353127444,"CALM1;CALM2","Non-neuronal","VehicleVsPCB_in_HETs"
"Amphetamine addiction","2/68",0.0237103597045098,0.0957803398458719,0,0,8.85204991087344,33.1229828360177,"CALM1;CALM2","Non-neuronal","VehicleVsPCB_in_HETs"
"Necroptosis","3/176",0.0238527490022697,0.0957803398458719,0,0,5.11353636442067,19.1034345169304,"HSP90AB1;FTH1;PPIA","Non-neuronal","VehicleVsPCB_in_HETs"
"Tuberculosis","3/178",0.0245590614989415,0.0957803398458719,0,0,5.0545842217484,18.7356978818849,"CALM1;ATP6V0C;CALM2","Non-neuronal","VehicleVsPCB_in_HETs"
"Thyroid hormone synthesis","2/73",0.0270499562415468,0.0996785640594064,0,0,8.22659486329743,29.6985824245606,"CANX;ATP1B1","Non-neuronal","VehicleVsPCB_in_HETs"
"Glioma","2/75",0.0284360118658026,0.0996785640594064,0,0,8.00040290088638,28.4822256760798,"CALM1;CALM2","Non-neuronal","VehicleVsPCB_in_HETs"
"Calcium signaling pathway","3/189",0.0286450317745309,0.0996785640594064,0,0,4.75300914780934,16.8863733197786,"ATP2B1;CALM1;CALM2","Non-neuronal","VehicleVsPCB_in_HETs"
"Pertussis","2/76",0.0291395733162012,0.0996785640594064,0,0,7.89189189189189,27.9030316565844,"CALM1;CALM2","Non-neuronal","VehicleVsPCB_in_HETs"
"Huntington disease","3/192",0.029818373863925,0.0996785640594064,0,0,4.67685382610756,16.4280594069966,"NDUFA11;COX4I1;ATP5F1","Non-neuronal","VehicleVsPCB_in_HETs"
"Insulin secretion","2/86",0.0365482055274848,0.118781667964326,0,0,6.94887955182073,22.994698471996,"RAB3A;ATP1B1","Non-neuronal","VehicleVsPCB_in_HETs"
"GnRH signaling pathway","2/90",0.0396939685345125,0.123486592312557,0,0,6.63168449197861,21.3975015794473,"CALM1;CALM2","Non-neuronal","VehicleVsPCB_in_HETs"
"Kaposi sarcoma-associated herpesvirus infection","3/216",0.0401067564775825,0.123486592312557,0,0,4.14483918435989,13.3306751735358,"UBB;CALM1;CALM2","Non-neuronal","VehicleVsPCB_in_HETs"
"Phosphatidylinositol signaling system","2/98",0.046279519473212,0.131550493317212,0,0,6.0765931372549,18.6737095400621,"CALM1;CALM2","Non-neuronal","VehicleVsPCB_in_HETs"
"Circadian entrainment","2/99",0.0471292841769272,0.131550493317212,0,0,6.01364463311098,18.3708468123966,"CALM1;CALM2","Non-neuronal","VehicleVsPCB_in_HETs"
"Thermogenesis","3/231",0.0473378655075863,0.131550493317212,0,0,3.86920659858602,11.802801011319,"NDUFA11;COX4I1;ATP5F1","Non-neuronal","VehicleVsPCB_in_HETs"
"Melanogenesis","2/100",0.0479847867745848,0.131550493317212,0,0,5.95198079231693,18.0753994112781,"CALM1;CALM2","Non-neuronal","VehicleVsPCB_in_HETs"
"Ras signaling pathway","3/233",0.0483476172020523,0.131550493317212,0,0,3.83517196625568,11.6180334800623,"PAK1;CALM1;CALM2","Non-neuronal","VehicleVsPCB_in_HETs"
"Glucagon signaling pathway","2/102",0.0497128088025,0.132190877952102,0,0,5.83235294117647,17.5057645242236,"CALM1;CALM2","Non-neuronal","VehicleVsPCB_in_HETs"
"Pancreatic secretion","2/105",0.052346652641636,0.136101296868254,0,0,5.66162193032553,16.7010333157483,"ATP2B1;ATP1B1","Non-neuronal","VehicleVsPCB_in_HETs"
"Neurotrophin signaling pathway","2/121",0.0671908316040304,0.170898419514599,0,0,4.8964409293129,13.2214602601781,"CALM1;CALM2","Non-neuronal","VehicleVsPCB_in_HETs"
"Inflammatory mediator regulation of TRP channels","2/127",0.073078379571255,0.181918519358231,0,0,4.66,12.1915978801985,"CALM1;CALM2","Non-neuronal","VehicleVsPCB_in_HETs"
"Spliceosome","2/132",0.0781075767452088,0.190387218316446,0,0,4.47963800904977,11.4215906394771,"HSPA8;SRSF7","Non-neuronal","VehicleVsPCB_in_HETs"
"Dopaminergic synapse","2/135",0.0811763757760824,0.193829305424523,0,0,4.37793011941619,10.9935560950156,"CALM1;CALM2","Non-neuronal","VehicleVsPCB_in_HETs"
"Insulin signaling pathway","2/139",0.0853256419537865,0.19814974172352,0,0,4.24924860455131,10.458591712709,"CALM1;CALM2","Non-neuronal","VehicleVsPCB_in_HETs"
"Vascular smooth muscle contraction","2/140",0.0863729643410216,0.19814974172352,0,0,4.21824381926684,10.3308189556038,"CALM1;CALM2","Non-neuronal","VehicleVsPCB_in_HETs"
"Collecting duct acid secretion","1/27",0.0903788799946025,0.203352479987856,0,0,11.0947603121516,26.6689709348364,"ATP6V0C","Non-neuronal","VehicleVsPCB_in_HETs"
"Fatty acid elongation","1/29",0.0967438103878096,0.21061780117755,0,0,10.3012422360248,24.0604973986418,"TECR","Non-neuronal","VehicleVsPCB_in_HETs"
"Non-alcoholic fatty liver disease (NAFLD)","2/151",0.0981438796449646,0.21061780117755,0,0,3.90465850769838,9.06396468814298,"NDUFA11;COX4I1","Non-neuronal","VehicleVsPCB_in_HETs"
"Circadian rhythm","1/30",0.0999097923540908,0.21061780117755,0,0,9.94552723638181,22.9093984314337,"SKP1A","Non-neuronal","VehicleVsPCB_in_HETs"
"Oxytocin signaling pathway","2/154",0.101429788331724,0.21061780117755,0,0,3.82701238390093,8.75769097726971,"CALM1;CALM2","Non-neuronal","VehicleVsPCB_in_HETs"
"Glyoxylate and dicarboxylate metabolism","1/31",0.103064835358577,0.21061780117755,0,0,9.61352657004831,21.8457491225909,"MDH1","Non-neuronal","VehicleVsPCB_in_HETs"
"Biosynthesis of unsaturated fatty acids","1/32",0.106208976662183,0.21061780117755,0,0,9.30294530154278,20.8604282109966,"TECR","Non-neuronal","VehicleVsPCB_in_HETs"
"Citrate cycle (TCA cycle)","1/32",0.106208976662183,0.21061780117755,0,0,9.30294530154278,20.8604282109966,"MDH1","Non-neuronal","VehicleVsPCB_in_HETs"
"Pathways in cancer","4/535",0.117696557185441,0.22950828651161,0,0,2.21411858699994,4.73742890635552,"HSP90AB1;SKP1A;CALM1;CALM2","Non-neuronal","VehicleVsPCB_in_HETs"
"Aldosterone-regulated sodium reabsorption","1/38",0.124846958540996,0.23559829273059,0,0,7.79200940070505,16.2125738897195,"ATP1B1","Non-neuronal","VehicleVsPCB_in_HETs"
"Pyruvate metabolism","1/38",0.124846958540996,0.23559829273059,0,0,7.79200940070505,16.2125738897195,"MDH1","Non-neuronal","VehicleVsPCB_in_HETs"
"Ferroptosis","1/40",0.130974073810238,0.239639736038152,0,0,7.39167595689335,15.0254728029641,"FTH1","Non-neuronal","VehicleVsPCB_in_HETs"
"Phagosome","2/180",0.131084983815741,0.239639736038152,0,0,3.26371447455387,6.63157223300766,"CANX;ATP6V0C","Non-neuronal","VehicleVsPCB_in_HETs"
"Cellular senescence","2/185",0.137000283492009,0.246600510285617,0,0,3.17373834779814,6.30866912401299,"CALM1;CALM2","Non-neuronal","VehicleVsPCB_in_HETs"
"Carbohydrate digestion and absorption","1/43",0.140085545941658,0.248333467805666,0,0,6.86266390614217,13.4885796365756,"ATP1B1","Non-neuronal","VehicleVsPCB_in_HETs"
"Alcoholism","2/199",0.153864776209405,0.26868923606717,0,0,2.94610331442222,5.51416600675425,"CALM1;CALM2","Non-neuronal","VehicleVsPCB_in_HETs"
"Arginine and proline metabolism","1/50",0.160981048285311,0.269457520182819,0,0,5.88021295474712,10.7400245197928,"CKB","Non-neuronal","VehicleVsPCB_in_HETs"
"Cysteine and methionine metabolism","1/50",0.160981048285311,0.269457520182819,0,0,5.88021295474712,10.7400245197928,"MDH1","Non-neuronal","VehicleVsPCB_in_HETs"
"NOD-like receptor signaling pathway","2/205",0.16121390096408,0.269457520182819,0,0,2.85815705592582,5.21620298878146,"HSP90AB1;CTSB","Non-neuronal","VehicleVsPCB_in_HETs"
"Rap1 signaling pathway","2/209",0.166149338075739,0.273795388096641,0,0,2.80235862460926,5.0298645711058,"CALM1;CALM2","Non-neuronal","VehicleVsPCB_in_HETs"
"Mitophagy","1/63",0.198467643782739,0.322509921146952,0,0,4.64422627395979,7.51031389931204,"UBB","Non-neuronal","VehicleVsPCB_in_HETs"
"Glycolysis / Gluconeogenesis","1/67",0.209666231276608,0.335887542088899,0,0,4.36187966622749,6.81429585638509,"GAPDH","Non-neuronal","VehicleVsPCB_in_HETs"
"Renal cell carcinoma","1/68",0.212441693286996,0.335887542088899,0,0,4.29656067488644,6.65574934876528,"PAK1","Non-neuronal","VehicleVsPCB_in_HETs"
"Bile secretion","1/72",0.223447788528575,0.34551527329325,0,0,4.05368442539294,6.07476027439596,"ATP1B1","Non-neuronal","VehicleVsPCB_in_HETs"
"Human cytomegalovirus infection","2/255",0.224437271540915,0.34551527329325,0,0,2.28749128109742,3.41787574206577,"CALM1;CALM2","Non-neuronal","VehicleVsPCB_in_HETs"
"Endocytosis","2/269",0.242533214861775,0.36852449530945,0,0,2.16600572813395,3.0683996907072,"HSPA8;UBB","Non-neuronal","VehicleVsPCB_in_HETs"
"ErbB signaling pathway","1/84",0.255564427527639,0.378494152161188,0,0,3.46551423083639,4.72793431444383,"PAK1","Non-neuronal","VehicleVsPCB_in_HETs"
"Rheumatoid arthritis","1/84",0.255564427527639,0.378494152161188,0,0,3.46551423083639,4.72793431444383,"ATP6V0C","Non-neuronal","VehicleVsPCB_in_HETs"
"Fc gamma R-mediated phagocytosis","1/87",0.263386791991577,0.378514452357589,0,0,3.34411863835524,4.46149446739024,"PAK1","Non-neuronal","VehicleVsPCB_in_HETs"
"Progesterone-mediated oocyte maturation","1/90",0.27112812271466,0.378514452357589,0,0,3.23090701840091,4.21686285664555,"HSP90AB1","Non-neuronal","VehicleVsPCB_in_HETs"
"Protein digestion and absorption","1/90",0.27112812271466,0.378514452357589,0,0,3.23090701840091,4.21686285664555,"ATP1B1","Non-neuronal","VehicleVsPCB_in_HETs"
"TGF-beta signaling pathway","1/91",0.273690702031296,0.378514452357589,0,0,3.19484702093398,4.13974422486521,"SKP1A","Non-neuronal","VehicleVsPCB_in_HETs"
"IL-17 signaling pathway","1/91",0.273690702031296,0.378514452357589,0,0,3.19484702093398,4.13974422486521,"HSP90AB1","Non-neuronal","VehicleVsPCB_in_HETs"
"MAPK signaling pathway","2/294",0.274989132054659,0.378514452357589,0,0,1.97804190169218,2.55369897843148,"HSPA8;PAK1","Non-neuronal","VehicleVsPCB_in_HETs"
"Glycerophospholipid metabolism","1/97",0.288880728806161,0.387385112681043,0,0,2.99426328502415,3.71810062107792,"GPCPD1","Non-neuronal","VehicleVsPCB_in_HETs"
"Prostate cancer","1/97",0.288880728806161,0.387385112681043,0,0,2.99426328502415,3.71810062107792,"HSP90AB1","Non-neuronal","VehicleVsPCB_in_HETs"
"Choline metabolism in cancer","1/99",0.293874145071998,0.387385112681043,0,0,2.93286010056196,3.5915912758315,"GPCPD1","Non-neuronal","VehicleVsPCB_in_HETs"
"T cell receptor signaling pathway","1/101",0.298832995398794,0.387385112681043,0,0,2.87391304347826,3.47131451305959,"PAK1","Non-neuronal","VehicleVsPCB_in_HETs"
"Th17 cell differentiation","1/102",0.301299532085256,0.387385112681043,0,0,2.84531496627924,3.41338319711413,"HSP90AB1","Non-neuronal","VehicleVsPCB_in_HETs"
"Longevity regulating pathway","1/102",0.301299532085256,0.387385112681043,0,0,2.84531496627924,3.41338319711413,"HSPA8","Non-neuronal","VehicleVsPCB_in_HETs"
"HIF-1 signaling pathway","1/104",0.306206975198901,0.389415392372515,0,0,2.78978471929084,3.30169352159721,"GAPDH","Non-neuronal","VehicleVsPCB_in_HETs"
"Toxoplasmosis","1/108",0.315920155305382,0.397447937319675,0,0,2.68495191656508,3.09377818864576,"HSPA8","Non-neuronal","VehicleVsPCB_in_HETs"
"Thyroid hormone signaling pathway","1/115",0.33259671276554,0.413976759506045,0,0,2.51919654207984,2.77319351497203,"ATP1B1","Non-neuronal","VehicleVsPCB_in_HETs"
"Natural killer cell mediated cytotoxicity","1/118",0.339620532740714,0.418269498217511,0,0,2.45423014988232,2.65038784421266,"PAK1","Non-neuronal","VehicleVsPCB_in_HETs"
"Cell cycle","1/123",0.351165324426407,0.427982739144684,0,0,2.35305298170587,2.46246560784252,"SKP1A","Non-neuronal","VehicleVsPCB_in_HETs"
"Autophagy","1/130",0.366994482789757,0.442663448313419,0,0,2.22458150769576,2.22993933286392,"CTSB","Non-neuronal","VehicleVsPCB_in_HETs"
"Ubiquitin mediated proteolysis","1/138",0.384619205607019,0.459188235265522,0,0,2.09383264572094,2.0006602557175,"SKP1A","Non-neuronal","VehicleVsPCB_in_HETs"
"Apoptosis","1/141",0.391103007983409,0.462212645798575,0,0,2.04865424430642,1.92324445331334,"CTSB","Non-neuronal","VehicleVsPCB_in_HETs"
"Measles","1/144",0.397519461131341,0.465097769523669,0,0,2.00537144015405,1.84997798923855,"HSPA8","Non-neuronal","VehicleVsPCB_in_HETs"
"Retrograde endocannabinoid signaling","1/150",0.410153070652153,0.475127814517841,0,0,1.92403462698181,1.71474746394761,"NDUFA11","Non-neuronal","VehicleVsPCB_in_HETs"
"Hippo signaling pathway","1/159",0.42861537916946,0.489163650110248,0,0,1.81361218125115,1.53648374182239,"PAK1","Non-neuronal","VehicleVsPCB_in_HETs"
"Wnt signaling pathway","1/160",0.430631247532953,0.489163650110248,0,0,1.80211466593747,1.51828724533829,"SKP1A","Non-neuronal","VehicleVsPCB_in_HETs"
"RNA transport","1/167",0.444547362793546,0.492502504804901,0,0,1.7255107386066,1.3988692724859,"EEF1A1","Non-neuronal","VehicleVsPCB_in_HETs"
"Influenza A","1/168",0.446507812794535,0.492502504804901,0,0,1.7150915560184,1.38287554481335,"HSPA8","Non-neuronal","VehicleVsPCB_in_HETs"
"Cell adhesion molecules (CAMs)","1/170",0.450408273624995,0.492502504804901,0,0,1.69462310264986,1.35163279799039,"NEGR1","Non-neuronal","VehicleVsPCB_in_HETs"
"Ribosome","1/170",0.450408273624995,0.492502504804901,0,0,1.69462310264986,1.35163279799039,"RPL39","Non-neuronal","VehicleVsPCB_in_HETs"
"Axon guidance","1/180",0.469507819337092,0.508633470948516,0,0,1.59914176989717,1.20906363907435,"PAK1","Non-neuronal","VehicleVsPCB_in_HETs"
"Chemokine signaling pathway","1/197",0.500486621088089,0.536085318598579,0,0,1.45918367346939,1.01000960071217,"PAK1","Non-neuronal","VehicleVsPCB_in_HETs"
"Focal adhesion","1/199",0.504011837998664,0.536085318598579,0,0,1.44429805299371,0.989568788002581,"PAK1","Non-neuronal","VehicleVsPCB_in_HETs"
"Proteoglycans in cancer","1/203",0.51098886297411,0.538609882594332,0,0,1.41541110632802,0.950317609141004,"PAK1","Non-neuronal","VehicleVsPCB_in_HETs"
"Regulation of actin cytoskeleton","1/217",0.534655079270377,0.558523609594948,0,0,1.3227321524423,0.828206848212111,"PAK1","Non-neuronal","VehicleVsPCB_in_HETs"
"Human T-cell leukemia virus 1 infection","1/245",0.578651367571545,0.599134601821865,0,0,1.16928011404134,0.639660662936989,"CANX","Non-neuronal","VehicleVsPCB_in_HETs"
"PI3K-Akt signaling pathway","1/357",0.717190746042141,0.732728867986069,0,0,0.796857189382837,0.264886039696019,"HSP90AB1","Non-neuronal","VehicleVsPCB_in_HETs"
"Human papillomavirus infection","1/360",0.720203588191435,0.732728867986069,0,0,0.79007710629365,0.259320170927414,"ATP6V0C","Non-neuronal","VehicleVsPCB_in_HETs"
"Herpes simplex virus 1 infection","1/433",0.784505380312406,0.791268357728892,0,0,0.654119699409555,0.158756060228231,"SRSF7","Non-neuronal","VehicleVsPCB_in_HETs"
"Olfactory transduction","2/1133",0.912593229915801,0.912593229915801,0,0,0.488869818484423,0.0447144921120576,"CALM1;CALM2","Non-neuronal","VehicleVsPCB_in_HETs"
"Nitrogen metabolism","1/17",0.0268650433589444,0.228177806917421,0,0,40.2258064516129,145.493899614033,"CAR2","Oligo","VehicleVsPCB_in_HETs"
"Cell adhesion molecules (CAMs)","2/170",0.0301522854465116,0.228177806917421,0,0,7.85714285714286,27.5117429411323,"NRXN1;LRRC4C","Oligo","VehicleVsPCB_in_HETs"
"Proximal tubule bicarbonate reclamation","1/22",0.034632580928247,0.228177806917421,0,0,30.6405529953917,103.042966194082,"CAR2","Oligo","VehicleVsPCB_in_HETs"
"Collecting duct acid secretion","1/27",0.0423400439315086,0.228177806917421,0,0,24.741935483871,78.2345437210345,"CAR2","Oligo","VehicleVsPCB_in_HETs"
"Ferroptosis","1/40",0.0621015110607877,0.228177806917421,0,0,16.4838709677419,45.8084294629815,"FTH1","Oligo","VehicleVsPCB_in_HETs"
"Nicotine addiction","1/40",0.0621015110607877,0.228177806917421,0,0,16.4838709677419,45.8084294629815,"GRIA2","Oligo","VehicleVsPCB_in_HETs"
"Mineral absorption","1/44",0.06810207947577,0.228177806917421,0,0,14.9474868717179,40.1601234423428,"FTH1","Oligo","VehicleVsPCB_in_HETs"
"Cocaine addiction","1/48",0.0740654497913952,0.228177806917421,0,0,13.6726149622512,35.5871659006814,"GRIA2","Oligo","VehicleVsPCB_in_HETs"
"Cysteine and methionine metabolism","1/50",0.0770332554327669,0.228177806917421,0,0,13.1132323897301,33.6160080774025,"MAT2A","Oligo","VehicleVsPCB_in_HETs"
"Fanconi anemia pathway","1/51",0.0785137005379157,0.228177806917421,0,0,12.8503225806452,32.6974163032472,"REV3L","Oligo","VehicleVsPCB_in_HETs"
"Amyotrophic lateral sclerosis (ALS)","1/52",0.0799918451167407,0.228177806917421,0,0,12.5977229601518,31.8197139609718,"GRIA2","Oligo","VehicleVsPCB_in_HETs"
"Endocrine and other factor-regulated calcium reabsorption","1/55",0.0844125102691724,0.228177806917421,0,0,11.8960573476703,29.4075255899416,"CLTC","Oligo","VehicleVsPCB_in_HETs"
"Long-term depression","1/61",0.0931921917759997,0.228177806917421,0,0,10.7032258064516,25.3997324716517,"GRIA2","Oligo","VehicleVsPCB_in_HETs"
"Long-term potentiation","1/67",0.101890290925021,0.228177806917421,0,0,9.72727272727273,22.2157157034067,"GRIA2","Oligo","VehicleVsPCB_in_HETs"
"Amphetamine addiction","1/68",0.103332094120948,0.228177806917421,0,0,9.58160808858931,21.748403627067,"GRIA2","Oligo","VehicleVsPCB_in_HETs"
"Bile secretion","1/72",0.109076916577853,0.228177806917421,0,0,9.03998182644253,20.0299057127764,"CAR2","Oligo","VehicleVsPCB_in_HETs"
"Bacterial invasion of epithelial cells","1/74",0.111935940745852,0.228177806917421,0,0,8.79142730888202,19.251718331123,"CLTC","Oligo","VehicleVsPCB_in_HETs"
"Gastric acid secretion","1/74",0.111935940745852,0.228177806917421,0,0,8.79142730888202,19.251718331123,"CAR2","Oligo","VehicleVsPCB_in_HETs"
"Synaptic vesicle cycle","1/77",0.11620781868289,0.228177806917421,0,0,8.44312393887946,18.1727701577943,"CLTC","Oligo","VehicleVsPCB_in_HETs"
"ECM-receptor interaction","1/83",0.124691934724438,0.228177806917421,0,0,7.82297403619198,16.286720880527,"TNR","Oligo","VehicleVsPCB_in_HETs"
"Peroxisome","1/84",0.126098261717522,0.228177806917421,0,0,7.72833268558103,16.0030107391173,"PRDX1","Oligo","VehicleVsPCB_in_HETs"
"Circadian entrainment","1/99",0.1469323257612,0.253792199042072,0,0,6.54048716260698,12.543236185586,"GRIA2","Oligo","VehicleVsPCB_in_HETs"
"Pancreatic secretion","1/105",0.15513051500505,0.256302590008343,0,0,6.16129032258065,11.4814935632183,"CAR2","Oligo","VehicleVsPCB_in_HETs"
"Glutamatergic synapse","1/114",0.167284862929678,0.264867699638657,0,0,5.66799885812161,10.1347059053486,"GRIA2","Oligo","VehicleVsPCB_in_HETs"
"Lysosome","1/124",0.180591038128554,0.274498377955403,0,0,5.20456333595594,8.90771560432999,"CLTC","Oligo","VehicleVsPCB_in_HETs"
"Dopaminergic synapse","1/135",0.194989926282262,0.284985276874075,0,0,4.77467501203659,7.80567395558247,"GRIA2","Oligo","VehicleVsPCB_in_HETs"
"Retrograde endocannabinoid signaling","1/150",0.21423032933522,0.301509352397717,0,0,4.29075557479974,6.61078229245645,"GRIA2","Oligo","VehicleVsPCB_in_HETs"
"RNA transport","1/167",0.235497707183497,0.318419310531093,0,0,3.84803731053245,5.56447013571376,"FXR1","Oligo","VehicleVsPCB_in_HETs"
"Necroptosis","1/176",0.246530054030485,0.318419310531093,0,0,3.64847926267281,5.10886105514658,"FTH1","Oligo","VehicleVsPCB_in_HETs"
"Axon guidance","1/180",0.251383666208758,0.318419310531093,0,0,3.56622814921607,4.92415851675508,"LRRC4C","Oligo","VehicleVsPCB_in_HETs"
"Huntington disease","1/192",0.265763466602267,0.325407924967597,0,0,3.34014524573552,4.42618875975463,"CLTC","Oligo","VehicleVsPCB_in_HETs"
"Focal adhesion","1/199",0.274027726288503,0.325407924967597,0,0,3.22091886608016,4.16956317377141,"TNR","Oligo","VehicleVsPCB_in_HETs"
"cAMP signaling pathway","1/211",0.287985833325162,0.331620050495641,0,0,3.03502304147465,3.77813019238543,"GRIA2","Oligo","VehicleVsPCB_in_HETs"
"Endocytosis","1/269",0.35186629593792,0.393262330754146,0,0,2.37120847376023,2.47673677510347,"CLTC","Oligo","VehicleVsPCB_in_HETs"
"MicroRNAs in cancer","1/281",0.364371644417696,0.395603499653498,0,0,2.26820276497696,2.28993425930975,"TNR","Oligo","VehicleVsPCB_in_HETs"
"Neuroactive ligand-receptor interaction","1/348",0.430011810523416,0.441053212002904,0,0,1.82402156735149,1.53936951191966,"GRIA2","Oligo","VehicleVsPCB_in_HETs"
"PI3K-Akt signaling pathway","1/357",0.438312447404656,0.441053212002904,0,0,1.77709314969192,1.46578778758627,"TNR","Oligo","VehicleVsPCB_in_HETs"
"Human papillomavirus infection","1/360",0.441053212002904,0.441053212002904,0,0,1.76197322311079,1.44233321788059,"TNR","Oligo","VehicleVsPCB_in_HETs"
"Oxytocin signaling pathway","7/154",7.7418777177558e-05,0.0105277662292136,0,0,7.45275888133031,70.5499113430945,"CACNB2;PPP3CA;MEF2C;MAPK1;PLCB1;CALM2;ACTB","Pvalb","VehicleVsPCB_in_HETs"
"Glutamatergic synapse","6/114",0.000114432241621887,0.0105277662292136,0,0,8.64348206474191,78.4441607851792,"PPP3CA;GRK3;CACNA1A;MAPK1;DLGAP1;PLCB1","Pvalb","VehicleVsPCB_in_HETs"
"Estrogen signaling pathway","6/134",0.000276416184714538,0.016953525995825,0,0,7.2855561023622,59.6949536986076,"HSPA8;GABBR2;HSP90AB1;MAPK1;PLCB1;CALM2","Pvalb","VehicleVsPCB_in_HETs"
"MAPK signaling pathway","8/294",0.000795230344510127,0.0259734105202177,0,0,4.38176223776224,31.2721057748725,"CACNB2;HSPA8;PPP3CA;MEF2C;MAPK8;ERBB4;CACNA1A;MAPK1","Pvalb","VehicleVsPCB_in_HETs"
"C-type lectin receptor signaling pathway","5/112",0.000915960262917977,0.0259734105202177,0,0,7.21378504672897,50.4643043547104,"CYLD;PPP3CA;MAPK8;MAPK1;CALM2","Pvalb","VehicleVsPCB_in_HETs"
"cGMP-PKG signaling pathway","6/172",0.00103298615850123,0.0259734105202177,0,0,5.60696328621573,38.5495630263134,"PPP3CA;MEF2C;MAPK1;ATP2B1;PLCB1;CALM2","Pvalb","VehicleVsPCB_in_HETs"
"Long-term potentiation","4/67",0.00103600022953773,0.0259734105202177,0,0,9.74726221237849,66.9869670188777,"PPP3CA;MAPK1;PLCB1;CALM2","Pvalb","VehicleVsPCB_in_HETs"
"Alzheimer disease","6/175",0.00112927871827033,0.0259734105202177,0,0,5.50659274099613,37.3687083403412,"PPP3CA;MAPK1;PLCB1;CALM2;GAPDH;RTN4","Pvalb","VehicleVsPCB_in_HETs"
"Calcium signaling pathway","6/189",0.00167283013436714,0.0342000827470616,0,0,5.081709048664,32.4885774056163,"PPP3CA;ERBB4;CACNA1A;ATP2B1;PLCB1;CALM2","Pvalb","VehicleVsPCB_in_HETs"
"Dopaminergic synapse","5/135",0.00209688392718749,0.0359014984644281,0,0,5.93058894230769,36.5757382665776,"PPP3CA;MAPK8;CACNA1A;PLCB1;CALM2","Pvalb","VehicleVsPCB_in_HETs"
"Fluid shear stress and atherosclerosis","5/143",0.00269246548043901,0.0359014984644281,0,0,5.58452219202899,33.0452818283662,"MEF2C;MAPK8;HSP90AB1;CALM2;ACTB","Pvalb","VehicleVsPCB_in_HETs"
"Th1 and Th2 cell differentiation","4/87",0.00271660222541548,0.0359014984644281,0,0,7.39105258242271,43.6690981905805,"PPP3CA;MAPK8;MAF;MAPK1","Pvalb","VehicleVsPCB_in_HETs"
"Rap1 signaling pathway","6/209",0.0027686988680659,0.0359014984644281,0,0,4.57639346805787,26.9521100575797,"MAGI1;DOCK4;MAPK1;PLCB1;CALM2;ACTB","Pvalb","VehicleVsPCB_in_HETs"
"cAMP signaling pathway","6/211",0.00290224681173041,0.0359014984644281,0,0,4.53128480891108,26.4729896598775,"GABBR2;MAPK8;PDE10A;MAPK1;ATP2B1;CALM2","Pvalb","VehicleVsPCB_in_HETs"
"GnRH signaling pathway","4/90",0.00307120740764859,0.0359014984644281,0,0,7.13214350099153,41.2643321219272,"MAPK8;MAPK1;PLCB1;CALM2","Pvalb","VehicleVsPCB_in_HETs"
"Adrenergic signaling in cardiomyocytes","5/148",0.0031218694316894,0.0359014984644281,0,0,5.38789335664336,31.0844985714113,"CACNB2;MAPK1;ATP2B1;PLCB1;CALM2","Pvalb","VehicleVsPCB_in_HETs"
"Morphine addiction","4/92",0.00332441365414133,0.0359818889624708,0,0,6.96934460887949,39.7702999318553,"GABBR2;GRK3;PDE10A;CACNA1A","Pvalb","VehicleVsPCB_in_HETs"
"Type II diabetes mellitus","3/48",0.00399674557499627,0.0408556214332952,0,0,10.1651282051282,56.1346318877792,"MAPK8;CACNA1A;MAPK1","Pvalb","VehicleVsPCB_in_HETs"
"Th17 cell differentiation","4/102",0.00480540722160909,0.0465365751987407,0,0,6.25502293940832,33.3893968345521,"PPP3CA;MAPK8;HSP90AB1;MAPK1","Pvalb","VehicleVsPCB_in_HETs"
"Necroptosis","5/176",0.00648149287682345,0.0574971500067119,0,0,4.49926900584795,22.6709365216079,"CYLD;MAPK8;HSP90AB1;FTH1;PPIA","Pvalb","VehicleVsPCB_in_HETs"
"Tuberculosis","5/178",0.00679125688210082,0.0574971500067119,0,0,4.44680274566474,22.1989695730066,"PPP3CA;MAPK8;MAPK1;CALM2;ATP6V0C","Pvalb","VehicleVsPCB_in_HETs"
"Thyroid hormone signaling pathway","4/115",0.00731875325496873,0.0574971500067119,0,0,5.51882114672812,27.1377835848139,"THRB;MAPK1;PLCB1;ACTB","Pvalb","VehicleVsPCB_in_HETs"
"Oocyte meiosis","4/116",0.00754184460265163,0.0574971500067119,0,0,5.46926910299003,26.7298959063356,"PPP3CA;MAPK1;CALM2;YWHAZ","Pvalb","VehicleVsPCB_in_HETs"
"Transcriptional misregulation in cancer","5/183",0.0076108031659287,0.0574971500067119,0,0,4.32079529494382,21.0776455873766,"ARNT2;MEF2C;DDX5;MAF;TSPAN7","Pvalb","VehicleVsPCB_in_HETs"
"Long-term depression","3/61",0.00781211277265108,0.0574971500067119,0,0,7.8815649867374,38.2419825029427,"CACNA1A;MAPK1;PLCB1","Pvalb","VehicleVsPCB_in_HETs"
"Neurotrophin signaling pathway","4/121",0.00872456107396861,0.0617430476003932,0,0,5.23421453654012,24.8186203134258,"MAPK8;NTRK3;MAPK1;CALM2","Pvalb","VehicleVsPCB_in_HETs"
"Osteoclast differentiation","4/128",0.0105748781415674,0.072065836224015,0,0,4.93698424606151,22.4596944510027,"CYLD;PPP3CA;MAPK8;MAPK1","Pvalb","VehicleVsPCB_in_HETs"
"NOD-like receptor signaling pathway","5/205",0.0120415245032034,0.0791300181639082,0,0,3.8412109375,16.9758254428359,"MAPK8;HSP90AB1;NEK7;MAPK1;PLCB1","Pvalb","VehicleVsPCB_in_HETs"
"Gastric acid secretion","3/74",0.0132208568565304,0.0800233834001269,0,0,6.43423618634886,27.8342460016192,"PLCB1;CALM2;ACTB","Pvalb","VehicleVsPCB_in_HETs"
"Apelin signaling pathway","4/138",0.0136314230162225,0.0800233834001269,0,0,4.56623857456902,19.6137190514645,"MEF2C;MAPK1;PLCB1;CALM2","Pvalb","VehicleVsPCB_in_HETs"
"Pertussis","3/76",0.0142012181190962,0.0800233834001269,0,0,6.25732349841939,26.6213293871977,"MAPK8;MAPK1;CALM2","Pvalb","VehicleVsPCB_in_HETs"
"Renin secretion","3/76",0.0142012181190962,0.0800233834001269,0,0,6.25732349841939,26.6213293871977,"PPP3CA;PLCB1;CALM2","Pvalb","VehicleVsPCB_in_HETs"
"Kaposi sarcoma-associated herpesvirus infection","5/216",0.014805221871791,0.0800233834001269,0,0,3.63892180094787,15.3299599954413,"PPP3CA;MAPK8;UBB;MAPK1;CALM2","Pvalb","VehicleVsPCB_in_HETs"
"Salivary secretion","3/78",0.0152218392337198,0.0800233834001269,0,0,6.08984615384615,25.4861528621093,"ATP2B1;PLCB1;CALM2","Pvalb","VehicleVsPCB_in_HETs"
"Salmonella infection","3/78",0.0152218392337198,0.0800233834001269,0,0,6.08984615384615,25.4861528621093,"MAPK8;MAPK1;ACTB","Pvalb","VehicleVsPCB_in_HETs"
"Retrograde endocannabinoid signaling","4/150",0.0179760565725435,0.0918776224818889,0,0,4.18838271211639,16.8319147429578,"MAPK8;CACNA1A;MAPK1;PLCB1","Pvalb","VehicleVsPCB_in_HETs"
"ErbB signaling pathway","3/84",0.0185269204471684,0.0921338746561886,0,0,5.63703703703704,22.4834938435611,"MAPK8;ERBB4;MAPK1","Pvalb","VehicleVsPCB_in_HETs"
"Progesterone-mediated oocyte maturation","3/90",0.0221991064099522,0.107490409985032,0,0,5.24668435013263,19.9778170135177,"MAPK8;HSP90AB1;MAPK1","Pvalb","VehicleVsPCB_in_HETs"
"IL-17 signaling pathway","3/91",0.022846937450436,0.107790679253339,0,0,5.1868006993007,19.6005992934562,"MAPK8;HSP90AB1;MAPK1","Pvalb","VehicleVsPCB_in_HETs"
"Protein processing in endoplasmic reticulum","4/163",0.0235585828187153,0.108369480966091,0,0,3.84340110184779,14.4060861154866,"HSPA8;MAPK8;HSP90AB1;TUSC3","Pvalb","VehicleVsPCB_in_HETs"
"Influenza A","4/168",0.0259562514790875,0.115638167414204,0,0,3.72527888069578,13.6022701951838,"HSPA8;MAPK8;MAPK1;ACTB","Pvalb","VehicleVsPCB_in_HETs"
"Pyruvate metabolism","2/38",0.0263956686488943,0.115638167414204,0,0,8.41009329940628,30.5669495837501,"MDH1;ME3","Pvalb","VehicleVsPCB_in_HETs"
"Circadian entrainment","3/99",0.0283976329295752,0.11998106886112,0,0,4.75264423076923,16.9263023472949,"MAPK1;PLCB1;CALM2","Pvalb","VehicleVsPCB_in_HETs"
"Melanogenesis","3/100",0.0291373737153464,0.11998106886112,0,0,4.70340999206979,16.6300047845661,"MAPK1;PLCB1;CALM2","Pvalb","VehicleVsPCB_in_HETs"
"AGE-RAGE signaling pathway in diabetic complications","3/101",0.0298872801960054,0.11998106886112,0,0,4.65518053375196,16.3411840409647,"MAPK8;MAPK1;PLCB1","Pvalb","VehicleVsPCB_in_HETs"
"Aldosterone synthesis and secretion","3/102",0.0306473382416991,0.11998106886112,0,0,4.60792540792541,16.0595852412691,"ATP2B1;PLCB1;CALM2","Pvalb","VehicleVsPCB_in_HETs"
"Glucagon signaling pathway","3/102",0.0306473382416991,0.11998106886112,0,0,4.60792540792541,16.0595852412691,"PPP3CA;PLCB1;CALM2","Pvalb","VehicleVsPCB_in_HETs"
"Chagas disease (American trypanosomiasis)","3/103",0.0314175324794951,0.120433874504731,0,0,4.56161538461538,15.7849645324371,"MAPK8;MAPK1;PLCB1","Pvalb","VehicleVsPCB_in_HETs"
"Axon guidance","4/180",0.0322917024284847,0.121258637690637,0,0,3.46916842847075,11.909464315325,"EPHA5;PPP3CA;MAPK1;SLIT2","Pvalb","VehicleVsPCB_in_HETs"
"Parathyroid hormone synthesis, secretion and action","3/107",0.034599321479073,0.124893943602673,0,0,4.38528106508876,14.7517399758852,"MEF2C;MAPK1;PLCB1","Pvalb","VehicleVsPCB_in_HETs"
"Mineral absorption","2/44",0.0346173430637843,0.124893943602673,0,0,7.20647037440931,24.2382459011274,"FTH1;ATP2B1","Pvalb","VehicleVsPCB_in_HETs"
"Toxoplasmosis","3/108",0.0354199240188885,0.125332038836067,0,0,4.3432967032967,14.5086992103505,"HSPA8;MAPK8;MAPK1","Pvalb","VehicleVsPCB_in_HETs"
"Cholinergic synapse","3/113",0.0396727372661812,0.13773176711278,0,0,4.14482517482517,13.3757282085999,"CACNA1A;MAPK1;PLCB1","Pvalb","VehicleVsPCB_in_HETs"
"Focal adhesion","4/199",0.0440265834568898,0.150016506593847,0,0,3.12812562114888,9.76901637633673,"MAPK8;MAPK1;ARHGAP5;ACTB","Pvalb","VehicleVsPCB_in_HETs"
"Proteoglycans in cancer","4/203",0.0467648733396675,0.156449758081797,0,0,3.06462545284562,9.3857921762144,"DDX5;ERBB4;MAPK1;ACTB","Pvalb","VehicleVsPCB_in_HETs"
"Sphingolipid signaling pathway","3/124",0.0498937842220827,0.163936719586843,0,0,3.7659249841068,11.2897115370366,"MAPK8;MAPK1;PLCB1","Pvalb","VehicleVsPCB_in_HETs"
"Platelet activation","3/125",0.0508808414896184,0.164246926913856,0,0,3.73486759142497,11.1234396995086,"MAPK1;PLCB1;ACTB","Pvalb","VehicleVsPCB_in_HETs"
"Endocrine and other factor-regulated calcium reabsorption","2/55",0.0518486027084388,0.164485222385392,0,0,5.70761918479044,16.8912839957909,"ATP2B1;PLCB1","Pvalb","VehicleVsPCB_in_HETs"
"Inflammatory mediator regulation of TRP channels","3/127",0.0528833827171238,0.164924447795776,0,0,3.67425558312655,10.8010846384923,"MAPK8;PLCB1;CALM2","Pvalb","VehicleVsPCB_in_HETs"
"VEGF signaling pathway","2/58",0.0569827633481542,0.169164423594785,0,0,5.40103598691385,15.4740029623051,"PPP3CA;MAPK1","Pvalb","VehicleVsPCB_in_HETs"
"Legionellosis","2/58",0.0569827633481542,0.169164423594785,0,0,5.40103598691385,15.4740029623051,"EEF1A1;HSPA8","Pvalb","VehicleVsPCB_in_HETs"
"Relaxin signaling pathway","3/131",0.0570010557765037,0.169164423594785,0,0,3.55871394230769,10.1945961897615,"MAPK8;MAPK1;PLCB1","Pvalb","VehicleVsPCB_in_HETs"
"Serotonergic synapse","3/132",0.0580536895283449,0.169553632908182,0,0,3.5309481216458,10.0504448844141,"CACNA1A;MAPK1;PLCB1","Pvalb","VehicleVsPCB_in_HETs"
"Insulin signaling pathway","3/139",0.0656772526313176,0.183826944711383,0,0,3.34802036199095,9.11666829894287,"MAPK8;MAPK1;CALM2","Pvalb","VehicleVsPCB_in_HETs"
"Mitophagy","2/63",0.0659113577848028,0.183826944711383,0,0,4.95707671130021,13.4804950161763,"MAPK8;UBB","Pvalb","VehicleVsPCB_in_HETs"
"Vascular smooth muscle contraction","3/140",0.0668022319839898,0.183826944711383,0,0,3.32341381246491,8.99322021039381,"MAPK1;PLCB1;CALM2","Pvalb","VehicleVsPCB_in_HETs"
"Central carbon metabolism in cancer","2/64",0.0677499714446409,0.183826944711383,0,0,4.87687761635065,13.1282192125431,"NTRK3;MAPK1","Pvalb","VehicleVsPCB_in_HETs"
"Apoptosis","3/141",0.0679360447846417,0.183826944711383,0,0,3.29916387959866,8.87207367760668,"MAPK8;MAPK1;ACTB","Pvalb","VehicleVsPCB_in_HETs"
"Ras signaling pathway","4/233",0.0702412373490818,0.187159156437355,0,0,2.65908398497004,7.06204766791404,"MAPK8;MAPK1;RASAL2;CALM2","Pvalb","VehicleVsPCB_in_HETs"
"Human immunodeficiency virus 1 infection","4/238",0.0746485935237214,0.187159156437355,0,0,2.60160339230107,6.75106609455283,"PPP3CA;MAPK8;MAPK1;CALM2","Pvalb","VehicleVsPCB_in_HETs"
"Amphetamine addiction","2/68",0.0752705303063274,0.187159156437355,0,0,4.58038399259773,11.8479262181651,"PPP3CA;CALM2","Pvalb","VehicleVsPCB_in_HETs"
"Fc epsilon RI signaling pathway","2/68",0.0752705303063274,0.187159156437355,0,0,4.58038399259773,11.8479262181651,"MAPK8;MAPK1","Pvalb","VehicleVsPCB_in_HETs"
"RIG-I-like receptor signaling pathway","2/68",0.0752705303063274,0.187159156437355,0,0,4.58038399259773,11.8479262181651,"CYLD;MAPK8","Pvalb","VehicleVsPCB_in_HETs"
"Renal cell carcinoma","2/68",0.0752705303063274,0.187159156437355,0,0,4.58038399259773,11.8479262181651,"ARNT2;MAPK1","Pvalb","VehicleVsPCB_in_HETs"
"Adherens junction","2/72",0.0830426915551863,0.195895580078901,0,0,4.31777535441658,10.744354123421,"MAPK1;ACTB","Pvalb","VehicleVsPCB_in_HETs"
"Arrhythmogenic right ventricular cardiomyopathy (ARVC)","2/72",0.0830426915551863,0.195895580078901,0,0,4.31777535441658,10.744354123421,"CACNB2;ACTB","Pvalb","VehicleVsPCB_in_HETs"
"B cell receptor signaling pathway","2/72",0.0830426915551863,0.195895580078901,0,0,4.31777535441658,10.744354123421,"PPP3CA;MAPK1","Pvalb","VehicleVsPCB_in_HETs"
"Prolactin signaling pathway","2/72",0.0830426915551863,0.195895580078901,0,0,4.31777535441658,10.744354123421,"MAPK8;MAPK1","Pvalb","VehicleVsPCB_in_HETs"
"Glioma","2/75",0.0890259260672631,0.201933512458229,0,0,4.13970511345812,10.0132331811128,"MAPK1;CALM2","Pvalb","VehicleVsPCB_in_HETs"
"Pancreatic cancer","2/75",0.0890259260672631,0.201933512458229,0,0,4.13970511345812,10.0132331811128,"MAPK8;MAPK1","Pvalb","VehicleVsPCB_in_HETs"
"PI3K-Akt signaling pathway","5/357",0.0901595283325517,0.201933512458229,0,0,2.16563831676136,5.21090399874838,"MAGI1;HSP90AB1;ERBB4;MAPK1;YWHAZ","Pvalb","VehicleVsPCB_in_HETs"
"Human cytomegalovirus infection","4/255",0.0906489944820968,0.201933512458229,0,0,2.4232990518546,5.81776048381255,"PPP3CA;MAPK1;PLCB1;CALM2","Pvalb","VehicleVsPCB_in_HETs"
"Wnt signaling pathway","3/160",0.0910895735545271,0.201933512458229,0,0,2.89710926016659,6.94121864421999,"PPP3CA;MAPK8;PLCB1","Pvalb","VehicleVsPCB_in_HETs"
"Synaptic vesicle cycle","2/77",0.0930839988966851,0.203898283297501,0,0,4.0289058524173,9.56564172438106,"CACNA1A;ATP6V0C","Pvalb","VehicleVsPCB_in_HETs"
"Hepatitis B","3/163",0.0950117843842736,0.205672568549486,0,0,2.84235576923077,6.69020725301738,"MAPK8;MAPK1;YWHAZ","Pvalb","VehicleVsPCB_in_HETs"
"Tight junction","3/167",0.100347685539065,0.214697373711487,0,0,2.77246716697936,6.37421882086303,"MAGI1;MAPK8;ACTB","Pvalb","VehicleVsPCB_in_HETs"
"Endocytosis","4/269",0.104958900976099,0.221982043443703,0,0,2.29363756033348,5.17028665174168,"HSPA8;GRK3;UBB;EPS15","Pvalb","VehicleVsPCB_in_HETs"
"Gap junction","2/86",0.111970220566275,0.231488995328029,0,0,3.59560159941839,7.8726499947399,"MAPK1;PLCB1","Pvalb","VehicleVsPCB_in_HETs"
"Hypertrophic cardiomyopathy (HCM)","2/86",0.111970220566275,0.231488995328029,0,0,3.59560159941839,7.8726499947399,"CACNB2;ACTB","Pvalb","VehicleVsPCB_in_HETs"
"Taste transduction","2/88",0.11629404041244,0.235143993800978,0,0,3.51162790697674,7.55573611776649,"GABBR2;CACNA1A","Pvalb","VehicleVsPCB_in_HETs"
"Colorectal cancer","2/88",0.11629404041244,0.235143993800978,0,0,3.51162790697674,7.55573611776649,"MAPK8;MAPK1","Pvalb","VehicleVsPCB_in_HETs"
"Antigen processing and presentation","2/90",0.120659818701714,0.236185177033143,0,0,3.43147120055517,7.25680703791269,"HSPA8;HSP90AB1","Pvalb","VehicleVsPCB_in_HETs"
"Dilated cardiomyopathy (DCM)","2/90",0.120659818701714,0.236185177033143,0,0,3.43147120055517,7.25680703791269,"CACNB2;ACTB","Pvalb","VehicleVsPCB_in_HETs"
"GABAergic synapse","2/90",0.120659818701714,0.236185177033143,0,0,3.43147120055517,7.25680703791269,"GABBR2;CACNA1A","Pvalb","VehicleVsPCB_in_HETs"
"Cellular senescence","3/185",0.125766345984014,0.243589554326932,0,0,2.49598478444632,5.17499886144569,"PPP3CA;MAPK1;CALM2","Pvalb","VehicleVsPCB_in_HETs"
"Prostate cancer","2/97",0.136244123048397,0.259028585157655,0,0,3.17750100441945,6.33373493093542,"HSP90AB1;MAPK1","Pvalb","VehicleVsPCB_in_HETs"
"Proximal tubule bicarbonate reclamation","1/22",0.136589962029839,0.259028585157655,0,0,7.15945165945166,14.2528346027981,"MDH1","Pvalb","VehicleVsPCB_in_HETs"
"Phosphatidylinositol signaling system","2/98",0.138506125469413,0.259028585157655,0,0,3.14424300254453,6.2156676233819,"PLCB1;CALM2","Pvalb","VehicleVsPCB_in_HETs"
"Toll-like receptor signaling pathway","2/99",0.140776404976986,0.259028585157655,0,0,3.11167073266703,6.10068695891139,"MAPK8;MAPK1","Pvalb","VehicleVsPCB_in_HETs"
"Choline metabolism in cancer","2/99",0.140776404976986,0.259028585157655,0,0,3.11167073266703,6.10068695891139,"MAPK8;MAPK1","Pvalb","VehicleVsPCB_in_HETs"
"Chemokine signaling pathway","3/197",0.143869684132077,0.262099226537646,0,0,2.34016653449643,4.5372257084099,"GRK3;MAPK1;PLCB1","Pvalb","VehicleVsPCB_in_HETs"
"T cell receptor signaling pathway","2/101",0.145340966683883,0.26218370460622,0,0,3.04850026987432,5.87955955930541,"PPP3CA;MAPK1","Pvalb","VehicleVsPCB_in_HETs"
"Pathways in cancer","6/535",0.146778609964433,0.262206448868501,0,0,1.72704404388015,3.31390371911286,"ARNT2;MAPK8;HSP90AB1;MAPK1;PLCB1;CALM2","Pvalb","VehicleVsPCB_in_HETs"
"HIF-1 signaling pathway","2/104",0.152244770361611,0.269356132178235,0,0,2.95838946265529,5.56847507789001,"MAPK1;GAPDH","Pvalb","VehicleVsPCB_in_HETs"
"Pancreatic secretion","2/105",0.154560431858105,0.270848756779917,0,0,2.92951900985696,5.46991034479749,"ATP2B1;PLCB1","Pvalb","VehicleVsPCB_in_HETs"
"Collecting duct acid secretion","1/27",0.164952596297777,0.28322032260921,0,0,5.78117715617716,10.418242827789,"ATP6V0C","Pvalb","VehicleVsPCB_in_HETs"
"Phototransduction","1/27",0.164952596297777,0.28322032260921,0,0,5.78117715617716,10.418242827789,"CALM2","Pvalb","VehicleVsPCB_in_HETs"
"TNF signaling pathway","2/110",0.166238015444536,0.28322032260921,0,0,2.79318631608708,5.01191110146065,"MAPK8;MAPK1","Pvalb","VehicleVsPCB_in_HETs"
"Mucin type O-glycan biosynthesis","1/28",0.170513160229609,0.287838729194936,0,0,5.56677890011223,9.84731344975716,"GALNTL6","Pvalb","VehicleVsPCB_in_HETs"
"Leukocyte transendothelial migration","2/115",0.178064087897262,0.297852656119057,0,0,2.66891846247382,4.60551705629833,"ARHGAP5;ACTB","Pvalb","VehicleVsPCB_in_HETs"
"Natural killer cell mediated cytotoxicity","2/118",0.185221764706583,0.307034276630732,0,0,2.59949986838642,4.38328043086988,"PPP3CA;MAPK1","Pvalb","VehicleVsPCB_in_HETs"
"Glyoxylate and dicarboxylate metabolism","1/31",0.186975308171412,0.307173720567319,0,0,5.00934343434343,8.39956043536044,"MDH1","Pvalb","VehicleVsPCB_in_HETs"
"Citrate cycle (TCA cycle)","1/32",0.192390307832751,0.31327271363917,0,0,4.8475073313783,7.9898027289773,"MDH1","Pvalb","VehicleVsPCB_in_HETs"
"Prion diseases","1/34",0.203113153381796,0.327831756335531,0,0,4.55325987144169,7.25786003398299,"MAPK1","Pvalb","VehicleVsPCB_in_HETs"
"Autophagy","2/130",0.214218667401197,0.341641514555038,0,0,2.35436545801527,3.62750735636584,"MAPK8;MAPK1","Pvalb","VehicleVsPCB_in_HETs"
"Thyroid cancer","1/37",0.218933037050741,0.341641514555038,0,0,4.17319023569024,6.33903157701046,"MAPK1","Pvalb","VehicleVsPCB_in_HETs"
"FoxO signaling pathway","2/132",0.219096188682035,0.341641514555038,0,0,2.31790957134469,3.5191532909944,"MAPK8;MAPK1","Pvalb","VehicleVsPCB_in_HETs"
"Spliceosome","2/132",0.219096188682035,0.341641514555038,0,0,2.31790957134469,3.5191532909944,"HSPA8;DDX5","Pvalb","VehicleVsPCB_in_HETs"
"Human T-cell leukemia virus 1 infection","3/245",0.223290563069624,0.343676352658178,0,0,1.87142403051494,2.80579120724412,"PPP3CA;MAPK8;MAPK1","Pvalb","VehicleVsPCB_in_HETs"
"Aldosterone-regulated sodium reabsorption","1/38",0.224136751733594,0.343676352658178,0,0,4.06019656019656,6.0720195488163,"MAPK1","Pvalb","VehicleVsPCB_in_HETs"
"African trypanosomiasis","1/39",0.229306056529278,0.348696813234605,0,0,3.95314992025518,5.82179470179666,"PLCB1","Pvalb","VehicleVsPCB_in_HETs"
"Ferroptosis","1/40",0.234441177271383,0.350708752991337,0,0,3.85159285159285,5.58693018993445,"FTH1","Pvalb","VehicleVsPCB_in_HETs"
"Nicotine addiction","1/40",0.234441177271383,0.350708752991337,0,0,3.85159285159285,5.58693018993445,"CACNA1A","Pvalb","VehicleVsPCB_in_HETs"
"Bladder cancer","1/41",0.239542338342275,0.355449921411118,0,0,3.75511363636364,5.36615163861749,"MAPK1","Pvalb","VehicleVsPCB_in_HETs"
"Measles","2/144",0.248526542923871,0.361688468900447,0,0,2.12073970540802,2.95250575037769,"HSPA8;MAPK8","Pvalb","VehicleVsPCB_in_HETs"
"Basal transcription factors","1/43",0.24964367146933,0.361688468900447,0,0,3.57593795093795,4.96240308771368,"GTF2H5","Pvalb","VehicleVsPCB_in_HETs"
"Nucleotide excision repair","1/43",0.24964367146933,0.361688468900447,0,0,3.57593795093795,4.96240308771368,"GTF2H5","Pvalb","VehicleVsPCB_in_HETs"
"Hedgehog signaling pathway","1/44",0.254644285017576,0.366051159712766,0,0,3.49260042283298,4.77748504905084,"GRK3","Pvalb","VehicleVsPCB_in_HETs"
"Phospholipase D signaling pathway","2/149",0.260838224216167,0.372048319812207,0,0,2.04808641013657,2.75233094646375,"MAPK1;PLCB1","Pvalb","VehicleVsPCB_in_HETs"
"Arginine and proline metabolism","1/50",0.283960903877272,0.391987378633269,0,0,3.06400742115028,3.85733627834156,"CKB","Pvalb","VehicleVsPCB_in_HETs"
"Cysteine and methionine metabolism","1/50",0.283960903877272,0.391987378633269,0,0,3.06400742115028,3.85733627834156,"MDH1","Pvalb","VehicleVsPCB_in_HETs"
"N-Glycan biosynthesis","1/50",0.283960903877272,0.391987378633269,0,0,3.06400742115028,3.85733627834156,"TUSC3","Pvalb","VehicleVsPCB_in_HETs"
"Cushing syndrome","2/159",0.285469069222055,0.391987378633269,0,0,1.91666261486848,2.40276964381502,"MAPK1;PLCB1","Pvalb","VehicleVsPCB_in_HETs"
"Hippo signaling pathway","2/159",0.285469069222055,0.391987378633269,0,0,1.91666261486848,2.40276964381502,"YWHAZ;ACTB","Pvalb","VehicleVsPCB_in_HETs"
"Hepatitis C","2/160",0.287929569192528,0.392437338751298,0,0,1.90443521113151,2.37109683483843,"MAPK1;YWHAZ","Pvalb","VehicleVsPCB_in_HETs"
"Amyotrophic lateral sclerosis (ALS)","1/52",0.293476490968141,0.397056428956897,0,0,2.9435531788473,3.60867180812005,"PPP3CA","Pvalb","VehicleVsPCB_in_HETs"
"Hepatocellular carcinoma","2/171",0.314916804990211,0.422953957067144,0,0,1.77948416820995,2.05609926322026,"MAPK1;ACTB","Pvalb","VehicleVsPCB_in_HETs"
"Endometrial cancer","1/58",0.321276704948374,0.428368939931166,0,0,2.63290802764487,2.98954204960887,"MAPK1","Pvalb","VehicleVsPCB_in_HETs"
"Inflammatory bowel disease (IBD)","1/59",0.325803334763717,0.431279234507367,0,0,2.58738244514107,2.90164940278019,"MAF","Pvalb","VehicleVsPCB_in_HETs"
"Phagosome","2/180",0.336835239715824,0.442697743626511,0,0,1.68873831374904,1.83761979892193,"ATP6V0C;ACTB","Pvalb","VehicleVsPCB_in_HETs"
"Aminoacyl-tRNA biosynthesis","1/66",0.356661681769615,0.461219049877912,0,0,2.30792540792541,2.37939635718908,"SARS","Pvalb","VehicleVsPCB_in_HETs"
"Non-small cell lung cancer","1/66",0.356661681769615,0.461219049877912,0,0,2.30792540792541,2.37939635718908,"MAPK1","Pvalb","VehicleVsPCB_in_HETs"
"Glycolysis / Gluconeogenesis","1/67",0.360954039034888,0.461219049877912,0,0,2.27284205693297,2.31603661211012,"GAPDH","Pvalb","VehicleVsPCB_in_HETs"
"Leishmaniasis","1/67",0.360954039034888,0.461219049877912,0,0,2.27284205693297,2.31603661211012,"MAPK1","Pvalb","VehicleVsPCB_in_HETs"
"Acute myeloid leukemia","1/69",0.369453665974705,0.465612839310587,0,0,2.20577094474153,2.19635217709371,"MAPK1","Pvalb","VehicleVsPCB_in_HETs"
"Cortisol synthesis and secretion","1/69",0.369453665974705,0.465612839310587,0,0,2.20577094474153,2.19635217709371,"PLCB1","Pvalb","VehicleVsPCB_in_HETs"
"Adipocytokine signaling pathway","1/71",0.377841082163604,0.470501109104072,0,0,2.14253246753247,2.0852874051684,"MAPK8","Pvalb","VehicleVsPCB_in_HETs"
"Melanoma","1/72",0.381993171491774,0.470501109104072,0,0,2.11224925309432,2.03272844694828,"MAPK1","Pvalb","VehicleVsPCB_in_HETs"
"Alcoholism","2/199",0.382364752460502,0.470501109104072,0,0,1.52439260665711,1.46552098580635,"MAPK1;CALM2","Pvalb","VehicleVsPCB_in_HETs"
"Thyroid hormone synthesis","1/73",0.386117758014754,0.470501109104072,0,0,2.08280723905724,1.98202620246187,"PLCB1","Pvalb","VehicleVsPCB_in_HETs"
"Inositol phosphate metabolism","1/73",0.386117758014754,0.470501109104072,0,0,2.08280723905724,1.98202620246187,"PLCB1","Pvalb","VehicleVsPCB_in_HETs"
"Bacterial invasion of epithelial cells","1/74",0.390215022461636,0.472365553506191,0,0,2.05417185554172,1.93309352722705,"ACTB","Pvalb","VehicleVsPCB_in_HETs"
"Chronic myeloid leukemia","1/76",0.398328302809456,0.479035344555163,0,0,1.99919191919192,1.84021364339142,"MAPK1","Pvalb","VehicleVsPCB_in_HETs"
"Cardiac muscle contraction","1/78",0.406334435387908,0.485490494229709,0,0,1.94706808343172,1.75348809397185,"CACNB2","Pvalb","VehicleVsPCB_in_HETs"
"Regulation of actin cytoskeleton","2/217",0.424253007652835,0.503629376826592,0,0,1.39549085744719,1.19652914693204,"MAPK1;ACTB","Pvalb","VehicleVsPCB_in_HETs"
"Rheumatoid arthritis","1/84",0.429723900202906,0.503933171239821,0,0,1.80576852866009,1.52517443499379,"ATP6V0C","Pvalb","VehicleVsPCB_in_HETs"
"Human papillomavirus infection","3/360",0.429986455894847,0.503933171239821,0,0,1.26115061409179,1.0644130966725,"MAGI1;MAPK1;ATP6V0C","Pvalb","VehicleVsPCB_in_HETs"
"Insulin secretion","1/86",0.437315304892652,0.507234306416344,0,0,1.76310160427807,1.45826278716329,"PLCB1","Pvalb","VehicleVsPCB_in_HETs"
"Viral myocarditis","1/87",0.441073309927255,0.507234306416344,0,0,1.74251233262861,1.42632333139308,"ACTB","Pvalb","VehicleVsPCB_in_HETs"
"Fc gamma R-mediated phagocytosis","1/87",0.441073309927255,0.507234306416344,0,0,1.74251233262861,1.42632333139308,"MAPK1","Pvalb","VehicleVsPCB_in_HETs"
"Viral carcinogenesis","2/229",0.451361946637334,0.515842224728382,0,0,1.32091334028315,1.05076769811471,"MAPK1;YWHAZ","Pvalb","VehicleVsPCB_in_HETs"
"TGF-beta signaling pathway","1/91",0.455857851617844,0.51776447344249,0,0,1.66473063973064,1.30776951872018,"MAPK1","Pvalb","VehicleVsPCB_in_HETs"
"mRNA surveillance pathway","1/96",0.47379379472777,0.534834713066931,0,0,1.57671451355662,1.17777907017781,"CSTF2","Pvalb","VehicleVsPCB_in_HETs"
"Longevity regulating pathway","1/102",0.494543900980058,0.554854132806894,0,0,1.48259825982598,1.04392612796586,"HSPA8","Pvalb","VehicleVsPCB_in_HETs"
"Amoebiasis","1/106",0.507924031260151,0.566412253041623,0,0,1.42582972582973,0.965890402655994,"PLCB1","Pvalb","VehicleVsPCB_in_HETs"
"Insulin resistance","1/110",0.520952562629361,0.577441394721701,0,0,1.37322768974145,0.89547668453779,"MAPK8","Pvalb","VehicleVsPCB_in_HETs"
"Cell cycle","1/123",0.560976296274973,0.617619943736665,0,0,1.22609289617486,0.708775645786607,"YWHAZ","Pvalb","VehicleVsPCB_in_HETs"
"Lysosome","1/124",0.563913861672607,0.617619943736665,0,0,1.21606306972161,0.696626310009194,"ATP6V0C","Pvalb","VehicleVsPCB_in_HETs"
"Oxidative phosphorylation","1/134",0.592237468221402,0.644802923980698,0,0,1.12406015037594,0.588836207282487,"ATP6V0C","Pvalb","VehicleVsPCB_in_HETs"
"Purine metabolism","1/136",0.597679133941325,0.646015259179028,0,0,1.10729517396184,0.569926192827623,"PDE10A","Pvalb","VehicleVsPCB_in_HETs"
"Signaling pathways regulating pluripotency of stem cells","1/137",0.600372876737032,0.646015259179028,0,0,1.09909759358289,0.560764379436631,"MAPK1","Pvalb","VehicleVsPCB_in_HETs"
"Parkinson disease","1/144",0.618734396400825,0.661901912428789,0,0,1.0449247721975,0.501646631304273,"UBB","Pvalb","VehicleVsPCB_in_HETs"
"Breast cancer","1/147",0.626344958870073,0.666170360879153,0,0,1.02329804898298,0.478754092723022,"MAPK1","Pvalb","VehicleVsPCB_in_HETs"
"Gastric cancer","1/150",0.633804723394019,0.668980171463697,0,0,1.00254220052878,0.457173659249914,"MAPK1","Pvalb","VehicleVsPCB_in_HETs"
"Non-alcoholic fatty liver disease (NAFLD)","1/151",0.636258315250799,0.668980171463697,0,0,0.995808080808081,0.450255263092311,"MAPK8","Pvalb","VehicleVsPCB_in_HETs"
"mTOR signaling pathway","1/154",0.643521619228771,0.672772601920988,0,0,0.976133887898594,0.430279482186176,"MAPK1","Pvalb","VehicleVsPCB_in_HETs"
"RNA transport","1/167",0.673368264445256,0.6988268746577,0,0,0.899096385542169,0.355559264645834,"EEF1A1","Pvalb","VehicleVsPCB_in_HETs"
"Neuroactive ligand-receptor interaction","2/348",0.676039041788427,0.6988268746577,0,0,0.861359925870361,0.33722624444508,"GABBR2;THRB","Pvalb","VehicleVsPCB_in_HETs"
"Ribosome","1/170",0.67989576875038,0.698887270670782,0,0,0.883001613770845,0.340675950892651,"RPL13","Pvalb","VehicleVsPCB_in_HETs"
"Huntington disease","1/192",0.723967836460949,0.740056010604526,0,0,0.780422021259718,0.252082800016403,"PLCB1","Pvalb","VehicleVsPCB_in_HETs"
"Epstein-Barr virus infection","1/229",0.78491816452456,0.796459371860353,0,0,0.652545188729399,0.158030663327286,"MAPK8","Pvalb","VehicleVsPCB_in_HETs"
"Thermogenesis","1/231",0.787802204774914,0.796459371860353,0,0,0.646805006587615,0.15426831714778,"ACTB","Pvalb","VehicleVsPCB_in_HETs"
"MicroRNAs in cancer","1/281",0.848652331723188,0.853289776158834,0,0,0.529951298701299,0.0869680181400127,"ZEB2","Pvalb","VehicleVsPCB_in_HETs"
"Olfactory transduction","2/1133",0.996227374107007,0.996227374107007,0,0,0.252914059705321,0.00095595449564976,"GRK3;CALM2","Pvalb","VehicleVsPCB_in_HETs"
"Ribosome","28/170",3.97510119196968e-27,7.07568012170602e-25,0,0,24.7081726024939,1502.00356889759,"RPL32;RPL34;RPLP1;RPL12;RPL11;RPL35;RPL13;RPL37;RPS2;RPS10;RPS13;RPL19;RPS9;RPS7;RPS8;RPL23;RPS5;RPL13A;MRPS21;RPSA;RPL24;RPL27;RPS20;RPL22L1;RPL26;UBA52;RPS21;RPS24","Sncg","VehicleVsPCB_in_HETs"
"Oxidative phosphorylation","14/134",2.65723263603966e-11,2.3649370460753e-09,0,0,13.437134502924,327.20968865547,"NDUFB9;COX7B;NDUFA6;NDUFA11;NDUFA4;COX4I1;COX6C;COX7C;COX6B1;ATP5L;UQCRQ;ATP6V0D1;ATP6V1D;ATP6V0C","Sncg","VehicleVsPCB_in_HETs"
"Parkinson disease","13/144",8.70139830498425e-10,5.16282966095732e-08,0,0,11.3568258476833,236.930270975461,"NDUFB9;COX7B;NDUFA6;NDUFA11;NDUFA4;COX4I1;COX6C;COX7C;COX6B1;UBB;UQCRQ;VDAC1;SLC25A4","Sncg","VehicleVsPCB_in_HETs"
"Huntington disease","13/192",2.87408907222143e-08,1.20144704384155e-06,0,0,8.29115239703781,143.97540506563,"NDUFB9;COX7B;NDUFA6;NDUFA11;NDUFA4;COX4I1;DCTN4;COX6C;COX7C;COX6B1;UQCRQ;VDAC1;SLC25A4","Sncg","VehicleVsPCB_in_HETs"
"Thermogenesis","14/231",3.37485124674593e-08,1.20144704384155e-06,0,0,7.39407658932277,127.210129958688,"NDUFB9;COX7B;NDUFA6;NDUFA11;NDUFA4;COX4I1;COX6C;COX7C;ACTG1;COX6B1;ATP5L;UQCRQ;CNR1;GNAS","Sncg","VehicleVsPCB_in_HETs"
"Alzheimer disease","12/175",8.66597982691231e-08,2.57090734865065e-06,0,0,8.36284974644491,135.99060577005,"NDUFB9;COX7B;NDUFA6;NDUFA11;UQCRQ;NDUFA4;COX4I1;COX6C;CALM2;COX7C;GAPDH;COX6B1","Sncg","VehicleVsPCB_in_HETs"
"Non-alcoholic fatty liver disease (NAFLD)","11/151",1.64448840534503e-07,4.18169908787735e-06,0,0,8.88444170771757,138.780899310452,"CDC42;NDUFB9;COX7B;NDUFA6;NDUFA11;UQCRQ;NDUFA4;COX4I1;COX6C;COX7C;COX6B1","Sncg","VehicleVsPCB_in_HETs"
"Cardiac muscle contraction","7/78",7.8526411514221e-06,0.000174721265619142,0,0,10.9359075803133,128.547882291422,"COX7B;UQCRQ;COX4I1;ATP1B1;COX6C;COX7C;COX6B1","Sncg","VehicleVsPCB_in_HETs"
"Synaptic vesicle cycle","6/77",7.94345928570663e-05,0.00157103972539531,0,0,9.32126839247777,87.9981483269838,"DNM3;SLC1A2;ATP6V0D1;CPLX2;ATP6V0C;ATP6V1D","Sncg","VehicleVsPCB_in_HETs"
"Collecting duct acid secretion","3/27",0.00193415017362875,0.0344278730905918,0,0,13.5927197802198,84.9284989575957,"ATP6V0D1;ATP6V1D;ATP6V0C","Sncg","VehicleVsPCB_in_HETs"
"Circadian rhythm","3/30",0.00263064865423584,0.0408175317588119,0,0,12.0805860805861,71.7650215317292,"CRY2;SKP1A;RBX1","Sncg","VehicleVsPCB_in_HETs"
"Retrograde endocannabinoid signaling","6/150",0.00275174371407721,0.0408175317588119,0,0,4.57891061452514,26.9950613516422,"NDUFB9;GABRA1;NDUFA6;NDUFA11;CNR1;NDUFA4","Sncg","VehicleVsPCB_in_HETs"
"Protein processing in endoplasmic reticulum","6/163",0.00414143445437965,0.0563315341662435,0,0,4.1969896452336,23.0276779184622,"DNAJA1;HSPA8;HSP90AB1;TUSC3;SKP1A;RBX1","Sncg","VehicleVsPCB_in_HETs"
"Taurine and hypotaurine metabolism","2/11",0.00443057010296298,0.0563315341662435,0,0,24.0510018214936,130.337838731681,"GGT7;GAD2","Sncg","VehicleVsPCB_in_HETs"
"Bacterial invasion of epithelial cells","4/74",0.00492726161136447,0.058470171121525,0,0,6.2336227308603,33.1190624001079,"DNM3;CDC42;ELMO1;ACTG1","Sncg","VehicleVsPCB_in_HETs"
"Salivary secretion","4/78",0.00593677420810052,0.0660466130651183,0,0,5.89547558608332,30.2236823865739,"CST3;GNAS;ATP1B1;CALM2","Sncg","VehicleVsPCB_in_HETs"
"Spliceosome","5/132",0.00771439299768188,0.0807742325639632,0,0,4.30621172353456,20.9482881096297,"HSPA8;HNRNPA3;SRSF3;PRPF40A;U2SURP","Sncg","VehicleVsPCB_in_HETs"
"Rap1 signaling pathway","6/209",0.0133034962974494,0.131556796719222,0,0,3.23835209290806,13.988801501028,"CDC42;CNR1;GNAS;KRIT1;CALM2;ACTG1","Sncg","VehicleVsPCB_in_HETs"
"Endocrine and other factor-regulated calcium reabsorption","3/55",0.0143653759614686,0.13458089058639,0,0,6.26468723584108,26.580657071193,"DNM3;GNAS;ATP1B1","Sncg","VehicleVsPCB_in_HETs"
"Proximal tubule bicarbonate reclamation","2/22",0.017409275596361,0.154942552807613,0,0,10.8169398907104,43.8167423515706,"MDH1;ATP1B1","Sncg","VehicleVsPCB_in_HETs"
"Glutathione metabolism","3/64",0.0214826313867923,0.182090875564239,0,0,5.33795712484237,20.5004804548535,"GGT7;GPX4;MGST3","Sncg","VehicleVsPCB_in_HETs"
"Oocyte meiosis","4/116",0.0227770302154967,0.184286880834473,0,0,3.88772691397001,14.703393675879,"YWHAB;SKP1A;CALM2;RBX1","Sncg","VehicleVsPCB_in_HETs"
"Necroptosis","5/176",0.0240349978367212,0.186009983258103,0,0,3.19103313840156,11.8969510060999,"FTL1;HSP90AB1;VDAC1;PPIA;SLC25A4","Sncg","VehicleVsPCB_in_HETs"
"Gastric acid secretion","3/74",0.0312740294608605,0.223283831977298,0,0,4.58381055564154,15.8827534808837,"GNAS;ATP1B1;CALM2","Sncg","VehicleVsPCB_in_HETs"
"Calcium signaling pathway","5/189",0.0313600887608564,0.223283831977298,0,0,2.96361714975845,10.2606923547688,"GNAS;HTR2C;VDAC1;CALM2;SLC25A4","Sncg","VehicleVsPCB_in_HETs"
"Estrogen signaling pathway","4/134",0.0360062417033739,0.246504270123098,0,0,3.34636634084148,11.123532454061,"HSPA8;HSP90AB1;GNAS;CALM2","Sncg","VehicleVsPCB_in_HETs"
"Rheumatoid arthritis","3/84",0.0430259771643421,0.279606478843499,0,0,4.01587301587302,12.6337406361183,"ATP6V0D1;ATP6V0C;ATP6V1D","Sncg","VehicleVsPCB_in_HETs"
"Fluid shear stress and atherosclerosis","4/143",0.0439830416158313,0.279606478843499,0,0,3.12826423943718,9.7725446281844,"HSP90AB1;MGST3;CALM2;ACTG1","Sncg","VehicleVsPCB_in_HETs"
"Insulin secretion","3/86",0.0456064097054169,0.279928997502214,0,0,3.91870779822587,12.0998215333342,"GNAS;CCK;ATP1B1","Sncg","VehicleVsPCB_in_HETs"
"GnRH signaling pathway","3/90",0.0509918938688861,0.293573553444824,0,0,3.73777946191739,11.1239628557869,"CDC42;GNAS;CALM2","Sncg","VehicleVsPCB_in_HETs"
"TGF-beta signaling pathway","3/91",0.0523844835021463,0.293573553444824,0,0,3.69511738261738,10.8974363912487,"ID2;SKP1A;RBX1","Sncg","VehicleVsPCB_in_HETs"
"Ferroptosis","2/40",0.0527772680350245,0.293573553444824,0,0,5.68794938165085,16.7320968512554,"FTL1;GPX4","Sncg","VehicleVsPCB_in_HETs"
"Vasopressin-regulated water reabsorption","2/43",0.060020729541996,0.323748177529554,0,0,5.27095828335333,14.8275497606412,"DCTN4;GNAS","Sncg","VehicleVsPCB_in_HETs"
"Mineral absorption","2/44",0.0625070731166688,0.327242912199031,0,0,5.14519906323185,14.2649386478491,"FTL1;ATP1B1","Sncg","VehicleVsPCB_in_HETs"
"Aldosterone synthesis and secretion","3/102",0.0688838742133416,0.350323703142137,0,0,3.28271728271728,8.78236244930636,"GNAS;ATP1B1;CALM2","Sncg","VehicleVsPCB_in_HETs"
"Pancreatic secretion","3/105",0.0737465174780349,0.364635558641395,0,0,3.18568196509373,8.30545996092381,"GNAS;CCK;ATP1B1","Sncg","VehicleVsPCB_in_HETs"
"cGMP-PKG signaling pathway","4/172",0.0758456932702656,0.364879281138034,0,0,2.58445146014207,6.66544079191416,"VDAC1;ATP1B1;CALM2;SLC25A4","Sncg","VehicleVsPCB_in_HETs"
"Cysteine and methionine metabolism","2/50",0.078120393358315,0.365932368888949,0,0,4.50068306010929,11.4745100841243,"MAT2A;MDH1","Sncg","VehicleVsPCB_in_HETs"
"Axon guidance","4/180",0.086236020638359,0.383750291840697,0,0,2.46597187343044,6.04327667180494,"ENAH;CDC42;SEMA3C;CFL1","Sncg","VehicleVsPCB_in_HETs"
"Phagosome","4/180",0.086236020638359,0.383750291840697,0,0,2.46597187343044,6.04327667180494,"ATP6V0D1;ATP6V1D;ATP6V0C;ACTG1","Sncg","VehicleVsPCB_in_HETs"
"Regulation of lipolysis in adipocytes","2/56",0.094801220451643,0.411576030253474,0,0,3.99939283545841,9.42246152010218,"NPY;GNAS","Sncg","VehicleVsPCB_in_HETs"
"Legionellosis","2/58",0.10057059511674,0.418925035014156,0,0,3.85616705698673,8.85721221712738,"EEF1A1;HSPA8","Sncg","VehicleVsPCB_in_HETs"
"Neurotrophin signaling pathway","3/121",0.102096930757102,0.418925035014156,0,0,2.75149003538834,6.27843970372006,"CDC42;MAGED1;CALM2","Sncg","VehicleVsPCB_in_HETs"
"Endocytosis","5/269",0.104956086065225,0.418925035014156,0,0,2.05713383838384,4.63721834369318,"DNM3;CDC42;HSPA8;UBB;VPS35","Sncg","VehicleVsPCB_in_HETs"
"Cell cycle","3/123",0.105908014469871,0.418925035014156,0,0,2.70535714285714,6.07402551731923,"YWHAB;SKP1A;RBX1","Sncg","VehicleVsPCB_in_HETs"
"Inflammatory mediator regulation of TRP channels","3/127",0.113694630557684,0.439948787810169,0,0,2.61755583126551,5.69119224520756,"GNAS;HTR2C;CALM2","Sncg","VehicleVsPCB_in_HETs"
"Glycolysis / Gluconeogenesis","2/67",0.12763302385679,0.46385948186838,0,0,3.32072299285414,6.83602751484662,"TPI1;GAPDH","Sncg","VehicleVsPCB_in_HETs"
"Amphetamine addiction","2/68",0.13073822671968,0.46385948186838,0,0,3.2702434177844,6.6535006411171,"GNAS;CALM2","Sncg","VehicleVsPCB_in_HETs"
"Renal cell carcinoma","2/68",0.13073822671968,0.46385948186838,0,0,3.2702434177844,6.6535006411171,"CDC42;RBX1","Sncg","VehicleVsPCB_in_HETs"
"cAMP signaling pathway","4/211",0.132425223290203,0.46385948186838,0,0,2.09336215869966,4.23222803499575,"NPY;GNAS;ATP1B1;CALM2","Sncg","VehicleVsPCB_in_HETs"
"Ubiquitin mediated proteolysis","3/138",0.136162864257349,0.46385948186838,0,0,2.4029304029304,4.79121152907484,"UBE4A;SKP1A;RBX1","Sncg","VehicleVsPCB_in_HETs"
"Regulation of actin cytoskeleton","4/217",0.142353654226315,0.46385948186838,0,0,2.03377169091899,3.96471750173398,"ENAH;CDC42;CFL1;ACTG1","Sncg","VehicleVsPCB_in_HETs"
"Adherens junction","2/72",0.143327367993039,0.46385948186838,0,0,3.08274785323966,5.98861989931707,"CDC42;ACTG1","Sncg","VehicleVsPCB_in_HETs"
"Arrhythmogenic right ventricular cardiomyopathy (ARVC)","2/72",0.143327367993039,0.46385948186838,0,0,3.08274785323966,5.98861989931707,"CDH2;ACTG1","Sncg","VehicleVsPCB_in_HETs"
"Bile secretion","2/72",0.143327367993039,0.46385948186838,0,0,3.08274785323966,5.98861989931707,"GNAS;ATP1B1","Sncg","VehicleVsPCB_in_HETs"
"Thyroid hormone synthesis","2/73",0.146513889503224,0.465704863063819,0,0,3.0391749403525,5.8371459017409,"GNAS;ATP1B1","Sncg","VehicleVsPCB_in_HETs"
"Pertussis","2/76",0.156158834302378,0.476039004802546,0,0,2.91552207945651,5.41377936528232,"CFL1;CALM2","Sncg","VehicleVsPCB_in_HETs"
"Renin secretion","2/76",0.156158834302378,0.476039004802546,0,0,2.91552207945651,5.41377936528232,"GNAS;CALM2","Sncg","VehicleVsPCB_in_HETs"
"Adrenergic signaling in cardiomyocytes","3/148",0.157788209457024,0.476039004802546,0,0,2.23607427055703,4.1289146995903,"GNAS;ATP1B1;CALM2","Sncg","VehicleVsPCB_in_HETs"
"Salmonella infection","2/78",0.162654672974033,0.482542196489633,0,0,2.83851020995111,5.15509189901234,"CDC42;ACTG1","Sncg","VehicleVsPCB_in_HETs"
"Oxytocin signaling pathway","3/154",0.171241024897528,0.499686925110818,0,0,2.14656866312495,3.78801368444699,"GNAS;CALM2;ACTG1","Sncg","VehicleVsPCB_in_HETs"
"Human immunodeficiency virus 1 infection","4/238",0.179250346154046,0.514621961539034,0,0,1.84927043490579,3.1788438546297,"CFL1;SKP1A;CALM2;RBX1","Sncg","VehicleVsPCB_in_HETs"
"Hippo signaling pathway","3/159",0.182694048838184,0.516183185606298,0,0,2.07724006762468,3.53118844420126,"YWHAB;ID2;ACTG1","Sncg","VehicleVsPCB_in_HETs"
"Gap junction","2/86",0.189078625711723,0.518228303492549,0,0,2.56713505074161,4.27580047978678,"GNAS;HTR2C","Sncg","VehicleVsPCB_in_HETs"
"Fc gamma R-mediated phagocytosis","2/87",0.192423421547026,0.518228303492549,0,0,2.53680488588878,4.18079908672628,"CDC42;CFL1","Sncg","VehicleVsPCB_in_HETs"
"Phenylalanine metabolism","1/23",0.192536764752594,0.518228303492549,0,0,4.88957509881423,8.05541928028239,"MIF","Sncg","VehicleVsPCB_in_HETs"
"Antigen processing and presentation","2/90",0.202502888770921,0.518228303492549,0,0,2.44995032290114,3.91257342677175,"HSPA8;HSP90AB1","Sncg","VehicleVsPCB_in_HETs"
"Dilated cardiomyopathy (DCM)","2/90",0.202502888770921,0.518228303492549,0,0,2.44995032290114,3.91257342677175,"GNAS;ACTG1","Sncg","VehicleVsPCB_in_HETs"
"GABAergic synapse","2/90",0.202502888770921,0.518228303492549,0,0,2.44995032290114,3.91257342677175,"GABRA1;GAD2","Sncg","VehicleVsPCB_in_HETs"
"Influenza A","3/168",0.20379764744089,0.518228303492549,0,0,1.96303696303696,3.12246097292606,"HSPA8;VDAC1;ACTG1","Sncg","VehicleVsPCB_in_HETs"
"Morphine addiction","2/92",0.209255915264264,0.524613421366746,0,0,2.39526411657559,3.74666566663327,"GABRA1;GNAS","Sncg","VehicleVsPCB_in_HETs"
"Neuroactive ligand-receptor interaction","5/348",0.220871411290332,0.526651057607167,0,0,1.57693553611921,2.38144798644405,"GABRA1;CNR1;NPY;HTR2C;CCK","Sncg","VehicleVsPCB_in_HETs"
"Butanoate metabolism","1/27",0.222036516763342,0.526651057607167,0,0,4.13649665551839,6.22506933161942,"GAD2","Sncg","VehicleVsPCB_in_HETs"
"Phototransduction","1/27",0.222036516763342,0.526651057607167,0,0,4.13649665551839,6.22506933161942,"CALM2","Sncg","VehicleVsPCB_in_HETs"
"Pathways in cancer","7/535",0.227543226756611,0.526651057607167,0,0,1.43651046986721,2.12663172039407,"CDC42;HSP90AB1;MGST3;GNAS;SKP1A;CALM2;RBX1","Sncg","VehicleVsPCB_in_HETs"
"Tuberculosis","3/178",0.227864066457509,0.526651057607167,0,0,1.84992150706436,2.73604505948551,"ATP6V0D1;CALM2;ATP6V0C","Sncg","VehicleVsPCB_in_HETs"
"Circadian entrainment","2/99",0.233051909864011,0.526651057607167,0,0,2.2216213171089,3.23577825441408,"GNAS;CALM2","Sncg","VehicleVsPCB_in_HETs"
"Fatty acid elongation","1/29",0.236381889283243,0.526651057607167,0,0,3.84064440993789,5.53938680706065,"HACD3","Sncg","VehicleVsPCB_in_HETs"
"Melanogenesis","2/100",0.236466713345862,0.526651057607167,0,0,2.19884019181443,3.17061283850338,"GNAS;CALM2","Sncg","VehicleVsPCB_in_HETs"
"Human papillomavirus infection","5/360",0.241174179761894,0.526651057607167,0,0,1.5226917057903,2.16562676131134,"CDC42;GNAS;ATP6V0D1;ATP6V1D;ATP6V0C","Sncg","VehicleVsPCB_in_HETs"
"Glucagon signaling pathway","2/102",0.243304298951189,0.526651057607167,0,0,2.15464480874317,3.04546624344377,"GNAS;CALM2","Sncg","VehicleVsPCB_in_HETs"
"Cellular senescence","3/185",0.245020168845437,0.526651057607167,0,0,1.77813669846637,2.50079768025283,"VDAC1;CALM2;SLC25A4","Sncg","VehicleVsPCB_in_HETs"
"HIF-1 signaling pathway","2/104",0.250150276779972,0.526651057607167,0,0,2.11218257794921,2.92683753092493,"GAPDH;RBX1","Sncg","VehicleVsPCB_in_HETs"
"Glyoxylate and dicarboxylate metabolism","1/31",0.250464141594742,0.526651057607167,0,0,3.58423913043478,4.96216228707547,"MDH1","Sncg","VehicleVsPCB_in_HETs"
"Biosynthesis of unsaturated fatty acids","1/32",0.25740810119002,0.526651057607167,0,0,3.46844319775596,4.70699828906081,"HACD3","Sncg","VehicleVsPCB_in_HETs"
"beta-Alanine metabolism","1/32",0.25740810119002,0.526651057607167,0,0,3.46844319775596,4.70699828906081,"GAD2","Sncg","VehicleVsPCB_in_HETs"
"Citrate cycle (TCA cycle)","1/32",0.25740810119002,0.526651057607167,0,0,3.46844319775596,4.70699828906081,"MDH1","Sncg","VehicleVsPCB_in_HETs"
"Fructose and mannose metabolism","1/35",0.277858399660909,0.556909737749214,0,0,3.16192455242967,4.04929859603461,"TPI1","Sncg","VehicleVsPCB_in_HETs"
"Alcoholism","3/199",0.279881248601656,0.556909737749214,0,0,1.64994954025566,2.10102904362517,"NPY;GNAS;CALM2","Sncg","VehicleVsPCB_in_HETs"
"Glutamatergic synapse","2/114",0.284417801774451,0.556909737749214,0,0,1.92261904761905,2.41733005597902,"SLC1A2;GNAS","Sncg","VehicleVsPCB_in_HETs"
"Thyroid hormone signaling pathway","2/115",0.287840988050155,0.556909737749214,0,0,1.90550800328836,2.37301882047383,"ATP1B1;ACTG1","Sncg","VehicleVsPCB_in_HETs"
"Leukocyte transendothelial migration","2/115",0.287840988050155,0.556909737749214,0,0,1.90550800328836,2.37301882047383,"CDC42;ACTG1","Sncg","VehicleVsPCB_in_HETs"
"Alanine, aspartate and glutamate metabolism","1/37",0.291179746335624,0.557311772556356,0,0,2.98596014492754,3.68412097548012,"GAD2","Sncg","VehicleVsPCB_in_HETs"
"Aldosterone-regulated sodium reabsorption","1/38",0.297748475695574,0.557886617619075,0,0,2.9051116333725,3.51956072696614,"ATP1B1","Sncg","VehicleVsPCB_in_HETs"
"Pyruvate metabolism","1/38",0.297748475695574,0.557886617619075,0,0,2.9051116333725,3.51956072696614,"MDH1","Sncg","VehicleVsPCB_in_HETs"
"Tyrosine metabolism","1/40",0.310704847407222,0.570159410706037,0,0,2.75585284280936,3.22134907550715,"MIF","Sncg","VehicleVsPCB_in_HETs"
"Nicotine addiction","1/40",0.310704847407222,0.570159410706037,0,0,2.75585284280936,3.22134907550715,"GABRA1","Sncg","VehicleVsPCB_in_HETs"
"Lysosome","2/124",0.318540736250025,0.578573990331679,0,0,1.7641315058676,2.01817510783438,"ATP6V0D1;ATP6V0C","Sncg","VehicleVsPCB_in_HETs"
"Platelet activation","2/125",0.321935311503725,0.578833186340031,0,0,1.74970011995202,1.98311825130888,"GNAS;ACTG1","Sncg","VehicleVsPCB_in_HETs"
"Carbohydrate digestion and absorption","1/43",0.329694938337861,0.581046524991478,0,0,2.55861801242236,2.83901051613811,"ATP1B1","Sncg","VehicleVsPCB_in_HETs"
"Nucleotide excision repair","1/43",0.329694938337861,0.581046524991478,0,0,2.55861801242236,2.83901051613811,"RBX1","Sncg","VehicleVsPCB_in_HETs"
"Serotonergic synapse","2/132",0.345569988602202,0.597173175685021,0,0,1.65489701555275,1.75842751244989,"GNAS;HTR2C","Sncg","VehicleVsPCB_in_HETs"
"Proteasome","1/46",0.348164601378486,0.597173175685021,0,0,2.38768115942029,2.51919444324375,"PSMA3","Sncg","VehicleVsPCB_in_HETs"
"Ether lipid metabolism","1/47",0.354207968369671,0.597173175685021,0,0,2.33565689981096,2.42411069557756,"ENPP2","Sncg","VehicleVsPCB_in_HETs"
"Viral carcinogenesis","3/229",0.355607823772267,0.597173175685021,0,0,1.42874161236993,1.47721420612165,"CDC42;YWHAB;ATP6V0D1","Sncg","VehicleVsPCB_in_HETs"
"Dopaminergic synapse","2/135",0.355619981025912,0.597173175685021,0,0,1.61732199350836,1.67213722038058,"GNAS;CALM2","Sncg","VehicleVsPCB_in_HETs"
"Cocaine addiction","1/48",0.360195605380552,0.599203904277928,0,0,2.28584643848289,2.33409619211348,"GNAS","Sncg","VehicleVsPCB_in_HETs"
"Cholesterol metabolism","1/49",0.366128023610995,0.602361925897845,0,0,2.23811141304348,2.24879216292242,"VDAC1","Sncg","VehicleVsPCB_in_HETs"
"N-Glycan biosynthesis","1/50",0.372005729477856,0.602361925897845,0,0,2.19232475598935,2.16787161609636,"TUSC3","Sncg","VehicleVsPCB_in_HETs"
"Vascular smooth muscle contraction","2/140",0.372246133981814,0.602361925897845,0,0,1.55832739368021,1.53993911954896,"GNAS;CALM2","Sncg","VehicleVsPCB_in_HETs"
"Fanconi anemia pathway","1/51",0.37782922497138,0.605888306710862,0,0,2.14836956521739,2.0910359648401,"REV1","Sncg","VehicleVsPCB_in_HETs"
"Amyotrophic lateral sclerosis (ALS)","1/52",0.383599007260742,0.60964842225368,0,0,2.10613810741688,2.01801207405817,"SLC1A2","Sncg","VehicleVsPCB_in_HETs"
"Phospholipase D signaling pathway","2/149",0.401725706978798,0.632806865860407,0,0,1.46225047396008,1.33355158669874,"DNM3;GNAS","Sncg","VehicleVsPCB_in_HETs"
"Ovarian steroidogenesis","1/57",0.411659311657391,0.642766293640488,0,0,1.9176048136646,1.7019877658886,"GNAS","Sncg","VehicleVsPCB_in_HETs"
"VEGF signaling pathway","1/58",0.417117006983496,0.64562458472228,0,0,1.88386727688787,1.64723189045373,"CDC42","Sncg","VehicleVsPCB_in_HETs"
"Inflammatory bowel disease (IBD)","1/59",0.422524345509002,0.648356323281055,0,0,1.85129310344828,1.59490421021504,"MAF","Sncg","VehicleVsPCB_in_HETs"
"Long-term depression","1/61",0.43318979630926,0.658975395852575,0,0,1.78940217391304,1.49697685092192,"GNAS","Sncg","VehicleVsPCB_in_HETs"
"Wnt signaling pathway","2/160",0.436848857924741,0.658975395852575,0,0,1.35968734868922,1.12604956114055,"SKP1A;RBX1","Sncg","VehicleVsPCB_in_HETs"
"Mitophagy","1/63",0.443659310556758,0.663624851084899,0,0,1.73150420757363,1.40719057728629,"UBB","Sncg","VehicleVsPCB_in_HETs"
"Tight junction","2/167",0.4586158813704,0.664245142119543,0,0,1.30153999006458,1.01460545012143,"CDC42;ACTG1","Sncg","VehicleVsPCB_in_HETs"
"Aminoacyl-tRNA biosynthesis","1/66",0.459004015232926,0.664245142119543,0,0,1.65133779264214,1.28589066414884,"NARS","Sncg","VehicleVsPCB_in_HETs"
"Metabolism of xenobiotics by cytochrome P450","1/66",0.459004015232926,0.664245142119543,0,0,1.65133779264214,1.28589066414884,"MGST3","Sncg","VehicleVsPCB_in_HETs"
"Long-term potentiation","1/67",0.464024785907813,0.664245142119543,0,0,1.62623517786561,1.24865152014791,"CALM2","Sncg","VehicleVsPCB_in_HETs"
"Cell adhesion molecules (CAMs)","2/170",0.467795753682059,0.664245142119543,0,0,1.27810304449649,0.971004920985692,"CDH2;NRXN3","Sncg","VehicleVsPCB_in_HETs"
"Hepatocellular carcinoma","2/171",0.47083527987689,0.664245142119543,0,0,1.27047563617551,0.95698192389893,"MGST3;ACTG1","Sncg","VehicleVsPCB_in_HETs"
"Type I diabetes mellitus","1/69",0.473927713759449,0.664245142119543,0,0,1.57824488491049,1.17847619975872,"GAD2","Sncg","VehicleVsPCB_in_HETs"
"Cortisol synthesis and secretion","1/69",0.473927713759449,0.664245142119543,0,0,1.57824488491049,1.17847619975872,"GNAS","Sncg","VehicleVsPCB_in_HETs"
"Adipocytokine signaling pathway","1/71",0.483648640780886,0.67257389108592,0,0,1.53299689440994,1.11356370844551,"NPY","Sncg","VehicleVsPCB_in_HETs"
"Inositol phosphate metabolism","1/73",0.493190894057646,0.680526970095046,0,0,1.49026268115942,1.05340554509104,"TPI1","Sncg","VehicleVsPCB_in_HETs"
"Glioma","1/75",0.502557740131744,0.682864715598858,0,0,1.4498384253819,0.997553702311029,"CALM2","Sncg","VehicleVsPCB_in_HETs"
"Pancreatic cancer","1/75",0.502557740131744,0.682864715598858,0,0,1.4498384253819,0.997553702311029,"CDC42","Sncg","VehicleVsPCB_in_HETs"
"Transcriptional misregulation in cancer","2/183",0.506484929154389,0.682987252950615,0,0,1.18552063520816,0.806463109754142,"MAF;ID2","Sncg","VehicleVsPCB_in_HETs"
"Chemokine signaling pathway","2/197",0.546066570057259,0.70650019843443,0,0,1.09962168978562,0.665286943113583,"CDC42;ELMO1","Sncg","VehicleVsPCB_in_HETs"
"PPAR signaling pathway","1/85",0.546871093832705,0.70650019843443,0,0,1.27659161490683,0.770476866573222,"FABP5","Sncg","VehicleVsPCB_in_HETs"
"Hypertrophic cardiomyopathy (HCM)","1/86",0.551080414578702,0.70650019843443,0,0,1.26150895140665,0.751701062976355,"ACTG1","Sncg","VehicleVsPCB_in_HETs"
"Focal adhesion","2/199",0.551538564568898,0.70650019843443,0,0,1.08834706388172,0.64761386356888,"CDC42;ACTG1","Sncg","VehicleVsPCB_in_HETs"
"Th1 and Th2 cell differentiation","1/87",0.555250842239147,0.70650019843443,0,0,1.24677704752275,0.733522947469539,"MAF","Sncg","VehicleVsPCB_in_HETs"
"Viral myocarditis","1/87",0.555250842239147,0.70650019843443,0,0,1.24677704752275,0.733522947469539,"ACTG1","Sncg","VehicleVsPCB_in_HETs"
"Taste transduction","1/88",0.55938273431602,0.70650019843443,0,0,1.23238380809595,0.715918081955272,"GABRA1","Sncg","VehicleVsPCB_in_HETs"
"Proteoglycans in cancer","2/203",0.562343545706881,0.70650019843443,0,0,1.06647092406818,0.613905801803572,"CDC42;ACTG1","Sncg","VehicleVsPCB_in_HETs"
"Progesterone-mediated oocyte maturation","1/90",0.567532325047698,0.70650019843443,0,0,1.20456765999023,0.682336470557111,"HSP90AB1","Sncg","VehicleVsPCB_in_HETs"
"Protein digestion and absorption","1/90",0.567532325047698,0.70650019843443,0,0,1.20456765999023,0.682336470557111,"ATP1B1","Sncg","VehicleVsPCB_in_HETs"
"NOD-like receptor signaling pathway","2/205",0.567676235018318,0.70650019843443,0,0,1.05585614686802,0.597830007091738,"HSP90AB1;VDAC1","Sncg","VehicleVsPCB_in_HETs"
"IL-17 signaling pathway","1/91",0.571550722328977,0.70650019843443,0,0,1.1911231884058,0.666316749470793,"HSP90AB1","Sncg","VehicleVsPCB_in_HETs"
"Chemical carcinogenesis","1/94",0.58338444697905,0.713121336994065,0,0,1.15252454417952,0.621105712634819,"MGST3","Sncg","VehicleVsPCB_in_HETs"
"mRNA surveillance pathway","1/96",0.59109241578099,0.713121336994065,0,0,1.12814645308924,0.593160115897145,"CSTF2","Sncg","VehicleVsPCB_in_HETs"
"Prostate cancer","1/97",0.594893042215134,0.713121336994065,0,0,1.11633831521739,0.579796706055017,"HSP90AB1","Sncg","VehicleVsPCB_in_HETs"
"Kaposi sarcoma-associated herpesvirus infection","2/216",0.596169147387991,0.713121336994065,0,0,1.00102139829426,0.517759146545078,"UBB;CALM2","Sncg","VehicleVsPCB_in_HETs"
"Phosphatidylinositol signaling system","1/98",0.598658532521657,0.713121336994065,0,0,1.10477364410578,0.566819481071231,"CALM2","Sncg","VehicleVsPCB_in_HETs"
"AGE-RAGE signaling pathway in diabetic complications","1/101",0.609747402011905,0.713121336994065,0,0,1.07146739130435,0.530066171712688,"CDC42","Sncg","VehicleVsPCB_in_HETs"
"T cell receptor signaling pathway","1/101",0.609747402011905,0.713121336994065,0,0,1.07146739130435,0.530066171712688,"CDC42","Sncg","VehicleVsPCB_in_HETs"
"Th17 cell differentiation","1/102",0.613375548822533,0.713121336994065,0,0,1.06080499354283,0.518498026247922,"HSP90AB1","Sncg","VehicleVsPCB_in_HETs"
"Longevity regulating pathway","1/102",0.613375548822533,0.713121336994065,0,0,1.06080499354283,0.518498026247922,"HSPA8","Sncg","VehicleVsPCB_in_HETs"
"Chagas disease (American trypanosomiasis)","1/103",0.616970145489247,0.713121336994065,0,0,1.05035166240409,0.5072512049108,"GNAS","Sncg","VehicleVsPCB_in_HETs"
"Amoebiasis","1/106",0.627555706643264,0.718095729166281,0,0,1.02018633540373,0.47532811103701,"GNAS","Sncg","VehicleVsPCB_in_HETs"
"Parathyroid hormone synthesis, secretion and action","1/107",0.631019160577223,0.718095729166281,0,0,1.01051066447908,0.465258361656326,"GNAS","Sncg","VehicleVsPCB_in_HETs"
"Toxoplasmosis","1/108",0.634450579342241,0.718095729166281,0,0,1.00101584721658,0.45545809030105,"HSPA8","Sncg","VehicleVsPCB_in_HETs"
"Ras signaling pathway","2/233",0.637410815776811,0.718095729166281,0,0,0.92654886097509,0.417262855873714,"CDC42;CALM2","Sncg","VehicleVsPCB_in_HETs"
"C-type lectin receptor signaling pathway","1/112",0.647861756189405,0.725279198752919,0,0,0.964747356051704,0.418775549376865,"CALM2","Sncg","VehicleVsPCB_in_HETs"
"Drug metabolism","1/114",0.654382669044999,0.728000719312562,0,0,0.947575990765679,0.401831896314551,"MGST3","Sncg","VehicleVsPCB_in_HETs"
"Human T-cell leukemia virus 1 infection","2/245",0.664496975135417,0.73466125201307,0,0,0.880253659852931,0.359781635690174,"VDAC1;SLC25A4","Sncg","VehicleVsPCB_in_HETs"
"Human cytomegalovirus infection","2/255",0.685812164334477,0.753546699083561,0,0,0.845029050303462,0.318703975279562,"GNAS;CALM2","Sncg","VehicleVsPCB_in_HETs"
"Relaxin signaling pathway","1/131",0.70517648876034,0.770070030670801,0,0,0.822951505016722,0.287462860303601,"GNAS","Sncg","VehicleVsPCB_in_HETs"
"Signaling pathways regulating pluripotency of stem cells","1/137",0.72127030935376,0.778951910048846,0,0,0.786405051150895,0.256951011104224,"ID2","Sncg","VehicleVsPCB_in_HETs"
"Apelin signaling pathway","1/138",0.723866328420919,0.778951910048846,0,0,0.78062519834973,0.252257887587875,"CALM2","Sncg","VehicleVsPCB_in_HETs"
"Insulin signaling pathway","1/139",0.726438298135441,0.778951910048846,0,0,0.774929111531191,0.247668684580358,"CALM2","Sncg","VehicleVsPCB_in_HETs"
"Apoptosis","1/141",0.731510973837313,0.779694331395459,0,0,0.763781055900621,0.238790844047518,"ACTG1","Sncg","VehicleVsPCB_in_HETs"
"Measles","1/144",0.738945091269554,0.782929918130837,0,0,0.747643660687139,0.226185879392599,"HSPA8","Sncg","VehicleVsPCB_in_HETs"
"MAPK signaling pathway","2/294",0.758557286796184,0.798149783119465,0,0,0.730705891159518,0.201921042144993,"CDC42;HSPA8","Sncg","VehicleVsPCB_in_HETs"
"mTOR signaling pathway","1/154",0.762277882754546,0.798149783119465,0,0,0.69842284739983,0.189582771179207,"ATP6V1D","Sncg","VehicleVsPCB_in_HETs"
"Cushing syndrome","1/159",0.773154199255569,0.802313602677604,0,0,0.676148871766648,0.173957396899081,"GNAS","Sncg","VehicleVsPCB_in_HETs"
"Hepatitis C","1/160",0.775269323935663,0.802313602677604,0,0,0.671862182116489,0.171019021577929,"YWHAB","Sncg","VehicleVsPCB_in_HETs"
"Hepatitis B","1/163",0.781497723445949,0.804084362851902,0,0,0.659319645732689,0.1625506712292,"YWHAB","Sncg","VehicleVsPCB_in_HETs"
"RNA transport","1/167",0.789535963175073,0.807686215202086,0,0,0.643301466736511,0.152018501727963,"EEF1A1","Sncg","VehicleVsPCB_in_HETs"
"PI3K-Akt signaling pathway","2/357",0.845471569177006,0.859965367505755,0,0,0.599091818671592,0.100563994366355,"HSP90AB1;YWHAB","Sncg","VehicleVsPCB_in_HETs"
"Herpes simplex virus 1 infection","2/433",0.912185661355734,0.922551407507504,0,0,0.491524349270346,0.0451768550375522,"ZFP950;SRSF3","Sncg","VehicleVsPCB_in_HETs"
"MicroRNAs in cancer","1/281",0.927911673271539,0.933154112103582,0,0,0.379173136645963,0.0283692526818819,"ZEB2","Sncg","VehicleVsPCB_in_HETs"
"Olfactory transduction","1/1133",0.999977064808347,0.999977064808347,0,0,0.0896979182670149,2.05726253830205e-06,"CALM2","Sncg","VehicleVsPCB_in_HETs"
"Alzheimer disease","10/175",1.54185378932221e-11,1.91189869875954e-09,0,0,29.9772727272727,746.297711439586,"APP;RTN3;COX4I1;CYCS;ATP5G3;COX5B;CALM1;GAPDH;CALM2;RTN4","Sst","VehicleVsPCB_in_HETs"
"Estrogen signaling pathway","5/134",2.08343644283708e-05,0.000866859855631063,0,0,17.0723514211886,184.021284801135,"HSPA8;HSP90AB1;GNAS;CALM1;CALM2","Sst","VehicleVsPCB_in_HETs"
"Amphetamine addiction","4/68",2.50137999051039e-05,0.000866859855631063,0,0,27.0190217391304,286.295793932539,"GRIA2;GNAS;CALM1;CALM2","Sst","VehicleVsPCB_in_HETs"
"Parkinson disease","5/144",2.94599469529825e-05,0.000866859855631063,0,0,15.8361310951239,165.210104260949,"UBB;COX4I1;CYCS;ATP5G3;COX5B","Sst","VehicleVsPCB_in_HETs"
"Gastric acid secretion","4/74",3.49540264367364e-05,0.000866859855631063,0,0,24.695652173913,253.413864073274,"GNAS;ATP1B1;CALM1;CALM2","Sst","VehicleVsPCB_in_HETs"
"Salivary secretion","4/78",4.30151298899717e-05,0.000888979351059415,0,0,23.3560517038778,234.820777970508,"GNAS;ATP1B1;CALM1;CALM2","Sst","VehicleVsPCB_in_HETs"
"Circadian entrainment","4/99",0.000109224787516027,0.00190070374414169,0,0,18.1739130434783,165.784298126784,"GRIA2;GNAS;CALM1;CALM2","Sst","VehicleVsPCB_in_HETs"
"Aldosterone synthesis and secretion","4/102",0.000122626048009141,0.00190070374414169,0,0,17.6149068322981,158.646387711915,"GNAS;ATP1B1;CALM1;CALM2","Sst","VehicleVsPCB_in_HETs"
"cAMP signaling pathway","5/211",0.000179510308519335,0.00247325313959972,0,0,10.6494066882416,91.854092396963,"GRIA2;GNAS;ATP1B1;CALM1;CALM2","Sst","VehicleVsPCB_in_HETs"
"Oxidative phosphorylation","4/134",0.000349414429122591,0.00405169138204829,0,0,13.257525083612,105.519981237184,"COX4I1;ATP5G3;COX5B;ATP6V0C","Sst","VehicleVsPCB_in_HETs"
"Dopaminergic synapse","4/135",0.000359424235504284,0.00405169138204829,0,0,13.1556588118155,104.337624134389,"GRIA2;GNAS;CALM1;CALM2","Sst","VehicleVsPCB_in_HETs"
"Human cytomegalovirus infection","5/255",0.000429757509164191,0.00444082759469664,0,0,8.75555555555556,67.8756008792416,"PDIA3;GNAS;CYCS;CALM1;CALM2","Sst","VehicleVsPCB_in_HETs"
"Adrenergic signaling in cardiomyocytes","4/148",0.000508977613684775,0.00485486339207017,0,0,11.9601449275362,90.6950530202578,"GNAS;ATP1B1;CALM1;CALM2","Sst","VehicleVsPCB_in_HETs"
"Long-term potentiation","3/67",0.000629266774013399,0.00557350571269011,0,0,19.8331117021277,146.188979164799,"GRIA2;CALM1;CALM2","Sst","VehicleVsPCB_in_HETs"
"Renin secretion","3/76",0.000908974653100311,0.00740397306658123,0,0,17.3800641212475,121.715949451356,"GNAS;CALM1;CALM2","Sst","VehicleVsPCB_in_HETs"
"Cardiac muscle contraction","3/78",0.00098021399115922,0.00740397306658123,0,0,16.9148936170213,117.181979216797,"COX4I1;ATP1B1;COX5B","Sst","VehicleVsPCB_in_HETs"
"Tuberculosis","4/178",0.0010150608236442,0.00740397306658123,0,0,9.88305847076462,68.1220120738018,"CYCS;CALM1;ATP6V0C;CALM2","Sst","VehicleVsPCB_in_HETs"
"Insulin secretion","3/86",0.00130025407701457,0.00835414554508948,0,0,15.2783901563702,101.527890885651,"RAB3A;GNAS;ATP1B1","Sst","VehicleVsPCB_in_HETs"
"Huntington disease","4/192",0.0013426972995518,0.00835414554508948,0,0,9.14061054579093,60.4475410567597,"COX4I1;CYCS;ATP5G3;COX5B","Sst","VehicleVsPCB_in_HETs"
"Proximal tubule bicarbonate reclamation","2/22",0.001370383663162,0.00835414554508948,0,0,41.5208333333333,273.732925265883,"MDH1;ATP1B1","Sst","VehicleVsPCB_in_HETs"
"Antigen processing and presentation","3/90",0.00148218711283846,0.00835414554508948,0,0,14.5730007336757,94.9319733390421,"PDIA3;HSPA8;HSP90AB1","Sst","VehicleVsPCB_in_HETs"
"GnRH signaling pathway","3/90",0.00148218711283846,0.00835414554508948,0,0,14.5730007336757,94.9319733390421,"GNAS;CALM1;CALM2","Sst","VehicleVsPCB_in_HETs"
"Melanogenesis","3/100",0.00200467613787586,0.0101165542249398,0,0,13.0640491335819,81.1574365484459,"GNAS;CALM1;CALM2","Sst","VehicleVsPCB_in_HETs"
"Kaposi sarcoma-associated herpesvirus infection","4/216",0.00206569735616406,0.0101165542249398,0,0,8.09598031173093,50.0516771271981,"UBB;CYCS;CALM1;CALM2","Sst","VehicleVsPCB_in_HETs"
"Phototransduction","2/27",0.00206572935455435,0.0101165542249398,0,0,33.2083333333333,205.302946563678,"CALM1;CALM2","Sst","VehicleVsPCB_in_HETs"
"Glucagon signaling pathway","3/102",0.00212121298264866,0.0101165542249398,0,0,12.7988394584139,78.7866760375365,"GNAS;CALM1;CALM2","Sst","VehicleVsPCB_in_HETs"
"Thermogenesis","4/231",0.00263388749765323,0.0120963722114444,0,0,7.55525761348401,44.8728991449466,"COX4I1;GNAS;ATP5G3;COX5B","Sst","VehicleVsPCB_in_HETs"
"Human immunodeficiency virus 1 infection","4/238",0.00293254355159912,0.0129869785856533,0,0,7.32664437012263,42.7281483270145,"PDIA3;CYCS;CALM1;CALM2","Sst","VehicleVsPCB_in_HETs"
"Inflammatory mediator regulation of TRP channels","3/127",0.0039424476157877,0.0168573622192301,0,0,10.2055593685655,56.4975023739666,"GNAS;CALM1;CALM2","Sst","VehicleVsPCB_in_HETs"
"Insulin signaling pathway","3/139",0.00507223817185436,0.0206208412597427,0,0,9.29943679599499,49.1379739196068,"CALM1;EIF4E;CALM2","Sst","VehicleVsPCB_in_HETs"
"Vascular smooth muscle contraction","3/140",0.00517427487255504,0.0206208412597427,0,0,9.23109178443858,48.5929847488537,"GNAS;CALM1;CALM2","Sst","VehicleVsPCB_in_HETs"
"Mineral absorption","2/44",0.005418765891609,0.0206208412597427,0,0,19.75,103.053271898461,"FTH1;ATP1B1","Sst","VehicleVsPCB_in_HETs"
"Fluid shear stress and atherosclerosis","3/143",0.0054878045288025,0.0206208412597427,0,0,9.03191489361702,47.0131673302869,"HSP90AB1;CALM1;CALM2","Sst","VehicleVsPCB_in_HETs"
"Non-alcoholic fatty liver disease (NAFLD)","3/151",0.00637900164627931,0.0227462768992997,0,0,8.54025301897642,43.168789936074,"COX4I1;CYCS;COX5B","Sst","VehicleVsPCB_in_HETs"
"Cocaine addiction","2/48",0.00642032009254427,0.0227462768992997,0,0,18.0289855072464,91.0154986379136,"GRIA2;GNAS","Sst","VehicleVsPCB_in_HETs"
"Oxytocin signaling pathway","3/154",0.00673416484458926,0.0231954566869185,0,0,8.36931097646893,41.8512540755133,"GNAS;CALM1;CALM2","Sst","VehicleVsPCB_in_HETs"
"Amyotrophic lateral sclerosis (ALS)","2/52",0.00749948183046907,0.0251333985669774,0,0,16.5833333333333,81.1409457224491,"GRIA2;CYCS","Sst","VehicleVsPCB_in_HETs"
"Protein processing in endoplasmic reticulum","3/163",0.0078695412769575,0.0256795557458613,0,0,7.89494680851064,38.2490870185668,"PDIA3;HSPA8;HSP90AB1","Sst","VehicleVsPCB_in_HETs"
"Endocrine and other factor-regulated calcium reabsorption","2/55",0.00835883021275315,0.0265767934969587,0,0,15.6422955974843,74.8395745113238,"GNAS;ATP1B1","Sst","VehicleVsPCB_in_HETs"
"cGMP-PKG signaling pathway","3/172",0.00911156113502346,0.0280067093774526,0,0,7.47110663477276,35.1008369979217,"ATP1B1;CALM1;CALM2","Sst","VehicleVsPCB_in_HETs"
"Legionellosis","2/58",0.00926028293931899,0.0280067093774526,0,0,14.8020833333333,69.3036602114154,"HSPA8;CYCS","Sst","VehicleVsPCB_in_HETs"
"Necroptosis","3/176",0.00969835574804393,0.0286332407799392,0,0,7.29688845160497,33.8269075912874,"HSP90AB1;FTH1;PPIA","Sst","VehicleVsPCB_in_HETs"
"Long-term depression","2/61",0.0102031878981959,0.029423146497123,0,0,14.0473163841808,64.407719185876,"GRIA2;GNAS","Sst","VehicleVsPCB_in_HETs"
"Pathways in cancer","5/535",0.0105812425522444,0.0298198653745069,0,0,4.07127882599581,18.5189136934345,"HSP90AB1;GNAS;CYCS;CALM1;CALM2","Sst","VehicleVsPCB_in_HETs"
"Calcium signaling pathway","3/189",0.0117556913396772,0.0323934605804438,0,0,6.78242964996568,30.1371685411671,"GNAS;CALM1;CALM2","Sst","VehicleVsPCB_in_HETs"
"Alcoholism","3/199",0.0134968444200566,0.0363827980018917,0,0,6.43313069908815,27.6965535299785,"GNAS;CALM1;CALM2","Sst","VehicleVsPCB_in_HETs"
"Bile secretion","2/72",0.0140048037295853,0.03694884388231,0,0,11.8333333333333,50.5088661353622,"GNAS;ATP1B1","Sst","VehicleVsPCB_in_HETs"
"Thyroid hormone synthesis","2/73",0.014376533555206,0.0371393783509488,0,0,11.6660798122066,49.4893539893362,"GNAS;ATP1B1","Sst","VehicleVsPCB_in_HETs"
"Glioma","2/75",0.0151327357621299,0.0377280037252716,0,0,11.3453196347032,47.5470427685061,"CALM1;CALM2","Sst","VehicleVsPCB_in_HETs"
"Rap1 signaling pathway","3/209",0.0153778461568471,0.0377280037252716,0,0,6.11774426771328,25.5405261902747,"GNAS;CALM1;CALM2","Sst","VehicleVsPCB_in_HETs"
"Pertussis","2/76",0.0155171628224907,0.0377280037252716,0,0,11.1914414414414,46.6214028774471,"CALM1;CALM2","Sst","VehicleVsPCB_in_HETs"
"Synaptic vesicle cycle","2/77",0.0159057771109684,0.0379291608030785,0,0,11.0416666666667,45.7243465537679,"RAB3A;ATP6V0C","Sst","VehicleVsPCB_in_HETs"
"Phosphatidylinositol signaling system","2/98",0.0249948795228369,0.0584785860534297,0,0,8.6171875,31.7895310662435,"CALM1;CALM2","Sst","VehicleVsPCB_in_HETs"
"Longevity regulating pathway","2/102",0.026917726401911,0.0618110754414252,0,0,8.27083333333333,29.898816321571,"HSPA8;EIF4E","Sst","VehicleVsPCB_in_HETs"
"HIF-1 signaling pathway","2/104",0.0279010087799889,0.0628813814564669,0,0,8.1078431372549,29.0187200271453,"GAPDH;EIF4E","Sst","VehicleVsPCB_in_HETs"
"Pancreatic secretion","2/105",0.0283980432384044,0.0628813814564669,0,0,8.0287216828479,28.5937706975534,"GNAS;ATP1B1","Sst","VehicleVsPCB_in_HETs"
"Toxoplasmosis","2/108",0.0299104769216571,0.0650684059348329,0,0,7.80031446540881,27.3755660286593,"HSPA8;CYCS","Sst","VehicleVsPCB_in_HETs"
"C-type lectin receptor signaling pathway","2/112",0.031976077624072,0.0683626487135333,0,0,7.51515151515152,25.872917364872,"CALM1;CALM2","Sst","VehicleVsPCB_in_HETs"
"Glutamatergic synapse","2/114",0.0330295301793541,0.0694179956311849,0,0,7.38020833333333,25.1691175766564,"GRIA2;GNAS","Sst","VehicleVsPCB_in_HETs"
"Oocyte meiosis","2/116",0.0340965412337713,0.0704661852164608,0,0,7.25,24.494555142005,"CALM1;CALM2","Sst","VehicleVsPCB_in_HETs"
"Neurotrophin signaling pathway","2/121",0.0368223679095263,0.0748520265701846,0,0,6.94362745098039,22.9254261488969,"CALM1;CALM2","Sst","VehicleVsPCB_in_HETs"
"Serotonergic synapse","2/132",0.0431022856735813,0.0862045713471626,0,0,6.3525641025641,19.9736002445273,"APP;GNAS","Sst","VehicleVsPCB_in_HETs"
"Apelin signaling pathway","2/138",0.0466847958252425,0.0918875346401598,0,0,6.07046568627451,18.6019510223216,"CALM1;CALM2","Sst","VehicleVsPCB_in_HETs"
"Measles","2/144",0.0503731921946642,0.097598059877162,0,0,5.81220657276995,17.3685945029882,"HSPA8;CYCS","Sst","VehicleVsPCB_in_HETs"
"Collecting duct acid secretion","1/27",0.0653921522588676,0.124207908782937,0,0,15.6389324960754,42.6528898315632,"ATP6V0C","Sst","VehicleVsPCB_in_HETs"
"Influenza A","2/168",0.0661106611264017,0.124207908782937,0,0,4.96586345381526,13.4893969101837,"HSPA8;CYCS","Sst","VehicleVsPCB_in_HETs"
"Fatty acid elongation","1/29",0.0700657588372089,0.129673941728566,0,0,14.5204081632653,38.5999069065122,"TECR","Sst","VehicleVsPCB_in_HETs"
"Glyoxylate and dicarboxylate metabolism","1/31",0.0747164600026276,0.136247662357733,0,0,13.5510204081633,35.1520903887112,"MDH1","Sst","VehicleVsPCB_in_HETs"
"Biosynthesis of unsaturated fatty acids","1/32",0.0770332554327669,0.136435616569452,0,0,13.1132323897301,33.6160080774025,"TECR","Sst","VehicleVsPCB_in_HETs"
"Citrate cycle (TCA cycle)","1/32",0.0770332554327669,0.136435616569452,0,0,13.1132323897301,33.6160080774025,"MDH1","Sst","VehicleVsPCB_in_HETs"
"Cellular senescence","2/185",0.078120393358315,0.136435616569452,0,0,4.50068306010929,11.4745100841243,"CALM1;CALM2","Sst","VehicleVsPCB_in_HETs"
"Aldosterone-regulated sodium reabsorption","1/38",0.0908151166313485,0.154261294003934,0,0,10.9834528405957,26.3485293003408,"ATP1B1","Sst","VehicleVsPCB_in_HETs"
"Pyruvate metabolism","1/38",0.0908151166313485,0.154261294003934,0,0,10.9834528405957,26.3485293003408,"MDH1","Sst","VehicleVsPCB_in_HETs"
"Ferroptosis","1/40",0.0953640965755272,0.157668639671538,0,0,10.4191522762951,24.4855612889518,"FTH1","Sst","VehicleVsPCB_in_HETs"
"Nicotine addiction","1/40",0.0953640965755272,0.157668639671538,0,0,10.4191522762951,24.4855612889518,"GRIA2","Sst","VehicleVsPCB_in_HETs"
"Vasopressin-regulated water reabsorption","1/43",0.102145774279416,0.164494493644774,0,0,9.6734693877551,22.0686112387857,"GNAS","Sst","VehicleVsPCB_in_HETs"
"Carbohydrate digestion and absorption","1/43",0.102145774279416,0.164494493644774,0,0,9.6734693877551,22.0686112387857,"ATP1B1","Sst","VehicleVsPCB_in_HETs"
"Epstein-Barr virus infection","2/229",0.11195017845316,0.177972078566562,0,0,3.62022760646109,7.927217247834,"PDIA3;CYCS","Sst","VehicleVsPCB_in_HETs"
"Ras signaling pathway","2/233",0.115193218014755,0.180809608023159,0,0,3.55681818181818,7.68679770915908,"CALM1;CALM2","Sst","VehicleVsPCB_in_HETs"
"Cysteine and methionine metabolism","1/50",0.117776526004041,0.182553615306264,0,0,8.28862973760933,17.7290996615035,"MDH1","Sst","VehicleVsPCB_in_HETs"
"Regulation of lipolysis in adipocytes","1/56",0.130961819814475,0.200484761197467,0,0,7.3821892393321,15.0068793354093,"GNAS","Sst","VehicleVsPCB_in_HETs"
"Ovarian steroidogenesis","1/57",0.133140512285209,0.20133443321178,0,0,7.25,14.6185391319657,"GNAS","Sst","VehicleVsPCB_in_HETs"
"Endocytosis","2/269",0.145385094305125,0.215672466945281,0,0,3.07162921348315,5.92323527425274,"HSPA8;UBB","Sst","VehicleVsPCB_in_HETs"
"Mitophagy","1/63",0.146100703414545,0.215672466945281,0,0,6.54641211323239,12.5917562502396,"UBB","Sst","VehicleVsPCB_in_HETs"
"Glycolysis / Gluconeogenesis","1/67",0.154635136309991,0.225585375322811,0,0,6.14842300556586,11.4771806572209,"GAPDH","Sst","VehicleVsPCB_in_HETs"
"Cortisol synthesis and secretion","1/69",0.158870948881139,0.229069740247224,0,0,5.96698679471789,10.9772451176002,"GNAS","Sst","VehicleVsPCB_in_HETs"
"p53 signaling pathway","1/71",0.16308595979881,0.232444356494856,0,0,5.79591836734694,10.5107696169887,"CYCS","Sst","VehicleVsPCB_in_HETs"
"Rheumatoid arthritis","1/84",0.189983356911436,0.263484109382507,0,0,4.88492746496189,8.1129793990771,"ATP6V0C","Sst","VehicleVsPCB_in_HETs"
"Gap junction","1/86",0.194045512854838,0.263484109382507,0,0,4.76950780312125,7.82038330328814,"GNAS","Sst","VehicleVsPCB_in_HETs"
"Viral myocarditis","1/87",0.196069097589664,0.263484109382507,0,0,4.71381110583768,7.6801565438185,"CYCS","Sst","VehicleVsPCB_in_HETs"
"Colorectal cancer","1/88",0.198087702903643,0.263484109382507,0,0,4.65939479239972,7.54377171660372,"CYCS","Sst","VehicleVsPCB_in_HETs"
"Dilated cardiomyopathy (DCM)","1/90",0.202110023192397,0.263484109382507,0,0,4.55423068103646,7.28195554376981,"GNAS","Sst","VehicleVsPCB_in_HETs"
"Progesterone-mediated oocyte maturation","1/90",0.202110023192397,0.263484109382507,0,0,4.55423068103646,7.28195554376981,"HSP90AB1","Sst","VehicleVsPCB_in_HETs"
"Protein digestion and absorption","1/90",0.202110023192397,0.263484109382507,0,0,4.55423068103646,7.28195554376981,"ATP1B1","Sst","VehicleVsPCB_in_HETs"
"IL-17 signaling pathway","1/91",0.204113762093119,0.263484109382507,0,0,4.50340136054422,7.15625505110662,"HSP90AB1","Sst","VehicleVsPCB_in_HETs"
"Morphine addiction","1/92",0.206112569436316,0.263484109382507,0,0,4.45368916797488,7.03385741012878,"GNAS","Sst","VehicleVsPCB_in_HETs"
"Small cell lung cancer","1/92",0.206112569436316,0.263484109382507,0,0,4.45368916797488,7.03385741012878,"CYCS","Sst","VehicleVsPCB_in_HETs"
"Prostate cancer","1/97",0.216033047281136,0.273347937376131,0,0,4.22066326530612,6.46742313757927,"HSP90AB1","Sst","VehicleVsPCB_in_HETs"
"PI3K-Akt signaling pathway","2/357",0.22434915886945,0.276905792445296,0,0,2.29988262910798,3.43729348337348,"HSP90AB1;EIF4E","Sst","VehicleVsPCB_in_HETs"
"Th17 cell differentiation","1/102",0.225832006978328,0.276905792445296,0,0,4.01070923418872,5.96779050603106,"HSP90AB1","Sst","VehicleVsPCB_in_HETs"
"Human papillomavirus infection","2/360",0.22711725984867,0.276905792445296,0,0,2.28026070763501,3.38000498020867,"GNAS;ATP6V0C","Sst","VehicleVsPCB_in_HETs"
"Chagas disease (American trypanosomiasis)","1/103",0.22777734539855,0.276905792445296,0,0,3.97118847539016,5.87492334394335,"GNAS","Sst","VehicleVsPCB_in_HETs"
"Amoebiasis","1/106",0.23358466235033,0.280801466048499,0,0,3.85714285714286,5.60909836773195,"GNAS","Sst","VehicleVsPCB_in_HETs"
"Parathyroid hormone synthesis, secretion and action","1/107",0.235510907008418,0.280801466048499,0,0,3.82056218713901,5.52452548143668,"GNAS","Sst","VehicleVsPCB_in_HETs"
"Thyroid hormone signaling pathway","1/115",0.250751014138588,0.293331375030047,0,0,3.55102040816327,4.9121080927455,"ATP1B1","Sst","VehicleVsPCB_in_HETs"
"Leukocyte transendothelial migration","1/115",0.250751014138588,0.293331375030047,0,0,3.55102040816327,4.9121080927455,"THY1","Sst","VehicleVsPCB_in_HETs"
"Lysosome","1/124",0.267540390273413,0.309291547267265,0,0,3.28969636635142,4.33741443316037,"ATP6V0C","Sst","VehicleVsPCB_in_HETs"
"Platelet activation","1/125",0.269382960523102,0.309291547267265,0,0,3.26300197498354,4.2798227837863,"GNAS","Sst","VehicleVsPCB_in_HETs"
"Relaxin signaling pathway","1/131",0.280343368498395,0.318064925504384,0,0,3.11145996860283,3.95696844602525,"GNAS","Sst","VehicleVsPCB_in_HETs"
"Spliceosome","1/132",0.282154369399051,0.318064925504384,0,0,3.08755257828322,3.90668320615816,"HSPA8","Sst","VehicleVsPCB_in_HETs"
"Herpes simplex virus 1 infection","2/433",0.294904856407953,0.32944326301429,0,0,1.88698762567672,2.30420529834104,"PDIA3;CYCS","Sst","VehicleVsPCB_in_HETs"
"Apoptosis","1/141",0.298253677795296,0.330209428987649,0,0,2.88775510204082,3.49363756094843,"CYCS","Sst","VehicleVsPCB_in_HETs"
"Phospholipase D signaling pathway","1/149",0.312266749015163,0.341542755133948,0,0,2.73055708769994,3.17808854519388,"GNAS","Sst","VehicleVsPCB_in_HETs"
"Retrograde endocannabinoid signaling","1/150",0.31399898455863,0.341542755133948,0,0,2.71209423366662,3.14159646617035,"GRIA2","Sst","VehicleVsPCB_in_HETs"
"mTOR signaling pathway","1/154",0.320885269622271,0.34599802985358,0,0,2.640656262505,3.00155907202735,"EIF4E","Sst","VehicleVsPCB_in_HETs"
"Cushing syndrome","1/159",0.329397918202972,0.350896530805349,0,0,2.55644536295531,2.83890389537721,"GNAS","Sst","VehicleVsPCB_in_HETs"
"Hepatitis C","1/160",0.33108785567924,0.350896530805349,0,0,2.54023873700424,2.80790753816435,"CYCS","Sst","VehicleVsPCB_in_HETs"
"Hepatitis B","1/163",0.336132666087276,0.35322415758324,0,0,2.49281934996221,2.71779469441579,"CYCS","Sst","VehicleVsPCB_in_HETs"
"RNA transport","1/167",0.342801117260844,0.357204525549115,0,0,2.43225965084829,2.60398893741404,"EIF4E","Sst","VehicleVsPCB_in_HETs"
"Phagosome","1/180",0.364023409135543,0.376157522773394,0,0,2.25413293809144,2.27788496813712,"ATP6V0C","Sst","VehicleVsPCB_in_HETs"
"NOD-like receptor signaling pathway","1/205",0.40296468626852,0.412955546258649,0,0,1.97539015606242,1.79544465262223,"HSP90AB1","Sst","VehicleVsPCB_in_HETs"
"MAPK signaling pathway","1/294",0.523539103789389,0.532121712048232,0,0,1.36915790206868,0.886041711599059,"HSPA8","Sst","VehicleVsPCB_in_HETs"
"Neuroactive ligand-receptor interaction","1/348",0.584695183442782,0.589448802820366,0,0,1.15291419161324,0.618728258252597,"GRIA2","Sst","VehicleVsPCB_in_HETs"
"Olfactory transduction","2/1133",0.783611210256873,0.783611210256873,0,0,0.693302387267904,0.16905643963713,"CALM1;CALM2","Sst","VehicleVsPCB_in_HETs"
"Alzheimer disease","26/175",6.49783765762398e-23,1.32555888215529e-20,0,0,19.2603121936506,983.970592165517,"APP;GSK3B;COX7B;NDUFB10;NDUFB11;COX4I1;ATP2A2;ATP5H;ATP5G3;COX5B;COX7C;COX5A;RTN4;PPP3CA;PPP3R1;GRIN2A;ATP5E;MAPK1;COX8A;NDUFA4;COX6C;GRIN2B;CALM1;PLCB1;CALM2;GAPDH","Vip","VehicleVsPCB_in_HETs"
"Long-term potentiation","13/67",1.37746064973062e-13,1.40500986272524e-11,0,0,24.8832654644173,736.87721048956,"CAMK2B;GRIA2;PRKCB;GRIN2B;PPP3CA;GRM5;PPP3R1;GRIN2A;CAMK4;MAPK1;PLCB1;CALM1;CALM2","Vip","VehicleVsPCB_in_HETs"
"Oxidative phosphorylation","16/134",5.36893622480288e-13,3.65087663286596e-11,0,0,14.1925712225027,400.982380031277,"COX8A;COX7B;ATP6V0B;NDUFB10;NDUFB11;NDUFA4;COX4I1;ATP5H;ATP5G3;COX5B;COX6C;COX7C;COX5A;ATP5E;ATP6V1D;ATP6V0C","Vip","VehicleVsPCB_in_HETs"
"Huntington disease","18/192",1.22433956623638e-12,6.24413178780555e-11,0,0,10.9132369299221,299.335023776203,"COX8A;COX7B;NDUFB10;NDUFB11;NDUFA4;COX4I1;CLTC;ATP5H;ATP5G3;COX5B;COX6C;GRIN2B;COX7C;COX5A;GRM5;ATP5E;VDAC1;PLCB1","Vip","VehicleVsPCB_in_HETs"
"Parkinson disease","16/144",1.66163659691563e-12,6.77947731541577e-11,0,0,13.0771276595745,354.6937855993,"COX8A;COX7B;NDUFB10;NDUFB11;NDUFA4;COX4I1;ATP5H;ATP5G3;COX5B;COX6C;COX7C;COX5A;UCHL1;UBB;ATP5E;VDAC1","Vip","VehicleVsPCB_in_HETs"
"Cardiac muscle contraction","11/78",4.06374252170332e-10,1.38167245737913e-08,0,0,16.7828474209265,362.908039479826,"COX8A;CACNB2;COX7B;COX4I1;CACNA2D3;ATP2A2;ATP1B1;COX5B;COX6C;COX7C;COX5A","Vip","VehicleVsPCB_in_HETs"
"cAMP signaling pathway","16/211",5.47443044425897e-10,1.59540544375547e-08,0,0,8.55471903982542,182.435908106646,"CAMK2B;GRIA2;GABBR1;ATP2A2;ATP2B2;ATP2B1;ATP1B1;GRIN2B;GRIN2A;MAPK8;PDE10A;CAMK4;MAPK1;CALM1;VIP;CALM2","Vip","VehicleVsPCB_in_HETs"
"Oxytocin signaling pathway","14/154",6.3456046621623e-10,1.61812918885139e-08,0,0,10.3452631578947,219.092899084971,"CAMK2B;PRKCB;CACNA2D3;ACTB;ACTG1;GNAO1;CACNB2;PPP3CA;PPP3R1;CAMK4;MAPK1;CALM1;PLCB1;CALM2","Vip","VehicleVsPCB_in_HETs"
"Dopaminergic synapse","13/135",1.29613373917932e-09,2.93790314213978e-08,0,0,10.975967728092,224.610887026155,"CAMK2B;GRIA2;GSK3B;PRKCB;GRIN2B;GNAO1;PPP3CA;GRIN2A;MAPK8;CALY;CALM1;PLCB1;CALM2","Vip","VehicleVsPCB_in_HETs"
"Amphetamine addiction","10/68",1.69851007888435e-09,3.46496056092407e-08,0,0,17.5417703519374,354.229992104303,"CAMK2B;PPP3CA;GRIA2;PPP3R1;GRIN2A;PRKCB;CAMK4;CALM1;GRIN2B;CALM2","Vip","VehicleVsPCB_in_HETs"
"Calcium signaling pathway","14/189",9.16932365973117e-09,1.70049275144105e-07,0,0,8.26147368421053,152.898417140162,"CAMK2B;PRKCB;ATP2A2;ATP2B2;ATP2B1;PPP3CA;PPP3R1;GRIN2A;GRM5;CAMK4;VDAC1;CALM1;PLCB1;CALM2","Vip","VehicleVsPCB_in_HETs"
"Thermogenesis","15/231",1.59208604842372e-08,2.70654628232032e-07,0,0,7.19429747207525,129.178183860351,"COX8A;COX7B;NDUFB10;NDUFB11;NDUFA4;COX4I1;ATP5H;ATP5G3;COX5B;COX6C;COX7C;COX5A;ACTB;ACTG1;ATP5E","Vip","VehicleVsPCB_in_HETs"
"Glutamatergic synapse","11/114",2.44241962659106e-08,3.83272002941981e-07,0,0,10.8970773177725,191.000609976272,"GNAO1;GRIA2;PPP3CA;PPP3R1;GRIN2A;GRM5;PRKCB;SLC1A2;MAPK1;PLCB1;GRIN2B","Vip","VehicleVsPCB_in_HETs"
"Retrograde endocannabinoid signaling","12/150",4.61875278760383e-08,6.73018263336558e-07,0,0,8.90307971014493,150.377966725581,"GNAO1;GRIA2;GRM5;MAPK8;NDUFB10;PRKCB;NDUFB11;NDUFA4;GABRA4;MAPK1;PLCB1;GABRG3","Vip","VehicleVsPCB_in_HETs"
"Non-alcoholic fatty liver disease (NAFLD)","12/151",4.97308315418241e-08,6.76339308968808e-07,0,0,8.83857913669065,148.635210022326,"COX8A;GSK3B;COX7B;MAPK8;NDUFB10;NDUFB11;NDUFA4;COX4I1;COX5B;COX6C;COX7C;COX5A","Vip","VehicleVsPCB_in_HETs"
"Circadian entrainment","10/99",6.91985080109735e-08,8.82280977139912e-07,0,0,11.4137611490791,188.1705367468,"GNAO1;CAMK2B;GRIA2;GRIN2A;PRKCB;MAPK1;CALM1;PLCB1;GRIN2B;CALM2","Vip","VehicleVsPCB_in_HETs"
"Adrenergic signaling in cardiomyocytes","11/148",3.58720896544474e-07,4.30465075853369e-06,0,0,8.17854846639688,121.375557592312,"CAMK2B;CACNB2;CACNA2D3;ATP2A2;MAPK1;ATP2B2;ATP2B1;ATP1B1;CALM1;PLCB1;CALM2","Vip","VehicleVsPCB_in_HETs"
"Aldosterone synthesis and secretion","9/102",1.0115367892359e-06,1.14640836113402e-05,0,0,9.77816377171216,134.97816197371,"CAMK2B;PRKCB;CAMK4;ATP2B2;ATP2B1;ATP1B1;CALM1;PLCB1;CALM2","Vip","VehicleVsPCB_in_HETs"
"cGMP-PKG signaling pathway","11/172",1.59925874366875e-06,1.71709886162329e-05,0,0,6.95088984005407,92.7663695118157,"PPP3CA;PPP3R1;ATP2A2;MAPK1;VDAC1;ATP2B2;ATP2B1;ATP1B1;CALM1;PLCB1;CALM2","Vip","VehicleVsPCB_in_HETs"
"Oocyte meiosis","9/116",2.97779282073192e-06,3.03734867714656e-05,0,0,8.49273903666427,108.064398785991,"CAMK2B;PPP3CA;PPP3R1;YWHAB;MAPK1;IGF1;CALM1;CALM2;YWHAZ","Vip","VehicleVsPCB_in_HETs"
"Melanogenesis","8/100",8.51434594692051e-06,8.27107891986563e-05,0,0,8.74179236912156,102.049569116258,"GNAO1;CAMK2B;GSK3B;PRKCB;MAPK1;CALM1;PLCB1;CALM2","Vip","VehicleVsPCB_in_HETs"
"Glucagon signaling pathway","8/102",9.86079726192885e-06,8.88982145318832e-05,0,0,8.55492835432045,98.6121760811816,"CAMK2B;LDHB;PPP3CA;PPP3R1;PKM;CALM1;PLCB1;CALM2","Vip","VehicleVsPCB_in_HETs"
"Rap1 signaling pathway","11/209",1.04241405599099e-05,8.88982145318832e-05,0,0,5.64133563615429,64.7139399578084,"GNAO1;GRIN2A;PRKCB;MAPK1;IGF1;CALM1;PLCB1;GRIN2B;CALM2;ACTB;ACTG1","Vip","VehicleVsPCB_in_HETs"
"Gastric acid secretion","7/74",1.04586134743392e-05,8.88982145318832e-05,0,0,10.4631411470566,119.992188516914,"CAMK2B;PRKCB;ATP1B1;PLCB1;CALM1;CALM2;ACTB","Vip","VehicleVsPCB_in_HETs"
"Glioma","7/75",1.14364699197814e-05,9.33215945454158e-05,0,0,10.3087488802628,117.300193800474,"CAMK2B;PRKCB;CAMK4;MAPK1;IGF1;CALM1;CALM2","Vip","VehicleVsPCB_in_HETs"
"Amyotrophic lateral sclerosis (ALS)","6/52",1.44098604500619e-05,0.00011208587073075,0,0,13.0105401844532,145.036269556515,"PPP3CA;GRIA2;PPP3R1;GRIN2A;SLC1A2;GRIN2B","Vip","VehicleVsPCB_in_HETs"
"Salivary secretion","7/78",1.48348946555405e-05,0.00011208587073075,0,0,9.8716665475084,109.758404916344,"PRKCB;ATP2B2;ATP2B1;ATP1B1;PLCB1;CALM1;CALM2","Vip","VehicleVsPCB_in_HETs"
"Thyroid hormone signaling pathway","8/115",2.37565421832103e-05,0.00017308337876339,0,0,7.51058554262827,79.9701057185682,"GSK3B;PRKCB;ATP2A2;MAPK1;ATP1B1;PLCB1;ACTB;ACTG1","Vip","VehicleVsPCB_in_HETs"
"Long-term depression","6/61",3.6419051465054e-05,0.000256189189616242,0,0,10.8765840220386,111.163240863958,"GNAO1;GRIA2;PRKCB;MAPK1;IGF1;PLCB1","Vip","VehicleVsPCB_in_HETs"
"GnRH signaling pathway","7/90",3.78444138814981e-05,0.000257342014394187,0,0,8.43930034860253,85.9291854846412,"CAMK2B;MAPK8;PRKCB;MAPK1;PLCB1;CALM1;CALM2","Vip","VehicleVsPCB_in_HETs"
"Aldosterone-regulated sodium reabsorption","5/38",4.0126200101024e-05,0.000264056284535771,0,0,15.0472057255977,152.330102287908,"PRKCB;NEDD4L;MAPK1;IGF1;ATP1B1","Vip","VehicleVsPCB_in_HETs"
"Nicotine addiction","5/40",5.17395142717647e-05,0.0003298394034825,0,0,14.1859296482412,140.005036156876,"GRIA2;GRIN2A;GABRA4;GABRG3;GRIN2B","Vip","VehicleVsPCB_in_HETs"
"Estrogen signaling pathway","8/134",7.09715966310417e-05,0.000438733506446439,0,0,6.3718820861678,60.8720602531557,"GNAO1;HSPA8;GABBR1;HSP90AB1;MAPK1;CALM1;PLCB1;CALM2","Vip","VehicleVsPCB_in_HETs"
"Tuberculosis","9/178",9.13799360491532e-05,0.000548279616294919,0,0,5.36012744651798,49.8517828864973,"CAMK2B;PPP3CA;PPP3R1;ATP6V0B;MAPK8;MAPK1;CALM1;CALM2;ATP6V0C","Vip","VehicleVsPCB_in_HETs"
"HIF-1 signaling pathway","7/104",9.54276186493462e-05,0.000556206691556189,0,0,7.21612852582553,66.8007301899409,"CAMK2B;PRKCB;MAPK1;ENO1;IGF1;ALDOA;GAPDH","Vip","VehicleVsPCB_in_HETs"
"Pancreatic secretion","7/105",0.000101371434149632,0.000574438126847915,0,0,7.14213197969543,65.6841824565612,"PRKCB;ATP2A2;CCK;ATP2B2;ATP2B1;ATP1B1;PLCB1","Vip","VehicleVsPCB_in_HETs"
"Synaptic vesicle cycle","6/77",0.00013585228458861,0.000749023406920982,0,0,8.41869398207426,74.9595663437257,"ATP6V0B;STXBP1;CLTC;SLC1A2;ATP6V0C;ATP6V1D","Vip","VehicleVsPCB_in_HETs"
"Salmonella infection","6/78",0.000145937127329957,0.000783451946718717,0,0,8.3013468013468,73.3202731091963,"MAPK8;MAPK1;WASF1;ACTB;DYNC1I1;ACTG1","Vip","VehicleVsPCB_in_HETs"
"C-type lectin receptor signaling pathway","7/112",0.00015196130545281,0.000794874520830083,0,0,6.66362098138748,58.5857869458169,"CYLD;PPP3CA;PPP3R1;MAPK8;MAPK1;CALM1;CALM2","Vip","VehicleVsPCB_in_HETs"
"Endocrine and other factor-regulated calcium reabsorption","5/55",0.000241678396982603,0.00118468111678383,0,0,9.92261306532663,82.634555678544,"PRKCB;CLTC;ATP2B1;ATP1B1;PLCB1","Vip","VehicleVsPCB_in_HETs"
"Neurotrophin signaling pathway","7/121",0.000245216582244971,0.00118468111678383,0,0,6.13474040431027,51.000359036268,"CAMK2B;GSK3B;MAPK8;CAMK4;MAPK1;CALM1;CALM2","Vip","VehicleVsPCB_in_HETs"
"Hypertrophic cardiomyopathy (HCM)","6/86",0.000249712196184826,0.00118468111678383,0,0,7.46818181818182,61.9500731587654,"CACNB2;CACNA2D3;ATP2A2;IGF1;ACTB;ACTG1","Vip","VehicleVsPCB_in_HETs"
"Insulin secretion","6/86",0.000249712196184826,0.00118468111678383,0,0,7.46818181818182,61.9500731587654,"CAMK2B;PCLO;PRKCB;CCK;ATP1B1;PLCB1","Vip","VehicleVsPCB_in_HETs"
"Human cytomegalovirus infection","10/255",0.000301398770114777,0.00139739429780488,0,0,4.11340206185567,33.3476645833981,"GNAO1;PPP3CA;GSK3B;PPP3R1;PRKCB;MAPK1;CALM1;PLCB1;CALM2;CX3CL1","Vip","VehicleVsPCB_in_HETs"
"Dilated cardiomyopathy (DCM)","6/90",0.000319734695565914,0.00141795386729232,0,0,7.11111111111111,57.2303572081842,"CACNB2;CACNA2D3;ATP2A2;IGF1;ACTB;ACTG1","Vip","VehicleVsPCB_in_HETs"
"GABAergic synapse","6/90",0.000319734695565914,0.00141795386729232,0,0,7.11111111111111,57.2303572081842,"GNAO1;GABARAPL1;GABBR1;PRKCB;GABRA4;GABRG3","Vip","VehicleVsPCB_in_HETs"
"Inflammatory mediator regulation of TRP channels","7/127",0.000329679270615241,0.00143094832352147,0,0,5.82622673434856,46.7111336084924,"CAMK2B;MAPK8;PRKCB;IGF1;CALM1;PLCB1;CALM2","Vip","VehicleVsPCB_in_HETs"
"Influenza A","8/168",0.000337242037232269,0.00143327865823714,0,0,5.00918367346939,40.0469691732816,"HSPA8;GSK3B;MAPK8;PRKCB;MAPK1;VDAC1;ACTB;ACTG1","Vip","VehicleVsPCB_in_HETs"
"Morphine addiction","6/92",0.000360073473513616,0.00149908139993424,0,0,6.94503171247357,55.0685624993541,"GNAO1;GABBR1;PDE10A;PRKCB;GABRA4;GABRG3","Vip","VehicleVsPCB_in_HETs"
"Kaposi sarcoma-associated herpesvirus infection","9/216",0.000388285244206153,0.0015842037963611,0,0,4.36767001114827,34.3026771140518,"PPP3CA;GSK3B;GABARAPL1;PPP3R1;MAPK8;UBB;MAPK1;CALM1;CALM2","Vip","VehicleVsPCB_in_HETs"
"Glycolysis / Gluconeogenesis","5/67",0.000607839935740363,0.00243135974296145,0,0,7.99724428594586,59.2243840807712,"LDHB;PKM;ENO1;ALDOA;GAPDH","Vip","VehicleVsPCB_in_HETs"
"Human immunodeficiency virus 1 infection","9/238",0.000779819840765669,0.00305929322146532,0,0,3.94363453140746,28.2224140287529,"GNAO1;PPP3CA;PPP3R1;MAPK8;PRKCB;CFL1;MAPK1;CALM1;CALM2","Vip","VehicleVsPCB_in_HETs"
"Arrhythmogenic right ventricular cardiomyopathy (ARVC)","5/72",0.00084517121830961,0.00319286904694742,0,0,7.3985599639991,52.3519981583155,"CACNB2;CACNA2D3;ATP2A2;ACTB;ACTG1","Vip","VehicleVsPCB_in_HETs"
"B cell receptor signaling pathway","5/72",0.00084517121830961,0.00319286904694742,0,0,7.3985599639991,52.3519981583155,"GSK3B;PPP3CA;PPP3R1;PRKCB;MAPK1","Vip","VehicleVsPCB_in_HETs"
"Neuroactive ligand-receptor interaction","11/348",0.000929708998490866,0.00344837519440249,0,0,3.29098568595194,22.9731827830487,"GRIA2;GRIN2A;GABBR1;GRM5;GABRA4;PENK;CCK;TAC2;VIP;GABRG3;GRIN2B","Vip","VehicleVsPCB_in_HETs"
"Cholinergic synapse","6/113",0.00106949388345213,0.00379844325378134,0,0,5.57604078164826,38.1432958875155,"GNAO1;CAMK2B;PRKCB;CAMK4;MAPK1;PLCB1","Vip","VehicleVsPCB_in_HETs"
"Pertussis","5/76",0.00107994955254567,0.00379844325378134,0,0,6.98032415599122,47.6814840858279,"MAPK8;CFL1;MAPK1;CALM1;CALM2","Vip","VehicleVsPCB_in_HETs"
"Renin secretion","5/76",0.00107994955254567,0.00379844325378134,0,0,6.98032415599122,47.6814840858279,"PPP3CA;PPP3R1;PLCB1;CALM1;CALM2","Vip","VehicleVsPCB_in_HETs"
"Proteoglycans in cancer","8/203",0.00116726517008244,0.00403596770672572,0,0,4.10277341705913,27.7064052236488,"CAMK2B;DDX5;PRKCB;MAPK1;ANK3;IGF1;ACTB;ACTG1","Vip","VehicleVsPCB_in_HETs"
"Wnt signaling pathway","7/160",0.00129828405232351,0.00441416577789995,0,0,4.5619256162702,30.3218050350551,"CAMK2B;GSK3B;PPP3CA;PPP3R1;MAPK8;PRKCB;PLCB1","Vip","VehicleVsPCB_in_HETs"
"ErbB signaling pathway","5/84",0.00169011064768086,0.00565217331355567,0,0,6.27091151962343,40.0269854212528,"CAMK2B;GSK3B;MAPK8;PRKCB;MAPK1","Vip","VehicleVsPCB_in_HETs"
"Regulation of actin cytoskeleton","8/217",0.00178047441083276,0.00585833515822393,0,0,3.82521238160336,24.2169430707025,"ENAH;NCKAP1;TMSB4X;CFL1;MAPK1;WASF1;ACTB;ACTG1","Vip","VehicleVsPCB_in_HETs"
"Ribosome","7/170",0.00183733262821967,0.00594945803423513,0,0,4.27987294073682,26.960804585537,"RPS9;RPL27A;RPLP1;RPL11;RPSA;RPS2;FAU","Vip","VehicleVsPCB_in_HETs"
"Osteoclast differentiation","6/128",0.00202481560016314,0.00645409972552002,0,0,4.88673621460507,30.3088898902984,"CYLD;PPP3CA;PPP3R1;MAPK8;CAMK4;MAPK1","Vip","VehicleVsPCB_in_HETs"
"Necroptosis","7/176",0.00223551647582956,0.00701608247798815,0,0,4.12666326254768,25.1861937049691,"CAMK2B;CYLD;FTL1;MAPK8;HSP90AB1;VDAC1;PPIA","Vip","VehicleVsPCB_in_HETs"
"Axon guidance","7/180",0.00253590388229348,0.00783824836345258,0,0,4.03042751092984,24.0906920525791,"ENAH;CAMK2B;GSK3B;PPP3CA;PPP3R1;CFL1;MAPK1","Vip","VehicleVsPCB_in_HETs"
"Ras signaling pathway","8/233",0.00276672871904911,0.00842406953262715,0,0,3.5502947845805,20.9115544746708,"GRIN2A;MAPK8;PRKCB;MAPK1;IGF1;CALM1;GRIN2B;CALM2","Vip","VehicleVsPCB_in_HETs"
"VEGF signaling pathway","4/58",0.00290030725243844,0.00870092175731533,0,0,7.31185185185185,42.7227014115908,"PPP3CA;PPP3R1;PRKCB;MAPK1","Vip","VehicleVsPCB_in_HETs"
"Apelin signaling pathway","6/138",0.00295058109211819,0.00872345714191465,0,0,4.51423324150597,26.2988085159272,"GABARAPL1;CAMK4;MAPK1;CALM1;PLCB1;CALM2","Vip","VehicleVsPCB_in_HETs"
"MAPK signaling pathway","9/294",0.00330995750313847,0.0095271879592394,0,0,3.15967611336032,18.0443413161203,"PPP3CA;CACNB2;HSPA8;PPP3R1;MAPK8;PRKCB;CACNA2D3;MAPK1;IGF1","Vip","VehicleVsPCB_in_HETs"
"Phosphatidylinositol signaling system","5/98",0.0033158350250294,0.0095271879592394,0,0,5.32312098125034,30.3899414497276,"DGKB;PRKCB;CALM1;PLCB1;CALM2","Vip","VehicleVsPCB_in_HETs"
"Choline metabolism in cancer","5/99",0.00346383326461991,0.00981419424975641,0,0,5.2662247407249,29.8351612841057,"MAPK8;DGKB;PRKCB;MAPK1;WASF1","Vip","VehicleVsPCB_in_HETs"
"Fluid shear stress and atherosclerosis","6/143",0.0035174387134166,0.00982955476078064,0,0,4.34837425348374,24.5684110333189,"MAPK8;HSP90AB1;CALM1;CALM2;ACTB;ACTG1","Vip","VehicleVsPCB_in_HETs"
"Th17 cell differentiation","5/102",0.00393629253842552,0.0108514010518758,0,0,5.10257472931669,28.255589096444,"PPP3CA;PPP3R1;MAPK8;HSP90AB1;MAPK1","Vip","VehicleVsPCB_in_HETs"
"Alcoholism","7/199",0.00440788149632054,0.0118316819111762,0,0,3.6280668358714,19.6799445810197,"GNAO1;GRIN2A;CAMK4;MAPK1;CALM1;GRIN2B;CALM2","Vip","VehicleVsPCB_in_HETs"
"Focal adhesion","7/199",0.00440788149632054,0.0118316819111762,0,0,3.6280668358714,19.6799445810197,"GSK3B;MAPK8;PRKCB;MAPK1;IGF1;ACTB;ACTG1","Vip","VehicleVsPCB_in_HETs"
"Hippo signaling pathway","6/159",0.00588072419253081,0.0155801004581336,0,0,3.8904733610616,19.981764378835,"GSK3B;DLG2;YWHAB;YWHAZ;ACTB;ACTG1","Vip","VehicleVsPCB_in_HETs"
"Adherens junction","4/72",0.00629819789975376,0.0164722098916637,0,0,5.80235294117647,29.4033755681036,"MAPK1;WASF1;ACTB;ACTG1","Vip","VehicleVsPCB_in_HETs"
"Pyruvate metabolism","3/38",0.00678415684404296,0.0175185822301869,0,0,8.42686567164179,42.0767329312614,"LDHB;PKM;MDH1","Vip","VehicleVsPCB_in_HETs"
"Bacterial invasion of epithelial cells","4/74",0.00693422600898333,0.0176822763229075,0,0,5.636,28.0181669826019,"CLTC;WASF1;ACTB;ACTG1","Vip","VehicleVsPCB_in_HETs"
"Sphingolipid signaling pathway","5/124",0.00889793527473979,0.0224096147660113,0,0,4.15459651197162,19.6177389216049,"CERS4;MAPK8;PRKCB;MAPK1;PLCB1","Vip","VehicleVsPCB_in_HETs"
"Mineral absorption","3/44",0.0101863849071665,0.0253417380617314,0,0,7.1914816163087,32.9851921979975,"FTL1;ATP2B1;ATP1B1","Vip","VehicleVsPCB_in_HETs"
"Phagosome","6/180",0.0105172362067573,0.0258495926045601,0,0,3.41727621037966,15.5648040456318,"ATP6V0B;ATP6V1D;ATP6V0C;ACTB;DYNC1I1;ACTG1","Vip","VehicleVsPCB_in_HETs"
"Serotonergic synapse","5/132",0.0114575204901559,0.0278254069046644,0,0,3.8913069283425,17.3906746331854,"GNAO1;APP;PRKCB;MAPK1;PLCB1","Vip","VehicleVsPCB_in_HETs"
"Gap junction","4/86",0.0116485966115653,0.0279566318677567,0,0,4.80829268292683,21.4092576776587,"GRM5;PRKCB;MAPK1;PLCB1","Vip","VehicleVsPCB_in_HETs"
"Cellular senescence","6/185",0.0119213786474756,0.0280844336288028,0,0,3.3209751142712,14.7100001186547,"PPP3CA;PPP3R1;MAPK1;VDAC1;CALM1;CALM2","Vip","VehicleVsPCB_in_HETs"
"Fc gamma R-mediated phagocytosis","4/87",0.0121148537222286,0.0280844336288028,0,0,4.75012048192771,20.9638159703931,"PRKCB;CFL1;MAPK1;WASF1","Vip","VehicleVsPCB_in_HETs"
"Th1 and Th2 cell differentiation","4/87",0.0121148537222286,0.0280844336288028,0,0,4.75012048192771,20.9638159703931,"PPP3CA;PPP3R1;MAPK8;MAPK1","Vip","VehicleVsPCB_in_HETs"
"Cocaine addiction","3/48",0.0129143973736689,0.0292726340469827,0,0,6.55091210613599,28.4926190957226,"GRIA2;GRIN2A;GRIN2B","Vip","VehicleVsPCB_in_HETs"
"Type II diabetes mellitus","3/48",0.0129143973736689,0.0292726340469827,0,0,6.55091210613599,28.4926190957226,"MAPK8;PKM;MAPK1","Vip","VehicleVsPCB_in_HETs"
"Progesterone-mediated oocyte maturation","4/90",0.0135848323911401,0.0304539099757426,0,0,4.58372093023256,19.7045058327727,"MAPK8;HSP90AB1;MAPK1;IGF1","Vip","VehicleVsPCB_in_HETs"
"Insulin signaling pathway","5/139",0.0140741368034542,0.0309265849521568,0,0,3.6867171679292,15.7180105656407,"GSK3B;MAPK8;MAPK1;CALM1;CALM2","Vip","VehicleVsPCB_in_HETs"
"IL-17 signaling pathway","4/91",0.0140988843164244,0.0309265849521568,0,0,4.53080459770115,19.3087469603683,"GSK3B;MAPK8;HSP90AB1;MAPK1","Vip","VehicleVsPCB_in_HETs"
"Vascular smooth muscle contraction","5/140",0.0144780524413159,0.0314204542343452,0,0,3.65922203610646,15.4972495560506,"PRKCB;MAPK1;CALM1;PLCB1;CALM2","Vip","VehicleVsPCB_in_HETs"
"Apoptosis","5/141",0.0148896816580468,0.0319736321920164,0,0,3.63213124445758,15.2806914583565,"MAPK8;MAPK1;SPTAN1;ACTB;ACTG1","Vip","VehicleVsPCB_in_HETs"
"Prostate cancer","4/97",0.0174420911349791,0.0370644436618306,0,0,4.23720430107527,17.1558849851945,"GSK3B;HSP90AB1;MAPK1;IGF1","Vip","VehicleVsPCB_in_HETs"
"NOD-like receptor signaling pathway","6/205",0.0188640235043453,0.0396727916998602,0,0,2.98416324044465,11.8486162345396,"GABARAPL1;MAPK8;HSP90AB1;MAPK1;VDAC1;PLCB1","Vip","VehicleVsPCB_in_HETs"
"AGE-RAGE signaling pathway in diabetic complications","4/101",0.0199233504859566,0.0410541767589408,0,0,4.06164948453608,15.9048623013716,"MAPK8;PRKCB;MAPK1;PLCB1","Vip","VehicleVsPCB_in_HETs"
"T cell receptor signaling pathway","4/101",0.0199233504859566,0.0410541767589408,0,0,4.06164948453608,15.9048623013716,"GSK3B;PPP3CA;PPP3R1;MAPK1","Vip","VehicleVsPCB_in_HETs"
"Proximal tubule bicarbonate reclamation","2/22",0.0209153463698529,0.0423525914090374,0,0,9.79009900990099,37.8609768883234,"MDH1;ATP1B1","Vip","VehicleVsPCB_in_HETs"
"mTOR signaling pathway","5/154",0.0209686849623175,0.0423525914090374,0,0,3.31304171866042,12.803995641388,"GSK3B;PRKCB;MAPK1;IGF1;ATP6V1D","Vip","VehicleVsPCB_in_HETs"
"Chagas disease (American trypanosomiasis)","4/103",0.0212414350875218,0.0424828701750436,0,0,3.97919191919192,15.327057480984,"GNAO1;MAPK8;MAPK1;PLCB1","Vip","VehicleVsPCB_in_HETs"
"Toxoplasmosis","4/108",0.0247664266448219,0.0490519518013948,0,0,3.78692307692308,14.0050500237202,"GNAO1;HSPA8;MAPK8;MAPK1","Vip","VehicleVsPCB_in_HETs"
"Hepatitis B","5/163",0.0260079375693661,0.0505297072776255,0,0,3.12289294574137,11.3965402904961,"MAPK8;PRKCB;YWHAB;MAPK1;YWHAZ","Vip","VehicleVsPCB_in_HETs"
"Protein processing in endoplasmic reticulum","5/163",0.0260079375693661,0.0505297072776255,0,0,3.12289294574137,11.3965402904961,"HSPA8;MAPK8;HSP90AB1;TUSC3;SEC62","Vip","VehicleVsPCB_in_HETs"
"Mitophagy","3/63",0.0265465362956009,0.0510895604179489,0,0,4.90945273631841,17.8156970163567,"GABARAPL1;MAPK8;UBB","Vip","VehicleVsPCB_in_HETs"
"Tight junction","5/167",0.0284758307083344,0.0542903688271048,0,0,3.04516409206526,10.8368242266925,"MAPK8;DLG2;NEDD4L;ACTB;ACTG1","Vip","VehicleVsPCB_in_HETs"
"Collecting duct acid secretion","2/27",0.0307436386090805,0.0575385529931415,0,0,7.83009900990099,27.2649699339746,"ATP6V1D;ATP6V0C","Vip","VehicleVsPCB_in_HETs"
"Phototransduction","2/27",0.0307436386090805,0.0575385529931415,0,0,7.83009900990099,27.2649699339746,"CALM1;CALM2","Vip","VehicleVsPCB_in_HETs"
"Hepatocellular carcinoma","5/171",0.0310875274720867,0.0576532327664154,0,0,2.97118120724102,10.3128172104716,"GSK3B;PRKCB;MAPK1;ACTB;ACTG1","Vip","VehicleVsPCB_in_HETs"
"Natural killer cell mediated cytotoxicity","4/118",0.0328209871452648,0.060319652050757,0,0,3.45298245614035,11.7977606704293,"PPP3CA;PPP3R1;PRKCB;MAPK1","Vip","VehicleVsPCB_in_HETs"
"Prolactin signaling pathway","3/72",0.0373251169078873,0.0679850343679377,0,0,4.26714254812892,14.0307436350203,"GSK3B;MAPK8;MAPK1","Vip","VehicleVsPCB_in_HETs"
"Thyroid hormone synthesis","3/73",0.0386414320137133,0.0697597533698895,0,0,4.20597014925373,13.6838303456384,"PRKCB;ATP1B1;PLCB1","Vip","VehicleVsPCB_in_HETs"
"Platelet activation","4/125",0.039269834222645,0.0702723349247332,0,0,3.25206611570248,10.527909187137,"MAPK1;PLCB1;ACTB;ACTG1","Vip","VehicleVsPCB_in_HETs"
"Relaxin signaling pathway","4/131",0.0453330502657548,0.0804168891670781,0,0,3.09748031496063,9.58273347352746,"GNAO1;MAPK8;MAPK1;PLCB1","Vip","VehicleVsPCB_in_HETs"
"FoxO signaling pathway","4/132",0.046391661789055,0.0815853362497174,0,0,3.073125,9.43644683993045,"GABARAPL1;MAPK8;MAPK1;IGF1","Vip","VehicleVsPCB_in_HETs"
"Pathways in cancer","10/535",0.0482707335744186,0.0841643559759093,0,0,1.89209621993127,5.73481087821174,"CAMK2B;GSK3B;MAPK8;HSP90AB1;PRKCB;MAPK1;IGF1;CALM1;PLCB1;CALM2","Vip","VehicleVsPCB_in_HETs"
"Chemokine signaling pathway","5/197",0.0516827940760751,0.0893499151823671,0,0,2.56543132328308,7.60042471466794,"GSK3B;PRKCB;MAPK1;PLCB1;CX3CL1","Vip","VehicleVsPCB_in_HETs"
"Rheumatoid arthritis","3/84",0.0546420051726631,0.0936720088674224,0,0,3.63276211534918,10.5602664281597,"ATP6V0B;ATP6V0C;ATP6V1D","Vip","VehicleVsPCB_in_HETs"
"African trypanosomiasis","2/39",0.0599718112272676,0.101952079086355,0,0,5.28739630719829,14.8781021050208,"PRKCB;PLCB1","Vip","VehicleVsPCB_in_HETs"
"Colorectal cancer","3/88",0.0611308555609294,0.103063591193633,0,0,3.46110623353819,9.67288697940267,"GSK3B;MAPK8;MAPK1","Vip","VehicleVsPCB_in_HETs"
"Phospholipase D signaling pathway","4/149",0.0664697693742266,0.11114617174051,0,0,2.71048275862069,7.34814052530603,"GRM5;DGKB;MAPK1;PLCB1","Vip","VehicleVsPCB_in_HETs"
"Carbohydrate digestion and absorption","2/43",0.0711962454044468,0.117129306955703,0,0,4.77058681477904,12.6053940299398,"PRKCB;ATP1B1","Vip","VehicleVsPCB_in_HETs"
"Vasopressin-regulated water reabsorption","2/43",0.0711962454044468,0.117129306955703,0,0,4.77058681477904,12.6053940299398,"DYNLL1;DYNC1I1","Vip","VehicleVsPCB_in_HETs"
"Human papillomavirus infection","7/360",0.0765007835892495,0.124849278817655,0,0,1.95713320199594,5.03072144535954,"GSK3B;ATP6V0B;DLG2;PKM;MAPK1;ATP6V0C;ATP6V1D","Vip","VehicleVsPCB_in_HETs"
"Cushing syndrome","4/159",0.0800759732087306,0.129646813766516,0,0,2.53432258064516,6.39860552020649,"CAMK2B;GSK3B;MAPK1;PLCB1","Vip","VehicleVsPCB_in_HETs"
"Hepatitis C","4/160",0.0815074088941317,0.130925286727582,0,0,2.51794871794872,6.31265192763894,"GSK3B;YWHAB;MAPK1;YWHAZ","Vip","VehicleVsPCB_in_HETs"
"Longevity regulating pathway","3/102",0.0864622410060297,0.13779919660336,0,0,2.96954620835218,7.26959011361003,"HSPA8;CAMK4;IGF1","Vip","VehicleVsPCB_in_HETs"
"Cysteine and methionine metabolism","2/50",0.0922833915179303,0.145936526121378,0,0,4.07343234323432,9.70654565222377,"LDHB;MDH1","Vip","VehicleVsPCB_in_HETs"
"Parathyroid hormone synthesis, secretion and action","3/107",0.0964291999944454,0.151319667683591,0,0,2.82606199770379,6.6100070234124,"PRKCB;MAPK1;PLCB1","Vip","VehicleVsPCB_in_HETs"
"Insulin resistance","3/110",0.102624175026628,0.158600997768426,0,0,2.74640814618496,6.25269730435869,"GSK3B;MAPK8;PRKCB","Vip","VehicleVsPCB_in_HETs"
"TNF signaling pathway","3/110",0.102624175026628,0.158600997768426,0,0,2.74640814618496,6.25269730435869,"MAPK8;MAPK1;CX3CL1","Vip","VehicleVsPCB_in_HETs"
"Human T-cell leukemia virus 1 infection","5/245",0.106413925681373,0.16322135969173,0,0,2.04731993299833,4.58685412928138,"PPP3CA;PPP3R1;MAPK8;MAPK1;VDAC1","Vip","VehicleVsPCB_in_HETs"
"Leukocyte transendothelial migration","3/115",0.113288856047073,0.172469601743305,0,0,2.62313432835821,5.71269990678631,"PRKCB;ACTB;ACTG1","Vip","VehicleVsPCB_in_HETs"
"Transcriptional misregulation in cancer","4/183",0.117782085358825,0.176082100093511,0,0,2.19184357541899,4.6881760790833,"DDX5;TAF15;IGF1;CDK14","Vip","VehicleVsPCB_in_HETs"
"Endometrial cancer","2/58",0.118251214278486,0.176082100093511,0,0,3.49009900990099,7.45116588099357,"GSK3B;MAPK1","Vip","VehicleVsPCB_in_HETs"
"Legionellosis","2/58",0.118251214278486,0.176082100093511,0,0,3.49009900990099,7.45116588099357,"EEF1A1;HSPA8","Vip","VehicleVsPCB_in_HETs"
"Cell cycle","3/123",0.131175732045171,0.193911951718949,0,0,2.44726368159204,4.97092454490354,"GSK3B;YWHAB;YWHAZ","Vip","VehicleVsPCB_in_HETs"
"Lysosome","3/124",0.133478253742356,0.195896142183026,0,0,2.42691501171827,4.88736199882947,"ATP6V0B;CLTC;ATP6V0C","Vip","VehicleVsPCB_in_HETs"
"Central carbon metabolism in cancer","2/64",0.138768356840098,0.202205319967001,0,0,3.15138933248164,6.22383394682246,"PKM;MAPK1","Vip","VehicleVsPCB_in_HETs"
"Endocytosis","5/269",0.141388065469962,0.204561456424625,0,0,1.85891579107659,3.6364983125799,"HSPA8;UBB;CLTC;PSD3;NEDD4L","Vip","VehicleVsPCB_in_HETs"
"Non-small cell lung cancer","2/66",0.145770736306274,0.209417114130139,0,0,3.05259900990099,5.8784515476543,"PRKCB;MAPK1","Vip","VehicleVsPCB_in_HETs"
"Autophagy","3/130",0.147581334671098,0.210535610300027,0,0,2.31155247385122,4.42286864175075,"GABARAPL1;MAPK8;MAPK1","Vip","VehicleVsPCB_in_HETs"
"Leishmaniasis","2/67",0.149299125513584,0.211507094477577,0,0,3.00548362528561,5.71583907247848,"PRKCB;MAPK1","Vip","VehicleVsPCB_in_HETs"
"Spliceosome","3/132",0.1523867602397,0.212110980271079,0,0,2.27548304986694,4.280942523553,"HSPA8;DDX5;SRSF7","Vip","VehicleVsPCB_in_HETs"
"Fc epsilon RI signaling pathway","2/68",0.152844676960042,0.212110980271079,0,0,2.95979597959796,5.55948262898929,"MAPK8;MAPK1","Vip","VehicleVsPCB_in_HETs"
"RIG-I-like receptor signaling pathway","2/68",0.152844676960042,0.212110980271079,0,0,2.95979597959796,5.55948262898929,"CYLD;MAPK8","Vip","VehicleVsPCB_in_HETs"
"PI3K-Akt signaling pathway","6/357",0.158913955937108,0.219043560886285,0,0,1.67875334542001,3.08788611292356,"GSK3B;HSP90AB1;YWHAB;MAPK1;IGF1;YWHAZ","Vip","VehicleVsPCB_in_HETs"
"Signaling pathways regulating pluripotency of stem cells","3/137",0.164612000797954,0.225374819884447,0,0,2.19002004900869,3.95115551684254,"GSK3B;MAPK1;IGF1","Vip","VehicleVsPCB_in_HETs"
"Melanoma","2/72",0.167184452530469,0.227370855441437,0,0,2.79009900990099,4.9905317148664,"MAPK1;IGF1","Vip","VehicleVsPCB_in_HETs"
"Pancreatic cancer","2/75",0.178085835214954,0.24059278399901,0,0,2.67503051675031,4.61573740217359,"MAPK8;MAPK1","Vip","VehicleVsPCB_in_HETs"
"Measles","3/144",0.182192554860422,0.244521586786355,0,0,2.0805546734413,3.54254204505498,"HSPA8;GSK3B;MAPK8","Vip","VehicleVsPCB_in_HETs"
"Breast cancer","3/147",0.189877020170997,0.253169360227995,0,0,2.03689883913765,3.38406030189843,"GSK3B;MAPK1;IGF1","Vip","VehicleVsPCB_in_HETs"
"Viral carcinogenesis","4/229",0.206461121703614,0.273270703392503,0,0,1.73964444444444,2.74453815326609,"PKM;YWHAB;MAPK1;YWHAZ","Vip","VehicleVsPCB_in_HETs"
"RNA degradation","2/83",0.207632152087441,0.273270703392503,0,0,2.40985209632074,3.7882568047496,"ZCCHC7;ENO1","Vip","VehicleVsPCB_in_HETs"
"Viral myocarditis","2/87",0.22259587866919,0.29108691825971,0,0,2.29598136284217,3.449476326264,"ACTB;ACTG1","Vip","VehicleVsPCB_in_HETs"
"Taste transduction","2/88",0.226350879898983,0.29411197133371,0,0,2.26916877734285,3.37123352167154,"GABBR1;GABRA4","Vip","VehicleVsPCB_in_HETs"
"Antigen processing and presentation","2/90",0.233874290022267,0.301964273193306,0,0,2.21737173717372,3.22177800577734,"HSPA8;HSP90AB1","Vip","VehicleVsPCB_in_HETs"
"Protein export","1/28",0.249684025874008,0.320349316215708,0,0,3.60682357234081,5.00468071485554,"SEC62","Vip","VehicleVsPCB_in_HETs"
"Toll-like receptor signaling pathway","2/99",0.267859841841732,0.341521298348208,0,0,2.01071756660202,2.64870098540733,"MAPK8;MAPK1","Vip","VehicleVsPCB_in_HETs"
"Glyoxylate and dicarboxylate metabolism","1/31",0.272442931561123,0.343076284188081,0,0,3.24564860426929,4.22040163140086,"MDH1","Vip","VehicleVsPCB_in_HETs"
"Propanoate metabolism","1/31",0.272442931561123,0.343076284188081,0,0,3.24564860426929,4.22040163140086,"LDHB","Vip","VehicleVsPCB_in_HETs"
"Citrate cycle (TCA cycle)","1/32",0.279875522976151,0.348137845653261,0,0,3.14079135547434,3.99951617358067,"MDH1","Vip","VehicleVsPCB_in_HETs"
"Pentose phosphate pathway","1/32",0.279875522976151,0.348137845653261,0,0,3.14079135547434,3.99951617358067,"ALDOA","Vip","VehicleVsPCB_in_HETs"
"Amoebiasis","2/106",0.294299625438725,0.361933832337446,0,0,1.87471439451637,2.29306984055073,"PRKCB;PLCB1","Vip","VehicleVsPCB_in_HETs"
"Prion diseases","1/34",0.294514785137334,0.361933832337446,0,0,2.95014181221078,3.60633027014409,"MAPK1","Vip","VehicleVsPCB_in_HETs"
"Fructose and mannose metabolism","1/35",0.301722977091023,0.368571780398615,0,0,2.86322804984063,3.4308514918973,"ALDOA","Vip","VehicleVsPCB_in_HETs"
"Thyroid cancer","1/37",0.315920228314145,0.383617420095748,0,0,2.70388615216201,3.11559483534819,"MAPK1","Vip","VehicleVsPCB_in_HETs"
"Ferroptosis","1/40",0.336679285563676,0.406405764822425,0,0,2.4955159782746,2.71667977580858,"FTL1","Vip","VehicleVsPCB_in_HETs"
"Bladder cancer","1/41",0.343458704471011,0.412150445365213,0,0,2.43300492610837,2.60012412811655,"MAPK1","Vip","VehicleVsPCB_in_HETs"
"Basal transcription factors","1/43",0.356811382757482,0.425669719780855,0,0,2.31691297208539,2.38768997496543,"TAF15","Vip","VehicleVsPCB_in_HETs"
"Hedgehog signaling pathway","1/44",0.363386030903729,0.430992734327679,0,0,2.26291671440028,2.29072697364467,"GSK3B","Vip","VehicleVsPCB_in_HETs"
"Sphingolipid metabolism","1/48",0.389022561013625,0.458731806050749,0,0,2.06990881458967,1.95423804515125,"CERS4","Vip","VehicleVsPCB_in_HETs"
"Cholesterol metabolism","1/49",0.395269512231517,0.463419428133503,0,0,2.02668308702791,1.88114178077053,"VDAC1","Vip","VehicleVsPCB_in_HETs"
"Arginine and proline metabolism","1/50",0.401452901059541,0.465320408046286,0,0,1.98522167487685,1.81184245886508,"CKB","Vip","VehicleVsPCB_in_HETs"
"N-Glycan biosynthesis","1/50",0.401452901059541,0.465320408046286,0,0,1.98522167487685,1.81184245886508,"TUSC3","Vip","VehicleVsPCB_in_HETs"
"Purine metabolism","2/136",0.404874332606408,0.466634824020945,0,0,1.45278557706517,1.31357755636634,"PKM;PDE10A","Vip","VehicleVsPCB_in_HETs"
"Ubiquitin mediated proteolysis","2/138",0.411982922420721,0.472160203223747,0,0,1.43127548048923,1.26921699687113,"UBE2B;NEDD4L","Vip","VehicleVsPCB_in_HETs"
"Systemic lupus erythematosus","2/143",0.429568812455424,0.489564456653109,0,0,1.38016993188681,1.16620679038978,"GRIN2A;GRIN2B","Vip","VehicleVsPCB_in_HETs"
"Ovarian steroidogenesis","1/57",0.443010130861784,0.502078148310022,0,0,1.73645320197044,1.41375532390979,"IGF1","Vip","VehicleVsPCB_in_HETs"
"Gastric cancer","2/150",0.453715633592487,0.511370106369432,0,0,1.31442333422531,1.03876856480615,"GSK3B;MAPK1","Vip","VehicleVsPCB_in_HETs"
"Glycerolipid metabolism","1/61",0.465454578170682,0.521718318389116,0,0,1.62036124794745,1.23915629783371,"DGKB","Vip","VehicleVsPCB_in_HETs"
"Basal cell carcinoma","1/63",0.4763369589449,0.530998577184478,0,0,1.56793262354998,1.16282552391197,"GSK3B","Vip","VehicleVsPCB_in_HETs"
"Renal cell carcinoma","1/68",0.502588000853822,0.556182022067927,0,0,1.45055510624219,0.997959470547613,"MAPK1","Vip","VehicleVsPCB_in_HETs"
"Acute myeloid leukemia","1/69",0.507678900226689,0.556182022067927,0,0,1.42915097073312,0.968830185779962,"MAPK1","Vip","VehicleVsPCB_in_HETs"
"Cortisol synthesis and secretion","1/69",0.507678900226689,0.556182022067927,0,0,1.42915097073312,0.968830185779962,"PLCB1","Vip","VehicleVsPCB_in_HETs"
"RNA transport","2/167",0.509833520228933,0.556182022067927,0,0,1.17797779777978,0.793569525155879,"EEF1A1;EIF1","Vip","VehicleVsPCB_in_HETs"
"Adipocytokine signaling pathway","1/71",0.517705669798795,0.557609130016607,0,0,1.38817733990148,0.91390433512967,"MAPK8","Vip","VehicleVsPCB_in_HETs"
"p53 signaling pathway","1/71",0.517705669798795,0.557609130016607,0,0,1.38817733990148,0.91390433512967,"IGF1","Vip","VehicleVsPCB_in_HETs"
"Cell adhesion molecules (CAMs)","2/170",0.519341836780174,0.557609130016607,0,0,1.15676567656766,0.757904736424122,"NEGR1;NRXN1","Vip","VehicleVsPCB_in_HETs"
"Bile secretion","1/72",0.522642585806548,0.558215117824794,0,0,1.36855616457365,0.887997850639644,"ATP1B1","Vip","VehicleVsPCB_in_HETs"
"Inositol phosphate metabolism","1/73",0.527529211024267,0.560499786713284,0,0,1.34948002189381,0.863061349863368,"PLCB1","Vip","VehicleVsPCB_in_HETs"
"Chronic myeloid leukemia","1/76",0.541892414313897,0.572777474197072,0,0,1.29530377668309,0.793616814560023,"MAPK1","Vip","VehicleVsPCB_in_HETs"
"ECM-receptor interaction","1/83",0.573739120365428,0.603313301827564,0,0,1.18430854259282,0.657978708695905,"CD47","Vip","VehicleVsPCB_in_HETs"
"Protein digestion and absorption","1/90",0.60338199753158,0.631230397417653,0,0,1.09077323296618,0.551063859645159,"ATP1B1","Vip","VehicleVsPCB_in_HETs"
"TGF-beta signaling pathway","1/91",0.607445775117896,0.632239480224749,0,0,1.07859879584018,0.537673266583745,"MAPK1","Vip","VehicleVsPCB_in_HETs"
"Glycerophospholipid metabolism","1/97",0.630972853879322,0.653393209093308,0,0,1.01087848932677,0.46550190023339,"DGKB","Vip","VehicleVsPCB_in_HETs"
"NF-kappa B signaling pathway","1/102",0.649502985807948,0.669184894468795,0,0,0.960591133004926,0.414541034138188,"PRKCB","Vip","VehicleVsPCB_in_HETs"
"AMPK signaling pathway","1/126",0.726340501524213,0.744590262869043,0,0,0.775211822660098,0.247863409309004,"IGF1","Vip","VehicleVsPCB_in_HETs"
"Epstein-Barr virus infection","1/229",0.905705628147159,0.923819740710103,0,0,0.422781090657679,0.0418726364130826,"MAPK8","Vip","VehicleVsPCB_in_HETs"
"MicroRNAs in cancer","1/281",0.945050983791045,0.959156222355091,0,0,0.343349753694581,0.0194048926521778,"PRKCB","Vip","VehicleVsPCB_in_HETs"
"Cytokine-cytokine receptor interaction","1/292",0.950991697834111,0.960407457218607,0,0,0.330184686743521,0.0165917628134188,"CX3CL1","Vip","VehicleVsPCB_in_HETs"
"Herpes simplex virus 1 infection","1/433",0.988756646115998,0.993627368510658,0,0,0.220808246670316,0.00249668727718117,"SRSF7","Vip","VehicleVsPCB_in_HETs"
"Olfactory transduction","3/1133",0.999423154203846,0.999423154203846,0,0,0.24654603090741,0.000142260076496957,"CAMK2B;CALM1;CALM2","Vip","VehicleVsPCB_in_HETs"
"Aldosterone synthesis and secretion","5/102",4.04435516915698e-06,0.000452967778945582,0,0,24.3691703485518,302.620949379808,"CAMK2A;GNAS;ATP2B1;ATP1B1;CALM1","Astro","VehicleVsPCB_in_WTs"
"cAMP signaling pathway","6/211",9.61288517047914e-06,0.000538321569546832,0,0,14.0973230220107,162.858001237004,"CAMK2A;GNAS;ATP2B1;ATP1B1;CALM1;GRIN2B","Astro","VehicleVsPCB_in_WTs"
"Amphetamine addiction","4/68",1.95220202251043e-05,0.000611506889306237,0,0,28.9084302325581,313.482077547735,"CAMK2A;GNAS;CALM1;GRIN2B","Astro","VehicleVsPCB_in_WTs"
"Adrenergic signaling in cardiomyocytes","5/148",2.47613347904606e-05,0.000611506889306237,0,0,16.4918414918415,174.91621784934,"CAMK2A;GNAS;ATP2B1;ATP1B1;CALM1","Astro","VehicleVsPCB_in_WTs"
"Gastric acid secretion","4/74",2.72994147011713e-05,0.000611506889306237,0,0,26.4225913621262,277.665640413074,"CAMK2A;GNAS;ATP1B1;CALM1","Astro","VehicleVsPCB_in_WTs"
"Salivary secretion","4/78",3.36112451189842e-05,0.000627409908887705,0,0,24.9893148962916,257.406183258528,"GNAS;ATP2B1;ATP1B1;CALM1","Astro","VehicleVsPCB_in_WTs"
"Alzheimer disease","5/175",5.51771266539154e-05,0.000882834026462646,0,0,13.8536414565826,135.834428912994,"APOE;CALM1;GRIN2B;RTN4;UQCRH","Astro","VehicleVsPCB_in_WTs"
"Circadian entrainment","4/99",8.5560034962478e-05,0.00119784048947469,0,0,19.4447980416157,182.125661493987,"CAMK2A;GNAS;CALM1;GRIN2B","Astro","VehicleVsPCB_in_WTs"
"Dopaminergic synapse","4/135",0.000282756804025964,0.00328017606265387,0,0,14.0756257766732,115.010859739786,"CAMK2A;GNAS;CALM1;GRIN2B","Astro","VehicleVsPCB_in_WTs"
"Endocrine and other factor-regulated calcium reabsorption","3/55",0.000292872862736953,0.00328017606265387,0,0,26.0939685314685,212.294577469244,"GNAS;ATP2B1;ATP1B1","Astro","VehicleVsPCB_in_WTs"
"Long-term potentiation","3/67",0.000524335108392742,0.00533868473999883,0,0,21.1885653409091,160.045276313934,"CAMK2A;CALM1;GRIN2B","Astro","VehicleVsPCB_in_WTs"
"Calcium signaling pathway","4/189",0.0010031330863176,0.00935392565390801,0,0,9.93991200502828,68.6313857076194,"CAMK2A;GNAS;ATP2B1;CALM1","Astro","VehicleVsPCB_in_WTs"
"Insulin secretion","3/86",0.00108572351340004,0.00935392565390801,0,0,16.3225629791895,111.409795320372,"CAMK2A;GNAS;ATP1B1","Astro","VehicleVsPCB_in_WTs"
"GnRH signaling pathway","3/90",0.00123818809460434,0.0099055047568347,0,0,15.5689655172414,104.220308316439,"CAMK2A;GNAS;CALM1","Astro","VehicleVsPCB_in_WTs"
"Melanogenesis","3/100",0.00167651923807447,0.0124206024785444,0,0,13.9568884723524,89.1989699333675,"CAMK2A;GNAS;CALM1","Astro","VehicleVsPCB_in_WTs"
"Glucagon signaling pathway","3/102",0.00177437178264919,0.0124206024785444,0,0,13.6735537190083,86.6125122508013,"CAMK2A;GNAS;CALM1","Astro","VehicleVsPCB_in_WTs"
"Pancreatic secretion","3/105",0.00192773374786374,0.0127003635153375,0,0,13.269385026738,82.9523687700046,"GNAS;ATP2B1;ATP1B1","Astro","VehicleVsPCB_in_WTs"
"Glutamatergic synapse","3/114",0.00243659723207571,0.0151610494440266,0,0,12.1879606879607,73.3368216582501,"GNAS;DLGAP1;GRIN2B","Astro","VehicleVsPCB_in_WTs"
"Inflammatory mediator regulation of TRP channels","3/127",0.00330691605888517,0.0194933999260599,0,0,10.9030425219941,62.2753356792104,"CAMK2A;GNAS;CALM1","Astro","VehicleVsPCB_in_WTs"
"Mineral absorption","2/44",0.00480179388459557,0.0268900457537352,0,0,21.0698412698413,112.486945979727,"ATP2B1;ATP1B1","Astro","VehicleVsPCB_in_WTs"
"Oxytocin signaling pathway","3/154",0.0056653455101235,0.0289752014847664,0,0,8.94130042143287,46.2568109045279,"CAMK2A;GNAS;CALM1","Astro","VehicleVsPCB_in_WTs"
"Cocaine addiction","2/48",0.00569155743450769,0.0289752014847664,0,0,19.2338164251208,99.4151993657224,"GNAS;GRIN2B","Astro","VehicleVsPCB_in_WTs"
"Ribosome","3/170",0.00743833947169895,0.0358422221695159,0,0,8.07811649428416,39.5917185019675,"RPL41;RPS15A;RPL13","Astro","VehicleVsPCB_in_WTs"
"cGMP-PKG signaling pathway","3/172",0.00768047617918198,0.0358422221695159,0,0,7.98171059709521,38.8635373987319,"ATP2B1;ATP1B1;CALM1","Astro","VehicleVsPCB_in_WTs"
"Alcoholism","3/199",0.0114103807313373,0.0506494312791481,0,0,6.87279684601113,30.7436130453478,"GNAS;CALM1;GRIN2B","Astro","VehicleVsPCB_in_WTs"
"Bile secretion","2/72",0.0124444020382666,0.0506494312791481,0,0,12.624126984127,55.3755359869365,"GNAS;ATP1B1","Astro","VehicleVsPCB_in_WTs"
"Thyroid hormone synthesis","2/73",0.0127759615521649,0.0506494312791481,0,0,12.445696400626,54.2655994638708,"GNAS;ATP1B1","Astro","VehicleVsPCB_in_WTs"
"Rap1 signaling pathway","3/209",0.0130146564301761,0.0506494312791481,0,0,6.5358561341571,28.3765902323438,"GNAS;CALM1;GRIN2B","Astro","VehicleVsPCB_in_WTs"
"Glioma","2/75",0.0134505991174255,0.0506494312791481,0,0,12.103500761035,52.1507365613462,"CAMK2A;CALM1","Astro","VehicleVsPCB_in_WTs"
"Renin secretion","2/76",0.0137936390372198,0.0506494312791481,0,0,11.9393393393393,51.142729953573,"GNAS;CALM1","Astro","VehicleVsPCB_in_WTs"
"Phosphonate and phosphinate metabolism","1/6",0.0140190390147642,0.0506494312791481,0,0,86.7304347826087,370.10816194385,"PCYT2","Astro","VehicleVsPCB_in_WTs"
"Cardiac muscle contraction","2/78",0.0144910662955521,0.0507187320344325,0,0,11.6239766081871,49.2185083733299,"ATP1B1;UQCRH","Astro","VehicleVsPCB_in_WTs"
"Oocyte meiosis","2/116",0.0304269167343149,0.103267111340705,0,0,7.73450292397661,27.0121918198869,"CAMK2A;CALM1","Astro","VehicleVsPCB_in_WTs"
"Neurotrophin signaling pathway","2/121",0.0328751412530307,0.10829458295116,0,0,7.40765639589169,25.2974317261712,"CAMK2A;CALM1","Astro","VehicleVsPCB_in_WTs"
"Spliceosome","2/132",0.0385223708670571,0.123157917676077,0,0,6.77709401709402,22.0697160825599,"DDX5;HNRNPA3","Astro","VehicleVsPCB_in_WTs"
"Estrogen signaling pathway","2/134",0.0395864735387391,0.123157917676077,0,0,6.67373737373737,21.5512851824883,"GNAS;CALM1","Astro","VehicleVsPCB_in_WTs"
"Ubiquitin mediated proteolysis","2/138",0.041748077666791,0.125604144226211,0,0,6.47614379084967,20.5688924216976,"HERC1;HUWE1","Astro","VehicleVsPCB_in_WTs"
"Vascular smooth muscle contraction","2/140",0.0428453331529839,0.125604144226211,0,0,6.38164251207729,20.1031857296018,"GNAS;CALM1","Astro","VehicleVsPCB_in_WTs"
"Steroid biosynthesis","1/19",0.0437371573644841,0.125604144226211,0,0,24.0760869565217,75.3474926122397,"MSMO1","Astro","VehicleVsPCB_in_WTs"
"Proximal tubule bicarbonate reclamation","1/22",0.0504696797107161,0.141315103190005,0,0,20.6335403726708,61.6196443933309,"ATP1B1","Astro","VehicleVsPCB_in_WTs"
"Phenylalanine metabolism","1/23",0.0527035278621339,0.143443680826029,0,0,19.6946640316206,57.9628316575578,"MIF","Astro","VehicleVsPCB_in_WTs"
"Cushing syndrome","2/159",0.0537913803097608,0.143443680826029,0,0,5.60396319886766,16.3783784465022,"CAMK2A;GNAS","Astro","VehicleVsPCB_in_WTs"
"Phototransduction","1/27",0.061587599908768,0.160414213715861,0,0,16.6613712374582,46.4401522262234,"CALM1","Astro","VehicleVsPCB_in_WTs"
"Tuberculosis","2/178",0.0656127201703657,0.164264190360545,0,0,4.99419191919192,13.6041073549189,"CAMK2A;CALM1","Astro","VehicleVsPCB_in_WTs"
"Fatty acid elongation","1/29",0.0659990050555763,0.164264190360545,0,0,15.4697204968944,42.0484887956507,"HACD3","Astro","VehicleVsPCB_in_WTs"
"Circadian rhythm","1/30",0.0681970901048619,0.166045088950968,0,0,14.9355322338831,40.1071819981265,"RORB","Astro","VehicleVsPCB_in_WTs"
"Biosynthesis of unsaturated fatty acids","1/32",0.0725780823183253,0.172952025950052,0,0,13.9705469845722,36.6460342104673,"HACD3","Astro","VehicleVsPCB_in_WTs"
"Huntington disease","2/192",0.0748281818924619,0.174599091082411,0,0,4.62292397660819,11.9852110286593,"GRIN2B;UQCRH","Astro","VehicleVsPCB_in_WTs"
"Proteoglycans in cancer","2/203",0.0823432886857717,0.188213231281764,0,0,4.36749585406302,10.9050183744099,"DDX5;CAMK2A","Astro","VehicleVsPCB_in_WTs"
"Aldosterone-regulated sodium reabsorption","1/38",0.0856004537352887,0.189980197859109,0,0,11.7015276145711,28.7631119093154,"ATP1B1","Astro","VehicleVsPCB_in_WTs"
"African trypanosomiasis","1/39",0.0877533793517478,0.189980197859109,0,0,11.3930205949657,27.7217814690517,"HBB-BS","Astro","VehicleVsPCB_in_WTs"
"Tyrosine metabolism","1/40",0.0899013436297567,0.189980197859109,0,0,11.1003344481605,26.7411762486684,"MIF","Astro","VehicleVsPCB_in_WTs"
"Nicotine addiction","1/40",0.0899013436297567,0.189980197859109,0,0,11.1003344481605,26.7411762486684,"GRIN2B","Astro","VehicleVsPCB_in_WTs"
"Vasopressin-regulated water reabsorption","1/43",0.096315580073358,0.196133544876656,0,0,10.305900621118,24.1170976121911,"GNAS","Astro","VehicleVsPCB_in_WTs"
"Carbohydrate digestion and absorption","1/43",0.096315580073358,0.196133544876656,0,0,10.305900621118,24.1170976121911,"ATP1B1","Astro","VehicleVsPCB_in_WTs"
"Thermogenesis","2/231",0.102444813918907,0.204211976623507,0,0,3.82804463852499,8.72193567403484,"GNAS;UQCRH","Astro","VehicleVsPCB_in_WTs"
"Ras signaling pathway","2/233",0.103929309531606,0.204211976623507,0,0,3.79451659451659,8.59095376950251,"CALM1;GRIN2B","Astro","VehicleVsPCB_in_WTs"
"Cholesterol metabolism","1/49",0.10901159849286,0.206937271715259,0,0,9.01494565217391,19.9798330117755,"APOE","Astro","VehicleVsPCB_in_WTs"
"Malaria","1/49",0.10901159849286,0.206937271715259,0,0,9.01494565217391,19.9798330117755,"HBB-BS","Astro","VehicleVsPCB_in_WTs"
"Amyotrophic lateral sclerosis (ALS)","1/52",0.115293975792214,0.215215421478799,0,0,8.48337595907928,18.3263834415378,"GRIN2B","Astro","VehicleVsPCB_in_WTs"
"Human cytomegalovirus infection","2/255",0.120637153760859,0.22149772493797,0,0,3.4606938954765,7.31925673540415,"GNAS;CALM1","Astro","VehicleVsPCB_in_WTs"
"Regulation of lipolysis in adipocytes","1/56",0.123603079085233,0.223282981573324,0,0,7.86482213438735,16.4428249445129,"GNAS","Astro","VehicleVsPCB_in_WTs"
"Ovarian steroidogenesis","1/57",0.125668391528993,0.22341047382932,0,0,7.72399068322981,16.0203959241486,"GNAS","Astro","VehicleVsPCB_in_WTs"
"Pathways in cancer","3/535",0.130657259173459,0.228650203553553,0,0,2.48902084757348,5.06559978995768,"CAMK2A;GNAS;CALM1","Astro","VehicleVsPCB_in_WTs"
"Long-term depression","1/61",0.133882110972292,0.23068917582918,0,0,7.20760869565217,14.4930281048593,"GNAS","Astro","VehicleVsPCB_in_WTs"
"Mitophagy","1/63",0.137960602391848,0.234114961634652,0,0,6.97440392706872,13.8148094997935,"MFN1","Astro","VehicleVsPCB_in_WTs"
"Aminoacyl-tRNA biosynthesis","1/66",0.144043118727446,0.240788496977224,0,0,6.65150501672241,12.888239398826,"LARS2","Astro","VehicleVsPCB_in_WTs"
"Cortisol synthesis and secretion","1/69",0.150083623986731,0.247196557154616,0,0,6.35709718670077,12.0566330675351,"GNAS","Astro","VehicleVsPCB_in_WTs"
"Pertussis","1/76",0.164016351027826,0.265581445703272,0,0,5.76173913043478,10.4160095124331,"CALM1","Astro","VehicleVsPCB_in_WTs"
"Synaptic vesicle cycle","1/77",0.165988403564545,0.265581445703272,0,0,5.68564073226545,10.2104859919986,"SYT1","Astro","VehicleVsPCB_in_WTs"
"ErbB signaling pathway","1/84",0.179665854872442,0.283416559798782,0,0,5.20429544264013,8.93398767804397,"CAMK2A","Astro","VehicleVsPCB_in_WTs"
"Gap junction","1/86",0.18353320988962,0.285496104272742,0,0,5.08132992327366,8.61468170774335,"GNAS","Astro","VehicleVsPCB_in_WTs"
"Complement and coagulation cascades","1/88",0.187382718905278,0.285546930703351,0,0,4.9640179910045,8.31275509339894,"F3","Astro","VehicleVsPCB_in_WTs"
"Dilated cardiomyopathy (DCM)","1/90",0.191214462524565,0.285546930703351,0,0,4.85197850512946,8.02691741500654,"GNAS","Astro","VehicleVsPCB_in_WTs"
"Protein digestion and absorption","1/90",0.191214462524565,0.285546930703351,0,0,4.85197850512946,8.02691741500654,"ATP1B1","Astro","VehicleVsPCB_in_WTs"
"Morphine addiction","1/92",0.195028520907277,0.286462111719599,0,0,4.74486383182035,7.75599935359382,"GNAS","Astro","VehicleVsPCB_in_WTs"
"Neuroactive ligand-receptor interaction","2/348",0.196942701807225,0.286462111719599,0,0,2.51856133590238,4.09226536223646,"S1PR1;GRIN2B","Astro","VehicleVsPCB_in_WTs"
"Glycerophospholipid metabolism","1/97",0.20448681724867,0.292568642256724,0,0,4.49660326086957,7.13724147989638,"PCYT2","Astro","VehicleVsPCB_in_WTs"
"Phosphatidylinositol signaling system","1/98",0.206365381591796,0.292568642256724,0,0,4.45002241147468,7.0226114477866,"CALM1","Astro","VehicleVsPCB_in_WTs"
"AGE-RAGE signaling pathway in diabetic complications","1/101",0.211975062052854,0.296765086873996,0,0,4.31586956521739,6.69515080969127,"F3","Astro","VehicleVsPCB_in_WTs"
"Chagas disease (American trypanosomiasis)","1/103",0.21569326978772,0.297135903237001,0,0,4.23081841432225,6.48964359862583,"GNAS","Astro","VehicleVsPCB_in_WTs"
"HIF-1 signaling pathway","1/104",0.217545929155662,0.297135903237001,0,0,4.1895314478683,6.39048202869543,"CAMK2A","Astro","VehicleVsPCB_in_WTs"
"Amoebiasis","1/106",0.221238407401796,0.297437660881519,0,0,4.10931677018634,6.19896349071937,"GNAS","Astro","VehicleVsPCB_in_WTs"
"Parathyroid hormone synthesis, secretion and action","1/107",0.22307824566114,0.297437660881519,0,0,4.07034454470878,6.10646395229565,"GNAS","Astro","VehicleVsPCB_in_WTs"
"C-type lectin receptor signaling pathway","1/112",0.232213813296893,0.304781001701149,0,0,3.88601645123384,5.67395988479843,"CALM1","Astro","VehicleVsPCB_in_WTs"
"Cholinergic synapse","1/113",0.234028269163382,0.304781001701149,0,0,3.85112577639752,5.59304142584837,"CAMK2A","Astro","VehicleVsPCB_in_WTs"
"Thyroid hormone signaling pathway","1/115",0.237644599555545,0.305933277588748,0,0,3.78318077803204,5.43635133328462,"ATP1B1","Astro","VehicleVsPCB_in_WTs"
"Sphingolipid signaling pathway","1/124",0.253712363604481,0.321499244523943,0,0,3.50477200424178,4.80698434327994,"S1PR1","Astro","VehicleVsPCB_in_WTs"
"Platelet activation","1/125",0.255477078237776,0.321499244523943,0,0,3.47633239831697,4.7438817096827,"GNAS","Astro","VehicleVsPCB_in_WTs"
"Relaxin signaling pathway","1/131",0.265979916991436,0.325915415883439,0,0,3.31488294314381,4.39001375583986,"GNAS","Astro","VehicleVsPCB_in_WTs"
"FoxO signaling pathway","1/132",0.267716234475682,0.325915415883439,0,0,3.28941254563558,4.33487892333873,"S1PR1","Astro","VehicleVsPCB_in_WTs"
"Serotonergic synapse","1/132",0.267716234475682,0.325915415883439,0,0,3.28941254563558,4.33487892333873,"GNAS","Astro","VehicleVsPCB_in_WTs"
"Oxidative phosphorylation","1/134",0.27117681841753,0.326578534008209,0,0,3.23962079110821,4.22765396057984,"UQCRH","Astro","VehicleVsPCB_in_WTs"
"Apelin signaling pathway","1/138",0.278050036209001,0.32941836522679,0,0,3.1443986036179,4.02468618384211,"CALM1","Astro","VehicleVsPCB_in_WTs"
"Insulin signaling pathway","1/139",0.279758403801634,0.32941836522679,0,0,3.12145557655955,3.97620029802368,"CALM1","Astro","VehicleVsPCB_in_WTs"
"Systemic lupus erythematosus","1/143",0.286552396243903,0.32941836522679,0,0,3.03291488058787,3.79063975964799,"GRIN2B","Astro","VehicleVsPCB_in_WTs"
"Fluid shear stress and atherosclerosis","1/143",0.286552396243903,0.32941836522679,0,0,3.03291488058787,3.79063975964799,"CALM1","Astro","VehicleVsPCB_in_WTs"
"Parkinson disease","1/144",0.288241069573441,0.32941836522679,0,0,3.01155366372758,3.74624657913421,"UQCRH","Astro","VehicleVsPCB_in_WTs"
"Phospholipase D signaling pathway","1/149",0.296625931501748,0.335576811395917,0,0,2.90907755581669,3.53535373241351,"GNAS","Astro","VehicleVsPCB_in_WTs"
"Non-alcoholic fatty liver disease (NAFLD)","1/151",0.299952738766791,0.335947067418806,0,0,2.87,3.45585411649744,"UQCRH","Astro","VehicleVsPCB_in_WTs"
"Wnt signaling pathway","1/160",0.31473377778104,0.349011713975015,0,0,2.70631665299426,3.12857822663464,"CAMK2A","Astro","VehicleVsPCB_in_WTs"
"Necroptosis","1/176",0.340260600615395,0.37361948302867,0,0,2.45689440993789,2.64863900598065,"CAMK2A","Astro","VehicleVsPCB_in_WTs"
"Axon guidance","1/180",0.346495453744792,0.376771755528318,0,0,2.40150595093515,2.54532152994714,"CAMK2A","Astro","VehicleVsPCB_in_WTs"
"Transcriptional misregulation in cancer","1/183",0.351133712181617,0.377821832927649,0,0,2.36156235069279,2.47158324651556,"DDX5","Astro","VehicleVsPCB_in_WTs"
"Cellular senescence","1/185",0.354207968369671,0.377821832927649,0,0,2.33565689981096,2.42411069557756,"CALM1","Astro","VehicleVsPCB_in_WTs"
"NOD-like receptor signaling pathway","1/205",0.384176971909373,0.405922838243866,0,0,2.10453964194373,2.01331199064658,"MFN1","Astro","VehicleVsPCB_in_WTs"
"Kaposi sarcoma-associated herpesvirus infection","1/216",0.400075207870884,0.416370806780508,0,0,1.99575328614762,1.82831503358772,"CALM1","Astro","VehicleVsPCB_in_WTs"
"Regulation of actin cytoskeleton","1/217",0.401500420824061,0.416370806780508,0,0,1.98641304347826,1.81269466262988,"TMSB4X","Astro","VehicleVsPCB_in_WTs"
"Human immunodeficiency virus 1 infection","1/238",0.430675858728645,0.442529322730351,0,0,1.8084755090809,1.52345893647776,"CALM1","Astro","VehicleVsPCB_in_WTs"
"Endocytosis","1/269",0.471216665414578,0.479784241149389,0,0,1.59677157689812,1.20147046089322,"PSD3","Astro","VehicleVsPCB_in_WTs"
"Human papillomavirus infection","1/360",0.574587977246088,0.579764445509566,0,0,1.18650841710064,0.65744675379051,"GNAS","Astro","VehicleVsPCB_in_WTs"
"Olfactory transduction","2/1133",0.753771410744361,0.753771410744361,0,0,0.73964043619216,0.209071296519245,"CAMK2A;CALM1","Astro","VehicleVsPCB_in_WTs"
"Long-term potentiation","10/67",9.84789933858577e-12,9.36151081077556e-10,0,0,30.7716193137712,779.868625432993,"PPP3CA;GRIA2;CAMK2D;PPP3R1;PPP1R1A;PRKCB;PRKCA;PLCB1;CALM1;CALM2","L2_3_IT","VehicleVsPCB_in_WTs"
"Amphetamine addiction","10/68",1.14865163322399e-11,9.36151081077556e-10,0,0,30.2395483674092,761.729604626202,"PPP3CA;GRIA2;CAMK2D;PPP3R1;PRKCB;GNAS;PRKCA;CALM1;CALM2;GRIA3","L2_3_IT","VehicleVsPCB_in_WTs"
"Gastric acid secretion","10/74",2.75180553249496e-11,1.49514767265559e-09,0,0,27.3962942477876,666.173188548961,"CHRM3;CAMK2D;PRKCB;GNAS;PRKCA;ATP1A1;PLCB1;CALM1;CALM2;ACTB","L2_3_IT","VehicleVsPCB_in_WTs"
"Salivary secretion","10/78",4.72162053366832e-11,1.92406036746984e-09,0,0,25.7795419052577,612.941708410894,"CHRM3;PRKCB;GNAS;PRKCA;ATP2B2;ATP1A1;ATP2B1;PLCB1;CALM1;CALM2","L2_3_IT","VehicleVsPCB_in_WTs"
"Aldosterone synthesis and secretion","10/102",7.06344393104468e-10,1.93259428758385e-08,0,0,19.031358214698,401.008191956902,"CAMK2D;PRKCB;GNAS;PRKCA;ATP2B2;ATP1A1;ATP2B1;CALM1;PLCB1;CALM2","L2_3_IT","VehicleVsPCB_in_WTs"
"Dopaminergic synapse","11/135",7.11384400337613e-10,1.93259428758385e-08,0,0,15.6453773041475,329.551226512941,"GRIA2;PPP3CA;CAMK2D;PRKCB;GNAS;PRKCA;CALM1;PLCB1;CALM2;GRIA3;SCN1A","L2_3_IT","VehicleVsPCB_in_WTs"
"Calcium signaling pathway","12/189",2.06064468745746e-09,4.32271107407421e-08,0,0,12.0323713544053,240.650398458492,"CHRM3;PPP3CA;PPP3R1;CAMK2D;PRKCB;GNAS;PRKCA;ATP2B2;ATP2B1;CALM1;PLCB1;CALM2","L2_3_IT","VehicleVsPCB_in_WTs"
"Glutamatergic synapse","10/114",2.12157598727569e-09,4.32271107407421e-08,0,0,16.8252212389381,336.018287507104,"GRIA2;PPP3CA;PPP3R1;PRKCB;SLC1A2;GNAS;PRKCA;GRIK2;PLCB1;GRIA3","L2_3_IT","VehicleVsPCB_in_WTs"
"Oxytocin signaling pathway","11/154",2.89460803458902e-09,5.24245677375567e-08,0,0,13.5535714285714,266.468854320007,"PPP3CA;MEF2C;PPP3R1;CAMK2D;PRKCB;GNAS;PRKCA;CALM1;PLCB1;CALM2;ACTB","L2_3_IT","VehicleVsPCB_in_WTs"
"Circadian entrainment","9/99",1.01788652779479e-08,1.65915504030551e-07,0,0,17.3570175438596,319.42036589272,"GRIA2;CAMK2D;PRKCB;GNAS;PRKCA;CALM1;PLCB1;CALM2;GRIA3","L2_3_IT","VehicleVsPCB_in_WTs"
"Pancreatic secretion","9/105",1.71337686461362e-08,2.53891299029109e-07,0,0,16.2672697368421,290.89480751372,"CHRM3;PRKCB;GNAS;PRKCA;CCK;ATP2B2;ATP1A1;ATP2B1;PLCB1","L2_3_IT","VehicleVsPCB_in_WTs"
"Adrenergic signaling in cardiomyocytes","10/148",2.66440019693475e-08,3.61914360083637e-07,0,0,12.6580736180582,220.765687062626,"CAMK2D;PPP1R1A;GNAS;PRKCA;ATP2B2;ATP1A1;ATP2B1;CALM1;PLCB1;CALM2","L2_3_IT","VehicleVsPCB_in_WTs"
"Insulin secretion","8/86",5.77924956759263e-08,7.24628984244307e-07,0,0,17.6579710144928,294.29492999644,"CHRM3;CAMK2D;PRKCB;GNAS;PRKCA;CCK;ATP1A1;PLCB1","L2_3_IT","VehicleVsPCB_in_WTs"
"Glucagon signaling pathway","8/102",2.20082374301623e-07,2.56238764365462e-06,0,0,14.6405180388529,224.42836511924,"LDHB;PPP3CA;PPP3R1;CAMK2D;GNAS;CALM1;PLCB1;CALM2","L2_3_IT","VehicleVsPCB_in_WTs"
"Oocyte meiosis","8/116",5.93531453242471e-07,6.44970845856819e-06,0,0,12.733655394525,182.564653779067,"PPP3CA;PPP3R1;CAMK2D;YWHAB;CALM1;SKP1A;CALM2;YWHAH","L2_3_IT","VehicleVsPCB_in_WTs"
"Endocrine and other factor-regulated calcium reabsorption","6/55",1.08433972995596e-06,1.10467109989264e-05,0,0,20.7514390371533,285.011454987942,"PRKCB;GNAS;PRKCA;ATP1A1;ATP2B1;PLCB1","L2_3_IT","VehicleVsPCB_in_WTs"
"cGMP-PKG signaling pathway","9/172",1.18592850867884e-06,1.13709615832147e-05,0,0,9.54827252179529,130.286030929909,"PPP3CA;MEF2C;PPP3R1;ATP2B2;ATP1A1;ATP2B1;CALM1;PLCB1;CALM2","L2_3_IT","VehicleVsPCB_in_WTs"
"Alzheimer disease","9/175",1.36950874976275e-06,1.17683541523418e-05,0,0,9.37428662016487,126.562791672553,"COX8A;RTN3;PPP3CA;PPP3R1;NDUFA4;CALM1;PLCB1;CALM2;GAPDH","L2_3_IT","VehicleVsPCB_in_WTs"
"GnRH signaling pathway","7/90",1.37177134291101e-06,1.17683541523418e-05,0,0,14.3911508101371,194.2720120904,"CAMK2D;PRKCB;GNAS;PRKCA;PLCB1;CALM1;CALM2","L2_3_IT","VehicleVsPCB_in_WTs"
"Long-term depression","6/61",2.01538284618721e-06,1.64253701964257e-05,0,0,18.4820512820513,242.38658350025,"GRIA2;PRKCB;GNAS;PRKCA;PLCB1;GRIA3","L2_3_IT","VehicleVsPCB_in_WTs"
"Melanogenesis","7/100",2.79372856939386e-06,2.16846550862476e-05,0,0,12.8372265480163,164.16416621781,"CAMK2D;PRKCB;GNAS;PRKCA;CALM1;PLCB1;CALM2","L2_3_IT","VehicleVsPCB_in_WTs"
"cAMP signaling pathway","9/211",6.35628976981687e-06,4.70943287490977e-05,0,0,7.68955184992183,92.013682796312,"GRIA2;CAMK2D;GNAS;ATP2B2;ATP1A1;ATP2B1;CALM1;CALM2;GRIA3","L2_3_IT","VehicleVsPCB_in_WTs"
"Renin secretion","6/76",7.36098014412588e-06,5.21669462388052e-05,0,0,14.5106227106227,171.505656393001,"PPP3CA;PPP3R1;GNAS;PLCB1;CALM1;CALM2","L2_3_IT","VehicleVsPCB_in_WTs"
"Inflammatory mediator regulation of TRP channels","7/127",1.36010640473543e-05,9.23738933216148e-05,0,0,9.93527298850575,111.328335665822,"CAMK2D;PRKCB;GNAS;PRKCA;CALM1;PLCB1;CALM2","L2_3_IT","VehicleVsPCB_in_WTs"
"Human immunodeficiency virus 1 infection","9/238",1.66843081634294e-05,0.000108781689225559,0,0,6.77361526085957,74.5168253750859,"PPP3CA;PPP3R1;PRKCB;CFL1;PAK7;PRKCA;CALM1;SKP1A;CALM2","L2_3_IT","VehicleVsPCB_in_WTs"
"Wnt signaling pathway","7/160",6.0055750517321e-05,0.000376503359012436,0,0,7.77935542032905,75.6171803522164,"PPP3CA;PPP3R1;CAMK2D;PRKCB;PRKCA;SKP1A;PLCB1","L2_3_IT","VehicleVsPCB_in_WTs"
"Thyroid hormone synthesis","5/73",8.7178957381138e-05,0.000526302594560204,0,0,12.343594217348,115.382334138928,"PRKCB;GNAS;PRKCA;ATP1A1;PLCB1","L2_3_IT","VehicleVsPCB_in_WTs"
"Glioma","5/75",9.91988117811603e-05,0.000577478797154612,0,0,11.9897094430993,110.525751950638,"CAMK2D;PRKCB;PRKCA;CALM1;CALM2","L2_3_IT","VehicleVsPCB_in_WTs"
"Human cytomegalovirus infection","8/255",0.000182424401111889,0.00102535094418062,0,0,5.52860411899313,47.5967187697252,"PPP3CA;PPP3R1;PRKCB;GNAS;PRKCA;CALM1;PLCB1;CALM2","L2_3_IT","VehicleVsPCB_in_WTs"
"Vascular smooth muscle contraction","6/140",0.000229479364139977,0.00124683787849387,0,0,7.5556831228473,63.3143385907906,"PRKCB;GNAS;PRKCA;CALM1;PLCB1;CALM2","L2_3_IT","VehicleVsPCB_in_WTs"
"Amyotrophic lateral sclerosis (ALS)","4/52",0.000293528013440182,0.00154338923195967,0,0,13.8858543417367,112.941116690308,"PPP3CA;GRIA2;PPP3R1;SLC1A2","L2_3_IT","VehicleVsPCB_in_WTs"
"Rap1 signaling pathway","7/209",0.000314040754727173,0.00159964509439154,0,0,5.8776459542506,47.4090204912509,"PRKCB;GNAS;PRKCA;CALM1;PLCB1;CALM2;ACTB","L2_3_IT","VehicleVsPCB_in_WTs"
"Retrograde endocannabinoid signaling","6/150",0.000332721553986135,0.00164344282726485,0,0,7.02742165242165,56.2770303467611,"GRIA2;PRKCB;NDUFA4;PRKCA;PLCB1;GRIA3","L2_3_IT","VehicleVsPCB_in_WTs"
"Phosphatidylinositol signaling system","5/98",0.000348819565882474,0.00167228203643657,0,0,9.01403316930928,71.7603193941268,"PRKCB;PRKCA;CALM1;PLCB1;CALM2","L2_3_IT","VehicleVsPCB_in_WTs"
"VEGF signaling pathway","4/58",0.000447128565073723,0.00207703091545173,0,0,12.339246809835,95.1684694337302,"PPP3CA;PPP3R1;PRKCB;PRKCA","L2_3_IT","VehicleVsPCB_in_WTs"
"HIF-1 signaling pathway","5/104",0.000458730754332897,0.00207703091545173,0,0,8.46516007532957,65.0720843086926,"CAMK2D;PRKCB;PRKCA;ALDOA;GAPDH","L2_3_IT","VehicleVsPCB_in_WTs"
"Parathyroid hormone synthesis, secretion and action","5/107",0.000522590214742791,0.00230222175683986,0,0,8.21493851777999,62.0779321101744,"MEF2C;PRKCB;GNAS;PRKCA;PLCB1","L2_3_IT","VehicleVsPCB_in_WTs"
"Cholinergic synapse","5/113",0.000670114666600859,0.00287443922778789,0,0,7.75619899560578,56.6827809417928,"CHRM3;CAMK2D;PRKCB;PRKCA;PLCB1","L2_3_IT","VehicleVsPCB_in_WTs"
"Thyroid hormone signaling pathway","5/115",0.000725606006689608,0.00303266100231811,0,0,7.61440677966102,55.0407651507802,"PRKCB;PRKCA;ATP1A1;PLCB1;ACTB","L2_3_IT","VehicleVsPCB_in_WTs"
"Tuberculosis","6/178",0.000821459195448602,0.00334744622145305,0,0,5.87507453786524,41.7390457673998,"PPP3CA;PPP3R1;CAMK2D;CALM1;CALM2;ATP6V0C","L2_3_IT","VehicleVsPCB_in_WTs"
"Axon guidance","6/180",0.00087056903048941,0.0034610427309701,0,0,5.80695549661067,40.9179192695468,"PPP3CA;PPP3R1;CAMK2D;CFL1;PAK7;PRKCA","L2_3_IT","VehicleVsPCB_in_WTs"
"Estrogen signaling pathway","5/134",0.00143903890861586,0.00558484147867584,0,0,6.48666403889108,42.4473011900689,"HSP90AB1;GNAS;CALM1;PLCB1;CALM2","L2_3_IT","VehicleVsPCB_in_WTs"
"Aldosterone-regulated sodium reabsorption","3/38",0.00163642781811311,0.00620320312447527,0,0,14.1728571428571,90.9222739978677,"PRKCB;PRKCA;ATP1A1","L2_3_IT","VehicleVsPCB_in_WTs"
"African trypanosomiasis","3/39",0.00176489352658249,0.0065151237173073,0,0,13.7784722222222,87.3508969336432,"PRKCB;PRKCA;PLCB1","L2_3_IT","VehicleVsPCB_in_WTs"
"ErbB signaling pathway","4/84",0.00179865378698668,0.0065151237173073,0,0,8.31806722689076,52.5761471814599,"CAMK2D;PRKCB;PAK7;PRKCA","L2_3_IT","VehicleVsPCB_in_WTs"
"Fluid shear stress and atherosclerosis","5/143",0.00191569917761432,0.00678823839024204,0,0,6.0608572832228,37.926860657863,"MEF2C;HSP90AB1;CALM1;CALM2;ACTB","L2_3_IT","VehicleVsPCB_in_WTs"
"Gap junction","4/86",0.00196099806386391,0.00680090817893227,0,0,8.11436769829883,50.5874164908264,"PRKCB;GNAS;PRKCA;PLCB1","L2_3_IT","VehicleVsPCB_in_WTs"
"Mineral absorption","3/44",0.00250117879689374,0.00849358633111834,0,0,12.0951219512195,72.4617926309364,"FTH1;ATP1A1;ATP2B1","L2_3_IT","VehicleVsPCB_in_WTs"
"Cysteine and methionine metabolism","3/50",0.00360384595110448,0.0119883038781639,0,0,10.5478723404255,59.3397316776823,"LDHB;MDH1;MAT2B","L2_3_IT","VehicleVsPCB_in_WTs"
"Amoebiasis","4/106",0.00417600158740022,0.0136137651749247,0,0,6.51672433679354,35.7012294380239,"PRKCB;GNAS;PRKCA;PLCB1","L2_3_IT","VehicleVsPCB_in_WTs"
"C-type lectin receptor signaling pathway","4/112",0.00507624126141218,0.0162240652080429,0,0,6.15281668222845,32.5064638836943,"PPP3CA;PPP3R1;CALM1;CALM2","L2_3_IT","VehicleVsPCB_in_WTs"
"Leukocyte transendothelial migration","4/115",0.00557160041167709,0.0174648243673724,0,0,5.98561586796881,31.0657829411616,"PRKCB;PRKCA;THY1;ACTB","L2_3_IT","VehicleVsPCB_in_WTs"
"Pathways in cancer","9/535",0.00583776729568225,0.0179538880980416,0,0,2.90439263558135,14.9384730281291,"CAMK2D;HSP90AB1;PRKCB;GNAS;PRKCA;CALM1;SKP1A;PLCB1;CALM2","L2_3_IT","VehicleVsPCB_in_WTs"
"Natural killer cell mediated cytotoxicity","4/118",0.00609827069089068,0.0184077430113922,0,0,5.82721509656494,29.7173404293204,"PPP3CA;PPP3R1;PRKCB;PRKCA","L2_3_IT","VehicleVsPCB_in_WTs"
"Proximal tubule bicarbonate reclamation","2/22",0.00799619904089145,0.0236978262484601,0,0,16.4107438016529,79.2440186604942,"MDH1;ATP1A1","L2_3_IT","VehicleVsPCB_in_WTs"
"Glycolysis / Gluconeogenesis","3/67",0.00816746339433916,0.0237731523799515,0,0,7.739453125,37.2081708233323,"LDHB;ALDOA;GAPDH","L2_3_IT","VehicleVsPCB_in_WTs"
"Serotonergic synapse","4/132",0.0089939629347891,0.0257195782170285,0,0,5.18618697478992,24.4331729530665,"PRKCB;GNAS;PRKCA;PLCB1","L2_3_IT","VehicleVsPCB_in_WTs"
"B cell receptor signaling pathway","3/72",0.00994549086992887,0.0279502588241104,0,0,7.1768115942029,33.0896659691255,"PPP3CA;PPP3R1;PRKCB","L2_3_IT","VehicleVsPCB_in_WTs"
"Apelin signaling pathway","4/138",0.0104687036412638,0.028922011754678,0,0,4.95246456791672,22.5800940022983,"MEF2C;CALM1;PLCB1;CALM2","L2_3_IT","VehicleVsPCB_in_WTs"
"Kaposi sarcoma-associated herpesvirus infection","5/216",0.0108436378609381,0.0294585495222152,0,0,3.94931319784722,17.8673909214826,"PPP3CA;PPP3R1;UBB;CALM1;CALM2","L2_3_IT","VehicleVsPCB_in_WTs"
"Pertussis","3/76",0.011517541322381,0.0307763809106245,0,0,6.78219178082192,30.2749178729505,"CFL1;CALM1;CALM2","L2_3_IT","VehicleVsPCB_in_WTs"
"Phototransduction","2/27",0.011909521281143,0.0308706811382566,0,0,13.1252892561983,58.150505846569,"CALM1;CALM2","L2_3_IT","VehicleVsPCB_in_WTs"
"Synaptic vesicle cycle","3/77",0.0119316129552771,0.0308706811382566,0,0,6.6902027027027,29.6279898410066,"SYT1;SLC1A2;ATP6V0C","L2_3_IT","VehicleVsPCB_in_WTs"
"Ras signaling pathway","5/233",0.0146459688936303,0.0373014520259645,0,0,3.6516874814154,15.4232312490002,"PRKCB;PAK7;PRKCA;CALM1;CALM2","L2_3_IT","VehicleVsPCB_in_WTs"
"Fc gamma R-mediated phagocytosis","3/87",0.0165426496633993,0.0414838753097553,0,0,5.89077380952381,24.1628549772172,"PRKCB;CFL1;PRKCA","L2_3_IT","VehicleVsPCB_in_WTs"
"Morphine addiction","3/92",0.0191725107192214,0.0473502916247438,0,0,5.55842696629214,21.9795641291235,"PRKCB;GNAS;PRKCA","L2_3_IT","VehicleVsPCB_in_WTs"
"Neuroactive ligand-receptor interaction","6/348",0.0207002003669283,0.0503601889523779,0,0,2.92922477133003,11.3583968287287,"CHRM3;GRIA2;GLRB;CCK;GRIK2;GRIA3","L2_3_IT","VehicleVsPCB_in_WTs"
"Pyruvate metabolism","2/38",0.0228302546821565,0.0547254634292869,0,0,9.10973370064279,34.4317749957842,"LDHB;MDH1","L2_3_IT","VehicleVsPCB_in_WTs"
"Necroptosis","4/176",0.0234390564622085,0.0553705246860868,0,0,3.85088919288646,14.4537409918637,"CAMK2D;HSP90AB1;FTH1;PPIA","L2_3_IT","VehicleVsPCB_in_WTs"
"AGE-RAGE signaling pathway in diabetic complications","3/101",0.0244562576137654,0.0561132579784478,0,0,5.04566326530612,18.7237962064193,"PRKCB;PRKCA;PLCB1","L2_3_IT","VehicleVsPCB_in_WTs"
"T cell receptor signaling pathway","3/101",0.0244562576137654,0.0561132579784478,0,0,5.04566326530612,18.7237962064193,"PPP3CA;PPP3R1;PAK7","L2_3_IT","VehicleVsPCB_in_WTs"
"Th17 cell differentiation","3/102",0.0250870545424745,0.0561132579784478,0,0,4.99444444444444,18.4065421429636,"PPP3CA;PPP3R1;HSP90AB1","L2_3_IT","VehicleVsPCB_in_WTs"
"Nicotine addiction","2/40",0.0251304774995502,0.0561132579784478,0,0,8.62940408873423,31.7879108423096,"GRIA2;GRIA3","L2_3_IT","VehicleVsPCB_in_WTs"
"Cellular senescence","4/185",0.02749446302547,0.0605621280155623,0,0,3.65773712800037,13.1450682961921,"PPP3CA;PPP3R1;CALM1;CALM2","L2_3_IT","VehicleVsPCB_in_WTs"
"Carbohydrate digestion and absorption","2/43",0.0287492389147095,0.0624816792413021,0,0,7.9967748437815,28.3817053331758,"PRKCB;ATP1A1","L2_3_IT","VehicleVsPCB_in_WTs"
"Focal adhesion","4/199",0.0345897677948057,0.0738236675500574,0,0,3.39271708683473,11.413769897727,"PRKCB;PAK7;PRKCA;ACTB","L2_3_IT","VehicleVsPCB_in_WTs"
"Cocaine addiction","2/48",0.0352088858266913,0.0738236675500574,0,0,7.12576356449874,23.8460598641874,"GRIA2;GNAS","L2_3_IT","VehicleVsPCB_in_WTs"
"MAPK signaling pathway","5/294",0.035326662999414,0.0738236675500574,0,0,2.8719723183391,9.60134026902483,"PPP3CA;MEF2C;PPP3R1;PRKCB;PRKCA","L2_3_IT","VehicleVsPCB_in_WTs"
"Proteoglycans in cancer","4/203",0.0367949810713834,0.0759187584131076,0,0,3.32384612136312,10.9766489132144,"CAMK2D;PRKCB;PRKCA;ACTB","L2_3_IT","VehicleVsPCB_in_WTs"
"Neurotrophin signaling pathway","3/121",0.0387215264572276,0.0788951101566012,0,0,4.18622881355932,13.610935217258,"CAMK2D;CALM1;CALM2","L2_3_IT","VehicleVsPCB_in_WTs"
"Cell cycle","3/123",0.0403369239989879,0.0811718347140127,0,0,4.11604166666667,13.2145023834688,"YWHAB;SKP1A;YWHAH","L2_3_IT","VehicleVsPCB_in_WTs"
"Sphingolipid signaling pathway","3/124",0.0411572903405733,0.0818126625062615,0,0,4.08181818181818,13.0224457903308,"PRKCB;PRKCA;PLCB1","L2_3_IT","VehicleVsPCB_in_WTs"
"Platelet activation","3/125",0.0419860712529768,0.0824545736654846,0,0,4.04815573770492,12.8343431965891,"GNAS;PLCB1;ACTB","L2_3_IT","VehicleVsPCB_in_WTs"
"Regulation of actin cytoskeleton","4/217",0.0451402579085837,0.0875935957035613,0,0,3.10316802777449,9.61355495085663,"CHRM3;CFL1;PAK7;ACTB","L2_3_IT","VehicleVsPCB_in_WTs"
"Relaxin signaling pathway","3/131",0.0471340859428083,0.0903865412785618,0,0,3.8572265625,11.782896965315,"GNAS;PRKCA;PLCB1","L2_3_IT","VehicleVsPCB_in_WTs"
"Oxidative phosphorylation","3/134",0.0498196180534278,0.094425555147776,0,0,3.76832061068702,11.3024989922708,"COX8A;NDUFA4;ATP6V0C","L2_3_IT","VehicleVsPCB_in_WTs"
"Thermogenesis","4/231",0.0544601088162529,0.102034456747692,0,0,2.90971013956243,8.46809099249923,"COX8A;NDUFA4;GNAS;ACTB","L2_3_IT","VehicleVsPCB_in_WTs"
"Parkinson disease","3/144",0.0592962685630406,0.109832861088359,0,0,3.49929078014184,9.88622745468172,"COX8A;UBB;NDUFA4","L2_3_IT","VehicleVsPCB_in_WTs"
"Non-small cell lung cancer","2/66",0.062374347021776,0.114236163646623,0,0,5.11699380165289,14.1976171094746,"PRKCB;PRKCA","L2_3_IT","VehicleVsPCB_in_WTs"
"Phospholipase D signaling pathway","3/149",0.0643300650466111,0.116508895584418,0,0,3.37859589041096,9.26994876152938,"GNAS;PRKCA;PLCB1","L2_3_IT","VehicleVsPCB_in_WTs"
"Cortisol synthesis and secretion","2/69",0.0674228015502985,0.12076831486482,0,0,4.88713457505859,13.1794877621148,"GNAS;PLCB1","L2_3_IT","VehicleVsPCB_in_WTs"
"Bile secretion","2/72",0.0726018386236344,0.128631518431004,0,0,4.67697756788666,12.2666132208647,"GNAS;ATP1A1","L2_3_IT","VehicleVsPCB_in_WTs"
"Cushing syndrome","3/159",0.0749661560716662,0.129994504677464,0,0,3.16041666666667,8.18774998820265,"CAMK2D;GNAS;PLCB1","L2_3_IT","VehicleVsPCB_in_WTs"
"Hippo signaling pathway","3/159",0.0749661560716662,0.129994504677464,0,0,3.16041666666667,8.18774998820265,"YWHAB;ACTB;YWHAH","L2_3_IT","VehicleVsPCB_in_WTs"
"Hepatitis B","3/163",0.0794259441576936,0.134858634351084,0,0,3.08078125,7.80340390310235,"PRKCB;YWHAB;PRKCA","L2_3_IT","VehicleVsPCB_in_WTs"
"Protein processing in endoplasmic reticulum","3/163",0.0794259441576936,0.134858634351084,0,0,3.08078125,7.80340390310235,"HSP90AB1;TUSC3;SKP1A","L2_3_IT","VehicleVsPCB_in_WTs"
"Cardiac muscle contraction","2/78",0.0833262607567749,0.140022479416024,0,0,4.3064375815572,10.701460890133,"COX8A;ATP1A1","L2_3_IT","VehicleVsPCB_in_WTs"
"Influenza A","3/168",0.0851598679993872,0.141643453917348,0,0,2.98666666666667,7.35683196711304,"PRKCB;PRKCA;ACTB","L2_3_IT","VehicleVsPCB_in_WTs"
"Hepatocellular carcinoma","3/171",0.0886830828516318,0.146013560654707,0,0,2.9328869047619,7.10546442814161,"PRKCB;PRKCA;ACTB","L2_3_IT","VehicleVsPCB_in_WTs"
"Th1 and Th2 cell differentiation","2/87",0.100238334960242,0.163388485985194,0,0,3.8487117160914,8.85282431285295,"PPP3CA;PPP3R1","L2_3_IT","VehicleVsPCB_in_WTs"
"Transcriptional misregulation in cancer","3/183",0.103371029073762,0.166826512267556,0,0,2.73569444444444,6.20846851815694,"MEF2C;TSPAN7;GRIA3","L2_3_IT","VehicleVsPCB_in_WTs"
"Dilated cardiomyopathy (DCM)","2/90",0.106072931137034,0.167862988110064,0,0,3.71694214876033,8.33943693585704,"GNAS;ACTB","L2_3_IT","VehicleVsPCB_in_WTs"
"GABAergic synapse","2/90",0.106072931137034,0.167862988110064,0,0,3.71694214876033,8.33943693585704,"PRKCB;PRKCA","L2_3_IT","VehicleVsPCB_in_WTs"
"Huntington disease","3/192",0.114977549124964,0.180205197186241,0,0,2.6042328042328,5.63300345957965,"COX8A;NDUFA4;PLCB1","L2_3_IT","VehicleVsPCB_in_WTs"
"Choline metabolism in cancer","2/99",0.124093640534602,0.191187488072004,0,0,3.37053761608588,7.03336432004457,"PRKCB;PRKCA","L2_3_IT","VehicleVsPCB_in_WTs"
"Alcoholism","3/199",0.124330513715537,0.191187488072004,0,0,2.51033163265306,5.23356907532535,"GNAS;CALM1;CALM2","L2_3_IT","VehicleVsPCB_in_WTs"
"Chagas disease (American trypanosomiasis)","2/103",0.132325998636707,0.20158072689517,0,0,3.23639636690942,6.54556865466569,"GNAS;PLCB1","L2_3_IT","VehicleVsPCB_in_WTs"
"Collecting duct acid secretion","1/27",0.153521902032608,0.231704352141807,0,0,6.25819672131148,11.727310171498,"ATP6V0C","L2_3_IT","VehicleVsPCB_in_WTs"
"Circadian rhythm","1/30",0.169065176060841,0.252822235760707,0,0,5.60994912379876,9.97152177379031,"SKP1A","L2_3_IT","VehicleVsPCB_in_WTs"
"Glyoxylate and dicarboxylate metabolism","1/31",0.17418309472117,0.255782382338294,0,0,5.42267759562842,9.47693308895157,"MDH1","L2_3_IT","VehicleVsPCB_in_WTs"
"Propanoate metabolism","1/31",0.17418309472117,0.255782382338294,0,0,5.42267759562842,9.47693308895157,"LDHB","L2_3_IT","VehicleVsPCB_in_WTs"
"PI3K-Akt signaling pathway","4/357",0.177836871553609,0.256324285436247,0,0,1.85911871830885,3.21049092224635,"HSP90AB1;YWHAB;PRKCA;YWHAH","L2_3_IT","VehicleVsPCB_in_WTs"
"Citrate cycle (TCA cycle)","1/32",0.179269745642528,0.256324285436247,0,0,5.24748810153358,9.01971654401756,"MDH1","L2_3_IT","VehicleVsPCB_in_WTs"
"Pentose phosphate pathway","1/32",0.179269745642528,0.256324285436247,0,0,5.24748810153358,9.01971654401756,"ALDOA","L2_3_IT","VehicleVsPCB_in_WTs"
"Osteoclast differentiation","2/128",0.186122443039065,0.263808332307545,0,0,2.59097468188377,4.35633664408688,"PPP3CA;PPP3R1","L2_3_IT","VehicleVsPCB_in_WTs"
"Fructose and mannose metabolism","1/35",0.194343981263367,0.273086801258006,0,0,4.78375120540019,7.83638526914625,"ALDOA","L2_3_IT","VehicleVsPCB_in_WTs"
"Ubiquitin mediated proteolysis","2/138",0.208437894326787,0.290387835686036,0,0,2.39924647544968,3.76229235001265,"FBXW7;SKP1A","L2_3_IT","VehicleVsPCB_in_WTs"
"Insulin signaling pathway","2/139",0.210685775811505,0.291032046248095,0,0,2.38161307836159,3.70909436579753,"CALM1;CALM2","L2_3_IT","VehicleVsPCB_in_WTs"
"Ferroptosis","1/40",0.218859814605504,0.299782771266363,0,0,4.16939890710383,6.33466728346468,"FTH1","L2_3_IT","VehicleVsPCB_in_WTs"
"Vasopressin-regulated water reabsorption","1/43",0.233212620000868,0.316780475501179,0,0,3.87099921935988,5.63541889335009,"GNAS","L2_3_IT","VehicleVsPCB_in_WTs"
"Non-alcoholic fatty liver disease (NAFLD)","2/151",0.237823110879212,0.320373281597616,0,0,2.1884741250208,3.14314806346226,"COX8A;NDUFA4","L2_3_IT","VehicleVsPCB_in_WTs"
"mTOR signaling pathway","2/154",0.244641554179949,0.326857158453539,0,0,2.14495432796868,3.02001243500754,"PRKCB;PRKCA","L2_3_IT","VehicleVsPCB_in_WTs"
"Ether lipid metabolism","1/47",0.251943555383544,0.333876418922908,0,0,3.53367783321454,4.87135229478339,"ENPP2","L2_3_IT","VehicleVsPCB_in_WTs"
"Hepatitis C","2/160",0.258300397404401,0.339540038523528,0,0,2.06287268542735,2.79237056214366,"YWHAB;YWHAH","L2_3_IT","VehicleVsPCB_in_WTs"
"Arginine and proline metabolism","1/50",0.265693266376988,0.343714304916262,0,0,3.31682837069254,4.39616667672928,"CKB","L2_3_IT","VehicleVsPCB_in_WTs"
"N-Glycan biosynthesis","1/50",0.265693266376988,0.343714304916262,0,0,3.31682837069254,4.39616667672928,"TUSC3","L2_3_IT","VehicleVsPCB_in_WTs"
"Regulation of lipolysis in adipocytes","1/56",0.292445090677939,0.375342911657512,0,0,2.95409836065574,3.63199999033984,"GNAS","L2_3_IT","VehicleVsPCB_in_WTs"
"Ovarian steroidogenesis","1/57",0.29680876491457,0.377967411570897,0,0,2.90120023419204,3.52399287170022,"GNAS","L2_3_IT","VehicleVsPCB_in_WTs"
"Phagosome","2/180",0.303817685981184,0.383893665232038,0,0,1.82923205497261,2.17921440459083,"ATP6V0C;ACTB","L2_3_IT","VehicleVsPCB_in_WTs"
"Mitophagy","1/63",0.322435860952183,0.404284964116968,0,0,2.61964569011105,2.96504870741318,"UBB","L2_3_IT","VehicleVsPCB_in_WTs"
"Leishmaniasis","1/67",0.339003716402902,0.417331698612671,0,0,2.4603825136612,2.66150453563835,"PRKCB","L2_3_IT","VehicleVsPCB_in_WTs"
"Chemokine signaling pathway","2/197",0.342143623465438,0.417331698612671,0,0,1.66831955922865,1.78931389876554,"PRKCB;PLCB1","L2_3_IT","VehicleVsPCB_in_WTs"
"Fc epsilon RI signaling pathway","1/68",0.343082500699987,0.417331698612671,0,0,2.42353804746758,2.59266303583023,"PRKCA","L2_3_IT","VehicleVsPCB_in_WTs"
"Renal cell carcinoma","1/68",0.343082500699987,0.417331698612671,0,0,2.42353804746758,2.59266303583023,"PAK7","L2_3_IT","VehicleVsPCB_in_WTs"
"Adherens junction","1/72",0.359149494250934,0.428279499296811,0,0,2.28653890556453,2.34145370128573,"ACTB","L2_3_IT","VehicleVsPCB_in_WTs"
"Arrhythmogenic right ventricular cardiomyopathy (ARVC)","1/72",0.359149494250934,0.428279499296811,0,0,2.28653890556453,2.34145370128573,"ACTB","L2_3_IT","VehicleVsPCB_in_WTs"
"NOD-like receptor signaling pathway","2/205",0.359964977936583,0.428279499296811,0,0,1.6019215893824,1.63676103837594,"HSP90AB1;PLCB1","L2_3_IT","VehicleVsPCB_in_WTs"
"Inositol phosphate metabolism","1/73",0.363104957703489,0.428884841345426,0,0,2.25466757741348,2.28412108196601,"PLCB1","L2_3_IT","VehicleVsPCB_in_WTs"
"Bacterial invasion of epithelial cells","1/74",0.367036204447395,0.430409362049823,0,0,2.22366943633505,2.22877228198786,"ACTB","L2_3_IT","VehicleVsPCB_in_WTs"
"Salmonella infection","1/78",0.382521952090469,0.445364844219617,0,0,2.10772833723653,2.02546209051181,"ACTB","L2_3_IT","VehicleVsPCB_in_WTs"
"ECM-receptor interaction","1/83",0.40135164680036,0.463973889563537,0,0,1.97870851659336,1.80639725873609,"SV2B","L2_3_IT","VehicleVsPCB_in_WTs"
"Rheumatoid arthritis","1/84",0.405048669937515,0.464497499327567,0,0,1.95476989926921,1.76661947764666,"ATP6V0C","L2_3_IT","VehicleVsPCB_in_WTs"
"Viral carcinogenesis","2/229",0.412278877203261,0.464497499327567,0,0,1.43080787854516,1.26777486429198,"YWHAB;YWHAH","L2_3_IT","VehicleVsPCB_in_WTs"
"Hypertrophic cardiomyopathy (HCM)","1/86",0.412374912849604,0.464497499327567,0,0,1.90858244937319,1.69066501103013,"ACTB","L2_3_IT","VehicleVsPCB_in_WTs"
"Viral myocarditis","1/87",0.416004407014731,0.464497499327567,0,0,1.88629431948151,1.65439221120933,"ACTB","L2_3_IT","VehicleVsPCB_in_WTs"
"Taste transduction","1/88",0.419611664572406,0.464497499327567,0,0,1.86451856039194,1.61919565619346,"CHRM3","L2_3_IT","VehicleVsPCB_in_WTs"
"Antigen processing and presentation","1/90",0.426760009328061,0.464497499327567,0,0,1.82243507091545,1.55186444666665,"HSP90AB1","L2_3_IT","VehicleVsPCB_in_WTs"
"Progesterone-mediated oocyte maturation","1/90",0.426760009328061,0.464497499327567,0,0,1.82243507091545,1.55186444666665,"HSP90AB1","L2_3_IT","VehicleVsPCB_in_WTs"
"Protein digestion and absorption","1/90",0.426760009328061,0.464497499327567,0,0,1.82243507091545,1.55186444666665,"ATP1A1","L2_3_IT","VehicleVsPCB_in_WTs"
"TGF-beta signaling pathway","1/91",0.430301364407746,0.464497499327567,0,0,1.80209471766849,1.51965145441896,"SKP1A","L2_3_IT","VehicleVsPCB_in_WTs"
"IL-17 signaling pathway","1/91",0.430301364407746,0.464497499327567,0,0,1.80209471766849,1.51965145441896,"HSP90AB1","L2_3_IT","VehicleVsPCB_in_WTs"
"Human T-cell leukemia virus 1 infection","2/245",0.445985660977416,0.478260939074466,0,0,1.33550998197463,1.07838221217,"PPP3CA;PPP3R1","L2_3_IT","VehicleVsPCB_in_WTs"
"Prostate cancer","1/97",0.451098362147882,0.480581915229443,0,0,1.68895150273224,1.34452339539731,"HSP90AB1","L2_3_IT","VehicleVsPCB_in_WTs"
"NF-kappa B signaling pathway","1/102",0.467852630661479,0.495194667518319,0,0,1.6049342639182,1.21911115541142,"PRKCB","L2_3_IT","VehicleVsPCB_in_WTs"
"Insulin resistance","1/110",0.493610501211252,0.51908717224151,0,0,1.48653932922244,1.04950944940339,"PRKCB","L2_3_IT","VehicleVsPCB_in_WTs"
"MicroRNAs in cancer","2/281",0.517707771771353,0.540938248709811,0,0,1.16105334873663,0.764372904146828,"PRKCB;PRKCA","L2_3_IT","VehicleVsPCB_in_WTs"
"Lysosome","1/124",0.535745499757768,0.556219850066982,0,0,1.31640677062508,0.821564258573725,"ATP6V0C","L2_3_IT","VehicleVsPCB_in_WTs"
"Apoptosis","1/141",0.582259076575448,0.600684996720241,0,0,1.15556206088993,0.624973932573338,"ACTB","L2_3_IT","VehicleVsPCB_in_WTs"
"Tight junction","1/167",0.644607137396587,0.660498130070941,0,0,0.973286588978866,0.427383997964302,"ACTB","L2_3_IT","VehicleVsPCB_in_WTs"
"Cell adhesion molecules (CAMs)","1/170",0.651178729700867,0.660498130070941,0,0,0.955863808322825,0.410037976130867,"NRCAM","L2_3_IT","VehicleVsPCB_in_WTs"
"Human papillomavirus infection","2/360",0.652393858536328,0.660498130070941,0,0,0.901195807747357,0.384906877381047,"GNAS;ATP6V0C","L2_3_IT","VehicleVsPCB_in_WTs"
"Endocytosis","1/269",0.811885761762504,0.816897402267211,0,0,0.599736970883288,0.124982567601367,"UBB","L2_3_IT","VehicleVsPCB_in_WTs"
"Olfactory transduction","3/1133",0.973140341472877,0.973140341472877,0,0,0.414756637168142,0.0112925670801151,"CAMK2D;CALM1;CALM2","L2_3_IT","VehicleVsPCB_in_WTs"
"Amphetamine addiction","11/68",2.30007653115237e-12,4.39314617450103e-10,0,0,28.2998050682261,758.380403954441,"PPP3CA;GRIA2;ARC;PPP3R1;GRIN2A;CAMK4;CAMK2A;GNAS;CALM1;CALM2;STX1A","L4","VehicleVsPCB_in_WTs"
"Oxytocin signaling pathway","13/154",1.05498687207271e-10,1.00751246282944e-08,0,0,13.6654935210366,313.928125743968,"MEF2C;CACNA2D1;CAMK2A;ACTB;ACTG1;PPP3CA;PPP3R1;CACNB4;CAMK4;GNAS;CALM1;PLCB1;CALM2","L4","VehicleVsPCB_in_WTs"
"cAMP signaling pathway","14/211",4.86548573119811e-10,3.09769258219613e-08,0,0,10.582910321489,226.936588727423,"GRIA2;CAMK2A;ATP2A2;ATP2B2;PIK3R1;ATP1A1;ATP2B1;ATP1B1;GRIN2A;PAK1;CAMK4;GNAS;CALM1;CALM2","L4","VehicleVsPCB_in_WTs"
"Insulin secretion","10/86",6.94459994900664e-10,3.31604647565067e-08,0,0,19.1350619195046,403.51801504127,"SNAP25;RAB3A;CAMK2A;GNAS;CCK;ATP1A1;ATP1B1;PLCB1;STX1A;VAMP2","L4","VehicleVsPCB_in_WTs"
"Adrenergic signaling in cardiomyocytes","12/148",9.04893531589106e-10,3.45669329067038e-08,0,0,12.9837576821773,270.363432614837,"CACNB4;CACNA2D1;CAMK2A;GNAS;ATP2A2;ATP2B2;ATP1A1;ATP2B1;ATP1B1;CALM1;PLCB1;CALM2","L4","VehicleVsPCB_in_WTs"
"Calcium signaling pathway","13/189",1.34262585848794e-09,3.73734776297269e-08,0,0,10.9284859876965,223.254090082383,"CAMK2A;ATP2A2;ATP2B2;ATP2B1;CACNA1E;PPP3CA;PPP3R1;GRIN2A;CAMK4;GNAS;CALM1;PLCB1;CALM2","L4","VehicleVsPCB_in_WTs"
"Long-term potentiation","9/67",1.36970860423083e-09,3.73734776297269e-08,0,0,22.4218474704254,457.600036875682,"PPP3CA;GRIA2;PPP3R1;GRIN2A;CAMK4;CAMK2A;PLCB1;CALM1;CALM2","L4","VehicleVsPCB_in_WTs"
"Aldosterone synthesis and secretion","10/102",3.78324914888198e-09,9.03250734295572e-08,0,0,15.7944373401535,306.296510709637,"CAMK4;CAMK2A;GNAS;ATP2B2;ATP1A1;ATP2B1;ATP1B1;CALM1;PLCB1;CALM2","L4","VehicleVsPCB_in_WTs"
"Salivary secretion","9/78",5.45815360912792e-09,1.15834148815937e-07,0,0,18.836877181847,358.393350086483,"GNAS;ATP2B2;ATP1A1;ATP2B1;ATP1B1;PLCB1;CALM1;CALM2;VAMP2","L4","VehicleVsPCB_in_WTs"
"cGMP-PKG signaling pathway","11/172",5.54179714454493e-08,1.05848325460808e-06,0,0,9.96655164481251,166.524751791273,"PPP3CA;MEF2C;PPP3R1;ATP2A2;ATP2B2;ATP1A1;ATP2B1;ATP1B1;CALM1;PLCB1;CALM2","L4","VehicleVsPCB_in_WTs"
"Alzheimer disease","11/175",6.61681584252386e-08,1.06211004832916e-06,0,0,9.78274616079494,161.719227143725,"APP;RTN3;PPP3CA;PPP3R1;GRIN2A;ATP2A2;CALM1;PLCB1;CALM2;GAPDH;RTN4","L4","VehicleVsPCB_in_WTs"
"Gastric acid secretion","8/74",6.67294271201567e-08,1.06211004832916e-06,0,0,17.3807641633729,287.175758019876,"CAMK2A;GNAS;ATP1A1;ATP1B1;PLCB1;CALM1;CALM2;ACTB","L4","VehicleVsPCB_in_WTs"
"Synaptic vesicle cycle","8/77",9.14644749968379e-08,1.34382420956893e-06,0,0,16.6225582860744,269.407041430734,"SNAP25;RAB3A;SYT1;SLC1A2;ATP6V0C;AP2M1;STX1A;VAMP2","L4","VehicleVsPCB_in_WTs"
"Dopaminergic synapse","9/135",6.57979500885062e-07,8.97672033350335e-06,0,0,10.2857142857143,146.407804043415,"GRIA2;PPP3CA;GRIN2A;CAMK2A;GNAS;CALM1;PLCB1;CALM2;SCN1A","L4","VehicleVsPCB_in_WTs"
"Pancreatic secretion","8/105",1.02066133618384e-06,1.29964210140742e-05,0,0,11.807560137457,162.88599785724,"GNAS;ATP2A2;CCK;ATP2B2;ATP1A1;ATP2B1;ATP1B1;PLCB1","L4","VehicleVsPCB_in_WTs"
"Oocyte meiosis","8/116",2.17395857159189e-06,2.59516304483782e-05,0,0,10.5990338164251,138.200386723191,"YWHAE;PPP3CA;PPP3R1;CAMK2A;CALM1;CALM2;YWHAZ;YWHAH","L4","VehicleVsPCB_in_WTs"
"Endocrine and other factor-regulated calcium reabsorption","6/55",2.94738397592721e-06,3.31147258471822e-05,0,0,17.3221574344023,220.590617340811,"GNAS;ATP1A1;ATP2B1;ATP1B1;PLCB1;AP2M1","L4","VehicleVsPCB_in_WTs"
"Estrogen signaling pathway","8/134",6.38564614162182e-06,6.77588007249871e-05,0,0,9.07660455486542,108.569423047316,"HSPA8;HSP90AA1;HSP90AB1;GNAS;PIK3R1;CALM1;PLCB1;CALM2","L4","VehicleVsPCB_in_WTs"
"Circadian entrainment","7/99",8.12649246573157e-06,8.16926347870911e-05,0,0,10.8174851423209,126.785049044704,"GRIA2;GRIN2A;CAMK2A;GNAS;CALM1;PLCB1;CALM2","L4","VehicleVsPCB_in_WTs"
"Glucagon signaling pathway","7/102",9.89884407845467e-06,8.99906667712944e-05,0,0,10.4742900416509,120.696213727663,"PPP3CA;PPP3R1;CAMK2A;GNAS;CALM1;PLCB1;CALM2","L4","VehicleVsPCB_in_WTs"
"Fluid shear stress and atherosclerosis","8/143",1.03049880779108e-05,8.99906667712944e-05,0,0,8.46763285024155,97.2328330770811,"MEF2C;HSP90AA1;HSP90AB1;PIK3R1;CALM1;CALM2;ACTB;ACTG1","L4","VehicleVsPCB_in_WTs"
"Nicotine addiction","5/40",1.03654171150182e-05,8.99906667712944e-05,0,0,20.080040526849,230.459339378527,"GRIA2;GABRA1;GABRB1;GRIN2A;GABRG2","L4","VehicleVsPCB_in_WTs"
"Renin secretion","6/76",1.96006587527633e-05,0.000162770687903382,0,0,12.1126530612245,131.300521845639,"PPP3CA;PPP3R1;GNAS;PLCB1;CALM1;CALM2","L4","VehicleVsPCB_in_WTs"
"Glutamatergic synapse","7/114",2.05077473270002e-05,0.000163207489144043,0,0,9.29395548981376,100.325534049448,"GRIA2;PPP3CA;PPP3R1;GRIN2A;SLC1A2;GNAS;PLCB1","L4","VehicleVsPCB_in_WTs"
"Thyroid hormone signaling pathway","7/115",2.17049684069323e-05,0.000165825958628963,0,0,9.20743405275779,98.8691447867465,"ATP2A2;PIK3R1;ATP1A1;ATP1B1;PLCB1;ACTB;ACTG1","L4","VehicleVsPCB_in_WTs"
"Amyotrophic lateral sclerosis (ALS)","5/52",3.81599998987211e-05,0.00028032923002522,0,0,14.9441677984005,152.037819372986,"PPP3CA;GRIA2;PPP3R1;GRIN2A;SLC1A2","L4","VehicleVsPCB_in_WTs"
"Dilated cardiomyopathy (DCM)","6/90",5.13397041281321e-05,0.00035021012458833,0,0,10.0867346938776,99.6271440291181,"CACNB4;CACNA2D1;GNAS;ATP2A2;ACTB;ACTG1","L4","VehicleVsPCB_in_WTs"
"GnRH signaling pathway","6/90",5.13397041281321e-05,0.00035021012458833,0,0,10.0867346938776,99.6271440291181,"EGR1;CAMK2A;GNAS;PLCB1;CALM1;CALM2","L4","VehicleVsPCB_in_WTs"
"Axon guidance","8/180",5.39879355692816e-05,0.000355575713576993,0,0,6.63363667003707,65.1870888271781,"EPHA4;PPP3CA;PPP3R1;PAK1;CAMK2A;PAK7;PIK3R1;LRRC4C","L4","VehicleVsPCB_in_WTs"
"Rap1 signaling pathway","8/209",0.000152755383796788,0.000972542610172884,0,0,5.66818083495566,49.8044498846502,"GRIN2A;GNAS;PIK3R1;CALM1;PLCB1;CALM2;ACTB;ACTG1","L4","VehicleVsPCB_in_WTs"
"C-type lectin receptor signaling pathway","6/112",0.000173001030900593,0.0010659095774843,0,0,7.98436657681941,69.1622839945902,"PPP3CA;PPP3R1;PAK1;PIK3R1;CALM1;CALM2","L4","VehicleVsPCB_in_WTs"
"Arrhythmogenic right ventricular cardiomyopathy (ARVC)","5/72",0.000182756408050398,0.00109082731055081,0,0,10.4726368159204,90.1417174739822,"CACNB4;CACNA2D1;ATP2A2;ACTB;ACTG1","L4","VehicleVsPCB_in_WTs"
"Glioma","5/75",0.000221525830186273,0.00128216465350237,0,0,10.0222897669706,84.3372813551048,"CAMK4;CAMK2A;PIK3R1;CALM1;CALM2","L4","VehicleVsPCB_in_WTs"
"Neurotrophin signaling pathway","6/121",0.000263408588149751,0.0014530150996826,0,0,7.35614906832298,60.6279400238843,"YWHAE;CAMK4;CAMK2A;PIK3R1;CALM1;CALM2","L4","VehicleVsPCB_in_WTs"
"Cardiac muscle contraction","5/78",0.000266259311460163,0.0014530150996826,0,0,9.60895754396192,79.0917126432239,"CACNB4;CACNA2D1;ATP2A2;ATP1A1;ATP1B1","L4","VehicleVsPCB_in_WTs"
"Mineral absorption","4/44",0.000294831516302438,0.00156424498927127,0,0,13.9535211267606,113.429659233067,"FTH1;ATP1A1;ATP2B1;ATP1B1","L4","VehicleVsPCB_in_WTs"
"MAPK signaling pathway","9/294",0.000316226799368788,0.0016324140183632,0,0,4.51071840184403,36.352109116158,"HSPA8;PPP3CA;MEF2C;PPP3R1;PAK1;CACNB4;CACNA2D1;STMN1;CACNA1E","L4","VehicleVsPCB_in_WTs"
"Inflammatory mediator regulation of TRP channels","6/127",0.000341858495357295,0.00171828875298009,0,0,6.98925619834711,55.7820481373512,"CAMK2A;GNAS;PIK3R1;CALM1;PLCB1;CALM2","L4","VehicleVsPCB_in_WTs"
"Hypertrophic cardiomyopathy (HCM)","5/86",0.000419216315867677,0.00205308503412119,0,0,8.65642237982664,67.3220659530801,"CACNB4;CACNA2D1;ATP2A2;ACTB;ACTG1","L4","VehicleVsPCB_in_WTs"
"Proximal tubule bicarbonate reclamation","3/22",0.000530055146228779,0.00247933286829392,0,0,21.900993743099,165.18889154745,"MDH1;ATP1A1;ATP1B1","L4","VehicleVsPCB_in_WTs"
"Apelin signaling pathway","6/138",0.000532212814659951,0.00247933286829392,0,0,6.40324675324675,48.2706651173594,"EGR1;MEF2C;CAMK4;CALM1;PLCB1;CALM2","L4","VehicleVsPCB_in_WTs"
"Melanogenesis","5/100",0.000835314977674024,0.00379869430323187,0,0,7.37551325121314,52.2754377018389,"CAMK2A;GNAS;CALM1;PLCB1;CALM2","L4","VehicleVsPCB_in_WTs"
"T cell receptor signaling pathway","5/101",0.000873724307652565,0.00388096145957302,0,0,7.29831560283688,51.4001806068015,"PPP3CA;PPP3R1;PAK1;PAK7;PIK3R1","L4","VehicleVsPCB_in_WTs"
"Regulation of actin cytoskeleton","7/217",0.00109072256297249,0.00473420682328691,0,0,4.71079136690647,32.1319070279326,"CYFIP2;PAK1;PAK7;PIK3R1;WASF1;ACTB;ACTG1","L4","VehicleVsPCB_in_WTs"
"Hippo signaling pathway","6/159",0.00111538904213566,0.00473420682328691,0,0,5.51848739495798,37.5177236164787,"YWHAE;PAK1;YWHAZ;ACTB;ACTG1;YWHAH","L4","VehicleVsPCB_in_WTs"
"Human immunodeficiency virus 1 infection","7/238",0.00185137106322921,0.00768721463210391,0,0,4.27795945062132,26.9161884729004,"PPP3CA;PPP3R1;PAK1;PAK7;PIK3R1;CALM1;CALM2","L4","VehicleVsPCB_in_WTs"
"Tuberculosis","6/178",0.00198217000054756,0.00798865007229179,0,0,4.90415282392027,30.5213044267962,"PPP3CA;PPP3R1;CAMK2A;CALM1;CALM2;ATP6V0C","L4","VehicleVsPCB_in_WTs"
"Thyroid hormone synthesis","4/73",0.00200761886633511,0.00798865007229179,0,0,8.07715860379669,50.1656643340735,"GNAS;ATP1A1;ATP1B1;PLCB1","L4","VehicleVsPCB_in_WTs"
"Bacterial invasion of epithelial cells","4/74",0.0021104564619173,0.00822647314747356,0,0,7.96136820925553,49.0488034703292,"PIK3R1;WASF1;ACTB;ACTG1","L4","VehicleVsPCB_in_WTs"
"Platelet activation","5/125",0.00225057977978595,0.00859721475878234,0,0,5.83156028368794,35.5525004102906,"GNAS;PIK3R1;PLCB1;ACTB;ACTG1","L4","VehicleVsPCB_in_WTs"
"Aldosterone-regulated sodium reabsorption","3/38",0.00266622441871448,0.00998527184263657,0,0,11.8795204795205,70.4110094046049,"PIK3R1;ATP1A1;ATP1B1","L4","VehicleVsPCB_in_WTs"
"Human cytomegalovirus infection","7/255",0.00272602319343748,0.0100128928835877,0,0,3.98126015316779,23.5089886141555,"PPP3CA;PPP3R1;GNAS;PIK3R1;CALM1;PLCB1;CALM2","L4","VehicleVsPCB_in_WTs"
"ErbB signaling pathway","4/84",0.00334604530687489,0.0120583896908133,0,0,6.96267605633803,39.6870873631362,"PAK1;CAMK2A;PAK7;PIK3R1","L4","VehicleVsPCB_in_WTs"
"Carbohydrate digestion and absorption","3/43",0.00379818419318725,0.0134343181647919,0,0,10.391958041958,57.9167948723853,"PIK3R1;ATP1A1;ATP1B1","L4","VehicleVsPCB_in_WTs"
"Morphine addiction","4/92",0.00463332569107037,0.016090276490808,0,0,6.32714468629962,34.0051149584777,"GABRA1;GABRB1;GNAS;GABRG2","L4","VehicleVsPCB_in_WTs"
"Retrograde endocannabinoid signaling","5/150",0.0049128949944953,0.0167564811419393,0,0,4.82000489117144,25.622624954191,"GRIA2;GABRA1;GABRB1;PLCB1;GABRG2","L4","VehicleVsPCB_in_WTs"
"Kaposi sarcoma-associated herpesvirus infection","6/216",0.00513385392721941,0.0170711182573911,0,0,4.00897959183673,21.1349340939899,"PPP3CA;PPP3R1;UBB;PIK3R1;CALM1;CALM2","L4","VehicleVsPCB_in_WTs"
"Cocaine addiction","3/48",0.00518389978496694,0.0170711182573911,0,0,9.23496503496503,48.5962113207335,"GRIA2;GRIN2A;GNAS","L4","VehicleVsPCB_in_WTs"
"Phosphatidylinositol signaling system","4/98",0.0057924721427018,0.0187519013433228,0,0,5.9214863649985,30.5027375339533,"PIK3R1;CALM1;PLCB1;CALM2","L4","VehicleVsPCB_in_WTs"
"Th17 cell differentiation","4/102",0.00666396729542963,0.0212136292237843,0,0,5.67864328830124,28.4559102635272,"PPP3CA;PPP3R1;HSP90AA1;HSP90AB1","L4","VehicleVsPCB_in_WTs"
"Ras signaling pathway","6/233",0.00735595997179739,0.0230325959772672,0,0,3.70553807426054,18.2025087055086,"GRIN2A;PAK1;PAK7;PIK3R1;CALM1;CALM2","L4","VehicleVsPCB_in_WTs"
"Parathyroid hormone synthesis, secretion and action","4/107",0.00787013663467507,0.0242450983423055,0,0,5.40161356488445,26.1690884236163,"EGR1;MEF2C;GNAS;PLCB1","L4","VehicleVsPCB_in_WTs"
"VEGF signaling pathway","3/58",0.00877164197563256,0.0265933907515209,0,0,7.55206611570248,35.7683316428011,"PPP3CA;PPP3R1;PIK3R1","L4","VehicleVsPCB_in_WTs"
"Cholinergic synapse","4/113",0.00949672335185255,0.0279192202632304,0,0,5.10272645044579,23.7624196535063,"CAMK4;CAMK2A;PIK3R1;PLCB1","L4","VehicleVsPCB_in_WTs"
"Necroptosis","5/176",0.00950130532518311,0.0279192202632304,0,0,4.08174692049272,19.0059446670902,"HSP90AA1;HSP90AB1;FTH1;CAMK2A;PPIA","L4","VehicleVsPCB_in_WTs"
"Long-term depression","3/61",0.0100704282952152,0.0291432091573652,0,0,7.16035688449482,32.9244096252858,"GRIA2;GNAS;PLCB1","L4","VehicleVsPCB_in_WTs"
"Natural killer cell mediated cytotoxicity","4/118",0.0110080669458912,0.0313812057711228,0,0,4.87768717568569,21.9941105328952,"PPP3CA;PPP3R1;PAK1;PIK3R1","L4","VehicleVsPCB_in_WTs"
"Cellular senescence","5/185",0.0116107594314092,0.0326125742852818,0,0,3.8758865248227,17.270264607868,"PPP3CA;PPP3R1;PIK3R1;CALM1;CALM2","L4","VehicleVsPCB_in_WTs"
"Renal cell carcinoma","3/68",0.0135154008634607,0.0374121965930579,0,0,6.38698224852071,27.489095378234,"PAK1;PAK7;PIK3R1","L4","VehicleVsPCB_in_WTs"
"Osteoclast differentiation","4/128",0.01447695137539,0.0395013958957069,0,0,4.48205361199455,18.9823820487428,"PPP3CA;PPP3R1;CAMK4;PIK3R1","L4","VehicleVsPCB_in_WTs"
"Alcoholism","5/199",0.0154921560723448,0.040107880659756,0,0,3.59362433282153,14.9761471026768,"GRIN2A;CAMK4;GNAS;CALM1;CALM2","L4","VehicleVsPCB_in_WTs"
"Focal adhesion","5/199",0.0154921560723448,0.040107880659756,0,0,3.59362433282153,14.9761471026768,"PAK1;PAK7;PIK3R1;ACTB;ACTG1","L4","VehicleVsPCB_in_WTs"
"Adherens junction","3/72",0.0157491677983335,0.040107880659756,0,0,6.01550623289754,24.9701723925781,"WASF1;ACTB;ACTG1","L4","VehicleVsPCB_in_WTs"
"B cell receptor signaling pathway","3/72",0.0157491677983335,0.040107880659756,0,0,6.01550623289754,24.9701723925781,"PPP3CA;PPP3R1;PIK3R1","L4","VehicleVsPCB_in_WTs"
"Bile secretion","3/72",0.0157491677983335,0.040107880659756,0,0,6.01550623289754,24.9701723925781,"GNAS;ATP1A1;ATP1B1","L4","VehicleVsPCB_in_WTs"
"Serotonergic synapse","4/132",0.016037474725511,0.0403047062180606,0,0,4.34110915492958,17.9410536680941,"APP;GABRB1;GNAS;PLCB1","L4","VehicleVsPCB_in_WTs"
"Phototransduction","2/27",0.0164853555445514,0.0408922455715497,0,0,11.0161111111111,45.2242518521188,"CALM1;CALM2","L4","VehicleVsPCB_in_WTs"
"Proteoglycans in cancer","5/203",0.0167427595257679,0.0409982957618163,0,0,3.52030947775629,14.3973243209602,"PAK1;CAMK2A;PIK3R1;ACTB;ACTG1","L4","VehicleVsPCB_in_WTs"
"Insulin signaling pathway","4/139",0.0190147282736309,0.0459030971936637,0,0,4.11455399061033,16.3040906447552,"PRKAR1B;PIK3R1;CALM1;CALM2","L4","VehicleVsPCB_in_WTs"
"Vascular smooth muscle contraction","4/140",0.0194660877631319,0.0459030971936637,0,0,4.0840927920464,16.0875740202218,"GNAS;CALM1;PLCB1;CALM2","L4","VehicleVsPCB_in_WTs"
"Salmonella infection","3/78",0.0194667584957422,0.0459030971936637,0,0,5.53258741258741,21.7931216316965,"WASF1;ACTB;ACTG1","L4","VehicleVsPCB_in_WTs"
"Circadian rhythm","2/30",0.0201421131574661,0.0469163855253174,0,0,9.8343253968254,38.4024749430994,"CRY2;RORB","L4","VehicleVsPCB_in_WTs"
"SNARE interactions in vesicular transport","2/33",0.0241037840193538,0.0554677439481515,0,0,8.88127240143369,33.0861717525737,"VAMP2;STX1A","L4","VehicleVsPCB_in_WTs"
"Fc gamma R-mediated phagocytosis","3/87",0.025874784067626,0.058834330439483,0,0,4.93756243756244,18.0442546421506,"PAK1;PIK3R1;WASF1","L4","VehicleVsPCB_in_WTs"
"Antigen processing and presentation","3/90",0.0282326897818998,0.0619821120499181,0,0,4.76657824933687,17.0036942817664,"HSPA8;HSP90AA1;HSP90AB1","L4","VehicleVsPCB_in_WTs"
"GABAergic synapse","3/90",0.0282326897818998,0.0619821120499181,0,0,4.76657824933687,17.0036942817664,"GABRA1;GABRB1;GABRG2","L4","VehicleVsPCB_in_WTs"
"Progesterone-mediated oocyte maturation","3/90",0.0282326897818998,0.0619821120499181,0,0,4.76657824933687,17.0036942817664,"HSP90AA1;HSP90AB1;PIK3R1","L4","VehicleVsPCB_in_WTs"
"Cushing syndrome","4/159",0.0293170425806979,0.0634626416980736,0,0,3.58000908677874,12.6359509335335,"KMT2A;CAMK2A;GNAS;PLCB1","L4","VehicleVsPCB_in_WTs"
"Wnt signaling pathway","4/160",0.0299038625802441,0.0634626416980736,0,0,3.55687973997833,12.4838213525683,"PPP3CA;PPP3R1;CAMK2A;PLCB1","L4","VehicleVsPCB_in_WTs"
"Hepatitis C","4/160",0.0299038625802441,0.0634626416980736,0,0,3.55687973997833,12.4838213525683,"YWHAE;PIK3R1;YWHAZ;YWHAH","L4","VehicleVsPCB_in_WTs"
"Protein processing in endoplasmic reticulum","4/163",0.0317059607565897,0.0665476758737212,0,0,3.48923731065639,12.0422322896834,"HSPA8;HSP90AA1;HSP90AB1;TUSC3","L4","VehicleVsPCB_in_WTs"
"Prostate cancer","3/97",0.0341632871554761,0.0709259548553905,0,0,4.4100580270793,14.8910181918558,"HSP90AA1;HSP90AB1;PIK3R1","L4","VehicleVsPCB_in_WTs"
"Influenza A","4/168",0.0348487986315916,0.0715711885874623,0,0,3.38199931295088,11.3524809254198,"HSPA8;PIK3R1;ACTB;ACTG1","L4","VehicleVsPCB_in_WTs"
"AGE-RAGE signaling pathway in diabetic complications","3/101",0.0378194118679635,0.0768458262423514,0,0,4.22919937205651,13.8503436004269,"EGR1;PIK3R1;PLCB1","L4","VehicleVsPCB_in_WTs"
"Longevity regulating pathway","3/102",0.0387635176526737,0.0779350723332702,0,0,4.18626827717737,13.6065262281537,"HSPA8;CAMK4;PIK3R1","L4","VehicleVsPCB_in_WTs"
"Vasopressin-regulated water reabsorption","2/43",0.0393251636087853,0.0782107291161464,0,0,6.71172086720867,21.7183949312918,"GNAS;VAMP2","L4","VehicleVsPCB_in_WTs"
"Chagas disease (American trypanosomiasis)","3/103",0.0397195849438021,0.0782107291161464,0,0,4.1441958041958,13.368806372609,"GNAS;PIK3R1;PLCB1","L4","VehicleVsPCB_in_WTs"
"HIF-1 signaling pathway","3/104",0.0406875769765426,0.0792992571685676,0,0,4.1029564494911,13.1369791711541,"CAMK2A;PIK3R1;GAPDH","L4","VehicleVsPCB_in_WTs"
"Amoebiasis","3/106",0.0426591810849302,0.0809071711105896,0,0,4.02288003258877,12.6902264045847,"GNAS;PIK3R1;PLCB1","L4","VehicleVsPCB_in_WTs"
"Neuroactive ligand-receptor interaction","6/348",0.0426603379102134,0.0809071711105896,0,0,2.44511278195489,7.71307317098984,"GRIA2;GABRA1;GRIN2A;GABRB1;CCK;GABRG2","L4","VehicleVsPCB_in_WTs"
"Pathways in cancer","8/535",0.0427833732050762,0.0809071711105896,0,0,2.12600720512609,6.70033648626922,"HSP90AA1;HSP90AB1;CAMK2A;GNAS;PIK3R1;CALM1;PLCB1;CALM2","L4","VehicleVsPCB_in_WTs"
"PI3K-Akt signaling pathway","6/357",0.0472548138744188,0.088486955392294,0,0,2.38131868131868,7.26826266342348,"YWHAE;HSP90AA1;HSP90AB1;PIK3R1;YWHAZ;YWHAH","L4","VehicleVsPCB_in_WTs"
"Type II diabetes mellitus","2/48",0.0479848305264774,0.0889815789374483,0,0,5.98067632850242,18.1625386073257,"PIK3R1;CACNA1E","L4","VehicleVsPCB_in_WTs"
"Leukocyte transendothelial migration","3/115",0.0521106369647377,0.0957031890410086,0,0,3.69792707292707,10.9251046635731,"PIK3R1;ACTB;ACTG1","L4","VehicleVsPCB_in_WTs"
"Chemokine signaling pathway","4/197",0.0565320547713095,0.10283449963162,0,0,2.86959060059841,8.24418302901317,"PAK1;CCL27A;PIK3R1;PLCB1","L4","VehicleVsPCB_in_WTs"
"Cell cycle","3/123",0.0612865633402803,0.110431449037675,0,0,3.45,9.63307156033026,"YWHAE;YWHAZ;YWHAH","L4","VehicleVsPCB_in_WTs"
"Regulation of lipolysis in adipocytes","2/56",0.0631073203725239,0.112649515805159,0,0,5.09259259259259,14.0704183070052,"GNAS;PIK3R1","L4","VehicleVsPCB_in_WTs"
"Relaxin signaling pathway","3/131",0.0711616264556132,0.125850654194649,0,0,3.23306381118881,8.54434608420111,"GNAS;PIK3R1;PLCB1","L4","VehicleVsPCB_in_WTs"
"Apoptosis","3/141",0.084438886425652,0.147961718415592,0,0,2.99726360595926,7.40841811184275,"PIK3R1;ACTB;ACTG1","L4","VehicleVsPCB_in_WTs"
"Viral carcinogenesis","4/229",0.0871630663980307,0.15134677892749,0,0,2.45746478873239,5.99615163607865,"YWHAE;PIK3R1;YWHAZ;YWHAH","L4","VehicleVsPCB_in_WTs"
"Cortisol synthesis and secretion","2/69",0.0905056246611239,0.155734903696168,0,0,4.10178275290216,9.85389022940226,"GNAS;PLCB1","L4","VehicleVsPCB_in_WTs"
"Phospholipase D signaling pathway","3/149",0.0957640521557921,0.163311910372824,0,0,2.8318804483188,6.64321744851066,"GNAS;PIK3R1;PLCB1","L4","VehicleVsPCB_in_WTs"
"Human T-cell leukemia virus 1 infection","4/245",0.104957893087577,0.177406704245373,0,0,2.29244345742505,5.16761693492135,"EGR1;PPP3CA;PPP3R1;PIK3R1","L4","VehicleVsPCB_in_WTs"
"Pertussis","2/76",0.106455357948344,0.178359415509945,0,0,3.71246246246246,8.31602564110256,"CALM1;CALM2","L4","VehicleVsPCB_in_WTs"
"Hepatocellular carcinoma","3/171",0.129801483324877,0.214713311367777,0,0,2.45829170829171,5.01921475266462,"PIK3R1;ACTB;ACTG1","L4","VehicleVsPCB_in_WTs"
"Gap junction","2/86",0.130401801668388,0.214713311367777,0,0,3.26884920634921,6.65908651705986,"GNAS;PLCB1","L4","VehicleVsPCB_in_WTs"
"Th1 and Th2 cell differentiation","2/87",0.132861262450171,0.215055094304938,0,0,3.23022875816993,6.52005470291127,"PPP3CA;PPP3R1","L4","VehicleVsPCB_in_WTs"
"Viral myocarditis","2/87",0.132861262450171,0.215055094304938,0,0,3.23022875816993,6.52005470291127,"ACTB;ACTG1","L4","VehicleVsPCB_in_WTs"
"Protein digestion and absorption","2/90",0.140302153419663,0.225190851287021,0,0,3.11963383838384,6.12682653748663,"ATP1A1;ATP1B1","L4","VehicleVsPCB_in_WTs"
"IL-17 signaling pathway","2/91",0.142802355238711,0.227293748754949,0,0,3.08442571785268,6.00319845364242,"HSP90AA1;HSP90AB1","L4","VehicleVsPCB_in_WTs"
"Phagosome","3/180",0.14480646075982,0.22857879343079,0,0,2.33222709493896,4.50669577583815,"ATP6V0C;ACTB;ACTG1","L4","VehicleVsPCB_in_WTs"
"Transcriptional misregulation in cancer","3/183",0.149931223389314,0.234728390716057,0,0,2.29300699300699,4.35116100135057,"MEF2C;KMT2A;TSPAN7","L4","VehicleVsPCB_in_WTs"
"Choline metabolism in cancer","2/99",0.163123622036239,0.253305787064404,0,0,2.82889461626575,5.12948452980329,"PIK3R1;WASF1","L4","VehicleVsPCB_in_WTs"
"Collecting duct acid secretion","1/27",0.179590448084239,0.276627222452336,0,0,5.25941644562334,9.03081937749555,"ATP6V0C","L4","VehicleVsPCB_in_WTs"
"NOD-like receptor signaling pathway","3/205",0.189144226804747,0.289012378557654,0,0,2.04098871425604,3.39874717022623,"HSP90AA1;HSP90AB1;PLCB1","L4","VehicleVsPCB_in_WTs"
"Fatty acid elongation","1/29",0.191541062713063,0.290351928398374,0,0,4.88325123152709,8.07032012299336,"TECR","L4","VehicleVsPCB_in_WTs"
"Glyoxylate and dicarboxylate metabolism","1/31",0.20331877206137,0.305778625698596,0,0,4.55724137931035,7.25959540171299,"MDH1","L4","VehicleVsPCB_in_WTs"
"Biosynthesis of unsaturated fatty acids","1/32",0.209143565099611,0.309662177783145,0,0,4.41001112347052,6.90049588208555,"TECR","L4","VehicleVsPCB_in_WTs"
"Citrate cycle (TCA cycle)","1/32",0.209143565099611,0.309662177783145,0,0,4.41001112347052,6.90049588208555,"MDH1","L4","VehicleVsPCB_in_WTs"
"Prion diseases","1/34",0.220666564062164,0.324210105660564,0,0,4.1423197492163,6.25946963227617,"EGR1","L4","VehicleVsPCB_in_WTs"
"Sphingolipid signaling pathway","2/124",0.229173023555633,0.3341377671689,0,0,2.24635701275046,3.30950836555374,"PIK3R1;PLCB1","L4","VehicleVsPCB_in_WTs"
"Thermogenesis","3/231",0.238362198189011,0.344902877682585,0,0,1.80585204269415,2.5895266759003,"GNAS;ACTB;ACTG1","L4","VehicleVsPCB_in_WTs"
"Pyruvate metabolism","1/38",0.24321467864203,0.349278222711487,0,0,3.69375582479031,5.22227178328759,"MDH1","L4","VehicleVsPCB_in_WTs"
"African trypanosomiasis","1/39",0.248749719930358,0.354561167960435,0,0,3.59637023593466,5.0036587839809,"PLCB1","L4","VehicleVsPCB_in_WTs"
"Ferroptosis","1/40",0.254244553816827,0.359708961326029,0,0,3.50397877984085,4.79855410155851,"FTH1","L4","VehicleVsPCB_in_WTs"
"Ubiquitin mediated proteolysis","2/138",0.266969773862215,0.374935491232964,0,0,2.01368464052288,2.65931187468638,"HERC3;FBXW7","L4","VehicleVsPCB_in_WTs"
"Measles","2/144",0.283192406370001,0.394815690632629,0,0,1.92801251956182,2.43243598876803,"HSPA8;PIK3R1","L4","VehicleVsPCB_in_WTs"
"Ether lipid metabolism","1/47",0.291606688751578,0.403600561967764,0,0,2.96971514242879,3.65972649874516,"PAFAH1B1","L4","VehicleVsPCB_in_WTs"
"Arginine and proline metabolism","1/50",0.307044282279795,0.415925233442843,0,0,2.78747361013371,3.29134653812698,"CKB","L4","VehicleVsPCB_in_WTs"
"Cysteine and methionine metabolism","1/50",0.307044282279795,0.415925233442843,0,0,2.78747361013371,3.29134653812698,"MDH1","L4","VehicleVsPCB_in_WTs"
"N-Glycan biosynthesis","1/50",0.307044282279795,0.415925233442843,0,0,2.78747361013371,3.29134653812698,"TUSC3","L4","VehicleVsPCB_in_WTs"
"Endocytosis","3/269",0.313376591805322,0.421513584752229,0,0,1.54487617645512,1.79259651977067,"HSPA8;UBB;AP2M1","L4","VehicleVsPCB_in_WTs"
"Hepatitis B","2/163",0.334239830713574,0.446271698773517,0,0,1.69884403036577,1.86175720595263,"PIK3R1;YWHAZ","L4","VehicleVsPCB_in_WTs"
"Ovarian steroidogenesis","1/57",0.341778185474064,0.446271698773517,0,0,2.43817733990148,2.61761093636087,"GNAS","L4","VehicleVsPCB_in_WTs"
"Tight junction","2/167",0.34487249095259,0.446271698773517,0,0,1.65732323232323,1.76435403130594,"ACTB;ACTG1","L4","VehicleVsPCB_in_WTs"
"RNA transport","2/167",0.34487249095259,0.446271698773517,0,0,1.65732323232323,1.76435403130594,"CYFIP2;EIF1","L4","VehicleVsPCB_in_WTs"
"Endometrial cancer","1/58",0.346596930107516,0.446271698773517,0,0,2.39528130671506,2.53802272812919,"PIK3R1","L4","VehicleVsPCB_in_WTs"
"Legionellosis","1/58",0.346596930107516,0.446271698773517,0,0,2.39528130671506,2.53802272812919,"HSPA8","L4","VehicleVsPCB_in_WTs"
"Lysine degradation","1/59",0.351380637213231,0.446271698773517,0,0,2.3538644470868,2.46187200352118,"KMT2A","L4","VehicleVsPCB_in_WTs"
"Cell adhesion molecules (CAMs)","2/170",0.352811657145555,0.446271698773517,0,0,1.62748015873016,1.69554286583344,"NRXN1;LRRC4C","L4","VehicleVsPCB_in_WTs"
"Ribosome","2/170",0.352811657145555,0.446271698773517,0,0,1.62748015873016,1.69554286583344,"RPS8;RPS3A1","L4","VehicleVsPCB_in_WTs"
"Mitophagy","1/63",0.370170123666578,0.465147984344186,0,0,2.20155728587319,2.18789130686492,"UBB","L4","VehicleVsPCB_in_WTs"
"Central carbon metabolism in cancer","1/64",0.374782402335294,0.467865613372818,0,0,2.16650246305419,2.12622649303048,"PIK3R1","L4","VehicleVsPCB_in_WTs"
"Non-small cell lung cancer","1/66",0.383906562866248,0.476143853944502,0,0,2.09962864721485,2.01009225508403,"PIK3R1","L4","VehicleVsPCB_in_WTs"
"Glycolysis / Gluconeogenesis","1/67",0.388418927633493,0.478632355987078,0,0,2.06771159874608,1.95537450539213,"GAPDH","L4","VehicleVsPCB_in_WTs"
"Fc epsilon RI signaling pathway","1/68",0.392898467759846,0.481048765013658,0,0,2.03674729799279,1.90273757918913,"PIK3R1","L4","VehicleVsPCB_in_WTs"
"Acute myeloid leukemia","1/69",0.397345420432062,0.483394747149833,0,0,2.00669371196755,1.85207655664874,"PIK3R1","L4","VehicleVsPCB_in_WTs"
"Huntington disease","2/192",0.409884460435768,0.490026137565948,0,0,1.4374269005848,1.28201225064017,"PLCB1;AP2M1","L4","VehicleVsPCB_in_WTs"
"Melanoma","1/72",0.410493099531684,0.490026137565948,0,0,1.92161243322001,1.71099633181941,"PIK3R1","L4","VehicleVsPCB_in_WTs"
"Prolactin signaling pathway","1/72",0.410493099531684,0.490026137565948,0,0,1.92161243322001,1.71099633181941,"PIK3R1","L4","VehicleVsPCB_in_WTs"
"Inositol phosphate metabolism","1/73",0.414812039848936,0.492106208764886,0,0,1.8948275862069,1.66731521609607,"PLCB1","L4","VehicleVsPCB_in_WTs"
"Pancreatic cancer","1/75",0.423355866514971,0.499141793236787,0,0,1.84342963653308,1.58450549459117,"PIK3R1","L4","VehicleVsPCB_in_WTs"
"Chronic myeloid leukemia","1/76",0.42758120542134,0.501030737640957,0,0,1.81875862068966,1.54523742950029,"PIK3R1","L4","VehicleVsPCB_in_WTs"
"Rheumatoid arthritis","1/84",0.46029536632251,0.536075701021948,0,0,1.64279185708351,1.2746206728878,"ATP6V0C","L4","VehicleVsPCB_in_WTs"
"Taste transduction","1/88",0.475949167695293,0.547628259215669,0,0,1.56694411414982,1.16336860219514,"GABRA1","L4","VehicleVsPCB_in_WTs"
"Colorectal cancer","1/88",0.475949167695293,0.547628259215669,0,0,1.56694411414982,1.16336860219514,"PIK3R1","L4","VehicleVsPCB_in_WTs"
"Human papillomavirus infection","3/360",0.49056067544604,0.558393000784519,0,0,1.14573661632485,0.816000843633609,"GNAS;PIK3R1;ATP6V0C","L4","VehicleVsPCB_in_WTs"
"Small cell lung cancer","1/92",0.491151958805231,0.558393000784519,0,0,1.49776430466086,1.06491298279071,"PIK3R1","L4","VehicleVsPCB_in_WTs"
"Toll-like receptor signaling pathway","1/99",0.516710215419827,0.583974267131284,0,0,1.39028852920479,0.9179700800625,"PIK3R1","L4","VehicleVsPCB_in_WTs"
"Toxoplasmosis","1/108",0.547705724814451,0.615363490820942,0,0,1.27276828875282,0.766228318437937,"HSPA8","L4","VehicleVsPCB_in_WTs"
"TNF signaling pathway","1/110",0.554320856279001,0.615553974123774,0,0,1.24928819993673,0.73709452586611,"PIK3R1","L4","VehicleVsPCB_in_WTs"
"Insulin resistance","1/110",0.554320856279001,0.615553974123774,0,0,1.24928819993673,0.73709452586611,"PIK3R1","L4","VehicleVsPCB_in_WTs"
"Lysosome","1/124",0.598012292512161,0.660233224681057,0,0,1.10630782169891,0.568801494607908,"ATP6V0C","L4","VehicleVsPCB_in_WTs"
"AMPK signaling pathway","1/126",0.603896366795808,0.662897735965513,0,0,1.08849655172414,0.548986146416046,"PIK3R1","L4","VehicleVsPCB_in_WTs"
"Autophagy","1/130",0.615409109986079,0.670162058095385,0,0,1.05453087409783,0.511941007933527,"PIK3R1","L4","VehicleVsPCB_in_WTs"
"FoxO signaling pathway","1/132",0.621040231847556,0.670162058095385,0,0,1.03832587523032,0.494616305012345,"PIK3R1","L4","VehicleVsPCB_in_WTs"
"Spliceosome","1/132",0.621040231847556,0.670162058095385,0,0,1.03832587523032,0.494616305012345,"HSPA8","L4","VehicleVsPCB_in_WTs"
"Oxidative phosphorylation","1/134",0.626589459770847,0.672351611327145,0,0,1.02260824474981,0.47803225614622,"ATP6V0C","L4","VehicleVsPCB_in_WTs"
"Signaling pathways regulating pluripotency of stem cells","1/137",0.634762333476133,0.677316232927047,0,0,0.999898580121704,0.454458532335205,"PIK3R1","L4","VehicleVsPCB_in_WTs"
"Systemic lupus erythematosus","1/143",0.650578869343619,0.689233528215278,0,0,0.957357940747936,0.411561232322226,"GRIN2A","L4","VehicleVsPCB_in_WTs"
"Parkinson disease","1/144",0.653148003177829,0.689233528215278,0,0,0.95061490233904,0.40491586664756,"UBB","L4","VehicleVsPCB_in_WTs"
"Breast cancer","1/147",0.660743380008645,0.693417503195886,0,0,0.930940009447331,0.385771992615711,"PIK3R1","L4","VehicleVsPCB_in_WTs"
"Gastric cancer","1/150",0.668173546575585,0.696126670272837,0,0,0.912057394121731,0.367748234830586,"PIK3R1","L4","VehicleVsPCB_in_WTs"
"Non-alcoholic fatty liver disease (NAFLD)","1/151",0.670614174503675,0.696126670272837,0,0,0.905931034482759,0.361974989210286,"PIK3R1","L4","VehicleVsPCB_in_WTs"
"mTOR signaling pathway","1/154",0.677829599551271,0.69981326223942,0,0,0.888032454361055,0.345319723625932,"PIK3R1","L4","VehicleVsPCB_in_WTs"
"JAK-STAT signaling pathway","1/164",0.700766046136638,0.719603843075795,0,0,0.833128834355828,0.29624494291108,"PIK3R1","L4","VehicleVsPCB_in_WTs"
"Epstein-Barr virus infection","1/229",0.815018244491598,0.832451789828316,0,0,0.593647912885662,0.121427581805486,"PIK3R1","L4","VehicleVsPCB_in_WTs"
"MicroRNAs in cancer","1/281",0.874244425099143,0.8881951340103,0,0,0.482118226600985,0.0647944139800333,"STMN1","L4","VehicleVsPCB_in_WTs"
"Cytokine-cytokine receptor interaction","1/292",0.884117904136165,0.893473649153479,0,0,0.463633131887664,0.0571033049207818,"CCL27A","L4","VehicleVsPCB_in_WTs"
"Herpes simplex virus 1 infection","1/433",0.959536029340037,0.964586218968142,0,0,0.310057471264368,0.0128070522514129,"PIK3R1","L4","VehicleVsPCB_in_WTs"
"Olfactory transduction","3/1133",0.990563290152499,0.990563290152499,0,0,0.347620521071848,0.00329597012662439,"CAMK2A;CALM1;CALM2","L4","VehicleVsPCB_in_WTs"
"Long-term potentiation","6/67",5.99480018862848e-07,5.63292550632953e-05,0,0,22.9677917068467,329.0642186717,"GRIA2;PPP1R1A;PRKCB;PLCB1;CALM1;CALM2","L5","VehicleVsPCB_in_WTs"
"Gastric acid secretion","6/74",1.08480801054312e-06,5.63292550632953e-05,0,0,20.5961937716263,282.87034008022,"PRKCB;ATP1B1;PLCB1;CALM1;CALM2;ACTB","L5","VehicleVsPCB_in_WTs"
"Alzheimer disease","8/175",1.34094065437366e-06,5.63292550632953e-05,0,0,11.3942716975687,154.074928084238,"RTN3;COX4I1;ATP2A2;PLCB1;CALM1;GAPDH;CALM2;RTN4","L5","VehicleVsPCB_in_WTs"
"Salivary secretion","6/78",1.48234881745514e-06,5.63292550632953e-05,0,0,19.4480392156863,261.029300891451,"PRKCB;ATP2B2;ATP1B1;PLCB1;CALM1;CALM2","L5","VehicleVsPCB_in_WTs"
"Adrenergic signaling in cardiomyocytes","7/148",5.07444088834078e-06,0.00013661082783144,0,0,11.6832151300236,142.433512955881,"PPP1R1A;ATP2A2;ATP2B2;ATP1B1;PLCB1;CALM1;CALM2","L5","VehicleVsPCB_in_WTs"
"cAMP signaling pathway","8/211",5.39253267755686e-06,0.00013661082783144,0,0,9.35651967475815,113.499218864237,"GRIA2;PAK1;GABBR1;ATP2A2;ATP2B2;ATP1B1;CALM1;CALM2","L5","VehicleVsPCB_in_WTs"
"Aldosterone synthesis and secretion","6/102",7.12131106236669e-06,0.000154634183068534,0,0,14.5683823529412,172.670567596561,"PRKCB;ATP2B2;ATP1B1;PLCB1;CALM1;CALM2","L5","VehicleVsPCB_in_WTs"
"cGMP-PKG signaling pathway","7/172",1.35773874334182e-05,0.000257970361234946,0,0,9.97171717171717,111.754079755752,"ATP2A2;ATP2B2;ATP1B1;PLCB1;CALM1;SLC25A4;CALM2","L5","VehicleVsPCB_in_WTs"
"Calcium signaling pathway","7/189",2.49536703593321e-05,0.00042143976606872,0,0,9.03250915750916,95.730954710962,"PRKCB;ATP2A2;ATP2B2;PLCB1;CALM1;SLC25A4;CALM2","L5","VehicleVsPCB_in_WTs"
"Dopaminergic synapse","6/135",3.52358452450743e-05,0.000535584847725129,0,0,10.8235294117647,110.978481525492,"GRIA2;PRKCB;PLCB1;CALM1;CALM2;SCN1A","L5","VehicleVsPCB_in_WTs"
"Circadian entrainment","5/99",8.91282446077414e-05,0.00123159028912515,0,0,12.2556902523503,114.289633940067,"GRIA2;PRKCB;PLCB1;CALM1;CALM2","L5","VehicleVsPCB_in_WTs"
"Pancreatic secretion","5/105",0.000117780085221502,0.00149188107947235,0,0,11.5168604651163,104.189482028195,"PRKCB;ATP2A2;ATP2B2;ATP1B1;PLCB1","L5","VehicleVsPCB_in_WTs"
"Thyroid hormone signaling pathway","5/115",0.000180645027674073,0.0021121572466507,0,0,10.4645877378436,90.1940371067937,"PRKCB;ATP2A2;ATP1B1;PLCB1;ACTB","L5","VehicleVsPCB_in_WTs"
"Amphetamine addiction","4/68",0.000261453188498939,0.00283863461798849,0,0,14.2564655172414,117.605223755315,"GRIA2;PRKCB;CALM1;CALM2","L5","VehicleVsPCB_in_WTs"
"Estrogen signaling pathway","5/134",0.000367243707097636,0.00372140289858938,0,0,8.91472868217054,70.5109117053967,"GABBR1;HSP90AB1;PLCB1;CALM1;CALM2","L5","VehicleVsPCB_in_WTs"
"Synaptic vesicle cycle","4/77",0.00042113756875432,0.00400080690316604,0,0,12.4931506849315,97.1036509870039,"RAB3A;SYT1;SLC1A2;ATP6V0C","L5","VehicleVsPCB_in_WTs"
"Retrograde endocannabinoid signaling","5/150",0.000614747487281415,0.00540953598146732,0,0,7.92461908580593,58.597002698323,"GRIA2;GABRA1;PRKCB;PLCB1;GABRG2","L5","VehicleVsPCB_in_WTs"
"Insulin secretion","4/86",0.000640602945173761,0.00540953598146732,0,0,11.1169049621531,81.7437219177979,"RAB3A;PRKCB;ATP1B1;PLCB1","L5","VehicleVsPCB_in_WTs"
"Oxytocin signaling pathway","5/154",0.000692524807845479,0.00545620987504807,0,0,7.71031684095521,56.0938387621161,"PRKCB;PLCB1;CALM1;CALM2;ACTB","L5","VehicleVsPCB_in_WTs"
"GABAergic synapse","4/90",0.000760234415108757,0.00545620987504807,0,0,10.5977011494253,76.1114574743369,"GABRA1;GABBR1;PRKCB;GABRG2","L5","VehicleVsPCB_in_WTs"
"GnRH signaling pathway","4/90",0.000760234415108757,0.00545620987504807,0,0,10.5977011494253,76.1114574743369,"PRKCB;PLCB1;CALM1;CALM2","L5","VehicleVsPCB_in_WTs"
"Nicotine addiction","3/40",0.000796979720183804,0.00545620987504807,0,0,18.3095823095823,130.633034967006,"GRIA2;GABRA1;GABRG2","L5","VehicleVsPCB_in_WTs"
"Morphine addiction","4/92",0.000825610704777011,0.00545620987504807,0,0,10.3557993730408,73.519829486396,"GABRA1;GABBR1;PRKCB;GABRG2","L5","VehicleVsPCB_in_WTs"
"Phosphatidylinositol signaling system","4/98",0.0010454707776512,0.00662131492512425,0,0,9.69185619955979,66.5180002560489,"PRKCB;PLCB1;CALM1;CALM2","L5","VehicleVsPCB_in_WTs"
"Melanogenesis","4/100",0.00112708208609335,0.00685265908344756,0,0,9.4889846743295,64.4123971132869,"PRKCB;PLCB1;CALM1;CALM2","L5","VehicleVsPCB_in_WTs"
"Glutamatergic synapse","4/114",0.00182763614805115,0.010684642096299,0,0,8.27544409613375,52.1744561271411,"GRIA2;PRKCB;SLC1A2;PLCB1","L5","VehicleVsPCB_in_WTs"
"Endocrine and other factor-regulated calcium reabsorption","3/55",0.0020147135936091,0.0113420913417994,0,0,13.0181381118881,80.8072053081561,"PRKCB;ATP1B1;PLCB1","L5","VehicleVsPCB_in_WTs"
"Rap1 signaling pathway","5/209",0.0026692280716386,0.0137312537798822,0,0,5.61588007295942,33.2795141484551,"PRKCB;PLCB1;CALM1;CALM2;ACTB","L5","VehicleVsPCB_in_WTs"
"Inflammatory mediator regulation of TRP channels","4/127",0.00270671654490202,0.0137312537798822,0,0,7.39594430427063,43.7249631442273,"PRKCB;PLCB1;CALM1;CALM2","L5","VehicleVsPCB_in_WTs"
"Long-term depression","3/61",0.00271011587760833,0.0137312537798822,0,0,11.667907523511,68.9662464121182,"GRIA2;PRKCB;PLCB1","L5","VehicleVsPCB_in_WTs"
"Vascular smooth muscle contraction","4/140",0.00383956118882736,0.0188262355065084,0,0,6.68458417849899,37.1823122685496,"PRKCB;PLCB1;CALM1;CALM2","L5","VehicleVsPCB_in_WTs"
"Fluid shear stress and atherosclerosis","4/143",0.00414036554776641,0.0196667363518904,0,0,6.53932026792359,35.8810619677391,"HSP90AB1;CALM1;CALM2;ACTB","L5","VehicleVsPCB_in_WTs"
"Proximal tubule bicarbonate reclamation","2/22",0.00445784215833495,0.0201330856188231,0,0,22.347191011236,120.967366270275,"MDH1;ATP1B1","L5","VehicleVsPCB_in_WTs"
"Thyroid hormone synthesis","3/73",0.00450345336210517,0.0201330856188231,0,0,9.66185064935065,52.2021168611324,"PRKCB;ATP1B1;PLCB1","L5","VehicleVsPCB_in_WTs"
"Human immunodeficiency virus 1 infection","5/238",0.00464068740530982,0.0201538424459169,0,0,4.90967162391456,26.3791392007643,"PAK1;PRKCB;CFL1;CALM1;CALM2","L5","VehicleVsPCB_in_WTs"
"Glioma","3/75",0.00485751954120492,0.0201627178594578,0,0,9.39251893939394,50.0360838152806,"PRKCB;CALM1;CALM2","L5","VehicleVsPCB_in_WTs"
"Pertussis","3/76",0.00504067946486445,0.0201627178594578,0,0,9.26338729763387,49.005304796243,"CFL1;CALM1;CALM2","L5","VehicleVsPCB_in_WTs"
"Renin secretion","3/76",0.00504067946486445,0.0201627178594578,0,0,9.26338729763387,49.005304796243,"PLCB1;CALM1;CALM2","L5","VehicleVsPCB_in_WTs"
"Cardiac muscle contraction","3/78",0.00541938308954697,0.0211216981951574,0,0,9.01545454545455,47.0405979346286,"COX4I1;ATP2A2;ATP1B1","L5","VehicleVsPCB_in_WTs"
"Phototransduction","2/27",0.00667446373723484,0.0253629622014924,0,0,17.8732584269663,89.5354878507165,"CALM1;CALM2","L5","VehicleVsPCB_in_WTs"
"Fc gamma R-mediated phagocytosis","3/87",0.0073326235567767,0.0271843605031721,0,0,8.04586038961039,39.5487984172476,"PAK1;PRKCB;CFL1","L5","VehicleVsPCB_in_WTs"
"Necroptosis","4/176",0.00855330908882985,0.030954832892908,0,0,5.27586206896552,25.1206850888052,"HSP90AB1;FTH1;PPIA;SLC25A4","L5","VehicleVsPCB_in_WTs"
"Glucagon signaling pathway","3/102",0.0113131046864969,0.0399905095894776,0,0,6.82162534435262,30.5731162535091,"PLCB1;CALM1;CALM2","L5","VehicleVsPCB_in_WTs"
"Aldosterone-regulated sodium reabsorption","2/38",0.0129424135284755,0.0447101558256425,0,0,12.4051186017478,53.9280958995457,"PRKCB;ATP1B1","L5","VehicleVsPCB_in_WTs"
"African trypanosomiasis","2/39",0.0136020253870242,0.0459446190850594,0,0,12.0692377771029,51.8679907409943,"PRKCB;PLCB1","L5","VehicleVsPCB_in_WTs"
"C-type lectin receptor signaling pathway","3/112",0.0145385660683967,0.0480404791825284,0,0,6.19266055045872,26.2008398282211,"PAK1;CALM1;CALM2","L5","VehicleVsPCB_in_WTs"
"Leukocyte transendothelial migration","3/115",0.0155974276179355,0.0504427446367274,0,0,6.02587256493506,25.0715423161877,"PRKCB;THY1;ACTB","L5","VehicleVsPCB_in_WTs"
"Oocyte meiosis","3/116",0.015959811621182,0.0505394034670763,0,0,5.9722445695897,24.7112458106237,"CALM1;CALM2;YWHAH","L5","VehicleVsPCB_in_WTs"
"Carbohydrate digestion and absorption","2/43",0.0163824652150664,0.0508190757691856,0,0,10.8895587832283,44.7728969236811,"PRKCB;ATP1B1","L5","VehicleVsPCB_in_WTs"
"Mineral absorption","2/44",0.017112374761391,0.0520216192746287,0,0,10.6297485286249,43.2413217419331,"FTH1;ATP1B1","L5","VehicleVsPCB_in_WTs"
"Neuroactive ligand-receptor interaction","5/348",0.021358778461253,0.0636575358060873,0,0,3.3164960336294,12.7562136700885,"GRIA2;GABRA1;GABBR1;GLRB;GABRG2","L5","VehicleVsPCB_in_WTs"
"Ras signaling pathway","4/233",0.0218224194842492,0.063788610800113,0,0,3.95121216684234,15.1126651295552,"PAK1;PRKCB;CALM1;CALM2","L5","VehicleVsPCB_in_WTs"
"Amyotrophic lateral sclerosis (ALS)","2/52",0.0234314873982084,0.0671997374439184,0,0,8.92539325842697,33.5030214857636,"GRIA2;SLC1A2","L5","VehicleVsPCB_in_WTs"
"Apelin signaling pathway","3/138",0.0251347997372552,0.0707498066678295,0,0,4.99343434343434,18.3933251380152,"PLCB1;CALM1;CALM2","L5","VehicleVsPCB_in_WTs"
"Parkinson disease","3/144",0.0280375794899794,0.0774856742268521,0,0,4.77949709864603,17.0829241455442,"UBB;COX4I1;SLC25A4","L5","VehicleVsPCB_in_WTs"
"Human cytomegalovirus infection","4/255",0.0291251196650722,0.0790538962337673,0,0,3.60086092411961,12.7331996908495,"PRKCB;PLCB1;CALM1;CALM2","L5","VehicleVsPCB_in_WTs"
"Hippo signaling pathway","3/159",0.0360410179665775,0.0961093812442068,0,0,4.3166520979021,14.3446562316471,"PAK1;ACTB;YWHAH","L5","VehicleVsPCB_in_WTs"
"Arrhythmogenic right ventricular cardiomyopathy (ARVC)","2/72",0.0426124157987979,0.111673917265815,0,0,6.36886035313002,20.0976369828152,"ATP2A2;ACTB","L5","VehicleVsPCB_in_WTs"
"Tuberculosis","3/178",0.0476827697695296,0.122843745846924,0,0,3.84428571428571,11.6988732638408,"CALM1;ATP6V0C;CALM2","L5","VehicleVsPCB_in_WTs"
"Axon guidance","3/180",0.0490038202749049,0.124143011363092,0,0,3.80046224961479,11.4616507513885,"EPHA4;PAK1;CFL1","L5","VehicleVsPCB_in_WTs"
"Cellular senescence","3/185",0.0523844835021463,0.130531827743053,0,0,3.69511738261738,10.8974363912487,"CALM1;SLC25A4;CALM2","L5","VehicleVsPCB_in_WTs"
"ErbB signaling pathway","2/84",0.0561334175072472,0.136837336398384,0,0,5.43354343655796,15.6487353192617,"PAK1;PRKCB","L5","VehicleVsPCB_in_WTs"
"Huntington disease","3/192",0.0573023041169052,0.136837336398384,0,0,3.55699855699856,10.1709330533229,"COX4I1;PLCB1;SLC25A4","L5","VehicleVsPCB_in_WTs"
"Gap junction","2/86",0.0585159662229932,0.136837336398384,0,0,5.30363830925629,15.0541420454053,"PRKCB;PLCB1","L5","VehicleVsPCB_in_WTs"
"Hypertrophic cardiomyopathy (HCM)","2/86",0.0585159662229932,0.136837336398384,0,0,5.30363830925629,15.0541420454053,"ATP2A2;ACTB","L5","VehicleVsPCB_in_WTs"
"Taste transduction","2/88",0.0609331559195198,0.13826303927432,0,0,5.17977528089888,14.4928963497809,"GABRA1;GABBR1","L5","VehicleVsPCB_in_WTs"
"Chemokine signaling pathway","3/197",0.0609448923117067,0.13826303927432,0,0,3.46444470477976,9.69277221773918,"PAK1;PRKCB;PLCB1","L5","VehicleVsPCB_in_WTs"
"Focal adhesion","3/199",0.0624317810396645,0.139553392912191,0,0,3.42874536178108,9.51024525256364,"PAK1;PRKCB;ACTB","L5","VehicleVsPCB_in_WTs"
"Dilated cardiomyopathy (DCM)","2/90",0.0633841770096613,0.139628911673457,0,0,5.06154239019408,13.9624723213225,"ATP2A2;ACTB","L5","VehicleVsPCB_in_WTs"
"Proteoglycans in cancer","3/203",0.0654561064933181,0.142133259814062,0,0,3.35948863636364,9.15922747997535,"PAK1;PRKCB;ACTB","L5","VehicleVsPCB_in_WTs"
"Kaposi sarcoma-associated herpesvirus infection","3/216",0.0757400958293388,0.161233344865102,0,0,3.15236875800256,8.13452236837772,"UBB;CALM1;CALM2","L5","VehicleVsPCB_in_WTs"
"Regulation of actin cytoskeleton","3/217",0.0765593352464558,0.161233344865102,0,0,3.1374787595582,8.06234532964248,"PAK1;CFL1;ACTB","L5","VehicleVsPCB_in_WTs"
"AGE-RAGE signaling pathway in diabetic complications","2/101",0.0774344353628449,0.161233344865102,0,0,4.49665191238225,11.5038911400976,"PRKCB;PLCB1","L5","VehicleVsPCB_in_WTs"
"HIF-1 signaling pathway","2/104",0.0814229886430396,0.167247219915433,0,0,4.36373650583829,10.944677188601,"PRKCB;GAPDH","L5","VehicleVsPCB_in_WTs"
"Amoebiasis","2/106",0.0841168729401121,0.170476862491961,0,0,4.27938634399309,10.5938267443211,"PRKCB;PLCB1","L5","VehicleVsPCB_in_WTs"
"Parathyroid hormone synthesis, secretion and action","2/107",0.0854740023024017,0.170948004604803,0,0,4.23841626538256,10.4245671240649,"PRKCB;PLCB1","L5","VehicleVsPCB_in_WTs"
"Cholinergic synapse","2/113",0.093753906072392,0.185072645753293,0,0,4.00809798562608,9.48749639651823,"PRKCB;PLCB1","L5","VehicleVsPCB_in_WTs"
"Pathways in cancer","5/535",0.0970113392829358,0.189047738089824,0,0,2.12582272926722,4.95939010856616,"HSP90AB1;PRKCB;PLCB1;CALM1;CALM2","L5","VehicleVsPCB_in_WTs"
"Natural killer cell mediated cytotoxicity","2/118",0.100824049799038,0.193990576828528,0,0,3.83436652460287,8.79748758804512,"PAK1;PRKCB","L5","VehicleVsPCB_in_WTs"
"Neurotrophin signaling pathway","2/121",0.10513578684687,0.199757995009052,0,0,3.73713530355963,8.41790682425487,"CALM1;CALM2","L5","VehicleVsPCB_in_WTs"
"Sphingolipid signaling pathway","2/124",0.109497119442081,0.205476075990078,0,0,3.64468594584638,8.06152425528643,"PRKCB;PLCB1","L5","VehicleVsPCB_in_WTs"
"Platelet activation","2/125",0.110961552814536,0.205684829607432,0,0,3.61487165433452,7.94755382686443,"PLCB1;ACTB","L5","VehicleVsPCB_in_WTs"
"Collecting duct acid secretion","1/27",0.115922222237537,0.212291298555489,0,0,8.49700854700855,18.3096583010227,"ATP6V0C","L5","VehicleVsPCB_in_WTs"
"Serotonergic synapse","2/132",0.12135393778086,0.219592839793938,0,0,3.419014693172,7.21085207428712,"PRKCB;PLCB1","L5","VehicleVsPCB_in_WTs"
"Fatty acid elongation","1/29",0.123960041591174,0.219810367796494,0,0,7.88928571428571,16.4712192403095,"TECR","L5","VehicleVsPCB_in_WTs"
"Oxidative phosphorylation","2/134",0.124366392305911,0.219810367796494,0,0,3.3668709567586,7.0183209355349,"COX4I1;ATP6V0C","L5","VehicleVsPCB_in_WTs"
"Glyoxylate and dicarboxylate metabolism","1/31",0.131925579154434,0.227957896108947,0,0,7.36259259259259,14.91305874036,"MDH1","L5","VehicleVsPCB_in_WTs"
"Insulin signaling pathway","2/139",0.131975624063075,0.227957896108947,0,0,3.24317231198228,6.5678716180944,"CALM1;CALM2","L5","VehicleVsPCB_in_WTs"
"Biosynthesis of unsaturated fatty acids","1/32",0.135881443350244,0.229488659880412,0,0,7.1247311827957,14.2207676069662,"TECR","L5","VehicleVsPCB_in_WTs"
"Citrate cycle (TCA cycle)","1/32",0.135881443350244,0.229488659880412,0,0,7.1247311827957,14.2207676069662,"MDH1","L5","VehicleVsPCB_in_WTs"
"Pyruvate metabolism","1/38",0.159244971004344,0.265991599919343,0,0,5.96756756756757,10.9642809025087,"MDH1","L5","VehicleVsPCB_in_WTs"
"Wnt signaling pathway","2/160",0.164980211847864,0.272576002183428,0,0,2.80913099132414,5.0618566781381,"PRKCB;PLCB1","L5","VehicleVsPCB_in_WTs"
"Ferroptosis","1/40",0.166893114033626,0.272771541216248,0,0,5.66096866096866,10.135407955018,"FTH1","L5","VehicleVsPCB_in_WTs"
"Protein processing in endoplasmic reticulum","2/163",0.169810873235734,0.274587795019485,0,0,2.75636820434085,4.88723369381441,"HSP90AB1;TUSC3","L5","VehicleVsPCB_in_WTs"
"Influenza A","2/168",0.177914733272824,0.284663573236519,0,0,2.67266820089346,4.61423034069954,"PRKCB;ACTB","L5","VehicleVsPCB_in_WTs"
"Hepatocellular carcinoma","2/171",0.18280624229848,0.289443216972594,0,0,2.62482547702945,4.46044066794504,"PRKCB;ACTB","L5","VehicleVsPCB_in_WTs"
"Cocaine addiction","1/48",0.196803627086837,0.306474946963339,0,0,4.69550827423168,7.63277814208722,"GRIA2","L5","VehicleVsPCB_in_WTs"
"Phagosome","2/180",0.197595689489521,0.306474946963339,0,0,2.49097336194925,4.03919378534248,"ATP6V0C;ACTB","L5","VehicleVsPCB_in_WTs"
"Arginine and proline metabolism","1/50",0.204113762093119,0.307181107308456,0,0,4.50340136054422,7.15625505110662,"CKB","L5","VehicleVsPCB_in_WTs"
"Cysteine and methionine metabolism","1/50",0.204113762093119,0.307181107308456,0,0,4.50340136054422,7.15625505110662,"MDH1","L5","VehicleVsPCB_in_WTs"
"N-Glycan biosynthesis","1/50",0.204113762093119,0.307181107308456,0,0,4.50340136054422,7.15625505110662,"TUSC3","L5","VehicleVsPCB_in_WTs"
"Alcoholism","2/199",0.229246525902951,0.341622273894593,0,0,2.24855985855244,3.31203270793838,"CALM1;CALM2","L5","VehicleVsPCB_in_WTs"
"VEGF signaling pathway","1/58",0.232702062732142,0.343404985779471,0,0,3.86978557504873,5.6421332219254,"PRKCB","L5","VehicleVsPCB_in_WTs"
"NOD-like receptor signaling pathway","2/205",0.23932300920185,0.349779782679627,0,0,2.18143576686777,3.11932473983388,"HSP90AB1;PLCB1","L5","VehicleVsPCB_in_WTs"
"Mitophagy","1/63",0.250051511762788,0.36197933131375,0,0,3.55681003584229,4.93005290153593,"UBB","L5","VehicleVsPCB_in_WTs"
"Non-small cell lung cancer","1/66",0.260274350839684,0.371064709909216,0,0,3.39213675213675,4.5658805486788,"PRKCB","L5","VehicleVsPCB_in_WTs"
"Glycolysis / Gluconeogenesis","1/67",0.263651241251285,0.371064709909216,0,0,3.34057239057239,4.45341094087866,"GAPDH","L5","VehicleVsPCB_in_WTs"
"Leishmaniasis","1/67",0.263651241251285,0.371064709909216,0,0,3.34057239057239,4.45341094087866,"PRKCB","L5","VehicleVsPCB_in_WTs"
"Renal cell carcinoma","1/68",0.267012884576819,0.372348242712628,0,0,3.29054726368159,4.34503065944096,"PAK1","L5","VehicleVsPCB_in_WTs"
"Cortisol synthesis and secretion","1/69",0.270359348927876,0.373587463973065,0,0,3.24199346405229,4.24053809418633,"PLCB1","L5","VehicleVsPCB_in_WTs"
"Adherens junction","1/72",0.280308344264371,0.374838301272627,0,0,3.10453834115806,3.94855381935163,"ACTB","L5","VehicleVsPCB_in_WTs"
"B cell receptor signaling pathway","1/72",0.280308344264371,0.374838301272627,0,0,3.10453834115806,3.94855381935163,"PRKCB","L5","VehicleVsPCB_in_WTs"
"Bile secretion","1/72",0.280308344264371,0.374838301272627,0,0,3.10453834115806,3.94855381935163,"ATP1B1","L5","VehicleVsPCB_in_WTs"
"Thermogenesis","2/231",0.283150787371463,0.374838301272627,0,0,1.9312104410971,2.43675441711019,"COX4I1;ACTB","L5","VehicleVsPCB_in_WTs"
"Inositol phosphate metabolism","1/73",0.283594767410212,0.374838301272627,0,0,3.06126543209877,3.85783405022241,"PLCB1","L5","VehicleVsPCB_in_WTs"
"Bacterial invasion of epithelial cells","1/74",0.286866347500591,0.375893834655947,0,0,3.01917808219178,3.77016499601059,"ACTB","L5","VehicleVsPCB_in_WTs"
"Salmonella infection","1/78",0.299805558573335,0.389490982078179,0,0,2.86176046176046,3.44733718575964,"ACTB","L5","VehicleVsPCB_in_WTs"
"Peroxisome","1/84",0.318780220300213,0.407181457862457,0,0,2.65408299866131,3.03428935429206,"PEX5L","L5","VehicleVsPCB_in_WTs"
"Rheumatoid arthritis","1/84",0.318780220300213,0.407181457862457,0,0,2.65408299866131,3.03428935429206,"ATP6V0C","L5","VehicleVsPCB_in_WTs"
"Viral myocarditis","1/87",0.328075937465776,0.415562854123316,0,0,2.56111111111111,2.85438440731377,"ACTB","L5","VehicleVsPCB_in_WTs"
"Antigen processing and presentation","1/90",0.337246183016884,0.416759510720052,0,0,2.47440699126092,2.68953713609065,"HSP90AB1","L5","VehicleVsPCB_in_WTs"
"Progesterone-mediated oocyte maturation","1/90",0.337246183016884,0.416759510720052,0,0,2.47440699126092,2.68953713609065,"HSP90AB1","L5","VehicleVsPCB_in_WTs"
"Protein digestion and absorption","1/90",0.337246183016884,0.416759510720052,0,0,2.47440699126092,2.68953713609065,"ATP1B1","L5","VehicleVsPCB_in_WTs"
"IL-17 signaling pathway","1/91",0.340275339065306,0.41711170595102,0,0,2.44679012345679,2.63764016492902,"HSP90AB1","L5","VehicleVsPCB_in_WTs"
"Endocytosis","2/269",0.346727159432351,0.421620225869738,0,0,1.65315827126205,1.75105349732244,"UBB;ARAP2","L5","VehicleVsPCB_in_WTs"
"Prostate cancer","1/97",0.358164844896774,0.43207187638341,0,0,2.2931712962963,2.35454100424883,"HSP90AB1","L5","VehicleVsPCB_in_WTs"
"Choline metabolism in cancer","1/99",0.364020729548417,0.435678353475271,0,0,2.24614512471655,2.26982952035497,"PRKCB","L5","VehicleVsPCB_in_WTs"
"T cell receptor signaling pathway","1/101",0.369823768823164,0.435778877551229,0,0,2.201,2.18939784072288,"PAK1","L5","VehicleVsPCB_in_WTs"
"Th17 cell differentiation","1/102",0.372705618958288,0.435778877551229,0,0,2.17909790979098,2.15069641110989,"HSP90AB1","L5","VehicleVsPCB_in_WTs"
"NF-kappa B signaling pathway","1/102",0.372705618958288,0.435778877551229,0,0,2.17909790979098,2.15069641110989,"PRKCB","L5","VehicleVsPCB_in_WTs"
"Chagas disease (American trypanosomiasis)","1/103",0.375574434299706,0.435781023004239,0,0,2.15762527233115,2.11295940907812,"PLCB1","L5","VehicleVsPCB_in_WTs"
"MAPK signaling pathway","2/294",0.387609481638906,0.446338190978134,0,0,1.50969678313068,1.43082559872513,"PAK1;PRKCB","L5","VehicleVsPCB_in_WTs"
"Insulin resistance","1/110",0.395296032444351,0.451766894222115,0,0,2.01834862385321,1.87327042221433,"PRKCB","L5","VehicleVsPCB_in_WTs"
"Cell cycle","1/123",0.430301364407746,0.487424061458777,0,0,1.80209471766849,1.51965145441896,"YWHAH","L5","VehicleVsPCB_in_WTs"
"Lysosome","1/124",0.432909528269308,0.487424061458777,0,0,1.7873532068654,1.49641949547909,"ATP6V0C","L5","VehicleVsPCB_in_WTs"
"Relaxin signaling pathway","1/131",0.450838941344411,0.503878816796695,0,0,1.69051282051282,1.3467387850326,"PLCB1","L5","VehicleVsPCB_in_WTs"
"Apoptosis","1/141",0.475483835013143,0.527544108919691,0,0,1.56896825396825,1.16640613444085,"ACTB","L5","VehicleVsPCB_in_WTs"
"PI3K-Akt signaling pathway","2/357",0.485144509223893,0.534362068130665,0,0,1.23779078968191,0.895304568778676,"HSP90AB1;YWHAH","L5","VehicleVsPCB_in_WTs"
"Phospholipase D signaling pathway","1/149",0.494409451668041,0.540649184557857,0,0,1.48355855855856,1.04500567577447,"PLCB1","L5","VehicleVsPCB_in_WTs"
"Non-alcoholic fatty liver disease (NAFLD)","1/151",0.499034340168995,0.54180871218348,0,0,1.46362962962963,1.01734022102912,"COX4I1","L5","VehicleVsPCB_in_WTs"
"mTOR signaling pathway","1/154",0.505893329680808,0.545360185187821,0,0,1.43471314451707,0.977655778683271,"PRKCB","L5","VehicleVsPCB_in_WTs"
"Cushing syndrome","1/159",0.517119166400232,0.552019224501309,0,0,1.38895921237693,0.915993509146732,"PLCB1","L5","VehicleVsPCB_in_WTs"
"Hepatitis C","1/160",0.519333875682152,0.552019224501309,0,0,1.3801537386443,0.904288180561073,"YWHAH","L5","VehicleVsPCB_in_WTs"
"Hepatitis B","1/163",0.525917904270352,0.555135565618705,0,0,1.35438957475995,0.87034449315442,"PRKCB","L5","VehicleVsPCB_in_WTs"
"Tight junction","1/167",0.534558046759248,0.560364297292454,0,0,1.3214859437751,0.827666408487233,"ACTB","L5","VehicleVsPCB_in_WTs"
"Cell adhesion molecules (CAMs)","1/170",0.540935778238849,0.56316601570072,0,0,1.29783037475345,0.797457995032689,"CADM1","L5","VehicleVsPCB_in_WTs"
"Transcriptional misregulation in cancer","1/183",0.567588469860469,0.586894200127832,0,0,1.20433455433455,0.682085289630953,"TSPAN7","L5","VehicleVsPCB_in_WTs"
"Viral carcinogenesis","1/229",0.650180299330907,0.667752739853364,0,0,0.95911306042885,0.412903515704858,"YWHAH","L5","VehicleVsPCB_in_WTs"
"Human T-cell leukemia virus 1 infection","1/245",0.675080688462245,0.688672917089002,0,0,0.895491803278688,0.351859376675703,"SLC25A4","L5","VehicleVsPCB_in_WTs"
"MicroRNAs in cancer","1/281",0.72487780590996,0.734542843322093,0,0,0.778928571428571,0.250621967405284,"PRKCB","L5","VehicleVsPCB_in_WTs"
"Human papillomavirus infection","1/360",0.809228684848952,0.81458781521219,0,0,0.605075827917053,0.128078654954665,"ATP6V0C","L5","VehicleVsPCB_in_WTs"
"Olfactory transduction","2/1133",0.968215854192734,0.968215854192734,0,0,0.373101262678946,0.0120512553649364,"CALM1;CALM2","L5","VehicleVsPCB_in_WTs"
"Long-term potentiation","3/67",0.000217803962257048,0.00887735217655266,0,0,29.15185546875,245.805971936434,"GRM5;CALM1;CALM2","L6","VehicleVsPCB_in_WTs"
"Alzheimer disease","4/175",0.000239928437204126,0.00887735217655266,0,0,14.9360498019242,124.49451209766,"COX4I1;CALM1;GAPDH;CALM2","L6","VehicleVsPCB_in_WTs"
"Phototransduction","2/27",0.0010159428226569,0.0250599229588702,0,0,48.3393939393939,333.152116058036,"CALM1;CALM2","L6","VehicleVsPCB_in_WTs"
"Tuberculosis","3/178",0.00367999927912052,0.0405796445176458,0,0,10.6017857142857,59.4213415082594,"CALM1;ATP6V0C;CALM2","L6","VehicleVsPCB_in_WTs"
"Calcium signaling pathway","3/189",0.00435222254788524,0.0405796445176458,0,0,9.96925403225806,54.2035184013119,"GRM5;CALM1;CALM2","L6","VehicleVsPCB_in_WTs"
"cAMP signaling pathway","3/211",0.00590911852999739,0.0405796445176458,0,0,8.90489783653846,45.6933336734346,"PDE10A;CALM1;CALM2","L6","VehicleVsPCB_in_WTs"
"Amphetamine addiction","2/68",0.00630391415851973,0.0405796445176458,0,0,18.2727272727273,92.5803175676888,"CALM1;CALM2","L6","VehicleVsPCB_in_WTs"
"Gastric acid secretion","2/74",0.00742563003359198,0.0405796445176458,0,0,16.7449494949495,82.0974355210275,"CALM1;CALM2","L6","VehicleVsPCB_in_WTs"
"Glioma","2/75",0.00762074166368186,0.0405796445176458,0,0,16.5147364051474,80.5404138195241,"CALM1;CALM2","L6","VehicleVsPCB_in_WTs"
"Ras signaling pathway","3/233",0.00776188578887511,0.0405796445176458,0,0,8.04415760869565,39.0827807470608,"PAK7;CALM1;CALM2","L6","VehicleVsPCB_in_WTs"
"Pertussis","2/76",0.00781816244256612,0.0405796445176458,0,0,16.2907452907453,79.0313860369738,"CALM1;CALM2","L6","VehicleVsPCB_in_WTs"
"Renin secretion","2/76",0.00781816244256612,0.0405796445176458,0,0,16.2907452907453,79.0313860369738,"CALM1;CALM2","L6","VehicleVsPCB_in_WTs"
"Synaptic vesicle cycle","2/77",0.00801788416855071,0.0405796445176458,0,0,16.0727272727273,77.56827906878,"SYT1;ATP6V0C","L6","VehicleVsPCB_in_WTs"
"Salivary secretion","2/78",0.00821989866188906,0.0405796445176458,0,0,15.8604465709729,76.1491348112794,"CALM1;CALM2","L6","VehicleVsPCB_in_WTs"
"Human immunodeficiency virus 1 infection","3/238",0.00822560361844172,0.0405796445176458,0,0,7.87101063829787,37.7848148793095,"PAK7;CALM1;CALM2","L6","VehicleVsPCB_in_WTs"
"Gap junction","2/86",0.00991757922052882,0.0458688038949458,0,0,14.3441558441558,66.1759943934942,"GRM5;TUBB4A","L6","VehicleVsPCB_in_WTs"
"GnRH signaling pathway","2/90",0.0108199581617818,0.0462000769715001,0,0,13.6893939393939,61.9631644718314,"CALM1;CALM2","L6","VehicleVsPCB_in_WTs"
"Phosphatidylinositol signaling system","2/98",0.0127292489289027,0.0462000769715001,0,0,12.5435606060606,54.7382529286947,"CALM1;CALM2","L6","VehicleVsPCB_in_WTs"
"Circadian entrainment","2/99",0.0129775571881923,0.0462000769715001,0,0,12.4136207435177,53.9313946964376,"CALM1;CALM2","L6","VehicleVsPCB_in_WTs"
"Melanogenesis","2/100",0.0132279832722483,0.0462000769715001,0,0,12.2863327149041,53.1435584472206,"CALM1;CALM2","L6","VehicleVsPCB_in_WTs"
"Aldosterone synthesis and secretion","2/102",0.0137351580185541,0.0462000769715001,0,0,12.0393939393939,51.6224706499725,"CALM1;CALM2","L6","VehicleVsPCB_in_WTs"
"Glucagon signaling pathway","2/102",0.0137351580185541,0.0462000769715001,0,0,12.0393939393939,51.6224706499725,"CALM1;CALM2","L6","VehicleVsPCB_in_WTs"
"C-type lectin receptor signaling pathway","2/112",0.0163954928995592,0.0527507162855383,0,0,10.9393939393939,44.9691005651051,"CALM1;CALM2","L6","VehicleVsPCB_in_WTs"
"Oocyte meiosis","2/116",0.0175165775115796,0.0540094473273703,0,0,10.5534290271132,42.6844788277168,"CALM1;CALM2","L6","VehicleVsPCB_in_WTs"
"Neurotrophin signaling pathway","2/121",0.0189626318178674,0.0561293901808874,0,0,10.1074611662847,40.0789639771968,"CALM1;CALM2","L6","VehicleVsPCB_in_WTs"
"Inflammatory mediator regulation of TRP channels","2/127",0.0207622404094827,0.0575697968786089,0,0,9.61939393939394,37.2714894789781,"CALM1;CALM2","L6","VehicleVsPCB_in_WTs"
"Oxidative phosphorylation","2/134",0.0229485178794781,0.0575697968786089,0,0,9.10606060606061,34.3708432865228,"COX4I1;ATP6V0C","L6","VehicleVsPCB_in_WTs"
"Estrogen signaling pathway","2/134",0.0229485178794781,0.0575697968786089,0,0,9.10606060606061,34.3708432865228,"CALM1;CALM2","L6","VehicleVsPCB_in_WTs"
"Dopaminergic synapse","2/135",0.0232683343092941,0.0575697968786089,0,0,9.0371383002962,33.9856215578006,"CALM1;CALM2","L6","VehicleVsPCB_in_WTs"
"Apelin signaling pathway","2/138",0.0242388640900119,0.0575697968786089,0,0,8.83645276292335,32.8698191365811,"CALM1;CALM2","L6","VehicleVsPCB_in_WTs"
"Insulin signaling pathway","2/139",0.0245660440366614,0.0575697968786089,0,0,8.77151072771511,32.5106406397424,"CALM1;CALM2","L6","VehicleVsPCB_in_WTs"
"Vascular smooth muscle contraction","2/140",0.0248950472988579,0.0575697968786089,0,0,8.70750988142293,32.1575863118559,"CALM1;CALM2","L6","VehicleVsPCB_in_WTs"
"Fluid shear stress and atherosclerosis","2/143",0.0258929271624674,0.058062927576442,0,0,8.52095422308188,31.1337383908515,"CALM1;CALM2","L6","VehicleVsPCB_in_WTs"
"Adrenergic signaling in cardiomyocytes","2/148",0.0275918776334639,0.0600529101434213,0,0,8.22706517227065,29.5370877706701,"CALM1;CALM2","L6","VehicleVsPCB_in_WTs"
"Oxytocin signaling pathway","2/154",0.0296886585969887,0.0627703067479189,0,0,7.89992025518341,27.7839418933027,"CALM1;CALM2","L6","VehicleVsPCB_in_WTs"
"cGMP-PKG signaling pathway","2/172",0.0363448417883469,0.0747088414538242,0,0,7.05704099821747,23.3919948910379,"CALM1;CALM2","L6","VehicleVsPCB_in_WTs"
"Necroptosis","2/176",0.0378958086764098,0.0757916173528196,0,0,6.89341692789969,22.561566024096,"FTH1;PPIA","L6","VehicleVsPCB_in_WTs"
"Phagosome","2/180",0.0394719942792347,0.0768665151753517,0,0,6.7371467483827,21.7755622674459,"TUBB4A;ATP6V0C","L6","VehicleVsPCB_in_WTs"
"Cellular senescence","2/185",0.0414770726138708,0.0787000864981138,0,0,6.55141579731744,20.8506307256662,"CALM1;CALM2","L6","VehicleVsPCB_in_WTs"
"Huntington disease","2/192",0.0443478282494987,0.0820434822615726,0,0,6.30781499202552,19.6532058057176,"GRM5;COX4I1","L6","VehicleVsPCB_in_WTs"
"Collecting duct acid secretion","1/27",0.046219715818065,0.0833221072046298,0,0,22.5554298642534,69.3432592467937,"ATP6V0C","L6","VehicleVsPCB_in_WTs"
"Alcoholism","2/199",0.0472909257107358,0.0833221072046298,0,0,6.08152591908937,18.5573922774892,"CALM1;CALM2","L6","VehicleVsPCB_in_WTs"
"Rap1 signaling pathway","2/209",0.0516167301331944,0.088828791392009,0,0,5.78480456741326,17.1456368176514,"CALM1;CALM2","L6","VehicleVsPCB_in_WTs"
"Kaposi sarcoma-associated herpesvirus infection","2/216",0.0547269380721517,0.0920407594849825,0,0,5.59359954687057,16.2516397685868,"CALM1;CALM2","L6","VehicleVsPCB_in_WTs"
"Ferroptosis","1/40",0.0677269063272853,0.111373134849314,0,0,15.027149321267,40.4571695007224,"FTH1","L6","VehicleVsPCB_in_WTs"
"Human cytomegalovirus infection","2/255",0.0731983683415915,0.116902984328851,0,0,4.72200263504611,12.3460637956055,"CALM1;CALM2","L6","VehicleVsPCB_in_WTs"
"Mineral absorption","1/44",0.0742491927494056,0.116902984328851,0,0,13.6265389876881,35.4334759612034,"FTH1","L6","VehicleVsPCB_in_WTs"
"Arginine and proline metabolism","1/50",0.0839495853612938,0.129422277431995,0,0,11.9543817527011,29.6174450357809,"CKB","L6","VehicleVsPCB_in_WTs"
"Glycolysis / Gluconeogenesis","1/67",0.110900893066745,0.166443824896833,0,0,8.86764705882353,19.5010052066101,"GAPDH","L6","VehicleVsPCB_in_WTs"
"Renal cell carcinoma","1/68",0.112462043849211,0.166443824896833,0,0,8.73485513608428,19.0868770044883,"PAK7","L6","VehicleVsPCB_in_WTs"
"Cardiac muscle contraction","1/78",0.127927812234863,0.185620747164311,0,0,7.59663865546218,15.6208855758353,"COX4I1","L6","VehicleVsPCB_in_WTs"
"ErbB signaling pathway","1/84",0.137081270555365,0.191396490964095,0,0,7.04535790219702,14.0004035687868,"PAK7","L6","VehicleVsPCB_in_WTs"
"Rheumatoid arthritis","1/84",0.137081270555365,0.191396490964095,0,0,7.04535790219702,14.0004035687868,"ATP6V0C","L6","VehicleVsPCB_in_WTs"
"Morphine addiction","1/92",0.149140815954099,0.204378155196359,0,0,6.42340012928248,12.2228590849475,"PDE10A","L6","VehicleVsPCB_in_WTs"
"T cell receptor signaling pathway","1/101",0.162512137435589,0.218652694004247,0,0,5.84264705882353,10.6161048271807,"PAK7","L6","VehicleVsPCB_in_WTs"
"HIF-1 signaling pathway","1/104",0.166923712082108,0.220577762394214,0,0,5.67161621930325,10.1534316274186,"GAPDH","L6","VehicleVsPCB_in_WTs"
"Glutamatergic synapse","1/114",0.181466527019676,0.235588122797474,0,0,5.16710046850599,8.81860803918774,"GRM5","L6","VehicleVsPCB_in_WTs"
"Lysosome","1/124",0.195762601798952,0.249766078157283,0,0,4.74461979913917,7.7377753891951,"ATP6V0C","L6","VehicleVsPCB_in_WTs"
"Spliceosome","1/132",0.207024542673371,0.259657900980161,0,0,4.45307588684329,7.01322905385645,"THOC2","L6","VehicleVsPCB_in_WTs"
"Purine metabolism","1/136",0.212597913629159,0.262204093475963,0,0,4.3202614379085,6.68928814550275,"PDE10A","L6","VehicleVsPCB_in_WTs"
"Parkinson disease","1/144",0.22363072641173,0.269592559639839,0,0,4.07692307692308,6.1062487618856,"COX4I1","L6","VehicleVsPCB_in_WTs"
"Phospholipase D signaling pathway","1/149",0.230449818327362,0.269592559639839,0,0,3.93819554848967,5.78017683028199,"GRM5","L6","VehicleVsPCB_in_WTs"
"Retrograde endocannabinoid signaling","1/150",0.231806637513869,0.269592559639839,0,0,3.91156731148835,5.71813137805214,"GRM5","L6","VehicleVsPCB_in_WTs"
"Non-alcoholic fatty liver disease (NAFLD)","1/151",0.233161132661482,0.269592559639839,0,0,3.88529411764706,5.6570873411604,"COX4I1","L6","VehicleVsPCB_in_WTs"
"Pathways in cancer","2/535",0.240431493320016,0.273722007779711,0,0,2.20956279492865,3.14933422200649,"CALM1;CALM2","L6","VehicleVsPCB_in_WTs"
"RNA transport","1/167",0.254520122256928,0.285371046166858,0,0,3.50797306874557,4.80022398193761,"THOC2","L6","VehicleVsPCB_in_WTs"
"Ribosome","1/170",0.258460078476673,0.285463370257817,0,0,3.44517925513401,4.66137587582445,"RPS3A1","L6","VehicleVsPCB_in_WTs"
"Axon guidance","1/180",0.271447716503948,0.295398985607238,0,0,3.25106802497535,4.239346314695,"PAK7","L6","VehicleVsPCB_in_WTs"
"Focal adhesion","1/199",0.295518167390227,0.316932527346041,0,0,2.93627450980392,3.57939192818455,"PAK7","L6","VehicleVsPCB_in_WTs"
"Regulation of actin cytoskeleton","1/217",0.317608066422726,0.335757098789739,0,0,2.6891339869281,3.08426767597823,"PAK7","L6","VehicleVsPCB_in_WTs"
"Thermogenesis","1/231",0.334322458141242,0.348448759189463,0,0,2.52365728900256,2.76504336285391,"COX4I1","L6","VehicleVsPCB_in_WTs"
"Neuroactive ligand-receptor interaction","1/348",0.459297905836722,0.472056180998853,0,0,1.6628242074928,1.29377076251538,"GRM5","L6","VehicleVsPCB_in_WTs"
"Human papillomavirus infection","1/360",0.470744344638773,0.477192897305058,0,0,1.60625921677863,1.21022014512028,"ATP6V0C","L6","VehicleVsPCB_in_WTs"
"Olfactory transduction","2/1133",0.597355766837364,0.597355766837364,0,0,1.00924362993329,0.520005128975929,"CALM1;CALM2","L6","VehicleVsPCB_in_WTs"
"Alzheimer disease","16/175",2.32844618964855e-09,4.6568923792971e-07,0,0,7.69221698113208,152.906386554477,"COX8A;APP;RTN3;GSK3B;NDUFA13;COX4I1;ATP2A2;ATP5G3;COX6A1;COX6C;GRIN2A;UQCRQ;MAPT;CALM1;CALM2;GAPDH","Lamp5","VehicleVsPCB_in_WTs"
"Synaptic vesicle cycle","10/77",9.03049737225805e-08,9.03049737225805e-06,0,0,11.2002962287798,181.669625790748,"NSF;SNAP25;RIMS1;RAB3A;ATP6V1G2;SYT1;STXBP1;SLC6A1;ATP6V0C;ATP6V0A1","Lamp5","VehicleVsPCB_in_WTs"
"GABAergic synapse","10/90",4.03269562207784e-07,2.68846374805189e-05,0,0,9.37404580152672,138.02026892196,"NSF;GABRB2;GABBR2;GABRA1;GABBR1;GABRA4;GAD1;GAD2;SLC6A1;GABRG3","Lamp5","VehicleVsPCB_in_WTs"
"Cardiac muscle contraction","8/78",1.08712436062703e-05,0.000452479876683693,0,0,8.50995670995671,97.2636094932814,"COX8A;UQCRQ;COX4I1;CACNA2D1;ATP2A2;COX6A1;ATP1B1;COX6C","Lamp5","VehicleVsPCB_in_WTs"
"Calcium signaling pathway","12/189",1.13119969170923e-05,0.000452479876683693,0,0,5.0980443285528,58.0649238719697,"GRIN2A;GRM5;ERBB4;GNAS;ATP2A2;VDAC1;CALM1;PHKA2;CALM2;ADRA1A;SLC25A4;EGFR","Lamp5","VehicleVsPCB_in_WTs"
"Oxidative phosphorylation","10/134",1.52232361467616e-05,0.000507441204892053,0,0,6.03422802265452,66.9358063836475,"COX8A;NDUFA13;ATP6V1G2;UQCRQ;COX4I1;ATP5G3;COX6A1;COX6C;ATP6V0C;ATP6V0A1","Lamp5","VehicleVsPCB_in_WTs"
"Ribosome","11/170",2.20318095158769e-05,0.000560060077739105,0,0,5.18708884551435,55.6212743515198,"RPS8;RPL23;RPL37A;RPL13;FAU;RPL29;RPS10;UBA52;RPL6;RPS24;RPL19","Lamp5","VehicleVsPCB_in_WTs"
"Insulin secretion","8/86",2.24024031095642e-05,0.000560060077739105,0,0,7.63403263403263,81.7325666862853,"RIMS2;SNAP25;RAB3A;PCLO;GNAS;KCNN2;ATP1B1;RAPGEF4","Lamp5","VehicleVsPCB_in_WTs"
"Parkinson disease","10/144",2.8451297962836e-05,0.000616207928342963,0,0,5.58106414492423,58.4187663511896,"COX8A;NDUFA13;UBB;UQCRQ;COX4I1;VDAC1;ATP5G3;COX6A1;COX6C;SLC25A4","Lamp5","VehicleVsPCB_in_WTs"
"Rap1 signaling pathway","12/209",3.08103964171481e-05,0.000616207928342963,0,0,4.57579070675517,47.5317506752521,"CDC42;GRIN2A;CNR1;KIT;GNAS;KRIT1;CALM1;CALM2;ACTB;EGFR;RAPGEF4;ACTG1","Lamp5","VehicleVsPCB_in_WTs"
"Nicotine addiction","5/40",0.000199900349094758,0.00363455180172287,0,0,10.5366506153023,89.7479401231809,"GABRB2;GABRA1;GRIN2A;GABRA4;GABRG3","Lamp5","VehicleVsPCB_in_WTs"
"Morphine addiction","7/92",0.000260680159065881,0.00434466931776469,0,0,6.10437291897891,50.3746059859352,"GABRB2;GABBR2;GABRA1;GABBR1;GABRA4;GNAS;GABRG3","Lamp5","VehicleVsPCB_in_WTs"
"Huntington disease","10/192",0.000310276817464625,0.00449184913664351,0,0,4.09906887006124,33.1124656572318,"COX8A;NDUFA13;GRM5;UQCRQ;COX4I1;VDAC1;ATP5G3;COX6A1;COX6C;SLC25A4","Lamp5","VehicleVsPCB_in_WTs"
"Neuroactive ligand-receptor interaction","14/348",0.000314429439565046,0.00449184913664351,0,0,3.15086106856055,25.4109095265916,"GABRB2;GABRA1;GABBR2;GABBR1;THRA;GABRA4;GRIK1;GRIK2;GABRG3;ADRA1A;GRIN2A;GRM5;CNR1;NPY","Lamp5","VehicleVsPCB_in_WTs"
"Thermogenesis","11/231",0.000339376954863539,0.00452502606484718,0,0,3.73716475095785,29.8539635596577,"COX8A;NDUFA13;UQCRQ;CNR1;COX4I1;GNAS;ATP5G3;COX6C;COX6A1;ACTB;ACTG1","Lamp5","VehicleVsPCB_in_WTs"
"Estrogen signaling pathway","8/134",0.000502644960430374,0.00628306200537967,0,0,4.71428571428571,35.8079534112043,"HSPA8;GABBR2;GABBR1;HSP90AB1;GNAS;CALM1;CALM2;EGFR","Lamp5","VehicleVsPCB_in_WTs"
"cAMP signaling pathway","10/211",0.000650960080201982,0.0076583538847292,0,0,3.70798678363906,27.2057298106138,"GABBR2;GRIN2A;GABBR1;NPY;GNAS;ATP2A2;CALM1;ATP1B1;CALM2;RAPGEF4","Lamp5","VehicleVsPCB_in_WTs"
"Adrenergic signaling in cardiomyocytes","8/148",0.000965691472746643,0.0107299052527405,0,0,4.23982683982684,29.4357023300314,"CACNA2D1;GNAS;ATP2A2;ATP1B1;CALM1;CALM2;ADRA1A;RAPGEF4","Lamp5","VehicleVsPCB_in_WTs"
"Retrograde endocannabinoid signaling","8/150",0.00105326616054154,0.0109937301259715,0,0,4.17968416559966,28.6553266151457,"RIMS1;GABRB2;GABRA1;NDUFA13;GRM5;CNR1;GABRA4;GABRG3","Lamp5","VehicleVsPCB_in_WTs"
"Non-alcoholic fatty liver disease (NAFLD)","8/151",0.00109937301259715,0.0109937301259715,0,0,4.15024369569824,28.2756735909675,"COX8A;CDC42;GSK3B;NDUFA13;UQCRQ;COX4I1;COX6A1;COX6C","Lamp5","VehicleVsPCB_in_WTs"
"Oxytocin signaling pathway","8/154",0.00124744203013871,0.0118804002870353,0,0,4.06434205064342,27.1768742302195,"MEF2C;CACNA2D1;GNAS;CALM1;CALM2;ACTB;EGFR;ACTG1","Lamp5","VehicleVsPCB_in_WTs"
"Neurotrophin signaling pathway","7/121",0.00134698930053146,0.0122453572775587,0,0,4.54478649453823,30.0405084648847,"YWHAE;CDC42;GSK3B;NTRK2;KIDINS220;CALM1;CALM2","Lamp5","VehicleVsPCB_in_WTs"
"cGMP-PKG signaling pathway","8/172",0.00250139060919809,0.020972051070493,0,0,3.61492978566149,21.6567134282664,"MEF2C;ATP2A2;VDAC1;ATP1B1;CALM1;CALM2;ADRA1A;SLC25A4","Lamp5","VehicleVsPCB_in_WTs"
"Dopaminergic synapse","7/135",0.00251664612845916,0.020972051070493,0,0,4.04481132075472,24.2075007157762,"GSK3B;GRIN2A;KIF5C;GNAS;CALM1;CALM2;SCN1A","Lamp5","VehicleVsPCB_in_WTs"
"Adherens junction","5/72",0.00298750187760381,0.0239000150208305,0,0,5.49527642685449,31.9457879012784,"CDC42;PTPRM;ACTB;EGFR;ACTG1","Lamp5","VehicleVsPCB_in_WTs"
"Gastric acid secretion","5/74",0.00336501806889043,0.0258847543760802,0,0,5.33545025240189,30.3817714653476,"GNAS;ATP1B1;CALM1;CALM2;ACTB","Lamp5","VehicleVsPCB_in_WTs"
"Salivary secretion","5/78",0.00422105313733107,0.0312670602765264,0,0,5.04207069929711,27.5683818439529,"GNAS;ATP1B1;CALM1;ADRA1A;CALM2","Lamp5","VehicleVsPCB_in_WTs"
"Leukocyte transendothelial migration","6/115",0.00490039192206075,0.0337958063590396,0,0,4.05994343657308,21.592565948261,"CDC42;THY1;ACTB;ACTG1;MYL12B;RAPGEF4","Lamp5","VehicleVsPCB_in_WTs"
"Thyroid hormone signaling pathway","6/115",0.00490039192206075,0.0337958063590396,0,0,4.05994343657308,21.592565948261,"GSK3B;THRA;ATP2A2;ATP1B1;ACTB;ACTG1","Lamp5","VehicleVsPCB_in_WTs"
"Oocyte meiosis","6/116",0.00511023291773873,0.0340682194515915,0,0,4.02282980177717,21.2265028642489,"YWHAE;YWHAB;CALM1;SKP1A;CALM2;YWHAG","Lamp5","VehicleVsPCB_in_WTs"
"Butanoate metabolism","3/27",0.00571610749607575,0.0357256718504735,0,0,9.15613382899628,47.2865529569584,"OXCT1;GAD1;GAD2","Lamp5","VehicleVsPCB_in_WTs"
"Collecting duct acid secretion","3/27",0.00571610749607575,0.0357256718504735,0,0,9.15613382899628,47.2865529569584,"ATP6V1G2;ATP6V0C;ATP6V0A1","Lamp5","VehicleVsPCB_in_WTs"
"Hippo signaling pathway","7/159",0.00616813237899123,0.0373826204787347,0,0,3.40198609731877,17.3105271910025,"YWHAE;GSK3B;YWHAB;ID2;ACTB;YWHAG;ACTG1","Lamp5","VehicleVsPCB_in_WTs"
"Taste transduction","5/88",0.00702274008398476,0.0405717184040456,0,0,4.4323360859167,21.9781897459008,"GABBR2;GABRA1;GABBR1;GABRA4;SCN2A","Lamp5","VehicleVsPCB_in_WTs"
"MAPK signaling pathway","10/294",0.00720526303777614,0.0405717184040456,0,0,2.61315987528223,12.8905701323592,"CDC42;HSPA8;NTRK2;MEF2C;ERBB4;CACNA2D1;KIT;MAPT;IL1RAP;EGFR","Lamp5","VehicleVsPCB_in_WTs"
"Antigen processing and presentation","5/90",0.00770862649676867,0.0405717184040456,0,0,4.32760519938312,21.0555963458751,"HSPA8;HSP90AB1;HSPA4;CANX;CTSB","Lamp5","VehicleVsPCB_in_WTs"
"Dilated cardiomyopathy (DCM)","5/90",0.00770862649676867,0.0405717184040456,0,0,4.32760519938312,21.0555963458751,"CACNA2D1;GNAS;ATP2A2;ACTB;ACTG1","Lamp5","VehicleVsPCB_in_WTs"
"GnRH signaling pathway","5/90",0.00770862649676867,0.0405717184040456,0,0,4.32760519938312,21.0555963458751,"CDC42;GNAS;CALM1;CALM2;EGFR","Lamp5","VehicleVsPCB_in_WTs"
"Taurine and hypotaurine metabolism","2/11",0.00934703021374099,0.0479334882755948,0,0,16.2296296296296,75.8361353573404,"GAD1;GAD2","Lamp5","VehicleVsPCB_in_WTs"
"Axon guidance","7/180",0.0117726524290544,0.0577801205306747,0,0,2.98582179081688,13.2629488188043,"ROBO2;CDC42;GSK3B;DPYSL2;CFL1;UNC5C;MYL12B","Lamp5","VehicleVsPCB_in_WTs"
"Melanogenesis","5/100",0.0118449247087883,0.0577801205306747,0,0,3.87009658978908,17.1671903957162,"GSK3B;KIT;GNAS;CALM1;CALM2","Lamp5","VehicleVsPCB_in_WTs"
"Glucagon signaling pathway","5/102",0.0128229697531642,0.0610605540419286,0,0,3.78991466852002,16.5108284562498,"PKM;GNAS;CALM1;PHKA2;CALM2","Lamp5","VehicleVsPCB_in_WTs"
"Long-term potentiation","4/67",0.0131280191190147,0.0610605540419286,0,0,4.65884861407249,20.1868211821292,"GRM5;GRIN2A;CALM1;CALM2","Lamp5","VehicleVsPCB_in_WTs"
"Fluid shear stress and atherosclerosis","6/143",0.0136158313560301,0.061347427915483,0,0,3.22556390977444,13.8587066005625,"MEF2C;HSP90AB1;CALM1;CALM2;ACTB;ACTG1","Lamp5","VehicleVsPCB_in_WTs"
"Amphetamine addiction","4/68",0.0138031712809837,0.061347427915483,0,0,4.58582089552239,19.640414711556,"GRIN2A;GNAS;CALM1;CALM2","Lamp5","VehicleVsPCB_in_WTs"
"Arrhythmogenic right ventricular cardiomyopathy (ARVC)","4/72",0.0167225173311121,0.0727065970917917,0,0,4.31518876207199,17.6534334480229,"CACNA2D1;ATP2A2;ACTB;ACTG1","Lamp5","VehicleVsPCB_in_WTs"
"Bacterial invasion of epithelial cells","4/74",0.0183162180832153,0.0779413535455971,0,0,4.19147121535181,16.7657523168301,"CDC42;ACTB;ACTG1;SEPT3","Lamp5","VehicleVsPCB_in_WTs"
"Focal adhesion","7/199",0.0194039923012482,0.0800047497599039,0,0,2.6877358490566,10.5957977290864,"CDC42;GSK3B;RELN;ACTB;EGFR;MYL12B;ACTG1","Lamp5","VehicleVsPCB_in_WTs"
"Glutamatergic synapse","5/114",0.0198490125732097,0.0800047497599039,0,0,3.3706147132598,13.2114648597236,"GRIN2A;GRM5;GNAS;GRIK1;GRIK2","Lamp5","VehicleVsPCB_in_WTs"
"Renin secretion","4/76",0.020001187439976,0.0800047497599039,0,0,4.07462686567164,15.939792125483,"GNAS;CALM1;CALM2;CTSB","Lamp5","VehicleVsPCB_in_WTs"
"Protein processing in endoplasmic reticulum","6/163",0.0242561419467479,0.0951221252813644,0,0,2.81179062305445,10.4572895033018,"HSPA8;HSP90AB1;MAN1A2;SEL1L;CANX;SKP1A","Lamp5","VehicleVsPCB_in_WTs"
"PI3K-Akt signaling pathway","10/357",0.0248026002795518,0.0953946164598145,0,0,2.13179488307631,7.88083378015184,"YWHAE;GSK3B;NTRK2;RELN;HSP90AB1;YWHAB;ERBB4;KIT;EGFR;YWHAG","Lamp5","VehicleVsPCB_in_WTs"
"Human papillomavirus infection","10/360",0.0260747821070295,0.0978364332398501,0,0,2.11319520174482,7.70637201786347,"CDC42;GSK3B;ATP6V1G2;RELN;PKM;CSNK1A1;GNAS;ATP6V0C;EGFR;ATP6V0A1","Lamp5","VehicleVsPCB_in_WTs"
"Cell cycle","5/123",0.0265145550010207,0.0978364332398501,0,0,3.11210563067352,11.2971346827436,"YWHAE;GSK3B;YWHAB;SKP1A;YWHAG","Lamp5","VehicleVsPCB_in_WTs"
"Tight junction","6/167",0.0269050191409588,0.0978364332398501,0,0,2.74137206369962,9.9112728607497,"CDC42;HSPA4;NEDD4;ACTB;ACTG1;MYL12B","Lamp5","VehicleVsPCB_in_WTs"
"Influenza A","6/168",0.0275960032445852,0.098557154444947,0,0,2.72431077694236,9.78050542142551,"HSPA8;GSK3B;VDAC1;ACTB;ACTG1;KPNA1","Lamp5","VehicleVsPCB_in_WTs"
"Hypertrophic cardiomyopathy (HCM)","4/86",0.029834687460172,0.10468311389534,0,0,3.57590098289043,12.5588630315729,"CACNA2D1;ATP2A2;ACTB;ACTG1","Lamp5","VehicleVsPCB_in_WTs"
"Spliceosome","5/132",0.0344610933075262,0.118831356232849,0,0,2.89023563065853,9.73409487544067,"HSPA8;LSM7;RBM25;TRA2A;SF3B1","Lamp5","VehicleVsPCB_in_WTs"
"Proximal tubule bicarbonate reclamation","2/22",0.035596475860463,0.120666019865976,0,0,7.29925925925926,24.3467423154277,"MDH1;ATP1B1","Lamp5","VehicleVsPCB_in_WTs"
"Phagosome","6/180",0.0368137294968917,0.122712431656306,0,0,2.5348716619134,8.3698532452225,"ATP6V1G2;CANX;ATP6V0C;ACTB;ACTG1;ATP6V0A1","Lamp5","VehicleVsPCB_in_WTs"
"Ras signaling pathway","7/233",0.040638140539696,0.133239805048184,0,0,2.2794122558023,7.30106739411244,"CDC42;NTRK2;GRIN2A;KIT;CALM1;CALM2;EGFR","Lamp5","VehicleVsPCB_in_WTs"
"Circadian entrainment","4/99",0.0462354553966143,0.149146630311659,0,0,3.08452474469756,9.48185479751886,"GRIN2A;GNAS;CALM1;CALM2","Lamp5","VehicleVsPCB_in_WTs"
"Aldosterone synthesis and secretion","4/102",0.0506075074393329,0.16065875377566,0,0,2.98964361864149,8.92006616338527,"GNAS;ATP1B1;CALM1;CALM2","Lamp5","VehicleVsPCB_in_WTs"
"Phototransduction","2/27",0.0517553546923977,0.161735483413743,0,0,5.83792592592593,17.2874260935204,"CALM1;CALM2","Lamp5","VehicleVsPCB_in_WTs"
"Phospholipase D signaling pathway","5/149",0.0531354255408066,0.163493617048636,0,0,2.54681647940075,7.47468078408868,"GRM5;KIT;GNAS;EGFR;RAPGEF4","Lamp5","VehicleVsPCB_in_WTs"
"Alcoholism","6/199",0.0550587223988651,0.166844613329894,0,0,2.28310413339047,6.61952934661885,"NTRK2;GRIN2A;NPY;GNAS;CALM1;CALM2","Lamp5","VehicleVsPCB_in_WTs"
"Central carbon metabolism in cancer","3/64",0.0565517556929002,0.168811211023583,0,0,3.59564872935584,10.3288570527663,"PKM;KIT;EGFR","Lamp5","VehicleVsPCB_in_WTs"
"Proteoglycans in cancer","6/203",0.0594878357558363,0.174964222811283,0,0,2.23628869127133,6.31076962790805,"CDC42;ERBB4;ANK3;ACTB;EGFR;ACTG1","Lamp5","VehicleVsPCB_in_WTs"
"Hepatitis C","5/160",0.0678243192543309,0.196592229722698,0,0,2.36474568080222,6.36313916061429,"YWHAE;GSK3B;YWHAB;YWHAG;EGFR","Lamp5","VehicleVsPCB_in_WTs"
"beta-Alanine metabolism","2/32",0.0699997067293386,0.199999162083824,0,0,4.8637037037037,12.9338732676639,"GAD1;GAD2","Lamp5","VehicleVsPCB_in_WTs"
"Bile secretion","3/72",0.0749158753735434,0.211030634855052,0,0,3.17746888637466,8.23405937103292,"GNAS;KCNN2;ATP1B1","Lamp5","VehicleVsPCB_in_WTs"
"Regulation of actin cytoskeleton","6/217",0.0766185767394857,0.211989625318806,0,0,2.08641271425008,5.35981841056552,"CDC42;CFL1;ACTB;EGFR;MYL12B;ACTG1","Lamp5","VehicleVsPCB_in_WTs"
"Thyroid hormone synthesis","3/73",0.0773762132413643,0.211989625318806,0,0,3.13191715347849,8.01481360830099,"CANX;GNAS;ATP1B1","Lamp5","VehicleVsPCB_in_WTs"
"Glioma","3/75",0.0824018976998202,0.222707831621136,0,0,3.04460966542751,7.59979271012385,"CALM1;CALM2;EGFR","Lamp5","VehicleVsPCB_in_WTs"
"Hepatocellular carcinoma","5/171",0.0845436066124079,0.223595559424137,0,0,2.2068047470782,5.45188425571456,"GSK3B;CSNK1A1;ACTB;EGFR;ACTG1","Lamp5","VehicleVsPCB_in_WTs"
"Pertussis","3/76",0.0849663125811719,0.223595559424137,0,0,3.00274991088252,7.40328117731422,"CFL1;CALM1;CALM2","Lamp5","VehicleVsPCB_in_WTs"
"Alanine, aspartate and glutamate metabolism","2/37",0.0899848525211994,0.230983516410709,0,0,4.16783068783069,10.0366111294811,"GAD1;GAD2","Lamp5","VehicleVsPCB_in_WTs"
"Salmonella infection","3/78",0.0901959108454532,0.230983516410709,0,0,2.92237918215613,7.03057563464695,"CDC42;ACTB;ACTG1","Lamp5","VehicleVsPCB_in_WTs"
"Platelet activation","4/125",0.0912384889822302,0.230983516410709,0,0,2.41852719871716,5.79062753477095,"GNAS;ACTB;ACTG1;MYL12B","Lamp5","VehicleVsPCB_in_WTs"
"Necroptosis","5/176",0.0927989915401674,0.231997478850418,0,0,2.14173073132269,5.09157824475795,"HSP90AB1;FTH1;VDAC1;PPIA;SLC25A4","Lamp5","VehicleVsPCB_in_WTs"
"Pyruvate metabolism","2/38",0.0941630316883683,0.232501312810786,0,0,4.05185185185185,9.57342227987777,"PKM;MDH1","Lamp5","VehicleVsPCB_in_WTs"
"Inflammatory mediator regulation of TRP channels","4/127",0.0953400987561813,0.232536826234588,0,0,2.37895886421551,5.5912784218063,"GNAS;IL1RAP;CALM1;CALM2","Lamp5","VehicleVsPCB_in_WTs"
"Transcriptional misregulation in cancer","5/183",0.105023928278874,0.248036207470925,0,0,2.05676892648235,4.63506671595045,"MEF2C;MAF;ID2;TSPAN7;PBX1","Lamp5","VehicleVsPCB_in_WTs"
"Serotonergic synapse","4/132",0.105965512654182,0.248036207470925,0,0,2.28544776119403,5.13001109684027,"APP;GABRB2;GNAS;KCNN2","Lamp5","VehicleVsPCB_in_WTs"
"ErbB signaling pathway","3/84",0.106655569212498,0.248036207470925,0,0,2.70508054522924,6.05437768836854,"GSK3B;ERBB4;EGFR","Lamp5","VehicleVsPCB_in_WTs"
"Rheumatoid arthritis","3/84",0.106655569212498,0.248036207470925,0,0,2.70508054522924,6.05437768836854,"ATP6V1G2;ATP6V0C;ATP6V0A1","Lamp5","VehicleVsPCB_in_WTs"
"Gap junction","3/86",0.112385689339122,0.258357906526716,0,0,2.63962914856452,5.76975067131172,"GRM5;GNAS;EGFR","Lamp5","VehicleVsPCB_in_WTs"
"Vasopressin-regulated water reabsorption","2/43",0.115832899507309,0.263256589789338,0,0,3.55682023486902,7.66710534371533,"NSF;GNAS","Lamp5","VehicleVsPCB_in_WTs"
"Hedgehog signaling pathway","2/44",0.120307601263769,0.267350225030598,0,0,3.47195767195767,7.35257681688085,"GSK3B;CSNK1A1","Lamp5","VehicleVsPCB_in_WTs"
"Mineral absorption","2/44",0.120307601263769,0.267350225030598,0,0,3.47195767195767,7.35257681688085,"FTH1;ATP1B1","Lamp5","VehicleVsPCB_in_WTs"
"Insulin signaling pathway","4/139",0.121695582066818,0.267462817729271,0,0,2.16616915422886,4.56245604963693,"GSK3B;CALM1;PHKA2;CALM2","Lamp5","VehicleVsPCB_in_WTs"
"Vascular smooth muscle contraction","4/140",0.12402065383425,0.269610117030978,0,0,2.15013169446883,4.48798528955397,"GNAS;CALM1;CALM2;ADRA1A","Lamp5","VehicleVsPCB_in_WTs"
"Apoptosis","4/141",0.126364576985043,0.271751778462459,0,0,2.13432835820896,4.41503766737497,"BIRC6;ACTB;ACTG1;CTSB","Lamp5","VehicleVsPCB_in_WTs"
"Cocaine addiction","2/48",0.138608149274857,0.293357835625636,0,0,3.16940418679549,6.26307354900987,"GRIN2A;GNAS","Lamp5","VehicleVsPCB_in_WTs"
"Synthesis and degradation of ketone bodies","1/11",0.139863432951742,0.293357835625636,0,0,7.2760147601476,14.3125672261086,"OXCT1","Lamp5","VehicleVsPCB_in_WTs"
"Breast cancer","4/147",0.140811761100306,0.293357835625636,0,0,2.04414987997078,4.00721100836966,"GSK3B;CSNK1A1;KIT;EGFR","Lamp5","VehicleVsPCB_in_WTs"
"Prostate cancer","3/97",0.145844124072345,0.300709534169784,0,0,2.32943130586095,4.484660449765,"GSK3B;HSP90AB1;EGFR","Lamp5","VehicleVsPCB_in_WTs"
"Endocytosis","6/269",0.161414628437032,0.329417609055167,0,0,1.66943022956631,3.04467161531025,"CDC42;HSPA8;UBB;KIF5C;NEDD4;EGFR","Lamp5","VehicleVsPCB_in_WTs"
"Cushing syndrome","4/159",0.17152321492044,0.340521497139679,0,0,1.88473760231103,3.32286148277386,"GSK3B;GNAS;PBX1;EGFR","Lamp5","VehicleVsPCB_in_WTs"
"Endocrine and other factor-regulated calcium reabsorption","2/55",0.171898918256799,0.340521497139679,0,0,2.74982529699511,4.84202618800823,"GNAS;ATP1B1","Lamp5","VehicleVsPCB_in_WTs"
"Pancreatic secretion","3/105",0.171963356055538,0.340521497139679,0,0,2.14585611196151,3.77772361615187,"GNAS;ATP2A2;ATP1B1","Lamp5","VehicleVsPCB_in_WTs"
"Regulation of lipolysis in adipocytes","2/56",0.176759033873871,0.346586340929158,0,0,2.69876543209877,4.67687376761132,"NPY;GNAS","Lamp5","VehicleVsPCB_in_WTs"
"Parathyroid hormone synthesis, secretion and action","3/107",0.178691503822757,0.346973793830595,0,0,2.10437517872462,3.62393271563682,"MEF2C;GNAS;EGFR","Lamp5","VehicleVsPCB_in_WTs"
"Endometrial cancer","2/58",0.186541913516996,0.355317930508564,0,0,2.6021164021164,4.36921190162856,"GSK3B;EGFR","Lamp5","VehicleVsPCB_in_WTs"
"Legionellosis","2/58",0.186541913516996,0.355317930508564,0,0,2.6021164021164,4.36921190162856,"EEF1A1;HSPA8","Lamp5","VehicleVsPCB_in_WTs"
"RNA transport","4/167",0.193178757823756,0.364488222308973,0,0,1.79150260965113,2.94547986879636,"EIF4A2;EEF1A1;EIF1B;SRRM1","Lamp5","VehicleVsPCB_in_WTs"
"Cell adhesion molecules (CAMs)","4/170",0.201512288835443,0.374704633448256,0,0,1.75885632080561,2.81752058099436,"IGSF11;CNTNAP2;NRXN1;PTPRM","Lamp5","VehicleVsPCB_in_WTs"
"Viral carcinogenesis","5/229",0.202340502062058,0.374704633448256,0,0,1.63055109684323,2.60529999987348,"YWHAE;CDC42;PKM;YWHAB;YWHAG","Lamp5","VehicleVsPCB_in_WTs"
"Tuberculosis","4/178",0.224233218183592,0.411437097584573,0,0,1.67730313947504,2.50768328359101,"CALM1;CALM2;ATP6V0C;ATP6V0A1","Lamp5","VehicleVsPCB_in_WTs"
"Glycolysis / Gluconeogenesis","2/67",0.231324148568734,0.420589361034062,0,0,2.24079772079772,3.28038290946056,"PKM;GAPDH","Lamp5","VehicleVsPCB_in_WTs"
"Lysosome","3/124",0.238347397762901,0.427228230334953,0,0,1.80715229346524,2.59150340208539,"ATP6V0C;ATP6V0A1;CTSB","Lamp5","VehicleVsPCB_in_WTs"
"Cortisol synthesis and secretion","2/69",0.241383950139248,0.427228230334953,0,0,2.17368711995578,3.08960596490552,"GNAS;PBX1","Lamp5","VehicleVsPCB_in_WTs"
"Type I diabetes mellitus","2/69",0.241383950139248,0.427228230334953,0,0,2.17368711995578,3.08960596490552,"GAD1;GAD2","Lamp5","VehicleVsPCB_in_WTs"
"Cellular senescence","4/185",0.244630564661942,0.429176429231478,0,0,1.61185783788241,2.2695056774213,"VDAC1;CALM1;CALM2;SLC25A4","Lamp5","VehicleVsPCB_in_WTs"
"Human cytomegalovirus infection","5/255",0.26716986932763,0.464643251004573,0,0,1.45902621722846,1.92572582066996,"GSK3B;GNAS;CALM1;CALM2;EGFR","Lamp5","VehicleVsPCB_in_WTs"
"Pancreatic cancer","2/75",0.271646491450176,0.468356019741683,0,0,1.99441907661086,2.59923408435763,"CDC42;EGFR","Lamp5","VehicleVsPCB_in_WTs"
"Vitamin digestion and absorption","1/24",0.280234334435909,0.479033050317793,0,0,3.1613990052944,4.02170772548826,"LMBRD1","Lamp5","VehicleVsPCB_in_WTs"
"Apelin signaling pathway","3/138",0.289657090879485,0.486818640133588,0,0,1.6185873605948,2.0055228099822,"MEF2C;CALM1;CALM2","Lamp5","VehicleVsPCB_in_WTs"
"Ubiquitin mediated proteolysis","3/138",0.289657090879485,0.486818640133588,0,0,1.6185873605948,2.0055228099822,"NEDD4;BIRC6;SKP1A","Lamp5","VehicleVsPCB_in_WTs"
"Pathways in cancer","9/535",0.305489214824179,0.509148691373632,0,0,1.2492446037965,1.48140522579782,"CDC42;GSK3B;HSP90AB1;KIT;GNAS;CALM1;SKP1A;CALM2;EGFR","Lamp5","VehicleVsPCB_in_WTs"
"ECM-receptor interaction","2/83",0.311906055637907,0.515547199401499,0,0,1.79670781893004,2.09326026620565,"RELN;SV2A","Lamp5","VehicleVsPCB_in_WTs"
"Fc gamma R-mediated phagocytosis","2/87",0.331877502223157,0.533220378470126,0,0,1.7118082788671,1.88810629631118,"CDC42;CFL1","Lamp5","VehicleVsPCB_in_WTs"
"Viral myocarditis","2/87",0.331877502223157,0.533220378470126,0,0,1.7118082788671,1.88810629631118,"ACTB;ACTG1","Lamp5","VehicleVsPCB_in_WTs"
"Gastric cancer","3/150",0.33424419218342,0.533220378470126,0,0,1.48554737880282,1.62798677000906,"GSK3B;CSNK1A1;EGFR","Lamp5","VehicleVsPCB_in_WTs"
"Colorectal cancer","2/88",0.336846030453113,0.533220378470126,0,0,1.69181739879414,1.84091614271719,"GSK3B;EGFR","Lamp5","VehicleVsPCB_in_WTs"
"Circadian rhythm","1/30",0.337078816540325,0.533220378470126,0,0,2.50655299656445,2.72572222824918,"SKP1A","Lamp5","VehicleVsPCB_in_WTs"
"Kaposi sarcoma-associated herpesvirus infection","4/216",0.33859494032853,0.533220378470126,0,0,1.37397916079977,1.48795176584786,"GSK3B;UBB;CALM1;CALM2","Lamp5","VehicleVsPCB_in_WTs"
"Glyoxylate and dicarboxylate metabolism","1/31",0.346108073571671,0.536920526155784,0,0,2.42287822878229,2.57068398005562,"MDH1","Lamp5","VehicleVsPCB_in_WTs"
"mTOR signaling pathway","3/154",0.349110417324547,0.536920526155784,0,0,1.44589970210985,1.52161716766737,"GSK3B;ATP6V1G2;LAMTOR4","Lamp5","VehicleVsPCB_in_WTs"
"IL-17 signaling pathway","2/91",0.351682944632038,0.536920526155784,0,0,1.63454015813566,1.70813571247734,"GSK3B;HSP90AB1","Lamp5","VehicleVsPCB_in_WTs"
"TGF-beta signaling pathway","2/91",0.351682944632038,0.536920526155784,0,0,1.63454015813566,1.70813571247734,"ID2;SKP1A","Lamp5","VehicleVsPCB_in_WTs"
"Citrate cycle (TCA cycle)","1/32",0.355014794230757,0.537901203379935,0,0,2.34460183311511,2.42805984969846,"MDH1","Lamp5","VehicleVsPCB_in_WTs"
"Wnt signaling pathway","3/160",0.371339650631357,0.558405489671214,0,0,1.39021618165889,1.37720116521668,"GSK3B;CSNK1A1;SKP1A","Lamp5","VehicleVsPCB_in_WTs"
"Phosphatidylinositol signaling system","2/98",0.385828394168987,0.575863274879085,0,0,1.51481481481481,1.44265294989713,"CALM1;CALM2","Lamp5","VehicleVsPCB_in_WTs"
"Renin-angiotensin system","1/36",0.38944911767313,0.576961655812044,0,0,2.07622561939905,1.95792655479705,"ATP6AP2","Lamp5","VehicleVsPCB_in_WTs"
"T cell receptor signaling pathway","2/101",0.400225725616492,0.584628414119394,0,0,1.46868686868687,1.34491559894485,"CDC42;GSK3B","Lamp5","VehicleVsPCB_in_WTs"
"Th17 cell differentiation","2/102",0.404989970866489,0.584628414119394,0,0,1.45392592592593,1.31419343130519,"HSP90AB1;IL1RAP","Lamp5","VehicleVsPCB_in_WTs"
"Aldosterone-regulated sodium reabsorption","1/38",0.405973093785802,0.584628414119394,0,0,1.96379774608557,1.77030159841932,"ATP1B1","Lamp5","VehicleVsPCB_in_WTs"
"Human immunodeficiency virus 1 infection","4/238",0.406316747812979,0.584628414119394,0,0,1.24339839265212,1.11983226615049,"CFL1;CALM1;SKP1A;CALM2","Lamp5","VehicleVsPCB_in_WTs"
"African trypanosomiasis","1/39",0.414067223253966,0.587891806414777,0,0,1.91202175179647,1.68588109478936,"HBB-BS","Lamp5","VehicleVsPCB_in_WTs"
"HIF-1 signaling pathway","2/104",0.414463723522418,0.587891806414777,0,0,1.42527233115468,1.25533686436784,"GAPDH;EGFR","Lamp5","VehicleVsPCB_in_WTs"
"Ferroptosis","1/40",0.422051462971059,0.594438680240928,0,0,1.86290093670167,1.60699055060581,"FTH1","Lamp5","VehicleVsPCB_in_WTs"
"Bladder cancer","1/41",0.429927299346865,0.601296922163448,0,0,1.81623616236162,1.53315606096568,"EGFR","Lamp5","VehicleVsPCB_in_WTs"
"Basal transcription factors","1/43",0.445359608237811,0.610081655120288,0,0,1.72957301001581,1.39900528077382,"GTF2H5","Lamp5","VehicleVsPCB_in_WTs"
"Carbohydrate digestion and absorption","1/43",0.445359608237811,0.610081655120288,0,0,1.72957301001581,1.39900528077382,"ATP1B1","Lamp5","VehicleVsPCB_in_WTs"
"Nucleotide excision repair","1/43",0.445359608237811,0.610081655120288,0,0,1.72957301001581,1.39900528077382,"GTF2H5","Lamp5","VehicleVsPCB_in_WTs"
"C-type lectin receptor signaling pathway","2/112",0.451576297199197,0.614389519998908,0,0,1.32107744107744,1.05027101078879,"CALM1;CALM2","Lamp5","VehicleVsPCB_in_WTs"
"Ether lipid metabolism","1/47",0.474986600508077,0.641873784470375,0,0,1.57885448419702,1.175407721344,"PAFAH1B1","Lamp5","VehicleVsPCB_in_WTs"
"ABC transporters","1/48",0.482143585858018,0.642858114477357,0,0,1.54518332417367,1.12723180650898,"ABCC5","Lamp5","VehicleVsPCB_in_WTs"
"Type II diabetes mellitus","1/48",0.482143585858018,0.642858114477357,0,0,1.54518332417367,1.12723180650898,"PKM","Lamp5","VehicleVsPCB_in_WTs"
"Cholesterol metabolism","1/49",0.489203360632261,0.643688632410869,0,0,1.51291512915129,1.08169952868247,"VDAC1","Lamp5","VehicleVsPCB_in_WTs"
"Malaria","1/49",0.489203360632261,0.643688632410869,0,0,1.51291512915129,1.08169952868247,"HBB-BS","Lamp5","VehicleVsPCB_in_WTs"
"Cysteine and methionine metabolism","1/50",0.496167240511591,0.644373039625443,0,0,1.4819640033135,1.0386229578079,"MDH1","Lamp5","VehicleVsPCB_in_WTs"
"N-Glycan biosynthesis","1/50",0.496167240511591,0.644373039625443,0,0,1.4819640033135,1.0386229578079,"MAN1A2","Lamp5","VehicleVsPCB_in_WTs"
"Amyotrophic lateral sclerosis (ALS)","1/52",0.509812489061178,0.657822566530553,0,0,1.42370306056002,0.959166248324207,"GRIN2A","Lamp5","VehicleVsPCB_in_WTs"
"AMPK signaling pathway","2/126",0.513162599567214,0.657900768675916,0,0,1.17108721624851,0.781305505137703,"RAB14;ADRA1A","Lamp5","VehicleVsPCB_in_WTs"
"NOD-like receptor signaling pathway","3/205",0.529931898212089,0.674224140443304,0,0,1.0780301078435,0.684556421737325,"HSP90AB1;VDAC1;CTSB","Lamp5","VehicleVsPCB_in_WTs"
"Relaxin signaling pathway","2/131",0.534033161196279,0.674224140443304,0,0,1.12540913006029,0.705966156322477,"GNAS;EGFR","Lamp5","VehicleVsPCB_in_WTs"
"Valine, leucine and isoleucine degradation","1/56",0.536008191652427,0.674224140443304,0,0,1.31989265347199,0.823092760403477,"OXCT1","Lamp5","VehicleVsPCB_in_WTs"
"Ovarian steroidogenesis","1/57",0.542336182135292,0.677920227669115,0,0,1.29625724828677,0.793139895333428,"GNAS","Lamp5","VehicleVsPCB_in_WTs"
"VEGF signaling pathway","1/58",0.548578183195647,0.6814635816095,0,0,1.27345115556419,0.76461250785596,"CDC42","Lamp5","VehicleVsPCB_in_WTs"
"Inflammatory bowel disease (IBD)","1/59",0.554735359151308,0.684858468088035,0,0,1.25143147983204,0.737423656330043,"MAF","Lamp5","VehicleVsPCB_in_WTs"
"Signaling pathways regulating pluripotency of stem cells","2/137",0.558260453669746,0.684982151742019,0,0,1.07506172839506,0.6266853706631,"GSK3B;ID2","Lamp5","VehicleVsPCB_in_WTs"
"Long-term depression","1/61",0.566799813949005,0.691219285303665,0,0,1.20959409594096,0.686745958626627,"GNAS","Lamp5","VehicleVsPCB_in_WTs"
"Basal cell carcinoma","1/63",0.578538550243062,0.697034397883207,0,0,1.17045589810737,0.640532102944741,"GSK3B","Lamp5","VehicleVsPCB_in_WTs"
"Mitophagy","1/63",0.578538550243062,0.697034397883207,0,0,1.17045589810737,0.640532102944741,"UBB","Lamp5","VehicleVsPCB_in_WTs"
"Measles","2/144",0.585379007291325,0.701052703342904,0,0,1.02170057381325,0.547116331212328,"HSPA8;GSK3B","Lamp5","VehicleVsPCB_in_WTs"
"Aminoacyl-tRNA biosynthesis","1/66",0.595555035239349,0.704798858271419,0,0,1.11626454726086,0.578516911779647,"NARS","Lamp5","VehicleVsPCB_in_WTs"
"Non-small cell lung cancer","1/66",0.595555035239349,0.704798858271419,0,0,1.11626454726086,0.578516911779647,"EGFR","Lamp5","VehicleVsPCB_in_WTs"
"Renal cell carcinoma","1/68",0.606517297773986,0.713549762087042,0,0,1.08283306713664,0.54144038876534,"CDC42","Lamp5","VehicleVsPCB_in_WTs"
"Acute myeloid leukemia","1/69",0.611886901684063,0.71565719495212,0,0,1.06685478619492,0.524047408147694,"KIT","Lamp5","VehicleVsPCB_in_WTs"
"Adipocytokine signaling pathway","1/71",0.622408068480249,0.717213252663838,0,0,1.03626779124934,0.491356054765601,"NPY","Lamp5","VehicleVsPCB_in_WTs"
"B cell receptor signaling pathway","1/72",0.627561596080858,0.717213252663838,0,0,1.02162049789512,0.475986732510625,"GSK3B","Lamp5","VehicleVsPCB_in_WTs"
"Melanoma","1/72",0.627561596080858,0.717213252663838,0,0,1.02162049789512,0.475986732510625,"EGFR","Lamp5","VehicleVsPCB_in_WTs"
"Prolactin signaling pathway","1/72",0.627561596080858,0.717213252663838,0,0,1.02162049789512,0.475986732510625,"GSK3B","Lamp5","VehicleVsPCB_in_WTs"
"Human T-cell leukemia virus 1 infection","3/245",0.650387666377895,0.739076893611244,0,0,0.89799993855418,0.386307615854464,"CANX;VDAC1;SLC25A4","Lamp5","VehicleVsPCB_in_WTs"
"RNA degradation","1/83",0.679827639843958,0.768166824682438,0,0,0.884078840788408,0.341180155563243,"LSM7","Lamp5","VehicleVsPCB_in_WTs"
"Th1 and Th2 cell differentiation","1/87",0.696963758375007,0.783105346488772,0,0,0.842787265081953,0.304264631220837,"MAF","Lamp5","VehicleVsPCB_in_WTs"
"Progesterone-mediated oocyte maturation","1/90",0.709213355863848,0.78801483984872,0,0,0.814254322318504,0.279776867210492,"HSP90AB1","Lamp5","VehicleVsPCB_in_WTs"
"Protein digestion and absorption","1/90",0.709213355863848,0.78801483984872,0,0,0.814254322318504,0.279776867210492,"ATP1B1","Lamp5","VehicleVsPCB_in_WTs"
"Hematopoietic cell lineage","1/94",0.724782056153326,0.800864150445664,0,0,0.779073919771456,0.250771648918691,"KIT","Lamp5","VehicleVsPCB_in_WTs"
"mRNA surveillance pathway","1/96",0.732252095067509,0.804672631942318,0,0,0.762594678578365,0.237647709234159,"SRRM1","Lamp5","VehicleVsPCB_in_WTs"
"Choline metabolism in cancer","1/99",0.743080054401719,0.809456272756528,0,0,0.739136983206567,0.219487832356151,"EGFR","Lamp5","VehicleVsPCB_in_WTs"
"AGE-RAGE signaling pathway in diabetic complications","1/101",0.75005518065964,0.809456272756528,0,0,0.724280442804428,0.208309212419035,"CDC42","Lamp5","VehicleVsPCB_in_WTs"
"Chemokine signaling pathway","2/197",0.75116975943134,0.809456272756528,0,0,0.741994301994302,0.212302086984915,"CDC42;GSK3B","Lamp5","VehicleVsPCB_in_WTs"
"Longevity regulating pathway","1/102",0.75347166322316,0.809456272756528,0,0,0.717072814292499,0.202977404804894,"HSPA8","Lamp5","VehicleVsPCB_in_WTs"
"Chagas disease (American trypanosomiasis)","1/103",0.756841615027354,0.809456272756528,0,0,0.710006511829824,0.197808719178818,"GNAS","Lamp5","VehicleVsPCB_in_WTs"
"Amoebiasis","1/106",0.766678557560432,0.815615486766417,0,0,0.689615181866104,0.183222241206398,"GNAS","Lamp5","VehicleVsPCB_in_WTs"
"Toxoplasmosis","1/108",0.77301521615147,0.818005519737005,0,0,0.676656205814395,0.174209569609431,"HSPA8","Lamp5","VehicleVsPCB_in_WTs"
"Insulin resistance","1/110",0.779180394706285,0.820189889164511,0,0,0.664172788516876,0.165719537605372,"GSK3B","Lamp5","VehicleVsPCB_in_WTs"
"Autophagy","1/130",0.832359086806501,0.871580195608901,0,0,0.560628164421179,0.102870411198218,"CTSB","Lamp5","VehicleVsPCB_in_WTs"
"FoxO signaling pathway","1/132",0.836917406959218,0.871788965582519,0,0,0.552012619362835,0.0982747463617726,"EGFR","Lamp5","VehicleVsPCB_in_WTs"
"Purine metabolism","1/136",0.845666870996003,0.876338726420728,0,0,0.535547355473555,0.0897736781111764,"PKM","Lamp5","VehicleVsPCB_in_WTs"
"Systemic lupus erythematosus","1/143",0.859867865222558,0.886461716724286,0,0,0.508965230497375,0.0768418128548534,"GRIN2A","Lamp5","VehicleVsPCB_in_WTs"
"Hepatitis B","1/163",0.893663937562688,0.913389760692926,0,0,0.445674456744567,0.0501051661701749,"YWHAB","Lamp5","VehicleVsPCB_in_WTs"
"JAK-STAT signaling pathway","1/164",0.895121965479067,0.913389760692926,0,0,0.442917619360243,0.0490731886137332,"EGFR","Lamp5","VehicleVsPCB_in_WTs"
"Epstein-Barr virus infection","1/229",0.957313205615893,0.971891579305475,0,0,0.31559526121577,0.0137677367500809,"NEDD4","Lamp5","VehicleVsPCB_in_WTs"
"MicroRNAs in cancer","1/281",0.979247801292826,0.987124116540068,0,0,0.256299420137059,0.0053747402498413,"EGFR","Lamp5","VehicleVsPCB_in_WTs"
"Cytokine-cytokine receptor interaction","1/292",0.982188495957367,0.987124116540068,0,0,0.246471639974132,0.00442959767243241,"IL1RAP","Lamp5","VehicleVsPCB_in_WTs"
"Olfactory transduction","3/1133",0.999978356895244,0.999978356895244,0,0,0.18355100832319,3.97265669176698e-06,"CALM1;CALM2;NCALD","Lamp5","VehicleVsPCB_in_WTs"
"Nicotine addiction","6/40",1.11653304718964e-06,0.000186461018880671,0,0,21.0425230333097,288.393715681069,"GABRB3;GRIA1;GABRA2;GABRB1;SLC17A7;GABRG3","Non-neuronal","VehicleVsPCB_in_WTs"
"Alzheimer disease","9/175",2.11887572589534e-05,0.00176926123112261,0,0,6.53995121590657,70.3832155040757,"APP;RTN3;NDUFA4;COX4I1;ATP2A2;ATP5G3;CALM1;CALM2;GAPDH","Non-neuronal","VehicleVsPCB_in_WTs"
"Retrograde endocannabinoid signaling","8/150",4.7417727972435e-05,0.00244234635609678,0,0,6.76262452765373,67.332168432742,"GRIA1;GABRB3;GABRA2;GABRB1;NDUFA4;ADCY2;SLC17A7;GABRG3","Non-neuronal","VehicleVsPCB_in_WTs"
"Glutamatergic synapse","7/114",5.84993139184858e-05,0.00244234635609678,0,0,7.81914471821014,76.2092590576285,"GRIA1;SLC1A2;GNAS;DLGAP1;ADCY2;SLC17A7;GRIK2","Non-neuronal","VehicleVsPCB_in_WTs"
"GABAergic synapse","6/90",0.000127030623987912,0.0039924858715294,0,0,8.49569707401033,76.2155982144191,"GABRB3;GABRA2;GABRB1;GAD1;ADCY2;GABRG3","Non-neuronal","VehicleVsPCB_in_WTs"
"Morphine addiction","6/92",0.000143442606162733,0.0039924858715294,0,0,8.29728215186327,73.4274253440838,"GABRB3;GABRA2;GABRB1;GNAS;ADCY2;GABRG3","Non-neuronal","VehicleVsPCB_in_WTs"
"Adrenergic signaling in cardiomyocytes","7/148",0.000297679031464185,0.00623399412212409,0,0,5.92344723834085,48.0953986206007,"PPP1CC;CACNB4;GNAS;ATP2A2;ADCY2;CALM1;CALM2","Non-neuronal","VehicleVsPCB_in_WTs"
"Amphetamine addiction","5/68",0.000298634448964028,0.00623399412212409,0,0,9.39311852485505,76.2372768756876,"GRIA1;PPP1CC;GNAS;CALM1;CALM2","Non-neuronal","VehicleVsPCB_in_WTs"
"Oxytocin signaling pathway","7/154",0.000378771335877818,0.00702831256573284,0,0,5.67994227994228,44.7498675517698,"PPP1CC;CACNB4;GNAS;ADCY2;CALM1;CALM2;ACTG1","Non-neuronal","VehicleVsPCB_in_WTs"
"cAMP signaling pathway","8/211",0.000493957606528265,0.00824909202902203,0,0,4.71584765108735,35.9020351798902,"GRIA1;PPP1CC;PAK1;GNAS;ATP2A2;ADCY2;CALM1;CALM2","Non-neuronal","VehicleVsPCB_in_WTs"
"Estrogen signaling pathway","6/134",0.00107383012818346,0.0150554328717682,0,0,5.5628765060241,38.0307357542717,"HSP90AA1;HSP90AB1;GNAS;ADCY2;CALM1;CALM2","Non-neuronal","VehicleVsPCB_in_WTs"
"Dilated cardiomyopathy (DCM)","5/90",0.00108182751174382,0.0150554328717682,0,0,6.95420922860162,47.4910147733154,"CACNB4;GNAS;ATP2A2;ADCY2;ACTG1","Non-neuronal","VehicleVsPCB_in_WTs"
"Circadian entrainment","5/99",0.00165490968687797,0.0212592244391247,0,0,6.28551407822653,40.2524877303628,"GRIA1;GNAS;ADCY2;CALM1;CALM2","Non-neuronal","VehicleVsPCB_in_WTs"
"Long-term potentiation","4/67",0.00265629934474,0.0316858564693986,0,0,7.4697656840514,44.3018457881671,"GRIA1;PPP1CC;CALM1;CALM2","Non-neuronal","VehicleVsPCB_in_WTs"
"Oocyte meiosis","5/116",0.00330263278034235,0.0367693116211449,0,0,5.3182823542105,30.38353491202,"PPP1CC;ADCY2;CALM1;CALM2;YWHAH","Non-neuronal","VehicleVsPCB_in_WTs"
"Gastric acid secretion","4/74",0.00380676647415869,0.0397331250740313,0,0,6.72040816326531,37.4392268393538,"GNAS;ADCY2;CALM1;CALM2","Non-neuronal","VehicleVsPCB_in_WTs"
"Renin secretion","4/76",0.00418879503467413,0.0403956694153421,0,0,6.53306878306878,35.7707869919693,"GNAS;CALM1;CALM2;CTSB","Non-neuronal","VehicleVsPCB_in_WTs"
"Synaptic vesicle cycle","4/77",0.00438917212838717,0.0403956694153421,0,0,6.44324853228963,34.9779133818529,"UNC13B;SLC1A2;SLC17A7;ATP6V0A1","Non-neuronal","VehicleVsPCB_in_WTs"
"Salivary secretion","4/78",0.00459591448438024,0.0403956694153421,0,0,6.35585585585586,34.2109504448799,"GNAS;ADCY2;CALM1;CALM2","Non-neuronal","VehicleVsPCB_in_WTs"
"Inflammatory mediator regulation of TRP channels","5/127",0.00485552359007782,0.0405436219771498,0,0,4.83606557377049,25.764808353569,"PPP1CC;GNAS;ADCY2;CALM1;CALM2","Non-neuronal","VehicleVsPCB_in_WTs"
"Dopaminergic synapse","5/135",0.0062696095710852,0.0498583237319632,0,0,4.5366190695532,23.0099188097022,"GRIA1;PPP1CC;GNAS;CALM1;CALM2","Non-neuronal","VehicleVsPCB_in_WTs"
"Vascular smooth muscle contraction","5/140",0.00728754878205165,0.0546484381384392,0,0,4.36748724772677,21.4949729744081,"PPP1CC;GNAS;ADCY2;CALM1;CALM2","Non-neuronal","VehicleVsPCB_in_WTs"
"GnRH signaling pathway","4/90",0.00760548545836501,0.0546484381384392,0,0,5.4656699889258,26.6663781726474,"GNAS;ADCY2;CALM1;CALM2","Non-neuronal","VehicleVsPCB_in_WTs"
"Fluid shear stress and atherosclerosis","5/143",0.00795080066569333,0.0546484381384392,0,0,4.27189100060748,20.652382894034,"HSP90AA1;HSP90AB1;CALM1;CALM2;ACTG1","Non-neuronal","VehicleVsPCB_in_WTs"
"Parkinson disease","5/144",0.00818090391294,0.0546484381384392,0,0,4.24094257528109,20.3817691304253,"UCHL1;UBB;NDUFA4;COX4I1;ATP5G3","Non-neuronal","VehicleVsPCB_in_WTs"
"Rap1 signaling pathway","6/209",0.0095340972009895,0.0612382397140479,0,0,3.49427265713099,16.258433901445,"SIPA1L1;GNAS;ADCY2;CALM1;CALM2;ACTG1","Non-neuronal","VehicleVsPCB_in_WTs"
"Melanogenesis","4/100",0.0109278197077072,0.065064503634713,0,0,4.89384920634921,22.1027933131365,"GNAS;ADCY2;CALM1;CALM2","Non-neuronal","VehicleVsPCB_in_WTs"
"Regulation of actin cytoskeleton","6/217",0.0113290460851331,0.065064503634713,0,0,3.36041797521841,15.0559676381269,"CYFIP2;PPP1CC;PAK1;APC;TMSB4X;ACTG1","Non-neuronal","VehicleVsPCB_in_WTs"
"Aldosterone synthesis and secretion","4/102",0.0116882341858766,0.065064503634713,0,0,4.79348882410107,21.3270589826306,"GNAS;ADCY2;CALM1;CALM2","Non-neuronal","VehicleVsPCB_in_WTs"
"Glucagon signaling pathway","4/102",0.0116882341858766,0.065064503634713,0,0,4.79348882410107,21.3270589826306,"GNAS;ADCY2;CALM1;CALM2","Non-neuronal","VehicleVsPCB_in_WTs"
"Hippo signaling pathway","5/159",0.0122065870993719,0.0657580659869387,0,0,3.82494750758224,16.8518754963847,"PPP1CC;PAK1;APC;ACTG1;YWHAH","Non-neuronal","VehicleVsPCB_in_WTs"
"Thermogenesis","6/231",0.0150243575721502,0.0784083660796586,0,0,3.14907630522088,13.2200823067791,"NDUFA4;COX4I1;GNAS;ADCY2;ATP5G3;ACTG1","Non-neuronal","VehicleVsPCB_in_WTs"
"cGMP-PKG signaling pathway","5/172",0.0166376454582517,0.0841965694402435,0,0,3.52486643479508,14.4381608228305,"PPP1CC;ATP2A2;ADCY2;CALM1;CALM2","Non-neuronal","VehicleVsPCB_in_WTs"
"Cortisol synthesis and secretion","3/69",0.0216442674158166,0.106285652327059,0,0,5.31522323830016,20.3733285089805,"GNAS;ADCY2;PBX1","Non-neuronal","VehicleVsPCB_in_WTs"
"Phototransduction","2/27",0.0224176535134435,0.106285652327059,0,0,9.31905882352941,35.3929143335482,"CALM1;CALM2","Non-neuronal","VehicleVsPCB_in_WTs"
"Platelet activation","4/125",0.022929179192407,0.106285652327059,0,0,3.87780401416765,14.6400479143747,"PPP1CC;GNAS;ADCY2;ACTG1","Non-neuronal","VehicleVsPCB_in_WTs"
"Calcium signaling pathway","5/189",0.0238892432876439,0.106285652327059,0,0,3.19643322051549,11.9365268567058,"GNAS;ATP2A2;ADCY2;CALM1;CALM2","Non-neuronal","VehicleVsPCB_in_WTs"
"Arrhythmogenic right ventricular cardiomyopathy (ARVC)","3/72",0.0241847592121451,0.106285652327059,0,0,5.08335477231798,18.9204123265332,"CACNB4;ATP2A2;ACTG1","Non-neuronal","VehicleVsPCB_in_WTs"
"Serotonergic synapse","4/132",0.0273122313189103,0.116952375134821,0,0,3.66443452380952,13.1935057061629,"GABRB3;APP;GABRB1;GNAS","Non-neuronal","VehicleVsPCB_in_WTs"
"Oxidative phosphorylation","4/134",0.0286502024406274,0.119614595189619,0,0,3.60769230769231,12.8166688235569,"NDUFA4;COX4I1;ATP5G3;ATP6V0A1","Non-neuronal","VehicleVsPCB_in_WTs"
"Cardiac muscle contraction","3/78",0.02972827659793,0.121088346142788,0,0,4.67526627218935,16.4366307831698,"CACNB4;COX4I1;ATP2A2","Non-neuronal","VehicleVsPCB_in_WTs"
"Hypertrophic cardiomyopathy (HCM)","3/86",0.0380708347590627,0.147856497785197,0,0,4.2229272118058,13.8018216457141,"CACNB4;ATP2A2;ACTG1","Non-neuronal","VehicleVsPCB_in_WTs"
"Insulin secretion","3/86",0.0380708347590627,0.147856497785197,0,0,4.2229272118058,13.8018216457141,"PCLO;GNAS;ADCY2","Non-neuronal","VehicleVsPCB_in_WTs"
"Antigen processing and presentation","3/90",0.042643483320577,0.158254704767475,0,0,4.02795347888186,12.7077131384391,"HSP90AA1;HSP90AB1;CTSB","Non-neuronal","VehicleVsPCB_in_WTs"
"Progesterone-mediated oocyte maturation","3/90",0.042643483320577,0.158254704767475,0,0,4.02795347888186,12.7077131384391,"HSP90AA1;HSP90AB1;ADCY2","Non-neuronal","VehicleVsPCB_in_WTs"
"Ferroptosis","2/40",0.0463424082961404,0.168243090988162,0,0,6.12693498452012,18.8200926587243,"GPX4;FTH1","Non-neuronal","VehicleVsPCB_in_WTs"
"Cushing syndrome","4/159",0.0486462154937366,0.172849318882,0,0,3.02196620583717,9.13595161345626,"APC;GNAS;ADCY2;PBX1","Non-neuronal","VehicleVsPCB_in_WTs"
"Phosphatidylinositol signaling system","3/98",0.0525713600672822,0.182904523567419,0,0,3.68726253503581,10.8611407635067,"DGKB;CALM1;CALM2","Non-neuronal","VehicleVsPCB_in_WTs"
"Ribosome","4/170",0.0593688449625739,0.202338716505099,0,0,2.82013769363167,7.9640284787699,"RPL37;RPL28;RPS24;RPL19","Non-neuronal","VehicleVsPCB_in_WTs"
"Pancreatic secretion","3/105",0.0620876551761371,0.207372768288298,0,0,3.43299686738601,9.54101269849831,"GNAS;ATP2A2;ADCY2","Non-neuronal","VehicleVsPCB_in_WTs"
"Parathyroid hormone synthesis, secretion and action","3/107",0.0649441433030176,0.211017844399267,0,0,3.36663632225762,9.20515032963733,"MMP16;GNAS;ADCY2","Non-neuronal","VehicleVsPCB_in_WTs"
"Necroptosis","4/176",0.0657061551422868,0.211017844399267,0,0,2.72093023255814,7.407903085108,"HSP90AA1;HSP90AB1;FTH1;PPIA","Non-neuronal","VehicleVsPCB_in_WTs"
"C-type lectin receptor signaling pathway","3/112",0.0723445818811031,0.223903068833919,0,0,3.21138917539764,8.43411865118784,"PAK1;CALM1;CALM2","Non-neuronal","VehicleVsPCB_in_WTs"
"Transcriptional misregulation in cancer","4/183",0.0735275978390097,0.223903068833919,0,0,2.61359404096834,6.8217273333866,"TSPAN7;PBX3;ETV1;PBX1","Non-neuronal","VehicleVsPCB_in_WTs"
"Amyotrophic lateral sclerosis (ALS)","2/52",0.0737405316518894,0.223903068833919,0,0,4.65364705882353,12.1330010667175,"GRIA1;SLC1A2","Non-neuronal","VehicleVsPCB_in_WTs"
"Neuroactive ligand-receptor interaction","6/348",0.0805525808356146,0.240219303563351,0,0,2.05939547664342,5.1872982664765,"GRIA1;GABRB3;GABRA2;GABRB1;GRIK2;GABRG3","Non-neuronal","VehicleVsPCB_in_WTs"
"Regulation of lipolysis in adipocytes","2/56",0.0837850231341472,0.245475418656186,0,0,4.30806100217865,10.6818416018055,"GNAS;ADCY2","Non-neuronal","VehicleVsPCB_in_WTs"
"Ovarian steroidogenesis","2/57",0.0863582338847182,0.248652156185309,0,0,4.22951871657754,10.3591534712402,"GNAS;ADCY2","Non-neuronal","VehicleVsPCB_in_WTs"
"Taurine and hypotaurine metabolism","1/11",0.0906567589792965,0.254801206694053,0,0,11.5894736842105,27.822557225275,"GAD1","Non-neuronal","VehicleVsPCB_in_WTs"
"Lysosome","3/124",0.0915453437224144,0.254801206694053,0,0,2.89114382121375,6.91249609927666,"LAPTM4A;ATP6V0A1;CTSB","Non-neuronal","VehicleVsPCB_in_WTs"
"Alcoholism","4/199",0.0930815353948541,0.254829777228535,0,0,2.3971916971917,5.69160297297011,"PPP1CC;GNAS;CALM1;CALM2","Non-neuronal","VehicleVsPCB_in_WTs"
"Long-term depression","2/61",0.0968814476761481,0.260954867127689,0,0,3.9419740777667,9.20162093830749,"GRIA1;GNAS","Non-neuronal","VehicleVsPCB_in_WTs"
"Glycolysis / Gluconeogenesis","2/67",0.11329485512437,0.300321282631265,0,0,3.57701357466063,7.78988252405059,"ALDOA;GAPDH","Non-neuronal","VehicleVsPCB_in_WTs"
"Apelin signaling pathway","3/138",0.116291418605873,0.303447920424701,0,0,2.58948060486522,5.57167150335659,"ADCY2;CALM1;CALM2","Non-neuronal","VehicleVsPCB_in_WTs"
"Insulin signaling pathway","3/139",0.118147183257667,0.303547378523544,0,0,2.57030978071702,5.48972961531179,"PPP1CC;CALM1;CALM2","Non-neuronal","VehicleVsPCB_in_WTs"
"Bile secretion","2/72",0.127475070669901,0.322550557604143,0,0,3.32067226890756,6.84003516208728,"GNAS;ADCY2","Non-neuronal","VehicleVsPCB_in_WTs"
"Thyroid hormone synthesis","2/73",0.130359838006669,0.324926760404681,0,0,3.27373653686827,6.67009633525313,"GNAS;ADCY2","Non-neuronal","VehicleVsPCB_in_WTs"
"Glioma","2/75",0.13617424589395,0.331859907282054,0,0,3.18372280419017,6.34777018075418,"CALM1;CALM2","Non-neuronal","VehicleVsPCB_in_WTs"
"Phospholipase D signaling pathway","3/149",0.137292064405972,0.331859907282054,0,0,2.39304531085353,4.75173789476255,"DGKB;GNAS;ADCY2","Non-neuronal","VehicleVsPCB_in_WTs"
"Pertussis","2/76",0.139102955148166,0.331859907282054,0,0,3.14054054054054,6.19484477582503,"CALM1;CALM2","Non-neuronal","VehicleVsPCB_in_WTs"
"Ras signaling pathway","4/233",0.141712230185481,0.333323132971483,0,0,2.03774173424828,3.98165937043896,"PAK1;RASA2;CALM1;CALM2","Non-neuronal","VehicleVsPCB_in_WTs"
"Protein processing in endoplasmic reticulum","3/163",0.165704418880201,0.384342193791578,0,0,2.18210059171598,3.92243423553215,"HSP90AA1;HSP90AB1;SEC62","Non-neuronal","VehicleVsPCB_in_WTs"
"Gap junction","2/86",0.169073156075988,0.385935498575273,0,0,2.76526610644258,4.91504973986001,"GNAS;ADCY2","Non-neuronal","VehicleVsPCB_in_WTs"
"Proximal tubule bicarbonate reclamation","1/22",0.173138469106091,0.385935498575273,0,0,5.51573377889167,9.67274158388228,"MDH1","Non-neuronal","VehicleVsPCB_in_WTs"
"Taste transduction","2/88",0.175194488952595,0.385935498575273,0,0,2.70068399452804,4.70420952487789,"GABRA2;SCN2A","Non-neuronal","VehicleVsPCB_in_WTs"
"Human cytomegalovirus infection","4/255",0.177551597388499,0.385935498575273,0,0,1.85704799848226,3.20989636542188,"GNAS;ADCY2;CALM1;CALM2","Non-neuronal","VehicleVsPCB_in_WTs"
"Pathways in cancer","7/535",0.178751256606434,0.385935498575273,0,0,1.55073461891644,2.66999294208846,"HSP90AA1;HSP90AB1;APC;GNAS;ADCY2;CALM1;CALM2","Non-neuronal","VehicleVsPCB_in_WTs"
"Mannose type O-glycan biosynthesis","1/23",0.180257298735756,0.385935498575273,0,0,5.26475279106858,9.0204695493575,"FUT9","Non-neuronal","VehicleVsPCB_in_WTs"
"IL-17 signaling pathway","2/91",0.184441283099313,0.389894864273232,0,0,2.60925313945803,4.41074442891664,"HSP90AA1;HSP90AB1","Non-neuronal","VehicleVsPCB_in_WTs"
"Tuberculosis","3/178",0.197859875919584,0.413032490982132,0,0,1.99354184277261,3.2299289106246,"CALM1;CALM2;ATP6V0A1","Non-neuronal","VehicleVsPCB_in_WTs"
"Prostate cancer","2/97",0.203132184884311,0.418764414264715,0,0,2.44371517027864,3.89503358947162,"HSP90AA1;HSP90AB1","Non-neuronal","VehicleVsPCB_in_WTs"
"Butanoate metabolism","1/27",0.208128421460906,0.418764414264715,0,0,4.45389113810166,6.99082743652425,"GAD1","Non-neuronal","VehicleVsPCB_in_WTs"
"Collecting duct acid secretion","1/27",0.208128421460906,0.418764414264715,0,0,4.45389113810166,6.99082743652425,"ATP6V0A1","Non-neuronal","VehicleVsPCB_in_WTs"
"Cellular senescence","3/185",0.213354087628837,0.422309036709617,0,0,1.91618440730867,2.96012571607366,"PPP1CC;CALM1;CALM2","Non-neuronal","VehicleVsPCB_in_WTs"
"Protein export","1/28",0.214947713295314,0.422309036709617,0,0,4.288715616201,6.59330187431607,"SEC62","Non-neuronal","VehicleVsPCB_in_WTs"
"Th17 cell differentiation","2/102",0.218865107878275,0.425005500182232,0,0,2.32094117647059,3.52620519761775,"HSP90AA1;HSP90AB1","Non-neuronal","VehicleVsPCB_in_WTs"
"MicroRNAs in cancer","4/281",0.223333087208037,0.427346484239092,0,0,1.68050541516245,2.51923047159633,"ZEB2;MMP16;APC;STMN1","Non-neuronal","VehicleVsPCB_in_WTs"
"HIF-1 signaling pathway","2/104",0.22518856654515,0.427346484239092,0,0,2.27520184544406,3.39190994052661,"ALDOA;GAPDH","Non-neuronal","VehicleVsPCB_in_WTs"
"Huntington disease","3/192",0.229100461640728,0.429885135887658,0,0,1.84455715224946,2.71812959637724,"NDUFA4;COX4I1;ATP5G3","Non-neuronal","VehicleVsPCB_in_WTs"
"Glyoxylate and dicarboxylate metabolism","1/31",0.235057252787733,0.433923396523191,0,0,3.85925925925926,5.58792246141861,"MDH1","Non-neuronal","VehicleVsPCB_in_WTs"
"beta-Alanine metabolism","1/32",0.241645963333274,0.433923396523191,0,0,3.73457838143746,5.30415290450483,"GAD1","Non-neuronal","VehicleVsPCB_in_WTs"
"Citrate cycle (TCA cycle)","1/32",0.241645963333274,0.433923396523191,0,0,3.73457838143746,5.30415290450483,"MDH1","Non-neuronal","VehicleVsPCB_in_WTs"
"Pentose phosphate pathway","1/32",0.241645963333274,0.433923396523191,0,0,3.73457838143746,5.30415290450483,"ALDOA","Non-neuronal","VehicleVsPCB_in_WTs"
"Focal adhesion","3/199",0.245058183034404,0.434721259747521,0,0,1.77804612969448,2.5003944655451,"PPP1CC;PAK1;ACTG1","Non-neuronal","VehicleVsPCB_in_WTs"
"MAPK signaling pathway","4/294",0.247296525006075,0.434721259747521,0,0,1.60410509031199,2.24120294741818,"PAK1;CACNB4;STMN1;RASA2","Non-neuronal","VehicleVsPCB_in_WTs"
"Proteoglycans in cancer","3/203",0.254256555521983,0.435996035077975,0,0,1.74213017751479,2.38569303098405,"PPP1CC;PAK1;ACTG1","Non-neuronal","VehicleVsPCB_in_WTs"
"NOD-like receptor signaling pathway","3/205",0.258874556430118,0.435996035077975,0,0,1.72470560665534,2.33078728883938,"HSP90AA1;HSP90AB1;CTSB","Non-neuronal","VehicleVsPCB_in_WTs"
"Thyroid hormone signaling pathway","2/115",0.260152115473758,0.435996035077975,0,0,2.05257678292556,2.76377156628716,"ATP2A2;ACTG1","Non-neuronal","VehicleVsPCB_in_WTs"
"Leukocyte transendothelial migration","2/115",0.260152115473758,0.435996035077975,0,0,2.05257678292556,2.76377156628716,"THY1;ACTG1","Non-neuronal","VehicleVsPCB_in_WTs"
"Fructose and mannose metabolism","1/35",0.261075470106572,0.435996035077975,0,0,3.40454076367389,4.57211356957197,"ALDOA","Non-neuronal","VehicleVsPCB_in_WTs"
"Alanine, aspartate and glutamate metabolism","1/37",0.273752707197258,0.452640614870713,0,0,3.21507472384665,4.16522610612698,"GAD1","Non-neuronal","VehicleVsPCB_in_WTs"
"Neurotrophin signaling pathway","2/121",0.279269542452764,0.453996796835324,0,0,1.94849233811172,2.48545368990621,"CALM1;CALM2","Non-neuronal","VehicleVsPCB_in_WTs"
"Pyruvate metabolism","1/38",0.280010000443344,0.453996796835324,0,0,3.12802275960171,3.98175388807815,"MDH1","Non-neuronal","VehicleVsPCB_in_WTs"
"Kaposi sarcoma-associated herpesvirus infection","3/216",0.284453975596506,0.455216062492801,0,0,1.63471955996333,2.05514296704601,"UBB;CALM1;CALM2","Non-neuronal","VehicleVsPCB_in_WTs"
"African trypanosomiasis","1/39",0.286213691986492,0.455216062492801,0,0,3.04555247768544,3.81003662163883,"HBB-BS","Non-neuronal","VehicleVsPCB_in_WTs"
"Vasopressin-regulated water reabsorption","1/43",0.3105015135936,0.485449451456218,0,0,2.75494291283765,3.22208894831976,"GNAS","Non-neuronal","VehicleVsPCB_in_WTs"
"Relaxin signaling pathway","2/131",0.311036474885122,0.485449451456218,0,0,1.79653442772458,2.0980739123944,"GNAS;ADCY2","Non-neuronal","VehicleVsPCB_in_WTs"
"Mineral absorption","1/44",0.316443967408908,0.489316134789701,0,0,2.69073847409221,3.09598815052993,"FTH1","Non-neuronal","VehicleVsPCB_in_WTs"
"Glycosphingolipid biosynthesis","1/45",0.322335501219496,0.493853474345466,0,0,2.6294524189261,2.97696702092694,"FUT9","Non-neuronal","VehicleVsPCB_in_WTs"
"Ether lipid metabolism","1/47",0.333967540324939,0.505382922251262,0,0,2.51487414187643,2.75809133054247,"PAFAH1B1","Non-neuronal","VehicleVsPCB_in_WTs"
"Human immunodeficiency virus 1 infection","3/238",0.336100136149578,0.505382922251262,0,0,1.4800201435226,1.61373424937577,"PAK1;CALM1;CALM2","Non-neuronal","VehicleVsPCB_in_WTs"
"Cocaine addiction","1/48",0.339708902232806,0.505382922251262,0,0,2.46124175687446,2.65731952999912,"GNAS","Non-neuronal","VehicleVsPCB_in_WTs"
"Apoptosis","2/141",0.342511833573578,0.505382922251262,0,0,1.66644096487516,1.78550662418664,"ACTG1;CTSB","Non-neuronal","VehicleVsPCB_in_WTs"
"Malaria","1/49",0.345401057358294,0.505382922251262,0,0,2.4098440545809,2.56178243773073,"HBB-BS","Non-neuronal","VehicleVsPCB_in_WTs"
"Cysteine and methionine metabolism","1/50",0.351044425036804,0.505382922251262,0,0,2.36054421768708,2.47111800186849,"MDH1","Non-neuronal","VehicleVsPCB_in_WTs"
"N-Glycan biosynthesis","1/50",0.351044425036804,0.505382922251262,0,0,2.36054421768708,2.47111800186849,"MGAT4C","Non-neuronal","VehicleVsPCB_in_WTs"
"Non-alcoholic fatty liver disease (NAFLD)","2/151",0.373526911278514,0.533153796440272,0,0,1.55380971180418,1.5301377710565,"NDUFA4;COX4I1","Non-neuronal","VehicleVsPCB_in_WTs"
"Endocrine and other factor-regulated calcium reabsorption","1/55",0.378543879385948,0.535735829300451,0,0,2.14143383149231,2.08023868321211,"GNAS","Non-neuronal","VehicleVsPCB_in_WTs"
"Endometrial cancer","1/58",0.394484173280805,0.553603839814239,0,0,2.02841900071817,1.88678719559671,"APC","Non-neuronal","VehicleVsPCB_in_WTs"
"Glycerolipid metabolism","1/61",0.410017915498915,0.570608265735991,0,0,1.92670565302144,1.71776294850368,"DGKB","Non-neuronal","VehicleVsPCB_in_WTs"
"Basal cell carcinoma","1/63",0.420152983765809,0.572588342558016,0,0,1.86436521411055,1.61665891574729,"APC","Non-neuronal","VehicleVsPCB_in_WTs"
"Mitophagy","1/63",0.420152983765809,0.572588342558016,0,0,1.86436521411055,1.61665891574729,"UBB","Non-neuronal","VehicleVsPCB_in_WTs"
"RNA transport","2/167",0.421856278407949,0.572588342558016,0,0,1.40199643493761,1.21004993784504,"CYFIP2;EIF1","Non-neuronal","VehicleVsPCB_in_WTs"
"Glutathione metabolism","1/64",0.425155416031102,0.572588342558016,0,0,1.83467929081964,1.56920210032966,"GPX4","Non-neuronal","VehicleVsPCB_in_WTs"
"Cell adhesion molecules (CAMs)","2/170",0.430710259701623,0.574752720953132,0,0,1.37675070028011,1.15966419031836,"NRXN1;NRXN3","Non-neuronal","VehicleVsPCB_in_WTs"
"Hepatocellular carcinoma","2/171",0.433645765509549,0.574752720953132,0,0,1.36853463278803,1.14344802843991,"APC;ACTG1","Non-neuronal","VehicleVsPCB_in_WTs"
"Renal cell carcinoma","1/68",0.444739707485967,0.584815205906744,0,0,1.7247970672951,1.39754458429886,"PAK1","Non-neuronal","VehicleVsPCB_in_WTs"
"Type I diabetes mellitus","1/69",0.449531227256974,0.586497773061833,0,0,1.69934640522876,1.35871234419042,"GAD1","Non-neuronal","VehicleVsPCB_in_WTs"
"Phagosome","2/180",0.459694100687668,0.59510786678171,0,0,1.29874421678784,1.00937622478838,"ACTG1;ATP6V0A1","Non-neuronal","VehicleVsPCB_in_WTs"
"Adherens junction","1/72",0.463660530330158,0.59562545050105,0,0,1.62729593937896,1.25074390655011,"ACTG1","Non-neuronal","VehicleVsPCB_in_WTs"
"Bacterial invasion of epithelial cells","1/74",0.472879154911774,0.602830678398979,0,0,1.58255227108868,1.1851977822792,"ACTG1","Non-neuronal","VehicleVsPCB_in_WTs"
"Salmonella infection","1/78",0.490846445751528,0.620995124549282,0,0,1.50003797372218,1.06746292982552,"ACTG1","Non-neuronal","VehicleVsPCB_in_WTs"
"Chemokine signaling pathway","2/197",0.506944945318319,0.634430503124702,0,0,1.18449472096531,0.80468988866489,"PAK1;ADCY2","Non-neuronal","VehicleVsPCB_in_WTs"
"ECM-receptor interaction","1/83",0.512451587481928,0.634430503124702,0,0,1.40821566110398,0.941461222544186,"CD47","Non-neuronal","VehicleVsPCB_in_WTs"
"ErbB signaling pathway","1/84",0.516661966616524,0.634430503124702,0,0,1.39117875008807,0.918687778979488,"PAK1","Non-neuronal","VehicleVsPCB_in_WTs"
"Rheumatoid arthritis","1/84",0.516661966616524,0.634430503124702,0,0,1.39117875008807,0.918687778979488,"ATP6V0A1","Non-neuronal","VehicleVsPCB_in_WTs"
"Viral myocarditis","1/87",0.529077432263077,0.640260370927057,0,0,1.34244526043792,0.854628150164352,"ACTG1","Non-neuronal","VehicleVsPCB_in_WTs"
"Fc gamma R-mediated phagocytosis","1/87",0.529077432263077,0.640260370927057,0,0,1.34244526043792,0.854628150164352,"PAK1","Non-neuronal","VehicleVsPCB_in_WTs"
"Colorectal cancer","1/88",0.533145050125215,0.640541175330294,0,0,1.32694763729246,0.834599311782447,"APC","Non-neuronal","VehicleVsPCB_in_WTs"
"mRNA surveillance pathway","1/96",0.564453182310229,0.672994532193705,0,0,1.21471221914435,0.694691288756235,"PPP1CC","Non-neuronal","VehicleVsPCB_in_WTs"
"Glycerophospholipid metabolism","1/97",0.568216940355164,0.672994532193705,0,0,1.20199805068226,0.679431797258659,"DGKB","Non-neuronal","VehicleVsPCB_in_WTs"
"Choline metabolism in cancer","1/99",0.575647721604513,0.673767718917466,0,0,1.17734813223535,0.650201572891052,"DGKB","Non-neuronal","VehicleVsPCB_in_WTs"
"T cell receptor signaling pathway","1/101",0.582951352914203,0.673767718917466,0,0,1.15368421052632,0.622587459498563,"PAK1","Non-neuronal","VehicleVsPCB_in_WTs"
"Longevity regulating pathway","1/102",0.586556164792629,0.673767718917466,0,0,1.14220369405362,0.609350654027213,"ADCY2","Non-neuronal","VehicleVsPCB_in_WTs"
"Viral carcinogenesis","2/229",0.588324772391164,0.673767718917466,0,0,1.015859030837,0.538888987179461,"RASA2;YWHAH","Non-neuronal","VehicleVsPCB_in_WTs"
"Chagas disease (American trypanosomiasis)","1/103",0.590129997507877,0.673767718917466,0,0,1.13094828574705,0.596476185392233,"GNAS","Non-neuronal","VehicleVsPCB_in_WTs"
"PI3K-Akt signaling pathway","3/357",0.595463306817252,0.673767718917466,0,0,0.976531942633638,0.506249304603519,"HSP90AA1;HSP90AB1;YWHAH","Non-neuronal","VehicleVsPCB_in_WTs"
"Amoebiasis","1/106",0.600668256217879,0.673767718917466,0,0,1.09846839320524,0.559903052388564,"GNAS","Non-neuronal","VehicleVsPCB_in_WTs"
"Human papillomavirus infection","3/360",0.601146048614985,0.673767718917466,0,0,0.96817661976033,0.49272189382111,"APC;GNAS;ATP6V0A1","Non-neuronal","VehicleVsPCB_in_WTs"
"Insulin resistance","1/110",0.614301362345959,0.683922183411835,0,0,1.05794302269435,0.515503529661279,"PPP1CC","Non-neuronal","VehicleVsPCB_in_WTs"
"Cholinergic synapse","1/113",0.624221603142331,0.690364289568009,0,0,1.02944862155388,0.485127498624437,"ADCY2","Non-neuronal","VehicleVsPCB_in_WTs"
"Natural killer cell mediated cytotoxicity","1/118",0.640194738950772,0.70337185134723,0,0,0.985205178187634,0.439384632218807,"PAK1","Non-neuronal","VehicleVsPCB_in_WTs"
"Cell cycle","1/123",0.65549268471101,0.715472407495024,0,0,0.944588246572716,0.398963976710763,"YWHAH","Non-neuronal","VehicleVsPCB_in_WTs"
"Autophagy","1/130",0.675829299311145,0.732879824577671,0,0,0.89301418921982,0.349896131865872,"CTSB","Non-neuronal","VehicleVsPCB_in_WTs"
"Purine metabolism","1/136",0.69230772613104,0.743976419511608,0,0,0.8530647606671,0.31369300987168,"ADCY2","Non-neuronal","VehicleVsPCB_in_WTs"
"Signaling pathways regulating pluripotency of stem cells","1/137",0.694971984693479,0.743976419511608,0,0,0.846749226006192,0.308118278608017,"APC","Non-neuronal","VehicleVsPCB_in_WTs"
"Breast cancer","1/147",0.720384906476042,0.76626929542356,0,0,0.788352158936153,0.258555556011949,"APC","Non-neuronal","VehicleVsPCB_in_WTs"
"Gastric cancer","1/150",0.727589933247922,0.769034929445588,0,0,0.772361552651203,0.245624619820807,"APC","Non-neuronal","VehicleVsPCB_in_WTs"
"Wnt signaling pathway","1/160",0.750299617116497,0.783125225365343,0,0,0.723417558571481,0.207825322497693,"APC","Non-neuronal","VehicleVsPCB_in_WTs"
"Hepatitis C","1/160",0.750299617116497,0.783125225365343,0,0,0.723417558571481,0.207825322497693,"YWHAH","Non-neuronal","VehicleVsPCB_in_WTs"
"Tight junction","1/167",0.765066432257336,0.79077990547825,0,0,0.692665398435849,0.185490674470123,"ACTG1","Non-neuronal","VehicleVsPCB_in_WTs"
"Influenza A","1/168",0.767103860404051,0.79077990547825,0,0,0.688482683755296,0.182539531416843,"ACTG1","Non-neuronal","VehicleVsPCB_in_WTs"
"Axon guidance","1/180",0.790224891440494,0.809616913316335,0,0,0.641935378483453,0.151135789908164,"PAK1","Non-neuronal","VehicleVsPCB_in_WTs"
"Human T-cell leukemia virus 1 infection","1/245",0.881064293814191,0.897181323579084,0,0,0.469370146678171,0.0594338434447023,"ADCY2","Non-neuronal","VehicleVsPCB_in_WTs"
"Endocytosis","1/269",0.903592000914595,0.914544631228711,0,0,0.426813301911495,0.043269200165273,"UBB","Non-neuronal","VehicleVsPCB_in_WTs"
"Herpes simplex virus 1 infection","1/433",0.977199627647493,0.983086372392358,0,0,0.262562269872211,0.00605582037999651,"PPP1CC","Non-neuronal","VehicleVsPCB_in_WTs"
"Olfactory transduction","3/1133",0.99724327092478,0.99724327092478,0,0,0.293731999790543,0.000810857715888028,"CALM1;CALM2;NCALD","Non-neuronal","VehicleVsPCB_in_WTs"
"Prion diseases","2/34",0.000471046958515387,0.0110576578572209,0,0,73.3419117647059,561.83958527557,"HSPA5;NCAM1","Oligo","VehicleVsPCB_in_WTs"
"Mineral absorption","2/44",0.000789832704087207,0.0110576578572209,0,0,55.8515406162465,398.986058780471,"FTH1;ATP2B1","Oligo","VehicleVsPCB_in_WTs"
"Protein export","1/28",0.0262789881621165,0.142796900504614,0,0,41.0576131687243,149.408062611375,"HSPA5","Oligo","VehicleVsPCB_in_WTs"
"African trypanosomiasis","1/39",0.0364228027645029,0.142796900504614,0,0,29.156432748538,96.582440180928,"HBB-BS","Oligo","VehicleVsPCB_in_WTs"
"Ferroptosis","1/40",0.0373399869476018,0.142796900504614,0,0,28.4074074074074,93.3947631909339,"FTH1","Oligo","VehicleVsPCB_in_WTs"
"Glycine, serine and threonine metabolism","1/40",0.0373399869476018,0.142796900504614,0,0,28.4074074074074,93.3947631909339,"GATM","Oligo","VehicleVsPCB_in_WTs"
"ABC transporters","1/48",0.0446477445751972,0.142796900504614,0,0,23.5626477541371,73.2551287580116,"ABCC5","Oligo","VehicleVsPCB_in_WTs"
"Malaria","1/49",0.0455575103218218,0.142796900504614,0,0,23.0706018518519,71.2600086978532,"HBB-BS","Oligo","VehicleVsPCB_in_WTs"
"Arginine and proline metabolism","1/50",0.0464664552952436,0.142796900504614,0,0,22.5986394557823,69.3557808280063,"GATM","Oligo","VehicleVsPCB_in_WTs"
"Endocrine and other factor-regulated calcium reabsorption","1/55",0.0509988930373622,0.142796900504614,0,0,20.5010288065844,61.0100643870295,"ATP2B1","Oligo","VehicleVsPCB_in_WTs"
"p53 signaling pathway","1/71",0.0653659341620675,0.154186314560739,0,0,15.802380952381,43.1050084939329,"MDM4","Oligo","VehicleVsPCB_in_WTs"
"Thyroid hormone synthesis","1/73",0.0671472569391822,0.154186314560739,0,0,15.3618827160494,41.4904052593952,"HSPA5","Oligo","VehicleVsPCB_in_WTs"
"Salivary secretion","1/78",0.0715865031889145,0.154186314560739,0,0,14.3607503607504,37.8671262893082,"ATP2B1","Oligo","VehicleVsPCB_in_WTs"
"Antigen processing and presentation","1/90",0.0821591818596335,0.15682416273619,0,0,12.4169787765293,31.0312303280635,"HSPA5","Oligo","VehicleVsPCB_in_WTs"
"mRNA surveillance pathway","1/96",0.0874026490788467,0.15682416273619,0,0,11.6292397660819,28.3431283945933,"CPSF6","Oligo","VehicleVsPCB_in_WTs"
"Aldosterone synthesis and secretion","1/102",0.0926177296022899,0.15682416273619,0,0,10.9350935093509,26.0175912334629,"ATP2B1","Oligo","VehicleVsPCB_in_WTs"
"Pancreatic secretion","1/105",0.0952146702326868,0.15682416273619,0,0,10.6180555555556,24.9696450778491,"ATP2B1","Oligo","VehicleVsPCB_in_WTs"
"Spliceosome","1/132",0.118272387473026,0.183979269402485,0,0,8.41815097540288,17.9707736148701,"SRSF7","Oligo","VehicleVsPCB_in_WTs"
"Adrenergic signaling in cardiomyocytes","1/148",0.131672358673146,0.184211636683564,0,0,7.49584278155707,15.1973607943807,"ATP2B1","Oligo","VehicleVsPCB_in_WTs"
"Protein processing in endoplasmic reticulum","1/163",0.144059425297668,0.184211636683564,0,0,6.79663923182442,13.1686882571052,"HSPA5","Oligo","VehicleVsPCB_in_WTs"
"Cell adhesion molecules (CAMs)","1/170",0.14978259233089,0.184211636683564,0,0,6.51282051282051,12.3650483811014,"NCAM1","Oligo","VehicleVsPCB_in_WTs"
"cGMP-PKG signaling pathway","1/172",0.151411112275191,0.184211636683564,0,0,6.43599740090968,12.1495962099257,"ATP2B1","Oligo","VehicleVsPCB_in_WTs"
"Necroptosis","1/176",0.154659291009704,0.184211636683564,0,0,6.28761904761905,11.7360340074257,"FTH1","Oligo","VehicleVsPCB_in_WTs"
"Axon guidance","1/180",0.157895688585912,0.184211636683564,0,0,6.14587212911235,11.3441777668774,"EPHA5","Oligo","VehicleVsPCB_in_WTs"
"Calcium signaling pathway","1/189",0.165134717098135,0.184950883149911,0,0,5.84899527186761,10.5340034660396,"ATP2B1","Oligo","VehicleVsPCB_in_WTs"
"cAMP signaling pathway","1/211",0.182582738388006,0.196627564417853,0,0,5.23042328042328,8.89460597360159,"ATP2B1","Oligo","VehicleVsPCB_in_WTs"
"MicroRNAs in cancer","1/281",0.235829537646871,0.244563964967125,0,0,3.90892857142857,5.64701815417431,"MDM4","Oligo","VehicleVsPCB_in_WTs"
"Herpes simplex virus 1 infection","1/433",0.340357133673784,0.340357133673784,0,0,2.51401748971193,2.70950703590822,"SRSF7","Oligo","VehicleVsPCB_in_WTs"
"Oxidative phosphorylation","35/134",1.0948550518513e-35,2.1897101037026e-33,0,0,30.3160425212827,2440.43706573013,"COX7B;NDUFB8;NDUFA12;NDUFB5;COX4I1;ATP5A1;ATP5J;COX7A2;ATP5H;ATP5G3;COX6A1;COX5B;COX7C;ATP5G1;COX5A;UQCRH;ATP5L;ATP5B;ATP5D;ATP6V1H;ATP6V1C1;ATP6V0A1;COX8A;ATP6V0B;ATP6V1G2;NDUFA6;NDUFA4;NDUFC2;NDUFC1;ATP5F1;COX6C;ATP5J2;COX6B1;COX7A2L;ATP6V0C","Pvalb","VehicleVsPCB_in_WTs"
"Parkinson disease","32/144",3.11953145059532e-30,3.11953145059531e-28,0,0,24.1674876847291,1641.93597093182,"COX7B;NDUFB8;NDUFA12;NDUFB5;COX4I1;ATP5A1;ATP5J;COX7A2;ATP5H;ATP5G3;COX6A1;COX5B;COX7C;ATP5G1;COX5A;UQCRH;ATP5B;UBB;ATP5D;COX8A;NDUFA6;NDUFA4;NDUFC2;NDUFC1;ATP5F1;COX6C;COX6B1;COX7A2L;VDAC3;CYCS;VDAC1;SLC25A4","Pvalb","VehicleVsPCB_in_WTs"
"Alzheimer disease","33/175",1.1648811715206e-28,7.765874476804e-27,0,0,19.7122736418511,1267.88877909944,"RTN3;GSK3B;COX7B;NDUFB8;NDUFA12;NDUFB5;COX4I1;ATP5A1;ATP5J;ATP2A2;COX7A2;ATP5H;ATP5G3;COX6A1;COX5B;COX7C;ATP5G1;COX5A;UQCRH;ATP5B;ATP5D;COX8A;NDUFA6;NDUFA4;NDUFC2;NDUFC1;ATP5F1;COX6C;COX6B1;COX7A2L;CYCS;CALM1;GAPDH","Pvalb","VehicleVsPCB_in_WTs"
"Huntington disease","33/192",2.77379408493867e-27,1.38689704246934e-25,0,0,17.5893980233603,1075.58432659479,"COX7B;NDUFB8;NDUFA12;NDUFB5;COX4I1;CLTC;ATP5A1;ATP5J;COX7A2;ATP5H;ATP5G3;COX6A1;COX5B;COX7C;ATP5G1;COX5A;UQCRH;ATP5B;ATP5D;PPARGC1A;COX8A;NDUFA6;NDUFA4;NDUFC2;NDUFC1;ATP5F1;COX6C;COX6B1;COX7A2L;VDAC3;CYCS;VDAC1;SLC25A4","Pvalb","VehicleVsPCB_in_WTs"
"Thermogenesis","33/231",1.33704138202985e-24,5.3481655281194e-23,0,0,14.0966810966811,774.916874688418,"COX7B;NDUFB8;NDUFA12;NDUFB5;COX4I1;ATP5A1;ATP5J;COX7A2;ATP5H;ATP5G3;COX5B;COX6A1;COX7C;COX5A;ATP5G1;UQCRH;ATP5L;ACTG1;ATP5B;ATP5D;PPARGC1A;COX8A;NDUFA6;NDUFA4;NDUFC2;NDUFC1;ACSL3;COX6C;ATP5F1;COX6B1;ATP5J2;COX7A2L;GNAS","Pvalb","VehicleVsPCB_in_WTs"
"Non-alcoholic fatty liver disease (NAFLD)","21/151",8.67276038493864e-16,2.89092012831288e-14,0,0,13.033428300095,452.014599440017,"COX8A;GSK3B;COX7B;NDUFB8;NDUFA6;NDUFA12;NDUFB5;NDUFA4;COX4I1;NDUFC2;COX7A2;NDUFC1;COX6A1;COX5B;COX6C;COX7C;COX5A;UQCRH;COX6B1;COX7A2L;CYCS","Pvalb","VehicleVsPCB_in_WTs"
"Cardiac muscle contraction","16/78",4.45933948636705e-15,1.27409699610487e-13,0,0,20.4724245577523,676.486205880521,"COX8A;COX7B;COX4I1;TPM1;ATP2A2;ATP1A3;COX7A2;COX6A1;ATP1B1;COX5B;COX6C;COX7C;COX5A;UQCRH;COX6B1;COX7A2L","Pvalb","VehicleVsPCB_in_WTs"
"Synaptic vesicle cycle","14/77",1.38220380686971e-12,3.45550951717426e-11,0,0,17.4871111111111,477.526522462343,"NSF;SNAP25;ATP6V0B;RAB3A;ATP6V1G2;SYT1;STXBP1;CLTC;SLC6A1;CPLX1;ATP6V1H;ATP6V0C;ATP6V1C1;ATP6V0A1","Pvalb","VehicleVsPCB_in_WTs"
"Retrograde endocannabinoid signaling","12/150",7.49071829439709e-07,1.66460406542158e-05,0,0,6.76259489302968,95.3825527627782,"GABRA1;NDUFB8;NDUFA6;NDUFA12;NDUFB5;NDUFA4;NDUFC2;NDUFC1;GABRG3;GABRG2;GRIA3;GRIA4","Pvalb","VehicleVsPCB_in_WTs"
"Adrenergic signaling in cardiomyocytes","9/148",0.000157731893646039,0.00315463787292078,0,0,4.9759627592044,43.5626324486069,"PPP2R2B;TPM1;CAMK2A;GNAS;ATP2A2;ATP1A3;ATP1B1;CALM1;SCN1B","Pvalb","VehicleVsPCB_in_WTs"
"Nicotine addiction","5/40",0.000174007846141982,0.00316377902076331,0,0,10.8665195808053,94.0650505791482,"GABRA1;GABRG3;GRIA3;GABRG2;GRIA4","Pvalb","VehicleVsPCB_in_WTs"
"Collecting duct acid secretion","4/27",0.00041000936869643,0.00667136155608278,0,0,13.1859531772575,102.841607420514,"ATP6V1G2;ATP6V0C;ATP6V1C1;ATP6V0A1","Pvalb","VehicleVsPCB_in_WTs"
"Dopaminergic synapse","8/135",0.000433638501145381,0.00667136155608278,0,0,4.82504921259843,37.3618002754268,"GSK3B;PPP2R2B;CAMK2A;GNAS;CALM1;GRIA3;SCN1A;GRIA4","Pvalb","VehicleVsPCB_in_WTs"
"Rheumatoid arthritis","6/84",0.00085932085649053,0.012276012235579,0,0,5.86106141920095,41.375390498096,"ATP6V0B;ATP6V1G2;ATP6V1H;ATP6V0C;ATP6V1C1;ATP6V0A1","Pvalb","VehicleVsPCB_in_WTs"
"Insulin secretion","6/86",0.00097242581040645,0.012965677472086,0,0,5.71395348837209,39.6303630487671,"SNAP25;RAB3A;CAMK2A;GNAS;ATP1A3;ATP1B1","Pvalb","VehicleVsPCB_in_WTs"
"GABAergic synapse","6/90",0.00123267900435225,0.0154084875544032,0,0,5.44075304540421,36.4452402402406,"NSF;GABRA1;GAD1;SLC6A1;GABRG3;GABRG2","Pvalb","VehicleVsPCB_in_WTs"
"Pyruvate metabolism","4/38",0.00153918153634956,0.0181080180747007,0,0,8.91493212669683,57.7375978016376,"LDHB;MDH1;ME3;DLD","Pvalb","VehicleVsPCB_in_WTs"
"Ferroptosis","4/40",0.00186677748256564,0.0198100377200537,0,0,8.41880341880342,52.8999015548793,"MAP1LC3A;FTH1;VDAC3;ACSL3","Pvalb","VehicleVsPCB_in_WTs"
"Glycolysis / Gluconeogenesis","5/67",0.00191302247602224,0.0198100377200537,0,0,6.12591854527338,38.3425581318497,"LDHB;PGAM1;ALDOA;DLD;GAPDH","Pvalb","VehicleVsPCB_in_WTs"
"Amphetamine addiction","5/68",0.00204296611250278,0.0198100377200537,0,0,6.0283753140896,37.3358536263433,"CAMK2A;GNAS;CALM1;GRIA3;GRIA4","Pvalb","VehicleVsPCB_in_WTs"
"cGMP-PKG signaling pathway","8/172",0.00208005396060564,0.0198100377200537,0,0,3.72942073170732,23.0305209913346,"MEF2C;VDAC3;ATP2A2;ATP1A3;VDAC1;ATP1B1;CALM1;SLC25A4","Pvalb","VehicleVsPCB_in_WTs"
"Glucagon signaling pathway","6/102",0.00233889095076596,0.0203681128439375,0,0,4.7577519379845,28.822834317657,"LDHB;PGAM1;CAMK2A;GNAS;CALM1;PPARGC1A","Pvalb","VehicleVsPCB_in_WTs"
"Necroptosis","8/176",0.0023995792169731,0.0203681128439375,0,0,3.63988095238095,21.9574431048455,"HSP90AA1;HSP90AB1;FTH1;CAMK2A;VDAC3;VDAC1;PPIA;SLC25A4","Pvalb","VehicleVsPCB_in_WTs"
"Vasopressin-regulated water reabsorption","4/43",0.0024441735412725,0.0203681128439375,0,0,7.77001972386588,46.7292733916726,"NSF;GNAS;DYNLL1;DYNLL2","Pvalb","VehicleVsPCB_in_WTs"
"Proximal tubule bicarbonate reclamation","3/22",0.00290828932577765,0.0227828657866617,0,0,11.9280096793708,69.6618456072877,"MDH1;ATP1A3;ATP1B1","Pvalb","VehicleVsPCB_in_WTs"
"Gastric acid secretion","5/74",0.00296177255226602,0.0227828657866617,0,0,5.50249006770746,32.0353175434865,"CAMK2A;GNAS;ATP1A3;ATP1B1;CALM1","Pvalb","VehicleVsPCB_in_WTs"
"Calcium signaling pathway","8/189",0.00371050291992539,0.0265714120446017,0,0,3.37620856353591,18.8952478379681,"ERBB4;CAMK2A;VDAC3;GNAS;ATP2A2;VDAC1;CALM1;SLC25A4","Pvalb","VehicleVsPCB_in_WTs"
"Salivary secretion","5/78",0.00371999768624424,0.0265714120446017,0,0,5.19992595335061,29.0885533905647,"CST3;GNAS;ATP1A3;ATP1B1;CALM1","Pvalb","VehicleVsPCB_in_WTs"
"Endocrine and other factor-regulated calcium reabsorption","4/55",0.00597225234627025,0.0400687821356029,0,0,5.93815987933635,30.4071264238808,"CLTC;GNAS;ATP1A3;ATP1B1","Pvalb","VehicleVsPCB_in_WTs"
"Protein processing in endoplasmic reticulum","7/163",0.00601031732034043,0.0400687821356029,0,0,3.41863713459044,17.483859774996,"HSPA8;HSP90AA1;HSP90AB1;MAN1A2;HSPA4L;SEC62;HSP90B1","Pvalb","VehicleVsPCB_in_WTs"
"cAMP signaling pathway","8/211",0.00711661015215705,0.0459136138848842,0,0,3.00692733990148,14.8702292461399,"CAMK2A;GNAS;ATP2A2;ATP1A3;CALM1;ATP1B1;GRIA3;GRIA4","Pvalb","VehicleVsPCB_in_WTs"
"Citrate cycle (TCA cycle)","3/32",0.00850200215173483,0.0531375134483427,0,0,7.81093935790725,37.2382909296792,"MDH1;DLD;IDH3A","Pvalb","VehicleVsPCB_in_WTs"
"Estrogen signaling pathway","6/134",0.00881173590539227,0.0534044600326804,0,0,3.5625,16.8565772975824,"HSPA8;HSP90AA1;HSP90AB1;GNAS;CALM1;HSP90B1","Pvalb","VehicleVsPCB_in_WTs"
"Tuberculosis","7/178",0.00954450143568654,0.0561441260922737,0,0,3.11636744260132,14.4966870809677,"ATP6V0B;CAMK2A;ATP6V1H;CYCS;CALM1;ATP6V0C;ATP6V0A1","Pvalb","VehicleVsPCB_in_WTs"
"Circadian entrainment","5/99",0.0100922564138321,0.0561696515777292,0,0,4.03392754456584,18.5398779119408,"CAMK2A;GNAS;CALM1;GRIA3;GRIA4","Pvalb","VehicleVsPCB_in_WTs"
"Phagosome","7/180",0.0101105372839913,0.0561696515777292,0,0,3.0800251906165,14.1501812090712,"ATP6V0B;ATP6V1G2;ATP6V1H;ATP6V0C;ATP6V1C1;ACTG1;ATP6V0A1","Pvalb","VehicleVsPCB_in_WTs"
"Aldosterone synthesis and secretion","5/102",0.0113871943898719,0.0615524021074157,0,0,3.90856983640489,17.4918891271853,"CAMK2A;GNAS;ATP1A3;ATP1B1;CALM1","Pvalb","VehicleVsPCB_in_WTs"
"Fluid shear stress and atherosclerosis","6/143",0.0118968959028201,0.0626152415937901,0,0,3.32693939908335,14.7432579605435,"MEF2C;HSP90AA1;HSP90AB1;CALM1;ACTG1;HSP90B1","Pvalb","VehicleVsPCB_in_WTs"
"Thyroid hormone synthesis","4/73",0.0158661306150724,0.0813647723849864,0,0,4.3850613154961,18.1698023397785,"GNAS;ATP1A3;ATP1B1;HSP90B1","Pvalb","VehicleVsPCB_in_WTs"
"mTOR signaling pathway","6/154",0.0166148818488793,0.0830744092443967,0,0,3.0779384035198,12.6117186821286,"GSK3B;ATP6V1G2;ATP6V1H;LAMTOR2;LAMTOR4;ATP6V1C1","Pvalb","VehicleVsPCB_in_WTs"
"Thyroid hormone signaling pathway","5/115",0.0183040382053739,0.0892879912457263,0,0,3.44436644436644,13.7796480471637,"GSK3B;ATP2A2;ATP1A3;ATP1B1;ACTG1","Pvalb","VehicleVsPCB_in_WTs"
"Mineral absorption","3/44",0.0202274478580454,0.0963211802764067,0,0,5.52144659377628,21.5375884019187,"FTH1;ATP1A3;ATP1B1","Pvalb","VehicleVsPCB_in_WTs"
"Lysosome","5/124",0.024439115625142,0.113670305233219,0,0,3.18240809837449,11.8117314786921,"ATP6V0B;CLTC;ATP6V1H;ATP6V0C;ATP6V0A1","Pvalb","VehicleVsPCB_in_WTs"
"Cysteine and methionine metabolism","3/50",0.0282667795586419,0.12848536163019,0,0,4.81511371973588,17.1710231017746,"LDHB;GOT1;MDH1","Pvalb","VehicleVsPCB_in_WTs"
"Antigen processing and presentation","4/90",0.0313701095491366,0.13639178064842,0,0,3.51520572450805,12.1692898702765,"HSPA8;HSP90AA1;HSP90AB1;HSPA4","Pvalb","VehicleVsPCB_in_WTs"
"Dilated cardiomyopathy (DCM)","4/90",0.0313701095491366,0.13639178064842,0,0,3.51520572450805,12.1692898702765,"TPM1;GNAS;ATP2A2;ACTG1","Pvalb","VehicleVsPCB_in_WTs"
"IL-17 signaling pathway","4/91",0.0324841289322427,0.138230335881884,0,0,3.47462422634836,11.9075499042324,"GSK3B;HSP90AA1;HSP90AB1;HSP90B1","Pvalb","VehicleVsPCB_in_WTs"
"Morphine addiction","4/92",0.0336210819205769,0.140087841335737,0,0,3.43496503496503,11.6534691467622,"GABRA1;GNAS;GABRG3;GABRG2","Pvalb","VehicleVsPCB_in_WTs"
"Prostate cancer","4/97",0.0396510680674376,0.161841094152806,0,0,3.2494623655914,10.4880862411756,"GSK3B;HSP90AA1;HSP90AB1;HSP90B1","Pvalb","VehicleVsPCB_in_WTs"
"Melanogenesis","4/100",0.0435458897937514,0.174183559175005,0,0,3.1474358974359,9.86387512785621,"GSK3B;CAMK2A;GNAS;CALM1","Pvalb","VehicleVsPCB_in_WTs"
"HIF-1 signaling pathway","4/104",0.0490617991174972,0.190559505735971,0,0,3.02092307692308,9.10709997504054,"CAMK2A;ELOB;ALDOA;GAPDH","Pvalb","VehicleVsPCB_in_WTs"
"Human papillomavirus infection","9/360",0.0502779304565206,0.190559505735971,0,0,1.9492207139266,5.82853844744493,"GSK3B;ATP6V0B;ATP6V1G2;PPP2R2B;GNAS;ATP6V1H;ATP6V0C;ATP6V1C1;ATP6V0A1","Pvalb","VehicleVsPCB_in_WTs"
"Pancreatic secretion","4/105",0.0504982690200322,0.190559505735971,0,0,2.99086062452399,8.93016016481996,"GNAS;ATP2A2;ATP1A3;ATP1B1","Pvalb","VehicleVsPCB_in_WTs"
"Oxytocin signaling pathway","5/154",0.0537380770204471,0.199029914890545,0,0,2.53776787333834,7.41950306682473,"MEF2C;CAMK2A;GNAS;CALM1;ACTG1","Pvalb","VehicleVsPCB_in_WTs"
"Rap1 signaling pathway","6/209",0.059330307355082,0.215746572200298,0,0,2.23771336922901,6.32072354362473,"DOCK4;SIPA1L1;MAGI2;GNAS;CALM1;ACTG1","Pvalb","VehicleVsPCB_in_WTs"
"Glyoxylate and dicarboxylate metabolism","2/31",0.0628300721417309,0.220456393479758,0,0,5.18741774151092,14.3552524606994,"MDH1;DLD","Pvalb","VehicleVsPCB_in_WTs"
"Propanoate metabolism","2/31",0.0628300721417309,0.220456393479758,0,0,5.18741774151092,14.3552524606994,"LDHB;DLD","Pvalb","VehicleVsPCB_in_WTs"
"Glutamatergic synapse","4/114",0.0644513651805674,0.222246086829543,0,0,2.7448951048951,7.52607518358841,"GNAS;DLGAP1;GRIA3;GRIA4","Pvalb","VehicleVsPCB_in_WTs"
"Leukocyte transendothelial migration","4/115",0.0661143333969348,0.224116384396389,0,0,2.72002772002772,7.38860091313096,"THY1;ARHGAP5;ACTG1;MYL12B","Pvalb","VehicleVsPCB_in_WTs"
"Bile secretion","3/72",0.069851625288668,0.232838750962227,0,0,3.27619523571548,8.71920678402079,"GNAS;ATP1A3;ATP1B1","Pvalb","VehicleVsPCB_in_WTs"
"Influenza A","5/168",0.0722870341609629,0.237006669380206,0,0,2.31814198071867,6.09001513751042,"HSPA8;GSK3B;CYCS;VDAC1;ACTG1","Pvalb","VehicleVsPCB_in_WTs"
"Alanine, aspartate and glutamate metabolism","2/37",0.0855306883454319,0.275905446275587,0,0,4.29683751363141,10.5654079949076,"GOT1;GAD1","Pvalb","VehicleVsPCB_in_WTs"
"Aldosterone-regulated sodium reabsorption","2/38",0.0895241812598101,0.284203750031143,0,0,4.17726887192536,10.080779520323,"ATP1A3;ATP1B1","Pvalb","VehicleVsPCB_in_WTs"
"Glycine, serine and threonine metabolism","2/40",0.0976713608594169,0.303890397230429,0,0,3.95701084773001,9.20458850239387,"PGAM1;DLD","Pvalb","VehicleVsPCB_in_WTs"
"ErbB signaling pathway","3/84",0.0997678825893167,0.303890397230429,0,0,2.78913012629488,6.42869103321059,"GSK3B;ERBB4;CAMK2A","Pvalb","VehicleVsPCB_in_WTs"
"Phenylalanine, tyrosine and tryptophan biosynthesis","1/8",0.100864499147844,0.303890397230429,0,0,10.7164584464965,24.5833119355331,"GOT1","Pvalb","VehicleVsPCB_in_WTs"
"PI3K-Akt signaling pathway","8/357",0.101803283072194,0.303890397230429,0,0,1.73594197707736,3.96612907236987,"GSK3B;HSP90AA1;HSP90AB1;ERBB4;PPP2R2B;MAGI2;HSP90B1;YWHAH","Pvalb","VehicleVsPCB_in_WTs"
"Hypertrophic cardiomyopathy (HCM)","3/86",0.105183894519097,0.309364395644402,0,0,2.72164520149564,6.12926769730099,"TPM1;ATP2A2;ACTG1","Pvalb","VehicleVsPCB_in_WTs"
"Viral myocarditis","3/87",0.107934566306719,0.312853815381793,0,0,2.68910782703886,5.98657279476737,"CYCS;EIF4G2;ACTG1","Pvalb","VehicleVsPCB_in_WTs"
"Carbohydrate digestion and absorption","2/43",0.110261635988486,0.315033245681389,0,0,3.66691491342394,8.08517786313861,"ATP1A3;ATP1B1","Pvalb","VehicleVsPCB_in_WTs"
"GnRH signaling pathway","3/90",0.116351618851896,0.327751039019425,0,0,2.59598361738671,5.58432024162573,"CAMK2A;GNAS;CALM1","Pvalb","VehicleVsPCB_in_WTs"
"Taurine and hypotaurine metabolism","1/11",0.136017891860928,0.374194524415373,0,0,7.50038022813688,14.9630248740226,"GAD1","Pvalb","VehicleVsPCB_in_WTs"
"Cholesterol metabolism","2/49",0.136581001411611,0.374194524415373,0,0,3.19782361539711,6.36634692704303,"VDAC3;VDAC1","Pvalb","VehicleVsPCB_in_WTs"
"Phosphatidylinositol signaling system","3/98",0.139923678350939,0.376250924227561,0,0,2.37640653357532,4.67357929992476,"DGKB;PPIP5K2;CALM1","Pvalb","VehicleVsPCB_in_WTs"
"Arginine and proline metabolism","2/50",0.141094096585335,0.376250924227561,0,0,3.13104325699746,6.13161049194209,"GOT1;CKB","Pvalb","VehicleVsPCB_in_WTs"
"Cushing syndrome","4/159",0.159299184088218,0.413764114514851,0,0,1.94352357320099,3.57019679927058,"GSK3B;CAMK2A;GNAS;PBX1","Pvalb","VehicleVsPCB_in_WTs"
"Hippo signaling pathway","4/159",0.159299184088218,0.413764114514851,0,0,1.94352357320099,3.57019679927058,"GSK3B;PPP2R2B;ACTG1;YWHAH","Pvalb","VehicleVsPCB_in_WTs"
"Hepatitis C","4/160",0.161811841828211,0.414902158533874,0,0,1.93096646942801,3.51690995287327,"GSK3B;PPP2R2B;CYCS;YWHAH","Pvalb","VehicleVsPCB_in_WTs"
"Fatty acid biosynthesis","1/14",0.169801902727816,0.429404875024139,0,0,5.76864580286634,10.2285173951173,"ACSL3","Pvalb","VehicleVsPCB_in_WTs"
"Pathways in cancer","10/535",0.171761950009656,0.429404875024139,0,0,1.44064491938508,2.5379060317197,"GSK3B;HSP90AA1;HSP90AB1;TPR;CAMK2A;GNAS;CYCS;ELOB;CALM1;HSP90B1","Pvalb","VehicleVsPCB_in_WTs"
"Legionellosis","2/58",0.178206481933585,0.438519054352468,0,0,2.68266085059978,4.62708667360424,"HSPA8;CYCS","Pvalb","VehicleVsPCB_in_WTs"
"Tight junction","4/167",0.179792812284512,0.438519054352468,0,0,1.84738084001888,3.17001339982122,"HSPA4;PPP2R2B;ACTG1;MYL12B","Pvalb","VehicleVsPCB_in_WTs"
"Ribosome","4/170",0.187696885543139,0.452281651911179,0,0,1.81371640407785,3.03421501261781,"RPL23;RPSA;RPS2;UBA52","Pvalb","VehicleVsPCB_in_WTs"
"Long-term depression","2/61",0.192488384530772,0.458305677454219,0,0,2.54586621813947,4.1948733284509,"GNAS;GRIA3","Pvalb","VehicleVsPCB_in_WTs"
"Oocyte meiosis","3/116",0.197868905545765,0.4655738954018,0,0,1.99603295697284,3.23387391455756,"CAMK2A;CALM1;YWHAH","Pvalb","VehicleVsPCB_in_WTs"
"Axon guidance","4/180",0.214803915455291,0.494001200655863,0,0,1.70979020979021,2.62970810314329,"GSK3B;CAMK2A;SRGAP3;MYL12B","Pvalb","VehicleVsPCB_in_WTs"
"Neurotrophin signaling pathway","3/121",0.2148905222853,0.494001200655863,0,0,1.91096824469121,2.93835556506954,"GSK3B;CAMK2A;CALM1","Pvalb","VehicleVsPCB_in_WTs"
"Long-term potentiation","2/67",0.221446665728106,0.497165046354596,0,0,2.31015854374633,3.48273381352809,"CAMK2A;CALM1","Pvalb","VehicleVsPCB_in_WTs"
"Arginine biosynthesis","1/19",0.223208932308267,0.497165046354596,0,0,4.1651880016899,6.24631181601535,"GOT1","Pvalb","VehicleVsPCB_in_WTs"
"Platelet activation","3/125",0.228723940952267,0.497165046354596,0,0,1.84793668739401,2.72614919594424,"GNAS;ACTG1;MYL12B","Pvalb","VehicleVsPCB_in_WTs"
"Cellular senescence","4/185",0.228745007611059,0.497165046354596,0,0,1.66213344666383,2.45189183182677,"VDAC3;VDAC1;CALM1;SLC25A4","Pvalb","VehicleVsPCB_in_WTs"
"Cortisol synthesis and secretion","2/69",0.231181746554887,0.497165046354596,0,0,2.24097071892446,3.28201612292573,"GNAS;PBX1","Pvalb","VehicleVsPCB_in_WTs"
"Type I diabetes mellitus","2/69",0.231181746554887,0.497165046354596,0,0,2.24097071892446,3.28201612292573,"GAD1;CPE","Pvalb","VehicleVsPCB_in_WTs"
"Inflammatory mediator regulation of TRP channels","3/127",0.235703132826943,0.501496027291367,0,0,1.81794586577679,2.62726296495653,"CAMK2A;GNAS;CALM1","Pvalb","VehicleVsPCB_in_WTs"
"Adipocytokine signaling pathway","2/71",0.240943494651149,0.507249462423471,0,0,2.17579378249806,3.09657412171148,"ACSL3;PPARGC1A","Pvalb","VehicleVsPCB_in_WTs"
"Arrhythmogenic right ventricular cardiomyopathy (ARVC)","2/72",0.245831834368424,0.512149654934216,0,0,2.14460196292257,3.00910726369543,"ATP2A2;ACTG1","Pvalb","VehicleVsPCB_in_WTs"
"Bacterial invasion of epithelial cells","2/74",0.255618597152112,0.52556955499617,0,0,2.08481764206955,2.84383469989225,"CLTC;ACTG1","Pvalb","VehicleVsPCB_in_WTs"
"Glioma","2/75",0.260515154564036,0.52556955499617,0,0,2.05615392659207,2.76572081261082,"CAMK2A;CALM1","Pvalb","VehicleVsPCB_in_WTs"
"Phenylalanine metabolism","1/23",0.263458915273579,0.52556955499617,0,0,3.4071897684065,4.54470679321155,"GOT1","Pvalb","VehicleVsPCB_in_WTs"
"Terpenoid backbone biosynthesis","1/23",0.263458915273579,0.52556955499617,0,0,3.4071897684065,4.54470679321155,"PDSS1","Pvalb","VehicleVsPCB_in_WTs"
"Renin secretion","2/76",0.265412625273066,0.52556955499617,0,0,2.0282649061275,2.69043171333211,"GNAS;CALM1","Pvalb","VehicleVsPCB_in_WTs"
"Focal adhesion","4/199",0.26886570373294,0.527187654378314,0,0,1.54169625246548,2.02508473167929,"GSK3B;ARHGAP5;MYL12B;ACTG1","Pvalb","VehicleVsPCB_in_WTs"
"Apelin signaling pathway","3/138",0.27466485676947,0.533329818969844,0,0,1.6688803746275,2.15653327344659,"MEF2C;CALM1;PPARGC1A","Pvalb","VehicleVsPCB_in_WTs"
"Insulin signaling pathway","3/139",0.278244006641197,0.534403401521925,0,0,1.65652467883705,2.11912050703581,"GSK3B;CALM1;PPARGC1A","Pvalb","VehicleVsPCB_in_WTs"
"Proteoglycans in cancer","4/203",0.28056178579901,0.534403401521925,0,0,1.510398144569,1.91965760149334,"ERBB4;CAMK2A;ANK2;ACTG1","Pvalb","VehicleVsPCB_in_WTs"
"Apoptosis","3/141",0.285415522467199,0.535401957863985,0,0,1.63235049142096,2.04665604247556,"CYCS;SPTAN1;ACTG1","Pvalb","VehicleVsPCB_in_WTs"
"NOD-like receptor signaling pathway","4/205",0.286440047457232,0.535401957863985,0,0,1.49521622655951,1.86935823670167,"HSP90AA1;HSP90AB1;VDAC3;VDAC1","Pvalb","VehicleVsPCB_in_WTs"
"Measles","3/144",0.296200335137998,0.543478927545975,0,0,1.59737507132958,1.94355699187312,"HSPA8;GSK3B;CYCS","Pvalb","VehicleVsPCB_in_WTs"
"ECM-receptor interaction","2/83",0.299649892286656,0.543478927545975,0,0,1.85232306097446,2.23230956124355,"SV2A;CD47","Pvalb","VehicleVsPCB_in_WTs"
"Butanoate metabolism","1/27",0.301630804788016,0.543478927545975,0,0,2.88242176074876,3.45473095430023,"GAD1","Pvalb","VehicleVsPCB_in_WTs"
"Phototransduction","1/27",0.301630804788016,0.543478927545975,0,0,2.88242176074876,3.45473095430023,"CALM1","Pvalb","VehicleVsPCB_in_WTs"
"Mucin type O-glycan biosynthesis","1/28",0.310861725455053,0.54740259098807,0,0,2.77552457400366,3.24294255842009,"GALNTL6","Pvalb","VehicleVsPCB_in_WTs"
"Protein export","1/28",0.310861725455053,0.54740259098807,0,0,2.77552457400366,3.24294255842009,"SEC62","Pvalb","VehicleVsPCB_in_WTs"
"Neuroactive ligand-receptor interaction","6/348",0.3120194768632,0.54740259098807,0,0,1.3187814497484,1.53597112791917,"GABRA1;GLRB;GABRG3;GABRG2;GRIA3;GRIA4","Pvalb","VehicleVsPCB_in_WTs"
"Kaposi sarcoma-associated herpesvirus infection","4/216",0.319046549823644,0.551674291965249,0,0,1.41683599419448,1.61861931492093,"GSK3B;UBB;CYCS;CALM1","Pvalb","VehicleVsPCB_in_WTs"
"Fatty acid elongation","1/29",0.319971089339844,0.551674291965249,0,0,2.6762629005975,3.04966749983642,"TECR","Pvalb","VehicleVsPCB_in_WTs"
"Colorectal cancer","2/88",0.323957296606766,0.553773156592762,0,0,1.74418604651163,1.9659480915221,"GSK3B;CYCS","Pvalb","VehicleVsPCB_in_WTs"
"Progesterone-mediated oocyte maturation","2/90",0.33362321757213,0.560711290037194,0,0,1.70437196391395,1.8709624164404,"HSP90AA1;HSP90AB1","Pvalb","VehicleVsPCB_in_WTs"
"Protein digestion and absorption","2/90",0.33362321757213,0.560711290037194,0,0,1.70437196391395,1.8709624164404,"ATP1A3;ATP1B1","Pvalb","VehicleVsPCB_in_WTs"
"Biosynthesis of unsaturated fatty acids","1/32",0.346585683311653,0.568173251330578,0,0,2.4169017539556,2.56101002528959,"TECR","Pvalb","VehicleVsPCB_in_WTs"
"Pentose phosphate pathway","1/32",0.346585683311653,0.568173251330578,0,0,2.4169017539556,2.56101002528959,"ALDOA","Pvalb","VehicleVsPCB_in_WTs"
"beta-Alanine metabolism","1/32",0.346585683311653,0.568173251330578,0,0,2.4169017539556,2.56101002528959,"GAD1","Pvalb","VehicleVsPCB_in_WTs"
"Fructose and mannose metabolism","1/35",0.372162439352436,0.605142177808838,0,0,2.20331022142697,2.17780658633992,"ALDOA","Pvalb","VehicleVsPCB_in_WTs"
"RNA transport","3/167",0.379041892839897,0.611357891677253,0,0,1.3717409587889,1.33073762538788,"TPR;EIF1B;EIF4G2","Pvalb","VehicleVsPCB_in_WTs"
"Thyroid cancer","1/37",0.388657010788689,0.615164011642086,0,0,2.08069286016054,1.9663755259307,"TPR","Pvalb","VehicleVsPCB_in_WTs"
"Longevity regulating pathway","2/102",0.390629147392725,0.615164011642086,0,0,1.49893129770992,1.40899038527055,"HSPA8;PPARGC1A","Pvalb","VehicleVsPCB_in_WTs"
"Th17 cell differentiation","2/102",0.390629147392725,0.615164011642086,0,0,1.49893129770992,1.40899038527055,"HSP90AA1;HSP90AB1","Pvalb","VehicleVsPCB_in_WTs"
"Chagas disease (American trypanosomiasis)","2/103",0.395287045962722,0.617636009316752,0,0,1.48401481369511,1.37737807899708,"PPP2R2B;GNAS","Pvalb","VehicleVsPCB_in_WTs"
"Tyrosine metabolism","1/40",0.412592869520043,0.636541818046106,0,0,1.9203470800429,1.70007167167398,"GOT1","Pvalb","VehicleVsPCB_in_WTs"
"Parathyroid hormone synthesis, secretion and action","2/107",0.413752181729969,0.636541818046106,0,0,1.4271901126863,1.25947826125684,"MEF2C;GNAS","Pvalb","VehicleVsPCB_in_WTs"
"Toxoplasmosis","2/108",0.418325034814283,0.638664175288982,0,0,1.41365404004033,1.23199462356467,"HSPA8;CYCS","Pvalb","VehicleVsPCB_in_WTs"
"Insulin resistance","2/110",0.427416253503008,0.647600384095467,0,0,1.38733389878428,1.17922952437804,"GSK3B;PPARGC1A","Pvalb","VehicleVsPCB_in_WTs"
"Human cytomegalovirus infection","4/255",0.435225866022575,0.650095545217582,0,0,1.1942997241802,0.993526177185353,"GSK3B;GNAS;CYCS;CALM1","Pvalb","VehicleVsPCB_in_WTs"
"Transcriptional misregulation in cancer","3/183",0.43556401529578,0.650095545217582,0,0,1.24878671775223,1.03788350080542,"MEF2C;GRIA3;PBX1","Pvalb","VehicleVsPCB_in_WTs"
"Hedgehog signaling pathway","1/44",0.44306116200161,0.656386906669051,0,0,1.74135644177204,1.4175467801213,"GSK3B","Pvalb","VehicleVsPCB_in_WTs"
"Cocaine addiction","1/48",0.471954762530825,0.688985054789526,0,0,1.59283229512175,1.19601339423527,"GNAS","Pvalb","VehicleVsPCB_in_WTs"
"Tryptophan metabolism","1/48",0.471954762530825,0.688985054789526,0,0,1.59283229512175,1.19601339423527,"DLD","Pvalb","VehicleVsPCB_in_WTs"
"Cell cycle","2/123",0.484591518945455,0.694052227670546,0,0,1.2374613589048,0.896477609221087,"GSK3B;YWHAH","Pvalb","VehicleVsPCB_in_WTs"
"Fatty acid degradation","1/50",0.485836559369382,0.694052227670546,0,0,1.52766353689765,1.10279435111613,"ACSL3","Pvalb","VehicleVsPCB_in_WTs"
"N-Glycan biosynthesis","1/50",0.485836559369382,0.694052227670546,0,0,1.52766353689765,1.10279435111613,"MAN1A2","Pvalb","VehicleVsPCB_in_WTs"
"AMPK signaling pathway","2/126",0.497280085783328,0.703316566516472,0,0,1.2073380940655,0.843448636639159,"PPP2R2B;PPARGC1A","Pvalb","VehicleVsPCB_in_WTs"
"Amyotrophic lateral sclerosis (ALS)","1/52",0.499354762226695,0.703316566516472,0,0,1.46760605382838,1.01916213118281,"CYCS","Pvalb","VehicleVsPCB_in_WTs"
"Glycosaminoglycan biosynthesis","1/53",0.505980490704316,0.707665021964078,0,0,1.43930973968997,0.980540074773081,"EXTL2","Pvalb","VehicleVsPCB_in_WTs"
"Regulation of lipolysis in adipocytes","1/56",0.525338091657565,0.724604264355262,0,0,1.36059453854131,0.875832718117988,"GNAS","Pvalb","VehicleVsPCB_in_WTs"
"Valine, leucine and isoleucine degradation","1/56",0.525338091657565,0.724604264355262,0,0,1.36059453854131,0.875832718117988,"DLD","Pvalb","VehicleVsPCB_in_WTs"
"Ovarian steroidogenesis","1/57",0.531621205676357,0.728248226953914,0,0,1.33623030961434,0.844262462859328,"GNAS","Pvalb","VehicleVsPCB_in_WTs"
"Endometrial cancer","1/58",0.537821460504357,0.731729878237221,0,0,1.31272096591288,0.814187128486705,"GSK3B","Pvalb","VehicleVsPCB_in_WTs"
"Lysine degradation","1/59",0.543939944893313,0.735053979585559,0,0,1.29002228923561,0.785515771673484,"DLD","Pvalb","VehicleVsPCB_in_WTs"
"Vascular smooth muscle contraction","2/140",0.553791406141156,0.74124784694297,0,0,1.0840800973559,0.640655764910744,"GNAS;CALM1","Pvalb","VehicleVsPCB_in_WTs"
"Glycerolipid metabolism","1/61",0.555935885207227,0.74124784694297,0,0,1.2468948035488,0.732054814198996,"DGKB","Pvalb","VehicleVsPCB_in_WTs"
"Basal cell carcinoma","1/63",0.567617453972958,0.746865071017051,0,0,1.20654973629339,0.683278265759867,"GSK3B","Pvalb","VehicleVsPCB_in_WTs"
"Mitophagy","1/63",0.567617453972958,0.746865071017051,0,0,1.20654973629339,0.683278265759867,"UBB","Pvalb","VehicleVsPCB_in_WTs"
"Central carbon metabolism in cancer","1/64",0.573342922439237,0.749467872469591,0,0,1.1873377995051,0.660481908971756,"PGAM1","Pvalb","VehicleVsPCB_in_WTs"
"Aminoacyl-tRNA biosynthesis","1/66",0.584568256986965,0.758306467765216,0,0,1.15068733547821,0.617783003295564,"SARS","Pvalb","VehicleVsPCB_in_WTs"
"Phospholipase D signaling pathway","2/149",0.587687512518042,0.758306467765216,0,0,1.01724048397985,0.54072426381985,"DGKB;GNAS","Pvalb","VehicleVsPCB_in_WTs"
"Renal cell carcinoma","1/68",0.595499341477978,0.763460694202537,0,0,1.11622495885591,0.578600784102752,"ELOB","Pvalb","VehicleVsPCB_in_WTs"
"Human immunodeficiency virus 1 infection","3/238",0.610841493811085,0.765850060728813,0,0,0.953827341648325,0.470158450404388,"CYCS;ELOB;CALM1","Pvalb","VehicleVsPCB_in_WTs"
"p53 signaling pathway","1/71",0.611361004704531,0.765850060728813,0,0,1.06822379141771,0.525638372738345,"CYCS","Pvalb","VehicleVsPCB_in_WTs"
"Adherens junction","1/72",0.616509298886694,0.765850060728813,0,0,1.05312483264607,0.509377391703644,"ACTG1","Pvalb","VehicleVsPCB_in_WTs"
"B cell receptor signaling pathway","1/72",0.616509298886694,0.765850060728813,0,0,1.05312483264607,0.509377391703644,"GSK3B","Pvalb","VehicleVsPCB_in_WTs"
"Prolactin signaling pathway","1/72",0.616509298886694,0.765850060728813,0,0,1.05312483264607,0.509377391703644,"GSK3B","Pvalb","VehicleVsPCB_in_WTs"
"Wnt signaling pathway","2/160",0.626482474828906,0.771589010329045,0,0,0.945888491641705,0.442330071201069,"GSK3B;CAMK2A","Pvalb","VehicleVsPCB_in_WTs"
"Human T-cell leukemia virus 1 infection","3/245",0.630394941645141,0.771589010329045,0,0,0.925904816186948,0.427220597291352,"VDAC3;VDAC1;SLC25A4","Pvalb","VehicleVsPCB_in_WTs"
"Pertussis","1/76",0.636431903157555,0.771589010329045,0,0,0.996755386565273,0.45041168415327,"CALM1","Pvalb","VehicleVsPCB_in_WTs"
"Hepatitis B","2/163",0.636560933521462,0.771589010329045,0,0,0.928120999478451,0.41920917625463,"VDAC3;CYCS","Pvalb","VehicleVsPCB_in_WTs"
"Salmonella infection","1/78",0.646003084713478,0.778316969534311,0,0,0.970766875709841,0.42417755721767,"ACTG1","Pvalb","VehicleVsPCB_in_WTs"
"Hepatocellular carcinoma","2/171",0.662395910313489,0.793288515345496,0,0,0.883824924341659,0.364040283140033,"GSK3B;ACTG1","Pvalb","VehicleVsPCB_in_WTs"
"Peroxisome","1/84",0.67323645988933,0.801471976058726,0,0,0.90031609327042,0.35621785819079,"ACSL3","Pvalb","VehicleVsPCB_in_WTs"
"PPAR signaling pathway","1/85",0.677567912670266,0.801855517952977,0,0,0.88955277928662,0.34625440847573,"ACSL3","Pvalb","VehicleVsPCB_in_WTs"
"Gap junction","1/86",0.681842163689719,0.802167251399669,0,0,0.879042719749497,0.336635632678557,"GNAS","Pvalb","VehicleVsPCB_in_WTs"
"Taste transduction","1/88",0.690222060843368,0.8048856918396,0,0,0.858747432367466,0.318373659725636,"GABRA1","Pvalb","VehicleVsPCB_in_WTs"
"Endocytosis","3/269",0.692201694982056,0.8048856918396,0,0,0.841327456572466,0.309505777175298,"HSPA8;UBB;CLTC","Pvalb","VehicleVsPCB_in_WTs"
"Small cell lung cancer","1/92",0.706327893291577,0.816564038487372,0,0,0.820833159236201,0.285383752427804,"CYCS","Pvalb","VehicleVsPCB_in_WTs"
"mRNA surveillance pathway","1/96",0.721599360472998,0.828905090736522,0,0,0.7861116670002,0.256496599735423,"PPP2R2B","Pvalb","VehicleVsPCB_in_WTs"
"Glycerophospholipid metabolism","1/97",0.725291954394457,0.828905090736522,0,0,0.77788339670469,0.249841374604443,"DGKB","Pvalb","VehicleVsPCB_in_WTs"
"Choline metabolism in cancer","1/99",0.732531401404735,0.832422047050835,0,0,0.761930627764414,0.237150199446924,"DGKB","Pvalb","VehicleVsPCB_in_WTs"
"T cell receptor signaling pathway","1/101",0.739580767972364,0.83295986239496,0,0,0.746615969581749,0.225232970826914,"GSK3B","Pvalb","VehicleVsPCB_in_WTs"
"Alcoholism","2/199",0.741334277531514,0.83295986239496,0,0,0.757120161196575,0.22660881912775,"GNAS;CALM1","Pvalb","VehicleVsPCB_in_WTs"
"MAPK signaling pathway","3/294",0.747998667501404,0.835752701118887,0,0,0.768060986688786,0.223009643036065,"HSPA8;MEF2C;ERBB4","Pvalb","VehicleVsPCB_in_WTs"
"Amoebiasis","1/106",0.756404894633148,0.84044988292572,0,0,0.710881767155531,0.198462885001151,"GNAS","Pvalb","VehicleVsPCB_in_WTs"
"C-type lectin receptor signaling pathway","1/112",0.775170396441583,0.855115208500933,0,0,0.672250196965026,0.171203576049399,"CALM1","Pvalb","VehicleVsPCB_in_WTs"
"Cholinergic synapse","1/113",0.778154839735849,0.855115208500933,0,0,0.666214014122759,0.167106295814378,"CAMK2A","Pvalb","VehicleVsPCB_in_WTs"
"Regulation of actin cytoskeleton","2/217",0.783331481111755,0.856099979357109,0,0,0.693094265932895,0.169253151938934,"MYL12B;ACTG1","Pvalb","VehicleVsPCB_in_WTs"
"Viral carcinogenesis","2/229",0.807904671166217,0.874043120361804,0,0,0.656051383797962,0.139943113615304,"VDAC3;YWHAH","Pvalb","VehicleVsPCB_in_WTs"
"Sphingolipid signaling pathway","1/124",0.808489886334668,0.874043120361804,0,0,0.606293857615382,0.128890258525223,"PPP2R2B","Pvalb","VehicleVsPCB_in_WTs"
"Relaxin signaling pathway","1/131",0.825604138556021,0.880767361284209,0,0,0.573442527054694,0.109894452186803,"GNAS","Pvalb","VehicleVsPCB_in_WTs"
"Serotonergic synapse","1/132",0.827921319607156,0.880767361284209,0,0,0.569036078135431,0.10745515337106,"GNAS","Pvalb","VehicleVsPCB_in_WTs"
"Spliceosome","1/132",0.827921319607156,0.880767361284209,0,0,0.569036078135431,0.10745515337106,"HSPA8","Pvalb","VehicleVsPCB_in_WTs"
"Signaling pathways regulating pluripotency of stem cells","1/137",0.839055133958675,0.885467617600716,0,0,0.547975844330127,0.0961581768969557,"GSK3B","Pvalb","VehicleVsPCB_in_WTs"
"Ubiquitin mediated proteolysis","1/138",0.84119423672068,0.885467617600716,0,0,0.543948266770281,0.0940664350549856,"ELOB","Pvalb","VehicleVsPCB_in_WTs"
"Systemic lupus erythematosus","1/143",0.851472279363155,0.891594009804351,0,0,0.524661275638623,0.0843594126724893,"TROVE2","Pvalb","VehicleVsPCB_in_WTs"
"Breast cancer","1/147",0.859215371976458,0.895016012475477,0,0,0.51018282202198,0.0774129294412624,"GSK3B","Pvalb","VehicleVsPCB_in_WTs"
"Gastric cancer","1/150",0.864757575997224,0.896121840411631,0,0,0.499834128665119,0.0726289330345977,"GSK3B","Pvalb","VehicleVsPCB_in_WTs"
"Cell adhesion molecules (CAMs)","1/170",0.896542147238359,0.924270254884906,0,0,0.440232186649268,0.0480777456352533,"CNTNAP2","Pvalb","VehicleVsPCB_in_WTs"
"Chemokine signaling pathway","1/197",0.927971350363424,0.95176548755223,0,0,0.379064173197796,0.0283367220787678,"GSK3B","Pvalb","VehicleVsPCB_in_WTs"
"Epstein-Barr virus infection","1/229",0.953135065736679,0.970140682400884,0,0,0.325328530451604,0.0156153330234386,"CYCS","Pvalb","VehicleVsPCB_in_WTs"
"Ras signaling pathway","1/233",0.955588572164871,0.970140682400884,0,0,0.319653861282287,0.0145211788423985,"CALM1","Pvalb","VehicleVsPCB_in_WTs"
"MicroRNAs in cancer","1/281",0.976724941654105,0.986590850155662,0,0,0.264204236827811,0.0062220626700634,"TPM1","Pvalb","VehicleVsPCB_in_WTs"
"Herpes simplex virus 1 infection","1/433",0.997021270515839,0.999969204050525,0,0,0.169905647091959,0.000506858232630648,"CYCS","Pvalb","VehicleVsPCB_in_WTs"
"Olfactory transduction","3/1133",0.999969204050525,0.999969204050525,0,0,0.189258468111077,5.8284839689687e-06,"CAMK2A;CALM1;NCALD","Pvalb","VehicleVsPCB_in_WTs"
"Collecting duct acid secretion","1/27",0.0187409364492419,0.142821161988969,0,0,59.0532544378698,234.857452233383,"ATP6V0C","Sncg","VehicleVsPCB_in_WTs"
"Glycolysis / Gluconeogenesis","1/67",0.0459066810912919,0.142821161988969,0,0,23.2167832167832,71.5342665851694,"ENO2","Sncg","VehicleVsPCB_in_WTs"
"Arrhythmogenic right ventricular cardiomyopathy (ARVC)","1/72",0.0492528558004378,0.142821161988969,0,0,21.5763813651138,64.9619085278147,"CACNA2D1","Sncg","VehicleVsPCB_in_WTs"
"Synaptic vesicle cycle","1/77",0.0525881307391529,0.142821161988969,0,0,20.1518218623482,59.3524523134869,"ATP6V0C","Sncg","VehicleVsPCB_in_WTs"
"Cardiac muscle contraction","1/78",0.0532538806466596,0.142821161988969,0,0,19.8891108891109,58.3284892331573,"CACNA2D1","Sncg","VehicleVsPCB_in_WTs"
"RNA degradation","1/83",0.0565761190901679,0.142821161988969,0,0,18.671669793621,53.628178220195,"ENO2","Sncg","VehicleVsPCB_in_WTs"
"Rheumatoid arthritis","1/84",0.0572392663874041,0.142821161988969,0,0,18.4457831325301,52.7644419346727,"ATP6V0C","Sncg","VehicleVsPCB_in_WTs"
"Hypertrophic cardiomyopathy (HCM)","1/86",0.0585642627035489,0.142821161988969,0,0,18.0099547511312,51.1055990649945,"CACNA2D1","Sncg","VehicleVsPCB_in_WTs"
"Dilated cardiomyopathy (DCM)","1/90",0.061209069423844,0.142821161988969,0,0,17.1970613656007,48.0393014472086,"CACNA2D1","Sncg","VehicleVsPCB_in_WTs"
"HIF-1 signaling pathway","1/104",0.0704116591696319,0.146906101010306,0,0,14.849141150112,39.4006579132187,"ENO2","Sncg","VehicleVsPCB_in_WTs"
"Lysosome","1/124",0.0834129832790227,0.146906101010306,0,0,12.422138836773,30.855987998407,"ATP6V0C","Sncg","VehicleVsPCB_in_WTs"
"Oxidative phosphorylation","1/134",0.0898501366981315,0.146906101010306,0,0,11.4823597455176,27.668033488594,"ATP6V0C","Sncg","VehicleVsPCB_in_WTs"
"Adrenergic signaling in cardiomyocytes","1/148",0.0987916491782093,0.146906101010306,0,0,10.38147566719,24.0304398281107,"CACNA2D1","Sncg","VehicleVsPCB_in_WTs"
"Oxytocin signaling pathway","1/154",0.102598698274744,0.146906101010306,0,0,9.97134238310709,22.7040489484682,"CACNA2D1","Sncg","VehicleVsPCB_in_WTs"
"Ribosome","1/170",0.112677945432024,0.146906101010306,0,0,9.02002730996814,19.6927181832427,"RPL37","Sncg","VehicleVsPCB_in_WTs"
"Tuberculosis","1/178",0.117678053994405,0.146906101010306,0,0,8.60886571056063,18.4212744292331,"ATP6V0C","Sncg","VehicleVsPCB_in_WTs"
"Phagosome","1/180",0.118923986532153,0.146906101010306,0,0,8.5118177911474,18.123964725286,"ATP6V0C","Sncg","VehicleVsPCB_in_WTs"
"Chemokine signaling pathway","1/197",0.129448644648821,0.151023418756958,0,0,7.7668759811617,15.8791530373907,"CXCL14","Sncg","VehicleVsPCB_in_WTs"
"Cytokine-cytokine receptor interaction","1/292",0.186145556311054,0.196666523772506,0,0,5.20618556701031,8.75277636083947,"CXCL14","Sncg","VehicleVsPCB_in_WTs"
"MAPK signaling pathway","1/294",0.187301451211911,0.196666523772506,0,0,5.1701233919664,8.66014240013452,"CACNA2D1","Sncg","VehicleVsPCB_in_WTs"
"Human papillomavirus infection","1/360",0.224601708436584,0.224601708436584,0,0,4.20548532247697,6.28058377321822,"ATP6V0C","Sncg","VehicleVsPCB_in_WTs"
"Synaptic vesicle cycle","3/77",9.19251078780767e-05,0.00340122899148884,0,0,40.3439189189189,374.978021185158,"SNAP25;SYT1;ATP6V0C","Sst","VehicleVsPCB_in_WTs"
"Proximal tubule bicarbonate reclamation","2/22",0.000288157763042451,0.00533091861628535,0,0,95.0333333333333,774.711965164085,"MDH1;ATP1B1","Sst","VehicleVsPCB_in_WTs"
"Gastric acid secretion","2/74",0.00324915753632591,0.0400729429480196,0,0,26.3293650793651,150.85039888996,"SST;ATP1B1","Sst","VehicleVsPCB_in_WTs"
"Insulin secretion","2/86",0.00436012503953984,0.0403311566157435,0,0,22.5544217687075,122.589023388493,"SNAP25;ATP1B1","Sst","VehicleVsPCB_in_WTs"
"cAMP signaling pathway","2/211",0.0242302182200544,0.130611130285277,0,0,9.00797448165869,33.5110589477377,"SST;ATP1B1","Sst","VehicleVsPCB_in_WTs"
"Collecting duct acid secretion","1/27",0.0306096363049702,0.130611130285277,0,0,34.8793706293706,121.604847156372,"ATP6V0C","Sst","VehicleVsPCB_in_WTs"
"Fatty acid elongation","1/29",0.0328410113902878,0.130611130285277,0,0,32.3847402597403,110.628772743736,"TECR","Sst","VehicleVsPCB_in_WTs"
"Glyoxylate and dicarboxylate metabolism","1/31",0.0350674733320937,0.130611130285277,0,0,30.2227272727273,101.260681469549,"MDH1","Sst","VehicleVsPCB_in_WTs"
"Biosynthesis of unsaturated fatty acids","1/32",0.0361788650960567,0.130611130285277,0,0,29.2463343108504,97.0767774581286,"TECR","Sst","VehicleVsPCB_in_WTs"
"Citrate cycle (TCA cycle)","1/32",0.0361788650960567,0.130611130285277,0,0,29.2463343108504,97.0767774581286,"MDH1","Sst","VehicleVsPCB_in_WTs"
"Aldosterone-regulated sodium reabsorption","1/38",0.0428215476525957,0.130611130285277,0,0,24.4963144963145,77.1808774372472,"ATP1B1","Sst","VehicleVsPCB_in_WTs"
"Pyruvate metabolism","1/38",0.0428215476525957,0.130611130285277,0,0,24.4963144963145,77.1808774372472,"MDH1","Sst","VehicleVsPCB_in_WTs"
"Carbohydrate digestion and absorption","1/43",0.0483236444741316,0.130611130285277,0,0,21.5746753246753,65.3676914067237,"ATP1B1","Sst","VehicleVsPCB_in_WTs"
"Mineral absorption","1/44",0.0494204276755101,0.130611130285277,0,0,21.0718816067653,63.3713960436082,"ATP1B1","Sst","VehicleVsPCB_in_WTs"
"Cysteine and methionine metabolism","1/50",0.0559757805878795,0.138073592116769,0,0,18.4860853432282,53.2923554931915,"MDH1","Sst","VehicleVsPCB_in_WTs"
"Endocrine and other factor-regulated calcium reabsorption","1/55",0.0614055224333898,0.142000270627214,0,0,16.770202020202,46.7931485229585,"ATP1B1","Sst","VehicleVsPCB_in_WTs"
"Glycolysis / Gluconeogenesis","1/67",0.0743152939821416,0.151523645741591,0,0,13.7128099173554,35.6456061451566,"GAPDH","Sst","VehicleVsPCB_in_WTs"
"Bile secretion","1/72",0.0796440849468237,0.151523645741591,0,0,12.7439180537772,32.244502268369,"ATP1B1","Sst","VehicleVsPCB_in_WTs"
"Thyroid hormone synthesis","1/73",0.080706316310888,0.151523645741591,0,0,12.5662878787879,31.6285729817901,"ATP1B1","Sst","VehicleVsPCB_in_WTs"
"Cardiac muscle contraction","1/78",0.0859999070425244,0.151523645741591,0,0,11.7473435655254,28.8210391772366,"ATP1B1","Sst","VehicleVsPCB_in_WTs"
"Salivary secretion","1/78",0.0859999070425244,0.151523645741591,0,0,11.7473435655254,28.8210391772366,"ATP1B1","Sst","VehicleVsPCB_in_WTs"
"Rheumatoid arthritis","1/84",0.0923137330775272,0.155254914721296,0,0,10.894852135816,25.9576646289328,"ATP6V0C","Sst","VehicleVsPCB_in_WTs"
"Protein digestion and absorption","1/90",0.0985858279282814,0.158594592754192,0,0,10.1573033707865,23.5327224231173,"ATP1B1","Sst","VehicleVsPCB_in_WTs"
"Aldosterone synthesis and secretion","1/102",0.111005875751784,0.162352037047387,0,0,8.94509450945094,19.6628575794324,"ATP1B1","Sst","VehicleVsPCB_in_WTs"
"HIF-1 signaling pathway","1/104",0.113059904110392,0.162352037047387,0,0,8.77052074139453,19.1183097949485,"GAPDH","Sst","VehicleVsPCB_in_WTs"
"Pancreatic secretion","1/105",0.114085215222488,0.162352037047387,0,0,8.68575174825175,18.8551133467344,"ATP1B1","Sst","VehicleVsPCB_in_WTs"
"Thyroid hormone signaling pathway","1/115",0.124276165084217,0.170304374374667,0,0,7.91985645933014,16.5148731737652,"ATP1B1","Sst","VehicleVsPCB_in_WTs"
"Lysosome","1/124",0.133352065146115,0.176215228943081,0,0,7.3370288248337,14.7823708444845,"ATP6V0C","Sst","VehicleVsPCB_in_WTs"
"Oxidative phosphorylation","1/134",0.143330865708043,0.182870414868883,0,0,6.78195488721805,13.1746226822655,"ATP6V0C","Sst","VehicleVsPCB_in_WTs"
"Adrenergic signaling in cardiomyocytes","1/148",0.157116717235454,0.193777284590393,0,0,6.1317254174397,11.3483909348517,"ATP1B1","Sst","VehicleVsPCB_in_WTs"
"cGMP-PKG signaling pathway","1/172",0.180257298735756,0.198568282021227,0,0,5.26475279106858,9.0204695493575,"ATP1B1","Sst","VehicleVsPCB_in_WTs"
"Alzheimer disease","1/175",0.183106775602753,0.198568282021227,0,0,5.17319749216301,8.78246404231375,"GAPDH","Sst","VehicleVsPCB_in_WTs"
"Tuberculosis","1/178",0.185946776731365,0.198568282021227,0,0,5.08474576271186,8.55404131943519,"ATP6V0C","Sst","VehicleVsPCB_in_WTs"
"Phagosome","1/180",0.187834861371431,0.198568282021227,0,0,5.0274250888776,8.40682051258573,"ATP6V0C","Sst","VehicleVsPCB_in_WTs"
"Axon guidance","1/180",0.187834861371431,0.198568282021227,0,0,5.0274250888776,8.40682051258573,"EPHA5","Sst","VehicleVsPCB_in_WTs"
"Neuroactive ligand-receptor interaction","1/348",0.332319852006264,0.341550959006438,0,0,2.57139114487818,2.83279199096661,"SST","Sst","VehicleVsPCB_in_WTs"
"Human papillomavirus infection","1/360",0.341639451481912,0.341639451481912,0,0,2.48391997974171,2.6677284025847,"ATP6V0C","Sst","VehicleVsPCB_in_WTs"
"Ribosome","9/170",6.01960273024327e-08,9.02940409536491e-06,0,0,13.9758628823021,232.357937198846,"RPS9;RPS8;RPS29;RPLP1;RPL37A;RPS3;RPL13;RPL19;RPS23","Vip","VehicleVsPCB_in_WTs"
"GABAergic synapse","5/90",4.81498031610981e-05,0.00361123523708235,0,0,14.0517363571935,139.691030246941,"GABRA2;GABRB1;GAD1;GABRA4;GLS","Vip","VehicleVsPCB_in_WTs"
"Adherens junction","4/72",0.00028652753641432,0.0120820964841831,0,0,13.8963585434174,113.361989372065,"SORBS1;ACTB;EGFR;ACTG1","Vip","VehicleVsPCB_in_WTs"
"Rap1 signaling pathway","6/209",0.000322189239578216,0.0120820964841831,0,0,7.10404902078577,57.1191931711787,"CNR1;IGF1;CALM1;ACTB;EGFR;ACTG1","Vip","VehicleVsPCB_in_WTs"
"Retrograde endocannabinoid signaling","5/150",0.000527257013513526,0.0158177104054058,0,0,8.21229746572497,61.9849630680731,"GABRA2;GABRB1;NDUFB8;CNR1;GABRA4","Vip","VehicleVsPCB_in_WTs"
"Nicotine addiction","3/40",0.00072289337337433,0.0180723343343583,0,0,18.9586645468998,137.113779387677,"GABRA2;GABRB1;GABRA4","Vip","VehicleVsPCB_in_WTs"
"Neuroactive ligand-receptor interaction","7/348",0.000863394211957725,0.0185013045419513,0,0,4.9598855942942,34.9902032350987,"GABRA2;GABRB1;CNR1;GABRA4;PENK;TAC2;VIP","Vip","VehicleVsPCB_in_WTs"
"HIF-1 signaling pathway","4/104",0.00115093150286117,0.0215799656786469,0,0,9.43428571428571,63.8435441482975,"IGF1;ALDOA;GAPDH;EGFR","Vip","VehicleVsPCB_in_WTs"
"Proteoglycans in cancer","5/203",0.00203170018207809,0.0338616697013015,0,0,5.99793111841305,37.1804690965853,"ERBB4;IGF1;ACTB;EGFR;ACTG1","Vip","VehicleVsPCB_in_WTs"
"Thermogenesis","5/231",0.0035442371735845,0.0531635576037675,0,0,5.24736112591961,29.6078800426098,"NDUFB8;CNR1;COX5A;ACTB;ACTG1","Vip","VehicleVsPCB_in_WTs"
"Glioma","3/75",0.00442302524901272,0.0597146435168838,0,0,9.72549019607843,52.7212149075313,"IGF1;CALM1;EGFR","Vip","VehicleVsPCB_in_WTs"
"Oxytocin signaling pathway","4/154",0.00477717148135071,0.0597146435168838,0,0,6.27365079365079,33.5258041829778,"CALM1;ACTB;EGFR;ACTG1","Vip","VehicleVsPCB_in_WTs"
"Hypertrophic cardiomyopathy (HCM)","3/86",0.00647529239883121,0.0730995876414405,0,0,8.43189227498228,42.4947261801411,"IGF1;ACTB;ACTG1","Vip","VehicleVsPCB_in_WTs"
"Dilated cardiomyopathy (DCM)","3/90",0.00734034253946838,0.0730995876414405,0,0,8.04259634888438,39.5242923688041,"IGF1;ACTB;ACTG1","Vip","VehicleVsPCB_in_WTs"
"Alzheimer disease","4/175",0.00746685431281688,0.0730995876414405,0,0,5.4973544973545,26.9220923574775,"NDUFB8;CALM1;GAPDH;COX5A","Vip","VehicleVsPCB_in_WTs"
"Morphine addiction","3/92",0.00779728934842032,0.0730995876414405,0,0,7.861070720423,38.1574731780155,"GABRA2;GABRB1;GABRA4","Vip","VehicleVsPCB_in_WTs"
"Alanine, aspartate and glutamate metabolism","2/37",0.0115354217357383,0.0965295227236581,0,0,13.2073089700997,58.9354083686638,"GAD1;GLS","Vip","VehicleVsPCB_in_WTs"
"Focal adhesion","4/199",0.011583542726839,0.0965295227236581,0,0,4.81489621489621,21.4656254667474,"IGF1;ACTB;EGFR;ACTG1","Vip","VehicleVsPCB_in_WTs"
"Leukocyte transendothelial migration","3/115",0.0142640652690387,0.109477796265413,0,0,6.23949579831933,26.5179309101939,"THY1;ACTB;ACTG1","Vip","VehicleVsPCB_in_WTs"
"Oocyte meiosis","3/116",0.014597039502055,0.109477796265413,0,0,6.18396668401874,26.1392347676454,"IGF1;SKP1A;CALM1","Vip","VehicleVsPCB_in_WTs"
"Estrogen signaling pathway","3/134",0.0213469340603436,0.145547277684161,0,0,5.32941176470588,20.5014324760914,"HSPA8;CALM1;EGFR","Vip","VehicleVsPCB_in_WTs"
"Oxidative phosphorylation","3/134",0.0213469340603436,0.145547277684161,0,0,5.32941176470588,20.5014324760914,"NDUFB8;ATP6V0C;COX5A","Vip","VehicleVsPCB_in_WTs"
"Apoptosis","3/141",0.0243614197257782,0.157892865916426,0,0,5.05728900255754,18.7865873673726,"ACTB;ACTG1;CTSB","Vip","VehicleVsPCB_in_WTs"
"Fluid shear stress and atherosclerosis","3/143",0.0252628585466282,0.157892865916426,0,0,4.98453781512605,18.3352236074257,"CALM1;ACTB;ACTG1","Vip","VehicleVsPCB_in_WTs"
"Central carbon metabolism in cancer","2/64",0.0323531559970262,0.185938360571495,0,0,7.44561140285071,25.5462181330747,"EGFR;GLS","Vip","VehicleVsPCB_in_WTs"
"Glycolysis / Gluconeogenesis","2/67",0.0351845673167786,0.185938360571495,0,0,7.10089445438283,23.7677426901667,"ALDOA;GAPDH","Vip","VehicleVsPCB_in_WTs"
"Protein processing in endoplasmic reticulum","3/163",0.0352543302023286,0.185938360571495,0,0,4.35705882352941,14.5750890216507,"HSPA8;DNAJC10;SKP1A","Vip","VehicleVsPCB_in_WTs"
"Influenza A","3/168",0.0380274040824615,0.185938360571495,0,0,4.22395721925134,13.8100094080441,"HSPA8;ACTB;ACTG1","Vip","VehicleVsPCB_in_WTs"
"Hepatocellular carcinoma","3/171",0.0397434266364761,0.185938360571495,0,0,4.14789915966387,13.3782640365827,"ACTB;EGFR;ACTG1","Vip","VehicleVsPCB_in_WTs"
"Arrhythmogenic right ventricular cardiomyopathy (ARVC)","2/72",0.0401077543908726,0.185938360571495,0,0,6.59202657807309,21.2011808697399,"ACTB;ACTG1","Vip","VehicleVsPCB_in_WTs"
"Melanoma","2/72",0.0401077543908726,0.185938360571495,0,0,6.59202657807309,21.2011808697399,"IGF1;EGFR","Vip","VehicleVsPCB_in_WTs"
"MAPK signaling pathway","4/294",0.0408401954345084,0.185938360571495,0,0,3.22200328407225,10.3042516508079,"HSPA8;ERBB4;IGF1;EGFR","Vip","VehicleVsPCB_in_WTs"
"Bacterial invasion of epithelial cells","2/74",0.0421460283962056,0.185938360571495,0,0,6.40826873385013,20.2925187716649,"ACTB;ACTG1","Vip","VehicleVsPCB_in_WTs"
"Gastric acid secretion","2/74",0.0421460283962056,0.185938360571495,0,0,6.40826873385013,20.2925187716649,"CALM1;ACTB","Vip","VehicleVsPCB_in_WTs"
"Renin secretion","2/76",0.0442224910809287,0.186949271811978,0,0,6.23444374607165,19.4422485542747,"CALM1;CTSB","Vip","VehicleVsPCB_in_WTs"
"Phagosome","3/180",0.0451239138684717,0.186949271811978,0,0,3.93519441674975,12.1925818072435,"ATP6V0C;ACTB;ACTG1","Vip","VehicleVsPCB_in_WTs"
"Salmonella infection","2/78",0.0463363315170716,0.186949271811978,0,0,6.06976744186047,18.6452872117817,"ACTB;ACTG1","Vip","VehicleVsPCB_in_WTs"
"Taurine and hypotaurine metabolism","1/11",0.0473604821923679,0.186949271811978,0,0,22.8758620689655,69.7706268553351,"GAD1","Vip","VehicleVsPCB_in_WTs"
"Calcium signaling pathway","3/189",0.0508479518834097,0.195569045705422,0,0,3.74307400379507,11.1503009239197,"ERBB4;CALM1;EGFR","Vip","VehicleVsPCB_in_WTs"
"ErbB signaling pathway","2/84",0.0528941745205551,0.198353154452082,0,0,5.62393647192286,16.5313479358079,"ERBB4;EGFR","Vip","VehicleVsPCB_in_WTs"
"Viral myocarditis","2/87",0.056289969397681,0.203728181861036,0,0,5.42462380300958,15.6079387495247,"ACTB;ACTG1","Vip","VehicleVsPCB_in_WTs"
"Taste transduction","2/88",0.0574385813591675,0.203728181861036,0,0,5.36127636560303,15.3173759468791,"GABRA2;GABRA4","Vip","VehicleVsPCB_in_WTs"
"Antigen processing and presentation","2/90",0.0597602666792372,0.203728181861036,0,0,5.23890063424947,14.7601534357174,"HSPA8;CTSB","Vip","VehicleVsPCB_in_WTs"
"GnRH signaling pathway","2/90",0.0597602666792372,0.203728181861036,0,0,5.23890063424947,14.7601534357174,"CALM1;EGFR","Vip","VehicleVsPCB_in_WTs"
"Prostate cancer","2/97",0.0681334433193478,0.225851565919132,0,0,4.85116279069767,13.0316160006178,"IGF1;EGFR","Vip","VehicleVsPCB_in_WTs"
"Choline metabolism in cancer","2/99",0.0705934856554823,0.225851565919132,0,0,4.75065931431311,12.5931304189275,"GPCPD1;EGFR","Vip","VehicleVsPCB_in_WTs"
"Regulation of actin cytoskeleton","3/217",0.0707668239879948,0.225851565919132,0,0,3.24870808136339,8.60376469942478,"ACTB;EGFR;ACTG1","Vip","VehicleVsPCB_in_WTs"
"Longevity regulating pathway","2/102",0.0743373585606437,0.232304245502012,0,0,4.60744186046512,11.9753940238977,"HSPA8;IGF1","Vip","VehicleVsPCB_in_WTs"
"Steroid biosynthesis","1/19",0.0804050261085207,0.241215078325562,0,0,12.7037037037037,32.0219539518703,"MSMO1","Vip","VehicleVsPCB_in_WTs"
"Arginine biosynthesis","1/19",0.0804050261085207,0.241215078325562,0,0,12.7037037037037,32.0219539518703,"GLS","Vip","VehicleVsPCB_in_WTs"
"Ras signaling pathway","3/233",0.083503419900651,0.245598293825444,0,0,3.0202557544757,7.49889543155601,"IGF1;CALM1;EGFR","Vip","VehicleVsPCB_in_WTs"
"Thyroid hormone signaling pathway","2/115",0.0912549509919102,0.261799161452054,0,0,4.07470672977979,9.75524735681763,"ACTB;ACTG1","Vip","VehicleVsPCB_in_WTs"
"Proximal tubule bicarbonate reclamation","1/22",0.0925023703797257,0.261799161452054,0,0,10.8872468527641,25.9173198638853,"GLS","Vip","VehicleVsPCB_in_WTs"
"Lysosome","2/124",0.103562322126474,0.279167656868377,0,0,3.77239801753717,8.55422071475538,"ATP6V0C;CTSB","Vip","VehicleVsPCB_in_WTs"
"Platelet activation","2/125",0.10495695894589,0.279167656868377,0,0,3.74153904329741,8.43419574844715,"ACTB;ACTG1","Vip","VehicleVsPCB_in_WTs"
"Inflammatory mediator regulation of TRP channels","2/127",0.107761652778598,0.279167656868377,0,0,3.6813023255814,8.20132831106372,"IGF1;CALM1","Vip","VehicleVsPCB_in_WTs"
"Butanoate metabolism","1/27",0.112315932362021,0.279167656868377,0,0,8.79133510167993,19.2217227995376,"GAD1","Vip","VehicleVsPCB_in_WTs"
"Collecting duct acid secretion","1/27",0.112315932362021,0.279167656868377,0,0,8.79133510167993,19.2217227995376,"ATP6V0C","Vip","VehicleVsPCB_in_WTs"
"Phototransduction","1/27",0.112315932362021,0.279167656868377,0,0,8.79133510167993,19.2217227995376,"CALM1","Vip","VehicleVsPCB_in_WTs"
"FoxO signaling pathway","2/132",0.114860055931193,0.279167656868377,0,0,3.53881932021467,7.65814938072346,"IGF1;EGFR","Vip","VehicleVsPCB_in_WTs"
"Spliceosome","2/132",0.114860055931193,0.279167656868377,0,0,3.53881932021467,7.65814938072346,"HSPA8;RBM25","Vip","VehicleVsPCB_in_WTs"
"Endocytosis","3/269",0.115389298172262,0.279167656868377,0,0,2.60672268907563,5.6290707999879,"HSPA8;PSD3;EGFR","Vip","VehicleVsPCB_in_WTs"
"Ubiquitin mediated proteolysis","2/138",0.123531764817522,0.288444016778349,0,0,3.38166894664843,7.07193869061021,"HERC2;SKP1A","Vip","VehicleVsPCB_in_WTs"
"Circadian rhythm","1/30",0.123998145651223,0.288444016778349,0,0,7.88069758224336,16.4508668981946,"SKP1A","Vip","VehicleVsPCB_in_WTs"
"Insulin signaling pathway","2/139",0.124992407270618,0.288444016778349,0,0,3.35681548124257,6.98050546477493,"SORBS1;CALM1","Vip","VehicleVsPCB_in_WTs"
"beta-Alanine metabolism","1/32",0.131701712785867,0.291965183997107,0,0,7.37152391546162,14.9436687571544,"GAD1","Vip","VehicleVsPCB_in_WTs"
"Pentose phosphate pathway","1/32",0.131701712785867,0.291965183997107,0,0,7.37152391546162,14.9436687571544,"ALDOA","Vip","VehicleVsPCB_in_WTs"
"Parkinson disease","2/144",0.132357550078689,0.291965183997107,0,0,3.2377988863413,6.54763331187255,"NDUFB8;COX5A","Vip","VehicleVsPCB_in_WTs"
"Breast cancer","2/147",0.136823911053774,0.29744328489951,0,0,3.17032878909382,6.30597576850007,"IGF1;EGFR","Vip","VehicleVsPCB_in_WTs"
"Non-alcoholic fatty liver disease (NAFLD)","2/151",0.142830767694215,0.302390815227562,0,0,3.08459497424692,6.00291421555564,"NDUFB8;COX5A","Vip","VehicleVsPCB_in_WTs"
"Fructose and mannose metabolism","1/35",0.143131652541046,0.302390815227562,0,0,6.72008113590264,13.0637733842088,"ALDOA","Vip","VehicleVsPCB_in_WTs"
"Aldosterone-regulated sodium reabsorption","1/38",0.15441282082707,0.318508641910394,0,0,6.17427772600186,11.534326333281,"IGF1","Vip","VehicleVsPCB_in_WTs"
"Hippo signaling pathway","2/159",0.155007539063059,0.318508641910394,0,0,2.92623315064435,5.45532239804072,"ACTB;ACTG1","Vip","VehicleVsPCB_in_WTs"
"African trypanosomiasis","1/39",0.158140481504937,0.320555030077575,0,0,6.01149425287356,11.086827628444,"HBB-BS","Vip","VehicleVsPCB_in_WTs"
"Bladder cancer","1/41",0.165547131981738,0.330350311943201,0,0,5.71034482758621,10.2700513997062,"EGFR","Vip","VehicleVsPCB_in_WTs"
"Tight junction","2/167",0.167377491384555,0.330350311943201,0,0,2.78322762508809,4.97502937173149,"ACTB;ACTG1","Vip","VehicleVsPCB_in_WTs"
"Tuberculosis","2/178",0.184651233116252,0.359710194382308,0,0,2.60782241014799,4.40535908644789,"CALM1;ATP6V0C","Vip","VehicleVsPCB_in_WTs"
"Malaria","1/49",0.194534957602913,0.37410568769791,0,0,4.75670498084291,7.78740817211223,"HBB-BS","Vip","VehicleVsPCB_in_WTs"
"Arginine and proline metabolism","1/50",0.198087702903643,0.376115891589195,0,0,4.65939479239972,7.54377171660372,"CKB","Vip","VehicleVsPCB_in_WTs"
"Huntington disease","2/192",0.206984560826985,0.383365716472383,0,0,2.41395348837209,3.80224487135475,"NDUFB8;COX5A","Vip","VehicleVsPCB_in_WTs"
"PI3K-Akt signaling pathway","3/357",0.207863632945294,0.383365716472383,0,0,1.94995014955135,3.06312409027357,"ERBB4;IGF1;EGFR","Vip","VehicleVsPCB_in_WTs"
"Pathways in cancer","4/535",0.209573258338236,0.383365716472383,0,0,1.73805039906735,2.71601993282718,"IGF1;SKP1A;CALM1;EGFR","Vip","VehicleVsPCB_in_WTs"
"Ovarian steroidogenesis","1/57",0.222526832207173,0.398748505659306,0,0,4.07553366174056,6.12433536866135,"IGF1","Vip","VehicleVsPCB_in_WTs"
"Endometrial cancer","1/58",0.225957486540273,0.398748505659306,0,0,4.00383141762452,5.95533252303281,"EGFR","Vip","VehicleVsPCB_in_WTs"
"Legionellosis","1/58",0.225957486540273,0.398748505659306,0,0,4.00383141762452,5.95533252303281,"HSPA8","Vip","VehicleVsPCB_in_WTs"
"Long-term depression","1/61",0.236159907063043,0.409849614260717,0,0,3.80306513409962,5.48875904112567,"IGF1","Vip","VehicleVsPCB_in_WTs"
"cAMP signaling pathway","2/211",0.237712776271216,0.409849614260717,0,0,2.19238900634249,3.14978808940265,"VIP;CALM1","Vip","VehicleVsPCB_in_WTs"
"Non-small cell lung cancer","1/66",0.252869306168697,0.431027226423915,0,0,3.50963748894783,4.82533916537033,"EGFR","Vip","VehicleVsPCB_in_WTs"
"Long-term potentiation","1/67",0.256167560605375,0.43174307967198,0,0,3.45628700801115,4.70719855080467,"CALM1","Vip","VehicleVsPCB_in_WTs"
"Amphetamine addiction","1/68",0.259451419381849,0.432419032303081,0,0,3.40452907874421,4.59334229706881,"CALM1","Vip","VehicleVsPCB_in_WTs"
"Type I diabetes mellitus","1/69",0.262720944658891,0.433056502184985,0,0,3.35429344151454,4.48355945487707,"GAD1","Vip","VehicleVsPCB_in_WTs"
"p53 signaling pathway","1/71",0.269217241794932,0.438941155100432,0,0,3.25812807881773,4.27543502651474,"IGF1","Vip","VehicleVsPCB_in_WTs"
"Human immunodeficiency virus 1 infection","2/238",0.281726234376465,0.446191503531752,0,0,1.93890421757982,2.45624163202327,"SKP1A;CALM1","Vip","VehicleVsPCB_in_WTs"
"Pancreatic cancer","1/75",0.282040537593283,0.446191503531752,0,0,3.08139173656415,3.90013128876409,"EGFR","Vip","VehicleVsPCB_in_WTs"
"Pertussis","1/76",0.285211445304752,0.446191503531752,0,0,3.04015325670498,3.81394662403835,"CALM1","Vip","VehicleVsPCB_in_WTs"
"Synaptic vesicle cycle","1/77",0.288368506955447,0.446191503531752,0,0,3,3.73054823615286,"ATP6V0C","Vip","VehicleVsPCB_in_WTs"
"Cardiac muscle contraction","1/78",0.291511782307411,0.446191503531752,0,0,2.96088968502762,3.6498142614717,"COX5A","Vip","VehicleVsPCB_in_WTs"
"Salivary secretion","1/78",0.291511782307411,0.446191503531752,0,0,2.96088968502762,3.6498142614717,"CALM1","Vip","VehicleVsPCB_in_WTs"
"Human cytomegalovirus infection","2/255",0.309387493131321,0.460439952009548,0,0,1.80705947237798,2.11997127235748,"CALM1;EGFR","Vip","VehicleVsPCB_in_WTs"
"Rheumatoid arthritis","1/84",0.310085237268414,0.460439952009548,0,0,2.74601855698657,3.21533526229253,"ATP6V0C","Vip","VehicleVsPCB_in_WTs"
"PPAR signaling pathway","1/85",0.313133660802054,0.460439952009548,0,0,2.71319102353585,3.15035432950809,"SORBS1","Vip","VehicleVsPCB_in_WTs"
"Gap junction","1/86",0.316168767046556,0.460439952009548,0,0,2.68113590263692,3.08727205006429,"EGFR","Vip","VehicleVsPCB_in_WTs"
"Insulin secretion","1/86",0.316168767046556,0.460439952009548,0,0,2.68113590263692,3.08727205006429,"RIMS2","Vip","VehicleVsPCB_in_WTs"
"Colorectal cancer","1/88",0.322199257665289,0.464710467786474,0,0,2.61923635883208,2.96650810534141,"EGFR","Vip","VehicleVsPCB_in_WTs"
"Progesterone-mediated oocyte maturation","1/90",0.328177166254219,0.468603600134457,0,0,2.560118816996,2.85248867512688,"IGF1","Vip","VehicleVsPCB_in_WTs"
"TGF-beta signaling pathway","1/91",0.331146544095016,0.468603600134457,0,0,2.53154533844189,2.79784940273882,"SKP1A","Vip","VehicleVsPCB_in_WTs"
"Glycerophospholipid metabolism","1/97",0.348692272123694,0.481812622979217,0,0,2.37260536398467,2.49969512697194,"GPCPD1","Vip","VehicleVsPCB_in_WTs"
"MicroRNAs in cancer","2/281",0.35126112811459,0.481812622979217,0,0,1.63649245644745,1.71213993781153,"EGFR;GLS","Vip","VehicleVsPCB_in_WTs"
"Phosphatidylinositol signaling system","1/98",0.351571987890722,0.481812622979217,0,0,2.34802701741913,2.4544884096649,"CALM1","Vip","VehicleVsPCB_in_WTs"
"Circadian entrainment","1/99",0.354439115211502,0.481812622979217,0,0,2.32395026976308,2.41044466861871,"CALM1","Vip","VehicleVsPCB_in_WTs"
"Melanogenesis","1/100",0.357293708483398,0.481812622979217,0,0,2.30035992104958,2.36752381170365,"CALM1","Vip","VehicleVsPCB_in_WTs"
"Aldosterone synthesis and secretion","1/102",0.36296550931101,0.481812622979217,0,0,2.25458063047684,2.28489902437776,"CALM1","Vip","VehicleVsPCB_in_WTs"
"Glucagon signaling pathway","1/102",0.36296550931101,0.481812622979217,0,0,2.25458063047684,2.28489902437776,"CALM1","Vip","VehicleVsPCB_in_WTs"
"Parathyroid hormone synthesis, secretion and action","1/107",0.376929429029837,0.49524219209028,0,0,2.1476903057905,2.09549563250752,"EGFR","Vip","VehicleVsPCB_in_WTs"
"Toxoplasmosis","1/108",0.379685680602548,0.49524219209028,0,0,2.12751101084972,2.06030618215922,"HSPA8","Vip","VehicleVsPCB_in_WTs"
"C-type lectin receptor signaling pathway","1/112",0.390590659057378,0.505074128091437,0,0,2.05042974008491,1.92759910567714,"CALM1","Vip","VehicleVsPCB_in_WTs"
"Glutamatergic synapse","1/114",0.395971855764721,0.507656225339386,0,0,2.01393551012105,1.865734308884,"GLS","Vip","VehicleVsPCB_in_WTs"
"Neurotrophin signaling pathway","1/121",0.414438715221514,0.526828875281585,0,0,1.89578544061303,1.66986500746151,"CALM1","Vip","VehicleVsPCB_in_WTs"
"Cell cycle","1/123",0.419611664572406,0.528922266267739,0,0,1.86451856039194,1.61919565619346,"SKP1A","Vip","VehicleVsPCB_in_WTs"
"AMPK signaling pathway","1/126",0.427286490526605,0.534108113158256,0,0,1.81949425287356,1.54711696890812,"IGF1","Vip","VehicleVsPCB_in_WTs"
"Autophagy","1/130",0.437363714987749,0.539434618076984,0,0,1.76271941548606,1.45775155911768,"CTSB","Vip","VehicleVsPCB_in_WTs"
"Relaxin signaling pathway","1/131",0.439855506291606,0.539434618076984,0,0,1.74907161803714,1.43652826292899,"EGFR","Vip","VehicleVsPCB_in_WTs"
"Serotonergic synapse","1/132",0.442336386823127,0.539434618076984,0,0,1.73563218390805,1.41572849609409,"GABRB1","Vip","VehicleVsPCB_in_WTs"
"Dopaminergic synapse","1/135",0.449714035103799,0.544008913432015,0,0,1.69651741293532,1.35576065241949,"CALM1","Vip","VehicleVsPCB_in_WTs"
"Signaling pathways regulating pluripotency of stem cells","1/137",0.45457877395055,0.544041874550106,0,0,1.67139959432049,1.31770479865373,"IGF1","Vip","VehicleVsPCB_in_WTs"
"Apelin signaling pathway","1/138",0.456995174622089,0.544041874550106,0,0,1.65911569762564,1.29922438028226,"CALM1","Vip","VehicleVsPCB_in_WTs"
"Vascular smooth muscle contraction","1/140",0.461796268698902,0.5454286638176,0,0,1.63507814438105,1.2633128171798,"CALM1","Vip","VehicleVsPCB_in_WTs"
"Measles","1/144",0.471272904070653,0.548857016154689,0,0,1.58902017522707,1.19544838261833,"HSPA8","Vip","VehicleVsPCB_in_WTs"
"Human papillomavirus infection","2/360",0.472017033893033,0.548857016154689,0,0,1.2702351565545,0.953616602200004,"ATP6V0C;EGFR","Vip","VehicleVsPCB_in_WTs"
"Adrenergic signaling in cardiomyocytes","1/148",0.480584538383294,0.551340192897256,0,0,1.54546876221753,1.13244552378466,"CALM1","Vip","VehicleVsPCB_in_WTs"
"Phospholipase D signaling pathway","1/149",0.482886999498494,0.551340192897256,0,0,1.53494874184529,1.11740063904074,"EGFR","Vip","VehicleVsPCB_in_WTs"
"Gastric cancer","1/150",0.485179369749585,0.551340192897256,0,0,1.5245699298002,1.1026248058506,"EGFR","Vip","VehicleVsPCB_in_WTs"
"mTOR signaling pathway","1/154",0.494248813320229,0.557423473669431,0,0,1.4844113890767,1.04608877992524,"IGF1","Vip","VehicleVsPCB_in_WTs"
"Cushing syndrome","1/159",0.505363763915949,0.559806175529559,0,0,1.43707260293904,0.98076868904625,"EGFR","Vip","VehicleVsPCB_in_WTs"
"Wnt signaling pathway","1/160",0.5075575991468,0.559806175529559,0,0,1.42796211956915,0.968365483885294,"SKP1A","Vip","VehicleVsPCB_in_WTs"
"Hepatitis C","1/160",0.5075575991468,0.559806175529559,0,0,1.42796211956915,0.968365483885294,"EGFR","Vip","VehicleVsPCB_in_WTs"
"JAK-STAT signaling pathway","1/164",0.516237154670136,0.565223162047594,0,0,1.39263803680982,0.9207969746109,"EGFR","Vip","VehicleVsPCB_in_WTs"
"RNA transport","1/167",0.522647404350358,0.56809500472865,0,0,1.3672621520565,0.887145615468079,"EIF1","Vip","VehicleVsPCB_in_WTs"
"Cell adhesion molecules (CAMs)","1/170",0.528973665331675,0.570834890645693,0,0,1.34278718628851,0.855109211242308,"ALCAM","Vip","VehicleVsPCB_in_WTs"
"cGMP-PKG signaling pathway","1/172",0.533145050125215,0.571226839419873,0,0,1.32694763729246,0.834599311782447,"CALM1","Vip","VehicleVsPCB_in_WTs"
"Necroptosis","1/176",0.541378559129578,0.575934637371891,0,0,1.29635467980296,0.795490555250536,"PPIA","Vip","VehicleVsPCB_in_WTs"
"Axon guidance","1/180",0.549468481761649,0.580424452565122,0,0,1.26712900532974,0.758761745610725,"EPHA5","Vip","VehicleVsPCB_in_WTs"
"Transcriptional misregulation in cancer","1/183",0.555443186045161,0.582632712634785,0,0,1.24605279777694,0.732665276806502,"IGF1","Vip","VehicleVsPCB_in_WTs"
"Cellular senescence","1/185",0.55938273431602,0.582690348245854,0,0,1.23238380809595,0.715918081955272,"CALM1","Vip","VehicleVsPCB_in_WTs"
"Chemokine signaling pathway","1/197",0.582305518448715,0.602064688160176,0,0,1.15622800844476,0.625241884669192,"CXCL14","Vip","VehicleVsPCB_in_WTs"
"Alcoholism","1/199",0.586009629809238,0.602064688160176,0,0,1.14443283408801,0.611606715327754,"CALM1","Vip","VehicleVsPCB_in_WTs"
"NOD-like receptor signaling pathway","1/205",0.596928218592097,0.609110427134793,0,0,1.11043497858914,0.572938265608923,"CTSB","Vip","VehicleVsPCB_in_WTs"
"Kaposi sarcoma-associated herpesvirus infection","1/216",0.61621129510377,0.624538474767334,0,0,1.05303394814221,0.509842563470887,"CALM1","Vip","VehicleVsPCB_in_WTs"
"Cytokine-cytokine receptor interaction","1/292",0.726679992642186,0.731557039572671,0,0,0.775012837224,0.247437630519663,"CXCL14","Vip","VehicleVsPCB_in_WTs"
"Olfactory transduction","1/1133",0.994160397614603,0.994160397614603,0,0,0.19069087364445,0.0011168229646605,"CALM1","Vip","VehicleVsPCB_in_WTs"
"Ferroptosis","3/40",0.00012809766709923,0.0110163993705338,0,0,35.1010575793185,314.60086516835,"FTL1;PCBP2;ACSL3","Astro","WTvsHET_in_PCBs"
"Alzheimer disease","4/175",0.000882730541069369,0.0255124851761417,0,0,10.2820012995452,72.3080771482531,"PPP3CA;ATP5B;APOE;RTN4","Astro","WTvsHET_in_PCBs"
"Synaptic vesicle cycle","3/77",0.000889970413121221,0.0255124851761417,0,0,17.517920094007,123.051517457466,"SYT1;SLC1A2;ATP6V0A1","Astro","WTvsHET_in_PCBs"
"Glutamatergic synapse","3/114",0.0027457885257052,0.0590344533026617,0,0,11.6568742655699,68.7485956577166,"PPP3CA;SLC1A2;DLGAP1","Astro","WTvsHET_in_PCBs"
"Mineral absorption","2/44",0.00520926012807833,0.0895992742029473,0,0,20.1712259371834,106.046537971634,"FTL1;ATP1B1","Astro","WTvsHET_in_PCBs"
"Amyotrophic lateral sclerosis (ALS)","2/52",0.00721142345884805,0.102561019021676,0,0,16.9370212765957,83.534894955101,"PPP3CA;SLC1A2","Astro","WTvsHET_in_PCBs"
"Ribosome","3/170",0.00834798992036898,0.102561019021676,0,0,7.72611299140849,36.9751254722375,"RPL41;RPLP1;RPL19","Astro","WTvsHET_in_PCBs"
"Phosphonate and phosphinate metabolism","1/6",0.0146119438121659,0.157078395980783,0,0,83.1083333333333,351.208836844685,"PCYT2","Astro","WTvsHET_in_PCBs"
"Glycerophospholipid metabolism","2/97",0.0236159583477045,0.225663601989177,0,0,8.89406494960806,33.3156783840422,"PCYT2;ETNK1","Astro","WTvsHET_in_PCBs"
"Fatty acid biosynthesis","1/14",0.033769693865094,0.290419367239808,0,0,31.9519230769231,108.259234494771,"ACSL3","Astro","WTvsHET_in_PCBs"
"Oxidative phosphorylation","2/134",0.0426962874820762,0.326495490639723,0,0,6.38910380399742,20.1489544475506,"ATP5B;ATP6V0A1","Astro","WTvsHET_in_PCBs"
"Steroid biosynthesis","1/19",0.0455575103218218,0.326495490639723,0,0,23.0706018518519,71.2600086978532,"FDFT1","Astro","WTvsHET_in_PCBs"
"Proximal tubule bicarbonate reclamation","1/22",0.0525624601312182,0.347720890098828,0,0,19.7718253968254,58.2429159504467,"ATP1B1","Astro","WTvsHET_in_PCBs"
"Collecting duct acid secretion","1/27",0.0641256214892022,0.359989054944058,0,0,15.9655448717949,43.8559353587322,"ATP6V0A1","Astro","WTvsHET_in_PCBs"
"cGMP-PKG signaling pathway","2/172",0.0664854373862935,0.359989054944058,0,0,4.9514392991239,13.4222247050267,"PPP3CA;ATP1B1","Astro","WTvsHET_in_PCBs"
"Tuberculosis","2/178",0.070571095200119,0.359989054944058,0,0,4.78118955512573,12.6755772248779,"PPP3CA;ATP6V0A1","Astro","WTvsHET_in_PCBs"
"Aldosterone-regulated sodium reabsorption","1/38",0.0890801211766744,0.359989054944058,0,0,11.2128378378378,27.1150983587047,"ATP1B1","Astro","WTvsHET_in_PCBs"
"African trypanosomiasis","1/39",0.0913161193308034,0.359989054944058,0,0,10.9172149122807,26.1295673454849,"HBB-BS","Astro","WTvsHET_in_PCBs"
"Nicotine addiction","1/40",0.0935467406593446,0.359989054944058,0,0,10.6367521367521,25.201593735032,"GABRA2","Astro","WTvsHET_in_PCBs"
"Carbohydrate digestion and absorption","1/43",0.100206470140046,0.359989054944058,0,0,9.87549603174603,22.7188010187837,"ATP1B1","Astro","WTvsHET_in_PCBs"
"Thermogenesis","2/231",0.109826438369997,0.359989054944058,0,0,3.66477747839822,8.09495836397464,"ATP5B;ACSL3","Astro","WTvsHET_in_PCBs"
"Malaria","1/49",0.113382454520434,0.359989054944058,0,0,8.63845486111111,18.8058179417183,"HBB-BS","Astro","WTvsHET_in_PCBs"
"Cholesterol metabolism","1/49",0.113382454520434,0.359989054944058,0,0,8.63845486111111,18.8058179417183,"APOE","Astro","WTvsHET_in_PCBs"
"Fatty acid degradation","1/50",0.115559999022241,0.359989054944058,0,0,8.46173469387755,18.2601307935979,"ACSL3","Astro","WTvsHET_in_PCBs"
"Endocrine and other factor-regulated calcium reabsorption","1/55",0.126369380338241,0.359989054944058,0,0,7.67631172839506,15.8788044638135,"ATP1B1","Astro","WTvsHET_in_PCBs"
"VEGF signaling pathway","1/58",0.132792777972346,0.359989054944058,0,0,7.27119883040936,14.6802990453094,"PPP3CA","Astro","WTvsHET_in_PCBs"
"Aminoacyl-tRNA biosynthesis","1/66",0.149696509015628,0.359989054944058,0,0,6.37371794871795,12.1046165348941,"LARS2","Astro","WTvsHET_in_PCBs"
"Long-term potentiation","1/67",0.151786646946422,0.359989054944058,0,0,6.27683080808081,11.8335797109799,"PPP3CA","Astro","WTvsHET_in_PCBs"
"Amphetamine addiction","1/68",0.153871751708982,0.359989054944058,0,0,6.18283582089552,11.5720168965607,"PPP3CA","Astro","WTvsHET_in_PCBs"
"Adipocytokine signaling pathway","1/71",0.160096985474446,0.359989054944058,0,0,5.91696428571429,10.8397335358255,"ACSL3","Astro","WTvsHET_in_PCBs"
"B cell receptor signaling pathway","1/72",0.162162075939326,0.359989054944058,0,0,5.83333333333333,10.6117606882222,"PPP3CA","Astro","WTvsHET_in_PCBs"
"Bile secretion","1/72",0.162162075939326,0.359989054944058,0,0,5.83333333333333,10.6117606882222,"ATP1B1","Astro","WTvsHET_in_PCBs"
"Thyroid hormone synthesis","1/73",0.164222192269239,0.359989054944058,0,0,5.75202546296296,10.3912349585251,"ATP1B1","Astro","WTvsHET_in_PCBs"
"Gastric acid secretion","1/74",0.166277346242885,0.359989054944058,0,0,5.67294520547945,10.177820352373,"ATP1B1","Astro","WTvsHET_in_PCBs"
"Renin secretion","1/76",0.170372813836795,0.359989054944058,0,0,5.52111111111111,9.77107594421846,"PPP3CA","Astro","WTvsHET_in_PCBs"
"Cardiac muscle contraction","1/78",0.174448571997026,0.359989054944058,0,0,5.3771645021645,9.38920296403992,"ATP1B1","Astro","WTvsHET_in_PCBs"
"Salivary secretion","1/78",0.174448571997026,0.359989054944058,0,0,5.3771645021645,9.38920296403992,"ATP1B1","Astro","WTvsHET_in_PCBs"
"Peroxisome","1/84",0.186558516726921,0.359989054944058,0,0,4.98694779116466,8.37313683908495,"ACSL3","Astro","WTvsHET_in_PCBs"
"Rheumatoid arthritis","1/84",0.186558516726921,0.359989054944058,0,0,4.98694779116466,8.37313683908495,"ATP6V0A1","Astro","WTvsHET_in_PCBs"
"PPAR signaling pathway","1/85",0.188559851105567,0.359989054944058,0,0,4.92733134920635,8.220463046913,"ACSL3","Astro","WTvsHET_in_PCBs"
"Insulin secretion","1/86",0.190556361783656,0.359989054944058,0,0,4.86911764705882,8.07205861329322,"ATP1B1","Astro","WTvsHET_in_PCBs"
"Th1 and Th2 cell differentiation","1/87",0.192548060176682,0.359989054944058,0,0,4.81225775193798,7.92775910407299,"PPP3CA","Astro","WTvsHET_in_PCBs"
"Taste transduction","1/88",0.194534957602913,0.359989054944058,0,0,4.75670498084291,7.78740817211223,"GABRA2","Astro","WTvsHET_in_PCBs"
"Complement and coagulation cascades","1/88",0.194534957602913,0.359989054944058,0,0,4.75670498084291,7.78740817211223,"F3","Astro","WTvsHET_in_PCBs"
"Protein digestion and absorption","1/90",0.198494394876039,0.359989054944058,0,0,4.64934456928839,7.51796420963938,"ATP1B1","Astro","WTvsHET_in_PCBs"
"GABAergic synapse","1/90",0.198494394876039,0.359989054944058,0,0,4.64934456928839,7.51796420963938,"GABRA2","Astro","WTvsHET_in_PCBs"
"TGF-beta signaling pathway","1/91",0.200466957331492,0.359989054944058,0,0,4.5974537037037,7.38859472925095,"ID2","Astro","WTvsHET_in_PCBs"
"Morphine addiction","1/92",0.202434763991246,0.359989054944058,0,0,4.5467032967033,7.26262012035433,"GABRA2","Astro","WTvsHET_in_PCBs"
"AGE-RAGE signaling pathway in diabetic complications","1/101",0.219932857816208,0.359989054944058,0,0,4.135625,6.26312685550479,"F3","Astro","WTvsHET_in_PCBs"
"T cell receptor signaling pathway","1/101",0.219932857816208,0.359989054944058,0,0,4.135625,6.26312685550479,"PPP3CA","Astro","WTvsHET_in_PCBs"
"Aldosterone synthesis and secretion","1/102",0.221853719907384,0.359989054944058,0,0,4.09447194719472,6.16519804404498,"ATP1B1","Astro","WTvsHET_in_PCBs"
"Th17 cell differentiation","1/102",0.221853719907384,0.359989054944058,0,0,4.09447194719472,6.16519804404498,"PPP3CA","Astro","WTvsHET_in_PCBs"
"Glucagon signaling pathway","1/102",0.221853719907384,0.359989054944058,0,0,4.09447194719472,6.16519804404498,"PPP3CA","Astro","WTvsHET_in_PCBs"
"Pancreatic secretion","1/105",0.227588547786751,0.362455835364086,0,0,3.97576121794872,5.88498495063484,"ATP1B1","Astro","WTvsHET_in_PCBs"
"C-type lectin receptor signaling pathway","1/112",0.240809285250361,0.373602851477436,0,0,3.72372372372372,5.30165167504067,"PPP3CA","Astro","WTvsHET_in_PCBs"
"Thyroid hormone signaling pathway","1/115",0.246407219746513,0.373602851477436,0,0,3.62518274853801,5.07804632089202,"ATP1B1","Astro","WTvsHET_in_PCBs"
"Oocyte meiosis","1/116",0.248264196958377,0.373602851477436,0,0,3.59347826086957,5.00665595241751,"PPP3CA","Astro","WTvsHET_in_PCBs"
"Natural killer cell mediated cytotoxicity","1/118",0.251964713787108,0.373602851477436,0,0,3.53169515669516,4.86832249378276,"PPP3CA","Astro","WTvsHET_in_PCBs"
"Lysosome","1/124",0.262959523051372,0.383296931905389,0,0,3.35840108401084,4.48600158872408,"ATP6V0A1","Astro","WTvsHET_in_PCBs"
"Osteoclast differentiation","1/128",0.270201282854078,0.387288505424178,0,0,3.25196850393701,4.25548730427452,"PPP3CA","Astro","WTvsHET_in_PCBs"
"Dopaminergic synapse","1/135",0.28270700502051,0.390742154319733,0,0,3.08100124378109,3.8923651612056,"PPP3CA","Astro","WTvsHET_in_PCBs"
"Purine metabolism","1/136",0.284476313030433,0.390742154319733,0,0,3.05802469135802,3.8442590076586,"ADK","Astro","WTvsHET_in_PCBs"
"Signaling pathways regulating pluripotency of stem cells","1/137",0.286241345606316,0.390742154319733,0,0,3.03538602941176,3.79702496521615,"ID2","Astro","WTvsHET_in_PCBs"
"Parkinson disease","1/144",0.298477709004454,0.401079421474735,0,0,2.88578088578089,3.48908231175343,"ATP5B","Astro","WTvsHET_in_PCBs"
"Adrenergic signaling in cardiomyocytes","1/148",0.305377403513398,0.40237872583032,0,0,2.80668934240363,3.32931420444681,"ATP1B1","Astro","WTvsHET_in_PCBs"
"Retrograde endocannabinoid signaling","1/150",0.308802277962803,0.40237872583032,0,0,2.76873601789709,3.25341456544803,"GABRA2","Astro","WTvsHET_in_PCBs"
"Oxytocin signaling pathway","1/154",0.315602474267054,0.405101683387562,0,0,2.69580610021786,3.10899728886606,"PPP3CA","Astro","WTvsHET_in_PCBs"
"Hippo signaling pathway","1/159",0.32401061243338,0.40592006957873,0,0,2.6098364978903,2.94123095083316,"ID2","Astro","WTvsHET_in_PCBs"
"Wnt signaling pathway","1/160",0.325680055824795,0.40592006957873,0,0,2.59329140461216,2.90925751945059,"PPP3CA","Astro","WTvsHET_in_PCBs"
"RNA transport","1/167",0.337253602648243,0.414340140396413,0,0,2.48305722891566,2.69888481534566,"EIF5","Astro","WTvsHET_in_PCBs"
"Necroptosis","1/176",0.351848303660647,0.419826800407274,0,0,2.35428571428571,2.45918127162291,"FTL1","Astro","WTvsHET_in_PCBs"
"Axon guidance","1/180",0.358233333402858,0.419826800407274,0,0,2.3012104283054,2.36235528217672,"PPP3CA","Astro","WTvsHET_in_PCBs"
"Phagosome","1/180",0.358233333402858,0.419826800407274,0,0,2.3012104283054,2.36235528217672,"ATP6V0A1","Astro","WTvsHET_in_PCBs"
"Transcriptional misregulation in cancer","1/183",0.362981629896036,0.419826800407274,0,0,2.26293498168498,2.29326521769747,"ID2","Astro","WTvsHET_in_PCBs"
"Cellular senescence","1/185",0.366128023610995,0.419826800407274,0,0,2.23811141304348,2.24879216292242,"PPP3CA","Astro","WTvsHET_in_PCBs"
"Calcium signaling pathway","1/189",0.372375207430283,0.421088362186502,0,0,2.19004875886525,2.16344691748207,"PPP3CA","Astro","WTvsHET_in_PCBs"
"Huntington disease","1/192",0.377020975446054,0.421088362186502,0,0,2.15532286212914,2.10241928846069,"ATP5B","Astro","WTvsHET_in_PCBs"
"cAMP signaling pathway","1/211",0.405671574625312,0.447278915612524,0,0,1.95843253968254,1.76692011688985,"ATP1B1","Astro","WTvsHET_in_PCBs"
"Kaposi sarcoma-associated herpesvirus infection","1/216",0.412994099834222,0.449588513743583,0,0,1.91240310077519,1.69118008179319,"PPP3CA","Astro","WTvsHET_in_PCBs"
"Human immunodeficiency virus 1 infection","1/238",0.444176997613244,0.477490272434237,0,0,1.73294655414909,1.40634184762685,"PPP3CA","Astro","WTvsHET_in_PCBs"
"Human T-cell leukemia virus 1 infection","1/245",0.45375412222717,0.481763635944896,0,0,1.68263319672131,1.32961643007088,"PPP3CA","Astro","WTvsHET_in_PCBs"
"Human cytomegalovirus infection","1/255",0.467155878261206,0.489943969883704,0,0,1.61556758530184,1.22959603408574,"PPP3CA","Astro","WTvsHET_in_PCBs"
"Endocytosis","1/269",0.485378654802266,0.502922461602347,0,0,1.53008395522388,1.10598440550747,"PSD3","Astro","WTvsHET_in_PCBs"
"MAPK signaling pathway","1/294",0.516412932316729,0.528708478324271,0,0,1.39775312855518,0.923703166152896,"PPP3CA","Astro","WTvsHET_in_PCBs"
"Neuroactive ligand-receptor interaction","1/348",0.577322554627102,0.584114584681538,0,0,1.17699327569645,0.64658613878003,"GABRA2","Astro","WTvsHET_in_PCBs"
"Human papillomavirus infection","1/360",0.589800734244965,0.589800734244965,0,0,1.13695450324977,0.600278480417513,"ATP6V0A1","Astro","WTvsHET_in_PCBs"
"Salivary secretion","8/78",3.42646173575327e-09,4.59145872590939e-07,0,0,26.055829228243,507.873388146395,"CHRM3;PRKCB;PRKCA;ATP2B2;ATP1A1;ATP2B1;PLCB1;CALM1","L2_3_IT","WTvsHET_in_PCBs"
"Aldosterone synthesis and secretion","8/102",2.92028934388428e-08,1.22947180328668e-06,0,0,19.3797994619711,336.220102924159,"PRKCB;CAMK2A;PRKCA;ATP2B2;ATP1A1;ATP2B1;PLCB1;CALM1","L2_3_IT","WTvsHET_in_PCBs"
"Adrenergic signaling in cardiomyocytes","9/148",3.56336695937588e-08,1.22947180328668e-06,0,0,14.8815459260499,255.218138672589,"CAMK2A;CACNA2D3;PRKCA;ATP2B2;ATP1A1;ATP2B1;PLCB1;CALM1;SCN1B","L2_3_IT","WTvsHET_in_PCBs"
"Pancreatic secretion","8/105",3.67006508443785e-08,1.22947180328668e-06,0,0,18.7775802820239,321.481025200605,"CHRM3;PRKCB;PRKCA;CCK;ATP2B2;ATP1A1;ATP2B1;PLCB1","L2_3_IT","WTvsHET_in_PCBs"
"Gastric acid secretion","7/74",6.05257186472174e-08,1.62208925974542e-06,0,0,23.5525780189959,391.448497382672,"CHRM3;PRKCB;CAMK2A;PRKCA;ATP1A1;PLCB1;CALM1","L2_3_IT","WTvsHET_in_PCBs"
"Insulin secretion","7/86",1.72554506084238e-07,3.85371730254798e-06,0,0,19.9628883774453,310.873130764691,"CHRM3;PRKCB;CAMK2A;PRKCA;CCK;ATP1A1;PLCB1","L2_3_IT","WTvsHET_in_PCBs"
"Circadian entrainment","7/99",4.54733366237798e-07,8.7048958679807e-06,0,0,17.1308053359684,250.170651032106,"GRIA2;KCNJ6;PRKCB;CAMK2A;PRKCA;PLCB1;CALM1","L2_3_IT","WTvsHET_in_PCBs"
"Long-term potentiation","6/67",7.7350681495255e-07,1.29562391504552e-05,0,0,21.9311107017867,308.621856810141,"GRIA2;PRKCB;CAMK2A;PRKCA;PLCB1;CALM1","L2_3_IT","WTvsHET_in_PCBs"
"Calcium signaling pathway","8/189",3.30430715667898e-06,4.91974621105537e-05,0,0,10.0204483393662,126.460901260145,"CHRM3;PRKCB;CAMK2A;PRKCA;ATP2B2;ATP2B1;PLCB1;CALM1","L2_3_IT","WTvsHET_in_PCBs"
"Dopaminergic synapse","7/135",3.68128191260711e-06,4.93291776289352e-05,0,0,12.2903941761364,153.78047863865,"GRIA2;KCNJ6;PRKCB;CAMK2A;PRKCA;PLCB1;CALM1","L2_3_IT","WTvsHET_in_PCBs"
"Endocrine and other factor-regulated calcium reabsorption","5/55",6.26836102643542e-06,7.63600343220315e-05,0,0,22.0611111111111,264.292014853691,"PRKCB;PRKCA;ATP1A1;ATP2B1;PLCB1","L2_3_IT","WTvsHET_in_PCBs"
"Oxytocin signaling pathway","7/154",8.77315208261036e-06,9.79668649224823e-05,0,0,10.6915584415584,124.490522136685,"KCNJ6;PRKCB;CAMK2A;CACNA2D3;PRKCA;PLCB1;CALM1","L2_3_IT","WTvsHET_in_PCBs"
"Cholinergic synapse","6/113",1.64353624690565e-05,0.000159827332536433,0,0,12.4738002730232,137.412323039723,"CHRM3;KCNJ6;PRKCB;CAMK2A;PRKCA;PLCB1","L2_3_IT","WTvsHET_in_PCBs"
"Glutamatergic synapse","6/114",1.72825383804851e-05,0.000159827332536433,0,0,12.3576779026217,135.511996219576,"GRIA2;PRKCB;SLC1A2;PRKCA;GRIK2;PLCB1","L2_3_IT","WTvsHET_in_PCBs"
"Amphetamine addiction","5/68",1.78911193137798e-05,0.000159827332536433,0,0,17.4973544973545,191.267188144505,"GRIA2;PRKCB;CAMK2A;PRKCA;CALM1","L2_3_IT","WTvsHET_in_PCBs"
"GnRH signaling pathway","5/90",6.94753266034046e-05,0.000581855860303513,0,0,12.9542483660131,124.030954658748,"PRKCB;CAMK2A;PRKCA;PLCB1;CALM1","L2_3_IT","WTvsHET_in_PCBs"
"Retrograde endocannabinoid signaling","6/150",8.07954585429152e-05,0.000636858320279449,0,0,9.25140449438202,87.1814410304951,"GABRA2;GRIA2;KCNJ6;PRKCB;PRKCA;PLCB1","L2_3_IT","WTvsHET_in_PCBs"
"Phosphatidylinositol signaling system","5/98",0.000104194157048641,0.000775667613584331,0,0,11.8351254480287,108.51927732692,"PPIP5K2;PRKCB;PRKCA;PLCB1;CALM1","L2_3_IT","WTvsHET_in_PCBs"
"Melanogenesis","5/100",0.00011465277565068,0.000808603786167956,0,0,11.5847953216374,105.115825929315,"PRKCB;CAMK2A;PRKCA;PLCB1;CALM1","L2_3_IT","WTvsHET_in_PCBs"
"Long-term depression","4/61",0.000202611340801726,0.00135749598337157,0,0,15.305957200694,130.165242519609,"GRIA2;PRKCB;PRKCA;PLCB1","L2_3_IT","WTvsHET_in_PCBs"
"Inflammatory mediator regulation of TRP channels","5/127",0.000350077936117922,0.00223383063999055,0,0,9.00865209471767,71.6850405698491,"PRKCB;CAMK2A;PRKCA;PLCB1;CALM1","L2_3_IT","WTvsHET_in_PCBs"
"Thyroid hormone synthesis","4/73",0.000404618232022709,0.00246449286777468,0,0,12.6364070711897,98.7227714796197,"PRKCB;PRKCA;ATP1A1;PLCB1","L2_3_IT","WTvsHET_in_PCBs"
"Glioma","4/75",0.000448579925728317,0.00261346565424324,0,0,12.2792137440025,94.6656612784381,"PRKCB;CAMK2A;PRKCA;CALM1","L2_3_IT","WTvsHET_in_PCBs"
"cAMP signaling pathway","6/211",0.000511500461743587,0.00285587757806836,0,0,6.47848725678268,49.0950263993473,"GRIA2;CAMK2A;ATP2B2;ATP1A1;ATP2B1;CALM1","L2_3_IT","WTvsHET_in_PCBs"
"ErbB signaling pathway","4/84",0.000689314170856337,0.00369472395578996,0,0,10.8928571428571,79.2979675012929,"PRKCB;CAMK2A;PAK7;PRKCA","L2_3_IT","WTvsHET_in_PCBs"
"Aldosterone-regulated sodium reabsorption","3/38",0.000776369077262824,0.00400128678281609,0,0,18.5124223602484,132.565281975238,"PRKCB;PRKCA;ATP1A1","L2_3_IT","WTvsHET_in_PCBs"
"African trypanosomiasis","3/39",0.000838184576645425,0.00415987901001804,0,0,17.9972826086957,127.497649278021,"PRKCB;PRKCA;PLCB1","L2_3_IT","WTvsHET_in_PCBs"
"GABAergic synapse","4/90",0.000893271889844812,0.00427494404425731,0,0,10.1298236647074,71.1176381143876,"GABRA2;KCNJ6;PRKCB;PRKCA","L2_3_IT","WTvsHET_in_PCBs"
"Morphine addiction","4/92",0.00096978456427161,0.00448107350387571,0,0,9.8986013986014,68.6808183301058,"GABRA2;KCNJ6;PRKCB;PRKCA","L2_3_IT","WTvsHET_in_PCBs"
"cGMP-PKG signaling pathway","5/172",0.00137800397772388,0.00615508443383333,0,0,6.56620093147039,43.2523483567754,"ATP2B2;ATP1A1;ATP2B1;PLCB1;CALM1","L2_3_IT","WTvsHET_in_PCBs"
"HIF-1 signaling pathway","4/104",0.001528297485426,0.00660618913055108,0,0,8.7054945054945,56.4429521654869,"PRKCB;CAMK2A;PRKCA;GAPDH","L2_3_IT","WTvsHET_in_PCBs"
"Thyroid hormone signaling pathway","4/115",0.00220855760004383,0.00924833495018354,0,0,7.83843183843184,47.9352687063984,"PRKCB;PRKCA;ATP1A1;PLCB1","L2_3_IT","WTvsHET_in_PCBs"
"Serotonergic synapse","4/132",0.00363115222508485,0.0147446787321627,0,0,6.7915521978022,38.1563343063372,"KCNJ6;PRKCB;PRKCA;PLCB1","L2_3_IT","WTvsHET_in_PCBs"
"Vascular smooth muscle contraction","4/140",0.0044764954451394,0.0176426585190788,0,0,6.38946347769877,34.5600636030585,"PRKCB;PRKCA;PLCB1;CALM1","L2_3_IT","WTvsHET_in_PCBs"
"Synaptic vesicle cycle","3/77",0.00589156494016672,0.0225562771994955,0,0,8.73868977673325,44.8664748655357,"SYT1;SLC1A2;ATP6V0C","L2_3_IT","WTvsHET_in_PCBs"
"Wnt signaling pathway","4/160",0.00714746082021054,0.0266044374974504,0,0,5.56466610312764,27.49500472833,"PRKCB;CAMK2A;PRKCA;PLCB1","L2_3_IT","WTvsHET_in_PCBs"
"Gap junction","3/86",0.00799397301915542,0.0289511455288331,0,0,7.7875851231011,37.6067733946869,"PRKCB;PRKCA;PLCB1","L2_3_IT","WTvsHET_in_PCBs"
"Alzheimer disease","4/175",0.00972651800079283,0.0342987740027958,0,0,5.07268170426065,23.50122356261,"RTN3;PLCB1;CALM1;GAPDH","L2_3_IT","WTvsHET_in_PCBs"
"Axon guidance","4/180",0.0107044506007218,0.0367793943717108,0,0,4.92732267732268,22.3557344332581,"EPHA6;CAMK2A;PAK7;PRKCA","L2_3_IT","WTvsHET_in_PCBs"
"AGE-RAGE signaling pathway in diabetic complications","3/101",0.0123712614204078,0.0414437257583662,0,0,6.59061668145519,28.9484871233582,"PRKCB;PRKCA;PLCB1","L2_3_IT","WTvsHET_in_PCBs"
"Glucagon signaling pathway","3/102",0.0127030378286276,0.0415172455862464,0,0,6.52371541501976,28.4819812127862,"CAMK2A;PLCB1;CALM1","L2_3_IT","WTvsHET_in_PCBs"
"Amoebiasis","3/106",0.0140809599840436,0.0449249675681392,0,0,6.26910088644998,26.7247492121207,"PRKCB;PRKCA;PLCB1","L2_3_IT","WTvsHET_in_PCBs"
"Parathyroid hormone synthesis, secretion and action","3/107",0.0144381959574197,0.0449934478673078,0,0,6.20850752508361,26.3108979936445,"PRKCB;PRKCA;PLCB1","L2_3_IT","WTvsHET_in_PCBs"
"Nicotine addiction","2/40",0.0154880314367593,0.0471680957392214,0,0,11.243350311262,46.8587730092946,"GABRA2;GRIA2","L2_3_IT","WTvsHET_in_PCBs"
"Rap1 signaling pathway","4/209",0.0176299806767881,0.0517544104422755,0,0,4.22406861431252,17.0574411704541,"PRKCB;PRKCA;PLCB1;CALM1","L2_3_IT","WTvsHET_in_PCBs"
"Carbohydrate digestion and absorption","2/43",0.0177664394055573,0.0517544104422755,0,0,10.4190925780226,41.99356945819,"PRKCB;ATP1A1","L2_3_IT","WTvsHET_in_PCBs"
"Mineral absorption","2/44",0.018555604373891,0.0529032124702425,0,0,10.1705069124424,40.5496423614738,"ATP1A1;ATP2B1","L2_3_IT","WTvsHET_in_PCBs"
"Sphingolipid signaling pathway","3/124",0.0213002108363949,0.0594630885849358,0,0,5.33165648580668,20.5217500583985,"PRKCB;PRKCA;PLCB1","L2_3_IT","WTvsHET_in_PCBs"
"Ras signaling pathway","4/233",0.0250854805269044,0.0666884018498327,0,0,3.77676471999616,13.9191382121055,"PRKCB;PAK7;PRKCA;CALM1","L2_3_IT","WTvsHET_in_PCBs"
"Neuroactive ligand-receptor interaction","5/348",0.0251769147290079,0.0666884018498327,0,0,3.16844833171364,11.6656811078141,"GABRA2;CHRM3;GRIA2;CCK;GRIK2","L2_3_IT","WTvsHET_in_PCBs"
"Amyotrophic lateral sclerosis (ALS)","2/52",0.0253814066741901,0.0666884018498327,0,0,8.53978494623656,31.372935831074,"GRIA2;SLC1A2","L2_3_IT","WTvsHET_in_PCBs"
"Estrogen signaling pathway","3/134",0.0260377235278756,0.0670972106295255,0,0,4.92217059409227,17.9571065075912,"KCNJ6;PLCB1;CALM1","L2_3_IT","WTvsHET_in_PCBs"
"Human immunodeficiency virus 1 infection","4/238",0.0268447522785209,0.0678716378362605,0,0,3.69512538743308,13.3677994026906,"PRKCB;PAK7;PRKCA;CALM1","L2_3_IT","WTvsHET_in_PCBs"
"VEGF signaling pathway","2/58",0.0310675388215463,0.0770935222608742,0,0,7.62250384024578,26.4622216191549,"PRKCB;PRKCA","L2_3_IT","WTvsHET_in_PCBs"
"Human cytomegalovirus infection","4/255",0.0333707540107815,0.0813032915899041,0,0,3.44188082833501,11.7026543031962,"PRKCB;PRKCA;PLCB1;CALM1","L2_3_IT","WTvsHET_in_PCBs"
"Non-small cell lung cancer","2/66",0.0393463852506455,0.0941502789926161,0,0,6.66700268817204,21.5700949463786,"PRKCB;PRKCA","L2_3_IT","WTvsHET_in_PCBs"
"Renin secretion","2/76",0.0507191283896875,0.119234442179265,0,0,5.76315024702121,17.1825567163474,"PLCB1;CALM1","L2_3_IT","WTvsHET_in_PCBs"
"Tuberculosis","3/178",0.0529696811159098,0.120645448493141,0,0,3.67639751552795,10.8013867198311,"CAMK2A;CALM1;ATP6V0C","L2_3_IT","WTvsHET_in_PCBs"
"Cardiac muscle contraction","2/78",0.0531200109036965,0.120645448493141,0,0,5.61092246745897,16.4691884274902,"CACNA2D3;ATP1A1","L2_3_IT","WTvsHET_in_PCBs"
"Fc gamma R-mediated phagocytosis","2/87",0.0644031469349444,0.143833694821376,0,0,5.01454775458571,13.7528624747968,"PRKCB;PRKCA","L2_3_IT","WTvsHET_in_PCBs"
"Taste transduction","2/88",0.065702904945605,0.144330971519854,0,0,4.95598899724931,13.4932358054694,"GABRA2;CHRM3","L2_3_IT","WTvsHET_in_PCBs"
"Focal adhesion","3/199",0.0691540786963826,0.149462041053472,0,0,3.27900399290151,8.75959107335377,"PRKCB;PAK7;PRKCA","L2_3_IT","WTvsHET_in_PCBs"
"Proteoglycans in cancer","3/203",0.0724644747475156,0.154130787558208,0,0,3.21277173913043,8.43242974824371,"PRKCB;CAMK2A;PRKCA","L2_3_IT","WTvsHET_in_PCBs"
"Choline metabolism in cancer","2/99",0.0805570248539892,0.16866627078804,0,0,4.39153087240882,11.0613438795142,"PRKCB;PRKCA","L2_3_IT","WTvsHET_in_PCBs"
"Proximal tubule bicarbonate reclamation","1/22",0.0994988018426892,0.205120606875698,0,0,10.0729483282675,23.2444330349282,"ATP1A1","L2_3_IT","WTvsHET_in_PCBs"
"Leukocyte transendothelial migration","2/115",0.103775957183801,0.210565645840285,0,0,3.76667618231992,8.53348384600323,"PRKCB;PRKCA","L2_3_IT","WTvsHET_in_PCBs"
"Oocyte meiosis","2/116",0.105282822920143,0.210565645840285,0,0,3.73344651952462,8.40438012103764,"CAMK2A;CALM1","L2_3_IT","WTvsHET_in_PCBs"
"Natural killer cell mediated cytotoxicity","2/118",0.108314447360105,0.213443175680206,0,0,3.66870596959585,8.15449414553198,"PRKCB;PRKCA","L2_3_IT","WTvsHET_in_PCBs"
"Pathways in cancer","5/535",0.111192048683123,0.215938181500557,0,0,2.03092243186583,4.4609138191485,"PRKCB;CAMK2A;PRKCA;PLCB1;CALM1","L2_3_IT","WTvsHET_in_PCBs"
"Neurotrophin signaling pathway","2/121",0.112905285940922,0.216132975944051,0,0,3.57567543146291,7.79928466672434,"CAMK2A;CALM1","L2_3_IT","WTvsHET_in_PCBs"
"Collecting duct acid secretion","1/27",0.120708668580402,0.224652244302414,0,0,8.13379705400982,17.1978998646553,"ATP6V0C","L2_3_IT","WTvsHET_in_PCBs"
"Phototransduction","1/27",0.120708668580402,0.224652244302414,0,0,8.13379705400982,17.1978998646553,"CALM1","L2_3_IT","WTvsHET_in_PCBs"
"Relaxin signaling pathway","2/131",0.128556293131112,0.23369152944328,0,0,3.29682420605151,6.76306690588187,"PRKCA;PLCB1","L2_3_IT","WTvsHET_in_PCBs"
"Fatty acid elongation","1/29",0.129053531185095,0.23369152944328,0,0,7.55205167173252,15.4630371818361,"TECR","L2_3_IT","WTvsHET_in_PCBs"
"Apelin signaling pathway","2/138",0.139798094186896,0.249353033359223,0,0,3.12602783048703,6.15063506944129,"PLCB1;CALM1","L2_3_IT","WTvsHET_in_PCBs"
"Biosynthesis of unsaturated fatty acids","1/32",0.141424108472395,0.249353033359223,0,0,6.82017844886754,13.3402147687031,"TECR","L2_3_IT","WTvsHET_in_PCBs"
"Fluid shear stress and atherosclerosis","2/143",0.147954973501014,0.257480083755012,0,0,3.01441317776253,5.76008323541276,"CALM1;ACVR2A","L2_3_IT","WTvsHET_in_PCBs"
"Phospholipase D signaling pathway","2/149",0.157868299008783,0.271209641886884,0,0,2.89049813473777,5.33584263034156,"PRKCA;PLCB1","L2_3_IT","WTvsHET_in_PCBs"
"MAPK signaling pathway","3/294",0.164211403361163,0.278423979507967,0,0,2.19789332138055,3.97071547309677,"PRKCB;CACNA2D3;PRKCA","L2_3_IT","WTvsHET_in_PCBs"
"mTOR signaling pathway","2/154",0.16622327134804,0.278423979507967,0,0,2.79470854555744,5.01489037181171,"PRKCB;PRKCA","L2_3_IT","WTvsHET_in_PCBs"
"Cushing syndrome","2/159",0.174654559504352,0.28893470337757,0,0,2.70502020409561,4.72011202522279,"CAMK2A;PLCB1","L2_3_IT","WTvsHET_in_PCBs"
"Hepatitis B","2/163",0.181449086458356,0.296514360797801,0,0,2.63728043812195,4.50125798091461,"PRKCB;PRKCA","L2_3_IT","WTvsHET_in_PCBs"
"Influenza A","2/168",0.189997567010718,0.306743059993208,0,0,2.55719652804767,4.24684882174464,"PRKCB;PRKCA","L2_3_IT","WTvsHET_in_PCBs"
"Hepatocellular carcinoma","2/171",0.195153271899696,0.311315933744753,0,0,2.51142075459693,4.10358621916116,"PRKCB;PRKCA","L2_3_IT","WTvsHET_in_PCBs"
"Ether lipid metabolism","1/47",0.200716623291285,0.316423853188613,0,0,4.5927382053654,7.37530008596669,"ENPP2","L2_3_IT","WTvsHET_in_PCBs"
"Cocaine addiction","1/48",0.204522156887535,0.318674058406159,0,0,4.49479402444545,7.13359303800207,"GRIA2","L2_3_IT","WTvsHET_in_PCBs"
"Arginine and proline metabolism","1/50",0.21207952058325,0.326651215610982,0,0,4.31089882761615,6.68531593969729,"CKB","L2_3_IT","WTvsHET_in_PCBs"
"Chemokine signaling pathway","2/197",0.240434929785539,0.366116824900706,0,0,2.17369727047146,3.09818330154354,"PRKCB;PLCB1","L2_3_IT","WTvsHET_in_PCBs"
"Aminoacyl-tRNA biosynthesis","1/66",0.270035408847151,0.394839006915935,0,0,3.24713584288052,4.25115733952994,"LARS2","L2_3_IT","WTvsHET_in_PCBs"
"Glycolysis / Gluconeogenesis","1/67",0.273514215491603,0.394839006915935,0,0,3.19777562862669,4.1456017044657,"GAPDH","L2_3_IT","WTvsHET_in_PCBs"
"Leishmaniasis","1/67",0.273514215491603,0.394839006915935,0,0,3.19777562862669,4.1456017044657,"PRKCB","L2_3_IT","WTvsHET_in_PCBs"
"Regulation of actin cytoskeleton","2/217",0.275626155788523,0.394839006915935,0,0,1.96949237309327,2.53810419993249,"CHRM3;PAK7","L2_3_IT","WTvsHET_in_PCBs"
"Fc epsilon RI signaling pathway","1/68",0.276976616791776,0.394839006915935,0,0,3.14988885360432,4.04389721344803,"PRKCA","L2_3_IT","WTvsHET_in_PCBs"
"Renal cell carcinoma","1/68",0.276976616791776,0.394839006915935,0,0,3.14988885360432,4.04389721344803,"PAK7","L2_3_IT","WTvsHET_in_PCBs"
"Cortisol synthesis and secretion","1/69",0.280422689260932,0.395543582746999,0,0,3.10341051314143,3.94585367133482,"PLCB1","L2_3_IT","WTvsHET_in_PCBs"
"Arrhythmogenic right ventricular cardiomyopathy (ARVC)","1/72",0.290663694101236,0.397438112342506,0,0,2.97183098591549,3.67195980531694,"CACNA2D3","L2_3_IT","WTvsHET_in_PCBs"
"B cell receptor signaling pathway","1/72",0.290663694101236,0.397438112342506,0,0,2.97183098591549,3.67195980531694,"PRKCB","L2_3_IT","WTvsHET_in_PCBs"
"Bile secretion","1/72",0.290663694101236,0.397438112342506,0,0,2.97183098591549,3.67195980531694,"ATP1A1","L2_3_IT","WTvsHET_in_PCBs"
"Inositol phosphate metabolism","1/73",0.294045209826092,0.398000587037337,0,0,2.93040780141844,3.58688288104775,"PLCB1","L2_3_IT","WTvsHET_in_PCBs"
"Pertussis","1/76",0.304094346295992,0.40748642403663,0,0,2.81276595744681,3.34836518927652,"CALM1","L2_3_IT","WTvsHET_in_PCBs"
"ECM-receptor interaction","1/83",0.32699521413788,0.429581947985059,0,0,2.57174364296834,2.87472010280964,"SV2B","L2_3_IT","WTvsHET_in_PCBs"
"RNA degradation","1/83",0.32699521413788,0.429581947985059,0,0,2.57174364296834,2.87472010280964,"ZCCHC7","L2_3_IT","WTvsHET_in_PCBs"
"Rheumatoid arthritis","1/84",0.330205303529414,0.429587482261568,0,0,2.54063060753653,2.81512208139504,"ATP6V0C","L2_3_IT","WTvsHET_in_PCBs"
"Hypertrophic cardiomyopathy (HCM)","1/86",0.336580099919151,0.433670513357367,0,0,2.48060075093867,2.70117358636494,"CACNA2D3","L2_3_IT","WTvsHET_in_PCBs"
"Dilated cardiomyopathy (DCM)","1/90",0.349150132634672,0.441142575987823,0,0,2.36863495099211,2.49240387217101,"CACNA2D3","L2_3_IT","WTvsHET_in_PCBs"
"Protein digestion and absorption","1/90",0.349150132634672,0.441142575987823,0,0,2.36863495099211,2.49240387217101,"ATP1A1","L2_3_IT","WTvsHET_in_PCBs"
"TGF-beta signaling pathway","1/91",0.352255639035053,0.441142575987823,0,0,2.34219858156028,2.44384559599983,"ACVR2A","L2_3_IT","WTvsHET_in_PCBs"
"T cell receptor signaling pathway","1/101",0.382515458258768,0.468876138956393,0,0,2.10691489361702,2.02471616427469,"PAK7","L2_3_IT","WTvsHET_in_PCBs"
"NF-kappa B signaling pathway","1/102",0.385463391639877,0.468876138956393,0,0,2.08594902043396,1.98855408696316,"PRKCB","L2_3_IT","WTvsHET_in_PCBs"
"MicroRNAs in cancer","2/281",0.386537396853158,0.468876138956393,0,0,1.51277604347323,1.43793395679908,"PRKCB;PRKCA","L2_3_IT","WTvsHET_in_PCBs"
"Chagas disease (American trypanosomiasis)","1/103",0.388397398687758,0.468876138956393,0,0,2.0653942428035,1.95329753156195,"PLCB1","L2_3_IT","WTvsHET_in_PCBs"
"Insulin resistance","1/110",0.408550941079495,0.488802018791539,0,0,1.9320710521179,1.72947151134293,"PRKCB","L2_3_IT","WTvsHET_in_PCBs"
"C-type lectin receptor signaling pathway","1/112",0.414187419327281,0.491160302565094,0,0,1.897067280046,1.67214473041383,"CALM1","L2_3_IT","WTvsHET_in_PCBs"
"Lysosome","1/124",0.44690722662515,0.523824412821213,0,0,1.71094966268812,1.37800613432938,"ATP6V0C","L2_3_IT","WTvsHET_in_PCBs"
"Platelet activation","1/125",0.449550802048056,0.523824412821213,0,0,1.69706588881263,1.35681506043858,"PLCB1","L2_3_IT","WTvsHET_in_PCBs"
"Oxidative phosphorylation","1/134",0.472787312058569,0.54615086048145,0,0,1.58150695888658,1.1847221228592,"ATP6V0C","L2_3_IT","WTvsHET_in_PCBs"
"Signaling pathways regulating pluripotency of stem cells","1/137",0.48031501748662,0.55010437900177,0,0,1.54638610763454,1.13398519643512,"ACVR2A","L2_3_IT","WTvsHET_in_PCBs"
"Insulin signaling pathway","1/139",0.485274302236411,0.551074207624399,0,0,1.52382053654024,1.10178468844382,"CALM1","L2_3_IT","WTvsHET_in_PCBs"
"Human papillomavirus infection","2/360",0.512361949228098,0.57694538820643,0,0,1.17420556256383,0.785219407290442,"DLG2;ATP6V0C","L2_3_IT","WTvsHET_in_PCBs"
"Hippo signaling pathway","1/159",0.532362249521049,0.594471178631838,0,0,1.32958524104498,0.838211887663337,"DLG2","L2_3_IT","WTvsHET_in_PCBs"
"Tight junction","1/167",0.549980573431665,0.609069395370605,0,0,1.26499615483209,0.756306188932674,"DLG2","L2_3_IT","WTvsHET_in_PCBs"
"Cell adhesion molecules (CAMs)","1/170",0.556416726934217,0.611146241058894,0,0,1.24235175626338,0.728313506498135,"NRXN1","L2_3_IT","WTvsHET_in_PCBs"
"Necroptosis","1/176",0.569017025895409,0.619904727398251,0,0,1.19939209726444,0.676271144508111,"CAMK2A","L2_3_IT","WTvsHET_in_PCBs"
"Phagosome","1/180",0.577219799697067,0.623769783543604,0,0,1.17235231189825,0.644245286117824,"ATP6V0C","L2_3_IT","WTvsHET_in_PCBs"
"Transcriptional misregulation in cancer","1/183",0.583270324981834,0.624542443016076,0,0,1.15285246668225,0.621507976700108,"TSPAN7","L2_3_IT","WTvsHET_in_PCBs"
"Cellular senescence","1/185",0.587256327015116,0.624542443016076,0,0,1.1402058279371,0.606924585894684,"CALM1","L2_3_IT","WTvsHET_in_PCBs"
"Huntington disease","1/192",0.600912532672468,0.634033695890636,0,0,1.09802829453047,0.559232279281107,"PLCB1","L2_3_IT","WTvsHET_in_PCBs"
"Alcoholism","1/199",0.614121501498542,0.642908446881286,0,0,1.05883301096067,0.516247254272743,"CALM1","L2_3_IT","WTvsHET_in_PCBs"
"NOD-like receptor signaling pathway","1/205",0.625098511963342,0.649327136458045,0,0,1.02737797246558,0.482709453992732,"PLCB1","L2_3_IT","WTvsHET_in_PCBs"
"Kaposi sarcoma-associated herpesvirus infection","1/216",0.644426532995978,0.664255041703547,0,0,0.974270163285502,0.428088906247573,"CALM1","L2_3_IT","WTvsHET_in_PCBs"
"Endocytosis","1/269",0.724583426883282,0.741176940476029,0,0,0.779493489996824,0.25112035440259,"PSD3","L2_3_IT","WTvsHET_in_PCBs"
"Cytokine-cytokine receptor interaction","1/292",0.753535884546751,0.764953094918672,0,0,0.717043211230533,0.202907911467311,"ACVR2A","L2_3_IT","WTvsHET_in_PCBs"
"PI3K-Akt signaling pathway","1/357",0.820059854568708,0.826225718136894,0,0,0.584180014343772,0.115888432514701,"PRKCA","L2_3_IT","WTvsHET_in_PCBs"
"Olfactory transduction","2/1133",0.973916864171652,0.973916864171652,0,0,0.356977838624112,0.00943468654275113,"CAMK2A;CALM1","L2_3_IT","WTvsHET_in_PCBs"
"Adrenergic signaling in cardiomyocytes","9/148",9.64147023027663e-09,1.21482524901485e-06,0,0,17.5432147432739,323.798486786301,"PPP2R2B;CACNA2D1;CAMK2A;CACNA2D3;ATP2B2;ATP1A1;ATP2B1;ATP1B1;PLCB1","L4","WTvsHET_in_PCBs"
"cGMP-PKG signaling pathway","8/172",5.27212764916097e-07,3.32144041897141e-05,0,0,13.0217534607779,188.238062006577,"MEF2C;PPP3R1;KCNMA1;ATP2B2;ATP1A1;ATP2B1;ATP1B1;PLCB1","L4","WTvsHET_in_PCBs"
"Salivary secretion","6/78",8.00636203015732e-07,3.36267205266608e-05,0,0,21.7609649122807,305.477360875758,"KCNMA1;ATP2B2;ATP1A1;ATP2B1;ATP1B1;PLCB1","L4","WTvsHET_in_PCBs"
"Oxytocin signaling pathway","7/154",3.28110324277513e-06,9.64829326083501e-05,0,0,12.5530158730159,158.511084438443,"MEF2C;PPP3R1;KCNJ6;CACNA2D1;CAMK2A;CACNA2D3;PLCB1","L4","WTvsHET_in_PCBs"
"Aldosterone synthesis and secretion","6/102",3.88189895739207e-06,9.64829326083501e-05,0,0,16.3009868421053,203.097028712837,"CAMK2A;ATP2B2;ATP1A1;ATP2B1;ATP1B1;PLCB1","L4","WTvsHET_in_PCBs"
"Pancreatic secretion","6/105",4.59442536230238e-06,9.64829326083501e-05,0,0,15.804625199362,194.249383285479,"KCNMA1;ATP2B2;ATP1A1;ATP2B1;ATP1B1;PLCB1","L4","WTvsHET_in_PCBs"
"Dopaminergic synapse","6/135",1.94513314214535e-05,0.000350123965586164,0,0,12.1107711138311,131.372740624973,"GRIA2;KCNJ6;PPP2R2B;CAMK2A;PLCB1;SCN1A","L4","WTvsHET_in_PCBs"
"Insulin secretion","5/86",2.74929306533482e-05,0.000433013657790234,0,0,15.9026775693442,167.003267003595,"KCNMA1;CAMK2A;ATP1A1;ATP1B1;PLCB1","L4","WTvsHET_in_PCBs"
"Endocrine and other factor-regulated calcium reabsorption","4/55",7.63416524798817e-05,0.00106878313471834,0,0,19.9768728004022,189.386584689081,"ATP1A1;ATP2B1;ATP1B1;PLCB1","L4","WTvsHET_in_PCBs"
"Calcium signaling pathway","6/189",0.000126955083267353,0.00159963404916865,0,0,8.51380500431406,76.3831103201275,"PPP3R1;CAMK2A;ATP2B2;ATP2B1;PLCB1;CACNA1E","L4","WTvsHET_in_PCBs"
"Long-term potentiation","4/67",0.000165286309449935,0.00189327954460834,0,0,16.1619861619862,140.735850248496,"GRIA2;PPP3R1;CAMK2A;PLCB1","L4","WTvsHET_in_PCBs"
"Thyroid hormone synthesis","4/73",0.000230378933987746,0.00218509554807563,0,0,14.7521367521368,123.560726695233,"HSPA5;ATP1A1;ATP1B1;PLCB1","L4","WTvsHET_in_PCBs"
"cAMP signaling pathway","6/211",0.000230800544467176,0.00218509554807563,0,0,7.59165596919127,63.5721980962053,"GRIA2;CAMK2A;ATP2B2;ATP1A1;ATP2B1;ATP1B1","L4","WTvsHET_in_PCBs"
"Gastric acid secretion","4/74",0.000242788394230626,0.00218509554807563,0,0,14.5406593406593,121.026565060122,"CAMK2A;ATP1A1;ATP1B1;PLCB1","L4","WTvsHET_in_PCBs"
"Renin secretion","4/76",0.000269039021115091,0.00225992777736676,0,0,14.1353276353276,116.201639489773,"PPP3R1;KCNMA1;PLCB1;CTSB","L4","WTvsHET_in_PCBs"
"Cardiac muscle contraction","4/78",0.000297269173853579,0.00234099474409693,0,0,13.7519057519058,111.677473522964,"CACNA2D1;CACNA2D3;ATP1A1;ATP1B1","L4","WTvsHET_in_PCBs"
"Circadian entrainment","4/99",0.000735048303245681,0.00544800507111505,0,0,10.7006747638327,77.2115142702365,"GRIA2;KCNJ6;CAMK2A;PLCB1","L4","WTvsHET_in_PCBs"
"Mineral absorption","3/44",0.000779300431665736,0.00545510302166015,0,0,18.4103118246372,131.764699090568,"ATP1A1;ATP2B1;ATP1B1","L4","WTvsHET_in_PCBs"
"Cholinergic synapse","4/113",0.00120393861704468,0.00798401398671737,0,0,9.3196894848271,62.6484151246219,"KCNJ6;CAMK2A;KCNQ5;PLCB1","L4","WTvsHET_in_PCBs"
"Amphetamine addiction","3/68",0.00274790016773628,0.0173117710567386,0,0,11.5986368062317,68.3962128762065,"GRIA2;PPP3R1;CAMK2A","L4","WTvsHET_in_PCBs"
"Retrograde endocannabinoid signaling","4/150",0.00337941670638745,0.0202765002383247,0,0,6.94485423252546,39.5165828020416,"GRIA2;GABRA1;KCNJ6;PLCB1","L4","WTvsHET_in_PCBs"
"Proximal tubule bicarbonate reclamation","2/22",0.00363693752369709,0.0208297330902652,0,0,24.8725,139.699214082934,"ATP1A1;ATP1B1","L4","WTvsHET_in_PCBs"
"Axon guidance","4/180",0.00643317617650214,0.0352426173147508,0,0,5.752331002331,29.0279125847525,"PPP3R1;CAMK2A;PAK7;LRRC4C","L4","WTvsHET_in_PCBs"
"MAPK signaling pathway","5/294",0.00720703145597554,0.0378369151438716,0,0,4.41041657304633,21.7552536194662,"MEF2C;PPP3R1;CACNA2D1;CACNA2D3;CACNA1E","L4","WTvsHET_in_PCBs"
"Glucagon signaling pathway","3/102",0.00852259008633011,0.0429538540351037,0,0,7.60222477943997,36.224867027198,"PPP3R1;CAMK2A;PLCB1","L4","WTvsHET_in_PCBs"
"Aldosterone-regulated sodium reabsorption","2/38",0.0106090895173914,0.051267873744781,0,0,13.8069444444444,62.7669789336149,"ATP1A1;ATP1B1","L4","WTvsHET_in_PCBs"
"Glutamatergic synapse","3/114",0.0115254426576846,0.051267873744781,0,0,6.77625726992816,30.2437798079804,"GRIA2;PPP3R1;PLCB1","L4","WTvsHET_in_PCBs"
"Nicotine addiction","2/40",0.0117091000066694,0.051267873744781,0,0,13.0789473684211,58.167166149692,"GRIA2;GABRA1","L4","WTvsHET_in_PCBs"
"Thyroid hormone signaling pathway","3/115",0.0117997487190369,0.051267873744781,0,0,6.71541591320072,29.8142778622487,"ATP1A1;ATP1B1;PLCB1","L4","WTvsHET_in_PCBs"
"Carbohydrate digestion and absorption","2/43",0.0134486436370121,0.0564843032754509,0,0,12.1201219512195,52.2241149897652,"ATP1A1;ATP1B1","L4","WTvsHET_in_PCBs"
"Amyotrophic lateral sclerosis (ALS)","2/52",0.0192858516630642,0.078387655146648,0,0,9.934,39.2232419508046,"GRIA2;PPP3R1","L4","WTvsHET_in_PCBs"
"Long-term depression","2/61",0.0259944000496572,0.102352950195525,0,0,8.41483050847458,30.7130723231266,"GRIA2;PLCB1","L4","WTvsHET_in_PCBs"
"Cushing syndrome","3/159",0.0276521352981856,0.104132534264183,0,0,4.81061343719572,17.2607327425411,"KMT2A;CAMK2A;PLCB1","L4","WTvsHET_in_PCBs"
"Wnt signaling pathway","3/160",0.0280992552776366,0.104132534264183,0,0,4.77973071031202,17.0732564365668,"PPP3R1;CAMK2A;PLCB1","L4","WTvsHET_in_PCBs"
"Arrhythmogenic right ventricular cardiomyopathy (ARVC)","2/72",0.0352761374472165,0.123466481065258,0,0,7.08857142857143,23.7080711981965,"CACNA2D1;CACNA2D3","L4","WTvsHET_in_PCBs"
"Bile secretion","2/72",0.0352761374472165,0.123466481065258,0,0,7.08857142857143,23.7080711981965,"ATP1A1;ATP1B1","L4","WTvsHET_in_PCBs"
"ErbB signaling pathway","2/84",0.0466285495034665,0.154543600207067,0,0,6.04756097560976,18.5390538323101,"CAMK2A;PAK7","L4","WTvsHET_in_PCBs"
"Hypertrophic cardiomyopathy (HCM)","2/86",0.0486352406720678,0.154543600207067,0,0,5.90297619047619,17.8470989102098,"CACNA2D1;CACNA2D3","L4","WTvsHET_in_PCBs"
"Antigen processing and presentation","2/90",0.0527410699119354,0.154543600207067,0,0,5.63352272727273,16.5758565046965,"HSPA5;CTSB","L4","WTvsHET_in_PCBs"
"Dilated cardiomyopathy (DCM)","2/90",0.0527410699119354,0.154543600207067,0,0,5.63352272727273,16.5758565046965,"CACNA2D1;CACNA2D3","L4","WTvsHET_in_PCBs"
"GABAergic synapse","2/90",0.0527410699119354,0.154543600207067,0,0,5.63352272727273,16.5758565046965,"GABRA1;KCNJ6","L4","WTvsHET_in_PCBs"
"GnRH signaling pathway","2/90",0.0527410699119354,0.154543600207067,0,0,5.63352272727273,16.5758565046965,"CAMK2A;PLCB1","L4","WTvsHET_in_PCBs"
"Protein digestion and absorption","2/90",0.0527410699119354,0.154543600207067,0,0,5.63352272727273,16.5758565046965,"ATP1A1;ATP1B1","L4","WTvsHET_in_PCBs"
"Morphine addiction","2/92",0.0548389594885618,0.157038838535427,0,0,5.50777777777778,15.9910308346135,"GABRA1;KCNJ6","L4","WTvsHET_in_PCBs"
"Melanogenesis","2/100",0.0635161526621472,0.177034685648043,0,0,5.05612244897959,13.9370045076699,"CAMK2A;PLCB1","L4","WTvsHET_in_PCBs"
"T cell receptor signaling pathway","2/101",0.0646317106334124,0.177034685648043,0,0,5.00479797979798,13.7083924668824,"PPP3R1;PAK7","L4","WTvsHET_in_PCBs"
"Chagas disease (American trypanosomiasis)","2/103",0.066882632663012,0.179302376926373,0,0,4.90519801980198,13.2676578271532,"PPP2R2B;PLCB1","L4","WTvsHET_in_PCBs"
"Parathyroid hormone synthesis, secretion and action","2/107",0.071461714292097,0.187587000016755,0,0,4.71738095238095,12.4472504214447,"MEF2C;PLCB1","L4","WTvsHET_in_PCBs"
"Oocyte meiosis","2/116",0.082120956277001,0.211168173283717,0,0,4.34298245614035,10.8555540965526,"PPP3R1;CAMK2A","L4","WTvsHET_in_PCBs"
"Sphingolipid signaling pathway","2/124",0.0919783058116454,0.231785330645346,0,0,4.05655737704918,9.67976750109171,"PPP2R2B;PLCB1","L4","WTvsHET_in_PCBs"
"Inflammatory mediator regulation of TRP channels","2/127",0.0957605739546074,0.236584947417265,0,0,3.9586,9.28649646141284,"CAMK2A;PLCB1","L4","WTvsHET_in_PCBs"
"Serotonergic synapse","2/132",0.102161756531471,0.247545794672411,0,0,3.80538461538462,8.68083529238796,"KCNJ6;PLCB1","L4","WTvsHET_in_PCBs"
"Estrogen signaling pathway","2/134",0.104754929625182,0.248994851857485,0,0,3.74734848484849,8.45451155931716,"KCNJ6;PLCB1","L4","WTvsHET_in_PCBs"
"Protein export","1/28",0.10873501329275,0.248994851857485,0,0,9.09510745313214,20.1806012028651,"HSPA5","L4","WTvsHET_in_PCBs"
"Apelin signaling pathway","2/138",0.109994771195534,0.248994851857485,0,0,3.63639705882353,8.0267008610754,"MEF2C;PLCB1","L4","WTvsHET_in_PCBs"
"Fatty acid elongation","1/29",0.112394316840881,0.248994851857485,0,0,8.76984126984127,19.1686095611886,"TECR","L4","WTvsHET_in_PCBs"
"Vascular smooth muscle contraction","2/140",0.112640528221243,0.248994851857485,0,0,3.58333333333333,7.82440074801061,"KCNMA1;PLCB1","L4","WTvsHET_in_PCBs"
"Circadian rhythm","1/30",0.116038778787242,0.252084243572284,0,0,8.46700723712218,18.2365013424277,"RORB","L4","WTvsHET_in_PCBs"
"Biosynthesis of unsaturated fatty acids","1/32",0.123283415430119,0.263283226172797,0,0,7.91995221027479,16.5785934821117,"TECR","L4","WTvsHET_in_PCBs"
"Prion diseases","1/34",0.130469395996814,0.273985731593309,0,0,7.43920688365133,15.1508121791672,"HSPA5","L4","WTvsHET_in_PCBs"
"African trypanosomiasis","1/39",0.148180796129026,0.30607836577471,0,0,6.45873944119558,12.3318143103347,"PLCB1","L4","WTvsHET_in_PCBs"
"Cell adhesion molecules (CAMs)","2/170",0.154085886344126,0.313142285150965,0,0,2.9389880952381,5.49662816782103,"NRXN1;LRRC4C","L4","WTvsHET_in_PCBs"
"Alzheimer disease","2/175",0.161260308060601,0.322520616121201,0,0,2.85332369942197,5.20656076026002,"PPP3R1;PLCB1","L4","WTvsHET_in_PCBs"
"Tuberculosis","2/178",0.165594492843,0.326014157784655,0,0,2.80426136363636,5.04266006215503,"PPP3R1;CAMK2A","L4","WTvsHET_in_PCBs"
"Transcriptional misregulation in cancer","2/183",0.172863621599069,0.335089481868964,0,0,2.72610497237569,4.78500204958469,"MEF2C;KMT2A","L4","WTvsHET_in_PCBs"
"Type II diabetes mellitus","1/48",0.179167827733916,0.336942482007066,0,0,5.21959548200683,8.97474120716067,"CACNA1E","L4","WTvsHET_in_PCBs"
"Cocaine addiction","1/48",0.179167827733916,0.336942482007066,0,0,5.21959548200683,8.97474120716067,"GRIA2","L4","WTvsHET_in_PCBs"
"Arginine and proline metabolism","1/50",0.185901138460253,0.344463874205762,0,0,5.00604686318972,8.42287539189952,"CKB","L4","WTvsHET_in_PCBs"
"NOD-like receptor signaling pathway","2/205",0.205403071690325,0.375083870043203,0,0,2.42795566502463,3.84292216081389,"PLCB1;CTSB","L4","WTvsHET_in_PCBs"
"VEGF signaling pathway","1/58",0.212293077518415,0.382127539533146,0,0,4.30171106779294,6.66673811838095,"PPP3R1","L4","WTvsHET_in_PCBs"
"Lysine degradation","1/59",0.215532064303904,0.382493522567492,0,0,4.22733077905492,6.48745453853359,"KMT2A","L4","WTvsHET_in_PCBs"
"Regulation of actin cytoskeleton","2/217",0.223433751065167,0.391009064364043,0,0,2.29104651162791,3.43345468805258,"CYFIP2;PAK7","L4","WTvsHET_in_PCBs"
"Aminoacyl-tRNA biosynthesis","1/66",0.23783952569461,0.410517537500286,0,0,3.7707502374169,5.41539724660985,"LARS2","L4","WTvsHET_in_PCBs"
"Renal cell carcinoma","1/68",0.244097184534458,0.415307683968934,0,0,3.65782200110558,5.15821974899497,"PAK7","L4","WTvsHET_in_PCBs"
"Cortisol synthesis and secretion","1/69",0.247206954743413,0.415307683968934,0,0,3.6038489469862,5.03648492763678,"PLCB1","L4","WTvsHET_in_PCBs"
"Human immunodeficiency virus 1 infection","2/238",0.255252745418357,0.419224874144328,0,0,2.08495762711864,2.84701186279901,"PPP3R1;PAK7","L4","WTvsHET_in_PCBs"
"B cell receptor signaling pathway","1/72",0.256460639090881,0.419224874144328,0,0,3.45105199095809,4.69612280428241,"PPP3R1","L4","WTvsHET_in_PCBs"
"Inositol phosphate metabolism","1/73",0.259520160184584,0.419224874144328,0,0,3.40294924554184,4.59030932771569,"PLCB1","L4","WTvsHET_in_PCBs"
"Glioma","1/75",0.265601943018023,0.423618288864189,0,0,3.31064397731064,4.38910792382136,"CAMK2A","L4","WTvsHET_in_PCBs"
"Synaptic vesicle cycle","1/77",0.271634378556653,0.427824146226728,0,0,3.22319688109162,4.20078705892003,"SYT1","L4","WTvsHET_in_PCBs"
"Human cytomegalovirus infection","2/255",0.281100533481445,0.437267496526692,0,0,1.94318181818182,2.46598109606156,"PPP3R1;PLCB1","L4","WTvsHET_in_PCBs"
"RNA degradation","1/83",0.289439540302684,0.4438311657249,0,0,2.98644986449865,3.7026269588463,"ZCCHC7","L4","WTvsHET_in_PCBs"
"Peroxisome","1/84",0.292364974247355,0.4438311657249,0,0,2.95031979770936,3.62816269090521,"PEX5L","L4","WTvsHET_in_PCBs"
"Gap junction","1/86",0.298180195983163,0.445319466404766,0,0,2.88061002178649,3.48570315857659,"PLCB1","L4","WTvsHET_in_PCBs"
"Th1 and Th2 cell differentiation","1/87",0.30107007917713,0.445319466404766,0,0,2.84697100200976,3.4175387812122,"PPP3R1","L4","WTvsHET_in_PCBs"
"Taste transduction","1/88",0.30394820722865,0.445319466404766,0,0,2.8141052930325,3.35131226127804,"GABRA1","L4","WTvsHET_in_PCBs"
"mRNA surveillance pathway","1/96",0.32655567396506,0.472942700225259,0,0,2.57608836907083,2.88304173379209,"PPP2R2B","L4","WTvsHET_in_PCBs"
"Phosphatidylinositol signaling system","1/98",0.332093251784657,0.475497155964395,0,0,2.52271859488354,2.78089228044572,"PLCB1","L4","WTvsHET_in_PCBs"
"AGE-RAGE signaling pathway in diabetic complications","1/101",0.34031538733379,0.480247344898401,0,0,2.44666666666667,2.63721913814528,"PLCB1","L4","WTvsHET_in_PCBs"
"Th17 cell differentiation","1/102",0.343033817784572,0.480247344898401,0,0,2.42232000977876,2.5917037463215,"PPP3R1","L4","WTvsHET_in_PCBs"
"HIF-1 signaling pathway","1/104",0.348437524976898,0.482451957660321,0,0,2.37504494786048,2.50400117974067,"CAMK2A","L4","WTvsHET_in_PCBs"
"Amoebiasis","1/106",0.353797322938557,0.484548507502806,0,0,2.32957084068195,2.42049646897865,"PLCB1","L4","WTvsHET_in_PCBs"
"C-type lectin receptor signaling pathway","1/112",0.36961677148559,0.50077110975467,0,0,2.20298075853631,2.19260155314552,"PPP3R1","L4","WTvsHET_in_PCBs"
"Natural killer cell mediated cytotoxicity","1/118",0.385053557513357,0.516135619645563,0,0,2.08937427455946,1.99404206847685,"PPP3R1","L4","WTvsHET_in_PCBs"
"Neurotrophin signaling pathway","1/121",0.392631318336485,0.517532802556335,0,0,2.03683127572016,1.90420143620438,"CAMK2A","L4","WTvsHET_in_PCBs"
"Lysosome","1/124",0.40011682583367,0.517532802556335,0,0,1.98685134999498,1.81995327342312,"CTSB","L4","WTvsHET_in_PCBs"
"Platelet activation","1/125",0.402591686427838,0.517532802556335,0,0,1.97072879330944,1.79303293870028,"PLCB1","L4","WTvsHET_in_PCBs"
"AMPK signaling pathway","1/126",0.405056460754065,0.517532802556335,0,0,1.95486419753086,1.76666709948707,"PPP2R2B","L4","WTvsHET_in_PCBs"
"Osteoclast differentiation","1/128",0.409955912965796,0.517532802556335,0,0,1.9238845144357,1.71553869996799,"PPP3R1","L4","WTvsHET_in_PCBs"
"Autophagy","1/130",0.414815505398206,0.517532802556335,0,0,1.89386544166906,1.66645277422484,"CTSB","L4","WTvsHET_in_PCBs"
"Relaxin signaling pathway","1/131",0.417230454403875,0.517532802556335,0,0,1.87920227920228,1.64264183444637,"PLCB1","L4","WTvsHET_in_PCBs"
"Neuroactive ligand-receptor interaction","2/348",0.418955125878938,0.517532802556335,0,0,1.41416184971098,1.23030873645887,"GRIA2;GABRA1","L4","WTvsHET_in_PCBs"
"Ubiquitin mediated proteolysis","1/138",0.433861645348908,0.530743371980217,0,0,1.78255384338109,1.48848519647896,"HERC3","L4","WTvsHET_in_PCBs"
"Apoptosis","1/141",0.440844956616436,0.534100620516067,0,0,1.74409171075838,1.42851931046162,"CTSB","L4","WTvsHET_in_PCBs"
"Fluid shear stress and atherosclerosis","1/143",0.445453155268361,0.534543786322033,0,0,1.71935315597287,1.39037760528855,"MEF2C","L4","WTvsHET_in_PCBs"
"Phospholipase D signaling pathway","1/149",0.459053844442276,0.545667777355912,0,0,1.64914914914915,1.28400735455554,"PLCB1","L4","WTvsHET_in_PCBs"
"Hippo signaling pathway","1/159",0.480993121818499,0.563661114070284,0,0,1.5439912486326,1.1300507595366,"PPP2R2B","L4","WTvsHET_in_PCBs"
"Hepatitis C","1/160",0.483138097774529,0.563661114070284,0,0,1.53420296606879,1.11606016592483,"PPP2R2B","L4","WTvsHET_in_PCBs"
"Protein processing in endoplasmic reticulum","1/163",0.489520623531819,0.565194789326564,0,0,1.50556317634507,1.0754669655494,"HSPA5","L4","WTvsHET_in_PCBs"
"Tight junction","1/167",0.497909695359116,0.565194789326564,0,0,1.46898705934851,1.02437837239831,"PPP2R2B","L4","WTvsHET_in_PCBs"
"RNA transport","1/167",0.497909695359116,0.565194789326564,0,0,1.46898705934851,1.02437837239831,"CYFIP2","L4","WTvsHET_in_PCBs"
"Necroptosis","1/176",0.516290413757272,0.580826715476931,0,0,1.39280423280423,0.920763176344195,"CAMK2A","L4","WTvsHET_in_PCBs"
"Cellular senescence","1/185",0.534006149772936,0.595440485587522,0,0,1.32407407407407,0.830655121141793,"PPP3R1","L4","WTvsHET_in_PCBs"
"Huntington disease","1/192",0.547340561904275,0.604955357894198,0,0,1.27509533966777,0.768479650014244,"PLCB1","L4","WTvsHET_in_PCBs"
"Chemokine signaling pathway","1/197",0.556633678978431,0.608599475613303,0,0,1.24225245653817,0.727771021896506,"PLCB1","L4","WTvsHET_in_PCBs"
"Focal adhesion","1/199",0.560297929929708,0.608599475613303,0,0,1.22957974809827,0.712279095057593,"PAK7","L4","WTvsHET_in_PCBs"
"Proteoglycans in cancer","1/203",0.56753692090663,0.611193607130217,0,0,1.2049871653832,0.682564344654273,"CAMK2A","L4","WTvsHET_in_PCBs"
"Rap1 signaling pathway","1/209",0.578175220108536,0.617373540115894,0,0,1.16987179487179,0.640947378701278,"PLCB1","L4","WTvsHET_in_PCBs"
"Kaposi sarcoma-associated herpesvirus infection","1/216",0.590260188090018,0.624981375624725,0,0,1.1313809933965,0.596454830512261,"PPP3R1","L4","WTvsHET_in_PCBs"
"Ras signaling pathway","1/233",0.618203956576618,0.649114154405449,0,0,1.04757343550447,0.503816667322993,"PAK7","L4","WTvsHET_in_PCBs"
"Human T-cell leukemia virus 1 infection","1/245",0.63678703826792,0.663100552245933,0,0,0.995446265938069,0.449264807884983,"PPP3R1","L4","WTvsHET_in_PCBs"
"Pathways in cancer","2/535",0.648390754271546,0.66964946752635,0,0,0.909240150093809,0.393938977253969,"CAMK2A;PLCB1","L4","WTvsHET_in_PCBs"
"MicroRNAs in cancer","1/281",0.687340315375481,0.704104713311469,0,0,0.865873015873016,0.324638085521006,"ZEB2","L4","WTvsHET_in_PCBs"
"PI3K-Akt signaling pathway","1/357",0.772349246116608,0.781389988517599,0,0,0.678388125953669,0.175240162351663,"PPP2R2B","L4","WTvsHET_in_PCBs"
"Human papillomavirus infection","1/360",0.775188480672221,0.781389988517599,0,0,0.672615977165652,0.171281038655229,"PPP2R2B","L4","WTvsHET_in_PCBs"
"Olfactory transduction","1/1133",0.991702405090168,0.991702405090168,0,0,0.204881560005235,0.00170711650547404,"CAMK2A","L4","WTvsHET_in_PCBs"
"Long-term potentiation","11/67",3.68478762605704e-09,3.99170791908986e-07,0,0,13.5902288732394,263.909374023726,"PRKCG;GRIA1;PPP3CA;GRM5;PRKCB;CAMK4;PLCB1;CALM1;PRKACB;CAMK2G;GRIN2B","L5","WTvsHET_in_PCBs"
"Amphetamine addiction","11/68",4.33881295553246e-09,3.99170791908986e-07,0,0,13.3511242895972,257.084777211812,"PRKCG;GRIA1;PPP3CA;PRKCB;CAMK4;CALM1;PRKACB;CAMK2G;GRIN2B;STX1A;GRIA4","L5","WTvsHET_in_PCBs"
"Insulin secretion","11/86",5.47315488633211e-08,3.3568683302837e-06,0,0,10.137558685446,169.50835010089,"PRKCG;SNAP25;RAB3A;PCLO;PRKCB;ATP1A3;ATP1A1;PLCB1;PRKACB;CAMK2G;STX1A","L5","WTvsHET_in_PCBs"
"Calcium signaling pathway","15/189",1.45016384527598e-07,6.33843649216912e-06,0,0,6.01323891625616,94.686980148859,"PRKCG;PRKCB;PDE1A;ATP2A2;ATP2B2;CACNA1E;RYR3;PPP3CA;GRM5;CAMK4;PTK2B;CALM1;PLCB1;PRKACB;CAMK2G","L5","WTvsHET_in_PCBs"
"Synaptic vesicle cycle","10/77",1.92018174431093e-07,6.33843649216912e-06,0,0,10.2843676355067,159.054695770891,"DNM3;SNAP25;RIMS1;RAB3A;SYT1;STXBP1;CLTC;SLC1A2;ATP6V0C;STX1A","L5","WTvsHET_in_PCBs"
"Salivary secretion","10/78",2.17415438224e-07,6.33843649216912e-06,0,0,10.1326109391125,155.449003385766,"PRKCG;CST3;PRKCB;ATP1A3;ATP2B2;ATP1A1;PLCB1;CALM1;PRKACB;RYR3","L5","WTvsHET_in_PCBs"
"Ribosome","14/170",2.41136170897738e-07,6.33843649216912e-06,0,0,6.2434072451866,95.1364404757415,"RPL30;RPL21;RPLP1;RPL36A;RPL9;RPS26;RPS16;RPS27;RPS19;RPS29;RPL36;RPL37;FAU;RPS23","L5","WTvsHET_in_PCBs"
"Oxytocin signaling pathway","13/154",4.90632828255879e-07,1.12845550498852e-05,0,0,6.39635833207585,92.9235420893496,"PRKCG;MEF2C;PRKCB;RYR3;CAMKK2;CACNB2;PPP3CA;CACNB4;CAMK4;CALM1;PLCB1;PRKACB;CAMK2G","L5","WTvsHET_in_PCBs"
"cAMP signaling pathway","15/211",6.01416697996287e-07,1.22956302701463e-05,0,0,5.33227040816327,76.3793229584944,"GRIA1;HTR1F;PDE4D;ATP2A2;ATP1A3;ATP2B2;ATP1A1;GRIN2B;PAK1;PDE10A;CAMK4;CALM1;PRKACB;CAMK2G;GRIA4","L5","WTvsHET_in_PCBs"
"Dopaminergic synapse","12/135",7.80568602471534e-07,1.43624622854762e-05,0,0,6.75066793070758,94.936284907829,"PRKCG;GRIA1;PPP3CA;PRKCB;PPP2R2B;CALM1;PLCB1;PRKACB;GRIN2B;CAMK2G;SCN1A;GRIA4","L5","WTvsHET_in_PCBs"
"Glutamatergic synapse","11/114",9.9909586442813e-07,1.67121490049796e-05,0,0,7.37118829481745,101.843397279985,"PRKCG;GRIA1;PPP3CA;GRM5;HOMER1;PRKCB;SLC1A2;PLCB1;PRKACB;GRIN2B;GRIA4","L5","WTvsHET_in_PCBs"
"Endocrine and other factor-regulated calcium reabsorption","8/55",1.35962681086103e-06,2.08476110998691e-05,0,0,11.6586848543257,157.48901611122,"PRKCG;DNM3;PRKCB;CLTC;ATP1A3;ATP1A1;PLCB1;PRKACB","L5","WTvsHET_in_PCBs"
"Circadian entrainment","10/99",2.05003577778915e-06,2.72965045817758e-05,0,0,7.73349103094816,101.290584417807,"PRKCG;GRIA1;PRKCB;CALM1;PLCB1;PRKACB;GRIN2B;CAMK2G;RYR3;GRIA4","L5","WTvsHET_in_PCBs"
"Adrenergic signaling in cardiomyocytes","12/148",2.07690795730903e-06,2.72965045817758e-05,0,0,6.10133028476408,79.8336512928698,"CACNB2;CACNB4;PPP2R2B;ATP2A2;ATP1A3;ATP2B2;ATP1A1;CALM1;PLCB1;PRKACB;CAMK2G;SCN1B","L5","WTvsHET_in_PCBs"
"Aldosterone synthesis and secretion","10/102",2.6960625204369e-06,3.30717002506927e-05,0,0,7.48016781083143,95.9235639086322,"PRKCG;PRKCB;CAMK4;ATP1A3;ATP2B2;ATP1A1;CALM1;PLCB1;PRKACB;CAMK2G","L5","WTvsHET_in_PCBs"
"Morphine addiction","9/92",8.70844920690886e-06,0.000100147165879452,0,0,7.43946415030752,86.6788099170673,"PRKCG;GABRA2;GABRA1;GABRB1;PDE10A;PRKCB;PDE4D;PDE1A;PRKACB","L5","WTvsHET_in_PCBs"
"Alzheimer disease","12/175",1.17192144386166e-05,0.000126843262159144,0,0,5.08365670185783,57.7212657014054,"RTN3;ATP5B;PPP3CA;COX4I1;ATP5J;ATP2A2;CALM1;PLCB1;COX5B;GRIN2B;GAPDH;RYR3","L5","WTvsHET_in_PCBs"
"Gastric acid secretion","8/74",1.3209345246935e-05,0.000135028862524224,0,0,8.29437229437229,93.1838389037086,"PRKCG;PRKCB;ATP1A3;ATP1A1;PLCB1;CALM1;PRKACB;CAMK2G","L5","WTvsHET_in_PCBs"
"Retrograde endocannabinoid signaling","11/150",1.44654707420416e-05,0.000140086664028193,0,0,5.45207214510082,60.756507576002,"PRKCG;GRIA1;GABRA2;RIMS1;GABRA1;GABRB1;GRM5;PRKCB;PLCB1;PRKACB;GRIA4","L5","WTvsHET_in_PCBs"
"Nicotine addiction","6/40",2.46366702001513e-05,0.000226657365841392,0,0,12.0116018725829,127.458405452404,"GRIA1;GABRA2;GABRA1;GABRB1;GRIN2B;GRIA4","L5","WTvsHET_in_PCBs"
"Cardiac muscle contraction","7/78",0.000152745635617324,0.0013383427120756,0,0,6.72134194053208,59.0586607755187,"CACNB2;CACNB4;COX4I1;ATP2A2;ATP1A3;ATP1A1;COX5B","L5","WTvsHET_in_PCBs"
"Thyroid hormone signaling pathway","8/115",0.000308070662583991,0.00257659099615702,0,0,5.10547396528705,41.2786830265838,"PRKCG;THRA;PRKCB;ATP2A2;ATP1A3;ATP1A1;PLCB1;PRKACB","L5","WTvsHET_in_PCBs"
"Axon guidance","10/180",0.000352786230306408,0.00282228984245126,0,0,4.03199174406605,32.052916170036,"EPHA5;ENAH;NRP1;PPP3CA;PAK1;EPHA6;CFL1;PAK7;SLIT3;CAMK2G","L5","WTvsHET_in_PCBs"
"Thyroid hormone synthesis","6/73",0.000727657784153981,0.00557870967851385,0,0,6.08521406806796,43.9698077435365,"PRKCG;PRKCB;ATP1A3;ATP1A1;PLCB1;PRKACB","L5","WTvsHET_in_PCBs"
"Glucagon signaling pathway","7/102",0.000791066601931352,0.00582225019021475,0,0,5.0171783625731,35.8333320415014,"LDHB;PPP3CA;PGAM1;CALM1;PLCB1;PRKACB;CAMK2G","L5","WTvsHET_in_PCBs"
"Pancreatic secretion","7/105",0.000939226930171779,0.00664683673660028,0,0,4.86284722222222,33.8962501278102,"PRKCG;PRKCB;ATP2A2;ATP1A3;ATP2B2;ATP1A1;PLCB1","L5","WTvsHET_in_PCBs"
"Cholinergic synapse","7/113",0.00144265640433628,0.00983143623695832,0,0,4.49400550314465,29.3964995108078,"PRKCG;PRKCB;CAMK4;KCNQ5;PLCB1;PRKACB;CAMK2G","L5","WTvsHET_in_PCBs"
"Gap junction","6/86",0.00171397440341726,0.0112632603653135,0,0,5.09299307958478,32.4369693445482,"PRKCG;GRM5;TUBA1B;PRKCB;PLCB1;PRKACB","L5","WTvsHET_in_PCBs"
"Fc gamma R-mediated phagocytosis","6/87",0.00181857605288456,0.0115385515079572,0,0,5.02986031013713,31.736917006066,"PRKCG;PAK1;ARPC2;PRKCB;CFL1;ASAP1","L5","WTvsHET_in_PCBs"
"GABAergic synapse","6/90",0.00216153936073588,0.0128297820121097,0,0,4.84948096885813,29.7609477637146,"PRKCG;GABRA2;GABRA1;GABRB1;PRKCB;PRKACB","L5","WTvsHET_in_PCBs"
"GnRH signaling pathway","6/90",0.00216153936073588,0.0128297820121097,0,0,4.84948096885813,29.7609477637146,"PRKCB;PTK2B;PLCB1;CALM1;PRKACB;CAMK2G","L5","WTvsHET_in_PCBs"
"Aldosterone-regulated sodium reabsorption","4/38",0.0023066274118209,0.0132631076179702,0,0,7.95269860521528,48.2885379352038,"PRKCG;PRKCB;ATP1A3;ATP1A1","L5","WTvsHET_in_PCBs"
"Melanogenesis","6/100",0.00366350909136083,0.0204268385700119,0,0,4.33137009497166,24.2961007726247,"PRKCG;PRKCB;CALM1;PLCB1;PRKACB;CAMK2G","L5","WTvsHET_in_PCBs"
"Proximal tubule bicarbonate reclamation","3/22",0.00397413030326293,0.0215070581117759,0,0,10.6449170872386,58.8445624553747,"MDH1;ATP1A3;ATP1A1","L5","WTvsHET_in_PCBs"
"cGMP-PKG signaling pathway","8/172",0.00409259516561047,0.0215153574420664,0,0,3.32132234214328,18.2625433032545,"PPP3CA;MEF2C;ATP2A2;ATP1A3;ATP2B2;ATP1A1;CALM1;PLCB1","L5","WTvsHET_in_PCBs"
"MAPK signaling pathway","11/294",0.00444873018740481,0.0227379542911801,0,0,2.65816453491266,14.3943239944945,"PRKCG;PPP3CA;CACNB2;NTRK2;MEF2C;PAK1;CACNB4;PRKCB;STMN1;PRKACB;CACNA1E","L5","WTvsHET_in_PCBs"
"Glioma","5/75",0.00502276945111925,0.0246994015506939,0,0,4.83620689655172,25.6017854276165,"PRKCG;PRKCB;CAMK4;CALM1;CAMK2G","L5","WTvsHET_in_PCBs"
"Parathyroid hormone synthesis, secretion and action","6/107",0.00510096336373026,0.0246994015506939,0,0,4.02973722977834,21.2702662379751,"PRKCG;MEF2C;PRKCB;PDE4D;PLCB1;PRKACB","L5","WTvsHET_in_PCBs"
"Renin secretion","5/76",0.00531305343888479,0.0250667136603795,0,0,4.76784847013113,24.9720286669872,"PPP3CA;PDE1A;PLCB1;CALM1;PRKACB","L5","WTvsHET_in_PCBs"
"Amyotrophic lateral sclerosis (ALS)","4/52",0.0072035005840422,0.0331361026865941,0,0,5.62915234822451,27.769667821405,"GRIA1;PPP3CA;SLC1A2;GRIN2B","L5","WTvsHET_in_PCBs"
"Huntington disease","8/192",0.00781971572300419,0.0350933583666529,0,0,2.95727920012119,14.3460780582735,"ATP5B;GRM5;COX4I1;CLTC;ATP5J;PLCB1;COX5B;GRIN2B","L5","WTvsHET_in_PCBs"
"ErbB signaling pathway","5/84",0.00807544501198946,0.0353781400525253,0,0,4.2832824094282,20.6408265430339,"PRKCG;PAK1;PRKCB;PAK7;CAMK2G","L5","WTvsHET_in_PCBs"
"Neurotrophin signaling pathway","6/121",0.00915468493931238,0.0391735355542669,0,0,3.53663306754927,16.5991502227286,"NTRK2;MAGED1;NTRK3;CAMK4;CALM1;CAMK2G","L5","WTvsHET_in_PCBs"
"Taste transduction","5/88",0.00977432276339495,0.0408744406469243,0,0,4.07602825093477,18.8638443081482,"GABRA2;GABRA1;HTR1F;PDE1A;PRKACB","L5","WTvsHET_in_PCBs"
"Inflammatory mediator regulation of TRP channels","6/127",0.0114521831511978,0.0468267044404531,0,0,3.36023334953816,15.0188146336429,"PRKCG;PRKCB;CALM1;PLCB1;PRKACB;CAMK2G","L5","WTvsHET_in_PCBs"
"Long-term depression","4/61",0.0125300498633928,0.0501201994535711,0,0,4.7381684451679,20.7514034905583,"PRKCG;GRIA1;PRKCB;PLCB1","L5","WTvsHET_in_PCBs"
"Serotonergic synapse","6/132",0.013655787680575,0.053460956026081,0,0,3.22606689734717,13.8514145099809,"PRKCG;GABRB1;PRKCB;HTR1F;PLCB1;PRKACB","L5","WTvsHET_in_PCBs"
"Phosphatidylinositol signaling system","5/98",0.01505995876713,0.0577298419406652,0,0,3.63589173155358,15.2551683652459,"PRKCG;DGKB;PRKCB;CALM1;PLCB1","L5","WTvsHET_in_PCBs"
"Regulation of actin cytoskeleton","8/217",0.0155192893900901,0.0582765152607467,0,0,2.60020339096077,10.8315932951296,"CYFIP2;ENAH;CYFIP1;PAK1;ARPC2;TMSB4X;CFL1;PAK7","L5","WTvsHET_in_PCBs"
"Apelin signaling pathway","6/138",0.0166716571657163,0.0613516983698359,0,0,3.07848379993709,12.6034517539108,"MEF2C;CAMK4;CALM1;PLCB1;PRKACB;RYR3","L5","WTvsHET_in_PCBs"
"African trypanosomiasis","3/39",0.0196299988953746,0.0708219567989985,0,0,5.61329908675799,22.0641741024817,"PRKCG;PRKCB;PLCB1","L5","WTvsHET_in_PCBs"
"Parkinson disease","6/144",0.0201180783253868,0.0711870463821381,0,0,2.94373401534527,11.4986267334385,"ATP5B;UBB;COX4I1;ATP5J;COX5B;PRKACB","L5","WTvsHET_in_PCBs"
"Arrhythmogenic right ventricular cardiomyopathy (ARVC)","4/72",0.0218022044757846,0.0742889930285993,0,0,3.96947645037396,15.1862014735415,"CACNB2;CACNB4;ATP2A2;CTNNA2","L5","WTvsHET_in_PCBs"
"Bile secretion","4/72",0.0218022044757846,0.0742889930285993,0,0,3.96947645037396,15.1862014735415,"ATP1A3;ATP1A1;HMGCR;PRKACB","L5","WTvsHET_in_PCBs"
"Ras signaling pathway","8/233",0.022694825610765,0.0759245074978319,0,0,2.41331784746419,9.13590027257667,"PRKCG;NTRK2;PAK1;PRKCB;PAK7;CALM1;PRKACB;GRIN2B","L5","WTvsHET_in_PCBs"
"Bacterial invasion of epithelial cells","4/74",0.0238387669554415,0.0783273771393078,0,0,3.85567010309278,14.406488327439,"DNM3;ARPC2;CLTC;CTNNA2","L5","WTvsHET_in_PCBs"
"Human immunodeficiency virus 1 infection","8/238",0.025350718689054,0.0792022812714253,0,0,2.36024844720497,8.67379077952573,"PRKCG;PPP3CA;PAK1;PRKCB;CFL1;PAK7;PTK2B;CALM1","L5","WTvsHET_in_PCBs"
"Vasopressin-regulated water reabsorption","3/43",0.0253963836685549,0.0792022812714253,0,0,5.05094178082192,18.5528591770602,"DYNC1H1;DYNLL1;PRKACB","L5","WTvsHET_in_PCBs"
"Carbohydrate digestion and absorption","3/43",0.0253963836685549,0.0792022812714253,0,0,5.05094178082192,18.5528591770602,"PRKCB;ATP1A3;ATP1A1","L5","WTvsHET_in_PCBs"
"Chemokine signaling pathway","7/197",0.0272496795782795,0.0835656840400571,0,0,2.49643640350877,8.99394517409673,"PAK1;PRKCB;CCL27A;PTK2B;PLCB1;PRKACB;CX3CL1","L5","WTvsHET_in_PCBs"
"Leukocyte transendothelial migration","5/115",0.0278870389478129,0.0841182814163536,0,0,3.07131661442006,10.9940642275346,"PRKCG;PRKCB;PTK2B;THY1;CTNNA2","L5","WTvsHET_in_PCBs"
"Natural killer cell mediated cytotoxicity","5/118",0.0306977143876039,0.0911028943115987,0,0,2.98931949954226,10.4134949914658,"PRKCG;PPP3CA;PAK1;PRKCB;PTK2B","L5","WTvsHET_in_PCBs"
"Wnt signaling pathway","6/160",0.0315923191558007,0.0922696305502752,0,0,2.63573450770683,9.1060443081905,"PRKCG;PPP3CA;PRKCB;PLCB1;PRKACB;CAMK2G","L5","WTvsHET_in_PCBs"
"Human cytomegalovirus infection","8/255",0.0359922898011714,0.103477833178368,0,0,2.19588370551143,7.30010676102105,"PRKCG;PPP3CA;PRKCB;PTK2B;CALM1;PLCB1;PRKACB;CX3CL1","L5","WTvsHET_in_PCBs"
"Dilated cardiomyopathy (DCM)","4/90",0.0442167970555335,0.125167548587972,0,0,3.13577879005834,9.77939821131799,"CACNB2;CACNB4;ATP2A2;PRKACB","L5","WTvsHET_in_PCBs"
"Oxidative phosphorylation","5/134",0.0486391995242686,0.135600192613113,0,0,2.61641272387062,7.91026730296237,"ATP5B;COX4I1;ATP5J;COX5B;ATP6V0C","L5","WTvsHET_in_PCBs"
"VEGF signaling pathway","3/58",0.0541434605379068,0.148692488641416,0,0,3.6706102117061,10.7039327975472,"PRKCG;PPP3CA;PRKCB","L5","WTvsHET_in_PCBs"
"Vascular smooth muscle contraction","5/140",0.0566761177154169,0.153358906759363,0,0,2.49936143039591,7.17417295153438,"PRKCG;PRKCB;CALM1;PLCB1;PRKACB","L5","WTvsHET_in_PCBs"
"T cell receptor signaling pathway","4/101",0.0624904343018796,0.166641158138346,0,0,2.77861621851419,7.7043852938954,"PPP3CA;DLG1;PAK1;PAK7","L5","WTvsHET_in_PCBs"
"HIF-1 signaling pathway","4/104",0.0680680245952676,0.178921664650418,0,0,2.69484536082474,7.24171703044532,"PRKCG;PRKCB;GAPDH;CAMK2G","L5","WTvsHET_in_PCBs"
"Phospholipase D signaling pathway","5/149",0.0700780374991912,0.181610688730298,0,0,2.34207375478927,6.22557359999338,"DNM3;GRM5;DGKB;PTK2B;PLCB1","L5","WTvsHET_in_PCBs"
"Amoebiasis","4/106",0.0719247904599076,0.183807797841986,0,0,2.64173573209352,6.95340318670632,"PRKCG;PRKCB;PLCB1;PRKACB","L5","WTvsHET_in_PCBs"
"Neuroactive ligand-receptor interaction","9/348",0.0738542028517517,0.186153059242771,0,0,1.79769787734389,4.68419369539195,"GABRA2;GRIA1;GABRA1;GABRB1;GRM5;THRA;HTR1F;GRIN2B;GRIA4","L5","WTvsHET_in_PCBs"
"Glycolysis / Gluconeogenesis","3/67",0.0764668547628723,0.190133801032007,0,0,3.15298587328767,8.1060047701778,"LDHB;PGAM1;GAPDH","L5","WTvsHET_in_PCBs"
"Proteoglycans in cancer","6/203",0.080811683110025,0.198257995896595,0,0,2.05589025696872,5.1718668775862,"PRKCG;PAK1;PRKCB;ANK3;PRKACB;CAMK2G","L5","WTvsHET_in_PCBs"
"Cortisol synthesis and secretion","3/69",0.0818993886809335,0.198282730490681,0,0,3.0571295143213,7.64974436996906,"PLCB1;PRKACB;PBX1","L5","WTvsHET_in_PCBs"
"Hippo signaling pathway","5/159",0.0868384592999871,0.207510084561008,0,0,2.18887147335423,5.34895764336871,"DLG1;PAK1;DLG2;PPP2R2B;CTNNA2","L5","WTvsHET_in_PCBs"
"Prion diseases","2/34",0.0893869636913865,0.209381007033259,0,0,4.1964590443686,10.1335271649045,"NCAM2;PRKACB","L5","WTvsHET_in_PCBs"
"Rap1 signaling pathway","6/209",0.0898972801936276,0.209381007033259,0,0,1.99451139482162,4.80495265266576,"PRKCG;DOCK4;PRKCB;CALM1;PLCB1;GRIN2B","L5","WTvsHET_in_PCBs"
"Oocyte meiosis","4/116",0.0928206153036788,0.213487415198461,0,0,2.40463917525773,5.71603535981261,"PPP3CA;CALM1;PRKACB;CAMK2G","L5","WTvsHET_in_PCBs"
"Tight junction","5/167",0.101621714072118,0.230844387521849,0,0,2.0799276287782,4.75575045796328,"DLG1;TUBA1B;DLG2;PPP2R2B;PRKACB","L5","WTvsHET_in_PCBs"
"Endocytosis","7/269",0.10437140987616,0.23419926118553,0,0,1.80371342239186,4.07603067707543,"DNM3;UBB;ARPC2;ZFYVE9;CLTC;ARAP2;ASAP1","L5","WTvsHET_in_PCBs"
"Pyruvate metabolism","2/38",0.107876046872979,0.239146899091905,0,0,3.72942737959803,8.304586050396,"LDHB;MDH1","L5","WTvsHET_in_PCBs"
"Sphingolipid signaling pathway","4/124",0.111376820179554,0.24396827277426,0,0,2.24341351660939,4.9239248624846,"PRKCG;PRKCB;PPP2R2B;PLCB1","L5","WTvsHET_in_PCBs"
"Hypertrophic cardiomyopathy (HCM)","3/86",0.134090881400202,0.290267319736909,0,0,2.42886614952963,4.88016892464541,"CACNB2;CACNB4;ATP2A2","L5","WTvsHET_in_PCBs"
"Mineral absorption","2/44",0.13725024805197,0.29365169350654,0,0,3.19567690557452,6.34645260539737,"ATP1A3;ATP1A1","L5","WTvsHET_in_PCBs"
"Ether lipid metabolism","2/47",0.152527635013248,0.322587182096983,0,0,2.98217671596511,5.60771338607698,"ENPP2;PAFAH1B1","L5","WTvsHET_in_PCBs"
"Cocaine addiction","2/48",0.157692128734798,0.329719905536395,0,0,2.91719839738834,5.38838837140114,"PRKACB;GRIN2B","L5","WTvsHET_in_PCBs"
"Cysteine and methionine metabolism","2/50",0.168116328539063,0.343704493902085,0,0,2.79536405005688,4.98441114256764,"LDHB;MDH1","L5","WTvsHET_in_PCBs"
"N-Glycan biosynthesis","2/50",0.168116328539063,0.343704493902085,0,0,2.79536405005688,4.98441114256764,"MGAT4C;TUSC3","L5","WTvsHET_in_PCBs"
"Alcoholism","5/199",0.171776839878078,0.347328994918313,0,0,1.73400284393886,3.05454846687634,"NTRK2;CAMK4;CALM1;GRIN2B;CAMKK2","L5","WTvsHET_in_PCBs"
"Choline metabolism in cancer","3/99",0.179897517304173,0.359795034608346,0,0,2.09856592465753,3.59981270407506,"PRKCG;DGKB;PRKCB","L5","WTvsHET_in_PCBs"
"Longevity regulating pathway","3/102",0.191017751148383,0.377927593669918,0,0,2.03466168534662,3.36815640438653,"CAMK4;PRKACB;CAMKK2","L5","WTvsHET_in_PCBs"
"Cushing syndrome","4/159",0.208348342157916,0.407830797415495,0,0,1.73373240217271,2.71943534577964,"PLCB1;PRKACB;CAMK2G;PBX1","L5","WTvsHET_in_PCBs"
"C-type lectin receptor signaling pathway","3/112",0.229208479284713,0.44394063356197,0,0,1.84705290938796,2.72093667658303,"PPP3CA;PAK1;CALM1","L5","WTvsHET_in_PCBs"
"Central carbon metabolism in cancer","2/64",0.243447457132363,0.466607626170362,0,0,2.16261147198062,3.05545457473193,"PGAM1;NTRK3","L5","WTvsHET_in_PCBs"
"Non-small cell lung cancer","2/66",0.254387576866186,0.480042602894261,0,0,2.09481655290102,2.86758659028099,"PRKCG;PRKCB","L5","WTvsHET_in_PCBs"
"Thermogenesis","5/231",0.255674864584987,0.480042602894261,0,0,1.48603906011596,2.0267324431527,"ATP5B;COX4I1;ATP5J;COX5B;PRKACB","L5","WTvsHET_in_PCBs"
"Renal cell carcinoma","2/68",0.265337801951891,0.493153086456041,0,0,2.03113041679595,2.69480540927886,"PAK1;PAK7","L5","WTvsHET_in_PCBs"
"Tuberculosis","4/178",0.268556938637223,0.494144767092491,0,0,1.54291582730971,2.02845959713616,"PPP3CA;CALM1;ATP6V0C;CAMK2G","L5","WTvsHET_in_PCBs"
"AMPK signaling pathway","3/126",0.284664568589862,0.507537550759579,0,0,1.63564984964918,2.05510202126404,"PPP2R2B;HMGCR;CAMKK2","L5","WTvsHET_in_PCBs"
"Transcriptional misregulation in cancer","4/183",0.284918498283533,0.507537550759579,0,0,1.49943366161762,1.88261709846763,"MEF2C;TSPAN7;PBX1;RUNX1T1","L5","WTvsHET_in_PCBs"
"Adherens junction","2/72",0.287229384289216,0.507537550759579,0,0,1.91467576791809,2.38850849558344,"LMO7;CTNNA2","L5","WTvsHET_in_PCBs"
"B cell receptor signaling pathway","2/72",0.287229384289216,0.507537550759579,0,0,1.91467576791809,2.38850849558344,"PPP3CA;PRKCB","L5","WTvsHET_in_PCBs"
"Terpenoid backbone biosynthesis","1/23",0.289627406683455,0.507537550759579,0,0,3.04313543599258,3.77093166611824,"HMGCR","L5","WTvsHET_in_PCBs"
"Autophagy","3/130",0.300746513116489,0.522050551070132,0,0,1.58380972926329,1.90292762084181,"DAPK1;PRKACB;CAMKK2","L5","WTvsHET_in_PCBs"
"Pertussis","2/76",0.309049385021396,0.53144940975642,0,0,1.81081081081081,2.12635218692389,"CFL1;CALM1","L5","WTvsHET_in_PCBs"
"Estrogen signaling pathway","3/134",0.316873669242075,0.539858843893906,0,0,1.53513541775593,1.76425760920468,"CALM1;PLCB1;PRKACB","L5","WTvsHET_in_PCBs"
"Salmonella infection","2/78",0.319912088747262,0.540035085591708,0,0,1.76297826477456,2.00928227202738,"DYNC1H1;ARPC2","L5","WTvsHET_in_PCBs"
"Purine metabolism","3/136",0.324944694932014,0.54324401719812,0,0,1.51189617880317,1.69952291878962,"PDE10A;PDE1A;PDE4D","L5","WTvsHET_in_PCBs"
"Collecting duct acid secretion","1/27",0.330670271337986,0.54324401719812,0,0,2.57443746729461,2.84895889737275,"ATP6V0C","L5","WTvsHET_in_PCBs"
"Phototransduction","1/27",0.330670271337986,0.54324401719812,0,0,2.57443746729461,2.84895889737275,"CALM1","L5","WTvsHET_in_PCBs"
"Focal adhesion","4/199",0.338059770146646,0.549669679856277,0,0,1.3752753546568,1.49153090711338,"PRKCG;PAK1;PRKCB;PAK7","L5","WTvsHET_in_PCBs"
"Mucin type O-glycan biosynthesis","1/28",0.340556214693563,0.549669679856277,0,0,2.47896195515243,2.67027602369483,"GALNT17","L5","WTvsHET_in_PCBs"
"Fatty acid elongation","1/29",0.350296630896396,0.560474609434234,0,0,2.39030612244898,2.50737128493924,"TECR","L5","WTvsHET_in_PCBs"
"Glyoxylate and dicarboxylate metabolism","1/31",0.369349390938394,0.580857161817645,0,0,2.23072562358277,2.22182998951885,"MDH1","L5","WTvsHET_in_PCBs"
"Propanoate metabolism","1/31",0.369349390938394,0.580857161817645,0,0,2.23072562358277,2.22182998951885,"LDHB","L5","WTvsHET_in_PCBs"
"Biosynthesis of unsaturated fatty acids","1/32",0.378665911739503,0.585500233277888,0,0,2.15865701119157,2.09627390023248,"TECR","L5","WTvsHET_in_PCBs"
"Citrate cycle (TCA cycle)","1/32",0.378665911739503,0.585500233277888,0,0,2.15865701119157,2.09627390023248,"MDH1","L5","WTvsHET_in_PCBs"
"Protein digestion and absorption","2/90",0.383991954633774,0.588787663771787,0,0,1.52164132795532,1.45641416095726,"ATP1A3;ATP1A1","L5","WTvsHET_in_PCBs"
"SNARE interactions in vesicular transport","1/33",0.387845260090254,0.589781221955428,0,0,2.09109268707483,1.98057599848103,"STX1A","L5","WTvsHET_in_PCBs"
"Pathways in cancer","9/535",0.391913894041929,0.59108325003045,0,0,1.14740487649233,1.07478920334157,"PRKCG;PRKCB;DAPK1;CTNNA2;CALM1;PLCB1;PRKACB;CAMK2G;RUNX1T1","L5","WTvsHET_in_PCBs"
"Glycerophospholipid metabolism","2/97",0.420177693328343,0.628558500588741,0,0,1.40901742410634,1.22172741520645,"LPGAT1;DGKB","L5","WTvsHET_in_PCBs"
"Hepatitis B","3/163",0.432602020489841,0.641925578791377,0,0,1.25502996575342,1.05163616351735,"PRKCG;PRKCB;PTK2B","L5","WTvsHET_in_PCBs"
"AGE-RAGE signaling pathway in diabetic complications","2/101",0.440365691669813,0.647327555210332,0,0,1.35181163167511,1.1086880120836,"PRKCB;PLCB1","L5","WTvsHET_in_PCBs"
"Ferroptosis","1/40",0.448425299450826,0.647327555210332,0,0,1.715157858015,1.37557918692151,"MAP1LC3A","L5","WTvsHET_in_PCBs"
"Glycine, serine and threonine metabolism","1/40",0.448425299450826,0.647327555210332,0,0,1.715157858015,1.37557918692151,"PGAM1","L5","WTvsHET_in_PCBs"
"Chagas disease (American trypanosomiasis)","2/103",0.450314821015883,0.647327555210332,0,0,1.3249079174129,1.05702258434656,"PPP2R2B;PLCB1","L5","WTvsHET_in_PCBs"
"Bladder cancer","1/41",0.456577313406176,0.650533530257926,0,0,1.67219387755102,1.3109953714457,"DAPK1","L5","WTvsHET_in_PCBs"
"Cell adhesion molecules (CAMs)","3/170",0.459616081160491,0.650533530257926,0,0,1.20199327372652,0.934385991706539,"CADM1;NRXN1;NCAM2","L5","WTvsHET_in_PCBs"
"Hedgehog signaling pathway","1/44",0.480319895968618,0.674647792810884,0,0,1.55529188419554,1.14050012231974,"PRKACB","L5","WTvsHET_in_PCBs"
"Glycosphingolipid biosynthesis","1/45",0.488002061059542,0.677141805235805,0,0,1.51986703772418,1.09040679559923,"ST6GALNAC5","L5","WTvsHET_in_PCBs"
"Human T-cell leukemia virus 1 infection","4/245",0.489455761393272,0.677141805235805,0,0,1.11015100312273,0.793159813638151,"NRP1;PPP3CA;DLG1;PRKACB","L5","WTvsHET_in_PCBs"
"Phagosome","3/180",0.497216117276314,0.682744519245088,0,0,1.13350359879266,0.792013540630226,"DYNC1H1;TUBA1B;ATP6V0C","L5","WTvsHET_in_PCBs"
"Type II diabetes mellitus","1/48",0.510376084362559,0.695623700168229,0,0,1.42263713996237,0.956876274548159,"CACNA1E","L5","WTvsHET_in_PCBs"
"Notch signaling pathway","1/49",0.517615393912815,0.700303179999691,0,0,1.39292800453515,0.91727484318882,"NUMB","L5","WTvsHET_in_PCBs"
"Arginine and proline metabolism","1/50",0.524748024205652,0.704771069006131,0,0,1.36443148688047,0.879836023363404,"CKB","L5","WTvsHET_in_PCBs"
"Lysosome","2/124",0.548293796688913,0.731058395585218,0,0,1.09567504056398,0.658439352920463,"CLTC;ATP6V0C","L5","WTvsHET_in_PCBs"
"Platelet activation","2/125",0.552645646975765,0.731559705349215,0,0,1.08671161796942,0.644461573448139,"PLCB1;PRKACB","L5","WTvsHET_in_PCBs"
"Regulation of lipolysis in adipocytes","1/56",0.565389692642652,0.737988027447444,0,0,1.2152133580705,0.692963343192587,"PRKACB","L5","WTvsHET_in_PCBs"
"Osteoclast differentiation","2/128",0.565523434076574,0.737988027447444,0,0,1.06067500948047,0.604588515194504,"PPP3CA;CAMK4","L5","WTvsHET_in_PCBs"
"Ovarian steroidogenesis","1/57",0.571818176149573,0.738749638198822,0,0,1.19345238095238,0.667061366106342,"PRKACB","L5","WTvsHET_in_PCBs"
"Relaxin signaling pathway","2/131",0.578133227633725,0.738749638198822,0,0,1.03584940603752,0.567594654943297,"PLCB1;PRKACB","L5","WTvsHET_in_PCBs"
"Endometrial cancer","1/58",0.578151890764296,0.738749638198822,0,0,1.17245494689104,0.642409941116087,"CTNNA2","L5","WTvsHET_in_PCBs"
"Glycerolipid metabolism","1/61",0.59659824374392,0.752689418885339,0,0,1.11366213151927,0.575219131752946,"DGKB","L5","WTvsHET_in_PCBs"
"MicroRNAs in cancer","4/281",0.597400268988756,0.752689418885339,0,0,0.964085005024378,0.49666566957069,"PRKCG;ZEB2;PRKCB;STMN1","L5","WTvsHET_in_PCBs"
"Mitophagy","1/63",0.608446957280064,0.752689418885339,0,0,1.07762782532368,0.535414578774922,"UBB","L5","WTvsHET_in_PCBs"
"Insulin signaling pathway","2/139",0.610442050769316,0.752689418885339,0,0,0.97496325452779,0.481214476566715,"CALM1;PRKACB","L5","WTvsHET_in_PCBs"
"Human papillomavirus infection","5/360",0.615654790609241,0.752689418885339,0,0,0.93977659057795,0.45585637578833,"DLG1;DLG2;PPP2R2B;PRKACB;ATP6V0C","L5","WTvsHET_in_PCBs"
"Apoptosis","2/141",0.618219614997227,0.752689418885339,0,0,0.960836791317799,0.462077482340045,"TUBA1B;SPTAN1","L5","WTvsHET_in_PCBs"
"Kaposi sarcoma-associated herpesvirus infection","3/216",0.620358394955546,0.752689418885339,0,0,0.940189079683581,0.448900714469763,"PPP3CA;UBB;CALM1","L5","WTvsHET_in_PCBs"
"Aminoacyl-tRNA biosynthesis","1/66",0.625572808354389,0.752689418885339,0,0,1.02773417059131,0.482097309891667,"LARS2","L5","WTvsHET_in_PCBs"
"Fluid shear stress and atherosclerosis","2/143",0.625877614616613,0.752689418885339,0,0,0.94711107883717,0.443816659561132,"MEF2C;CALM1","L5","WTvsHET_in_PCBs"
"Leishmaniasis","1/67",0.631113875704973,0.754058137205942,0,0,1.01211090496805,0.465843237778199,"PRKCB","L5","WTvsHET_in_PCBs"
"Acute myeloid leukemia","1/69",0.641952029099639,0.762059182931185,0,0,0.982242897158864,0.435371010677909,"RUNX1T1","L5","WTvsHET_in_PCBs"
"Adipocytokine signaling pathway","1/71",0.65247279564702,0.768019957428178,0,0,0.954081632653061,0.407379340810939,"CAMKK2","L5","WTvsHET_in_PCBs"
"Non-alcoholic fatty liver disease (NAFLD)","2/151",0.655321376718609,0.768019957428178,0,0,0.89589298394301,0.378630814785599,"COX4I1;COX5B","L5","WTvsHET_in_PCBs"
"Inositol phosphate metabolism","1/73",0.662685438952786,0.770574934323791,0,0,0.927484882842026,0.381618155605822,"PLCB1","L5","WTvsHET_in_PCBs"
"mTOR signaling pathway","2/154",0.665877253029798,0.770574934323791,0,0,0.878076163104006,0.357069610426009,"PRKCG;PRKCB","L5","WTvsHET_in_PCBs"
"RNA transport","2/167",0.708634621240616,0.805690072211672,0,0,0.808356603578447,0.278410324809971,"CYFIP2;CYFIP1","L5","WTvsHET_in_PCBs"
"RNA degradation","1/83",0.709432605419659,0.805690072211672,0,0,0.813962170233947,0.2794248908735,"ZCCHC7","L5","WTvsHET_in_PCBs"
"Influenza A","2/168",0.711727186749886,0.805690072211672,0,0,0.803445865372754,0.273220287604632,"IVNS1ABP;PRKCB","L5","WTvsHET_in_PCBs"
"Rheumatoid arthritis","1/84",0.713736313970123,0.805690072211672,0,0,0.804114416851078,0.271180907319604,"ATP6V0C","L5","WTvsHET_in_PCBs"
"Hepatocellular carcinoma","2/171",0.720840748800634,0.808748157190955,0,0,0.789062342225902,0.258289332697727,"PRKCG;PRKCB","L5","WTvsHET_in_PCBs"
"Th1 and Th2 cell differentiation","1/87",0.726269976036329,0.809901064185968,0,0,0.77594526182566,0.248173262100387,"PPP3CA","L5","WTvsHET_in_PCBs"
"Necroptosis","2/176",0.735491155084102,0.812814292206449,0,0,0.766191989329567,0.235387024124926,"PPIA;CAMK2G","L5","WTvsHET_in_PCBs"
"Progesterone-mediated oocyte maturation","1/90",0.738256643983416,0.812814292206449,0,0,0.74967515095926,0.227499239158845,"PRKACB","L5","WTvsHET_in_PCBs"
"TGF-beta signaling pathway","1/91",0.742134788536323,0.812814292206449,0,0,0.741307634164777,0.22107602189586,"ZFYVE9","L5","WTvsHET_in_PCBs"
"Cellular senescence","2/185",0.760216239771501,0.823327637194987,0,0,0.728174714187135,0.199630816500672,"PPP3CA;CALM1","L5","WTvsHET_in_PCBs"
"mRNA surveillance pathway","1/96",0.760683143060586,0.823327637194987,0,0,0.702112423916935,0.192054692908044,"PPP2R2B","L5","WTvsHET_in_PCBs"
"Th17 cell differentiation","1/102",0.781194050554417,0.835695961058214,0,0,0.660200713948946,0.163024481854785,"PPP3CA","L5","WTvsHET_in_PCBs"
"NF-kappa B signaling pathway","1/102",0.781194050554417,0.835695961058214,0,0,0.660200713948946,0.163024481854785,"PRKCB","L5","WTvsHET_in_PCBs"
"TNF signaling pathway","1/110",0.805842025916246,0.852154786026376,0,0,0.611495974536604,0.132002139880954,"CX3CL1","L5","WTvsHET_in_PCBs"
"Insulin resistance","1/110",0.805842025916246,0.852154786026376,0,0,0.611495974536604,0.132002139880954,"PRKCB","L5","WTvsHET_in_PCBs"
"Viral carcinogenesis","2/229",0.854204212039922,0.898134714373403,0,0,0.585707627309768,0.0922987303644986,"DLG1;PRKACB","L5","WTvsHET_in_PCBs"
"FoxO signaling pathway","1/132",0.860263014397588,0.899365878688387,0,0,0.508230773225321,0.0764974250625357,"HOMER1","L5","WTvsHET_in_PCBs"
"Systemic lupus erythematosus","1/143",0.881469550661999,0.916329928371796,0,0,0.468597298074159,0.0591204939429121,"GRIN2B","L5","WTvsHET_in_PCBs"
"Gastric cancer","1/150",0.893261503607836,0.923371441931695,0,0,0.446422864447793,0.0503903842958386,"CTNNA2","L5","WTvsHET_in_PCBs"
"Hepatitis C","1/160",0.908107395051987,0.932415813204328,0,0,0.418132032687289,0.040304846688432,"PPP2R2B","L5","WTvsHET_in_PCBs"
"Protein processing in endoplasmic reticulum","1/163",0.912145904221626,0.932415813204328,0,0,0.410325858738557,0.0377316452361085,"TUSC3","L5","WTvsHET_in_PCBs"
"Cytokine-cytokine receptor interaction","2/292",0.931295443827534,0.946731279913073,0,0,0.456984818171119,0.0325275906412497,"CCL27A;CX3CL1","L5","WTvsHET_in_PCBs"
"NOD-like receptor signaling pathway","1/205",0.953205725874397,0.963680514070819,0,0,0.325146725356809,0.0155825029446773,"PLCB1","L5","WTvsHET_in_PCBs"
"PI3K-Akt signaling pathway","2/357",0.969500866398629,0.974798685340698,0,0,0.372061721867038,0.0115242065274304,"NTRK2;PPP2R2B","L5","WTvsHET_in_PCBs"
"Olfactory transduction","4/1133",0.999962345008701,0.999962345008701,0,0,0.226164930190936,8.51639882185553e-06,"PDE1A;CALM1;PRKACB;CAMK2G","L5","WTvsHET_in_PCBs"
"Ribosome","21/170",1.31047759846384e-26,1.15322028664818e-24,0,0,51.6152125279642,3076.10256993621,"RPL21;RPS7;RPLP1;RPL34;RPL23;RPS5;RPL35A;RPL6;RPS26;RPS28;RPS15A;RPS19;RPS29;RPLP2;RPL35;RPS20;FAU;RPL39;UBA52;RPS24;RPS23","L6","WTvsHET_in_PCBs"
"Retrograde endocannabinoid signaling","5/150",0.000251121540251712,0.0110493477710754,0,0,9.74384236453202,80.7722975693558,"GNAO1;GRIA2;GABRB1;GRM5;ITPR1","L6","WTvsHET_in_PCBs"
"Circadian entrainment","4/99",0.000524466802434408,0.015384359538076,0,0,11.7598220904374,88.8234465144455,"GNAO1;GRIA2;NOS1AP;ITPR1","L6","WTvsHET_in_PCBs"
"Glutamatergic synapse","4/114",0.000891176432062455,0.019605881505374,0,0,10.1485275288092,71.2727854450277,"GNAO1;GRIA2;GRM5;ITPR1","L6","WTvsHET_in_PCBs"
"Long-term depression","3/61",0.00155929802850381,0.0274436453016671,0,0,14.2722701149425,92.2490967783819,"GNAO1;GRIA2;ITPR1","L6","WTvsHET_in_PCBs"
"Long-term potentiation","3/67",0.00204241722865281,0.0299554526869079,0,0,12.9303385416667,80.0856196464248,"GRIA2;GRM5;ITPR1","L6","WTvsHET_in_PCBs"
"Morphine addiction","3/92",0.00500787257232632,0.0629561123378165,0,0,9.28651685393258,49.1883032658274,"GNAO1;GABRB1;PDE4D","L6","WTvsHET_in_PCBs"
"Nicotine addiction","2/40",0.00987039865824951,0.108574385240745,0,0,14.3381398702235,66.2166131289896,"GRIA2;GABRB1","L6","WTvsHET_in_PCBs"
"Serotonergic synapse","3/132",0.0134324306601518,0.125511819553782,0,0,6.39405684754522,27.5589176216793,"GNAO1;GABRB1;ITPR1","L6","WTvsHET_in_PCBs"
"Dopaminergic synapse","3/135",0.0142627067674752,0.125511819553782,0,0,6.2477904040404,26.5537781469583,"GNAO1;GRIA2;ITPR1","L6","WTvsHET_in_PCBs"
"Calcium signaling pathway","3/189",0.0341576807158361,0.240565390388633,0,0,4.42181899641577,14.9314560359297,"GRM5;ITPR1;ATP2B1","L6","WTvsHET_in_PCBs"
"Salivary secretion","2/78",0.0346903001238301,0.240565390388633,0,0,7.15537130497477,24.051314981516,"ITPR1;ATP2B1","L6","WTvsHET_in_PCBs"
"Huntington disease","3/192",0.0355380690346844,0.240565390388633,0,0,4.35097001763668,14.519843031194,"GRM5;UQCRB;ITPR1","L6","WTvsHET_in_PCBs"
"Gap junction","2/86",0.0414247953532833,0.247289415356301,0,0,6.47129810828441,20.6038085087532,"GRM5;ITPR1","L6","WTvsHET_in_PCBs"
"cAMP signaling pathway","3/211",0.044939232130311,0.247289415356301,0,0,3.94971955128205,12.2537841142792,"GRIA2;PDE4D;ATP2B1","L6","WTvsHET_in_PCBs"
"GABAergic synapse","2/90",0.0449617118829638,0.247289415356301,0,0,6.17590286425903,19.1573048246926,"GNAO1;GABRB1","L6","WTvsHET_in_PCBs"
"Aldosterone synthesis and secretion","2/102",0.0562034266445547,0.26905598956818,0,0,5.43150684931507,15.6360999892687,"ITPR1;ATP2B1","L6","WTvsHET_in_PCBs"
"Pancreatic secretion","2/105",0.0591532258091099,0.26905598956818,0,0,5.27250964223966,14.908675616411,"ITPR1;ATP2B1","L6","WTvsHET_in_PCBs"
"Human immunodeficiency virus 1 infection","3/238",0.0602011946533062,0.26905598956818,0,0,3.49113475177305,9.81030888068094,"GNAO1;ITPR1;PAK7","L6","WTvsHET_in_PCBs"
"Parathyroid hormone synthesis, secretion and action","2/107",0.0611490885382226,0.26905598956818,0,0,5.17155903457273,14.4516130953851,"PDE4D;ITPR1","L6","WTvsHET_in_PCBs"
"Cholinergic synapse","2/113",0.0672725324641259,0.281903945563956,0,0,4.89053436998643,13.1995682145333,"GNAO1;ITPR1","L6","WTvsHET_in_PCBs"
"Oxidative phosphorylation","2/134",0.0901629446183339,0.338983160237324,0,0,4.10813615608136,9.88473737859457,"UQCRB;ATP6V1E1","L6","WTvsHET_in_PCBs"
"Estrogen signaling pathway","2/134",0.0901629446183339,0.338983160237324,0,0,4.10813615608136,9.88473737859457,"GNAO1;ITPR1","L6","WTvsHET_in_PCBs"
"Purine metabolism","2/136",0.0924499527919974,0.338983160237324,0,0,4.04641177673277,9.63486184395753,"GDA;PDE4D","L6","WTvsHET_in_PCBs"
"Collecting duct acid secretion","1/27",0.0965243203976376,0.339765607799684,0,0,10.3425155925156,24.1803906251823,"ATP6V1E1","L6","WTvsHET_in_PCBs"
"Fatty acid elongation","1/29",0.103296966374445,0.349620501575044,0,0,9.60279922779923,21.7997684554537,"TECR","L6","WTvsHET_in_PCBs"
"Biosynthesis of unsaturated fatty acids","1/32",0.113362117833025,0.357509985729935,0,0,8.67218831734961,18.8808109067187,"TECR","L6","WTvsHET_in_PCBs"
"Oxytocin signaling pathway","2/154",0.113753177277707,0.357509985729935,0,0,3.5639870223504,7.74712515769445,"GNAO1;ITPR1","L6","WTvsHET_in_PCBs"
"Pyruvate metabolism","1/38",0.133159177056584,0.372826587926483,0,0,7.26369612856099,14.6451371084318,"ME3","L6","WTvsHET_in_PCBs"
"Cell adhesion molecules (CAMs)","2/170",0.1336352711503,0.372826587926483,0,0,3.22195042400522,6.48462967509647,"CADM1;NRXN3","L6","WTvsHET_in_PCBs"
"cGMP-PKG signaling pathway","2/172",0.13617424589395,0.372826587926483,0,0,3.18372280419017,6.34777018075418,"ITPR1;ATP2B1","L6","WTvsHET_in_PCBs"
"Alzheimer disease","2/175",0.140003057671294,0.372826587926483,0,0,3.12803864122258,6.15000867052791,"UQCRB;ITPR1","L6","WTvsHET_in_PCBs"
"Neuroactive ligand-receptor interaction","3/348",0.14230751022003,0.372826587926483,0,0,2.36473429951691,4.61067616654831,"GRIA2;GABRB1;GRM5","L6","WTvsHET_in_PCBs"
"Axon guidance","2/180",0.146436201498844,0.372826587926483,0,0,3.0394028012929,5.83919558976666,"EPHA5;PAK7","L6","WTvsHET_in_PCBs"
"Vasopressin-regulated water reabsorption","1/43",0.149323060617621,0.372826587926483,0,0,6.39736164736165,12.1654988147298,"DYNLL1","L6","WTvsHET_in_PCBs"
"Mineral absorption","1/44",0.152519967788107,0.372826587926483,0,0,6.24827152734129,11.7496231466688,"ATP2B1","L6","WTvsHET_in_PCBs"
"Cocaine addiction","1/48",0.165189483287278,0.392883095385959,0,0,5.71535365152386,10.2914205964336,"GRIA2","L6","WTvsHET_in_PCBs"
"Arginine and proline metabolism","1/50",0.171453976440458,0.397051313862112,0,0,5.4815223386652,9.66633798573148,"CKB","L6","WTvsHET_in_PCBs"
"Amyotrophic lateral sclerosis (ALS)","1/52",0.177672082461433,0.400901109143746,0,0,5.26603073661897,9.09873037830949,"GRIA2","L6","WTvsHET_in_PCBs"
"Endocrine and other factor-regulated calcium reabsorption","1/55",0.186913006220593,0.411208613685304,0,0,4.97272272272272,8.33981284029088,"ATP2B1","L6","WTvsHET_in_PCBs"
"Aminoacyl-tRNA biosynthesis","1/66",0.219928144383953,0.447809359227417,0,0,4.12889812889813,6.25302794844157,"LARS2","L6","WTvsHET_in_PCBs"
"Amphetamine addiction","1/68",0.225787149721638,0.447809359227417,0,0,4.00524405002017,5.96045415434253,"GRIA2","L6","WTvsHET_in_PCBs"
"Renal cell carcinoma","1/68",0.225787149721638,0.447809359227417,0,0,4.00524405002017,5.96045415434253,"PAK7","L6","WTvsHET_in_PCBs"
"Cortisol synthesis and secretion","1/69",0.228700348546935,0.447809359227417,0,0,3.94614467408585,5.82191555621412,"ITPR1","L6","WTvsHET_in_PCBs"
"Thyroid hormone synthesis","1/73",0.240245378007423,0.447809359227417,0,0,3.72616366366366,5.31386139349824,"ITPR1","L6","WTvsHET_in_PCBs"
"Gastric acid secretion","1/74",0.243104890883722,0.447809359227417,0,0,3.67493520918178,5.1973222442922,"ITPR1","L6","WTvsHET_in_PCBs"
"Human cytomegalovirus infection","2/255",0.248002498428647,0.447809359227417,0,0,2.13027234825925,2.97027379639065,"GNAO1;ITPR1","L6","WTvsHET_in_PCBs"
"Renin secretion","1/76",0.24879209709571,0.447809359227417,0,0,3.57657657657658,4.97551045076062,"ITPR1","L6","WTvsHET_in_PCBs"
"Synaptic vesicle cycle","1/77",0.251619868089879,0.447809359227417,0,0,3.52933854907539,4.86990764610914,"ATP6V1E1","L6","WTvsHET_in_PCBs"
"Cardiac muscle contraction","1/78",0.254437135924668,0.447809359227417,0,0,3.48332748332748,4.76763549437428,"UQCRB","L6","WTvsHET_in_PCBs"
"RNA degradation","1/83",0.268367269439833,0.450165364047495,0,0,3.27010547132498,4.30149290528785,"ZCCHC7","L6","WTvsHET_in_PCBs"
"ErbB signaling pathway","1/84",0.271122321528605,0.450165364047495,0,0,3.23054379680886,4.21645791596358,"PAK7","L6","WTvsHET_in_PCBs"
"Rheumatoid arthritis","1/84",0.271122321528605,0.450165364047495,0,0,3.23054379680886,4.21645791596358,"ATP6V1E1","L6","WTvsHET_in_PCBs"
"GnRH signaling pathway","1/90",0.287438972224247,0.468419065846921,0,0,3.01184330397814,3.75499971201,"ITPR1","L6","WTvsHET_in_PCBs"
"Phosphatidylinositol signaling system","1/98",0.308635088137686,0.479623070420438,0,0,2.76232933964893,3.24738234033022,"ITPR1","L6","WTvsHET_in_PCBs"
"Melanogenesis","1/100",0.313836161648445,0.479623070420438,0,0,2.70625170625171,3.13623236372496,"GNAO1","L6","WTvsHET_in_PCBs"
"T cell receptor signaling pathway","1/101",0.316422202118208,0.479623070420438,0,0,2.67905405405405,3.08272822460793,"PAK7","L6","WTvsHET_in_PCBs"
"Glucagon signaling pathway","1/102",0.318998625722467,0.479623070420438,0,0,2.65239496922665,3.03054289971873,"ITPR1","L6","WTvsHET_in_PCBs"
"Chagas disease (American trypanosomiasis)","1/103",0.321565467668248,0.479623070420438,0,0,2.62625861155273,2.97963253867996,"GNAO1","L6","WTvsHET_in_PCBs"
"Toxoplasmosis","1/108",0.334257178778386,0.490243862208299,0,0,2.50290477393281,2.74279464568285,"GNAO1","L6","WTvsHET_in_PCBs"
"C-type lectin receptor signaling pathway","1/112",0.344241630167424,0.496610876307103,0,0,2.41222303384466,2.57242227508509,"ITPR1","L6","WTvsHET_in_PCBs"
"Oocyte meiosis","1/116",0.3540783069041,0.502562758186464,0,0,2.32784958871915,2.41686000262167,"ITPR1","L6","WTvsHET_in_PCBs"
"Platelet activation","1/125",0.375681655662611,0.519581600959897,0,0,2.15791194420227,2.11262418002252,"ITPR1","L6","WTvsHET_in_PCBs"
"Inflammatory mediator regulation of TRP channels","1/127",0.380384711708721,0.519581600959897,0,0,2.12344487344487,2.05246265371121,"ITPR1","L6","WTvsHET_in_PCBs"
"Autophagy","1/130",0.38737382629812,0.519581600959897,0,0,2.07374816677142,1.96667037254993,"ITPR1","L6","WTvsHET_in_PCBs"
"Relaxin signaling pathway","1/131",0.389686200719922,0.519581600959897,0,0,2.05769230769231,1.93919696284881,"GNAO1","L6","WTvsHET_in_PCBs"
"Apelin signaling pathway","1/138",0.405633444109728,0.523378836632707,0,0,1.95186427303216,1.76117762329054,"ITPR1","L6","WTvsHET_in_PCBs"
"Vascular smooth muscle contraction","1/140",0.410113794771448,0.523378836632707,0,0,1.92358545595956,1.7145313611661,"ITPR1","L6","WTvsHET_in_PCBs"
"Apoptosis","1/141",0.412341457464369,0.523378836632707,0,0,1.90974903474903,1.69185333992713,"ITPR1","L6","WTvsHET_in_PCBs"
"Parkinson disease","1/144",0.418974762272798,0.523378836632707,0,0,1.86940086940087,1.62627518056587,"UQCRB","L6","WTvsHET_in_PCBs"
"Adrenergic signaling in cardiomyocytes","1/148",0.427704372976876,0.523378836632707,0,0,1.81816510387939,1.54420951215643,"ATP2B1","L6","WTvsHET_in_PCBs"
"Phospholipase D signaling pathway","1/149",0.429866476928295,0.523378836632707,0,0,1.80578889700511,1.52459260076904,"GRM5","L6","WTvsHET_in_PCBs"
"Non-alcoholic fatty liver disease (NAFLD)","1/151",0.43416653493395,0.523378836632707,0,0,1.78153153153153,1.48638003169672,"UQCRB","L6","WTvsHET_in_PCBs"
"mTOR signaling pathway","1/154",0.440556690265798,0.523905253289058,0,0,1.74633456986398,1.43149864431449,"ATP6V1E1","L6","WTvsHET_in_PCBs"
"Cushing syndrome","1/159",0.451049080746893,0.529230921409687,0,0,1.69064317482039,1.34605479332114,"ITPR1","L6","WTvsHET_in_PCBs"
"Phagosome","1/180",0.493037248471167,0.566988219635813,0,0,1.49071417786502,1.05418916965292,"ATP6V1E1","L6","WTvsHET_in_PCBs"
"Transcriptional misregulation in cancer","1/183",0.498770900228848,0.566988219635813,0,0,1.46591921591922,1.01970572974847,"CDK14","L6","WTvsHET_in_PCBs"
"Cellular senescence","1/185",0.502557740131744,0.566988219635813,0,0,1.4498384253819,0.997553702311029,"ITPR1","L6","WTvsHET_in_PCBs"
"Alcoholism","1/199",0.528286662202285,0.578339411397375,0,0,1.3463690963691,0.859139960878102,"GNAO1","L6","WTvsHET_in_PCBs"
"Focal adhesion","1/199",0.528286662202285,0.578339411397375,0,0,1.3463690963691,0.859139960878102,"PAK7","L6","WTvsHET_in_PCBs"
"Proteoglycans in cancer","1/203",0.535393487895827,0.578339411397375,0,0,1.31944072785657,0.824324963440592,"ITPR1","L6","WTvsHET_in_PCBs"
"NOD-like receptor signaling pathway","1/205",0.5389071788021,0.578339411397375,0,0,1.30637254901961,0.807615098639962,"ITPR1","L6","WTvsHET_in_PCBs"
"Rap1 signaling pathway","1/209",0.545856089245511,0.578738986188011,0,0,1.28099012474012,0.775511307239351,"GNAO1","L6","WTvsHET_in_PCBs"
"Kaposi sarcoma-associated herpesvirus infection","1/216",0.557768913171254,0.579190512112778,0,0,1.23884349465745,0.723249885230389,"ITPR1","L6","WTvsHET_in_PCBs"
"Regulation of actin cytoskeleton","1/217",0.559445381018024,0.579190512112778,0,0,1.23304554554555,0.716164415186837,"PAK7","L6","WTvsHET_in_PCBs"
"Thermogenesis","1/231",0.582267893384194,0.592160649329088,0,0,1.15716803760282,0.625824986481579,"UQCRB","L6","WTvsHET_in_PCBs"
"Ras signaling pathway","1/233",0.585431551041258,0.592160649329088,0,0,1.14707595526561,0.614151359945778,"PAK7","L6","WTvsHET_in_PCBs"
"Human papillomavirus infection","1/360",0.744579364317543,0.744579364317543,0,0,0.736505307535948,0.217221805436992,"ATP6V1E1","L6","WTvsHET_in_PCBs"
"Nicotine addiction","6/40",1.87199002011722e-07,2.75182532957232e-05,0,0,28.9338842975207,448.217509981677,"GRIA1;GRIA2;GABRB2;GABRA1;GRIN2A;GABRG3","Lamp5","WTvsHET_in_PCBs"
"Synaptic vesicle cycle","6/77",9.54606753034589e-06,0.000701635963480423,0,0,13.8298219066465,159.864184248772,"RIMS1;RAB3A;SYT1;SLC6A1;ATP6V0C;ATP6V1D","Lamp5","WTvsHET_in_PCBs"
"Dopaminergic synapse","7/135",2.48946773194505e-05,0.00121983918865307,0,0,8.99837239583333,95.3904548582617,"GRIA1;GRIA2;GRIN2A;KIF5C;ITPR1;CALM1;SCN1A","Lamp5","WTvsHET_in_PCBs"
"Retrograde endocannabinoid signaling","7/150",4.88979847050273e-05,0.00179700093790975,0,0,8.0483682983683,79.8862878157727,"GRIA1;RIMS1;GRIA2;GABRB2;GABRA1;ITPR1;GABRG3","Lamp5","WTvsHET_in_PCBs"
"Long-term potentiation","5/67",6.7223184486819e-05,0.00197636162391248,0,0,13.0955843469064,125.815726597894,"GRIA1;GRIA2;GRIN2A;ITPR1;CALM1","Lamp5","WTvsHET_in_PCBs"
"Insulin secretion","5/86",0.000220203647137651,0.00539498935487246,0,0,10.0141671726371,84.3288788722269,"RIMS2;RAB3A;PCLO;KCNN2;RAPGEF4","Lamp5","WTvsHET_in_PCBs"
"GABAergic synapse","5/90",0.000272329800932392,0.00571892581958024,0,0,9.54098360655738,78.3171326660373,"GABRB2;GABRA1;GABBR1;SLC6A1;GABRG3","Lamp5","WTvsHET_in_PCBs"
"Neuroactive ligand-receptor interaction","9/348",0.000386115593699793,0.00622561259602845,0,0,4.39493025348733,34.5413995455109,"GRIA1;GRIA2;GABRB2;GABRA1;GRIN2A;GABBR1;NPY;GRIK2;GABRG3","Lamp5","WTvsHET_in_PCBs"
"cAMP signaling pathway","7/211",0.000403946087352889,0.00622561259602845,0,0,5.62430555555556,43.9496123422943,"GRIA1;GRIA2;GRIN2A;GABBR1;NPY;CALM1;RAPGEF4","Lamp5","WTvsHET_in_PCBs"
"Circadian entrainment","5/99",0.000423511060954316,0.00622561259602845,0,0,8.62356121381235,66.9786042860325,"GRIA1;GRIA2;GRIN2A;ITPR1;CALM1","Lamp5","WTvsHET_in_PCBs"
"Glutamatergic synapse","5/114",0.000805983570221174,0.0104310652799185,0,0,7.43119266055046,52.9357085505062,"GRIA1;GRIA2;GRIN2A;ITPR1;GRIK2","Lamp5","WTvsHET_in_PCBs"
"Alzheimer disease","6/175",0.000888768003286453,0.0104310652799185,0,0,5.78140740378503,40.6182855313265,"RTN3;ATP5B;GRIN2A;ITPR1;CALM1;GAPDH","Lamp5","WTvsHET_in_PCBs"
"Amphetamine addiction","4/68",0.000922475160809122,0.0104310652799185,0,0,10.0655487804878,70.3425854657459,"GRIA1;GRIA2;GRIN2A;CALM1","Lamp5","WTvsHET_in_PCBs"
"Calcium signaling pathway","6/189",0.00132114900764042,0.0138720645802245,0,0,5.33532041728763,35.3691913401465,"GRIN2A;ERBB4;ITPR1;CALM1;PHKA2;EGFR","Lamp5","WTvsHET_in_PCBs"
"Estrogen signaling pathway","5/134",0.00165759941052416,0.0162444742231368,0,0,6.27271571991358,40.1603401657885,"HSPA8;GABBR1;ITPR1;CALM1;EGFR","Lamp5","WTvsHET_in_PCBs"
"Rap1 signaling pathway","6/209",0.0021974891381485,0.0201894314567393,0,0,4.80478768880023,29.4074141433723,"MAGI1;GRIN2A;KIT;CALM1;EGFR;RAPGEF4","Lamp5","WTvsHET_in_PCBs"
"Morphine addiction","4/92",0.00281603758278742,0.0243504426276324,0,0,7.31152993348115,42.9364074744862,"GABRB2;GABRA1;GABBR1;GABRG3","Lamp5","WTvsHET_in_PCBs"
"Amyotrophic lateral sclerosis (ALS)","3/52",0.00440461013998779,0.0359709828099003,0,0,9.78801843317972,53.1010133289436,"GRIA1;GRIA2;GRIN2A","Lamp5","WTvsHET_in_PCBs"
"Transcriptional misregulation in cancer","5/183",0.00628843650082492,0.0486526402958559,0,0,4.53467489408731,22.9864611593731,"MEF2C;FUT8;MAF;TSPAN7;PBX1","Lamp5","WTvsHET_in_PCBs"
"Long-term depression","3/61",0.00688256203555226,0.0505868309613091,0,0,8.26543381535039,41.1516468656056,"GRIA1;GRIA2;ITPR1","Lamp5","WTvsHET_in_PCBs"
"Collecting duct acid secretion","2/27",0.0126580715941364,0.0886065011589546,0,0,12.70272,55.5040294286365,"ATP6V1D;ATP6V0C","Lamp5","WTvsHET_in_PCBs"
"Phospholipase D signaling pathway","4/149",0.015091670162067,0.100839796082902,0,0,4.42455845248108,18.5548828911719,"DGKB;KIT;EGFR;RAPGEF4","Lamp5","WTvsHET_in_PCBs"
"Oxytocin signaling pathway","4/154",0.0168356701693699,0.10760189195206,0,0,4.2759891598916,17.4642318981335,"MEF2C;ITPR1;CALM1;EGFR","Lamp5","WTvsHET_in_PCBs"
"Taste transduction","3/88",0.0185510030355894,0.113624893592985,0,0,5.63225806451613,22.4571163169576,"GABRA1;GABBR1;SCN2A","Lamp5","WTvsHET_in_PCBs"
"GnRH signaling pathway","3/90",0.0196803673014855,0.115720559732735,0,0,5.50222469410456,21.6134743770509,"ITPR1;CALM1;EGFR","Lamp5","WTvsHET_in_PCBs"
"Ribosome","4/170",0.0232426139896076,0.131410163710474,0,0,3.86071113723185,14.5230991317954,"RPL30;RPS28;RPS27;RPS29","Lamp5","WTvsHET_in_PCBs"
"Phosphatidylinositol signaling system","3/98",0.0245706010537553,0.133773272403779,0,0,5.03684210526316,18.667567530279,"DGKB;ITPR1;CALM1","Lamp5","WTvsHET_in_PCBs"
"Glucagon signaling pathway","3/102",0.027239403600249,0.143006868901307,0,0,4.83235581622678,17.411416262867,"ITPR1;CALM1;PHKA2","Lamp5","WTvsHET_in_PCBs"
"Endocytosis","5/269",0.0286812259791664,0.145384145480602,0,0,3.04411947342275,10.8112284141134,"HSPA8;UBB;KIF5C;ASAP1;EGFR","Lamp5","WTvsHET_in_PCBs"
"Parathyroid hormone synthesis, secretion and action","3/107",0.0307844038423508,0.150843578827519,0,0,4.59886786600496,16.0074959235207,"MEF2C;ITPR1;EGFR","Lamp5","WTvsHET_in_PCBs"
"Cocaine addiction","2/48",0.0373205448077938,0.175620280755553,0,0,6.89634782608696,22.6766488837787,"GRIA2;GRIN2A","Lamp5","WTvsHET_in_PCBs"
"MAPK signaling pathway","5/294",0.0396832878301668,0.175620280755553,0,0,2.77724204435873,8.96167445242016,"HSPA8;MEF2C;ERBB4;KIT;EGFR","Lamp5","WTvsHET_in_PCBs"
"N-Glycan biosynthesis","2/50",0.0402005574491777,0.175620280755553,0,0,6.60833333333333,21.2383534360897,"FUT8;MAN1A2","Lamp5","WTvsHET_in_PCBs"
"Proteoglycans in cancer","4/203",0.0406196567733933,0.175620280755553,0,0,3.21509988969236,10.2995826967284,"ERBB4;ITPR1;ANK3;EGFR","Lamp5","WTvsHET_in_PCBs"
"Serotonergic synapse","3/132",0.0519227705581832,0.215062400549127,0,0,3.70292573143286,10.9532463372893,"GABRB2;ITPR1;KCNN2","Lamp5","WTvsHET_in_PCBs"
"Oxidative phosphorylation","3/134",0.0538525735448248,0.215062400549127,0,0,3.64602314700813,10.6518751659496,"ATP5B;ATP6V1D;ATP6V0C","Lamp5","WTvsHET_in_PCBs"
"Inflammatory bowel disease (IBD)","2/59",0.054131352519168,0.215062400549127,0,0,5.56238596491228,16.2218183188915,"MAF;RORA","Lamp5","WTvsHET_in_PCBs"
"Apelin signaling pathway","3/138",0.0578144127625204,0.223650491476066,0,0,3.53727598566308,10.0830659627051,"MEF2C;ITPR1;CALM1","Lamp5","WTvsHET_in_PCBs"
"Ras signaling pathway","4/233",0.06140957175108,0.229692928951266,0,0,2.78964745979338,7.78364523030079,"GRIN2A;KIT;CALM1;EGFR","Lamp5","WTvsHET_in_PCBs"
"Central carbon metabolism in cancer","2/64",0.0625014772656505,0.229692928951266,0,0,5.11251612903226,14.1747837223405,"KIT;EGFR","Lamp5","WTvsHET_in_PCBs"
"Cortisol synthesis and secretion","2/69",0.0712774398481934,0.255555698967913,0,0,4.72979104477612,12.4922078174946,"ITPR1;PBX1","Lamp5","WTvsHET_in_PCBs"
"Adherens junction","2/72",0.0767239285407503,0.268533749892626,0,0,4.5264,11.6217204951555,"PTPRM;EGFR","Lamp5","WTvsHET_in_PCBs"
"Gastric acid secretion","2/74",0.0804260159361564,0.26883895204807,0,0,4.40022222222222,11.0903974177028,"ITPR1;CALM1","Lamp5","WTvsHET_in_PCBs"
"Cushing syndrome","3/159",0.0807583514093798,0.26883895204807,0,0,3.05784739454094,7.6944427435704,"ITPR1;PBX1;EGFR","Lamp5","WTvsHET_in_PCBs"
"Glioma","2/75",0.0822976383820624,0.26883895204807,0,0,4.33972602739726,10.8380876198467,"CALM1;EGFR","Lamp5","WTvsHET_in_PCBs"
"Renin secretion","2/76",0.0841826527433238,0.26901847724497,0,0,4.28086486486487,10.5941405450026,"ITPR1;CALM1","Lamp5","WTvsHET_in_PCBs"
"Salivary secretion","2/78",0.0879918905071506,0.275208678820237,0,0,4.16778947368421,10.1298565863749,"ITPR1;CALM1","Lamp5","WTvsHET_in_PCBs"
"Cell adhesion molecules (CAMs)","3/170",0.09412309242305,0.287417626751621,0,0,2.85483870967742,6.74641740531601,"IGSF11;NRXN1;PTPRM","Lamp5","WTvsHET_in_PCBs"
"cGMP-PKG signaling pathway","3/172",0.0966456370536708,0.287417626751621,0,0,2.82076732200802,6.59129889385283,"MEF2C;ITPR1;CALM1","Lamp5","WTvsHET_in_PCBs"
"ErbB signaling pathway","2/84",0.0997163194852562,0.287417626751621,0,0,3.86165853658537,8.90276772111556,"ERBB4;EGFR","Lamp5","WTvsHET_in_PCBs"
"Rheumatoid arthritis","2/84",0.0997163194852562,0.287417626751621,0,0,3.86165853658537,8.90276772111556,"ATP6V0C;ATP6V1D","Lamp5","WTvsHET_in_PCBs"
"Gap junction","2/86",0.103717264320831,0.293200727983889,0,0,3.76933333333333,8.54163611296591,"ITPR1;EGFR","Lamp5","WTvsHET_in_PCBs"
"Phagosome","3/180",0.107006868445565,0.296792635122604,0,0,2.69218151995626,6.0166548639058,"ATP6V1D;ATP6V0C;DYNC1I1","Lamp5","WTvsHET_in_PCBs"
"Choline metabolism in cancer","2/99",0.130707304166587,0.343582996793329,0,0,3.2620206185567,6.63754251037187,"DGKB;EGFR","Lamp5","WTvsHET_in_PCBs"
"Proximal tubule bicarbonate reclamation","1/22",0.1308320341737,0.343582996793329,0,0,7.5026455026455,15.2591877343384,"MDH1","Lamp5","WTvsHET_in_PCBs"
"Melanogenesis","2/100",0.132846507942149,0.343582996793329,0,0,3.22857142857143,6.5170680254594,"KIT;CALM1","Lamp5","WTvsHET_in_PCBs"
"Alcoholism","3/199",0.133226059981087,0.343582996793329,0,0,2.42885944700461,4.8958711619782,"GRIN2A;NPY;CALM1","Lamp5","WTvsHET_in_PCBs"
"Aldosterone synthesis and secretion","2/102",0.137148835073635,0.34760135785904,0,0,3.16368,6.28524684909643,"ITPR1;CALM1","Lamp5","WTvsHET_in_PCBs"
"HIF-1 signaling pathway","2/104",0.141481824800528,0.352505563486061,0,0,3.10133333333333,6.06491789739914,"GAPDH;EGFR","Lamp5","WTvsHET_in_PCBs"
"Phototransduction","1/27",0.158112145644439,0.37309087954017,0,0,6.05830280830281,11.1742409475023,"CALM1","Lamp5","WTvsHET_in_PCBs"
"Kaposi sarcoma-associated herpesvirus infection","3/216",0.15837306456336,0.37309087954017,0,0,2.23307587460245,4.11511637749375,"UBB;ITPR1;CALM1","Lamp5","WTvsHET_in_PCBs"
"C-type lectin receptor signaling pathway","2/112",0.15909190448832,0.37309087954017,0,0,2.87461818181818,5.28433364464241,"ITPR1;CALM1","Lamp5","WTvsHET_in_PCBs"
"Regulation of actin cytoskeleton","3/217",0.159896091231501,0.37309087954017,0,0,2.22252788664456,4.07440725246503,"ENAH;TMSB4X;EGFR","Lamp5","WTvsHET_in_PCBs"
"Leukocyte transendothelial migration","2/115",0.165798182512692,0.375929752980884,0,0,2.79787610619469,5.02773859196512,"THY1;RAPGEF4","Lamp5","WTvsHET_in_PCBs"
"Oocyte meiosis","2/116",0.168044716425959,0.375929752980884,0,0,2.77319298245614,4.9460594738124,"ITPR1;CALM1","Lamp5","WTvsHET_in_PCBs"
"Fatty acid elongation","1/29",0.168784787052642,0.375929752980884,0,0,5.625,10.007610890498,"TECR","Lamp5","WTvsHET_in_PCBs"
"Circadian rhythm","1/30",0.17407066052203,0.381916225324453,0,0,5.43076081007116,9.49456636181238,"RORA","Lamp5","WTvsHET_in_PCBs"
"Glyoxylate and dicarboxylate metabolism","1/31",0.179323183030959,0.387539383061152,0,0,5.2494708994709,9.02156015479633,"MDH1","Lamp5","WTvsHET_in_PCBs"
"Biosynthesis of unsaturated fatty acids","1/32",0.184542563362454,0.387539383061152,0,0,5.07987711213518,8.58435807844288,"TECR","Lamp5","WTvsHET_in_PCBs"
"Citrate cycle (TCA cycle)","1/32",0.184542563362454,0.387539383061152,0,0,5.07987711213518,8.58435807844288,"MDH1","Lamp5","WTvsHET_in_PCBs"
"PI3K-Akt signaling pathway","4/357",0.192141893470708,0.394189129724235,0,0,1.7982910707294,2.9663191575566,"MAGI1;ERBB4;KIT;EGFR","Lamp5","WTvsHET_in_PCBs"
"Inflammatory mediator regulation of TRP channels","2/127",0.193072226803707,0.394189129724235,0,0,2.527744,4.15735762495749,"ITPR1;CALM1","Lamp5","WTvsHET_in_PCBs"
"Human papillomavirus infection","4/360",0.196011294823299,0.394707675877055,0,0,1.78286288480862,2.90532303907732,"MAGI1;ATP6V1D;ATP6V0C;EGFR","Lamp5","WTvsHET_in_PCBs"
"Spliceosome","2/132",0.204606597075017,0.406448240135507,0,0,2.42990769230769,3.85545236129118,"HSPA8;RBM25","Lamp5","WTvsHET_in_PCBs"
"Pyruvate metabolism","1/38",0.21517438743117,0.415341564545342,0,0,4.25482625482625,6.5367171265269,"MDH1","Lamp5","WTvsHET_in_PCBs"
"African trypanosomiasis","1/39",0.220167509809657,0.415341564545342,0,0,4.14264828738513,6.26934561220422,"HBB-BS","Lamp5","WTvsHET_in_PCBs"
"Human cytomegalovirus infection","3/255",0.220658206510245,0.415341564545342,0,0,1.88373655913978,2.8465903261602,"ITPR1;CALM1;EGFR","Lamp5","WTvsHET_in_PCBs"
"Insulin signaling pathway","2/139",0.220876987903212,0.415341564545342,0,0,2.30493430656934,3.4807950408364,"CALM1;PHKA2","Lamp5","WTvsHET_in_PCBs"
"Vascular smooth muscle contraction","2/140",0.223210772782871,0.415341564545342,0,0,2.28811594202899,3.43134741006161,"ITPR1;CALM1","Lamp5","WTvsHET_in_PCBs"
"Bladder cancer","1/41",0.230059397632615,0.416914745358681,0,0,3.93511904761905,5.78233378804452,"EGFR","Lamp5","WTvsHET_in_PCBs"
"Fluid shear stress and atherosclerosis","2/143",0.230223626595861,0.416914745358681,0,0,2.23909219858156,3.2885640107358,"MEF2C;CALM1","Lamp5","WTvsHET_in_PCBs"
"Parkinson disease","2/144",0.232564687887155,0.416914745358681,0,0,2.22321126760563,3.24274675345237,"ATP5B;UBB","Lamp5","WTvsHET_in_PCBs"
"Breast cancer","2/147",0.239596603482928,0.418205221756052,0,0,2.17688275862069,3.110327013113,"KIT;EGFR","Lamp5","WTvsHET_in_PCBs"
"Vasopressin-regulated water reabsorption","1/43",0.239826785956377,0.418205221756052,0,0,3.7473544973545,5.3506164301064,"DYNC1I1","Lamp5","WTvsHET_in_PCBs"
"Adrenergic signaling in cardiomyocytes","2/148",0.241943114435574,0.418205221756052,0,0,2.16186301369863,3.06779742722642,"CALM1;RAPGEF4","Lamp5","WTvsHET_in_PCBs"
"Mineral absorption","1/44",0.244664279394697,0.418205221756052,0,0,3.66002214839424,5.15282914657418,"MT1","Lamp5","WTvsHET_in_PCBs"
"Malaria","1/49",0.268397404527793,0.453499062822822,0,0,3.27794312169312,4.31143448027524,"HBB-BS","Lamp5","WTvsHET_in_PCBs"
"Cysteine and methionine metabolism","1/50",0.273054483863885,0.456125103727171,0,0,3.2108843537415,4.16799737784363,"MDH1","Lamp5","WTvsHET_in_PCBs"
"Protein processing in endoplasmic reticulum","2/163",0.277213364334982,0.457869264688116,0,0,1.95895652173913,2.51327814083642,"HSPA8;MAN1A2","Lamp5","WTvsHET_in_PCBs"
"Glycosaminoglycan biosynthesis","1/53",0.286849979130259,0.468521632579424,0,0,3.02518315018315,3.77783637728627,"FUT8","Lamp5","WTvsHET_in_PCBs"
"Regulation of lipolysis in adipocytes","1/56",0.300385694775299,0.485238430021637,0,0,2.85974025974026,3.43937523864029,"NPY","Lamp5","WTvsHET_in_PCBs"
"Endometrial cancer","1/58",0.309267583775956,0.48535761285937,0,0,2.75912002227792,3.23796091488112,"EGFR","Lamp5","WTvsHET_in_PCBs"
"Legionellosis","1/58",0.309267583775956,0.48535761285937,0,0,2.75912002227792,3.23796091488112,"HSPA8","Lamp5","WTvsHET_in_PCBs"
"Tuberculosis","2/178",0.312399812373978,0.48535761285937,0,0,1.79063636363636,2.08335430721604,"CALM1;ATP6V0C","Lamp5","WTvsHET_in_PCBs"
"Lysine degradation","1/59",0.313666484500953,0.48535761285937,0,0,2.71141215106732,3.14367905718524,"KMT2E","Lamp5","WTvsHET_in_PCBs"
"Axon guidance","2/180",0.317069562726497,0.485512767924948,0,0,1.77033707865169,2.03346951649934,"SEMA5A;ENAH","Lamp5","WTvsHET_in_PCBs"
"Glycerolipid metabolism","1/61",0.322381074847981,0.488556886625291,0,0,2.6207671957672,2.96676342549812,"DGKB","Lamp5","WTvsHET_in_PCBs"
"Cellular senescence","2/185",0.328711852209446,0.491463872755294,0,0,1.72153005464481,1.91532913336361,"ITPR1;CALM1","Lamp5","WTvsHET_in_PCBs"
"Mitophagy","1/63",0.330985873488259,0.491463872755294,0,0,2.53597030209933,2.8039705856159,"UBB","Lamp5","WTvsHET_in_PCBs"
"Non-small cell lung cancer","1/66",0.343690209319084,0.501344318529467,0,0,2.41855921855922,2.58305651202068,"EGFR","Lamp5","WTvsHET_in_PCBs"
"Huntington disease","2/192",0.344920668226693,0.501344318529467,0,0,1.65751578947368,1.76432749190406,"ATP5B;ITPR1","Lamp5","WTvsHET_in_PCBs"
"Glycolysis / Gluconeogenesis","1/67",0.347871567959222,0.501344318529467,0,0,2.38179413179413,2.5149886443944,"GAPDH","Lamp5","WTvsHET_in_PCBs"
"Acute myeloid leukemia","1/69",0.356155157686907,0.50829910854345,0,0,2.31150793650794,2.38637492066493,"KIT","Lamp5","WTvsHET_in_PCBs"
"Adipocytokine signaling pathway","1/71",0.364334343914416,0.510873807198859,0,0,2.2452380952381,2.26697942207457,"NPY","Lamp5","WTvsHET_in_PCBs"
"Bile secretion","1/72",0.36838519430666,0.510873807198859,0,0,2.21350324167226,2.21046225253214,"KCNN2","Lamp5","WTvsHET_in_PCBs"
"Melanoma","1/72",0.36838519430666,0.510873807198859,0,0,2.21350324167226,2.21046225253214,"EGFR","Lamp5","WTvsHET_in_PCBs"
"Thyroid hormone synthesis","1/73",0.372410432133966,0.511629285268159,0,0,2.18264991181658,2.15593148468099,"ITPR1","Lamp5","WTvsHET_in_PCBs"
"Pancreatic cancer","1/75",0.380384711708721,0.517745857603536,0,0,2.12344487344487,2.05246265371121,"EGFR","Lamp5","WTvsHET_in_PCBs"
"Pertussis","1/76",0.384334071865397,0.518322096919389,0,0,2.09502645502646,2.00335464596829,"CALM1","Lamp5","WTvsHET_in_PCBs"
"Salmonella infection","1/78",0.392158021096148,0.524065719101216,0,0,2.04040404040404,1.91000264531983,"DYNC1I1","Lamp5","WTvsHET_in_PCBs"
"RNA degradation","1/83",0.41128897518436,0.544679994163071,0,0,1.91550522648084,1.7018482581791,"ZCCHC7","Lamp5","WTvsHET_in_PCBs"
"Th1 and Th2 cell differentiation","1/87",0.426162621001165,0.554244675220143,0,0,1.82604282022887,1.55749449277081,"MAF","Lamp5","WTvsHET_in_PCBs"
"Fc gamma R-mediated phagocytosis","1/87",0.426162621001165,0.554244675220143,0,0,1.82604282022887,1.55749449277081,"ASAP1","Lamp5","WTvsHET_in_PCBs"
"Colorectal cancer","1/88",0.429822401191132,0.554244675220143,0,0,1.80496259806605,1.5240800512908,"EGFR","Lamp5","WTvsHET_in_PCBs"
"Antigen processing and presentation","1/90",0.437072631426429,0.558692841910305,0,0,1.76422329231318,1.46016980455649,"HSPA8","Lamp5","WTvsHET_in_PCBs"
"Human immunodeficiency virus 1 infection","2/238",0.447502568268306,0.567017710444798,0,0,1.33132203389831,1.07048010460727,"ITPR1;CALM1","Lamp5","WTvsHET_in_PCBs"
"Hematopoietic cell lineage","1/94",0.451299810354023,0.567017710444798,0,0,1.68800136542072,1.34301337268258,"KIT","Lamp5","WTvsHET_in_PCBs"
"Glycerophospholipid metabolism","1/97",0.461735547137538,0.570379205287547,0,0,1.63500330687831,1.26346999598474,"DGKB","Lamp5","WTvsHET_in_PCBs"
"Prostate cancer","1/97",0.461735547137538,0.570379205287547,0,0,1.63500330687831,1.26346999598474,"EGFR","Lamp5","WTvsHET_in_PCBs"
"Th17 cell differentiation","1/102",0.478692610828352,0.581552180097254,0,0,1.55366965267955,1.14458317957533,"RORA","Lamp5","WTvsHET_in_PCBs"
"Longevity regulating pathway","1/102",0.478692610828352,0.581552180097254,0,0,1.55366965267955,1.14458317957533,"HSPA8","Lamp5","WTvsHET_in_PCBs"
"Pancreatic secretion","1/105",0.488611323068987,0.58873659418968,0,0,1.50862332112332,1.08045783750733,"ITPR1","Lamp5","WTvsHET_in_PCBs"
"Toxoplasmosis","1/108",0.498342773116249,0.595580387382835,0,0,1.46610295208426,1.02109252895254,"HSPA8","Lamp5","WTvsHET_in_PCBs"
"Cholinergic synapse","1/113",0.514155216578845,0.609522716428147,0,0,1.40029761904762,0.931520099009776,"ITPR1","Lamp5","WTvsHET_in_PCBs"
"Neurotrophin signaling pathway","1/121",0.538432733752271,0.633196894892671,0,0,1.30641534391534,0.808792208199869,"CALM1","Lamp5","WTvsHET_in_PCBs"
"Lysosome","1/124",0.547223130934848,0.636748664650891,0,0,1.27435798167505,0.768308696729154,"ATP6V0C","Lamp5","WTvsHET_in_PCBs"
"Platelet activation","1/125",0.550116193269817,0.636748664650891,0,0,1.26401689708141,0.755409062028996,"ITPR1","Lamp5","WTvsHET_in_PCBs"
"Autophagy","1/130",0.564308687350177,0.644380711694311,0,0,1.21471637750708,0.695004663237693,"ITPR1","Lamp5","WTvsHET_in_PCBs"
"Relaxin signaling pathway","1/131",0.567093420086812,0.644380711694311,0,0,1.20531135531136,0.683690238711014,"EGFR","Lamp5","WTvsHET_in_PCBs"
"FoxO signaling pathway","1/132",0.569860493335105,0.644380711694311,0,0,1.19604992124076,0.672615055080026,"EGFR","Lamp5","WTvsHET_in_PCBs"
"Apoptosis","1/141",0.593987580335244,0.66506744424938,0,0,1.11865079365079,0.582701695206276,"ITPR1","Lamp5","WTvsHET_in_PCBs"
"Systemic lupus erythematosus","1/143",0.599164057539541,0.66506744424938,0,0,1.10278336686787,0.564867511634847,"GRIN2A","Lamp5","WTvsHET_in_PCBs"
"Measles","1/144",0.601727687654201,0.66506744424938,0,0,1.09501609501609,0.556213734369698,"HSPA8","Lamp5","WTvsHET_in_PCBs"
"Gastric cancer","1/150",0.616771402248865,0.676607433810322,0,0,1.05060189623948,0.50771053410457,"EGFR","Lamp5","WTvsHET_in_PCBs"
"mTOR signaling pathway","1/154",0.62648593749563,0.682173576384131,0,0,1.02292768959436,0.478350602468843,"ATP6V1D","Lamp5","WTvsHET_in_PCBs"
"Hepatitis C","1/160",0.640601464954895,0.688538883784416,0,0,0.984027153838475,0.438234283783209,"EGFR","Lamp5","WTvsHET_in_PCBs"
"JAK-STAT signaling pathway","1/164",0.649716472725891,0.688538883784416,0,0,0.959684487291849,0.413834383637621,"EGFR","Lamp5","WTvsHET_in_PCBs"
"Tight junction","1/167",0.656401869036314,0.688538883784416,0,0,0.94219736087206,0.396648197557465,"MAGI1","Lamp5","WTvsHET_in_PCBs"
"RNA transport","1/167",0.656401869036314,0.688538883784416,0,0,0.94219736087206,0.396648197557465,"RANBP2","Lamp5","WTvsHET_in_PCBs"
"Influenza A","1/168",0.658602080433835,0.688538883784416,0,0,0.936507936507937,0.391119194605285,"HSPA8","Lamp5","WTvsHET_in_PCBs"
"Pathways in cancer","3/535",0.664238816334891,0.688538883784416,0,0,0.879562818336163,0.359841050358164,"KIT;CALM1;EGFR","Lamp5","WTvsHET_in_PCBs"
"Hepatocellular carcinoma","1/171",0.665119193859776,0.688538883784416,0,0,0.91984126984127,0.375101165845551,"EGFR","Lamp5","WTvsHET_in_PCBs"
"Focal adhesion","1/199",0.72029305394482,0.740441111397822,0,0,0.788640371973705,0.258750642973316,"EGFR","Lamp5","WTvsHET_in_PCBs"
"NOD-like receptor signaling pathway","1/205",0.730887125482194,0.746113940596406,0,0,0.76521164021164,0.239890973739999,"ITPR1","Lamp5","WTvsHET_in_PCBs"
"Thermogenesis","1/231",0.772379767074604,0.783033281103219,0,0,0.677812284334024,0.175064627235203,"ATP5B","Lamp5","WTvsHET_in_PCBs"
"MicroRNAs in cancer","1/281",0.835150361083314,0.840870569035939,0,0,0.555357142857143,0.100043977903086,"EGFR","Lamp5","WTvsHET_in_PCBs"
"Olfactory transduction","1/1133",0.99940423398785,0.99940423398785,0,0,0.131394077065455,7.83034528981159e-05,"CALM1","Lamp5","WTvsHET_in_PCBs"
"GABAergic synapse","3/90",0.00879504331749041,0.405111885615557,0,0,7.51004168245548,35.549285293182,"GABRA2;GABRB1;GAD1","Non-neuronal","WTvsHET_in_PCBs"
"MAPK signaling pathway","5/294",0.0125888913370717,0.405111885615557,0,0,3.81342094008787,16.6834896907437,"MEF2C;PAK1;CACNB4;RASA2;RASGRP1","Non-neuronal","WTvsHET_in_PCBs"
"Nicotine addiction","2/40",0.0151809781633856,0.405111885615557,0,0,11.3661327231121,47.5980912102793,"GABRA2;GABRB1","Non-neuronal","WTvsHET_in_PCBs"
"Type I diabetes mellitus","2/69",0.0418372531622458,0.405111885615557,0,0,6.43705386112914,20.431003692887,"PTPRN;GAD1","Non-neuronal","WTvsHET_in_PCBs"
"Arrhythmogenic right ventricular cardiomyopathy (ARVC)","2/72",0.0451742926988683,0.405111885615557,0,0,6.16024844720497,19.0796884305907,"CACNB4;ATP2A2","Non-neuronal","WTvsHET_in_PCBs"
"Cell adhesion molecules (CAMs)","3/170",0.0461355379782242,0.405111885615557,0,0,3.89662433375008,11.9866856454347,"NRXN1;NRXN3;LRRC4C","Non-neuronal","WTvsHET_in_PCBs"
"cGMP-PKG signaling pathway","3/172",0.0474785613278516,0.405111885615557,0,0,3.85012029390728,11.7331530825434,"MEF2C;KCNMA1;ATP2A2","Non-neuronal","WTvsHET_in_PCBs"
"Alzheimer disease","3/175",0.0495290583010711,0.405111885615557,0,0,3.78239202657807,11.3668284251803,"RTN3;ATP2A2;GAPDH","Non-neuronal","WTvsHET_in_PCBs"
"Renin secretion","2/76",0.0497709630241121,0.405111885615557,0,0,5.82608695652174,17.480145823148,"KCNMA1;CTSB","Non-neuronal","WTvsHET_in_PCBs"
"Taurine and hypotaurine metabolism","1/11",0.050514116137203,0.405111885615557,0,0,21.3935483870968,63.8704912156917,"GAD1","Non-neuronal","WTvsHET_in_PCBs"
"Cardiac muscle contraction","2/78",0.0521302491867802,0.405111885615557,0,0,5.67219679633867,16.7557254917586,"CACNB4;ATP2A2","Non-neuronal","WTvsHET_in_PCBs"
"Axon guidance","3/180",0.0530415976065694,0.405111885615557,0,0,3.67461352207115,10.7911596753869,"EPHA5;PAK1;LRRC4C","Non-neuronal","WTvsHET_in_PCBs"
"Hypertrophic cardiomyopathy (HCM)","2/86",0.0619519127275479,0.405111885615557,0,0,5.12991718426501,14.2683352202644,"CACNB4;ATP2A2","Non-neuronal","WTvsHET_in_PCBs"
"Insulin secretion","2/86",0.0619519127275479,0.405111885615557,0,0,5.12991718426501,14.2683352202644,"PCLO;KCNMA1","Non-neuronal","WTvsHET_in_PCBs"
"Dilated cardiomyopathy (DCM)","2/90",0.0670807911085884,0.405111885615557,0,0,4.89575098814229,13.2276217633175,"CACNB4;ATP2A2","Non-neuronal","WTvsHET_in_PCBs"
"Morphine addiction","2/92",0.069696668492999,0.405111885615557,0,0,4.78647342995169,12.7492638394657,"GABRA2;GABRB1","Non-neuronal","WTvsHET_in_PCBs"
"T cell receptor signaling pathway","2/101",0.0818664567621044,0.43432763024354,0,0,4.34936319718928,10.88500311412,"PAK1;RASGRP1","Non-neuronal","WTvsHET_in_PCBs"
"Pancreatic secretion","2/105",0.0874712898116672,0.43432763024354,0,0,4.17961165048544,10.1833924695569,"KCNMA1;ATP2A2","Non-neuronal","WTvsHET_in_PCBs"
"Ras signaling pathway","3/233",0.0970967049185479,0.43432763024354,0,0,2.8202580028667,6.57697658153816,"PAK1;RASA2;RASGRP1","Non-neuronal","WTvsHET_in_PCBs"
"Proximal tubule bicarbonate reclamation","1/22",0.098502473490312,0.43432763024354,0,0,10.1817716333845,23.5980235149026,"MDH1","Non-neuronal","WTvsHET_in_PCBs"
"Glutamatergic synapse","2/114",0.100481647845598,0.43432763024354,0,0,3.84200310559006,8.82807857468902,"SLC1A2;DLGAP1","Non-neuronal","WTvsHET_in_PCBs"
"Mannose type O-glycan biosynthesis","1/23",0.102744170595246,0.43432763024354,0,0,9.71847507331378,22.1145179349674,"FUT9","Non-neuronal","WTvsHET_in_PCBs"
"Lysosome","2/124",0.115519884332866,0.444087309614632,0,0,3.52530292230934,7.60870573405766,"LAPTM4A;CTSB","Non-neuronal","WTvsHET_in_PCBs"
"Butanoate metabolism","1/27",0.119514401824504,0.444087309614632,0,0,8.22167080231596,17.4654465436498,"GAD1","Non-neuronal","WTvsHET_in_PCBs"
"Fatty acid elongation","1/29",0.127782846012622,0.444087309614632,0,0,7.63364055299539,15.7056274283881,"TECR","Non-neuronal","WTvsHET_in_PCBs"
"Glyoxylate and dicarboxylate metabolism","1/31",0.135974461703288,0.444087309614632,0,0,7.12401433691756,14.214461689458,"MDH1","Non-neuronal","WTvsHET_in_PCBs"
"Biosynthesis of unsaturated fatty acids","1/32",0.140041679790088,0.444087309614632,0,0,6.89386056191467,13.5520557958363,"TECR","Non-neuronal","WTvsHET_in_PCBs"
"beta-Alanine metabolism","1/32",0.140041679790088,0.444087309614632,0,0,6.89386056191467,13.5520557958363,"GAD1","Non-neuronal","WTvsHET_in_PCBs"
"Citrate cycle (TCA cycle)","1/32",0.140041679790088,0.444087309614632,0,0,6.89386056191467,13.5520557958363,"MDH1","Non-neuronal","WTvsHET_in_PCBs"
"Adrenergic signaling in cardiomyocytes","2/148",0.153624766896625,0.444087309614632,0,0,2.9422275163788,5.51150482938899,"CACNB4;ATP2A2","Non-neuronal","WTvsHET_in_PCBs"
"Retrograde endocannabinoid signaling","2/150",0.156904647358588,0.444087309614632,0,0,2.90217391304348,5.37516564073997,"GABRA2;GABRB1","Non-neuronal","WTvsHET_in_PCBs"
"Alanine, aspartate and glutamate metabolism","1/37",0.160095367823437,0.444087309614632,0,0,5.93488649940263,10.8726265595442,"GAD1","Non-neuronal","WTvsHET_in_PCBs"
"Oxytocin signaling pathway","2/154",0.163504174878516,0.444087309614632,0,0,2.82522883295195,5.11625422901813,"MEF2C;CACNB4","Non-neuronal","WTvsHET_in_PCBs"
"Pyruvate metabolism","1/38",0.164050230323901,0.444087309614632,0,0,5.7741935483871,10.4373318771166,"MDH1","Non-neuronal","WTvsHET_in_PCBs"
"Hippo signaling pathway","2/159",0.171822736895072,0.444087309614632,0,0,2.73456106341734,4.81636034142605,"PAK1;APC","Non-neuronal","WTvsHET_in_PCBs"
"Ferroptosis","1/40",0.171904765012116,0.444087309614632,0,0,5.47752963881996,9.64491441906839,"FTH1","Non-neuronal","WTvsHET_in_PCBs"
"Mineral absorption","1/44",0.187395437463224,0.467993362229907,0,0,4.96699174793698,8.31739783113255,"FTH1","Non-neuronal","WTvsHET_in_PCBs"
"Glycosphingolipid biosynthesis","1/45",0.191223094244478,0.467993362229907,0,0,4.85386119257087,8.02981295118441,"FUT9","Non-neuronal","WTvsHET_in_PCBs"
"N-Glycan biosynthesis","1/50",0.210095436800202,0.481655386452252,0,0,4.35747202106649,6.79849904676328,"MGAT4C","Non-neuronal","WTvsHET_in_PCBs"
"Cysteine and methionine metabolism","1/50",0.210095436800202,0.481655386452252,0,0,4.35747202106649,6.79849904676328,"MDH1","Non-neuronal","WTvsHET_in_PCBs"
"Transcriptional misregulation in cancer","2/183",0.212587611857504,0.481655386452252,0,0,2.36908479461927,3.66829346524233,"MEF2C;PBX3","Non-neuronal","WTvsHET_in_PCBs"
"Amyotrophic lateral sclerosis (ALS)","1/52",0.217521787430049,0.481655386452252,0,0,4.18616909129243,6.38581785149954,"SLC1A2","Non-neuronal","WTvsHET_in_PCBs"
"Neuroactive ligand-receptor interaction","3/348",0.224798399825994,0.486191887995755,0,0,1.86918299092212,2.78985146415914,"GABRA2;GABRB1;PENK","Non-neuronal","WTvsHET_in_PCBs"
"Endometrial cancer","1/58",0.239388874981047,0.500555662214223,0,0,3.7443878513488,5.35322384222476,"APC","Non-neuronal","WTvsHET_in_PCBs"
"Glycerolipid metabolism","1/61",0.250094582695878,0.500555662214223,0,0,3.55663082437276,4.92919192796023,"DGKB","Non-neuronal","WTvsHET_in_PCBs"
"Basal cell carcinoma","1/63",0.257148758323109,0.500555662214223,0,0,3.44155393687131,4.67397624421167,"APC","Non-neuronal","WTvsHET_in_PCBs"
"cAMP signaling pathway","2/211",0.261150265727743,0.500555662214223,0,0,2.04878302475556,2.7508175953331,"PAK1;ATP2A2","Non-neuronal","WTvsHET_in_PCBs"
"Aminoacyl-tRNA biosynthesis","1/66",0.267607102869758,0.500555662214223,0,0,3.28221670802316,4.32673428196329,"LARS2","Non-neuronal","WTvsHET_in_PCBs"
"Glycolysis / Gluconeogenesis","1/67",0.2710607413292,0.500555662214223,0,0,3.23232323232323,4.21951465202884,"GAPDH","Non-neuronal","WTvsHET_in_PCBs"
"Regulation of actin cytoskeleton","2/217",0.271604459466075,0.500555662214223,0,0,1.99100101112235,2.59508757010888,"PAK1;APC","Non-neuronal","WTvsHET_in_PCBs"
"Renal cell carcinoma","1/68",0.274498266375541,0.500555662214223,0,0,3.18391911410688,4.11620353214128,"PAK1","Non-neuronal","WTvsHET_in_PCBs"
"Synaptic vesicle cycle","1/77",0.304723049468736,0.540458928868286,0,0,2.80560271646859,3.33404345740382,"SLC1A2","Non-neuronal","WTvsHET_in_PCBs"
"Salivary secretion","1/78",0.308003475591604,0.540458928868286,0,0,2.76902667225248,3.26092823257648,"KCNMA1","Non-neuronal","WTvsHET_in_PCBs"
"ErbB signaling pathway","1/84",0.327366908736505,0.554699391741134,0,0,2.56807876667962,2.86770599784074,"PAK1","Non-neuronal","WTvsHET_in_PCBs"
"Fc gamma R-mediated phagocytosis","1/87",0.336846613448384,0.554699391741134,0,0,2.47811952988247,2.69651026948874,"PAK1","Non-neuronal","WTvsHET_in_PCBs"
"Taste transduction","1/88",0.339977046551018,0.554699391741134,0,0,2.44951180323817,2.64272237145486,"GABRA2","Non-neuronal","WTvsHET_in_PCBs"
"Colorectal cancer","1/88",0.339977046551018,0.554699391741134,0,0,2.44951180323817,2.64272237145486,"APC","Non-neuronal","WTvsHET_in_PCBs"
"Antigen processing and presentation","1/90",0.346194117854017,0.555104361386614,0,0,2.39422496073457,2.53968759936744,"CTSB","Non-neuronal","WTvsHET_in_PCBs"
"Glycerophospholipid metabolism","1/97",0.367501048871114,0.569375799153376,0,0,2.21886200716846,2.22114545195513,"DGKB","Non-neuronal","WTvsHET_in_PCBs"
"Phosphatidylinositol signaling system","1/98",0.370488276762405,0.569375799153376,0,0,2.19587628865979,2.180359077073,"DGKB","Non-neuronal","WTvsHET_in_PCBs"
"Choline metabolism in cancer","1/99",0.373461545681247,0.569375799153376,0,0,2.17335966644722,2.14062938362316,"DGKB","Non-neuronal","WTvsHET_in_PCBs"
"HIF-1 signaling pathway","1/104",0.388120753293855,0.582181129940782,0,0,2.06733479486376,1.95660579618728,"GAPDH","Non-neuronal","WTvsHET_in_PCBs"
"Parathyroid hormone synthesis, secretion and action","1/107",0.396752854544011,0.585682785279255,0,0,2.00852099817407,1.85676061581607,"MEF2C","Non-neuronal","WTvsHET_in_PCBs"
"C-type lectin receptor signaling pathway","1/112",0.410872733966244,0.590672855615991,0,0,1.91756272401434,1.70561789517071,"PAK1","Non-neuronal","WTvsHET_in_PCBs"
"Leukocyte transendothelial migration","1/115",0.41918718785651,0.590672855615991,0,0,1.86681758158838,1.6230816026792,"THY1","Non-neuronal","WTvsHET_in_PCBs"
"Thyroid hormone signaling pathway","1/115",0.41918718785651,0.590672855615991,0,0,1.86681758158838,1.6230816026792,"ATP2A2","Non-neuronal","WTvsHET_in_PCBs"
"Natural killer cell mediated cytotoxicity","1/118",0.427385529017156,0.593236629829783,0,0,1.81867475415863,1.54599865647828,"PAK1","Non-neuronal","WTvsHET_in_PCBs"
"Platelet activation","1/125",0.446072413372296,0.598046027683608,0,0,1.71540062434964,1.3847982864314,"RASGRP1","Non-neuronal","WTvsHET_in_PCBs"
"Autophagy","1/130",0.459049526260387,0.598046027683608,0,0,1.64849545719763,1.28351390497376,"CTSB","Non-neuronal","WTvsHET_in_PCBs"
"Serotonergic synapse","1/132",0.464155739838701,0.598046027683608,0,0,1.6231634244439,1.24583496114028,"GABRB1","Non-neuronal","WTvsHET_in_PCBs"
"Dopaminergic synapse","1/135",0.471725776738094,0.598046027683608,0,0,1.58658321296742,1.19209110714238,"SCN1A","Non-neuronal","WTvsHET_in_PCBs"
"Signaling pathways regulating pluripotency of stem cells","1/137",0.476713586787692,0.598046027683608,0,0,1.56309297912713,1.15800088890404,"APC","Non-neuronal","WTvsHET_in_PCBs"
"Apelin signaling pathway","1/138",0.479189990858864,0.598046027683608,0,0,1.55160505454831,1.14145085677284,"MEF2C","Non-neuronal","WTvsHET_in_PCBs"
"Vascular smooth muscle contraction","1/140",0.48410806674844,0.598046027683608,0,0,1.52912508702715,1.10929938864197,"KCNMA1","Non-neuronal","WTvsHET_in_PCBs"
"Apoptosis","1/141",0.486549845800751,0.598046027683608,0,0,1.51812596006144,1.09368211723452,"CTSB","Non-neuronal","WTvsHET_in_PCBs"
"Fluid shear stress and atherosclerosis","1/143",0.491399152238351,0.598046027683608,0,0,1.49659245797365,1.06332676249118,"MEF2C","Non-neuronal","WTvsHET_in_PCBs"
"Breast cancer","1/147",0.500962233012394,0.598046027683608,0,0,1.45529533068199,1.00593588036552,"APC","Non-neuronal","WTvsHET_in_PCBs"
"Phospholipase D signaling pathway","1/149",0.50567684150822,0.598046027683608,0,0,1.43548387096774,0.978795395985457,"DGKB","Non-neuronal","WTvsHET_in_PCBs"
"Gastric cancer","1/150",0.508017593408656,0.598046027683608,0,0,1.42577758533593,0.965592470285837,"APC","Non-neuronal","WTvsHET_in_PCBs"
"Cushing syndrome","1/159",0.528596907448936,0.60947177009898,0,0,1.34394991152851,0.856807214211667,"APC","Non-neuronal","WTvsHET_in_PCBs"
"Wnt signaling pathway","1/160",0.530830251376531,0.60947177009898,0,0,1.33542976939203,0.845745014987005,"APC","Non-neuronal","WTvsHET_in_PCBs"
"Hepatocellular carcinoma","1/171",0.554716664664444,0.629129875777967,0,0,1.2483238456673,0.735634508061154,"APC","Non-neuronal","WTvsHET_in_PCBs"
"Necroptosis","1/176",0.565172485302154,0.633265555820486,0,0,1.21235023041475,0.691796514563053,"FTH1","Non-neuronal","WTvsHET_in_PCBs"
"Calcium signaling pathway","1/189",0.591234435231967,0.654580981863964,0,0,1.12777396476779,0.592693334636395,"ATP2A2","Non-neuronal","WTvsHET_in_PCBs"
"Chemokine signaling pathway","1/197",0.606498007575655,0.656492774875182,0,0,1.08130348913759,0.540709957322711,"PAK1","Non-neuronal","WTvsHET_in_PCBs"
"Focal adhesion","1/199",0.610224938635646,0.656492774875182,0,0,1.07027261865972,0.528637226470743,"PAK1","Non-neuronal","WTvsHET_in_PCBs"
"Proteoglycans in cancer","1/203",0.617574344679549,0.656492774875182,0,0,1.04886617694027,0.505507159934941,"PAK1","Non-neuronal","WTvsHET_in_PCBs"
"NOD-like receptor signaling pathway","1/205",0.621197464398022,0.656492774875182,0,0,1.03847775669408,0.494425770694529,"CTSB","Non-neuronal","WTvsHET_in_PCBs"
"Viral carcinogenesis","1/229",0.662113762016766,0.69187168390516,0,0,0.928032446708168,0.382644382006409,"RASA2","Non-neuronal","WTvsHET_in_PCBs"
"Human immunodeficiency virus 1 infection","1/238",0.67630272270479,0.69884614679495,0,0,0.892382378294996,0.349023677456618,"PAK1","Non-neuronal","WTvsHET_in_PCBs"
"Pathways in cancer","2/535",0.720551859171659,0.736388163768838,0,0,0.790154172444735,0.258963460848147,"APC;RASGRP1","Non-neuronal","WTvsHET_in_PCBs"
"MicroRNAs in cancer","1/281",0.736364070641299,0.744368027930878,0,0,0.7536866359447,0.230651189509158,"APC","Non-neuronal","WTvsHET_in_PCBs"
"Human papillomavirus infection","1/360",0.819391836635193,0.819391836635193,0,0,0.585467397490041,0.116620935021537,"APC","Non-neuronal","WTvsHET_in_PCBs"
"Cell adhesion molecules (CAMs)","5/170",9.44649183548303e-05,0.00661254428483812,0,0,12.2331478045764,113.368030779676,"CLDN11;MAG;VCAN;NRXN1;CNTN1","Oligo","WTvsHET_in_PCBs"
"Mineral absorption","2/44",0.00629487455626043,0.194107334077104,0,0,18.2271062271062,92.3753305021316,"FTH1;ATP2B1","Oligo","WTvsHET_in_PCBs"
"Ribosome","3/170",0.0108977469608785,0.194107334077104,0,0,6.96688974991194,31.4847626675407,"RPLP2;RPL28;RPL6","Oligo","WTvsHET_in_PCBs"
"Calcium signaling pathway","3/189",0.014474988096729,0.194107334077104,0,0,6.24920936116382,26.4674831177875,"PDGFRA;ATP2B1;SLC25A4","Oligo","WTvsHET_in_PCBs"
"PI3K-Akt signaling pathway","4/357",0.0156676068339891,0.194107334077104,0,0,4.44033994334278,18.454763068258,"PDGFRA;TNR;SGK1;HSP90B1","Oligo","WTvsHET_in_PCBs"
"Thyroid hormone synthesis","2/73",0.0166377714923232,0.194107334077104,0,0,10.7665222101842,44.100533896965,"HSPA5;HSP90B1","Oligo","WTvsHET_in_PCBs"
"Prostate cancer","2/97",0.0282926979453842,0.282926979453842,0,0,8.03684210526316,28.6525599340388,"PDGFRA;HSP90B1","Oligo","WTvsHET_in_PCBs"
"Pancreatic secretion","2/105",0.0327292543253662,0.286380975346954,0,0,7.40963405526512,25.3371397195076,"CAR2;ATP2B1","Oligo","WTvsHET_in_PCBs"
"Nitrogen metabolism","1/17",0.0449391839250433,0.341993536281764,0,0,23.502358490566,72.914778620296,"CAR2","Oligo","WTvsHET_in_PCBs"
"Proximal tubule bicarbonate reclamation","1/22",0.0577751665288841,0.341993536281764,0,0,17.9020664869721,51.0423046640588,"CAR2","Oligo","WTvsHET_in_PCBs"
"Collecting duct acid secretion","1/27",0.0704417901623858,0.341993536281764,0,0,14.455732946299,38.3506053315988,"CAR2","Oligo","WTvsHET_in_PCBs"
"Protein processing in endoplasmic reticulum","2/163",0.0717444988831111,0.341993536281764,0,0,4.72646918299092,12.4525641368752,"HSPA5;HSP90B1","Oligo","WTvsHET_in_PCBs"
"Protein export","1/28",0.0729549851643184,0.341993536281764,0,0,13.9196366177498,36.4403930581143,"HSPA5","Oligo","WTvsHET_in_PCBs"
"cGMP-PKG signaling pathway","2/172",0.078711878593014,0.341993536281764,0,0,4.47420814479638,11.3732635040812,"ATP2B1;SLC25A4","Oligo","WTvsHET_in_PCBs"
"Necroptosis","2/176",0.0818747887751373,0.341993536281764,0,0,4.37046861184792,10.9373781317247,"FTH1;SLC25A4","Oligo","WTvsHET_in_PCBs"
"Biosynthesis of unsaturated fatty acids","1/32",0.0829412465365423,0.341993536281764,0,0,12.1211199026172,30.1770164092678,"SCD2","Oligo","WTvsHET_in_PCBs"
"Prion diseases","1/34",0.0878947079941169,0.341993536281764,0,0,11.3853630646083,27.6848273611933,"HSPA5","Oligo","WTvsHET_in_PCBs"
"Aldosterone-regulated sodium reabsorption","1/38",0.0977229789105006,0.341993536281764,0,0,10.1524732279449,23.610780056259,"SGK1","Oligo","WTvsHET_in_PCBs"
"African trypanosomiasis","1/39",0.100163760221689,0.341993536281764,0,0,9.88480635551142,22.7444336203251,"HBB-BS","Oligo","WTvsHET_in_PCBs"
"Focal adhesion","2/199",0.100785001323916,0.341993536281764,0,0,3.85572042171027,8.8479750913091,"PDGFRA;TNR","Oligo","WTvsHET_in_PCBs"
"Ferroptosis","1/40",0.102598060884529,0.341993536281764,0,0,9.63086598935656,21.9288678533163,"FTH1","Oligo","WTvsHET_in_PCBs"
"Ether lipid metabolism","1/47",0.119458119773416,0.36230223333771,0,0,8.16242821985234,17.3434412143397,"UGT8A","Oligo","WTvsHET_in_PCBs"
"Sphingolipid metabolism","1/48",0.121841179296176,0.36230223333771,0,0,7.98835808912084,16.8157884792022,"UGT8A","Oligo","WTvsHET_in_PCBs"
"Malaria","1/49",0.124217908572929,0.36230223333771,0,0,7.82154088050314,16.3135280427178,"HBB-BS","Oligo","WTvsHET_in_PCBs"
"Amyotrophic lateral sclerosis (ALS)","1/52",0.131310279560036,0.3676687827681,0,0,7.36034036256012,14.9429056677948,"SLC1A2","Oligo","WTvsHET_in_PCBs"
"Endocrine and other factor-regulated calcium reabsorption","1/55",0.138346269533512,0.372470725667149,0,0,6.95038434661076,13.747829218668,"ATP2B1","Oligo","WTvsHET_in_PCBs"
"Central carbon metabolism in cancer","1/64",0.159120334470897,0.380924481617712,0,0,5.95477687930518,10.945442883266,"PDGFRA","Oligo","WTvsHET_in_PCBs"
"Aminoacyl-tRNA biosynthesis","1/66",0.163669599607199,0.380924481617712,0,0,5.77097242380261,10.444914844508,"LARS2","Oligo","WTvsHET_in_PCBs"
"MicroRNAs in cancer","2/281",0.175704509034157,0.380924481617712,0,0,2.71119382409705,4.71463489488445,"PDGFRA;TNR","Oligo","WTvsHET_in_PCBs"
"Melanoma","1/72",0.177172945583254,0.380924481617712,0,0,5.28169014084507,9.14064575579012,"PDGFRA","Oligo","WTvsHET_in_PCBs"
"Bile secretion","1/72",0.177172945583254,0.380924481617712,0,0,5.28169014084507,9.14064575579012,"CAR2","Oligo","WTvsHET_in_PCBs"
"Gastric acid secretion","1/74",0.181626328584117,0.380924481617712,0,0,5.13646937193073,8.76180918964115,"CAR2","Oligo","WTvsHET_in_PCBs"
"Glioma","1/75",0.183844140205818,0.380924481617712,0,0,5.06680265170831,8.5814761651663,"PDGFRA","Oligo","WTvsHET_in_PCBs"
"Synaptic vesicle cycle","1/77",0.188262080976954,0.380924481617712,0,0,4.93296921549156,8.23766513222537,"SLC1A2","Oligo","WTvsHET_in_PCBs"
"Salivary secretion","1/78",0.190462240808856,0.380924481617712,0,0,4.86865964224455,8.07370468721099,"ATP2B1","Oligo","WTvsHET_in_PCBs"
"ECM-receptor interaction","1/83",0.201375546422089,0.382440093473804,0,0,4.57063966866084,7.32483274141655,"TNR","Oligo","WTvsHET_in_PCBs"
"PPAR signaling pathway","1/85",0.205700321840339,0.382440093473804,0,0,4.46136567834681,7.05491332786129,"SCD2","Oligo","WTvsHET_in_PCBs"
"Gap junction","1/86",0.207854081386489,0.382440093473804,0,0,4.40865704772475,6.92564302052444,"PDGFRA","Oligo","WTvsHET_in_PCBs"
"Antigen processing and presentation","1/90",0.216411947969835,0.382440093473804,0,0,4.20966716133135,6.44319667046066,"HSPA5","Oligo","WTvsHET_in_PCBs"
"IL-17 signaling pathway","1/91",0.218537196270745,0.382440093473804,0,0,4.16268343815514,6.33060499441169,"HSP90B1","Oligo","WTvsHET_in_PCBs"
"Choline metabolism in cancer","1/99",0.235336744091168,0.401794441131262,0,0,3.82133230650751,5.52846603540976,"PDGFRA","Oligo","WTvsHET_in_PCBs"
"Aldosterone synthesis and secretion","1/102",0.241544755579164,0.402574592631941,0,0,3.70726695311041,5.26691601299278,"ATP2B1","Oligo","WTvsHET_in_PCBs"
"Glutamatergic synapse","1/114",0.265885909232087,0.426171736227576,0,0,3.31157121389214,4.38679856497224,"SLC1A2","Oligo","WTvsHET_in_PCBs"
"Leukocyte transendothelial migration","1/115",0.267879377057334,0.426171736227576,0,0,3.28235683548494,4.32358109937053,"CLDN11","Oligo","WTvsHET_in_PCBs"
"AMPK signaling pathway","1/126",0.28945988896988,0.447710592480451,0,0,2.99184905660377,3.70911059434733,"SCD2","Oligo","WTvsHET_in_PCBs"
"FoxO signaling pathway","1/132",0.300966634876067,0.447710592480451,0,0,2.85395362235345,3.42690155894123,"SGK1","Oligo","WTvsHET_in_PCBs"
"Estrogen signaling pathway","1/134",0.304761419691011,0.447710592480451,0,0,2.81075329834019,3.33981025828714,"HSP90B1","Oligo","WTvsHET_in_PCBs"
"Apoptosis","1/141",0.317884618587537,0.447710592480451,0,0,2.66927223719677,3.05916428233162,"SEPT4","Oligo","WTvsHET_in_PCBs"
"Fluid shear stress and atherosclerosis","1/143",0.321589237888345,0.447710592480451,0,0,2.63141110815838,2.98528381740886,"HSP90B1","Oligo","WTvsHET_in_PCBs"
"Parkinson disease","1/144",0.323434135000467,0.447710592480451,0,0,2.61287768834939,2.94931126297335,"SLC25A4","Oligo","WTvsHET_in_PCBs"
"Adrenergic signaling in cardiomyocytes","1/148",0.330764607980607,0.447710592480451,0,0,2.54126556282891,2.81152486255785,"ATP2B1","Oligo","WTvsHET_in_PCBs"
"Phospholipase D signaling pathway","1/149",0.332585011556906,0.447710592480451,0,0,2.52396736359001,2.77853415082864,"PDGFRA","Oligo","WTvsHET_in_PCBs"
"mTOR signaling pathway","1/154",0.341614379548593,0.451188803177387,0,0,2.44086817116784,2.62166992371609,"SGK1","Oligo","WTvsHET_in_PCBs"
"Hepatitis C","1/160",0.3522914576914,0.45566672529313,0,0,2.34804794114157,2.44971006072664,"CLDN11","Oligo","WTvsHET_in_PCBs"
"JAK-STAT signaling pathway","1/164",0.359314902874595,0.45566672529313,0,0,2.28996411621715,2.3439067587088,"PDGFRA","Oligo","WTvsHET_in_PCBs"
"Tight junction","1/167",0.364533380234504,0.45566672529313,0,0,2.24823823596272,2.26878073400837,"CLDN11","Oligo","WTvsHET_in_PCBs"
"Alzheimer disease","1/175",0.378246221209997,0.464512903240348,0,0,2.14400346996313,2.08442143462703,"RTN4","Oligo","WTvsHET_in_PCBs"
"Axon guidance","1/180",0.386668816246115,0.46666926098669,0,0,2.08358806788237,1.97979772102858,"EPHA5","Oligo","WTvsHET_in_PCBs"
"Cellular senescence","1/185",0.394979399019966,0.468619625955892,0,0,2.02645611156686,1.88241899497552,"SLC25A4","Oligo","WTvsHET_in_PCBs"
"Huntington disease","1/192",0.406428814254044,0.474166949963051,0,0,1.95149659191939,1.75702309510301,"SLC25A4","Oligo","WTvsHET_in_PCBs"
"Pathways in cancer","2/535",0.425674458979591,0.484938440071536,0,0,1.40085149372204,1.19643981200909,"PDGFRA;HSP90B1","Oligo","WTvsHET_in_PCBs"
"Rap1 signaling pathway","1/209",0.433356554872772,0.484938440071536,0,0,1.79045718432511,1.49717033805813,"PDGFRA","Oligo","WTvsHET_in_PCBs"
"cAMP signaling pathway","1/211",0.436444596064383,0.484938440071536,0,0,1.77322551662174,1.4701703517796,"ATP2B1","Oligo","WTvsHET_in_PCBs"
"Regulation of actin cytoskeleton","1/217",0.445609952125925,0.487385885137731,0,0,1.72344514325646,1.39308010908916,"PDGFRA","Oligo","WTvsHET_in_PCBs"
"Ras signaling pathway","1/233",0.469341652565289,0.505444856608772,0,0,1.60328562134027,1.21276421256524,"PDGFRA","Oligo","WTvsHET_in_PCBs"
"Human T-cell leukemia virus 1 infection","1/245",0.486483297730143,0.515967133956213,0,0,1.52350757810084,1.09776751324586,"SLC25A4","Oligo","WTvsHET_in_PCBs"
"Human cytomegalovirus infection","1/255",0.50035187905057,0.522755694530447,0,0,1.46278413311544,1.01289561352357,"PDGFRA","Oligo","WTvsHET_in_PCBs"
"Endocytosis","1/269",0.519152143527187,0.534421324219163,0,0,1.38538439876091,0.908200229279101,"PDGFRA","Oligo","WTvsHET_in_PCBs"
"MAPK signaling pathway","1/294",0.551012396142806,0.558998083043426,0,0,1.26556764762702,0.7542757521048,"PDGFRA","Oligo","WTvsHET_in_PCBs"
"Human papillomavirus infection","1/360",0.625500978854885,0.625500978854885,0,0,1.02943185998844,0.483011883037366,"TNR","Oligo","WTvsHET_in_PCBs"
"Ribosome","10/170",1.15386347634512e-09,1.31540436303344e-07,0,0,18.1636029411765,373.809672717225,"RPS25;RPS15A;RPL21;RPLP1;RPL23;RPL36A;RPLP2;RPL22L1;RPL37;RPS11","Pvalb","WTvsHET_in_PCBs"
"Long-term potentiation","5/67",6.33386008337527e-06,0.000361030024752391,0,0,21.9399027839152,262.611875717326,"GRIA1;GRM5;CAMK2A;PLCB1;PRKACB","Pvalb","WTvsHET_in_PCBs"
"Oxytocin signaling pathway","5/154",0.000340573659818145,0.0129417990730895,0,0,9.08936287579296,72.5774639080687,"MEF2C;ROCK2;CAMK2A;PLCB1;PRKACB","Pvalb","WTvsHET_in_PCBs"
"Circadian entrainment","4/99",0.000608573417610212,0.0173443424018911,0,0,11.2813655761024,83.5316642952287,"GRIA1;CAMK2A;PLCB1;PRKACB","Pvalb","WTvsHET_in_PCBs"
"Calcium signaling pathway","5/189",0.000863588693812332,0.0196130583935054,0,0,7.34737939249553,51.8314556921773,"GRM5;ERBB4;CAMK2A;PLCB1;PRKACB","Pvalb","WTvsHET_in_PCBs"
"Glutamatergic synapse","4/114",0.00103226623123713,0.0196130583935054,0,0,9.73562653562654,66.9421551026783,"GRIA1;GRM5;PLCB1;PRKACB","Pvalb","WTvsHET_in_PCBs"
"Dopaminergic synapse","4/135",0.00192477042259885,0.0311725583132914,0,0,8.16628842583041,51.0633816107946,"GRIA1;CAMK2A;PLCB1;PRKACB","Pvalb","WTvsHET_in_PCBs"
"Amphetamine addiction","3/68",0.0023834687814786,0.0311725583132914,0,0,12.2196923076923,73.7971460030054,"GRIA1;CAMK2A;PRKACB","Pvalb","WTvsHET_in_PCBs"
"Cortisol synthesis and secretion","3/69",0.00248486928189754,0.0311725583132914,0,0,12.0339393939394,72.1739753947248,"PLCB1;PRKACB;PBX1","Pvalb","WTvsHET_in_PCBs"
"Retrograde endocannabinoid signaling","4/150",0.00282030059294025,0.0311725583132914,0,0,7.32173269159571,42.9852469029179,"GRIA1;GRM5;PLCB1;PRKACB","Pvalb","WTvsHET_in_PCBs"
"Gastric acid secretion","3/74",0.0030318332718199,0.0311725583132914,0,0,11.183661971831,64.849445894003,"CAMK2A;PLCB1;PRKACB","Pvalb","WTvsHET_in_PCBs"
"Cushing syndrome","4/159",0.00347604322052094,0.0311725583132914,0,0,6.89346120313862,39.0298166433864,"CAMK2A;PLCB1;PRKACB;PBX1","Pvalb","WTvsHET_in_PCBs"
"Wnt signaling pathway","4/160",0.00355476542169113,0.0311725583132914,0,0,6.84892584892585,38.6242858543611,"ROCK2;CAMK2A;PLCB1;PRKACB","Pvalb","WTvsHET_in_PCBs"
"Gap junction","3/86",0.00462922838503925,0.0351821357262983,0,0,9.56096385542169,51.3936712421731,"GRM5;PLCB1;PRKACB","Pvalb","WTvsHET_in_PCBs"
"Insulin secretion","3/86",0.00462922838503925,0.0351821357262983,0,0,9.56096385542169,51.3936712421731,"CAMK2A;PLCB1;PRKACB","Pvalb","WTvsHET_in_PCBs"
"GnRH signaling pathway","3/90",0.00525530516088157,0.0374440492712812,0,0,9.11954022988506,47.8640638051938,"CAMK2A;PLCB1;PRKACB","Pvalb","WTvsHET_in_PCBs"
"Huntington disease","4/192",0.00675658731440803,0.0423458143523589,0,0,5.67395054629097,28.3540776007511,"GRM5;UQCR11;PLCB1;COX6A2","Pvalb","WTvsHET_in_PCBs"
"Melanogenesis","3/100",0.00703533563956652,0.0423458143523589,0,0,8.17525773195876,40.5231982940018,"CAMK2A;PLCB1;PRKACB","Pvalb","WTvsHET_in_PCBs"
"Aldosterone synthesis and secretion","3/102",0.00742909023725595,0.0423458143523589,0,0,8.00929292929293,39.2643721874307,"CAMK2A;PLCB1;PRKACB","Pvalb","WTvsHET_in_PCBs"
"Glucagon signaling pathway","3/102",0.00742909023725595,0.0423458143523589,0,0,8.00929292929293,39.2643721874307,"CAMK2A;PLCB1;PRKACB","Pvalb","WTvsHET_in_PCBs"
"Proteoglycans in cancer","4/203",0.00819104437827658,0.0438889337398103,0,0,5.35732717642265,25.7404241935354,"ROCK2;ERBB4;CAMK2A;PRKACB","Pvalb","WTvsHET_in_PCBs"
"Parathyroid hormone synthesis, secretion and action","3/107",0.0084697942304897,0.0438889337398103,0,0,7.62230769230769,36.367928446515,"MEF2C;PLCB1;PRKACB","Pvalb","WTvsHET_in_PCBs"
"cAMP signaling pathway","4/211",0.00935125245007426,0.0463496860568898,0,0,5.1481916699308,24.0536127516683,"GRIA1;ROCK2;CAMK2A;PRKACB","Pvalb","WTvsHET_in_PCBs"
"Cholinergic synapse","3/113",0.00982642998742794,0.0466755424402827,0,0,7.20436363636364,33.3034647121074,"CAMK2A;PLCB1;PRKACB","Pvalb","WTvsHET_in_PCBs"
"Platelet activation","3/125",0.0129002974635512,0.0588253564337934,0,0,6.49180327868852,28.2426220301866,"ROCK2;PLCB1;PRKACB","Pvalb","WTvsHET_in_PCBs"
"Inflammatory mediator regulation of TRP channels","3/127",0.0134600850505941,0.0590172959910664,0,0,6.38645161290323,27.5130036580351,"CAMK2A;PLCB1;PRKACB","Pvalb","WTvsHET_in_PCBs"
"Oxidative phosphorylation","3/134",0.0155275334801084,0.0655606969160133,0,0,6.0430534351145,25.1701664693942,"UQCR11;ATP6V1E1;COX6A2","Pvalb","WTvsHET_in_PCBs"
"Apelin signaling pathway","3/138",0.0167849513760169,0.0683387306023545,0,0,5.86281481481481,23.9629220315067,"MEF2C;PLCB1;PRKACB","Pvalb","WTvsHET_in_PCBs"
"Vascular smooth muscle contraction","3/140",0.0174344959767633,0.068535604874173,0,0,5.77664233576642,23.3913838511804,"ROCK2;PLCB1;PRKACB","Pvalb","WTvsHET_in_PCBs"
"Parkinson disease","3/144",0.0187753797298161,0.0713464429733013,0,0,5.61163120567376,22.3074060667844,"UQCR11;COX6A2;PRKACB","Pvalb","WTvsHET_in_PCBs"
"Endocrine and other factor-regulated calcium reabsorption","2/55",0.0195123624980995,0.0717551395091402,0,0,9.86544190665343,38.8373546069069,"PLCB1;PRKACB","Pvalb","WTvsHET_in_PCBs"
"Adrenergic signaling in cardiomyocytes","3/148",0.0201721163554487,0.071863164516286,0,0,5.45572413793103,21.2961682452099,"CAMK2A;PLCB1;PRKACB","Pvalb","WTvsHET_in_PCBs"
"Long-term depression","2/61",0.0236880586007805,0.0818314751663325,0,0,8.85950044603033,33.1591984162213,"GRIA1;PLCB1","Pvalb","WTvsHET_in_PCBs"
"cGMP-PKG signaling pathway","3/172",0.02972827659793,0.0996771627107063,0,0,4.67526627218935,16.4366307831698,"MEF2C;ROCK2;PLCB1","Pvalb","WTvsHET_in_PCBs"
"Alzheimer disease","3/175",0.0310642103983647,0.101139632840415,0,0,4.59302325581395,15.9455938469574,"UQCR11;PLCB1;COX6A2","Pvalb","WTvsHET_in_PCBs"
"Thyroid hormone synthesis","2/73",0.033016303573834,0.101139632840415,0,0,7.35767234988881,25.0952088663899,"PLCB1;PRKACB","Pvalb","WTvsHET_in_PCBs"
"Axon guidance","3/180",0.0333601383283064,0.101139632840415,0,0,4.46214689265537,15.1730555351068,"EPHA5;ROCK2;CAMK2A","Pvalb","WTvsHET_in_PCBs"
"Transcriptional misregulation in cancer","3/183",0.0347791660079033,0.101139632840415,0,0,4.38711111111111,14.7351513126545,"MEF2C;TSPAN7;PBX1","Pvalb","WTvsHET_in_PCBs"
"Renin secretion","2/76",0.0355395077125664,0.101139632840415,0,0,7.05832147937411,23.554397365967,"PLCB1;PRKACB","Pvalb","WTvsHET_in_PCBs"
"Synaptic vesicle cycle","2/77",0.0363967556239133,0.101139632840415,0,0,6.96385964912281,23.0731865324961,"SYT1;ATP6V1E1","Pvalb","WTvsHET_in_PCBs"
"Cardiac muscle contraction","2/78",0.0372619699938372,0.101139632840415,0,0,6.8718836565097,22.6069994593025,"UQCR11;COX6A2","Pvalb","WTvsHET_in_PCBs"
"Salivary secretion","2/78",0.0372619699938372,0.101139632840415,0,0,6.8718836565097,22.6069994593025,"PLCB1;PRKACB","Pvalb","WTvsHET_in_PCBs"
"Chemokine signaling pathway","3/197",0.0418088120277944,0.110415401684307,0,0,4.06762886597938,12.9132904445363,"ROCK2;PLCB1;PRKACB","Pvalb","WTvsHET_in_PCBs"
"ErbB signaling pathway","2/84",0.042616470825522,0.110415401684307,0,0,6.36713735558408,20.0915940028562,"ERBB4;CAMK2A","Pvalb","WTvsHET_in_PCBs"
"Thermogenesis","3/231",0.0615933005173484,0.156036361310616,0,0,3.45508771929825,9.63002799634363,"UQCR11;COX6A2;PRKACB","Pvalb","WTvsHET_in_PCBs"
"Amoebiasis","2/106",0.0644359671930668,0.159689136087166,0,0,5.01467611336032,13.7506596503592,"PLCB1;PRKACB","Pvalb","WTvsHET_in_PCBs"
"Thyroid hormone signaling pathway","2/115",0.074239134196373,0.178971682480776,0,0,4.61318118304611,11.9964109129183,"PLCB1;PRKACB","Pvalb","WTvsHET_in_PCBs"
"Oocyte meiosis","2/116",0.0753564978866424,0.178971682480776,0,0,4.5724838411819,11.8222718393674,"CAMK2A;PRKACB","Pvalb","WTvsHET_in_PCBs"
"Human cytomegalovirus infection","3/255",0.0777437407497531,0.180873192764732,0,0,3.12222222222222,7.97520848125707,"ROCK2;PLCB1;PRKACB","Pvalb","WTvsHET_in_PCBs"
"Sphingolipid signaling pathway","2/124",0.0844852903618624,0.192626462025046,0,0,4.2709232096635,10.5542107849309,"ROCK2;PLCB1","Pvalb","WTvsHET_in_PCBs"
"Relaxin signaling pathway","2/131",0.0927341836815326,0.205926382215138,0,0,4.03773969808242,9.60181815934429,"PLCB1;PRKACB","Pvalb","WTvsHET_in_PCBs"
"Serotonergic synapse","2/132",0.0939313322384838,0.205926382215138,0,0,4.00647773279352,9.47608616412177,"PLCB1;PRKACB","Pvalb","WTvsHET_in_PCBs"
"Estrogen signaling pathway","2/134",0.0963391496180853,0.207220057669089,0,0,3.94537480063796,9.23170557975564,"PLCB1;PRKACB","Pvalb","WTvsHET_in_PCBs"
"Collecting duct acid secretion","1/27",0.100192372989806,0.211517231867368,0,0,9.93806193806194,22.8641334904795,"ATP6V1E1","Pvalb","WTvsHET_in_PCBs"
"MAPK signaling pathway","3/294",0.107460204766001,0.222735697151349,0,0,2.69841924398625,6.01918756887264,"MEF2C;ERBB4;PRKACB","Pvalb","WTvsHET_in_PCBs"
"Phospholipase D signaling pathway","2/149",0.114933329228426,0.23397142021501,0,0,3.54010025062657,7.65866373111271,"GRM5;PLCB1","Pvalb","WTvsHET_in_PCBs"
"Non-alcoholic fatty liver disease (NAFLD)","2/151",0.117478633930587,0.234957267861174,0,0,3.49222889438361,7.47860398951579,"UQCR11;COX6A2","Pvalb","WTvsHET_in_PCBs"
"Prion diseases","1/34",0.124507582701343,0.24472180048195,0,0,7.82723337268792,16.3071692454862,"PRKACB","Pvalb","WTvsHET_in_PCBs"
"Tight junction","2/167",0.138326720722289,0.267275358683744,0,0,3.15103668261563,6.23318177937873,"ROCK2;PRKACB","Pvalb","WTvsHET_in_PCBs"
"African trypanosomiasis","1/39",0.141477322494677,0.268806912739885,0,0,6.79562542720437,13.2896327267746,"PLCB1","Pvalb","WTvsHET_in_PCBs"
"Nicotine addiction","1/40",0.144832097748898,0.269043868099498,0,0,6.62104562104562,12.7930529481035,"GRIA1","Pvalb","WTvsHET_in_PCBs"
"Basal transcription factors","1/43",0.154818970076284,0.269043868099498,0,0,6.14718614718615,11.4675682556862,"GTF2H5","Pvalb","WTvsHET_in_PCBs"
"Vasopressin-regulated water reabsorption","1/43",0.154818970076284,0.269043868099498,0,0,6.14718614718615,11.4675682556862,"PRKACB","Pvalb","WTvsHET_in_PCBs"
"Nucleotide excision repair","1/43",0.154818970076284,0.269043868099498,0,0,6.14718614718615,11.4675682556862,"GTF2H5","Pvalb","WTvsHET_in_PCBs"
"Pathways in cancer","4/535",0.156110325733039,0.269043868099498,0,0,1.97394004173665,3.6659862569423,"ROCK2;CAMK2A;PLCB1;PRKACB","Pvalb","WTvsHET_in_PCBs"
"Hedgehog signaling pathway","1/44",0.158122273356723,0.269043868099498,0,0,6.00392630625189,11.073561606344,"PRKACB","Pvalb","WTvsHET_in_PCBs"
"Mineral absorption","1/44",0.158122273356723,0.269043868099498,0,0,6.00392630625189,11.073561606344,"MT1","Pvalb","WTvsHET_in_PCBs"
"Cocaine addiction","1/48",0.171208513755847,0.287026037767156,0,0,5.49184857695496,9.69241574930793,"PRKACB","Pvalb","WTvsHET_in_PCBs"
"Arginine and proline metabolism","1/50",0.177676125437979,0.293551859419269,0,0,5.26716141001855,9.10056411919043,"CKB","Pvalb","WTvsHET_in_PCBs"
"Amyotrophic lateral sclerosis (ALS)","1/52",0.18409390813024,0.299810078954962,0,0,5.06009676597912,8.56324872131585,"GRIA1","Pvalb","WTvsHET_in_PCBs"
"NOD-like receptor signaling pathway","2/205",0.190502142248116,0.305876679102609,0,0,2.5562613430127,4.23851607140933,"NEK7;PLCB1","Pvalb","WTvsHET_in_PCBs"
"Regulation of lipolysis in adipocytes","1/56",0.196781499561096,0.311570707638402,0,0,4.69114521841795,7.62621325808419,"PRKACB","Pvalb","WTvsHET_in_PCBs"
"Ovarian steroidogenesis","1/57",0.199922842964799,0.312208275314891,0,0,4.60714285714286,7.4166880926329,"PRKACB","Pvalb","WTvsHET_in_PCBs"
"Aminoacyl-tRNA biosynthesis","1/66",0.227654651484188,0.35071121985402,0,0,3.96743256743257,5.87150456576021,"LARS2","Pvalb","WTvsHET_in_PCBs"
"Bile secretion","1/72",0.245613118346404,0.372848779079195,0,0,3.63105908176331,5.09799849287187,"PRKACB","Pvalb","WTvsHET_in_PCBs"
"Inositol phosphate metabolism","1/73",0.248565852719463,0.372848779079195,0,0,3.58044733044733,4.98415263947084,"PLCB1","Pvalb","WTvsHET_in_PCBs"
"Glioma","1/75",0.254437135924668,0.376699136304055,0,0,3.48332748332748,4.76763549437428,"CAMK2A","Pvalb","WTvsHET_in_PCBs"
"Salmonella infection","1/78",0.263159247366178,0.384617361535183,0,0,3.34710743801653,4.46837479616033,"ROCK2","Pvalb","WTvsHET_in_PCBs"
"RNA degradation","1/83",0.277472791180557,0.399430899804243,0,0,3.14222363002851,4.02843250300734,"ZCCHC7","Pvalb","WTvsHET_in_PCBs"
"Rheumatoid arthritis","1/84",0.280302385827539,0.399430899804243,0,0,3.10420904396808,3.94820098377705,"ATP6V1E1","Pvalb","WTvsHET_in_PCBs"
"Taste transduction","1/88",0.291511782307411,0.403141554650021,0,0,2.96088968502762,3.6498142614717,"PRKACB","Pvalb","WTvsHET_in_PCBs"
"Dilated cardiomyopathy (DCM)","1/90",0.297051671847384,0.403141554650021,0,0,2.89406099518459,3.51295355437946,"PRKACB","Pvalb","WTvsHET_in_PCBs"
"GABAergic synapse","1/90",0.297051671847384,0.403141554650021,0,0,2.89406099518459,3.51295355437946,"PRKACB","Pvalb","WTvsHET_in_PCBs"
"Progesterone-mediated oocyte maturation","1/90",0.297051671847384,0.403141554650021,0,0,2.89406099518459,3.51295355437946,"PRKACB","Pvalb","WTvsHET_in_PCBs"
"Morphine addiction","1/92",0.302548794354477,0.405771324193063,0,0,2.83016983016983,3.38350400588348,"PRKACB","Pvalb","WTvsHET_in_PCBs"
"Phosphatidylinositol signaling system","1/98",0.318786805828229,0.422501436081493,0,0,2.65430445842817,3.03448770547949,"PLCB1","Pvalb","WTvsHET_in_PCBs"
"AGE-RAGE signaling pathway in diabetic complications","1/101",0.3267652833403,0.422501436081493,0,0,2.57428571428571,2.879372432986,"PLCB1","Pvalb","WTvsHET_in_PCBs"
"Longevity regulating pathway","1/102",0.329404221096676,0.422501436081493,0,0,2.54866915262955,2.83021973378044,"PRKACB","Pvalb","WTvsHET_in_PCBs"
"Chagas disease (American trypanosomiasis)","1/103",0.332032946860945,0.422501436081493,0,0,2.52355487649605,2.78227244145478,"PLCB1","Pvalb","WTvsHET_in_PCBs"
"HIF-1 signaling pathway","1/104",0.334651499613662,0.422501436081493,0,0,2.49892825620981,2.73549076971601,"CAMK2A","Pvalb","WTvsHET_in_PCBs"
"Pancreatic secretion","1/105",0.337259918275578,0.422501436081493,0,0,2.47477522477522,2.68983659476984,"PLCB1","Pvalb","WTvsHET_in_PCBs"
"Leukocyte transendothelial migration","1/115",0.362795172766772,0.449550540167522,0,0,2.25655046707678,2.28795457827975,"ROCK2","Pvalb","WTvsHET_in_PCBs"
"Neurotrophin signaling pathway","1/121",0.377647523048407,0.46292277018837,0,0,2.14307359307359,2.08691220027687,"CAMK2A","Pvalb","WTvsHET_in_PCBs"
"Neuroactive ligand-receptor interaction","2/348",0.39462864115863,0.478592181830679,0,0,1.48889564952845,1.38439022061476,"GRIA1;GRM5","Pvalb","WTvsHET_in_PCBs"
"Autophagy","1/130",0.399287510033362,0.479145012040034,0,0,1.99265076009262,1.8293999473811,"PRKACB","Pvalb","WTvsHET_in_PCBs"
"Spliceosome","1/132",0.403994575526492,0.479743558437709,0,0,1.96203033607614,1.77829370580526,"SRSF7","Pvalb","WTvsHET_in_PCBs"
"Human papillomavirus infection","2/360",0.41107240159588,0.483116018370415,0,0,1.43810643928256,1.27845637655806,"ATP6V1E1;PRKACB","Pvalb","WTvsHET_in_PCBs"
"Insulin signaling pathway","1/139",0.420184360075224,0.488785888250771,0,0,1.86184829663091,1.61433737054853,"PRKACB","Pvalb","WTvsHET_in_PCBs"
"Fluid shear stress and atherosclerosis","1/143",0.429239933052071,0.494276286544809,0,0,1.80903603438815,1.52997274618792,"MEF2C","Pvalb","WTvsHET_in_PCBs"
"mTOR signaling pathway","1/154",0.453429089174151,0.516909161658532,0,0,1.67804091333503,1.32719005323457,"ATP6V1E1","Pvalb","WTvsHET_in_PCBs"
"RNA transport","1/167",0.48071411923158,0.54258821378614,0,0,1.54561101549053,1.13213307054991,"EIF1","Pvalb","WTvsHET_in_PCBs"
"Necroptosis","1/176",0.498811571348831,0.555370362577605,0,0,1.46545454545455,1.0192630088358,"CAMK2A","Pvalb","WTvsHET_in_PCBs"
"Tuberculosis","1/178",0.502747878893849,0.555370362577605,0,0,1.44874899112187,0.996256103693407,"CAMK2A","Pvalb","WTvsHET_in_PCBs"
"Phagosome","1/180",0.506653664105885,0.555370362577605,0,0,1.43241674526591,0.973939704285791,"ATP6V1E1","Pvalb","WTvsHET_in_PCBs"
"Focal adhesion","1/199",0.542280276707515,0.588761443282445,0,0,1.29371638462548,0.791718585630666,"ROCK2","Pvalb","WTvsHET_in_PCBs"
"Rap1 signaling pathway","1/209",0.559998377287351,0.602262405761868,0,0,1.23089410589411,0.71369873506368,"PLCB1","Pvalb","WTvsHET_in_PCBs"
"Regulation of actin cytoskeleton","1/217",0.573683884275181,0.611214605676361,0,0,1.18482443482443,0.658379401484293,"ROCK2","Pvalb","WTvsHET_in_PCBs"
"Viral carcinogenesis","1/229",0.593427937321162,0.626396156061227,0,0,1.12178172704488,0.585390006745149,"PRKACB","Pvalb","WTvsHET_in_PCBs"
"Ras signaling pathway","1/233",0.599806517371262,0.627320577801137,0,0,1.10221674876847,0.563396048525709,"PRKACB","Pvalb","WTvsHET_in_PCBs"
"Human T-cell leukemia virus 1 infection","1/245",0.61835542572572,0.640841077570291,0,0,1.04737066212476,0.503462556200875,"PRKACB","Pvalb","WTvsHET_in_PCBs"
"MicroRNAs in cancer","1/281",0.66905866657763,0.68714133324189,0,0,0.911038961038961,0.366131553408997,"ZEB2","Pvalb","WTvsHET_in_PCBs"
"PI3K-Akt signaling pathway","1/357",0.7552720271564,0.768759027641336,0,0,0.713774989055888,0.200340432279268,"ERBB4","Pvalb","WTvsHET_in_PCBs"
"Herpes simplex virus 1 infection","1/433",0.81923787526538,0.826487767966843,0,0,0.585918710918711,0.116820936226814,"SRSF7","Pvalb","WTvsHET_in_PCBs"
"Olfactory transduction","2/1133",0.940201114930751,0.940201114930751,0,0,0.437223695844385,0.0269598577933419,"CAMK2A;PRKACB","Pvalb","WTvsHET_in_PCBs"
"Retrograde endocannabinoid signaling","8/150",1.69351778085252e-05,0.00181355281557182,0,0,7.87493756867446,86.5149900038193,"GNAO1;GABRB3;NDUFB9;GABRA1;GNG2;NDUFA11;CNR1;SLC17A6","Sncg","WTvsHET_in_PCBs"
"Synaptic vesicle cycle","6/77",2.37065727525728e-05,0.00181355281557182,0,0,11.689155914508,124.486684249627,"DNM3;SYT1;SLC17A6;ATP6V1H;CPLX2;ATP6V0C","Sncg","WTvsHET_in_PCBs"
"GABAergic synapse","6/90",5.75041829548583e-05,0.00293271333069777,0,0,9.87362637362637,96.4026604383589,"GABRB3;GNAO1;GABRA1;GNG2;GAD1;GAD2","Sncg","WTvsHET_in_PCBs"
"Ribosome","7/170",0.00028886528709267,0.0110490972312946,0,0,5.95420375010801,48.5240818454335,"RPL32;RPL12;RPL13A;RPL13;RPSA;RPL26;RPS2","Sncg","WTvsHET_in_PCBs"
"Morphine addiction","5/92",0.000626908108570462,0.0191833881222561,0,0,7.88793103448276,58.1712084967144,"GABRB3;GNAO1;GABRA1;GNG2;GNAS","Sncg","WTvsHET_in_PCBs"
"Glutamatergic synapse","5/114",0.00164234165678412,0.0327570009914111,0,0,6.28886340468909,40.3218792077611,"GNAO1;PPP3CA;GNG2;GNAS;SLC17A6","Sncg","WTvsHET_in_PCBs"
"Cell adhesion molecules (CAMs)","6/170",0.00174186876337257,0.0327570009914111,0,0,5.03675592699983,31.99748663395,"CNTNAP2;CADM3;CDH2;CADM1;NRXN1;NRXN3","Sncg","WTvsHET_in_PCBs"
"Oocyte meiosis","5/116",0.00177319996097269,0.0327570009914111,0,0,6.17492492492492,39.1179609228014,"PPP3CA;YWHAB;SKP1A;CALM2;RBX1","Sncg","WTvsHET_in_PCBs"
"Alzheimer disease","6/175",0.00201622437957136,0.0327570009914111,0,0,4.88649811726735,30.3281904925069,"PPP3CA;NDUFB9;NDUFA11;COX4I1;CALM2;GAPDH","Sncg","WTvsHET_in_PCBs"
"Salivary secretion","4/78",0.00275313721976171,0.0327570009914111,0,0,7.37260018639329,43.4615828659705,"CST3;GNAS;ATP1B1;CALM2","Sncg","WTvsHET_in_PCBs"
"Taurine and hypotaurine metabolism","2/11",0.00290140430480955,0.0327570009914111,0,0,29.9954648526077,175.250315612157,"GAD1;GAD2","Sncg","WTvsHET_in_PCBs"
"Serotonergic synapse","5/132",0.00311086499965765,0.0327570009914111,0,0,5.39260717410324,31.1307363573116,"GNAO1;GABRB3;GNG2;GNAS;HTR2C","Sncg","WTvsHET_in_PCBs"
"Nicotine addiction","3/40",0.00327181180710476,0.0327570009914111,0,0,11.0037023324695,62.9677114281282,"GABRB3;GABRA1;SLC17A6","Sncg","WTvsHET_in_PCBs"
"Estrogen signaling pathway","5/134",0.00331823439742215,0.0327570009914111,0,0,5.30846253229974,30.302415824324,"GNAO1;HSPA8;HSP90AB1;GNAS;CALM2","Sncg","WTvsHET_in_PCBs"
"Oxidative phosphorylation","5/134",0.00331823439742215,0.0327570009914111,0,0,5.30846253229974,30.302415824324,"NDUFB9;NDUFA11;COX4I1;ATP6V1H;ATP6V0C","Sncg","WTvsHET_in_PCBs"
"Dopaminergic synapse","5/135",0.00342556873112796,0.0327570009914111,0,0,5.26736111111111,29.900110917752,"GNAO1;PPP3CA;GNG2;GNAS;CALM2","Sncg","WTvsHET_in_PCBs"
"Insulin secretion","4/86",0.00391532244151881,0.0352379019736693,0,0,6.65063078216989,36.8634993251304,"PCLO;GNAS;CCK;ATP1B1","Sncg","WTvsHET_in_PCBs"
"Parkinson disease","5/144",0.00450679172775496,0.0383077296859171,0,0,4.92406075139888,26.6006120244784,"NDUFB9;NDUFA11;UBB;COX4I1;VDAC1","Sncg","WTvsHET_in_PCBs"
"Circadian entrainment","4/99",0.00644436618289359,0.0518941066306694,0,0,5.73676950998185,28.9394148367501,"GNAO1;GNG2;GNAS;CALM2","Sncg","WTvsHET_in_PCBs"
"Protein processing in endoplasmic reticulum","5/163",0.00755101133986614,0.057765236749976,0,0,4.32775140646976,21.1457126405839,"HSPA8;HSP90AB1;TUSC3;SKP1A;RBX1","Sncg","WTvsHET_in_PCBs"
"Endocrine and other factor-regulated calcium reabsorption","3/55",0.00801084998928227,0.058364764207628,0,0,7.8236301369863,37.7643372670256,"DNM3;GNAS;ATP1B1","Sncg","WTvsHET_in_PCBs"
"Human immunodeficiency virus 1 infection","6/238",0.00893439846628918,0.0621346802428293,0,0,3.54816734989149,16.7397087567672,"GNAO1;PPP3CA;GNG2;SKP1A;CALM2;RBX1","Sncg","WTvsHET_in_PCBs"
"Proximal tubule bicarbonate reclamation","2/22",0.0115500534560117,0.0768329642943389,0,0,13.4904761904762,60.1818940509159,"MDH1;ATP1B1","Sncg","WTvsHET_in_PCBs"
"Calcium signaling pathway","5/189",0.0137056491144966,0.0873257979858665,0,0,3.71131491545894,15.9213449816988,"PPP3CA;GNAS;HTR2C;VDAC1;CALM2","Sncg","WTvsHET_in_PCBs"
"Amphetamine addiction","3/68",0.0142689212395207,0.0873257979858665,0,0,6.25479452054795,26.5808216792017,"PPP3CA;GNAS;CALM2","Sncg","WTvsHET_in_PCBs"
"Butanoate metabolism","2/27",0.017129713787314,0.100801777286886,0,0,10.7896598639456,43.8809065707093,"GAD1;GAD2","Sncg","WTvsHET_in_PCBs"
"Gastric acid secretion","3/74",0.0178721419563934,0.101275471086229,0,0,5.72448388963921,23.0382546442576,"GNAS;ATP1B1;CALM2","Sncg","WTvsHET_in_PCBs"
"Renin secretion","3/76",0.0191754272772077,0.10478001333617,0,0,5.56708575717771,22.0129565823132,"PPP3CA;GNAS;CALM2","Sncg","WTvsHET_in_PCBs"
"Rap1 signaling pathway","5/209",0.0202694648902994,0.106708786218164,0,0,3.34405637254902,13.0372709931299,"GNAO1;CNR1;GNAS;KRIT1;CALM2","Sncg","WTvsHET_in_PCBs"
"Circadian rhythm","2/30",0.0209232914153263,0.106708786218164,0,0,9.63216715257531,37.2465531750402,"SKP1A;RBX1","Sncg","WTvsHET_in_PCBs"
"beta-Alanine metabolism","2/32",0.0236280174464845,0.116615699010069,0,0,8.9891156462585,33.6671334098849,"GAD1;GAD2","Sncg","WTvsHET_in_PCBs"
"Oxytocin signaling pathway","4/154",0.0282584872310874,0.135110892073637,0,0,3.6231724137931,12.9215423636605,"GNAO1;PPP3CA;GNAS;CALM2","Sncg","WTvsHET_in_PCBs"
"Thermogenesis","5/231",0.0295541085533526,0.137023594201908,0,0,3.01514872173058,10.6179442383896,"NDUFB9;NDUFA11;CNR1;COX4I1;GNAS","Sncg","WTvsHET_in_PCBs"
"Alanine, aspartate and glutamate metabolism","2/37",0.0309709360907339,0.139369212408303,0,0,7.70301263362488,26.7657046762163,"GAD1;GAD2","Sncg","WTvsHET_in_PCBs"
"Melanogenesis","3/100",0.038811618827442,0.16418175789237,0,0,4.18457844937156,13.5958444486809,"GNAO1;GNAS;CALM2","Sncg","WTvsHET_in_PCBs"
"cGMP-PKG signaling pathway","4/172",0.0399174170319294,0.16418175789237,0,0,3.2320197044335,10.4101497342836,"PPP3CA;VDAC1;ATP1B1;CALM2","Sncg","WTvsHET_in_PCBs"
"Aldosterone synthesis and secretion","3/102",0.040777168626863,0.16418175789237,0,0,4.09962640099626,13.1172997017116,"GNAS;ATP1B1;CALM2","Sncg","WTvsHET_in_PCBs"
"Glucagon signaling pathway","3/102",0.040777168626863,0.16418175789237,0,0,4.09962640099626,13.1172997017116,"PPP3CA;GNAS;CALM2","Sncg","WTvsHET_in_PCBs"
"Human cytomegalovirus infection","5/255",0.0423368015148289,0.16542345927233,0,0,2.72236111111111,8.60837414652271,"GNAO1;PPP3CA;GNG2;GNAS;CALM2","Sncg","WTvsHET_in_PCBs"
"Pancreatic secretion","3/105",0.0438182189325127,0.16542345927233,0,0,3.97844480257857,12.4434040514067,"GNAS;CCK;ATP1B1","Sncg","WTvsHET_in_PCBs"
"Tuberculosis","4/178",0.0443291622886637,0.16542345927233,0,0,3.11961950059453,9.72108540705115,"PPP3CA;ATP6V1H;CALM2;ATP6V0C","Sncg","WTvsHET_in_PCBs"
"Cysteine and methionine metabolism","2/50",0.0535249876216423,0.19498388347884,0,0,5.61309523809524,16.4329350907777,"MAT2A;MDH1","Sncg","WTvsHET_in_PCBs"
"Huntington disease","4/192",0.0556448425263138,0.197992114105256,0,0,2.88525311812179,8.33482077009599,"NDUFB9;NDUFA11;COX4I1;VDAC1","Sncg","WTvsHET_in_PCBs"
"Alcoholism","4/199",0.061834482987434,0.215015361297214,0,0,2.78068965517241,7.73947709167119,"GNAO1;GNG2;GNAS;CALM2","Sncg","WTvsHET_in_PCBs"
"Cell cycle","3/123",0.0643300650466111,0.218722221158478,0,0,3.37859589041096,9.26994876152938,"YWHAB;SKP1A;RBX1","Sncg","WTvsHET_in_PCBs"
"Inflammatory mediator regulation of TRP channels","3/127",0.0693946777571359,0.226331055205094,0,0,3.26894608926204,8.72136871339557,"GNAS;HTR2C;CALM2","Sncg","WTvsHET_in_PCBs"
"Legionellosis","2/58",0.0695265332982969,0.226331055205094,0,0,4.80928085519922,12.8217679554623,"EEF1A1;HSPA8","Sncg","WTvsHET_in_PCBs"
"Relaxin signaling pathway","3/131",0.0746344641685903,0.236942130515259,0,0,3.16614940068493,8.2166417745814,"GNAO1;GNG2;GNAS","Sncg","WTvsHET_in_PCBs"
"Long-term depression","2/61",0.0758834274199196,0.236942130515259,0,0,4.56404934855298,11.7686612408128,"GNAO1;GNAS","Sncg","WTvsHET_in_PCBs"
"Kaposi sarcoma-associated herpesvirus infection","4/216",0.0783092241096491,0.239626225775526,0,0,2.55549772283669,6.50908238360785,"PPP3CA;GNG2;UBB;CALM2","Sncg","WTvsHET_in_PCBs"
"Ubiquitin mediated proteolysis","3/138",0.0842117988726513,0.252635396617954,0,0,3.00091324200913,7.42552045977643,"FBXW7;SKP1A;RBX1","Sncg","WTvsHET_in_PCBs"
"Long-term potentiation","2/67",0.089116169532492,0.262207191124448,0,0,4.14149659863946,10.0133704646742,"PPP3CA;CALM2","Sncg","WTvsHET_in_PCBs"
"Type I diabetes mellitus","2/69",0.0936692460126294,0.270403672451553,0,0,4.01746370189867,9.51329523522539,"GAD1;GAD2","Sncg","WTvsHET_in_PCBs"
"Adrenergic signaling in cardiomyocytes","3/148",0.098748801561035,0.277267737467763,0,0,2.79253660840812,6.465213766646,"GNAS;ATP1B1;CALM2","Sncg","WTvsHET_in_PCBs"
"Bile secretion","2/72",0.100621716437355,0.277267737467763,0,0,3.844703595724,8.82892803064361,"GNAS;ATP1B1","Sncg","WTvsHET_in_PCBs"
"Thyroid hormone synthesis","2/73",0.102970507227727,0.277267737467763,0,0,3.7903612149085,8.61667617126367,"GNAS;ATP1B1","Sncg","WTvsHET_in_PCBs"
"Non-alcoholic fatty liver disease (NAFLD)","3/151",0.1032958237625,0.277267737467763,0,0,2.73551462421325,6.21005131623789,"NDUFB9;NDUFA11;COX4I1","Sncg","WTvsHET_in_PCBs"
"Cardiac muscle contraction","2/78",0.114933329228426,0.303186196068089,0,0,3.54010025062657,7.65866373111271,"COX4I1;ATP1B1","Sncg","WTvsHET_in_PCBs"
"Wnt signaling pathway","3/160",0.117419393016348,0.303534441309124,0,0,2.57752377628479,5.5210641709429,"PPP3CA;SKP1A;RBX1","Sncg","WTvsHET_in_PCBs"
"Neuroactive ligand-receptor interaction","5/348",0.119033114238872,0.303534441309124,0,0,1.97481373501782,4.20310183075337,"GABRB3;GABRA1;CNR1;HTR2C;CCK","Sncg","WTvsHET_in_PCBs"
"Rheumatoid arthritis","2/84",0.12972573990568,0.325377675501132,0,0,3.28007300481168,6.69900052043609,"ATP6V1H;ATP6V0C","Sncg","WTvsHET_in_PCBs"
"Gap junction","2/86",0.134751306603199,0.330959353919822,0,0,3.20165208940719,6.41714931583708,"GNAS;HTR2C","Sncg","WTvsHET_in_PCBs"
"Th1 and Th2 cell differentiation","2/87",0.137280469550951,0.330959353919822,0,0,3.16382553021209,6.28250081137174,"PPP3CA;MAF","Sncg","WTvsHET_in_PCBs"
"Endocytosis","4/269",0.141696881737874,0.330959353919822,0,0,2.03888093689005,3.984106160557,"DNM3;HSPA8;UBB;PSD3","Sncg","WTvsHET_in_PCBs"
"Necroptosis","3/176",0.144158074318666,0.330959353919822,0,0,2.33723968643598,4.52687063389356,"HSP90AB1;VDAC1;PPIA","Sncg","WTvsHET_in_PCBs"
"Antigen processing and presentation","2/90",0.144929913154432,0.330959353919822,0,0,3.05550401978973,5.90172132526934,"HSPA8;HSP90AB1","Sncg","WTvsHET_in_PCBs"
"GnRH signaling pathway","2/90",0.144929913154432,0.330959353919822,0,0,3.05550401978973,5.90172132526934,"GNAS;CALM2","Sncg","WTvsHET_in_PCBs"
"TGF-beta signaling pathway","2/91",0.147499411323902,0.33187367547878,0,0,3.02101964381258,5.78202343258649,"SKP1A;RBX1","Sncg","WTvsHET_in_PCBs"
"Axon guidance","3/180",0.151135863430047,0.335127349344886,0,0,2.2839563501277,4.31570930727379,"EPHA5;PPP3CA;SEMA3C","Sncg","WTvsHET_in_PCBs"
"Cellular senescence","3/185",0.160006966567609,0.34972951264063,0,0,2.2206457925636,4.06941762986359,"PPP3CA;VDAC1;CALM2","Sncg","WTvsHET_in_PCBs"
"Th17 cell differentiation","2/102",0.176322404226383,0.373183634551001,0,0,2.68721088435374,4.66349626016914,"PPP3CA;HSP90AB1","Sncg","WTvsHET_in_PCBs"
"Chagas disease (American trypanosomiasis)","2/103",0.178986640350971,0.373183634551001,0,0,2.66047012864552,4.57719016488721,"GNAO1;GNAS","Sncg","WTvsHET_in_PCBs"
"HIF-1 signaling pathway","2/104",0.181657119962718,0.373183634551001,0,0,2.63425370148059,4.4930735340873,"GAPDH;RBX1","Sncg","WTvsHET_in_PCBs"
"Collecting duct acid secretion","1/27",0.182933154191667,0.373183634551001,0,0,5.15202702702703,8.75141070111761,"ATP6V0C","Sncg","WTvsHET_in_PCBs"
"Phototransduction","1/27",0.182933154191667,0.373183634551001,0,0,5.15202702702703,8.75141070111761,"CALM2","Sncg","WTvsHET_in_PCBs"
"Toxoplasmosis","2/108",0.192396747262503,0.387325030673198,0,0,2.53433448851239,4.17707907204226,"GNAO1;HSPA8","Sncg","WTvsHET_in_PCBs"
"C-type lectin receptor signaling pathway","2/112",0.203217738066211,0.396417904143421,0,0,2.44168212739641,3.89076497900683,"PPP3CA;CALM2","Sncg","WTvsHET_in_PCBs"
"Cholinergic synapse","2/113",0.205934041575294,0.396417904143421,0,0,2.41956241956242,3.82339095781584,"GNAO1;GNG2","Sncg","WTvsHET_in_PCBs"
"Glyoxylate and dicarboxylate metabolism","1/31",0.207044940274799,0.396417904143421,0,0,4.46418918918919,7.03029176943762,"MDH1","Sncg","WTvsHET_in_PCBs"
"cAMP signaling pathway","3/211",0.208406808567599,0.396417904143421,0,0,1.94049657534247,3.04320956088024,"GNAS;ATP1B1;CALM2","Sncg","WTvsHET_in_PCBs"
"Pathways in cancer","6/535",0.209868302193576,0.396417904143421,0,0,1.53253929435404,2.39271540542034,"HSP90AB1;GNG2;GNAS;SKP1A;CALM2;RBX1","Sncg","WTvsHET_in_PCBs"
"Citrate cycle (TCA cycle)","1/32",0.212961617820604,0.397355213738444,0,0,4.31996512641674,6.68144523795919,"MDH1","Sncg","WTvsHET_in_PCBs"
"Neurotrophin signaling pathway","2/121",0.227791137143959,0.419904144373805,0,0,2.25598810952953,3.33734217074368,"MAGED1;CALM2","Sncg","WTvsHET_in_PCBs"
"Lysosome","2/124",0.236032577425588,0.429916480310892,0,0,2.20017843202855,3.17658559336279,"ATP6V1H;ATP6V0C","Sncg","WTvsHET_in_PCBs"
"Aldosterone-regulated sodium reabsorption","1/38",0.247551976439012,0.440412237153126,0,0,3.61833455076698,5.05168247032326,"ATP1B1","Sncg","WTvsHET_in_PCBs"
"Pyruvate metabolism","1/38",0.247551976439012,0.440412237153126,0,0,3.61833455076698,5.05168247032326,"MDH1","Sncg","WTvsHET_in_PCBs"
"Ras signaling pathway","3/233",0.251575509399769,0.442425895840973,0,0,1.75291840381179,2.41904860463195,"GNG2;RASGRF1;CALM2","Sncg","WTvsHET_in_PCBs"
"Spliceosome","2/132",0.258078530880199,0.448704718462165,0,0,2.06394557823129,2.79559644727851,"HSPA8;DDX5","Sncg","WTvsHET_in_PCBs"
"Apelin signaling pathway","2/138",0.274638572499215,0.456773105082665,0,0,1.97228891556623,2.54878763934508,"GNG2;CALM2","Sncg","WTvsHET_in_PCBs"
"Vasopressin-regulated water reabsorption","1/43",0.2752206099425,0.456773105082665,0,0,3.18677606177606,4.11152202099883,"GNAS","Sncg","WTvsHET_in_PCBs"
"Carbohydrate digestion and absorption","1/43",0.2752206099425,0.456773105082665,0,0,3.18677606177606,4.11152202099883,"ATP1B1","Sncg","WTvsHET_in_PCBs"
"Nucleotide excision repair","1/43",0.2752206099425,0.456773105082665,0,0,3.18677606177606,4.11152202099883,"RBX1","Sncg","WTvsHET_in_PCBs"
"Vascular smooth muscle contraction","2/140",0.280156753438843,0.456773105082665,0,0,1.94350783791778,2.47293103158648,"GNAS;CALM2","Sncg","WTvsHET_in_PCBs"
"Mineral absorption","1/44",0.280631842338369,0.456773105082665,0,0,3.1125078566939,3.95509995775549,"ATP1B1","Sncg","WTvsHET_in_PCBs"
"Fluid shear stress and atherosclerosis","2/143",0.288428279787108,0.464521334815027,0,0,1.90186712983066,2.36460817863056,"HSP90AB1;CALM2","Sncg","WTvsHET_in_PCBs"
"Ether lipid metabolism","1/47",0.296625931501748,0.472747578330911,0,0,2.90907755581669,3.53535373241351,"ENPP2","Sncg","WTvsHET_in_PCBs"
"Cocaine addiction","1/48",0.301878403428932,0.474596593726931,0,0,2.84703852788959,3.40998624707527,"GNAS","Sncg","WTvsHET_in_PCBs"
"Phospholipase D signaling pathway","2/149",0.304937052874235,0.474596593726931,0,0,1.82368457587116,2.16589881819588,"DNM3;GNAS","Sncg","WTvsHET_in_PCBs"
"Cholesterol metabolism","1/49",0.307091913588014,0.474596593726931,0,0,2.78758445945946,3.29104502478211,"VDAC1","Sncg","WTvsHET_in_PCBs"
"N-Glycan biosynthesis","1/50",0.312266749015163,0.477768125993199,0,0,2.73055708769994,3.17808854519388,"TUSC3","Sncg","WTvsHET_in_PCBs"
"Amyotrophic lateral sclerosis (ALS)","1/52",0.322501533414214,0.488541926855196,0,0,2.62321144674086,2.96855038183627,"PPP3CA","Sncg","WTvsHET_in_PCBs"
"Regulation of lipolysis in adipocytes","1/56",0.342519405416614,0.513779108124921,0,0,2.43194103194103,2.60564719826507,"GNAS","Sncg","WTvsHET_in_PCBs"
"Ovarian steroidogenesis","1/57",0.347431381140869,0.515503540573435,0,0,2.38839285714286,2.52498050148678,"GNAS","Sncg","WTvsHET_in_PCBs"
"VEGF signaling pathway","1/58",0.352306904346596,0.515503540573435,0,0,2.34637268847795,2.44785939822399,"PPP3CA","Sncg","WTvsHET_in_PCBs"
"Influenza A","2/168",0.356641630227735,0.515503540573435,0,0,1.61339234488976,1.66344596808191,"HSPA8;VDAC1","Sncg","WTvsHET_in_PCBs"
"Inflammatory bowel disease (IBD)","1/59",0.357146243795974,0.515503540573435,0,0,2.30580149114632,2.37407612249373,"MAF","Sncg","WTvsHET_in_PCBs"
"MAPK signaling pathway","3/294",0.375235008146684,0.532875014198279,0,0,1.38116085298687,1.35381768135541,"HSPA8;PPP3CA;RASGRF1","Sncg","WTvsHET_in_PCBs"
"Mitophagy","1/63",0.376147068845844,0.532875014198279,0,0,2.15660418482999,2.10867381106314,"UBB","Sncg","WTvsHET_in_PCBs"
"Phagosome","2/180",0.38860830925443,0.54522014547215,0,0,1.50370710081786,1.42127892959935,"ATP6V1H;ATP6V0C","Sncg","WTvsHET_in_PCBs"
"Glycolysis / Gluconeogenesis","1/67",0.39458994372528,0.54522014547215,0,0,2.0254914004914,1.8835210024912,"GAPDH","Sncg","WTvsHET_in_PCBs"
"Transcriptional misregulation in cancer","2/183",0.396494135324675,0.54522014547215,0,0,1.47855827413838,1.36780543112197,"DDX5;MAF","Sncg","WTvsHET_in_PCBs"
"Renal cell carcinoma","1/68",0.399115400607064,0.54522014547215,0,0,1.99515933844292,1.83256318836983,"RBX1","Sncg","WTvsHET_in_PCBs"
"Cortisol synthesis and secretion","1/69",0.403607254781579,0.546477079483023,0,0,1.96571939586645,1.78352279266465,"GNAS","Sncg","WTvsHET_in_PCBs"
"Arrhythmogenic right ventricular cardiomyopathy (ARVC)","1/72",0.416883670862091,0.554636536016521,0,0,1.88237533307956,1.64698065125223,"CDH2","Sncg","WTvsHET_in_PCBs"
"B cell receptor signaling pathway","1/72",0.416883670862091,0.554636536016521,0,0,1.88237533307956,1.64698065125223,"PPP3CA","Sncg","WTvsHET_in_PCBs"
"Bacterial invasion of epithelial cells","1/74",0.425571097117925,0.558167080157519,0,0,1.8306182895224,1.56393977424402,"DNM3","Sncg","WTvsHET_in_PCBs"
"Glioma","1/75",0.429866476928295,0.558167080157519,0,0,1.80578889700511,1.52459260076904,"CALM2","Sncg","WTvsHET_in_PCBs"
"Chemokine signaling pathway","2/197",0.432653145532648,0.558167080157519,0,0,1.37142857142857,1.14900880672386,"GNG2;CXCL14","Sncg","WTvsHET_in_PCBs"
"Pertussis","1/76",0.434129951233626,0.558167080157519,0,0,1.78162162162162,1.48660532546121,"CALM2","Sncg","WTvsHET_in_PCBs"
"NOD-like receptor signaling pathway","2/205",0.452797493293306,0.577316803948965,0,0,1.31684595020274,1.04335059421677,"HSP90AB1;VDAC1","Sncg","WTvsHET_in_PCBs"
"RNA degradation","1/83",0.463100475905096,0.585573329037023,0,0,1.62895517468688,1.25398799941995,"ZCCHC7","Sncg","WTvsHET_in_PCBs"
"Taste transduction","1/88",0.482886999498494,0.600354334168335,0,0,1.53494874184529,1.11740063904074,"GABRA1","Sncg","WTvsHET_in_PCBs"
"Dilated cardiomyopathy (DCM)","1/90",0.490597255045077,0.600354334168335,0,0,1.50030367446098,1.0684138696296,"GNAS","Sncg","WTvsHET_in_PCBs"
"Progesterone-mediated oocyte maturation","1/90",0.490597255045077,0.600354334168335,0,0,1.50030367446098,1.0684138696296,"HSP90AB1","Sncg","WTvsHET_in_PCBs"
"Protein digestion and absorption","1/90",0.490597255045077,0.600354334168335,0,0,1.50030367446098,1.0684138696296,"ATP1B1","Sncg","WTvsHET_in_PCBs"
"IL-17 signaling pathway","1/91",0.494409451668041,0.600354334168335,0,0,1.48355855855856,1.04500567577447,"HSP90AB1","Sncg","WTvsHET_in_PCBs"
"PI3K-Akt signaling pathway","3/357",0.498508817345133,0.600565740581144,0,0,1.13170420246111,0.787817775520395,"HSP90AB1;GNG2;YWHAB","Sncg","WTvsHET_in_PCBs"
"Human papillomavirus infection","3/360",0.504096228277907,0.602552522863436,0,0,1.12202141130425,0.768571314702732,"GNAS;ATP6V1H;ATP6V0C","Sncg","WTvsHET_in_PCBs"
"Prostate cancer","1/97",0.516694777953189,0.612368307522639,0,0,1.39041385135135,0.918094368151095,"HSP90AB1","Sncg","WTvsHET_in_PCBs"
"Phosphatidylinositol signaling system","1/98",0.520312941032308,0.612368307522639,0,0,1.37601003064921,0.89898153138398,"CALM2","Sncg","WTvsHET_in_PCBs"
"T cell receptor signaling pathway","1/101",0.531006786202063,0.619555546712373,0,0,1.33452702702703,0.844729555178308,"PPP3CA","Sncg","WTvsHET_in_PCBs"
"Longevity regulating pathway","1/102",0.534518510889106,0.619555546712373,0,0,1.32124698956382,0.827614470826227,"HSPA8","Sncg","WTvsHET_in_PCBs"
"Human T-cell leukemia virus 1 infection","2/245",0.547029341748785,0.625247728869438,0,0,1.09784160577811,0.662276063016533,"PPP3CA;VDAC1","Sncg","WTvsHET_in_PCBs"
"Amoebiasis","1/106",0.548306132283842,0.625247728869438,0,0,1.27065637065637,0.763564748069752,"GNAS","Sncg","WTvsHET_in_PCBs"
"Parathyroid hormone synthesis, secretion and action","1/107",0.551689172531857,0.625247728869438,0,0,1.25860530341662,0.748581286158938,"GNAS","Sncg","WTvsHET_in_PCBs"
"Thyroid hormone signaling pathway","1/115",0.577862857816379,0.650095715043427,0,0,1.1698079658606,0.641544574036947,"ATP1B1","Sncg","WTvsHET_in_PCBs"
"Natural killer cell mediated cytotoxicity","1/118",0.587281702017229,0.655869346048439,0,0,1.13963963963964,0.606573965230319,"PPP3CA","Sncg","WTvsHET_in_PCBs"
"Platelet activation","1/125",0.60845502318652,0.674591438750272,0,0,1.07492371403662,0.534056803458679,"GNAS","Sncg","WTvsHET_in_PCBs"
"Osteoclast differentiation","1/128",0.617195646297825,0.679359236572427,0,0,1.04937220685252,0.506394719453839,"PPP3CA","Sncg","WTvsHET_in_PCBs"
"Insulin signaling pathway","1/139",0.647618360896152,0.707754351550794,0,0,0.965188014101058,0.419329509098084,"CALM2","Sncg","WTvsHET_in_PCBs"
"Measles","1/144",0.66064083948717,0.71686559178395,0,0,0.931203931203931,0.386025883494295,"HSPA8","Sncg","WTvsHET_in_PCBs"
"mTOR signaling pathway","1/154",0.685268802957389,0.737760360339834,0,0,0.869899311075782,0.328773316231748,"ATP6V1H","Sncg","WTvsHET_in_PCBs"
"Cushing syndrome","1/159",0.696908539192108,0.737760360339834,0,0,0.84215703044817,0.30410382796478,"GNAS","Sncg","WTvsHET_in_PCBs"
"Hippo signaling pathway","1/159",0.696908539192108,0.737760360339834,0,0,0.84215703044817,0.30410382796478,"YWHAB","Sncg","WTvsHET_in_PCBs"
"Hepatitis C","1/160",0.699184655224025,0.737760360339834,0,0,0.836817950025497,0.299447270860977,"YWHAB","Sncg","WTvsHET_in_PCBs"
"Hepatitis B","1/163",0.705911631135079,0.739756709340186,0,0,0.821196196196196,0.28599407203202,"YWHAB","Sncg","WTvsHET_in_PCBs"
"RNA transport","1/167",0.714649033497538,0.74381838180356,0,0,0.801245522631065,0.269189425648598,"EEF1A1","Sncg","WTvsHET_in_PCBs"
"Focal adhesion","1/199",0.77587211896233,0.80208401487322,0,0,0.670659295659296,0.170191578101357,"RASGRF1","Sncg","WTvsHET_in_PCBs"
"Proteoglycans in cancer","1/203",0.782542943178535,0.803550807424939,0,0,0.657245116403532,0.161160760578418,"DDX5","Sncg","WTvsHET_in_PCBs"
"Viral carcinogenesis","1/229",0.82134580827729,0.837772724442836,0,0,0.58152560455192,0.11445066742903,"YWHAB","Sncg","WTvsHET_in_PCBs"
"MicroRNAs in cancer","1/281",0.879508971064655,0.89115809650922,0,0,0.472273166023166,0.0606358671233948,"ZEB2","Sncg","WTvsHET_in_PCBs"
"Cytokine-cytokine receptor interaction","1/292",0.889156204973822,0.89500591684865,0,0,0.454165505711897,0.0533564310231488,"CXCL14","Sncg","WTvsHET_in_PCBs"
"Olfactory transduction","1/1133",0.999834070270929,0.999834070270929,0,0,0.111731210008595,1.85410677052072e-05,"CALM2","Sncg","WTvsHET_in_PCBs"
"Nicotine addiction","6/40",3.47659408601898e-07,3.38106424974064e-05,0,0,25.9150326797386,385.409468628682,"GABRB3;GABRA2;GABRB1;GRIA3;GRIA4;GRIN1","Sst","WTvsHET_in_PCBs"
"Amphetamine addiction","7/68",5.0463645518517e-07,3.38106424974064e-05,0,0,16.9544898458527,245.830397296671,"CAMK2B;PPP3CA;CAMK2A;GNAS;GRIA3;GRIA4;GRIN1","Sst","WTvsHET_in_PCBs"
"Ribosome","9/170",3.3563286023425e-06,0.000149916010904632,0,0,8.34189723320158,105.146802231192,"RPS15A;RPS19;RPS29;RPL34;RPLP1;RPL36A;RPL38;RPL37;RPS10","Sst","WTvsHET_in_PCBs"
"Glutamatergic synapse","7/114",1.63621233501217e-05,0.000548131132229077,0,0,9.64318593946157,106.273130318134,"PPP3CA;GRM5;GNAS;SLC38A2;GRIA3;GRIA4;GRIN1","Sst","WTvsHET_in_PCBs"
"Dopaminergic synapse","7/135",4.86917829420903e-05,0.00130493978284802,0,0,8.05253031716418,79.9616282252373,"CAMK2B;PPP3CA;CAMK2A;GNAS;GRIA3;SCN1A;GRIA4","Sst","WTvsHET_in_PCBs"
"Circadian entrainment","6/99",7.21954235584318e-05,0.00161236445947164,0,0,9.44611708482676,90.0794373530738,"CAMK2B;CAMK2A;GNAS;GRIA3;GRIA4;GRIN1","Sst","WTvsHET_in_PCBs"
"Long-term potentiation","5/67",0.000110258010195205,0.00211065333802249,0,0,11.7392077798861,106.975730721319,"CAMK2B;PPP3CA;GRM5;CAMK2A;GRIN1","Sst","WTvsHET_in_PCBs"
"cAMP signaling pathway","8/211",0.00012814067480221,0.00214635630293701,0,0,5.82421571169303,52.1988453342652,"CAMK2B;SST;CAMK2A;GNAS;ATP1B1;GRIA3;GRIA4;GRIN1","Sst","WTvsHET_in_PCBs"
"Gastric acid secretion","5/74",0.000176793238537246,0.00263225488488788,0,0,10.5445439045183,91.1104442744355,"CAMK2B;SST;CAMK2A;GNAS;ATP1B1","Sst","WTvsHET_in_PCBs"
"Axon guidance","7/180",0.000292058997063466,0.00391359056065045,0,0,5.94435337762057,48.3784453063476,"EPHA5;NTNG1;CAMK2B;EPHA4;PPP3CA;EPHA7;CAMK2A","Sst","WTvsHET_in_PCBs"
"Insulin secretion","5/86",0.000357251215446238,0.00435196935179962,0,0,8.97694262890341,71.2506340510998,"RIMS2;CAMK2B;CAMK2A;GNAS;ATP1B1","Sst","WTvsHET_in_PCBs"
"Calcium signaling pathway","7/189",0.000392213353310606,0.0043797157786351,0,0,5.64781859931114,44.2998207137415,"CAMK2B;PPP3CA;GRM5;CAMK2A;GNAS;CACNA1E;GRIN1","Sst","WTvsHET_in_PCBs"
"GABAergic synapse","5/90",0.000440808297664309,0.00454371629900134,0,0,8.55276816608997,66.0863884153922,"GABRB3;GABRA2;GABRB1;GAD2;SLC38A2","Sst","WTvsHET_in_PCBs"
"Adrenergic signaling in cardiomyocytes","6/148",0.000640480247173296,0.00613031093723012,0,0,6.17120500782473,45.3786741225948,"CAMK2B;CACNB2;CACNA2D1;CAMK2A;GNAS;ATP1B1","Sst","WTvsHET_in_PCBs"
"Retrograde endocannabinoid signaling","6/150",0.000687238833722732,0.0061393335812564,0,0,6.08487654320988,44.31511339595,"GABRB3;GABRA2;GABRB1;GRM5;GRIA3;GRIA4","Sst","WTvsHET_in_PCBs"
"Oxytocin signaling pathway","6/154",0.000788659346741447,0.00660502202895962,0,0,5.91921921921922,42.2938635983366,"CAMK2B;CACNB2;PPP3CA;CACNA2D1;CAMK2A;GNAS","Sst","WTvsHET_in_PCBs"
"Alzheimer disease","6/175",0.00152409391711176,0.012013446170175,0,0,5.17817225509533,33.5874645240905,"APP;RTN3;PPP3CA;COX7B;GAPDH;GRIN1","Sst","WTvsHET_in_PCBs"
"Cardiac muscle contraction","4/78",0.00225487306677563,0.0167862772748852,0,0,7.80627342671138,47.5765948717235,"CACNB2;COX7B;CACNA2D1;ATP1B1","Sst","WTvsHET_in_PCBs"
"Neuroactive ligand-receptor interaction","8/348",0.00331433592883275,0.0233747902349257,0,0,3.4531623175586,19.7158233407313,"GABRB3;GABRA2;GABRB1;GRM5;SST;GRIA3;GRIA4;GRIN1","Sst","WTvsHET_in_PCBs"
"Morphine addiction","4/92",0.00409495983006455,0.0274362308614325,0,0,6.55972130059721,36.0653370264276,"GABRB3;GABRA2;GABRB1;GNAS","Sst","WTvsHET_in_PCBs"
"Aldosterone synthesis and secretion","4/102",0.00590099290362248,0.0359424113220642,0,0,5.8873826903024,30.2177844145435,"CAMK2B;CAMK2A;GNAS;ATP1B1","Sst","WTvsHET_in_PCBs"
"Glucagon signaling pathway","4/102",0.00590099290362248,0.0359424113220642,0,0,5.8873826903024,30.2177844145435,"CAMK2B;PPP3CA;CAMK2A;GNAS","Sst","WTvsHET_in_PCBs"
"Endocrine and other factor-regulated calcium reabsorption","3/55",0.00688597425524754,0.0401182847914422,0,0,8.28051839464883,41.222645152866,"DNM3;GNAS;ATP1B1","Sst","WTvsHET_in_PCBs"
"Proximal tubule bicarbonate reclamation","2/22",0.0103940429573733,0.0570922298336075,0,0,14.2726618705036,65.1764305603726,"MDH1;ATP1B1","Sst","WTvsHET_in_PCBs"
"Neurotrophin signaling pathway","4/121",0.0106515354167178,0.0570922298336075,0,0,4.92657059080417,22.3767359950633,"CAMK2B;NTRK2;NTRK3;CAMK2A","Sst","WTvsHET_in_PCBs"
"Inflammatory mediator regulation of TRP channels","4/127",0.0125474977214405,0.0646678728720397,0,0,4.68482582636045,20.5112638015164,"CAMK2B;CAMK2A;GNAS;IL1RAP","Sst","WTvsHET_in_PCBs"
"Serotonergic synapse","4/132",0.0142825773045414,0.0708839021780942,0,0,4.50068430656934,19.1221242702871,"GABRB3;APP;GABRB1;GNAS","Sst","WTvsHET_in_PCBs"
"Renin secretion","3/76",0.016582880150922,0.0793278316387344,0,0,5.89219773674806,24.1543836723003,"PPP3CA;GNAS;CTSB","Sst","WTvsHET_in_PCBs"
"Synaptic vesicle cycle","3/77",0.0171679635636067,0.0793278316387344,0,0,5.81227967097532,23.625232553605,"DNM3;SYT1;ATP6V0C","Sst","WTvsHET_in_PCBs"
"MAPK signaling pathway","6/294",0.018067927342407,0.0807034087960845,0,0,3.02021604938272,12.1219901247179,"CACNB2;PPP3CA;NTRK2;CACNA2D1;IL1RAP;CACNA1E","Sst","WTvsHET_in_PCBs"
"Phospholipase D signaling pathway","4/149",0.0212878776306545,0.0920185678228292,0,0,3.96959476466147,15.2814214485494,"DNM3;GRM5;GNAS;DGKH","Sst","WTvsHET_in_PCBs"
"Dilated cardiomyopathy (DCM)","3/90",0.0258188229894464,0.104840069108661,0,0,4.94052973513243,18.0657953671131,"CACNB2;CACNA2D1;GNAS","Sst","WTvsHET_in_PCBs"
"GnRH signaling pathway","3/90",0.0258188229894464,0.104840069108661,0,0,4.94052973513243,18.0657953671131,"CAMK2B;CAMK2A;GNAS","Sst","WTvsHET_in_PCBs"
"Cell adhesion molecules (CAMs)","4/170",0.0324275085566022,0.127802533723079,0,0,3.46372350716736,11.8762356950564,"NTNG1;NRXN1;NRXN3;NRCAM","Sst","WTvsHET_in_PCBs"
"Melanogenesis","3/100",0.0337928567698919,0.129378365919015,0,0,4.42895562528014,15.0031130324376,"CAMK2B;CAMK2A;GNAS","Sst","WTvsHET_in_PCBs"
"Vasopressin-regulated water reabsorption","2/43",0.0369154862859518,0.131954107589652,0,0,6.95490436918758,22.9450928500958,"GNAS;DYNLL1","Sst","WTvsHET_in_PCBs"
"HIF-1 signaling pathway","3/104",0.0373004030734887,0.131954107589652,0,0,4.25269048643995,13.9860407114198,"CAMK2B;CAMK2A;GAPDH","Sst","WTvsHET_in_PCBs"
"Tuberculosis","4/178",0.0374198215552743,0.131954107589652,0,0,3.30312945716923,10.8526126013893,"CAMK2B;PPP3CA;CAMK2A;ATP6V0C","Sst","WTvsHET_in_PCBs"
"Cocaine addiction","2/48",0.0450803271659638,0.154891380518953,0,0,6.19737253675321,19.2075745394213,"GNAS;GRIN1","Sst","WTvsHET_in_PCBs"
"Cysteine and methionine metabolism","2/50",0.0485159985807626,0.159786054969151,0,0,5.93854916067146,17.9692282675532,"AHCYL2;MDH1","Sst","WTvsHET_in_PCBs"
"Oocyte meiosis","3/116",0.0488897630875759,0.159786054969151,0,0,3.79876875721431,11.4653954219955,"CAMK2B;PPP3CA;CAMK2A","Sst","WTvsHET_in_PCBs"
"Amyotrophic lateral sclerosis (ALS)","2/52",0.0520436765381967,0.166044110859961,0,0,5.70043165467626,16.8486061128985,"PPP3CA;GRIN1","Sst","WTvsHET_in_PCBs"
"Long-term depression","2/61",0.0689720519698354,0.21493616195251,0,0,4.82867942933789,12.9121490615741,"GNAS;GRIA3","Sst","WTvsHET_in_PCBs"
"Taurine and hypotaurine metabolism","1/11",0.0748911573283546,0.228077615499989,0,0,14.1778571428571,36.7450281891981,"GAD2","Sst","WTvsHET_in_PCBs"
"Aminoacyl-tRNA biosynthesis","2/66",0.079051698152866,0.235398390055201,0,0,4.45031474820144,11.2933556110784,"NARS;LARS2","Sst","WTvsHET_in_PCBs"
"Arrhythmogenic right ventricular cardiomyopathy (ARVC)","2/72",0.0917060221212224,0.261459722643485,0,0,4.06762589928058,9.7182385020084,"CACNB2;CACNA2D1","Sst","WTvsHET_in_PCBs"
"Bile secretion","2/72",0.0917060221212224,0.261459722643485,0,0,4.06762589928058,9.7182385020084,"GNAS;ATP1B1","Sst","WTvsHET_in_PCBs"
"Thyroid hormone synthesis","2/73",0.0938696842422767,0.262052868509689,0,0,4.01013273887932,9.48736370361186,"GNAS;ATP1B1","Sst","WTvsHET_in_PCBs"
"Glioma","2/75",0.0982409429805646,0.268658905293789,0,0,3.89987188331527,9.04899836868379,"CAMK2B;CAMK2A","Sst","WTvsHET_in_PCBs"
"Cushing syndrome","3/159",0.102473468502424,0.27032707513542,0,0,2.74568004459309,6.25507472164206,"CAMK2B;CAMK2A;GNAS","Sst","WTvsHET_in_PCBs"
"Wnt signaling pathway","3/160",0.103920005211729,0.27032707513542,0,0,2.7280531708668,6.17667754640557,"CAMK2B;PPP3CA;CAMK2A","Sst","WTvsHET_in_PCBs"
"Salivary secretion","2/78",0.104903044082402,0.27032707513542,0,0,3.74536160545248,8.44473701900244,"GNAS;ATP1B1","Sst","WTvsHET_in_PCBs"
"ErbB signaling pathway","2/84",0.118576546185377,0.299797305449821,0,0,3.47025793998947,7.39927206825805,"CAMK2B;CAMK2A","Sst","WTvsHET_in_PCBs"
"Gap junction","2/86",0.123229472562875,0.30023180588046,0,0,3.38729016786571,7.09199324098714,"GRM5;GNAS","Sst","WTvsHET_in_PCBs"
"Hypertrophic cardiomyopathy (HCM)","2/86",0.123229472562875,0.30023180588046,0,0,3.38729016786571,7.09199324098714,"CACNB2;CACNA2D1","Sst","WTvsHET_in_PCBs"
"Taste transduction","2/88",0.12792626947138,0.30610928766366,0,0,3.30818136188723,6.8026173068483,"GABRA2;SCN3A","Sst","WTvsHET_in_PCBs"
"Protein digestion and absorption","2/90",0.132664809204385,0.311878674269959,0,0,3.23266841072596,6.52976249161038,"ATP1B1;SLC38A2","Sst","WTvsHET_in_PCBs"
"Huntington disease","3/192",0.154109344193547,0.356045726240263,0,0,2.26247987117552,4.2310475463918,"COX7B;GRM5;GRIN1","Sst","WTvsHET_in_PCBs"
"Th17 cell differentiation","2/102",0.161859715665696,0.36761359151192,0,0,2.84302158273381,5.17721414981775,"PPP3CA;IL1RAP","Sst","WTvsHET_in_PCBs"
"Alcoholism","3/199",0.165965601280907,0.370073940395854,0,0,2.18090062111801,3.91684241136236,"NTRK2;GNAS;GRIN1","Sst","WTvsHET_in_PCBs"
"Pancreatic secretion","2/105",0.169332650335005,0.370073940395854,0,0,2.75979604665782,4.90109462502332,"GNAS;ATP1B1","Sst","WTvsHET_in_PCBs"
"Butanoate metabolism","1/27",0.173989986902528,0.370073940395854,0,0,5.44862637362637,9.52832638792415,"GAD2","Sst","WTvsHET_in_PCBs"
"Collecting duct acid secretion","1/27",0.173989986902528,0.370073940395854,0,0,5.44862637362637,9.52832638792415,"ATP6V0C","Sst","WTvsHET_in_PCBs"
"Fatty acid elongation","1/29",0.185611579826187,0.388624245261079,0,0,5.05892857142857,8.51973689865339,"TECR","Sst","WTvsHET_in_PCBs"
"Cholinergic synapse","2/113",0.189526784128544,0.39071675497269,0,0,2.55985481884762,4.25761433499203,"CAMK2B;CAMK2A","Sst","WTvsHET_in_PCBs"
"Glyoxylate and dicarboxylate metabolism","1/31",0.197070805603298,0.393727414657249,0,0,4.72119047619048,7.66812072496225,"MDH1","Sst","WTvsHET_in_PCBs"
"Biosynthesis of unsaturated fatty acids","1/32",0.202740235905599,0.393727414657249,0,0,4.56866359447005,7.29080926097193,"TECR","Sst","WTvsHET_in_PCBs"
"beta-Alanine metabolism","1/32",0.202740235905599,0.393727414657249,0,0,4.56866359447005,7.29080926097193,"GAD2","Sst","WTvsHET_in_PCBs"
"Citrate cycle (TCA cycle)","1/32",0.202740235905599,0.393727414657249,0,0,4.56866359447005,7.29080926097193,"MDH1","Sst","WTvsHET_in_PCBs"
"Lysosome","2/124",0.217774297961311,0.416882227525938,0,0,2.32775091402288,3.54818160037617,"ATP6V0C;CTSB","Sst","WTvsHET_in_PCBs"
"Alanine, aspartate and glutamate metabolism","1/37",0.230496649651105,0.43308009801632,0,0,3.93313492063492,5.77195003596807,"GAD2","Sst","WTvsHET_in_PCBs"
"Aldosterone-regulated sodium reabsorption","1/38",0.235931695187995,0.43308009801632,0,0,3.82664092664093,5.52648435453786,"ATP1B1","Sst","WTvsHET_in_PCBs"
"Pyruvate metabolism","1/38",0.235931695187995,0.43308009801632,0,0,3.82664092664093,5.52648435453786,"MDH1","Sst","WTvsHET_in_PCBs"
"Oxidative phosphorylation","2/134",0.243754991840381,0.441394174413662,0,0,2.15031611074777,3.03536835273742,"COX7B;ATP6V0C","Sst","WTvsHET_in_PCBs"
"Carbohydrate digestion and absorption","1/43",0.262540438431628,0.469072249997841,0,0,3.3702380952381,4.50718844797465,"ATP1B1","Sst","WTvsHET_in_PCBs"
"Mineral absorption","1/44",0.26775072268597,0.472086800525263,0,0,3.29169435215947,4.33746193003851,"ATP1B1","Sst","WTvsHET_in_PCBs"
"Type II diabetes mellitus","1/48",0.28822887297508,0.50159310361897,0,0,3.01094224924012,3.74561341247702,"CACNA1E","Sst","WTvsHET_in_PCBs"
"N-Glycan biosynthesis","1/50",0.298253677795296,0.512384523391918,0,0,2.88775510204082,3.49363756094843,"MGAT4C","Sst","WTvsHET_in_PCBs"
"Regulation of lipolysis in adipocytes","1/56",0.327494621774838,0.555497206554788,0,0,2.57194805194805,2.87102354901669,"GNAS","Sst","WTvsHET_in_PCBs"
"Ovarian steroidogenesis","1/57",0.332249089471386,0.556517224864572,0,0,2.52589285714286,2.78320637554697,"GNAS","Sst","WTvsHET_in_PCBs"
"VEGF signaling pathway","1/58",0.336970180744553,0.557456842219384,0,0,2.48145363408521,2.69922808194526,"PPP3CA","Sst","WTvsHET_in_PCBs"
"cGMP-PKG signaling pathway","2/172",0.342511833573578,0.559714459742189,0,0,1.66644096487516,1.78550662418664,"PPP3CA;ATP1B1","Sst","WTvsHET_in_PCBs"
"Glycerolipid metabolism","1/61",0.350935514528601,0.562706725536674,0,0,2.35702380952381,2.46816406221432,"DGKH","Sst","WTvsHET_in_PCBs"
"Necroptosis","2/176",0.3527415294409,0.562706725536674,0,0,1.62780120731001,1.69620092808063,"CAMK2B;CAMK2A","Sst","WTvsHET_in_PCBs"
"Central carbon metabolism in cancer","1/64",0.364608739740155,0.574794954413892,0,0,2.24444444444444,2.26448833494352,"NTRK3","Sst","WTvsHET_in_PCBs"
"Glycolysis / Gluconeogenesis","1/67",0.37799592351267,0.588937218129223,0,0,2.14209956709957,2.08398840681214,"GAPDH","Sst","WTvsHET_in_PCBs"
"Type I diabetes mellitus","1/69",0.386764740263967,0.588937218129223,0,0,2.07888655462185,1.97481474353214,"GAD2","Sst","WTvsHET_in_PCBs"
"Cortisol synthesis and secretion","1/69",0.386764740263967,0.588937218129223,0,0,2.07888655462185,1.97481474353214,"GNAS","Sst","WTvsHET_in_PCBs"
"B cell receptor signaling pathway","1/72",0.399688332364652,0.601777938616442,0,0,1.9907444668008,1.82565243561972,"PPP3CA","Sst","WTvsHET_in_PCBs"
"Bacterial invasion of epithelial cells","1/74",0.408153451620861,0.607695139079949,0,0,1.93600782778865,1.73487997894906,"DNM3","Sst","WTvsHET_in_PCBs"
"Proteoglycans in cancer","2/203",0.420135938516945,0.618661711662315,0,0,1.407208561509,1.22029883814472,"CAMK2B;CAMK2A","Sst","WTvsHET_in_PCBs"
"Rap1 signaling pathway","2/209",0.434643872646498,0.633068249289465,0,0,1.366002849894,1.13819218701887,"GNAS;GRIN1","Sst","WTvsHET_in_PCBs"
"RNA degradation","1/83",0.444803220471524,0.639684155104236,0,0,1.72273519163763,1.39562791124574,"ZCCHC7","Sst","WTvsHET_in_PCBs"
"Rheumatoid arthritis","1/84",0.44873366104327,0.639684155104236,0,0,1.70189328743546,1.36377091458945,"ATP6V0C","Sst","WTvsHET_in_PCBs"
"Th1 and Th2 cell differentiation","1/87",0.460359977859109,0.649349863506533,0,0,1.64227574750831,1.27398972060564,"PPP3CA","Sst","WTvsHET_in_PCBs"
"Human papillomavirus infection","3/360",0.467611140063392,0.651685923298647,0,0,1.18755328218244,0.902680893837803,"DLG2;GNAS;ATP6V0C","Sst","WTvsHET_in_PCBs"
"Antigen processing and presentation","1/90",0.471742795223647,0.651685923298647,0,0,1.58667736757624,1.192104609265,"CTSB","Sst","WTvsHET_in_PCBs"
"Thermogenesis","2/231",0.486109722624071,0.662748722842417,0,0,1.2333888347837,0.889669161434765,"COX7B;GNAS","Sst","WTvsHET_in_PCBs"
"Ras signaling pathway","2/233",0.490645054842574,0.662748722842417,0,0,1.22258556790931,0.87052287758134,"NTRK2;GRIN1","Sst","WTvsHET_in_PCBs"
"Glycerophospholipid metabolism","1/97",0.497384011210361,0.662748722842417,0,0,1.47046130952381,1.02695972779905,"DGKH","Sst","WTvsHET_in_PCBs"
"Phosphatidylinositol signaling system","1/98",0.500944714995303,0.662748722842417,0,0,1.45522827687776,1.00594041951509,"DGKH","Sst","WTvsHET_in_PCBs"
"Choline metabolism in cancer","1/99",0.504480371118855,0.662748722842417,0,0,1.44030612244898,0.985495397501812,"DGKH","Sst","WTvsHET_in_PCBs"
"T cell receptor signaling pathway","1/101",0.511477238962841,0.665416990495347,0,0,1.41135714285714,0.946247491798595,"PPP3CA","Sst","WTvsHET_in_PCBs"
"Chagas disease (American trypanosomiasis)","1/103",0.518375999637542,0.667907537994525,0,0,1.38354341736695,0.909063334261004,"GNAS","Sst","WTvsHET_in_PCBs"
"Amoebiasis","1/106",0.528543172784523,0.672382475446188,0,0,1.34380952380952,0.856854325223257,"GNAS","Sst","WTvsHET_in_PCBs"
"Parathyroid hormone synthesis, secretion and action","1/107",0.53188464475594,0.672382475446188,0,0,1.33106469002695,0.840339268916045,"GNAS","Sst","WTvsHET_in_PCBs"
"Human cytomegalovirus infection","2/255",0.538849824385419,0.674821275398562,0,0,1.11502260642079,0.689438955883001,"PPP3CA;GNAS","Sst","WTvsHET_in_PCBs"
"C-type lectin receptor signaling pathway","1/112",0.548242531866743,0.680226845093922,0,0,1.27078507078507,0.763789499192229,"PPP3CA","Sst","WTvsHET_in_PCBs"
"Thyroid hormone signaling pathway","1/115",0.557783499983637,0.685715495392728,0,0,1.23715538847118,0.722231997299284,"ATP1B1","Sst","WTvsHET_in_PCBs"
"Natural killer cell mediated cytotoxicity","1/118",0.567124364379454,0.690860589334972,0,0,1.20525030525031,0.683589844735701,"PPP3CA","Sst","WTvsHET_in_PCBs"
"Platelet activation","1/125",0.588164781924219,0.710036763764372,0,0,1.13680875576037,0.603359120123428,"GNAS","Sst","WTvsHET_in_PCBs"
"Osteoclast differentiation","1/128",0.596868251239186,0.711597670742173,0,0,1.10978627671541,0.572715057047637,"PPP3CA","Sst","WTvsHET_in_PCBs"
"Autophagy","1/130",0.602568851217984,0.711597670742173,0,0,1.09246954595792,0.553394102013574,"CTSB","Sst","WTvsHET_in_PCBs"
"Relaxin signaling pathway","1/131",0.605389063168714,0.711597670742173,0,0,1.08401098901099,0.544047714862634,"GNAS","Sst","WTvsHET_in_PCBs"
"Estrogen signaling pathway","1/134",0.61373102420541,0.715130062987174,0,0,1.0593984962406,0.517196775987546,"GNAS","Sst","WTvsHET_in_PCBs"
"Vascular smooth muscle contraction","1/140",0.629893227947788,0.724425605967597,0,0,1.01336073997945,0.468380353607472,"GNAS","Sst","WTvsHET_in_PCBs"
"Apoptosis","1/141",0.632520864912006,0.724425605967597,0,0,1.00607142857143,0.46082304063769,"CTSB","Sst","WTvsHET_in_PCBs"
"Parkinson disease","1/144",0.640293149193906,0.727112559254097,0,0,0.984815184815185,0.439059328456605,"COX7B","Sst","WTvsHET_in_PCBs"
"Non-alcoholic fatty liver disease (NAFLD)","1/151",0.657799510505232,0.740715415190766,0,0,0.93852380952381,0.393105474110834,"COX7B","Sst","WTvsHET_in_PCBs"
"Hippo signaling pathway","1/159",0.676772935514831,0.755729777991561,0,0,0.890641952983725,0.347723950681241,"DLG2","Sst","WTvsHET_in_PCBs"
"Tight junction","1/167",0.694701414832976,0.76933875692247,0,0,0.847375215146299,0.308676034341304,"DLG2","Sst","WTvsHET_in_PCBs"
"Phagosome","1/180",0.721752577428928,0.784179763953599,0,0,0.785315243415802,0.256070010481229,"ATP6V0C","Sst","WTvsHET_in_PCBs"
"Transcriptional misregulation in cancer","1/183",0.727649075069519,0.784179763953599,0,0,0.772252747252747,0.245527248114379,"GRIA3","Sst","WTvsHET_in_PCBs"
"Pathways in cancer","3/535",0.731453658603935,0.784179763953599,0,0,0.789759725400458,0.246974776246453,"CAMK2B;CAMK2A;GNAS","Sst","WTvsHET_in_PCBs"
"Cellular senescence","1/185",0.731510973837313,0.784179763953599,0,0,0.763781055900621,0.238790844047518,"PPP3CA","Sst","WTvsHET_in_PCBs"
"NOD-like receptor signaling pathway","1/205",0.767261167228682,0.81597616197336,0,0,0.688200280112045,0.182323544945613,"CTSB","Sst","WTvsHET_in_PCBs"
"Kaposi sarcoma-associated herpesvirus infection","1/216",0.784865367661328,0.823261049965291,0,0,0.652624584717608,0.158093790838283,"PPP3CA","Sst","WTvsHET_in_PCBs"
"Regulation of actin cytoskeleton","1/217",0.786398614892219,0.823261049965291,0,0,0.649570105820106,0.156086156555648,"TMSB4X","Sst","WTvsHET_in_PCBs"
"Human immunodeficiency virus 1 infection","1/238",0.816203962864268,0.847839775378387,0,0,0.591380349608198,0.120104027032274,"PPP3CA","Sst","WTvsHET_in_PCBs"
"Human T-cell leukemia virus 1 infection","1/245",0.82519062313621,0.850581103848093,0,0,0.574209601873536,0.110329127292938,"PPP3CA","Sst","WTvsHET_in_PCBs"
"Endocytosis","1/269",0.852815815669191,0.872345948852455,0,0,0.522148187633262,0.0831320902477859,"DNM3","Sst","WTvsHET_in_PCBs"
"Cytokine-cytokine receptor interaction","1/292",0.875208566615953,0.88846930247377,0,0,0.480314187530682,0.0640225474241889,"IL1RAP","Sst","WTvsHET_in_PCBs"
"PI3K-Akt signaling pathway","1/357",0.921807043572385,0.928737923599245,0,0,0.391312199036918,0.0318603878736628,"NTRK2","Sst","WTvsHET_in_PCBs"
"Olfactory transduction","2/1133",0.997513553325779,0.997513553325779,0,0,0.238256079486543,0.000593148758803237,"CAMK2B;CAMK2A","Sst","WTvsHET_in_PCBs"
"Long-term potentiation","9/67",2.37359632331091e-10,4.24873741872652e-08,0,0,27.7101584342964,614.09714346342,"PPP3CA;GRIA2;GRM5;CAMK2D;PRKCB;CAMK4;PLCB1;CALM1;CALM2","Vip","WTvsHET_in_PCBs"
"Oxytocin signaling pathway","11/154",2.22351766845181e-09,1.99004831326437e-07,0,0,13.9287226534933,277.518312685873,"GNAO1;PPP3CA;CAMK2D;PRKCB;CAMK4;CACNA2D3;CALM1;PLCB1;CALM2;ACTB;ACTG1","Vip","WTvsHET_in_PCBs"
"Dopaminergic synapse","10/135",8.67116422668155e-09,5.17379465525332e-07,0,0,14.3672727272727,266.703458967262,"GNAO1;GRIA2;PPP3CA;CAMK2D;MAPK8;GNAL;PRKCB;CALM1;PLCB1;CALM2","Vip","WTvsHET_in_PCBs"
"Calcium signaling pathway","11/189",1.90150878101097e-08,8.50925179502411e-07,0,0,11.1700855581899,198.582150533545,"PPP3CA;GRM5;CAMK2D;GNAL;PRKCB;CAMK4;ATP2B2;ATP2B1;CALM1;PLCB1;CALM2","Vip","WTvsHET_in_PCBs"
"Amphetamine addiction","7/68",1.68025773838063e-07,5.42459374594926e-06,0,0,20.1266502248658,313.958604731512,"PPP3CA;GRIA2;CAMK2D;PRKCB;CAMK4;CALM1;CALM2","Vip","WTvsHET_in_PCBs"
"Aldosterone synthesis and secretion","8/102",1.8182995796478e-07,5.42459374594926e-06,0,0,15.0349544072948,233.345407430706,"CAMK2D;PRKCB;CAMK4;ATP2B2;ATP2B1;CALM1;PLCB1;CALM2","Vip","WTvsHET_in_PCBs"
"Retrograde endocannabinoid signaling","9/150",3.03950699947963e-07,7.77245361295506e-06,0,0,11.3507763082231,170.334293223005,"GNAO1;GRIA2;GRM5;MAPK8;PRKCB;CNR1;NDUFA4;PLCB1;GABRG3","Vip","WTvsHET_in_PCBs"
"cAMP signaling pathway","10/211",5.83824810335326e-07,1.30630801312529e-05,0,0,8.90049751243781,127.754758571484,"GRIA2;CAMK2D;MAPK8;PAK1;PDE10A;CAMK4;ATP2B2;ATP2B1;CALM1;CALM2","Vip","WTvsHET_in_PCBs"
"GnRH signaling pathway","7/90",1.16151228726503e-06,2.31011888244934e-05,0,0,14.775455805523,201.918242297685,"MAP2K4;CAMK2D;MAPK8;PRKCB;PLCB1;CALM1;CALM2","Vip","WTvsHET_in_PCBs"
"Circadian entrainment","7/99",2.21371222353834e-06,3.96254488013363e-05,0,0,13.3239707579838,173.489287573225,"GNAO1;GRIA2;CAMK2D;PRKCB;CALM1;PLCB1;CALM2","Vip","WTvsHET_in_PCBs"
"Glucagon signaling pathway","7/102",2.70565922776013e-06,4.40284547062785e-05,0,0,12.9012575687005,165.396250328462,"LDHB;PPP3CA;CAMK2D;PKM;CALM1;PLCB1;CALM2","Vip","WTvsHET_in_PCBs"
"Adrenergic signaling in cardiomyocytes","8/148",3.10566335824936e-06,4.63261450938863e-05,0,0,10.0714285714286,127.728709607591,"CAMK2D;TPM1;CACNA2D3;ATP2B2;ATP2B1;CALM1;PLCB1;CALM2","Vip","WTvsHET_in_PCBs"
"Gastric acid secretion","6/74",5.46312176670653e-06,7.52229843261899e-05,0,0,15.3343653250774,185.814021234745,"CAMK2D;PRKCB;PLCB1;CALM1;CALM2;ACTB","Vip","WTvsHET_in_PCBs"
"Salivary secretion","6/78",7.42832613267725e-06,9.49764555535163e-05,0,0,14.4795321637427,171.006315694334,"PRKCB;ATP2B2;ATP2B1;PLCB1;CALM1;CALM2","Vip","WTvsHET_in_PCBs"
"Alzheimer disease","8/175",1.06935296967849e-05,0.000127609454381634,0,0,8.43156544054748,96.5066162680313,"PPP3CA;NDUFA4;CALM1;PLCB1;COX5B;CALM2;GAPDH;RTN4","Vip","WTvsHET_in_PCBs"
"Fluid shear stress and atherosclerosis","7/143",2.50130639977714e-05,0.000279833653475068,0,0,8.99323269130661,95.2933036240995,"MAP2K4;MAPK8;HSP90AB1;CALM1;CALM2;ACTB;ACTG1","Vip","WTvsHET_in_PCBs"
"Melanogenesis","6/100",3.09704019712489e-05,0.000326100114873739,0,0,11.0783874580067,115.021120535633,"GNAO1;CAMK2D;PRKCB;CALM1;PLCB1;CALM2","Vip","WTvsHET_in_PCBs"
"Rap1 signaling pathway","8/209",3.83890186589508e-05,0.000381757463330677,0,0,6.99324804548685,71.1055216698579,"GNAO1;PRKCB;CNR1;CALM1;PLCB1;CALM2;ACTB;ACTG1","Vip","WTvsHET_in_PCBs"
"Glutamatergic synapse","6/114",6.47248908212651e-05,0.000609776603000339,0,0,9.635477582846,92.9376955296226,"GNAO1;GRIA2;PPP3CA;GRM5;PRKCB;PLCB1","Vip","WTvsHET_in_PCBs"
"Adherens junction","5/72",7.25812934729527e-05,0.000649602576582926,0,0,12.8572355613238,122.539783566705,"SORBS1;WASF1;BAIAP2;ACTB;ACTG1","Vip","WTvsHET_in_PCBs"
"Glioma","5/75",8.82609229394363e-05,0.000752319295531385,0,0,12.304347826087,114.863708977671,"CAMK2D;PRKCB;CAMK4;CALM1;CALM2","Vip","WTvsHET_in_PCBs"
"Inflammatory mediator regulation of TRP channels","6/127",0.000117773466455741,0.000958247749798981,0,0,8.59460635058721,77.7532339834535,"CAMK2D;MAPK8;PRKCB;CALM1;PLCB1;CALM2","Vip","WTvsHET_in_PCBs"
"ErbB signaling pathway","5/84",0.000151241738812605,0.00117705527162854,0,0,10.8976334617501,95.8624612295019,"MAP2K4;CAMK2D;PAK1;MAPK8;PRKCB","Vip","WTvsHET_in_PCBs"
"Estrogen signaling pathway","6/134",0.000158066750364014,0.0011789145131316,0,0,8.12171052631579,71.0852156950268,"GNAO1;HSPA8;HSP90AB1;CALM1;PLCB1;CALM2","Vip","WTvsHET_in_PCBs"
"Phosphatidylinositol signaling system","5/98",0.000311237420171892,0.00222845992843075,0,0,9.25058438522674,74.6980482692481,"DGKB;PRKCB;CALM1;PLCB1;CALM2","Vip","WTvsHET_in_PCBs"
"Choline metabolism in cancer","5/99",0.000326236605637016,0.00224601355419331,0,0,9.15171137835338,73.4689108027107,"MAPK8;DGKB;PRKCB;GPCPD1;WASF1","Vip","WTvsHET_in_PCBs"
"Regulation of actin cytoskeleton","7/217",0.000338987387248203,0.00224736082657142,0,0,5.8023598820059,46.3582308005453,"ENAH;NCKAP1;PAK1;WASF1;BAIAP2;ACTB;ACTG1","Vip","WTvsHET_in_PCBs"
"Chagas disease (American trypanosomiasis)","5/103",0.000391773688390686,0.00250455322221188,0,0,8.77639751552795,68.8493132629167,"GNAO1;MAP2K4;MAPK8;GNAL;PLCB1","Vip","WTvsHET_in_PCBs"
"Long-term depression","4/61",0.000493966971072608,0.0030489685455861,0,0,11.9921355111918,91.2966301554178,"GNAO1;GRIA2;PRKCB;PLCB1","Vip","WTvsHET_in_PCBs"
"Influenza A","6/168",0.000532748135477567,0.00317480995678543,0,0,6.40610786224821,48.2857932138095,"MAP2K4;HSPA8;MAPK8;PRKCB;ACTB;ACTG1","Vip","WTvsHET_in_PCBs"
"C-type lectin receptor signaling pathway","5/112",0.00057523559043573,0.00317480995678543,0,0,8.03453880536367,59.9435317603529,"PPP3CA;PAK1;MAPK8;CALM1;CALM2","Vip","WTvsHET_in_PCBs"
"Human immunodeficiency virus 1 infection","7/238",0.000588860199387858,0.00317480995678543,0,0,5.26924108340038,39.189041341743,"GNAO1;PPP3CA;MAPK8;PAK1;PRKCB;CALM1;CALM2","Vip","WTvsHET_in_PCBs"
"Cholinergic synapse","5/113",0.000599014328702023,0.00317480995678543,0,0,7.9597423510467,59.0630794979935,"GNAO1;CAMK2D;PRKCB;CAMK4;PLCB1","Vip","WTvsHET_in_PCBs"
"cGMP-PKG signaling pathway","6/172",0.000603036528104496,0.00317480995678543,0,0,6.25047558655675,46.3381056876816,"PPP3CA;ATP2B2;ATP2B1;CALM1;PLCB1;CALM2","Vip","WTvsHET_in_PCBs"
"Glycolysis / Gluconeogenesis","4/67",0.000705738749238476,0.00358864133232455,0,0,10.8467432950192,78.7068484271265,"LDHB;PKM;ALDOA;GAPDH","Vip","WTvsHET_in_PCBs"
"Tuberculosis","6/178",0.000721737921584825,0.00358864133232455,0,0,6.03059975520196,43.6244448392633,"PPP3CA;CAMK2D;MAPK8;CALM1;CALM2;ATP6V0C","Vip","WTvsHET_in_PCBs"
"Axon guidance","6/180",0.000765077145031382,0.00370131916109777,0,0,5.96067755595886,42.7710437865635,"EPHA5;ROBO2;ENAH;PPP3CA;CAMK2D;PAK1","Vip","WTvsHET_in_PCBs"
"Neurotrophin signaling pathway","5/121",0.000816737857137821,0.00384726516914921,0,0,7.40779610194903,52.6708553587984,"CAMK2D;MAPK8;CAMK4;CALM1;CALM2","Vip","WTvsHET_in_PCBs"
"Human cytomegalovirus infection","7/255",0.000883383983327149,0.00405450597475794,0,0,4.90379674564659,34.4822756578729,"GNAO1;PPP3CA;PRKCB;CALM1;PLCB1;CALM2;CX3CL1","Vip","WTvsHET_in_PCBs"
"Renin secretion","4/76",0.00113338272580351,0.00507188769797071,0,0,9.48659003831418,64.3432575599113,"PPP3CA;PLCB1;CALM1;CALM2","Vip","WTvsHET_in_PCBs"
"Salmonella infection","4/78",0.00124857449031369,0.00545109350649147,0,0,9.22926374650513,61.7045758075562,"MAPK8;WASF1;ACTB;ACTG1","Vip","WTvsHET_in_PCBs"
"Pyruvate metabolism","3/38",0.00152460691573254,0.00649772947419344,0,0,14.5384615384615,94.2967328599414,"LDHB;PKM;MDH1","Vip","WTvsHET_in_PCBs"
"African trypanosomiasis","3/39",0.00164447638150826,0.00684561098348789,0,0,14.1339031339031,90.6030292758395,"PRKCB;HBB-BS;PLCB1","Vip","WTvsHET_in_PCBs"
"Hypertrophic cardiomyopathy (HCM)","4/86",0.00179172445923165,0.00728906086823784,0,0,8.32548359966358,52.6551599057124,"TPM1;CACNA2D3;ACTB;ACTG1","Vip","WTvsHET_in_PCBs"
"Kaposi sarcoma-associated herpesvirus infection","6/216",0.00194705185895163,0.00774493961671871,0,0,4.92982456140351,30.7691988746578,"MAP2K4;PPP3CA;MAPK8;UBB;CALM1;CALM2","Vip","WTvsHET_in_PCBs"
"MAPK signaling pathway","7/294",0.00199847098066991,0.00777665881608508,0,0,4.22900928124325,26.2848696824914,"MAP2K4;HSPA8;PPP3CA;MAPK8;PAK1;PRKCB;CACNA2D3","Vip","WTvsHET_in_PCBs"
"Dilated cardiomyopathy (DCM)","4/90",0.00211670480283005,0.00806149275971444,0,0,7.93664795509222,48.8730426786152,"TPM1;CACNA2D3;ACTB;ACTG1","Vip","WTvsHET_in_PCBs"
"Morphine addiction","4/92",0.00229352972055229,0.00855295458289291,0,0,7.75548589341693,47.1352318749323,"GNAO1;PDE10A;PRKCB;GABRG3","Vip","WTvsHET_in_PCBs"
"Wnt signaling pathway","5/160",0.00280218269676991,0.0102365449535064,0,0,5.53295932678822,32.5191751879069,"PPP3CA;CAMK2D;MAPK8;PRKCB;PLCB1","Vip","WTvsHET_in_PCBs"
"Tight junction","5/167",0.00336730569443447,0.0120549543860754,0,0,5.29200214707461,30.1307675492715,"MAPK8;DLG2;NEDD4L;ACTB;ACTG1","Vip","WTvsHET_in_PCBs"
"HIF-1 signaling pathway","4/104",0.00357244009697714,0.0125385642619394,0,0,6.82068965517241,38.4312196244111,"CAMK2D;PRKCB;ALDOA;GAPDH","Vip","WTvsHET_in_PCBs"
"Pancreatic secretion","4/105",0.00369697090756204,0.0127261113933386,0,0,6.75281666097644,37.817403892358,"PRKCB;ATP2B2;ATP2B1;PLCB1","Vip","WTvsHET_in_PCBs"
"Necroptosis","5/176",0.00420899661968764,0.0142152904702658,0,0,5.01118738876176,27.4138559184909,"FTL1;CAMK2D;MAPK8;HSP90AB1;PPIA","Vip","WTvsHET_in_PCBs"
"Endocrine and other factor-regulated calcium reabsorption","3/55",0.00440353342051492,0.014596897819855,0,0,9.77712031558185,53.0442802497563,"PRKCB;ATP2B1;PLCB1","Vip","WTvsHET_in_PCBs"
"Thyroid hormone signaling pathway","4/115",0.00510782940370152,0.0166236629684104,0,0,6.14134824479652,32.4077764007281,"PRKCB;PLCB1;ACTB;ACTG1","Vip","WTvsHET_in_PCBs"
"Oocyte meiosis","4/116",0.00526615278813168,0.0168328812334923,0,0,6.08620689655172,31.9310118465652,"PPP3CA;CAMK2D;CALM1;CALM2","Vip","WTvsHET_in_PCBs"
"Focal adhesion","5/199",0.00702675306412572,0.0220664701487457,0,0,4.41192290452712,21.8744485378272,"MAPK8;PAK1;PRKCB;ACTB;ACTG1","Vip","WTvsHET_in_PCBs"
"Proteoglycans in cancer","5/203",0.00762504197496399,0.0235324571296303,0,0,4.32191480017567,21.0750285643839,"CAMK2D;PAK1;PRKCB;ACTB;ACTG1","Vip","WTvsHET_in_PCBs"
"Relaxin signaling pathway","4/131",0.00804764909442936,0.024415748947506,0,0,5.36329079554711,25.863800888408,"GNAO1;MAP2K4;MAPK8;PLCB1","Vip","WTvsHET_in_PCBs"
"Arrhythmogenic right ventricular cardiomyopathy (ARVC)","3/72",0.00930049247006865,0.0277464692023715,0,0,7.36194723151245,34.436891680038,"CACNA2D3;ACTB;ACTG1","Vip","WTvsHET_in_PCBs"
"Apelin signaling pathway","4/138",0.00962267073512441,0.02823701740307,0,0,5.08131755018013,23.5957760426375,"CAMK4;CALM1;PLCB1;CALM2","Vip","WTvsHET_in_PCBs"
"Insulin signaling pathway","4/139",0.00986284559620428,0.0282676932739666,0,0,5.04342273307791,23.2954715195201,"MAPK8;SORBS1;CALM1;CALM2","Vip","WTvsHET_in_PCBs"
"Bacterial invasion of epithelial cells","3/74",0.0100220155943535,0.0282676932739666,0,0,7.15384615384615,32.9289467167948,"WASF1;ACTB;ACTG1","Vip","WTvsHET_in_PCBs"
"Vascular smooth muscle contraction","4/140",0.0101068847459992,0.0282676932739666,0,0,5.00608519269777,23.0006507983923,"PRKCB;CALM1;PLCB1;CALM2","Vip","WTvsHET_in_PCBs"
"Pertussis","3/76",0.0107752569164523,0.0296733998160762,0,0,6.95714787495609,31.5193779241793,"MAPK8;CALM1;CALM2","Vip","WTvsHET_in_PCBs"
"Parkinson disease","4/144",0.0111221404459781,0.0301645930277286,0,0,4.86206896551724,21.8735610578361,"GNAL;UBB;NDUFA4;COX5B","Vip","WTvsHET_in_PCBs"
"Phototransduction","2/27",0.0113614796938666,0.0303538039582406,0,0,13.4610169491525,60.2720617144258,"CALM1;CALM2","Vip","WTvsHET_in_PCBs"
"Cardiac muscle contraction","3/78",0.0115604614045366,0.0304312145795889,0,0,6.77094017094017,30.1995069999753,"TPM1;CACNA2D3;COX5B","Vip","WTvsHET_in_PCBs"
"Thermogenesis","5/231",0.0128359359064157,0.0332990221340349,0,0,3.78106964217007,16.4684735887524,"CNR1;NDUFA4;COX5B;ACTB;ACTG1","Vip","WTvsHET_in_PCBs"
"Ras signaling pathway","5/233",0.0132814634582747,0.0339625994147311,0,0,3.74752097635393,16.1944844601969,"MAPK8;PAK1;PRKCB;CALM1;CALM2","Vip","WTvsHET_in_PCBs"
"Gap junction","3/86",0.01502502040955,0.0373538701848535,0,0,6.11584800741427,25.6745650294789,"GRM5;PRKCB;PLCB1","Vip","WTvsHET_in_PCBs"
"Insulin secretion","3/86",0.01502502040955,0.0373538701848535,0,0,6.11584800741427,25.6745650294789,"CAMK2D;PRKCB;PLCB1","Vip","WTvsHET_in_PCBs"
"Fc gamma R-mediated phagocytosis","3/87",0.0154948624929666,0.0375093534491248,0,0,6.04273504273504,25.1815680408603,"PAK1;PRKCB;WASF1","Vip","WTvsHET_in_PCBs"
"Hippo signaling pathway","4/159",0.0155066600851131,0.0375093534491248,0,0,4.38820912124583,18.2834103962079,"PAK1;DLG2;ACTB;ACTG1","Vip","WTvsHET_in_PCBs"
"Protein processing in endoplasmic reticulum","4/163",0.0168354538264976,0.0399307101897443,0,0,4.27694643244415,17.4681966040045,"HSPA8;MAPK8;HSP90AB1;TUSC3","Vip","WTvsHET_in_PCBs"
"GABAergic synapse","3/90",0.0169538210861484,0.0399307101897443,0,0,5.83348069554966,23.7846293879163,"GNAO1;PRKCB;GABRG3","Vip","WTvsHET_in_PCBs"
"Aldosterone-regulated sodium reabsorption","2/38",0.0218030300368175,0.0506849659297446,0,0,9.34274952919021,35.7426159791498,"PRKCB;NEDD4L","Vip","WTvsHET_in_PCBs"
"AGE-RAGE signaling pathway in diabetic complications","3/101",0.022941527407183,0.0526478641780224,0,0,5.17582417582418,19.5377351909964,"MAPK8;PRKCB;PLCB1","Vip","WTvsHET_in_PCBs"
"Th17 cell differentiation","3/102",0.0235357568143692,0.0533278540477479,0,0,5.12328412328412,19.2083933202312,"PPP3CA;MAPK8;HSP90AB1","Vip","WTvsHET_in_PCBs"
"Nicotine addiction","2/40",0.0240044026011477,0.0537098508200681,0,0,8.85013380909902,33.0067335535728,"GRIA2;GABRG3","Vip","WTvsHET_in_PCBs"
"Amoebiasis","3/106",0.0259958536641387,0.0574476272330967,0,0,4.92332586507344,17.9692444853899,"GNAL;PRKCB;PLCB1","Vip","WTvsHET_in_PCBs"
"Toxoplasmosis","3/108",0.0272757545004139,0.0595409762874889,0,0,4.82905982905983,17.3931004528944,"GNAO1;HSPA8;MAPK8","Vip","WTvsHET_in_PCBs"
"TNF signaling pathway","3/110",0.028588826259399,0.0603671678986587,0,0,4.73831775700935,16.8434844781057,"MAP2K4;MAPK8;CX3CL1","Vip","WTvsHET_in_PCBs"
"Huntington disease","4/192",0.0285959026535494,0.0603671678986587,0,0,3.61188554658841,12.8384176853197,"GRM5;NDUFA4;PLCB1;COX5B","Vip","WTvsHET_in_PCBs"
"Mineral absorption","2/44",0.028665973583162,0.0603671678986587,0,0,8.00564971751412,28.4364236398992,"FTL1;ATP2B1","Vip","WTvsHET_in_PCBs"
"Chemokine signaling pathway","4/197",0.0310133970863746,0.0645511404472215,0,0,3.51742004645346,12.2171816877516,"PAK1;PRKCB;PLCB1;CX3CL1","Vip","WTvsHET_in_PCBs"
"Alcoholism","4/199",0.0320131830008074,0.0651237874801719,0,0,3.48099027409372,11.980202207746,"GNAO1;CAMK4;CALM1;CALM2","Vip","WTvsHET_in_PCBs"
"Leukocyte transendothelial migration","3/115",0.0320161636774029,0.0651237874801719,0,0,4.52564102564103,15.5750587082472,"PRKCB;ACTB;ACTG1","Vip","WTvsHET_in_PCBs"
"Type II diabetes mellitus","2/48",0.0336571180178968,0.0676924059011633,0,0,7.30803242446573,24.7854164284453,"MAPK8;PKM","Vip","WTvsHET_in_PCBs"
"Natural killer cell mediated cytotoxicity","3/118",0.0341713063330645,0.0679629314846505,0,0,4.40691192865106,14.8793607474903,"PPP3CA;PAK1;PRKCB","Vip","WTvsHET_in_PCBs"
"Cysteine and methionine metabolism","2/50",0.0362706169091182,0.071345499194859,0,0,7.00282485875706,23.2266005619385,"LDHB;MDH1","Vip","WTvsHET_in_PCBs"
"Sphingolipid signaling pathway","3/124",0.0387019330386591,0.0749871348462062,0,0,4.18711591438864,13.6159387531995,"MAPK8;PRKCB;PLCB1","Vip","WTvsHET_in_PCBs"
"Amyotrophic lateral sclerosis (ALS)","2/52",0.038959796316744,0.0749871348462062,0,0,6.72203389830509,21.8145126473977,"PPP3CA;GRIA2","Vip","WTvsHET_in_PCBs"
"Platelet activation","3/125",0.0394853990983461,0.0751902812617442,0,0,4.15258511979823,13.4204255747626,"PLCB1;ACTB;ACTG1","Vip","WTvsHET_in_PCBs"
"Osteoclast differentiation","3/128",0.0418840273240967,0.0789183251685611,0,0,4.05230769230769,12.8573674366682,"PPP3CA;MAPK8;CAMK4","Vip","WTvsHET_in_PCBs"
"Pathways in cancer","7/535",0.0424184972617507,0.0790928230193061,0,0,2.2704478412443,7.17500287024906,"CAMK2D;MAPK8;HSP90AB1;PRKCB;CALM1;PLCB1;CALM2","Vip","WTvsHET_in_PCBs"
"Serotonergic synapse","3/132",0.0451939223229347,0.0833990937711888,0,0,3.92585967004572,12.1575734224272,"GNAO1;PRKCB;PLCB1","Vip","WTvsHET_in_PCBs"
"Oxidative phosphorylation","3/134",0.0468963320911552,0.0856575861664977,0,0,3.86553141514974,11.8278141520422,"NDUFA4;COX5B;ATP6V0C","Vip","WTvsHET_in_PCBs"
"VEGF signaling pathway","2/58",0.0474600954678775,0.0858116877651522,0,0,6,18.2871960985954,"PPP3CA;PRKCB","Vip","WTvsHET_in_PCBs"
"Apoptosis","3/141",0.0531004481676923,0.0950498022201692,0,0,3.66815310293571,10.7681198768201,"MAPK8;ACTB;ACTG1","Vip","WTvsHET_in_PCBs"
"Mitophagy","2/63",0.0550088840014096,0.0974909924381417,0,0,5.50680744651292,15.9711765559934,"MAPK8;UBB","Vip","WTvsHET_in_PCBs"
"Neuroactive ligand-receptor interaction","5/348",0.0587313737152045,0.103067802892369,0,0,2.47648624667258,7.0202967021008,"GRIA2;GRM5;CNR1;PENK;GABRG3","Vip","WTvsHET_in_PCBs"
"Phospholipase D signaling pathway","3/149",0.0606491912999147,0.105400050899852,0,0,3.46575342465753,9.71329029210993,"GRM5;DGKB;PLCB1","Vip","WTvsHET_in_PCBs"
"Non-alcoholic fatty liver disease (NAFLD)","3/151",0.062611029259789,0.107310840170621,0,0,3.41857241857242,9.47222773670347,"MAPK8;NDUFA4;COX5B","Vip","WTvsHET_in_PCBs"
"Fc epsilon RI signaling pathway","2/68",0.0629476995414258,0.107310840170621,0,0,5.08834103749358,14.0715581329683,"MAP2K4;MAPK8","Vip","WTvsHET_in_PCBs"
"B cell receptor signaling pathway","2/72",0.0695598145643984,0.117464215160635,0,0,4.79661016949153,12.78569180102,"PPP3CA;PRKCB","Vip","WTvsHET_in_PCBs"
"Thyroid hormone synthesis","2/73",0.071247211215797,0.119189259884371,0,0,4.72881355932203,12.4916320135434,"PRKCB;PLCB1","Vip","WTvsHET_in_PCBs"
"Hepatitis B","3/163",0.074988402382838,0.124286333578963,0,0,3.16025641025641,8.18639713758445,"MAP2K4;MAPK8;PRKCB","Vip","WTvsHET_in_PCBs"
"Synaptic vesicle cycle","2/77",0.0781276879749089,0.128301432545951,0,0,4.47570621468927,11.4104136066693,"STXBP1;ATP6V0C","Vip","WTvsHET_in_PCBs"
"Hepatocellular carcinoma","3/171",0.0837961537274635,0.136359195611054,0,0,3.00854700854701,7.45929569331015,"PRKCB;ACTB;ACTG1","Vip","WTvsHET_in_PCBs"
"Phagosome","3/180",0.0942081873094714,0.151921311066625,0,0,2.85426626104592,6.74248530055181,"ATP6V0C;ACTB;ACTG1","Vip","WTvsHET_in_PCBs"
"Th1 and Th2 cell differentiation","2/87",0.0961717621558956,0.152342879875268,0,0,3.94715852442672,9.24274335887349,"PPP3CA;MAPK8","Vip","WTvsHET_in_PCBs"
"Viral myocarditis","2/87",0.0961717621558956,0.152342879875268,0,0,3.94715852442672,9.24274335887349,"ACTB;ACTG1","Vip","WTvsHET_in_PCBs"
"Cellular senescence","3/185",0.100212502402059,0.157084260125515,0,0,2.77514792899408,6.38412325318793,"PPP3CA;CALM1;CALM2","Vip","WTvsHET_in_PCBs"
"Antigen processing and presentation","2/90",0.101797621086926,0.157084260125515,0,0,3.81201848998459,8.70957993367766,"HSPA8;HSP90AB1","Vip","WTvsHET_in_PCBs"
"Progesterone-mediated oocyte maturation","2/90",0.101797621086926,0.157084260125515,0,0,3.81201848998459,8.70957993367766,"MAPK8;HSP90AB1","Vip","WTvsHET_in_PCBs"
"IL-17 signaling pathway","2/91",0.103692925167896,0.158641312863705,0,0,3.76899638164159,8.541757118946,"MAPK8;HSP90AB1","Vip","WTvsHET_in_PCBs"
"Glycerophospholipid metabolism","2/97",0.115262153217799,0.174846825643949,0,0,3.52988403211418,7.62647736171259,"DGKB;GPCPD1","Vip","WTvsHET_in_PCBs"
"Toll-like receptor signaling pathway","2/99",0.119189510098513,0.179285061408688,0,0,3.45675345098724,7.35265469506875,"MAP2K4;MAPK8","Vip","WTvsHET_in_PCBs"
"T cell receptor signaling pathway","2/101",0.123150041687113,0.182900222009373,0,0,3.38657764081493,7.09268503175703,"PPP3CA;PAK1","Vip","WTvsHET_in_PCBs"
"Proximal tubule bicarbonate reclamation","1/22",0.124068124716087,0.182900222009373,0,0,7.94677871148459,16.5843269615311,"MDH1","Vip","WTvsHET_in_PCBs"
"Longevity regulating pathway","2/102",0.125142328732808,0.182900222009373,0,0,3.35254237288136,6.96760074715083,"HSPA8;CAMK4","Vip","WTvsHET_in_PCBs"
"NOD-like receptor signaling pathway","3/205",0.125680040822083,0.182900222009373,0,0,2.4978420919015,5.18056436472581,"MAPK8;HSP90AB1;PLCB1","Vip","WTvsHET_in_PCBs"
"Parathyroid hormone synthesis, secretion and action","2/107",0.135217435279924,0.195192910605697,0,0,3.19209039548023,6.38696162684727,"PRKCB;PLCB1","Vip","WTvsHET_in_PCBs"
"Insulin resistance","2/110",0.141347711105476,0.202409922303041,0,0,3.10295040803515,6.07102297190359,"MAPK8;PRKCB","Vip","WTvsHET_in_PCBs"
"Collecting duct acid secretion","1/27",0.150063413213018,0.213185325120081,0,0,6.4169360051713,12.1709853202064,"ATP6V0C","Vip","WTvsHET_in_PCBs"
"Glyoxylate and dicarboxylate metabolism","1/31",0.17030759705715,0.238164530259608,0,0,5.56022408963585,9.84242557054243,"MDH1","Vip","WTvsHET_in_PCBs"
"Propanoate metabolism","1/31",0.17030759705715,0.238164530259608,0,0,5.56022408963585,9.84242557054243,"LDHB","Vip","WTvsHET_in_PCBs"
"Citrate cycle (TCA cycle)","1/32",0.17529347238642,0.24136562736284,0,0,5.38059094605584,9.36918924880616,"MDH1","Vip","WTvsHET_in_PCBs"
"Pentose phosphate pathway","1/32",0.17529347238642,0.24136562736284,0,0,5.38059094605584,9.36918924880616,"ALDOA","Vip","WTvsHET_in_PCBs"
"Human T-cell leukemia virus 1 infection","3/245",0.1824343840099,0.248880847781867,0,0,2.08073744437381,3.54009325921841,"MAP2K4;PPP3CA;MAPK8","Vip","WTvsHET_in_PCBs"
"Autophagy","2/130",0.183532245291656,0.248880847781867,0,0,2.61546610169492,4.43416943449251,"SUPT20;MAPK8","Vip","WTvsHET_in_PCBs"
"FoxO signaling pathway","2/132",0.187851519271636,0.250935984698678,0,0,2.57496740547588,4.30561180330755,"MAPK8;PLK2","Vip","WTvsHET_in_PCBs"
"Spliceosome","2/132",0.187851519271636,0.250935984698678,0,0,2.57496740547588,4.30561180330755,"HSPA8;SRSF7","Vip","WTvsHET_in_PCBs"
"Fructose and mannose metabolism","1/35",0.190073519072036,0.252023406769588,0,0,4.90509144834404,8.14414081941919,"ALDOA","Vip","WTvsHET_in_PCBs"
"Purine metabolism","2/136",0.196531895254628,0.258670656254253,0,0,2.49759676195295,4.063416458685,"PKM;PDE10A","Vip","WTvsHET_in_PCBs"
"Measles","2/144",0.214034096452071,0.277742382473783,0,0,2.35593220338983,3.63195207955391,"HSPA8;MAPK8","Vip","WTvsHET_in_PCBs"
"Ferroptosis","1/40",0.214125412186492,0.277742382473783,0,0,4.27515621633269,6.58884253329026,"FTL1","Vip","WTvsHET_in_PCBs"
"Endocytosis","3/269",0.219265645027162,0.282363672373108,0,0,1.89068825910931,2.86906515768931,"HSPA8;UBB;NEDD4L","Vip","WTvsHET_in_PCBs"
"Carbohydrate digestion and absorption","1/43",0.228215140174257,0.291789357794228,0,0,3.96918767507003,5.86434181292121,"PRKCB","Vip","WTvsHET_in_PCBs"
"Cushing syndrome","2/159",0.247193362315785,0.313812850032096,0,0,2.12922379358739,2.97576996916765,"CAMK2D;PLCB1","Vip","WTvsHET_in_PCBs"
"Cocaine addiction","1/48",0.251143442111394,0.316582226323517,0,0,3.54603969247273,4.89967304325778,"GRIA2","Vip","WTvsHET_in_PCBs"
"Malaria","1/49",0.255647384290544,0.320006166349702,0,0,3.47198879551821,4.73564060617477,"HBB-BS","Vip","WTvsHET_in_PCBs"
"Arginine and proline metabolism","1/50",0.260124462166282,0.321119163639754,0,0,3.40096038415366,4.57971645890887,"CKB","Vip","WTvsHET_in_PCBs"
"N-Glycan biosynthesis","1/50",0.260124462166282,0.321119163639754,0,0,3.40096038415366,4.57971645890887,"TUSC3","Vip","WTvsHET_in_PCBs"
"Ribosome","2/170",0.271638547364417,0.333036301220758,0,0,1.98870056497175,2.59183957159896,"RPS15;RPL41","Vip","WTvsHET_in_PCBs"
"Legionellosis","1/58",0.294992845026247,0.35920897455577,0,0,2.92245319180304,3.56774306388786,"HSPA8","Vip","WTvsHET_in_PCBs"
"Glycerolipid metabolism","1/61",0.307644062380381,0.372083021392488,0,0,2.77591036414566,3.27227590937336,"DGKB","Vip","WTvsHET_in_PCBs"
"Central carbon metabolism in cancer","1/64",0.320070113915353,0.384513761012404,0,0,2.64332399626517,3.0113148782502,"PKM","Vip","WTvsHET_in_PCBs"
"Aminoacyl-tRNA biosynthesis","1/66",0.328231021697614,0.389095052211079,0,0,2.5617323852618,2.85386615753948,"LARS2","Vip","WTvsHET_in_PCBs"
"Non-small cell lung cancer","1/66",0.328231021697614,0.389095052211079,0,0,2.5617323852618,2.85386615753948,"PRKCB","Vip","WTvsHET_in_PCBs"
"Leishmaniasis","1/67",0.332274974002023,0.390888093038376,0,0,2.52279093455564,2.77959192368338,"PRKCB","Vip","WTvsHET_in_PCBs"
"RIG-I-like receptor signaling pathway","1/68",0.336294783954804,0.390888093038376,0,0,2.48501191521385,2.70808440338193,"MAPK8","Vip","WTvsHET_in_PCBs"
"Renal cell carcinoma","1/68",0.336294783954804,0.390888093038376,0,0,2.48501191521385,2.70808440338193,"PAK1","Vip","WTvsHET_in_PCBs"
"Cortisol synthesis and secretion","1/69",0.340290594367706,0.392980750914964,0,0,2.44834404349975,2.63920552873306,"PLCB1","Vip","WTvsHET_in_PCBs"
"Adipocytokine signaling pathway","1/71",0.348210784358538,0.399549553847297,0,0,2.3781512605042,2.50882420462848,"MAPK8","Vip","WTvsHET_in_PCBs"
"Prolactin signaling pathway","1/72",0.352135445571351,0.401479265969884,0,0,2.34453781512605,2.44708646627474,"MAPK8","Vip","WTvsHET_in_PCBs"
"Inositol phosphate metabolism","1/73",0.356036670681271,0.403358000328781,0,0,2.31185807656396,2.3875056467383,"PLCB1","Vip","WTvsHET_in_PCBs"
"Pancreatic cancer","1/75",0.363769366896261,0.409526519964974,0,0,2.24914830797184,2.27441798309623,"MAPK8","Vip","WTvsHET_in_PCBs"
"Human papillomavirus infection","3/360",0.367042544085834,0.410628846196026,0,0,1.40221216691805,1.4054057243478,"DLG2;PKM;ATP6V0C","Vip","WTvsHET_in_PCBs"
"RNA degradation","1/83",0.393790067561846,0.43775657687686,0,0,2.0288993646239,1.89080706711891,"ZCCHC7","Vip","WTvsHET_in_PCBs"
"Rheumatoid arthritis","1/84",0.397442477945097,0.43775657687686,0,0,2.00435354864838,1.84942717125083,"ATP6V0C","Vip","WTvsHET_in_PCBs"
"Epstein-Barr virus infection","2/229",0.400286898237665,0.43775657687686,0,0,1.46740834764429,1.34352055391635,"MAP2K4;MAPK8","Vip","WTvsHET_in_PCBs"
"PPAR signaling pathway","1/85",0.401073064848073,0.43775657687686,0,0,1.98039215686275,1.80930936918862,"SORBS1","Vip","WTvsHET_in_PCBs"
"Colorectal cancer","1/88",0.411835173679276,0.446778764173276,0,0,1.91181300106249,1.69603063190065,"MAPK8","Vip","WTvsHET_in_PCBs"
"mRNA surveillance pathway","1/96",0.4396056133838,0.474032559010242,0,0,1.75011057054401,1.43837612808051,"SMG1","Vip","WTvsHET_in_PCBs"
"Prostate cancer","1/97",0.442984190039631,0.474815389323915,0,0,1.73179271708683,1.41006234074558,"HSP90AB1","Vip","WTvsHET_in_PCBs"
"NF-kappa B signaling pathway","1/102",0.459576450339822,0.489667765540644,0,0,1.64564439637241,1.27940619282708,"PRKCB","Vip","WTvsHET_in_PCBs"
"MicroRNAs in cancer","2/281",0.504545733701478,0.534400510843578,0,0,1.19075390316506,0.814590924928497,"PRKCB;TPM1","Vip","WTvsHET_in_PCBs"
"Lysosome","1/124",0.526948307798049,0.554845571152064,0,0,1.34979845596775,0.864752191190716,"ATP6V0C","Vip","WTvsHET_in_PCBs"
"Ubiquitin mediated proteolysis","1/138",0.56541270256365,0.591864758823937,0,0,1.21100410967307,0.690513777335482,"NEDD4L","Vip","WTvsHET_in_PCBs"
"mTOR signaling pathway","1/154",0.605586366074004,0.63023232283283,0,0,1.08348437414181,0.543430353456285,"PRKCB","Vip","WTvsHET_in_PCBs"
"RNA transport","1/167",0.635497768888423,0.657538153936577,0,0,0.997975093651919,0.452428714546919,"EIF1","Vip","WTvsHET_in_PCBs"
"Cell adhesion molecules (CAMs)","1/170",0.642074409651609,0.660524823722058,0,0,0.980110387350206,0.434238964776415,"ALCAM","Vip","WTvsHET_in_PCBs"
"Viral carcinogenesis","1/229",0.749944974825014,0.767086574249586,0,0,0.724310776942356,0.208424367795734,"PKM","Vip","WTvsHET_in_PCBs"
"Cytokine-cytokine receptor interaction","1/292",0.829704342586913,0.843847030244644,0,0,0.565681942880245,0.105604817391719,"CX3CL1","Vip","WTvsHET_in_PCBs"
"PI3K-Akt signaling pathway","1/357",0.885576678499668,0.895583194640908,0,0,0.460862996884147,0.0560023348765918,"HSP90AB1","Vip","WTvsHET_in_PCBs"
"Olfactory transduction","4/1133",0.914060055980066,0.919195224833887,0,0,0.57270700345133,0.0514628802983133,"CAMK2D;GNAL;CALM1;CALM2","Vip","WTvsHET_in_PCBs"
"Herpes simplex virus 1 infection","1/433",0.928241284245557,0.928241284245557,0,0,0.378306878306878,0.0281700827633148,"SRSF7","Vip","WTvsHET_in_PCBs"
"Ferroptosis","1/40",0.021786548882168,0.0771526421059947,0,0,51.1538461538462,195.738275234354,"SAT1","Astro","WTvsHET_in_Vehicle"
"Malaria","1/49",0.0266286776759158,0.0771526421059947,0,0,41.54375,150.627938522411,"CD81","Astro","WTvsHET_in_Vehicle"
"Arginine and proline metabolism","1/50",0.0271653448579924,0.0771526421059947,0,0,40.6938775510204,146.734521000359,"SAT1","Astro","WTvsHET_in_Vehicle"
"Renal cell carcinoma","1/68",0.0367794749552908,0.0771526421059947,0,0,29.734328358209,98.2069956829315,"ELOB","Astro","WTvsHET_in_Vehicle"
"B cell receptor signaling pathway","1/72",0.0389041837581844,0.0771526421059947,0,0,28.0535211267606,91.0800620630536,"CD81","Astro","WTvsHET_in_Vehicle"
"Salivary secretion","1/78",0.0420832593305426,0.0771526421059947,0,0,25.8597402597403,81.9263790868409,"CST3","Astro","WTvsHET_in_Vehicle"
"HIF-1 signaling pathway","1/104",0.0557490891026063,0.0876057114469527,0,0,19.3067961165049,55.7366778787954,"ELOB","Astro","WTvsHET_in_Vehicle"
"Ubiquitin mediated proteolysis","1/138",0.0733523435107302,0.100859472327254,0,0,14.4905109489051,37.8561820013699,"ELOB","Astro","WTvsHET_in_Vehicle"
"Hepatitis C","1/160",0.0845831537829615,0.103379410179175,0,0,12.4716981132075,30.8053457697989,"CD81","Astro","WTvsHET_in_Vehicle"
"Human immunodeficiency virus 1 infection","1/238",0.123411687808485,0.135752856589333,0,0,8.33417721518987,17.4370110709659,"ELOB","Astro","WTvsHET_in_Vehicle"
"Pathways in cancer","1/535",0.257945212713433,0.257945212713433,0,0,3.64325842696629,4.93664457121852,"ELOB","Astro","WTvsHET_in_Vehicle"
"Ribosome","29/170",6.02308486865906e-26,1.21064005860047e-23,0,0,20.497425927926,1190.31858297204,"RPL3;RPL32;RPLP1;RPL11;RPL8;RPL6;RPS4X;RPS14;RPS16;RPS19;RPS3;RPL13;RPL38;RPL37;RPS2;RPS27A;RPL19;RPL41;RPS7;RPS8;RPL23;RPSA;RPS3A1;RPL24;FAU;RPL29;RPL28;UBA52;RPS24","L2_3_IT","WTvsHET_in_Vehicle"
"Alzheimer disease","25/175",1.59571636863949e-20,1.60369495048268e-18,0,0,16.2719734660033,741.747807025362,"APP;RTN3;NDUFA13;COX4I1;ATP5J;ATP5H;ATP5G3;COX6A1;COX5B;COX7C;COX5A;RTN4;PPP3CA;PPP3R1;MAPK1;COX8A;NDUFA4;ATP5F1;COX6C;NDUFS5;CYCS;CALM1;PLCB1;CALM2;GAPDH","L2_3_IT","WTvsHET_in_Vehicle"
"Oxidative phosphorylation","18/134",1.31629943764861e-14,8.81920623224566e-13,0,0,14.6652851458886,468.722560101553,"COX8A;NDUFA13;ATP6V0B;ATP6V1G2;NDUFA4;COX4I1;ATP5J;ATP5H;ATP5G3;COX6A1;ATP5F1;COX5B;COX6C;COX7C;COX5A;NDUFS5;ATP6V1D;ATP6V0C","L2_3_IT","WTvsHET_in_Vehicle"
"Parkinson disease","18/144",4.74798100522847e-14,2.38586045512731e-12,0,0,13.4945054945055,413.990806615763,"COX8A;NDUFA13;NDUFA4;COX4I1;ATP5J;ATP5H;ATP5G3;COX6A1;ATP5F1;COX5B;COX6C;COX7C;COX5A;UBB;NDUFS5;CYCS;VDAC1;SLC25A4","L2_3_IT","WTvsHET_in_Vehicle"
"Huntington disease","20/192",6.10328038626696e-14,2.45351871527932e-12,0,0,11.0645743960262,336.665842689007,"COX8A;NDUFA13;NDUFA4;COX4I1;CLTC;ATP5J;ATP5H;ATP5G3;COX6A1;ATP5F1;COX5B;COX6C;COX7C;COX5A;GRM5;NDUFS5;CYCS;VDAC1;PLCB1;SLC25A4","L2_3_IT","WTvsHET_in_Vehicle"
"Thermogenesis","17/231",1.20670286928906e-09,4.04245461211836e-08,0,0,7.43460179761213,152.672329184027,"COX8A;NDUFA13;NDUFA4;COX4I1;ATP5J;ATP5H;ATP5G3;COX5B;COX6C;COX6A1;ATP5F1;COX7C;COX5A;ACTB;ACTG1;NDUFS5;GNAS","L2_3_IT","WTvsHET_in_Vehicle"
"Cardiac muscle contraction","10/78",1.78908888328196e-08,5.13724093628106e-07,0,0,13.416394335512,239.334713178851,"COX8A;COX4I1;TPM1;ATP1A1;COX6A1;ATP1B1;COX5B;COX6C;COX7C;COX5A","L2_3_IT","WTvsHET_in_Vehicle"
"Non-alcoholic fatty liver disease (NAFLD)","12/151",1.52398082813021e-07,3.82900183067716e-06,0,0,7.92106501714516,124.335133936954,"COX8A;CDC42;NDUFA13;NDUFA4;COX4I1;NDUFS5;CYCS;COX6A1;COX5B;COX6C;COX7C;COX5A","L2_3_IT","WTvsHET_in_Vehicle"
"Synaptic vesicle cycle","9/77",2.12180800660883e-07,4.73870454809305e-06,0,0,12.0191108701545,184.683579435469,"SNAP25;ATP6V0B;RAB3A;ATP6V1G2;SYT1;CLTC;CACNA1A;ATP6V0C;ATP6V1D","L2_3_IT","WTvsHET_in_Vehicle"
"Oocyte meiosis","10/116",7.98185281557628e-07,1.57765047576125e-05,0,0,8.59014675052411,120.613606985051,"YWHAE;PPP3CA;PPP3R1;YWHAB;MAPK1;CALM1;SKP1A;CALM2;YWHAZ;YWHAH","L2_3_IT","WTvsHET_in_Vehicle"
"Long-term potentiation","8/67",8.63390807630535e-07,1.57765047576125e-05,0,0,12.2624786191883,171.213611859846,"PPP3CA;GRM5;PPP3R1;PPP1R1A;MAPK1;PLCB1;CALM1;CALM2","L2_3_IT","WTvsHET_in_Vehicle"
"Retrograde endocannabinoid signaling","11/150",1.13094574781061e-06,1.89433412758278e-05,0,0,7.22720428308516,98.9581790364309,"GABRB3;GABRA1;NDUFA13;GRM5;GNG3;NDUFA4;NDUFS5;CACNA1A;MAPK1;PLCB1;GABRG2","L2_3_IT","WTvsHET_in_Vehicle"
"Glutamatergic synapse","9/114",5.94033766695879e-06,9.18467593122091e-05,0,0,7.76919025674786,93.4924511424761,"PPP3CA;PPP3R1;GRM5;GNG3;GNAS;CACNA1A;MAPK1;DLGAP1;PLCB1","L2_3_IT","WTvsHET_in_Vehicle"
"Gastric acid secretion","7/74",2.02881344156032e-05,0.000291279644109732,0,0,9.4015538744633,101.588249281616,"GNAS;ATP1A1;ATP1B1;PLCB1;CALM1;CALM2;ACTB","L2_3_IT","WTvsHET_in_Vehicle"
"Estrogen signaling pathway","9/134",2.20007880909931e-05,0.000294810560419307,0,0,6.51948387096774,69.9177632938459,"HSPA8;HSP90AA1;HSP90AB1;GNAS;MAPK1;CALM1;PLCB1;CALM2;HSP90B1","L2_3_IT","WTvsHET_in_Vehicle"
"cGMP-PKG signaling pathway","10/172",2.70231142828663e-05,0.000339477873178508,0,0,5.60470964791952,58.9549205815734,"PPP3CA;PPP3R1;MAPK1;VDAC1;ATP1A1;ATP1B1;CALM1;PLCB1;CALM2;SLC25A4","L2_3_IT","WTvsHET_in_Vehicle"
"Endocrine and other factor-regulated calcium reabsorption","6/55",3.55697621662086e-05,0.000420560129141642,0,0,10.9786641929499,112.465596922069,"CALB1;CLTC;GNAS;ATP1A1;ATP1B1;PLCB1","L2_3_IT","WTvsHET_in_Vehicle"
"Adrenergic signaling in cardiomyocytes","9/148",4.82154650167871e-05,0.00053840602602079,0,0,5.85866790438617,58.2341673162288,"PPP1R1A;TPM1;GNAS;MAPK1;ATP1A1;ATP1B1;CALM1;PLCB1;CALM2","L2_3_IT","WTvsHET_in_Vehicle"
"Calcium signaling pathway","10/189",6.01722046592831e-05,0.000636558586132416,0,0,5.06802193254707,49.252557693521,"PPP3CA;PPP3R1;GRM5;GNAS;CACNA1A;VDAC1;CALM1;PLCB1;CALM2;SLC25A4","L2_3_IT","WTvsHET_in_Vehicle"
"Oxytocin signaling pathway","9/154",6.56837116354858e-05,0.000660121301936632,0,0,5.61452407436835,54.0715700837376,"PPP3CA;PPP3R1;GNAS;MAPK1;CALM1;PLCB1;CALM2;ACTB;ACTG1","L2_3_IT","WTvsHET_in_Vehicle"
"GABAergic synapse","7/90",7.23032754101984e-05,0.000692045636069042,0,0,7.5830445067943,72.3016080206848,"GABRB3;GABARAPL2;GABRA1;GABARAPL1;GNG3;CACNA1A;GABRG2","L2_3_IT","WTvsHET_in_Vehicle"
"Human immunodeficiency virus 1 infection","11/238",8.78465768508989e-05,0.000802598270319576,0,0,4.40563466857904,41.1482696701821,"PPP3CA;PPP3R1;PAK1;GNG3;CFL1;CYCS;MAPK1;ELOB;CALM1;SKP1A;CALM2","L2_3_IT","WTvsHET_in_Vehicle"
"Dopaminergic synapse","8/135",0.000152021616523795,0.00132853673570795,0,0,5.67709311565412,49.9100950545409,"PPP3CA;GNG3;CALY;GNAS;CACNA1A;CALM1;PLCB1;CALM2","L2_3_IT","WTvsHET_in_Vehicle"
"Kaposi sarcoma-associated herpesvirus infection","10/216",0.00018115459159874,0.00151716970463945,0,0,4.39769866954333,37.8912744626524,"GABARAPL2;PPP3CA;GABARAPL1;PPP3R1;GNG3;UBB;CYCS;MAPK1;CALM1;CALM2","L2_3_IT","WTvsHET_in_Vehicle"
"Renin secretion","6/76",0.000220273064536259,0.00177099543887153,0,0,7.67688311688312,64.6442888467219,"PPP3CA;PPP3R1;GNAS;PLCB1;CALM1;CALM2","L2_3_IT","WTvsHET_in_Vehicle"
"Salivary secretion","6/78",0.00025399427790855,0.00196357114844687,0,0,7.46287878787879,61.7791943690434,"GNAS;ATP1A1;ATP1B1;PLCB1;CALM1;CALM2","L2_3_IT","WTvsHET_in_Vehicle"
"Insulin secretion","6/86",0.000431405278127611,0.0032115726260611,0,0,6.71386363636364,52.0221212153753,"SNAP25;RAB3A;GNAS;ATP1A1;ATP1B1;PLCB1","L2_3_IT","WTvsHET_in_Vehicle"
"GnRH signaling pathway","6/90",0.00055034301661555,0.0039506766549902,0,0,6.39285714285714,47.9781934483505,"CDC42;GNAS;MAPK1;PLCB1;CALM1;CALM2","L2_3_IT","WTvsHET_in_Vehicle"
"Morphine addiction","6/92",0.00061863557026598,0.00428778446977455,0,0,6.24355179704017,46.1273244522456,"GABRB3;GABRA1;GNG3;GNAS;CACNA1A;GABRG2","L2_3_IT","WTvsHET_in_Vehicle"
"Human cytomegalovirus infection","10/255",0.000672936434052225,0.00450867410814991,0,0,3.69028722600151,26.9533400938914,"PPP3CA;PPP3R1;GNG3;GNAS;CYCS;MAPK1;CALM1;PLCB1;CALM2;CX3CL1","L2_3_IT","WTvsHET_in_Vehicle"
"Serotonergic synapse","7/132",0.000765094064699105,0.0049607711936942,0,0,5.02440182648402,36.0526544497062,"GABRB3;APP;GNG3;GNAS;CACNA1A;MAPK1;PLCB1","L2_3_IT","WTvsHET_in_Vehicle"
"Regulation of actin cytoskeleton","9/217",0.000837731114594482,0.00526199856354659,0,0,3.90140907479617,27.6407551929393,"CDC42;PAK1;TMSB4X;CFL1;MAPK1;WASF1;ACTB;MYL12B;ACTG1","L2_3_IT","WTvsHET_in_Vehicle"
"Circadian entrainment","6/99",0.000910678949236119,0.00534757860976286,0,0,5.77155425219941,40.4084990168568,"GNG3;GNAS;MAPK1;CALM1;PLCB1;CALM2","L2_3_IT","WTvsHET_in_Vehicle"
"Tuberculosis","8/178",0.000967777363711533,0.00534757860976286,0,0,4.2318402590394,29.3711232601799,"PPP3CA;PPP3R1;ATP6V0B;CYCS;MAPK1;CALM1;CALM2;ATP6V0C","L2_3_IT","WTvsHET_in_Vehicle"
"Apelin signaling pathway","7/138",0.000993744277754496,0.00534757860976286,0,0,4.79281257624874,33.137653053072,"GABARAPL2;GABARAPL1;GNG3;MAPK1;CALM1;PLCB1;CALM2","L2_3_IT","WTvsHET_in_Vehicle"
"Amphetamine addiction","5/68",0.00103030056900854,0.00534757860976286,0,0,7.07857501975149,48.6857644311952,"PPP3CA;PPP3R1;GNAS;CALM1;CALM2","L2_3_IT","WTvsHET_in_Vehicle"
"Axon guidance","8/180",0.00104006002155168,0.00534757860976286,0,0,4.18220610198421,28.7253858120755,"EPHA5;CDC42;PPP3CA;PPP3R1;PAK1;CFL1;MAPK1;MYL12B","L2_3_IT","WTvsHET_in_Vehicle"
"Nicotine addiction","4/40",0.00105461633198313,0.00534757860976286,0,0,9.87887887887888,67.7155482438406,"GABRB3;GABRA1;CACNA1A;GABRG2","L2_3_IT","WTvsHET_in_Vehicle"
"Aldosterone synthesis and secretion","6/102",0.00106419474821151,0.00534757860976286,0,0,5.59034090909091,38.2688848134004,"GNAS;ATP1A1;ATP1B1;CALM1;PLCB1;CALM2","L2_3_IT","WTvsHET_in_Vehicle"
"Glucagon signaling pathway","6/102",0.00106419474821151,0.00534757860976286,0,0,5.59034090909091,38.2688848134004,"PPP3CA;PPP3R1;GNAS;CALM1;PLCB1;CALM2","L2_3_IT","WTvsHET_in_Vehicle"
"Fluid shear stress and atherosclerosis","7/143",0.00122266760049855,0.00599405335854166,0,0,4.61543110394843,30.9544052449759,"HSP90AA1;HSP90AB1;CALM1;CALM2;ACTB;ACTG1;HSP90B1","L2_3_IT","WTvsHET_in_Vehicle"
"Adherens junction","5/72",0.0013334194908839,0.00638136470637294,0,0,6.65462281353414,44.0536601918345,"CDC42;MAPK1;WASF1;ACTB;ACTG1","L2_3_IT","WTvsHET_in_Vehicle"
"Thyroid hormone synthesis","5/73",0.00141849432430773,0.00663063626013611,0,0,6.55642800106468,42.9980993021966,"GNAS;ATP1A1;ATP1B1;PLCB1;HSP90B1","L2_3_IT","WTvsHET_in_Vehicle"
"Bacterial invasion of epithelial cells","5/74",0.00150750284304056,0.00688654707843527,0,0,6.46107941504361,41.9795760867489,"CDC42;CLTC;WASF1;ACTB;ACTG1","L2_3_IT","WTvsHET_in_Vehicle"
"C-type lectin receptor signaling pathway","6/112",0.00172270173999599,0.00769473443864875,0,0,5.06037735849057,32.2035403509981,"PPP3CA;PPP3R1;PAK1;MAPK1;CALM1;CALM2","L2_3_IT","WTvsHET_in_Vehicle"
"Proximal tubule bicarbonate reclamation","3/22",0.00187090951604994,0.00814717392669534,0,0,13.9874911493982,87.8600560919359,"MDH1;ATP1A1;ATP1B1","L2_3_IT","WTvsHET_in_Vehicle"
"Salmonella infection","5/78",0.00190506056992379,0.00814717392669534,0,0,6.10580797123908,38.2421497279615,"CDC42;MAPK1;WASF1;ACTB;ACTG1","L2_3_IT","WTvsHET_in_Vehicle"
"Thyroid hormone signaling pathway","6/115",0.00197036158752062,0.0082508891477426,0,0,4.92035029190992,30.6515101308981,"MAPK1;ATP1A1;ATP1B1;PLCB1;ACTB;ACTG1","L2_3_IT","WTvsHET_in_Vehicle"
"Hippo signaling pathway","7/159",0.00224230810555425,0.00919803937176336,0,0,4.12623167507811,25.1710428751548,"YWHAE;PAK1;YWHAB;YWHAZ;ACTB;ACTG1;YWHAH","L2_3_IT","WTvsHET_in_Vehicle"
"Protein processing in endoplasmic reticulum","7/163",0.00257803877481526,0.0103637158747573,0,0,4.01961128673457,23.9598028489635,"HSPA8;HSP90AA1;HSP90AB1;TUSC3;SEC62;SKP1A;HSP90B1","L2_3_IT","WTvsHET_in_Vehicle"
"Rap1 signaling pathway","8/209",0.00266254335142435,0.0104935532085548,0,0,3.57350860377014,21.1854509374524,"CDC42;GNAS;MAPK1;CALM1;PLCB1;CALM2;ACTB;ACTG1","L2_3_IT","WTvsHET_in_Vehicle"
"Platelet activation","6/125",0.00299348987053178,0.011437490528647,0,0,4.50458365164248,26.1775563067541,"GNAS;MAPK1;PLCB1;ACTB;ACTG1;MYL12B","L2_3_IT","WTvsHET_in_Vehicle"
"Influenza A","7/168",0.0030505926561543,0.011437490528647,0,0,3.89378598372047,22.5544414471989,"HSPA8;CYCS;MAPK1;VDAC1;ACTB;ACTG1;KPNA1","L2_3_IT","WTvsHET_in_Vehicle"
"Fc gamma R-mediated phagocytosis","5/87",0.00307275864948726,0.011437490528647,0,0,5.4331751462311,31.4318936821946,"CDC42;PAK1;CFL1;MAPK1;WASF1","L2_3_IT","WTvsHET_in_Vehicle"
"Collecting duct acid secretion","3/27",0.00340899776641949,0.012458337291824,0,0,11.0706278026906,62.895966695794,"ATP6V1G2;ATP6V1D;ATP6V0C","L2_3_IT","WTvsHET_in_Vehicle"
"Necroptosis","7/176",0.00394119312947067,0.0141460681968501,0,0,3.7079516900381,20.5282282912057,"HSP90AA1;HSP90AB1;FTH1;VDAC1;HMGB1;PPIA;SLC25A4","L2_3_IT","WTvsHET_in_Vehicle"
"Legionellosis","4/58",0.00418012852425546,0.0144863074719887,0,0,6.57991324657991,36.0409042341794,"EEF1A1;CLK1;HSPA8;CYCS","L2_3_IT","WTvsHET_in_Vehicle"
"VEGF signaling pathway","4/58",0.00418012852425546,0.0144863074719887,0,0,6.57991324657991,36.0409042341794,"CDC42;PPP3CA;PPP3R1;MAPK1","L2_3_IT","WTvsHET_in_Vehicle"
"Long-term depression","4/61",0.00500842345223963,0.0170625951508503,0,0,6.23265370633792,33.0120861145872,"GNAS;CACNA1A;MAPK1;PLCB1","L2_3_IT","WTvsHET_in_Vehicle"
"Cellular senescence","7/185",0.00516507775766115,0.0173030104881648,0,0,3.51885485608743,18.5297094896932,"PPP3CA;PPP3R1;MAPK1;VDAC1;CALM1;CALM2;SLC25A4","L2_3_IT","WTvsHET_in_Vehicle"
"Melanogenesis","5/100",0.00556599062315624,0.0183403953320394,0,0,4.68659204572517,24.3284756452528,"GNAS;MAPK1;CALM1;PLCB1;CALM2","L2_3_IT","WTvsHET_in_Vehicle"
"T cell receptor signaling pathway","5/101",0.00580323182406569,0.0188137031715678,0,0,4.63753770739065,23.8802598352599,"CDC42;PPP3CA;PPP3R1;PAK1;MAPK1","L2_3_IT","WTvsHET_in_Vehicle"
"Th17 cell differentiation","5/102",0.006047512734715,0.0192944453917098,0,0,4.58949479871251,23.4436360596815,"PPP3CA;PPP3R1;HSP90AA1;HSP90AB1;MAPK1","L2_3_IT","WTvsHET_in_Vehicle"
"Renal cell carcinoma","4/68",0.00735260923209478,0.0230917883695477,0,0,5.54898648648649,27.2605060852362,"CDC42;PAK1;MAPK1;ELOB","L2_3_IT","WTvsHET_in_Vehicle"
"Pathways in cancer","13/535",0.00806373947798544,0.0249355636165396,0,0,2.25096684834422,10.8505107930549,"HSP90AA1;HSP90AB1;HSP90B1;CDC42;GNG3;GNAS;CYCS;MAPK1;ELOB;CALM1;PLCB1;SKP1A;CALM2","L2_3_IT","WTvsHET_in_Vehicle"
"NOD-like receptor signaling pathway","7/205",0.00888420232724173,0.0269318753497484,0,0,3.16018633826853,14.9270788576213,"GABARAPL2;GABARAPL1;HSP90AA1;HSP90AB1;MAPK1;VDAC1;PLCB1","L2_3_IT","WTvsHET_in_Vehicle"
"Aldosterone-regulated sodium reabsorption","3/38",0.00897729178324948,0.0269318753497484,0,0,7.58705957719411,35.7582444417436,"MAPK1;ATP1A1;ATP1B1","L2_3_IT","WTvsHET_in_Vehicle"
"Hepatitis C","6/160",0.0097885932197827,0.028872629009948,0,0,3.47461629279811,16.0754426754028,"YWHAE;YWHAB;CYCS;MAPK1;YWHAZ;YWHAH","L2_3_IT","WTvsHET_in_Vehicle"
"Leukocyte transendothelial migration","5/115",0.00991149951087768,0.028872629009948,0,0,4.04442616207322,18.6612234776335,"CDC42;THY1;ACTB;ACTG1;MYL12B","L2_3_IT","WTvsHET_in_Vehicle"
"cAMP signaling pathway","7/211",0.0103093753238294,0.0292785479013182,0,0,3.06629957919241,14.027405505572,"PAK1;GNAS;MAPK1;ATP1A1;CALM1;ATP1B1;CALM2","L2_3_IT","WTvsHET_in_Vehicle"
"Ferroptosis","3/40",0.010342173636784,0.0292785479013182,0,0,7.17622106411344,32.8062755478225,"MAP1LC3A;GPX4;FTH1","L2_3_IT","WTvsHET_in_Vehicle"
"Pertussis","4/76",0.0108040991681869,0.0301614435111884,0,0,4.93043043043043,22.3241491604432,"CFL1;MAPK1;CALM1;CALM2","L2_3_IT","WTvsHET_in_Vehicle"
"Neurotrophin signaling pathway","5/121",0.0121641844305326,0.0334931653498226,0,0,3.83406147604931,16.9053714013352,"YWHAE;CDC42;MAPK1;CALM1;CALM2","L2_3_IT","WTvsHET_in_Vehicle"
"Cell cycle","5/123",0.0129862643923875,0.0352735019306741,0,0,3.76869391824526,16.3706903158909,"YWHAE;YWHAB;SKP1A;YWHAZ;YWHAH","L2_3_IT","WTvsHET_in_Vehicle"
"Mineral absorption","3/44",0.0134150113891463,0.035952230522912,0,0,6.47478945641474,27.9152838925186,"FTH1;ATP1A1;ATP1B1","L2_3_IT","WTvsHET_in_Vehicle"
"Rheumatoid arthritis","4/84",0.0151590204848814,0.0400916199665942,0,0,4.43558558558559,18.5813755501203,"ATP6V0B;ATP6V1G2;ATP6V0C;ATP6V1D","L2_3_IT","WTvsHET_in_Vehicle"
"Gap junction","4/86",0.0163971724940269,0.042803008718174,0,0,4.32696110744891,17.7866069604526,"GRM5;GNAS;MAPK1;PLCB1","L2_3_IT","WTvsHET_in_Vehicle"
"Phagosome","6/180",0.0166924225779299,0.0430150889508194,0,0,3.07210031347962,12.5734933930111,"ATP6V0B;ATP6V1G2;ATP6V1D;ATP6V0C;ACTB;ACTG1","L2_3_IT","WTvsHET_in_Vehicle"
"Antigen processing and presentation","4/90",0.0190592556728864,0.0478863798781272,0,0,4.12486905510161,16.335316469092,"HSPA8;HSP90AA1;HSP90AB1;HSPA4","L2_3_IT","WTvsHET_in_Vehicle"
"Dilated cardiomyopathy (DCM)","4/90",0.0190592556728864,0.0478863798781272,0,0,4.12486905510161,16.335316469092,"TPM1;GNAS;ACTB;ACTG1","L2_3_IT","WTvsHET_in_Vehicle"
"IL-17 signaling pathway","4/91",0.0197640662677833,0.049044164442277,0,0,4.07724966345656,15.9986784686267,"HSP90AA1;HSP90AB1;MAPK1;HSP90B1","L2_3_IT","WTvsHET_in_Vehicle"
"PI3K-Akt signaling pathway","9/357",0.020639043626169,0.0505908264495118,0,0,2.31519148259971,8.98426417527466,"YWHAE;HSP90AA1;GNG3;HSP90AB1;YWHAB;MAPK1;YWHAZ;HSP90B1;YWHAH","L2_3_IT","WTvsHET_in_Vehicle"
"Amyotrophic lateral sclerosis (ALS)","3/52",0.0209651627932976,0.0507710568849737,0,0,5.41548457948202,20.9302691651983,"PPP3CA;PPP3R1;CYCS","L2_3_IT","WTvsHET_in_Vehicle"
"Vascular smooth muscle contraction","5/140",0.0215236479642082,0.0515030147714982,0,0,3.29126864420982,12.6338738329587,"GNAS;MAPK1;CALM1;PLCB1;CALM2","L2_3_IT","WTvsHET_in_Vehicle"
"Prostate cancer","4/97",0.0243296892091443,0.0575325591886823,0,0,3.81303884529691,14.1694731097549,"HSP90AA1;HSP90AB1;MAPK1;HSP90B1","L2_3_IT","WTvsHET_in_Vehicle"
"Chemokine signaling pathway","6/197",0.0247395089724143,0.0578214105052939,0,0,2.79623988576868,10.344280534532,"CDC42;PAK1;GNG3;MAPK1;PLCB1;CX3CL1","L2_3_IT","WTvsHET_in_Vehicle"
"Alcoholism","6/199",0.0258304112404249,0.0589990074923341,0,0,2.76698068770608,10.1166424022514,"GNG3;H3F3B;GNAS;MAPK1;CALM1;CALM2","L2_3_IT","WTvsHET_in_Vehicle"
"Focal adhesion","6/199",0.0258304112404249,0.0589990074923341,0,0,2.76698068770608,10.1166424022514,"CDC42;PAK1;MAPK1;ACTB;MYL12B;ACTG1","L2_3_IT","WTvsHET_in_Vehicle"
"HIF-1 signaling pathway","4/104",0.0304006416842099,0.0686576289722044,0,0,3.54486486486487,12.3832465235551,"MAPK1;ELOB;ALDOA;GAPDH","L2_3_IT","WTvsHET_in_Vehicle"
"Pancreatic secretion","4/105",0.0313343848466951,0.069980126157619,0,0,3.50958879671751,12.1538436736944,"GNAS;ATP1A1;ATP1B1;PLCB1","L2_3_IT","WTvsHET_in_Vehicle"
"Mitophagy","3/63",0.0344427368683942,0.076076814401618,0,0,4.42017937219731,14.8891847436239,"GABARAPL2;GABARAPL1;UBB","L2_3_IT","WTvsHET_in_Vehicle"
"Phototransduction","2/27",0.0370743138922106,0.0809993162210253,0,0,7.05321428571429,23.2391483522347,"CALM1;CALM2","L2_3_IT","WTvsHET_in_Vehicle"
"Cholinergic synapse","4/113",0.0394090284790764,0.0851743518741328,0,0,3.25068187453509,10.511926122898,"GNG3;CACNA1A;MAPK1;PLCB1","L2_3_IT","WTvsHET_in_Vehicle"
"Glycolysis / Gluconeogenesis","3/67",0.0402234993976082,0.086009823179992,0,0,4.14307735426009,13.3129665873735,"TPI1;ALDOA;GAPDH","L2_3_IT","WTvsHET_in_Vehicle"
"Tight junction","5/167",0.041378372535123,0.0875479250479971,0,0,2.73895313110999,8.72355733367551,"CDC42;HSPA4;ACTB;ACTG1;MYL12B","L2_3_IT","WTvsHET_in_Vehicle"
"Natural killer cell mediated cytotoxicity","4/118",0.0450038483972013,0.0942268075816402,0,0,3.10731784415995,9.63581523404714,"PPP3CA;PPP3R1;PAK1;MAPK1","L2_3_IT","WTvsHET_in_Vehicle"
"Viral carcinogenesis","6/229",0.0461414647063457,0.0956127258347988,0,0,2.39107215654301,7.35504144370283,"YWHAE;CDC42;YWHAB;MAPK1;YWHAZ;YWHAH","L2_3_IT","WTvsHET_in_Vehicle"
"B cell receptor signaling pathway","3/72",0.0480923446442465,0.0976420330655915,0,0,3.84187950867616,11.6586915327216,"PPP3CA;PPP3R1;MAPK1","L2_3_IT","WTvsHET_in_Vehicle"
"Bile secretion","3/72",0.0480923446442465,0.0976420330655915,0,0,3.84187950867616,11.6586915327216,"GNAS;ATP1A1;ATP1B1","L2_3_IT","WTvsHET_in_Vehicle"
"Ras signaling pathway","6/233",0.0494320949327246,0.0993585108147764,0,0,2.34845814977974,7.06217853810174,"CDC42;PAK1;GNG3;MAPK1;CALM1;CALM2","L2_3_IT","WTvsHET_in_Vehicle"
"MAPK signaling pathway","7/294",0.0501000397732995,0.0997040395488437,0,0,2.17028622341018,6.49725852172403,"CDC42;PPP3CA;HSPA8;PPP3R1;PAK1;CACNA1A;MAPK1","L2_3_IT","WTvsHET_in_Vehicle"
"Glioma","3/75",0.0531487287213455,0.104734259539122,0,0,3.68124065769806,10.8031937327624,"MAPK1;CALM1;CALM2","L2_3_IT","WTvsHET_in_Vehicle"
"Inflammatory mediator regulation of TRP channels","4/127",0.0561349196337351,0.109544843168745,0,0,2.87863473229327,8.29045998820912,"GNAS;CALM1;PLCB1;CALM2","L2_3_IT","WTvsHET_in_Vehicle"
"Fructose and mannose metabolism","2/35",0.0592830077150244,0.114575812987691,0,0,5.34117965367965,15.091142912189,"TPI1;ALDOA","L2_3_IT","WTvsHET_in_Vehicle"
"Autophagy","4/130",0.0601457058768512,0.115136065535687,0,0,2.80966680966681,7.89793190137787,"GABARAPL2;GABARAPL1;MAPK1;HMGB1","L2_3_IT","WTvsHET_in_Vehicle"
"Relaxin signaling pathway","4/131",0.0615156823311118,0.116647661778806,0,0,2.78740157480315,7.77256654610566,"GNG3;GNAS;MAPK1;PLCB1","L2_3_IT","WTvsHET_in_Vehicle"
"Hypertrophic cardiomyopathy (HCM)","3/86",0.0737408810904756,0.138522589712015,0,0,3.19158247339132,8.32108724242704,"TPM1;ACTB;ACTG1","L2_3_IT","WTvsHET_in_Vehicle"
"Th1 and Th2 cell differentiation","3/87",0.0757659389085744,0.139074266283627,0,0,3.15342729019859,8.13617806611031,"PPP3CA;PPP3R1;MAPK1","L2_3_IT","WTvsHET_in_Vehicle"
"Viral myocarditis","3/87",0.0757659389085744,0.139074266283627,0,0,3.15342729019859,8.13617806611031,"CYCS;ACTB;ACTG1","L2_3_IT","WTvsHET_in_Vehicle"
"Apoptosis","4/141",0.0761102949810894,0.139074266283627,0,0,2.58262642204248,6.65173963014626,"CYCS;MAPK1;ACTB;ACTG1","L2_3_IT","WTvsHET_in_Vehicle"
"Proteoglycans in cancer","5/203",0.0808934098603826,0.146482661098531,0,0,2.23684811920106,5.62482954586386,"CDC42;PAK1;MAPK1;ACTB;ACTG1","L2_3_IT","WTvsHET_in_Vehicle"
"Progesterone-mediated oocyte maturation","3/90",0.0819866871847174,0.147136822536859,0,0,3.04422452450905,7.6142094986919,"HSP90AA1;HSP90AB1;MAPK1","L2_3_IT","WTvsHET_in_Vehicle"
"Carbohydrate digestion and absorption","2/43",0.0849076744072487,0.149705636454886,0,0,4.29725609756098,10.59785343698,"ATP1A1;ATP1B1","L2_3_IT","WTvsHET_in_Vehicle"
"Vasopressin-regulated water reabsorption","2/43",0.0849076744072487,0.149705636454886,0,0,4.29725609756098,10.59785343698,"GNAS;DYNLL1","L2_3_IT","WTvsHET_in_Vehicle"
"Phospholipase D signaling pathway","4/149",0.0889263345045557,0.155427767264484,0,0,2.43914259086673,5.90259568358011,"GRM5;GNAS;MAPK1;PLCB1","L2_3_IT","WTvsHET_in_Vehicle"
"Phosphatidylinositol signaling system","3/98",0.0995955148638295,0.172574986962325,0,0,2.78673589804107,6.42799132773817,"CALM1;PLCB1;CALM2","L2_3_IT","WTvsHET_in_Vehicle"
"Type II diabetes mellitus","2/48",0.102317276736255,0.175775834393053,0,0,3.82919254658385,8.72932117082687,"CACNA1A;MAPK1","L2_3_IT","WTvsHET_in_Vehicle"
"AGE-RAGE signaling pathway in diabetic complications","3/101",0.106559898598334,0.181513047612416,0,0,2.70101583234191,6.047704161611,"CDC42;MAPK1;PLCB1","L2_3_IT","WTvsHET_in_Vehicle"
"Wnt signaling pathway","4/160",0.108117816393381,0.18261916886613,0,0,2.26588126588127,5.04052935832217,"PPP3CA;PPP3R1;SKP1A;PLCB1","L2_3_IT","WTvsHET_in_Vehicle"
"Cysteine and methionine metabolism","2/50",0.109534355083016,0.183470044764052,0,0,3.66927083333333,8.11465494984633,"MDH1;MAT2B","L2_3_IT","WTvsHET_in_Vehicle"
"Chagas disease (American trypanosomiasis)","3/103",0.111306007936658,0.184896756985688,0,0,2.6467264573991,5.81081394134625,"GNAS;MAPK1;PLCB1","L2_3_IT","WTvsHET_in_Vehicle"
"Hepatitis B","4/163",0.113651803674451,0.187246004414465,0,0,2.22278882656241,4.83371183206982,"YWHAB;CYCS;MAPK1;YWHAZ","L2_3_IT","WTvsHET_in_Vehicle"
"Human papillomavirus infection","7/360",0.114790863438558,0.187585069521546,0,0,1.75853415602727,3.8065993282043,"CDC42;ATP6V0B;ATP6V1G2;GNAS;MAPK1;ATP6V0C;ATP6V1D","L2_3_IT","WTvsHET_in_Vehicle"
"Parathyroid hormone synthesis, secretion and action","3/107",0.121035288065826,0.196194297590572,0,0,2.54441186616075,5.37296619231311,"GNAS;MAPK1;PLCB1","L2_3_IT","WTvsHET_in_Vehicle"
"Toxoplasmosis","3/108",0.123515264518345,0.198612545345499,0,0,2.52005124919923,5.27041132074688,"HSPA8;CYCS;MAPK1","L2_3_IT","WTvsHET_in_Vehicle"
"Human T-cell leukemia virus 1 infection","5/245",0.145190393406265,0.23161324662428,0,0,1.84144042232278,3.55344478181472,"PPP3CA;PPP3R1;MAPK1;VDAC1;SLC25A4","L2_3_IT","WTvsHET_in_Vehicle"
"Lysosome","3/124",0.165502009443686,0.261936251166779,0,0,2.18504243412519,3.93039302386211,"ATP6V0B;CLTC;ATP6V0C","L2_3_IT","WTvsHET_in_Vehicle"
"Osteoclast differentiation","3/128",0.176593324274009,0.277306704524029,0,0,2.11469058295964,3.66667425202646,"PPP3CA;PPP3R1;MAPK1","L2_3_IT","WTvsHET_in_Vehicle"
"Cortisol synthesis and secretion","2/69",0.183331498039276,0.285656055084453,0,0,2.62619936034115,4.45524032894783,"GNAS;PLCB1","L2_3_IT","WTvsHET_in_Vehicle"
"FoxO signaling pathway","3/132",0.187884503100249,0.290498347101154,0,0,2.04870163729273,3.42528132403962,"GABARAPL2;GABARAPL1;MAPK1","L2_3_IT","WTvsHET_in_Vehicle"
"Endocytosis","5/269",0.189388636821264,0.290588671763924,0,0,1.67197998080351,2.7820979369761,"CDC42;HSPA8;UBB;CLTC;CAPZA2","L2_3_IT","WTvsHET_in_Vehicle"
"Arrhythmogenic right ventricular cardiomyopathy (ARVC)","2/72",0.195586522147477,0.297824931451839,0,0,2.51326530612245,4.10102676781581,"ACTB;ACTG1","L2_3_IT","WTvsHET_in_Vehicle"
"Inositol phosphate metabolism","2/73",0.199694587461879,0.301794075788253,0,0,2.47774144869215,3.99155758315024,"TPI1;PLCB1","L2_3_IT","WTvsHET_in_Vehicle"
"Pancreatic cancer","2/75",0.207940675311112,0.309791967429796,0,0,2.40961350293542,3.78430392150998,"CDC42;MAPK1","L2_3_IT","WTvsHET_in_Vehicle"
"Insulin signaling pathway","3/139",0.208069231855833,0.309791967429796,0,0,1.94256132946452,3.04959674504282,"MAPK1;CALM1;CALM2","L2_3_IT","WTvsHET_in_Vehicle"
"Phenylalanine metabolism","1/23",0.230122365748309,0.340107319966251,0,0,3.99030303030303,5.86233010047797,"MIF","L2_3_IT","WTvsHET_in_Vehicle"
"ErbB signaling pathway","2/84",0.245401043645569,0.360040947246418,0,0,2.1441637630662,3.01225310730442,"PAK1;MAPK1","L2_3_IT","WTvsHET_in_Vehicle"
"mTOR signaling pathway","3/154",0.252745307166869,0.368129034351744,0,0,1.74825527870995,2.40450308707518,"ATP6V1G2;MAPK1;ATP6V1D","L2_3_IT","WTvsHET_in_Vehicle"
"Colorectal cancer","2/88",0.262150230906178,0.376372831515299,0,0,2.04401993355482,2.7366106178079,"MAPK1;CYCS","L2_3_IT","WTvsHET_in_Vehicle"
"Taste transduction","2/88",0.262150230906178,0.376372831515299,0,0,2.04401993355482,2.7366106178079,"GABRA1;CACNA1A","L2_3_IT","WTvsHET_in_Vehicle"
"Cushing syndrome","3/159",0.267948873668623,0.38196967097442,0,0,1.69179027250776,2.22801857193862,"GNAS;MAPK1;PLCB1","L2_3_IT","WTvsHET_in_Vehicle"
"Protein digestion and absorption","2/90",0.270529993571542,0.382933300759717,0,0,1.99736201298701,2.61129577859363,"ATP1A1;ATP1B1","L2_3_IT","WTvsHET_in_Vehicle"
"Protein export","1/28",0.272700400034863,0.38330615669236,0,0,3.25053497942387,4.22368508949718,"SEC62","L2_3_IT","WTvsHET_in_Vehicle"
"TGF-beta signaling pathway","2/91",0.274719253891418,0.383462291890104,0,0,1.97481942215088,2.5514777479131,"MAPK1;SKP1A","L2_3_IT","WTvsHET_in_Vehicle"
"Circadian rhythm","1/30",0.28906766827974,0.400707595339502,0,0,3.02605363984674,3.75561844433175,"SKP1A","L2_3_IT","WTvsHET_in_Vehicle"
"RNA transport","3/167",0.292477616645163,0.40265754072382,0,0,1.60860767800503,1.97756941973247,"EIF4A2;EEF1A1;EIF1","L2_3_IT","WTvsHET_in_Vehicle"
"Glyoxylate and dicarboxylate metabolism","1/31",0.297113259625282,0.406256906018242,0,0,2.92503703703704,3.54994741164927,"MDH1","L2_3_IT","WTvsHET_in_Vehicle"
"Hepatocellular carcinoma","3/171",0.304804058446319,0.408791384715605,0,0,1.56998718770019,1.86528001791292,"MAPK1;ACTB;ACTG1","L2_3_IT","WTvsHET_in_Vehicle"
"Citrate cycle (TCA cycle)","1/32",0.305068197548959,0.408791384715605,0,0,2.8305376344086,3.36047068892409,"MDH1","L2_3_IT","WTvsHET_in_Vehicle"
"Pentose phosphate pathway","1/32",0.305068197548959,0.408791384715605,0,0,2.8305376344086,3.36047068892409,"ALDOA","L2_3_IT","WTvsHET_in_Vehicle"
"Choline metabolism in cancer","2/99",0.308152135901148,0.410189266994244,0,0,1.81121134020619,2.13208856637588,"MAPK1;WASF1","L2_3_IT","WTvsHET_in_Vehicle"
"Prion diseases","1/34",0.320710169588116,0.424097000573759,0,0,2.65872053872054,3.02354342371584,"MAPK1","L2_3_IT","WTvsHET_in_Vehicle"
"Base excision repair","1/35",0.32839920362406,0.43142640476102,0,0,2.58039215686275,2.87333201877482,"HMGB1","L2_3_IT","WTvsHET_in_Vehicle"
"Amoebiasis","2/106",0.337160707431628,0.440060403855566,0,0,1.68870192307692,1.83594927624384,"GNAS;PLCB1","L2_3_IT","WTvsHET_in_Vehicle"
"Thyroid cancer","1/37",0.343518284148795,0.445465645896179,0,0,2.43679012345679,2.60374665200568,"MAPK1","L2_3_IT","WTvsHET_in_Vehicle"
"Pyruvate metabolism","1/38",0.350950264231272,0.452185917374909,0,0,2.37081081081081,2.482501516807,"MDH1","L2_3_IT","WTvsHET_in_Vehicle"
"TNF signaling pathway","2/110",0.353578299002728,0.45267030636655,0,0,1.62582671957672,1.69029127203734,"MAPK1;CX3CL1","L2_3_IT","WTvsHET_in_Vehicle"
"Neuroactive ligand-receptor interaction","5/348",0.357738757000108,0.45294335568035,0,0,1.2816775061673,1.3175033249598,"GABRB3;GABRA1;GRM5;GLRB;GABRG2","L2_3_IT","WTvsHET_in_Vehicle"
"African trypanosomiasis","1/39",0.358298475388934,0.45294335568035,0,0,2.30830409356725,2.36921772209414,"PLCB1","L2_3_IT","WTvsHET_in_Vehicle"
"Tyrosine metabolism","1/40",0.36556385759361,0.459239596101973,0,0,2.24900284900285,2.2632037323577,"MIF","L2_3_IT","WTvsHET_in_Vehicle"
"Bladder cancer","1/41",0.372747340482597,0.465355375385106,0,0,2.19266666666667,2.16384287977196,"MAPK1","L2_3_IT","WTvsHET_in_Vehicle"
"Sphingolipid signaling pathway","2/124",0.409787499405593,0.508440045558792,0,0,1.4382318501171,1.28307043302984,"MAPK1;PLCB1","L2_3_IT","WTvsHET_in_Vehicle"
"Ether lipid metabolism","1/47",0.414179110913299,0.510736204255049,0,0,1.90608695652174,1.6801332399504,"PAFAH1B1","L2_3_IT","WTvsHET_in_Vehicle"
"Cocaine addiction","1/48",0.420814467279958,0.515754316605315,0,0,1.86543735224586,1.61465399439517,"GNAS","L2_3_IT","WTvsHET_in_Vehicle"
"Cholesterol metabolism","1/49",0.427374996288035,0.520620450023606,0,0,1.82648148148148,1.55267992515587,"VDAC1","L2_3_IT","WTvsHET_in_Vehicle"
"N-Glycan biosynthesis","1/50",0.433861538039331,0.525338368348828,0,0,1.7891156462585,1.49396493852666,"TUSC3","L2_3_IT","WTvsHET_in_Vehicle"
"Ubiquitin mediated proteolysis","2/138",0.463522175816081,0.557891960113966,0,0,1.28925945378151,0.991312948840362,"ELOB;SKP1A","L2_3_IT","WTvsHET_in_Vehicle"
"Regulation of lipolysis in adipocytes","1/56",0.471272932801491,0.563844401744641,0,0,1.59345454545455,1.19878434174296,"GNAS","L2_3_IT","WTvsHET_in_Vehicle"
"Ovarian steroidogenesis","1/57",0.477264311396918,0.567633885152548,0,0,1.56492063492063,1.15754805320055,"GNAS","L2_3_IT","WTvsHET_in_Vehicle"
"Endometrial cancer","1/58",0.483188094310441,0.570869331983009,0,0,1.53738791423002,1.11821798007885,"MAPK1","L2_3_IT","WTvsHET_in_Vehicle"
"Measles","2/144",0.485664954075097,0.570869331983009,0,0,1.23440643863179,0.891533123788412,"HSPA8;CYCS","L2_3_IT","WTvsHET_in_Vehicle"
"Central carbon metabolism in cancer","1/64",0.517353212024112,0.601086679866165,0,0,1.3905467372134,0.916411240774813,"MAPK1","L2_3_IT","WTvsHET_in_Vehicle"
"Glutathione metabolism","1/64",0.517353212024112,0.601086679866165,0,0,1.3905467372134,0.916411240774813,"GPX4","L2_3_IT","WTvsHET_in_Vehicle"
"Aminoacyl-tRNA biosynthesis","1/66",0.528234265345286,0.606714784768015,0,0,1.34762393162393,0.860074359115442,"LARS2","L2_3_IT","WTvsHET_in_Vehicle"
"Non-small cell lung cancer","1/66",0.528234265345286,0.606714784768015,0,0,1.34762393162393,0.860074359115442,"MAPK1","L2_3_IT","WTvsHET_in_Vehicle"
"Leishmaniasis","1/67",0.533582854893806,0.609375874054858,0,0,1.32713804713805,0.833629708462389,"MAPK1","L2_3_IT","WTvsHET_in_Vehicle"
"Fc epsilon RI signaling pathway","1/68",0.538871070503783,0.611938334300906,0,0,1.30726368159204,0.808253600711956,"MAPK1","L2_3_IT","WTvsHET_in_Vehicle"
"Acute myeloid leukemia","1/69",0.544099590608256,0.614404593889098,0,0,1.28797385620915,0.783890483836987,"MAPK1","L2_3_IT","WTvsHET_in_Vehicle"
"p53 signaling pathway","1/71",0.554380220677939,0.62124952290082,0,0,1.25104761904762,0.73799863111303,"CYCS","L2_3_IT","WTvsHET_in_Vehicle"
"Melanoma","1/72",0.559433649975365,0.62124952290082,0,0,1.23336463223787,0.716375606495537,"MAPK1","L2_3_IT","WTvsHET_in_Vehicle"
"Prolactin signaling pathway","1/72",0.559433649975365,0.62124952290082,0,0,1.23336463223787,0.716375606495537,"MAPK1","L2_3_IT","WTvsHET_in_Vehicle"
"Chronic myeloid leukemia","1/76",0.579083179677095,0.639536918214814,0,0,1.16734814814815,0.637732975502486,"MAPK1","L2_3_IT","WTvsHET_in_Vehicle"
"RNA degradation","1/83",0.611393252508364,0.669061413813979,0,0,1.06731707317073,0.525135909128559,"ZCCHC7","L2_3_IT","WTvsHET_in_Vehicle"
"Transcriptional misregulation in cancer","2/183",0.614923038844123,0.669061413813979,0,0,0.966505524861878,0.469971197276562,"H3F3B;TSPAN7","L2_3_IT","WTvsHET_in_Vehicle"
"Peroxisome","1/84",0.615802793808887,0.669061413813979,0,0,1.05440428380187,0.511205254294644,"PRDX5","L2_3_IT","WTvsHET_in_Vehicle"
"Small cell lung cancer","1/92",0.649332011286486,0.701697496067654,0,0,0.961318681318681,0.415108095934453,"CYCS","L2_3_IT","WTvsHET_in_Vehicle"
"Toll-like receptor signaling pathway","1/99",0.676270581045678,0.726900464118617,0,0,0.892335600907029,0.349047791890775,"MAPK1","L2_3_IT","WTvsHET_in_Vehicle"
"Longevity regulating pathway","1/102",0.687175323593883,0.734692766182822,0,0,0.865698569856986,0.324780511738571,"HSPA8","L2_3_IT","WTvsHET_in_Vehicle"
"AMPK signaling pathway","1/126",0.76222263007212,0.810617717695747,0,0,0.698631111111111,0.189689944305371,"RAB2A","L2_3_IT","WTvsHET_in_Vehicle"
"Spliceosome","1/132",0.777993684134556,0.823035423742346,0,0,0.666429177268872,0.167298296681343,"HSPA8","L2_3_IT","WTvsHET_in_Vehicle"
"Purine metabolism","1/136",0.787924653847001,0.827384564986657,0,0,0.646551440329218,0.154107353026637,"GDA","L2_3_IT","WTvsHET_in_Vehicle"
"Signaling pathways regulating pluripotency of stem cells","1/137",0.790337494912628,0.827384564986657,0,0,0.641764705882353,0.151004165090856,"MAPK1","L2_3_IT","WTvsHET_in_Vehicle"
"Systemic lupus erythematosus","1/143",0.8042512426331,0.837588081705974,0,0,0.614460093896714,0.133856179113554,"H3F3B","L2_3_IT","WTvsHET_in_Vehicle"
"Breast cancer","1/147",0.813012394909726,0.842347893695128,0,0,0.597503805175038,0.123688619591515,"MAPK1","L2_3_IT","WTvsHET_in_Vehicle"
"Gastric cancer","1/150",0.819326051659639,0.844536084018398,0,0,0.585384041759881,0.116651330671204,"MAPK1","L2_3_IT","WTvsHET_in_Vehicle"
"Cell adhesion molecules (CAMs)","1/170",0.856322369040287,0.878167327434172,0,0,0.515581854043393,0.079971063245653,"NRCAM","L2_3_IT","WTvsHET_in_Vehicle"
"Epstein-Barr virus infection","1/229",0.92701078992853,0.945833344038754,0,0,0.381013645224172,0.0288770523144156,"CYCS","L2_3_IT","WTvsHET_in_Vehicle"
"MicroRNAs in cancer","1/281",0.959885841394196,0.974359009419365,0,0,0.309428571428571,0.0126682894001355,"TPM1","L2_3_IT","WTvsHET_in_Vehicle"
"Cytokine-cytokine receptor interaction","1/292",0.96466389489778,0.974359009419365,0,0,0.297563955708286,0.0107050221327987,"CX3CL1","L2_3_IT","WTvsHET_in_Vehicle"
"Herpes simplex virus 1 infection","1/433",0.993089006632805,0.998054451665969,0,0,0.198991769547325,0.00138000491356333,"CYCS","L2_3_IT","WTvsHET_in_Vehicle"
"Olfactory transduction","3/1133",0.999806599712692,0.999806599712692,0,0,0.221961188936069,4.29315093285005e-05,"CALM1;CALM2;NCALD","L2_3_IT","WTvsHET_in_Vehicle"
"Ribosome","22/170",4.87227049387989e-17,8.59622976909008e-15,0,0,13.9551920341394,524.162406929755,"RPS7;RPS8;RPL23;RPLP1;RPL11;RPL8;RPL6;RPS14;RPS16;RPS27;RPS3A1;RPL14;RPS3;RPL13;RPL38;RPS20;RPL37;RPS2;FAU;RPL28;UBA52;RPL19","L4","WTvsHET_in_Vehicle"
"Alzheimer disease","22/175",9.14492528626604e-17,8.59622976909008e-15,0,0,13.4957000343997,498.406289887645,"COX8A;APP;RTN3;NDUFA13;NDUFA4;COX4I1;ATP2A2;ATP5G3;ATP5F1;COX5B;GRIN2B;COX5A;RTN4;PPP3CA;PPP3R1;GRIN2A;CYCS;CALM1;PLCB1;CALM2;GAPDH;SNCA","L4","WTvsHET_in_Vehicle"
"Synaptic vesicle cycle","12/77",8.02693751910771e-11,5.03021417864083e-09,0,0,16.6103266596417,386.117556670704,"NSF;SNAP25;ATP6V0B;RAB3A;SYT1;STXBP1;CLTC;SLC1A2;ATP6V0C;AP2M1;VAMP2;ATP6V0A1","L4","WTvsHET_in_Vehicle"
"Long-term potentiation","10/67",4.84852357835678e-09,2.11593943496434e-07,0,0,15.6481701992538,299.5778276765,"PPP3CA;GRIA2;PPP3R1;GRIN2A;CAMK4;CAMK2A;PLCB1;CALM1;GRIN2B;CALM2","L4","WTvsHET_in_Vehicle"
"Amphetamine addiction","10/68",5.62749849724558e-09,2.11593943496434e-07,0,0,15.3775940084257,292.106637205152,"PPP3CA;GRIA2;PPP3R1;GRIN2A;CAMK4;CAMK2A;GNAS;CALM1;GRIN2B;CALM2","L4","WTvsHET_in_Vehicle"
"Huntington disease","15/192",7.00531925242286e-09,2.19500003242583e-07,0,0,7.68675455116133,144.331085398321,"COX8A;NDUFA13;NDUFA4;COX4I1;CLTC;ATP5G3;ATP5F1;COX5B;GRIN2B;COX5A;CYCS;VDAC1;PLCB1;SLC25A4;AP2M1","L4","WTvsHET_in_Vehicle"
"Parkinson disease","13/144",1.28555982111586e-08,3.45264637671116e-07,0,0,8.93949156103369,162.425970895551,"COX8A;NDUFA13;NDUFA4;COX4I1;ATP5G3;ATP5F1;COX5B;COX5A;UBB;CYCS;VDAC1;SLC25A4;SNCA","L4","WTvsHET_in_Vehicle"
"Oocyte meiosis","11/116",1.0430223217457e-07,2.23387803637314e-06,0,0,9.36380952380952,150.532349771893,"YWHAE;PPP3CA;PPP3R1;YWHAB;CAMK2A;CALM1;SKP1A;CALM2;YWHAZ;YWHAG;YWHAH","L4","WTvsHET_in_Vehicle"
"cGMP-PKG signaling pathway","13/172",1.06940969826374e-07,2.23387803637314e-06,0,0,7.35474006116208,118.050850632397,"MEF2C;ATP2A2;ATP2B2;ATP1A1;ATP1B1;PPP3CA;PPP3R1;KCNMA1;VDAC1;CALM1;PLCB1;CALM2;SLC25A4","L4","WTvsHET_in_Vehicle"
"cAMP signaling pathway","14/211",1.73979501549523e-07,3.27081462913103e-06,0,0,6.40969379400688,99.7625788447917,"GRIA2;GABBR1;CAMK2A;ATP2A2;ATP2B2;ATP1A1;ATP1B1;GRIN2B;GRIN2A;PAK1;CAMK4;GNAS;CALM1;CALM2","L4","WTvsHET_in_Vehicle"
"Oxytocin signaling pathway","12/154",2.39378821468735e-07,4.09120167601111e-06,0,0,7.57360601967972,115.461278699713,"PPP3CA;MEF2C;PPP3R1;CACNA2D1;CAMK4;CAMK2A;GNAS;CALM1;PLCB1;CALM2;ACTB;ACTG1","L4","WTvsHET_in_Vehicle"
"Salivary secretion","9/78",2.85759853654025e-07,4.47690437391305e-06,0,0,11.5746180963572,174.407665577163,"KCNMA1;GNAS;ATP2B2;ATP1A1;ATP1B1;PLCB1;CALM1;CALM2;VAMP2","L4","WTvsHET_in_Vehicle"
"Calcium signaling pathway","13/189",3.19789355494137e-07,4.62464606406906e-06,0,0,6.63857902418682,99.2839545073843,"CAMK2A;ATP2A2;ATP2B2;PPP3CA;PPP3R1;GRIN2A;CAMK4;GNAS;VDAC1;CALM1;PLCB1;CALM2;SLC25A4","L4","WTvsHET_in_Vehicle"
"Oxidative phosphorylation","11/134",4.54735701222984e-07,6.10645084499435e-06,0,0,7.98617886178862,116.626558030113,"COX8A;NDUFA13;ATP6V0B;NDUFA4;COX4I1;ATP5G3;ATP5F1;COX5B;ATP6V0C;COX5A;ATP6V0A1","L4","WTvsHET_in_Vehicle"
"Insulin secretion","9/86",6.65195302294729e-07,8.33711445542727e-06,0,0,10.3678483678484,147.463826961146,"SNAP25;RAB3A;KCNMA1;CAMK2A;GNAS;ATP1A1;ATP1B1;PLCB1;VAMP2","L4","WTvsHET_in_Vehicle"
"Amyotrophic lateral sclerosis (ALS)","7/52",2.15280516286199e-06,2.42687308134963e-05,0,0,13.6972222222222,178.731475602027,"PPP3CA;GRIA2;PPP3R1;GRIN2A;SLC1A2;CYCS;GRIN2B","L4","WTvsHET_in_Vehicle"
"Gastric acid secretion","8/74",2.19451289270978e-06,2.42687308134963e-05,0,0,10.7096072835983,139.541368431589,"CAMK2A;GNAS;ATP1A1;ATP1B1;PLCB1;CALM1;CALM2;ACTB","L4","WTvsHET_in_Vehicle"
"Aldosterone synthesis and secretion","9/102",2.82378483550934e-06,2.94928638375419e-05,0,0,8.57715780296425,109.594054291363,"CAMK4;CAMK2A;GNAS;ATP2B2;ATP1A1;ATP1B1;CALM1;PLCB1;CALM2","L4","WTvsHET_in_Vehicle"
"Cardiac muscle contraction","8/78",3.28142729328051e-06,3.24688595335124e-05,0,0,10.0955797565663,127.479228566579,"COX8A;COX4I1;CACNA2D1;ATP2A2;ATP1A1;ATP1B1;COX5B;COX5A","L4","WTvsHET_in_Vehicle"
"Dopaminergic synapse","10/135",3.885300134422e-06,3.65218212635668e-05,0,0,7.11095022624434,88.5904246060564,"GRIA2;PPP3CA;GRIN2A;CAMK2A;GNAS;CALM1;PLCB1;GRIN2B;CALM2;SCN1A","L4","WTvsHET_in_Vehicle"
"Nicotine addiction","6/40",6.14857983851304e-06,5.50444290304977e-05,0,0,15.478431372549,185.730177859127,"GABRB3;GRIA2;GABRA1;GRIN2A;GRIN2B;GABRG2","L4","WTvsHET_in_Vehicle"
"Adrenergic signaling in cardiomyocytes","10/148",8.81775274303437e-06,7.53517052586573e-05,0,0,6.43681552888714,74.9164449712327,"CACNA2D1;CAMK2A;GNAS;ATP2A2;ATP2B2;ATP1A1;ATP1B1;CALM1;PLCB1;CALM2","L4","WTvsHET_in_Vehicle"
"Thermogenesis","12/231",1.65366885953711e-05,0.000135169454605642,0,0,4.89147432288735,53.8547854613573,"COX8A;NDUFA13;NDUFA4;COX4I1;GNAS;ACSL3;ATP5G3;COX5B;ATP5F1;COX5A;ACTB;ACTG1","L4","WTvsHET_in_Vehicle"
"Circadian entrainment","8/99",1.94656463635729e-05,0.000152480896514654,0,0,7.75755186517518,84.1450741448092,"GRIA2;GRIN2A;CAMK2A;GNAS;CALM1;PLCB1;GRIN2B;CALM2","L4","WTvsHET_in_Vehicle"
"Estrogen signaling pathway","9/134",2.613979075508e-05,0.000196571226478201,0,0,6.37102702702703,67.2274075561142,"HSPA8;HSP90AA1;GABBR1;HSP90AB1;GNAS;CALM1;PLCB1;CALM2;HSP90B1","L4","WTvsHET_in_Vehicle"
"Renin secretion","7/76",2.78177101282517e-05,0.00020114344246582,0,0,8.92210144927536,93.5913960131437,"PPP3CA;PPP3R1;KCNMA1;GNAS;PLCB1;CALM1;CALM2","L4","WTvsHET_in_Vehicle"
"Endocrine and other factor-regulated calcium reabsorption","6/55",4.01951294954651e-05,0.000279877197968424,0,0,10.7319727891156,108.626503622721,"CLTC;GNAS;ATP1A1;ATP1B1;PLCB1;AP2M1","L4","WTvsHET_in_Vehicle"
"Glutamatergic synapse","8/114",5.39600207288803e-05,0.000362302996322482,0,0,6.65470852017937,65.3975983830878,"GRIA2;PPP3CA;PPP3R1;GRIN2A;SLC1A2;GNAS;PLCB1;GRIN2B","L4","WTvsHET_in_Vehicle"
"GnRH signaling pathway","7/90",8.29286121982905e-05,0.000537606175630297,0,0,7.41189759036145,69.6535330327817,"CDC42;EGR1;CAMK2A;GNAS;PLCB1;CALM1;CALM2","L4","WTvsHET_in_Vehicle"
"Protein processing in endoplasmic reticulum","9/163",0.000120052466674331,0.000752328791159141,0,0,5.16365391365391,46.615307516395,"DNAJA1;HSPA8;HSP90AA1;HSP90AB1;SELENOS;TUSC3;SEC62;SKP1A;HSP90B1","L4","WTvsHET_in_Vehicle"
"Rap1 signaling pathway","10/209",0.000165560049733309,0.00100404159193104,0,0,4.44985106528116,38.7411891766047,"CDC42;GRIN2A;GNAS;CALM1;PLCB1;GRIN2B;CALM2;ACTB;PFN2;ACTG1","L4","WTvsHET_in_Vehicle"
"Glucagon signaling pathway","7/102",0.000182363310302335,0.00107138444802622,0,0,6.47171052631579,55.7182542297177,"PPP3CA;PPP3R1;CAMK2A;GNAS;CALM1;PLCB1;CALM2","L4","WTvsHET_in_Vehicle"
"Pancreatic secretion","7/105",0.000218298918853814,0.00124364232559142,0,0,6.27264030612245,52.8761325425915,"KCNMA1;GNAS;ATP2A2;ATP2B2;ATP1A1;ATP1B1;PLCB1","L4","WTvsHET_in_Vehicle"
"Tuberculosis","9/178",0.000232891856156713,0.00128775496933712,0,0,4.70174316328163,39.3297822893025,"PPP3CA;PPP3R1;ATP6V0B;CAMK2A;CYCS;CALM1;CALM2;ATP6V0C;ATP6V0A1","L4","WTvsHET_in_Vehicle"
"Fluid shear stress and atherosclerosis","8/143",0.000261811283903123,0.00140630061067963,0,0,5.21747218070088,43.0331189069006,"MEF2C;HSP90AA1;HSP90AB1;CALM1;CALM2;ACTB;ACTG1;HSP90B1","L4","WTvsHET_in_Vehicle"
"Non-alcoholic fatty liver disease (NAFLD)","8/151",0.000378120087604161,0.00197462712415506,0,0,4.92357866348898,38.7992706432743,"COX8A;CDC42;NDUFA13;NDUFA4;COX4I1;CYCS;COX5B;COX5A","L4","WTvsHET_in_Vehicle"
"Hippo signaling pathway","8/159",0.000533409402031394,0.00271029642113249,0,0,4.66082618121344,35.125017634585,"YWHAE;PAK1;YWHAB;YWHAZ;ACTB;YWHAG;ACTG1;YWHAH","L4","WTvsHET_in_Vehicle"
"GABAergic synapse","6/90",0.00061733876745019,0.00305420232317463,0,0,6.24920634920635,46.1822137777443,"GABRB3;NSF;GABRA1;GABARAPL1;GABBR1;GABRG2","L4","WTvsHET_in_Vehicle"
"Necroptosis","8/176",0.00103564526924799,0.00499234129791338,0,0,4.18556480888319,28.766259331837,"HSP90AA1;HSP90AB1;FTH1;CAMK2A;VDAC1;HMGB1;PPIA;SLC25A4","L4","WTvsHET_in_Vehicle"
"Apelin signaling pathway","7/138",0.00112816168649045,0.00530235992650512,0,0,4.68463740458015,31.7954107641398,"EGR1;GABARAPL1;MEF2C;CAMK4;CALM1;PLCB1;CALM2","L4","WTvsHET_in_Vehicle"
"Vasopressin-regulated water reabsorption","4/43",0.00150303545896052,0.00689196747035555,0,0,8.91449226250988,57.9465939282582,"NSF;GNAS;DYNLL1;VAMP2","L4","WTvsHET_in_Vehicle"
"Thyroid hormone synthesis","5/73",0.00156194891176574,0.0069915808431419,0,0,6.40974752732952,41.418640760391,"GNAS;ATP1A1;ATP1B1;PLCB1;HSP90B1","L4","WTvsHET_in_Vehicle"
"Bacterial invasion of epithelial cells","5/74",0.00165962308771594,0.00725602652303713,0,0,6.31653199948698,40.4331620278165,"CDC42;CLTC;WASF1;ACTB;ACTG1","L4","WTvsHET_in_Vehicle"
"Retrograde endocannabinoid signaling","7/150",0.00182355021617253,0.00779153274182807,0,0,4.2888986013986,27.0499548538775,"GABRB3;GRIA2;GABRA1;NDUFA13;NDUFA4;PLCB1;GABRG2","L4","WTvsHET_in_Vehicle"
"Proximal tubule bicarbonate reclamation","3/22",0.00199133569965957,0.00831935803413331,0,0,13.6772853185596,85.0583488753498,"MDH1;ATP1A1;ATP1B1","L4","WTvsHET_in_Vehicle"
"Salmonella infection","5/78",0.00209560345861689,0.00856464022217339,0,0,5.96920838889562,36.8175623194868,"CDC42;WASF1;ACTB;ACTG1;PFN2","L4","WTvsHET_in_Vehicle"
"Thyroid hormone signaling pathway","6/115",0.00219877789680451,0.00879511158721804,0,0,4.80978593272171,29.4351856325546,"ATP2A2;ATP1A1;ATP1B1;PLCB1;ACTB;ACTG1","L4","WTvsHET_in_Vehicle"
"Cocaine addiction","4/48",0.00226567958715857,0.00887391171637105,0,0,7.8994793752503,48.1068856173709,"GRIA2;GRIN2A;GNAS;GRIN2B","L4","WTvsHET_in_Vehicle"
"Neurotrophin signaling pathway","6/121",0.00283706411980789,0.0108850623372221,0,0,4.55744927536232,26.7293740178833,"YWHAE;CDC42;CAMK4;CAMK2A;CALM1;CALM2","L4","WTvsHET_in_Vehicle"
"Cell cycle","6/123",0.00307788040403558,0.0115728303191738,0,0,4.47908831908832,25.9048704459476,"YWHAE;YWHAB;SKP1A;YWHAZ;YWHAG;YWHAH","L4","WTvsHET_in_Vehicle"
"Regulation of actin cytoskeleton","8/217",0.003821703617427,0.0140878486289466,0,0,3.3574355783466,18.6910418950417,"CYFIP2;CDC42;PAK1;CFL1;WASF1;ACTB;PFN2;ACTG1","L4","WTvsHET_in_Vehicle"
"Dilated cardiomyopathy (DCM)","5/90",0.00390312262242293,0.0141112894810675,0,0,5.12337324310255,28.4141172071398,"CACNA2D1;GNAS;ATP2A2;ACTB;ACTG1","L4","WTvsHET_in_Vehicle"
"Morphine addiction","5/92",0.00428729582185219,0.0152077663114757,0,0,5.00508595259892,27.2882245642804,"GABRB3;GABRA1;GABBR1;GNAS;GABRG2","L4","WTvsHET_in_Vehicle"
"Axon guidance","7/180",0.00501260244761108,0.0174512825953867,0,0,3.53973988439306,18.7457546501441,"EPHA5;CDC42;PPP3CA;PPP3R1;PAK1;CFL1;CAMK2A","L4","WTvsHET_in_Vehicle"
"Melanogenesis","5/100",0.00609577499183241,0.020836467244809,0,0,4.5817419655333,23.3676142259104,"CAMK2A;GNAS;CALM1;PLCB1;CALM2","L4","WTvsHET_in_Vehicle"
"Human immunodeficiency virus 1 infection","8/238",0.0066000698810525,0.0221573774578191,0,0,3.04761162019887,15.3010675991428,"PPP3CA;PPP3R1;PAK1;CFL1;CYCS;CALM1;SKP1A;CALM2","L4","WTvsHET_in_Vehicle"
"Adherens junction","4/72",0.00966641824105906,0.0306997093911227,0,0,5.10520860326509,23.6835601477519,"CDC42;WASF1;ACTB;ACTG1","L4","WTvsHET_in_Vehicle"
"Arrhythmogenic right ventricular cardiomyopathy (ARVC)","4/72",0.00966641824105906,0.0306997093911227,0,0,5.10520860326509,23.6835601477519,"CACNA2D1;ATP2A2;ACTB;ACTG1","L4","WTvsHET_in_Vehicle"
"C-type lectin receptor signaling pathway","5/112",0.00972477652814309,0.0306997093911227,0,0,4.06542056074766,18.8354120602898,"PPP3CA;PPP3R1;PAK1;CALM1;CALM2","L4","WTvsHET_in_Vehicle"
"Human cytomegalovirus infection","8/255",0.00979777959291149,0.0306997093911227,0,0,2.83538788329914,13.1153687501414,"PPP3CA;PPP3R1;GNAS;CYCS;CALM1;PLCB1;CALM2;CX3CL1","L4","WTvsHET_in_Vehicle"
"Hepatitis C","6/160",0.0108236479661818,0.0331826511913482,0,0,3.3965367965368,15.3727999663527,"YWHAE;YWHAB;CYCS;YWHAZ;YWHAG;YWHAH","L4","WTvsHET_in_Vehicle"
"Ferroptosis","3/40",0.0109716499587048,0.0331826511913482,0,0,7.01706970128023,31.6641102801673,"MAP1LC3A;FTH1;ACSL3","L4","WTvsHET_in_Vehicle"
"Glioma","4/75",0.0111197182183773,0.0331826511913482,0,0,4.88875100825216,21.9946635084116,"CAMK4;CAMK2A;CALM1;CALM2","L4","WTvsHET_in_Vehicle"
"Kaposi sarcoma-associated herpesvirus infection","7/216",0.0129783405007205,0.0381238752208664,0,0,2.92464114832536,12.7060257505489,"PPP3CA;GABARAPL1;PPP3R1;UBB;CYCS;CALM1;CALM2","L4","WTvsHET_in_Vehicle"
"Influenza A","6/168",0.0135161968266557,0.039093000052481,0,0,3.22748971193416,13.8906850043784,"HSPA8;CYCS;VDAC1;ACTB;ACTG1;KPNA1","L4","WTvsHET_in_Vehicle"
"Mineral absorption","3/44",0.0142212389218582,0.040508983595596,0,0,6.33119383825417,26.9266859969554,"FTH1;ATP1A1;ATP1B1","L4","WTvsHET_in_Vehicle"
"Inflammatory mediator regulation of TRP channels","5/127",0.0160589698359531,0.0450609899874504,0,0,3.5628536196141,14.7198859677282,"CAMK2A;GNAS;CALM1;PLCB1;CALM2","L4","WTvsHET_in_Vehicle"
"Hypertrophic cardiomyopathy (HCM)","4/86",0.0176228292540812,0.0487219397024597,0,0,4.23057913398517,17.0854480936118,"CACNA2D1;ATP2A2;ACTB;ACTG1","L4","WTvsHET_in_Vehicle"
"Viral myocarditis","4/87",0.0183095221567553,0.049174145221,0,0,4.17939599808927,16.718979985967,"CYCS;ACTB;EIF4G2;ACTG1","L4","WTvsHET_in_Vehicle"
"Fc gamma R-mediated phagocytosis","4/87",0.0183095221567553,0.049174145221,0,0,4.17939599808927,16.718979985967,"CDC42;PAK1;CFL1;WASF1","L4","WTvsHET_in_Vehicle"
"Antigen processing and presentation","4/90",0.0204684999566189,0.0541190992098088,0,0,4.03298842331728,15.6837602774801,"HSPA8;HSP90AA1;HSP90AB1;HSPA4","L4","WTvsHET_in_Vehicle"
"Cellular senescence","6/185",0.0207264635271608,0.0541190992098088,0,0,2.91843575418994,11.3128608199138,"PPP3CA;PPP3R1;VDAC1;CALM1;CALM2;SLC25A4","L4","WTvsHET_in_Vehicle"
"MAPK signaling pathway","8/294",0.0213054920881633,0.0548689385284206,0,0,2.44385211201355,9.40587453548944,"CDC42;PPP3CA;HSPA8;MEF2C;PPP3R1;PAK1;CACNA2D1;STMN1","L4","WTvsHET_in_Vehicle"
"Vascular smooth muscle contraction","5/140",0.0233883643257042,0.0594190877463837,0,0,3.21763356276631,12.083876358485,"KCNMA1;GNAS;CALM1;PLCB1;CALM2","L4","WTvsHET_in_Vehicle"
"Alcoholism","6/199",0.0283414289180593,0.0710425151546019,0,0,2.70480138169257,9.63837207928885,"GRIN2A;CAMK4;GNAS;CALM1;GRIN2B;CALM2","L4","WTvsHET_in_Vehicle"
"VEGF signaling pathway","3/58",0.0294744843930015,0.071552279103084,0,0,4.71626794258373,16.6212145075673,"CDC42;PPP3CA;PPP3R1","L4","WTvsHET_in_Vehicle"
"Legionellosis","3/58",0.0294744843930015,0.071552279103084,0,0,4.71626794258373,16.6212145075673,"EEF1A1;HSPA8;CYCS","L4","WTvsHET_in_Vehicle"
"T cell receptor signaling pathway","4/101",0.0296865838831944,0.071552279103084,0,0,3.57364094645533,12.5687098284604,"CDC42;PPP3CA;PPP3R1;PAK1","L4","WTvsHET_in_Vehicle"
"Th17 cell differentiation","4/102",0.0306280581465861,0.0724165242911456,0,0,3.53699541490605,12.3293957015127,"PPP3CA;PPP3R1;HSP90AA1;HSP90AB1","L4","WTvsHET_in_Vehicle"
"Proteoglycans in cancer","6/203",0.0308155422515513,0.0724165242911456,0,0,2.64934010152284,9.21900438641382,"CDC42;PAK1;DDX5;CAMK2A;ACTB;ACTG1","L4","WTvsHET_in_Vehicle"
"Long-term depression","3/61",0.0335318182700093,0.0778269362316266,0,0,4.47164246823956,15.1823910059588,"GRIA2;GNAS;PLCB1","L4","WTvsHET_in_Vehicle"
"Parathyroid hormone synthesis, secretion and action","4/107",0.0355980451964796,0.0816150304504653,0,0,3.36444121295069,11.2219744059212,"EGR1;MEF2C;GNAS;PLCB1","L4","WTvsHET_in_Vehicle"
"Wnt signaling pathway","5/160",0.0383690521063623,0.0853255946221542,0,0,2.79960034256352,9.1281083366622,"PPP3CA;PPP3R1;CAMK2A;SKP1A;PLCB1","L4","WTvsHET_in_Vehicle"
"Collecting duct acid secretion","2/27",0.0385780613983144,0.0853255946221542,0,0,6.8974672489083,22.451749213396,"ATP6V0C;ATP6V0A1","L4","WTvsHET_in_Vehicle"
"Phototransduction","2/27",0.0385780613983144,0.0853255946221542,0,0,6.8974672489083,22.451749213396,"CALM1;CALM2","L4","WTvsHET_in_Vehicle"
"Leukocyte transendothelial migration","4/115",0.0444655768255316,0.097203819106976,0,0,3.12068897090924,9.71482941811735,"CDC42;THY1;ACTB;ACTG1","L4","WTvsHET_in_Vehicle"
"Circadian rhythm","2/30",0.0467502916921172,0.100585226449613,0,0,6.15751715533375,18.8600734773069,"RORB;SKP1A","L4","WTvsHET_in_Vehicle"
"Pathways in cancer","11/535",0.0470824464232233,0.100585226449613,0,0,1.83635496183206,5.61163455584956,"CDC42;HSP90AA1;HSP90AB1;CAMK2A;GNAS;CYCS;CALM1;PLCB1;SKP1A;CALM2;HSP90B1","L4","WTvsHET_in_Vehicle"
"Viral carcinogenesis","6/229",0.0503334569131286,0.10597134026714,0,0,2.33733931240658,6.98650652282034,"YWHAE;CDC42;YWHAB;YWHAZ;YWHAG;YWHAH","L4","WTvsHET_in_Vehicle"
"Bile secretion","3/72",0.0507309607661839,0.10597134026714,0,0,3.75667429443173,11.1994683655013,"GNAS;ATP1A1;ATP1B1","L4","WTvsHET_in_Vehicle"
"Ras signaling pathway","6/233",0.0538817955627595,0.1113162369868,0,0,2.29568281938326,6.70560366325615,"CDC42;GRIN2A;PAK1;CALM1;GRIN2B;CALM2","L4","WTvsHET_in_Vehicle"
"Lysosome","4/124",0.0557881722352343,0.113325463753248,0,0,2.88531571218796,8.32757916304868,"ATP6V0B;CLTC;ATP6V0C;ATP6V0A1","L4","WTvsHET_in_Vehicle"
"PI3K-Akt signaling pathway","8/357",0.0560599368566601,0.113325463753248,0,0,1.99622239068704,5.75178316557615,"YWHAE;HSP90AA1;HSP90AB1;YWHAB;YWHAZ;YWHAG;HSP90B1;YWHAH","L4","WTvsHET_in_Vehicle"
"Platelet activation","4/125",0.0571336192909073,0.113843315139435,0,0,2.8613244984891,8.19014810620627,"GNAS;PLCB1;ACTB;ACTG1","L4","WTvsHET_in_Vehicle"
"Pertussis","3/76",0.0578604364815234,0.113843315139435,0,0,3.55010814708003,10.1168192858228,"CFL1;CALM1;CALM2","L4","WTvsHET_in_Vehicle"
"Phagosome","5/180",0.0581327566669455,0.113843315139435,0,0,2.47711757269279,7.04746383977969,"ATP6V0B;ATP6V0C;ACTB;ACTG1;ATP6V0A1","L4","WTvsHET_in_Vehicle"
"Serotonergic synapse","4/132",0.0670344466859508,0.129922432752152,0,0,2.70388215859031,7.30737311009177,"GABRB3;APP;GNAS;PLCB1","L4","WTvsHET_in_Vehicle"
"Aldosterone-regulated sodium reabsorption","2/38",0.071190841133648,0.136570185031896,0,0,4.78723920426977,12.6497582889638,"ATP1A1;ATP1B1","L4","WTvsHET_in_Vehicle"
"Rheumatoid arthritis","3/84",0.0734412990967278,0.139464285153382,0,0,3.19818063677713,8.35130945302335,"ATP6V0B;ATP6V0C;ATP6V0A1","L4","WTvsHET_in_Vehicle"
"Carbohydrate digestion and absorption","2/43",0.0881294663366902,0.164611771489934,0,0,4.20236446905954,10.2073261898474,"ATP1A1;ATP1B1","L4","WTvsHET_in_Vehicle"
"IL-17 signaling pathway","3/91",0.0884350474493792,0.164611771489934,0,0,2.94273325358852,7.1375610260755,"HSP90AA1;HSP90AB1;HSP90B1","L4","WTvsHET_in_Vehicle"
"NOD-like receptor signaling pathway","5/205",0.089665416690665,0.165265669978873,0,0,2.16471238938053,5.22057220604291,"GABARAPL1;HSP90AA1;HSP90AB1;VDAC1;PLCB1","L4","WTvsHET_in_Vehicle"
"Endocytosis","6/269",0.0925047029889861,0.168843535552712,0,0,1.97779467680608,4.70813190682695,"CDC42;HSPA8;UBB;CLTC;CAPZA2;AP2M1","L4","WTvsHET_in_Vehicle"
"Prostate cancer","3/97",0.102220363717689,0.184782965181976,0,0,2.75405935050392,6.280974864199,"HSP90AA1;HSP90AB1;HSP90B1","L4","WTvsHET_in_Vehicle"
"Phosphatidylinositol signaling system","3/98",0.104596802460824,0.187278084406047,0,0,2.72493074792244,6.15191891297841,"CALM1;PLCB1;CALM2","L4","WTvsHET_in_Vehicle"
"Neuroactive ligand-receptor interaction","7/348",0.109652358605783,0.194477768093276,0,0,1.78042521994135,3.93552364667791,"GABRB3;GABRA1;GRIA2;GRIN2A;GABBR1;GRIN2B;GABRG2","L4","WTvsHET_in_Vehicle"
"AGE-RAGE signaling pathway in diabetic complications","3/101",0.111855172098813,0.196530582753055,0,0,2.64111170784103,5.78548817793088,"CDC42;EGR1;PLCB1","L4","WTvsHET_in_Vehicle"
"HIF-1 signaling pathway","3/104",0.119300523725123,0.207671282040029,0,0,2.56227201667535,5.44767102972704,"CAMK2A;ALDOA;GAPDH","L4","WTvsHET_in_Vehicle"
"Tight junction","4/167",0.12839394513702,0.219436924415998,0,0,2.11951028350585,4.35061711803161,"CDC42;HSPA4;ACTB;ACTG1","L4","WTvsHET_in_Vehicle"
"RNA transport","4/167",0.12839394513702,0.219436924415998,0,0,2.11951028350585,4.35061711803161,"CYFIP2;EEF1A1;EIF4G2;EIF1","L4","WTvsHET_in_Vehicle"
"Cholinergic synapse","3/113",0.142672553418696,0.241643603988423,0,0,2.35155502392344,4.57895525742281,"CAMK4;CAMK2A;PLCB1","L4","WTvsHET_in_Vehicle"
"Fatty acid biosynthesis","1/14",0.150148642413047,0.252035221193328,0,0,6.60735785953177,12.5284063271774,"ACSL3","L4","WTvsHET_in_Vehicle"
"Human T-cell leukemia virus 1 infection","5/245",0.154755055326882,0.257468587623485,0,0,1.80023967551622,3.35908827379823,"EGR1;PPP3CA;PPP3R1;VDAC1;SLC25A4","L4","WTvsHET_in_Vehicle"
"Natural killer cell mediated cytotoxicity","3/118",0.156264874658122,0.257699968734446,0,0,2.2487414187643,4.17412011143045,"PPP3CA;PPP3R1;PAK1","L4","WTvsHET_in_Vehicle"
"Mitophagy","2/63",0.164749026368017,0.269328843105976,0,0,2.82167656954685,5.0884196948862,"GABARAPL1;UBB","L4","WTvsHET_in_Vehicle"
"Glycolysis / Gluconeogenesis","2/67",0.181220819233252,0.293702707033202,0,0,2.64749748068525,4.52202893761119,"ALDOA;GAPDH","L4","WTvsHET_in_Vehicle"
"Osteoclast differentiation","3/128",0.184560174043231,0.295346674224337,0,0,2.06778947368421,3.49410872220343,"PPP3CA;PPP3R1;CAMK4","L4","WTvsHET_in_Vehicle"
"Renal cell carcinoma","2/68",0.185377167864212,0.295346674224337,0,0,2.60725155484981,4.39416473936337,"CDC42;PAK1","L4","WTvsHET_in_Vehicle"
"Cortisol synthesis and secretion","2/69",0.189547086326876,0.299452539743301,0,0,2.56820699993482,4.271230797932,"GNAS;PLCB1","L4","WTvsHET_in_Vehicle"
"Chemokine signaling pathway","4/197",0.19406458289114,0.304034513196119,0,0,1.78731368834311,2.93041566951235,"CDC42;PAK1;PLCB1;CX3CL1","L4","WTvsHET_in_Vehicle"
"Focal adhesion","4/199",0.198773634838091,0.308838374789761,0,0,1.76880153620242,2.85765562424844,"CDC42;PAK1;ACTB;ACTG1","L4","WTvsHET_in_Vehicle"
"B cell receptor signaling pathway","2/72",0.202129721509562,0.311478587244243,0,0,2.45776668746101,3.92958945899658,"PPP3CA;PPP3R1","L4","WTvsHET_in_Vehicle"
"Ubiquitin mediated proteolysis","3/138",0.214075205040115,0.327204378435297,0,0,1.91364522417154,2.94974613976533,"UBE2B;FBXW7;SKP1A","L4","WTvsHET_in_Vehicle"
"Apoptosis","3/141",0.223122043200525,0.338281807433054,0,0,1.87175819984744,2.80770539114948,"CYCS;ACTB;ACTG1","L4","WTvsHET_in_Vehicle"
"ErbB signaling pathway","2/84",0.253178445537321,0.38078038208813,0,0,2.09681542230269,2.88031298385095,"PAK1;CAMK2A","L4","WTvsHET_in_Vehicle"
"Gap junction","2/86",0.261742030666876,0.390535728296609,0,0,2.04668330214182,2.74336585776894,"GNAS;PLCB1","L4","WTvsHET_in_Vehicle"
"Th1 and Th2 cell differentiation","2/87",0.266024955721122,0.393800721854889,0,0,2.02250192653481,2.67812657926385,"PPP3CA;PPP3R1","L4","WTvsHET_in_Vehicle"
"Taste transduction","2/88",0.270307855764544,0.397014663154174,0,0,1.99888290850005,2.61492615384746,"GABRA1;GABBR1","L4","WTvsHET_in_Vehicle"
"Protein export","1/28",0.277835632321005,0.397180365539614,0,0,3.17906602254428,4.07151120989284,"SEC62","L4","WTvsHET_in_Vehicle"
"Cushing syndrome","3/159",0.278707242792904,0.397180365539614,0,0,1.65426788124157,2.11348165586677,"CAMK2A;GNAS;PLCB1","L4","WTvsHET_in_Vehicle"
"Progesterone-mediated oocyte maturation","2/90",0.278871320485261,0.397180365539614,0,0,1.95325526002382,2.49431638262502,"HSP90AA1;HSP90AB1","L4","WTvsHET_in_Vehicle"
"Protein digestion and absorption","2/90",0.278871320485261,0.397180365539614,0,0,1.95325526002382,2.49431638262502,"ATP1A1;ATP1B1","L4","WTvsHET_in_Vehicle"
"Hepatitis B","3/163",0.29126460067297,0.411712367868558,0,0,1.61258223684211,1.98915751122012,"YWHAB;CYCS;YWHAZ","L4","WTvsHET_in_Vehicle"
"Glyoxylate and dicarboxylate metabolism","1/31",0.30260618810854,0.424551965406012,0,0,2.86072463768116,3.41949003630191,"MDH1","L4","WTvsHET_in_Vehicle"
"Citrate cycle (TCA cycle)","1/32",0.310673578466261,0.429460534938655,0,0,2.76830294530154,3.23618076049258,"MDH1","L4","WTvsHET_in_Vehicle"
"Pentose phosphate pathway","1/32",0.310673578466261,0.429460534938655,0,0,2.76830294530154,3.23618076049258,"ALDOA","L4","WTvsHET_in_Vehicle"
"SNARE interactions in vesicular transport","1/33",0.318648045078862,0.437268850181212,0,0,2.68165760869565,3.0669262414081,"VAMP2","L4","WTvsHET_in_Vehicle"
"Prion diseases","1/34",0.32653065380715,0.44262409951094,0,0,2.60026350461133,2.91029668897264,"EGR1","L4","WTvsHET_in_Vehicle"
"Longevity regulating pathway","2/102",0.329970307822986,0.44262409951094,0,0,1.71781659388646,1.90463362314971,"HSPA8;CAMK4","L4","WTvsHET_in_Vehicle"
"Chagas disease (American trypanosomiasis)","2/103",0.334191531434554,0.44262409951094,0,0,1.70072203726923,1.86406108747577,"GNAS;PLCB1","L4","WTvsHET_in_Vehicle"
"Base excision repair","1/35",0.334322458141242,0.44262409951094,0,0,2.52365728900256,2.76504336285391,"HMGB1","L4","WTvsHET_in_Vehicle"
"Fructose and mannose metabolism","1/35",0.334322458141242,0.44262409951094,0,0,2.52365728900256,2.76504336285391,"ALDOA","L4","WTvsHET_in_Vehicle"
"Amoebiasis","2/106",0.34680762246521,0.45594288827594,0,0,1.65141081625798,1.74881937390173,"GNAS;PLCB1","L4","WTvsHET_in_Vehicle"
"Transcriptional misregulation in cancer","3/183",0.354353876211051,0.459909036721222,0,0,1.43194444444444,1.48558395904545,"MEF2C;DDX5;TSPAN7","L4","WTvsHET_in_Vehicle"
"Toxoplasmosis","2/108",0.355174972364853,0.459909036721222,0,0,1.62008733624454,1.67702486992379,"HSPA8;CYCS","L4","WTvsHET_in_Vehicle"
"Pyruvate metabolism","1/38",0.35716340085797,0.459909036721222,0,0,2.3186839012926,2.38722859464392,"MDH1","L4","WTvsHET_in_Vehicle"
"African trypanosomiasis","1/39",0.364602284703697,0.466294078396565,0,0,2.25755148741419,2.2777523977221,"PLCB1","L4","WTvsHET_in_Vehicle"
"Human papillomavirus infection","5/360",0.40243223789004,0.511197707590051,0,0,1.20989654742615,1.10128237924508,"CDC42;ATP6V0B;GNAS;ATP6V0C;ATP6V0A1","L4","WTvsHET_in_Vehicle"
"Ether lipid metabolism","1/47",0.42110884498118,0.53133196547961,0,0,1.86417769376181,1.61226006428078,"PAFAH1B1","L4","WTvsHET_in_Vehicle"
"Cholesterol metabolism","1/49",0.434435445905353,0.538343794674823,0,0,1.78632246376812,1.48927117911386,"VDAC1","L4","WTvsHET_in_Vehicle"
"Arginine and proline metabolism","1/50",0.440983746701717,0.538343794674823,0,0,1.74977817213842,1.43262608363693,"CKB","L4","WTvsHET_in_Vehicle"
"Cysteine and methionine metabolism","1/50",0.440983746701717,0.538343794674823,0,0,1.74977817213842,1.43262608363693,"MDH1","L4","WTvsHET_in_Vehicle"
"Fatty acid degradation","1/50",0.440983746701717,0.538343794674823,0,0,1.74977817213842,1.43262608363693,"ACSL3","L4","WTvsHET_in_Vehicle"
"N-Glycan biosynthesis","1/50",0.440983746701717,0.538343794674823,0,0,1.74977817213842,1.43262608363693,"TUSC3","L4","WTvsHET_in_Vehicle"
"Autophagy","2/130",0.444187563934879,0.538756529159724,0,0,1.34013373362445,1.08752973432903,"GABARAPL1;HMGB1","L4","WTvsHET_in_Vehicle"
"Relaxin signaling pathway","2/131",0.448077282393625,0.539990571089753,0,0,1.32967739751532,1.06745112770962,"GNAS;PLCB1","L4","WTvsHET_in_Vehicle"
"Spliceosome","2/132",0.451951745942113,0.541190625714122,0,0,1.31938192811555,1.04782655708689,"HSPA8;DDX5","L4","WTvsHET_in_Vehicle"
"Insulin signaling pathway","2/139",0.478632523432568,0.566031534767092,0,0,1.25152200937112,0.92214913829588,"CALM1;CALM2","L4","WTvsHET_in_Vehicle"
"Regulation of lipolysis in adipocytes","1/56",0.478718159723232,0.566031534767092,0,0,1.55841897233202,1.1479988132188,"GNAS","L4","WTvsHET_in_Vehicle"
"Ovarian steroidogenesis","1/57",0.484755857066756,0.569588132053438,0,0,1.53051242236025,1.10825920059039,"GNAS","L4","WTvsHET_in_Vehicle"
"Systemic lupus erythematosus","2/143",0.493520216548035,0.576284476466028,0,0,1.21577007649664,0.858566439629113,"GRIN2A;GRIN2B","L4","WTvsHET_in_Vehicle"
"Measles","2/144",0.497200168094155,0.576997725936427,0,0,1.20714681099699,0.843509021616945,"HSPA8;CYCS","L4","WTvsHET_in_Vehicle"
"Phospholipase D signaling pathway","2/149",0.515342946609421,0.594383275843995,0,0,1.16579033360069,0.772828857159689,"GNAS;PLCB1","L4","WTvsHET_in_Vehicle"
"Aminoacyl-tRNA biosynthesis","1/66",0.536055750774406,0.614502933814563,0,0,1.31799331103679,0.821791381195146,"LARS2","L4","WTvsHET_in_Vehicle"
"Adipocytokine signaling pathway","1/71",0.562323905052384,0.636848759938845,0,0,1.22354037267081,0.704364358961992,"ACSL3","L4","WTvsHET_in_Vehicle"
"p53 signaling pathway","1/71",0.562323905052384,0.636848759938845,0,0,1.22354037267081,0.704364358961992,"CYCS","L4","WTvsHET_in_Vehicle"
"Inositol phosphate metabolism","1/73",0.572411661570444,0.644391571109242,0,0,1.18943236714976,0.66358058090426,"PLCB1","L4","WTvsHET_in_Vehicle"
"Pancreatic cancer","1/75",0.582267893384194,0.651585499739455,0,0,1.15716803760282,0.625824986481579,"CDC42","L4","WTvsHET_in_Vehicle"
"Cell adhesion molecules (CAMs)","2/170",0.586692474477486,0.652349181437627,0,0,1.01897483884383,0.543372908009464,"NEGR1;NRCAM","L4","WTvsHET_in_Vehicle"
"Hepatocellular carcinoma","2/171",0.589890217257429,0.652349181437627,0,0,1.01289372367639,0.534624382009987,"ACTB;ACTG1","L4","WTvsHET_in_Vehicle"
"ECM-receptor interaction","1/83",0.61948160743965,0.677107803480547,0,0,1.04384941675504,0.499870537356168,"SV2B","L4","WTvsHET_in_Vehicle"
"RNA degradation","1/83",0.61948160743965,0.677107803480547,0,0,1.04384941675504,0.499870537356168,"ZCCHC7","L4","WTvsHET_in_Vehicle"
"Peroxisome","1/84",0.623894895032714,0.677989828128036,0,0,1.03122053431116,0.4865023786906,"ACSL3","L4","WTvsHET_in_Vehicle"
"PPAR signaling pathway","1/85",0.628257215710864,0.678806646860014,0,0,1.01889233954451,0.473586882753709,"ACSL3","L4","WTvsHET_in_Vehicle"
"Colorectal cancer","1/88",0.641044203340976,0.688664629874877,0,0,0.983608195902049,0.437368136255594,"CYCS","L4","WTvsHET_in_Vehicle"
"TGF-beta signaling pathway","1/91",0.653393188264244,0.697942723827715,0,0,0.950676328502415,0.404585224002635,"SKP1A","L4","WTvsHET_in_Vehicle"
"Small cell lung cancer","1/92",0.657414779752435,0.698271065499762,0,0,0.940181557572862,0.394349880255036,"CYCS","L4","WTvsHET_in_Vehicle"
"Choline metabolism in cancer","1/99",0.684294487479686,0.722737998012253,0,0,0.872715173025732,0.331079264403193,"WASF1","L4","WTvsHET_in_Vehicle"
"TNF signaling pathway","1/110",0.722353378776976,0.758672822402634,0,0,0.784204228161149,0.255055222715996,"CX3CL1","L4","WTvsHET_in_Vehicle"
"Sphingolipid signaling pathway","1/124",0.764255049605706,0.798221940699293,0,0,0.694450335807706,0.186705549861773,"PLCB1","L4","WTvsHET_in_Vehicle"
"AMPK signaling pathway","1/126",0.769702990524076,0.799470509494621,0,0,0.683269565217391,0.178846194837353,"RAB2A","L4","WTvsHET_in_Vehicle"
"FoxO signaling pathway","1/132",0.785306032768946,0.81119524264045,0,0,0.651775638898108,0.157522300813032,"GABARAPL1","L4","WTvsHET_in_Vehicle"
"Purine metabolism","1/136",0.7951186602379,0.816843213796313,0,0,0.632334943639291,0.144971586227464,"GDA","L4","WTvsHET_in_Vehicle"
"Epstein-Barr virus infection","1/229",0.931140710346366,0.951382899701721,0,0,0.372635392829901,0.0265856252211908,"CYCS","L4","WTvsHET_in_Vehicle"
"MicroRNAs in cancer","1/281",0.962656322626613,0.977597041858168,0,0,0.302624223602484,0.0115175187018328,"STMN1","L4","WTvsHET_in_Vehicle"
"Cytokine-cytokine receptor interaction","1/292",0.967197073327762,0.977597041858168,0,0,0.29102046914687,0.00970640733968125,"CX3CL1","L4","WTvsHET_in_Vehicle"
"Herpes simplex virus 1 infection","1/433",0.993813040317908,0.999127548554902,0,0,0.194615539452496,0.00120781872372789,"CYCS","L4","WTvsHET_in_Vehicle"
"Olfactory transduction","3/1133",0.999849124759215,0.999849124759215,0,0,0.217035398230088,3.27477384403588e-05,"CAMK2A;CALM1;CALM2","L4","WTvsHET_in_Vehicle"
"Ribosome","48/170",2.2408414376486e-51,3.8318388583791e-49,0,0,37.1160151324086,4328.65483076605,"RPL30;RPL3;RPL32;RPL34;RPLP1;RPL11;RPL8;RPL10A;RPL6;RPS14;RPS16;RPS19;RPL18A;RPL14;RPS3;RPL35;RPL13;RPL38;RPL37;RPL15;RPS2;RPS27A;RPS10;RPS13;RPS12;RPL19;RPL41;RPL21;RPS7;RPS8;RPL23;RPS5;RPSA;RPS26;RPS27;RPS29;RPS3A1;RPL27A;RPL37A;RPL24;RPL22L1;FAU;RPL29;RPL28;UBA52;RPS21;RPS24;RPS23","L5","WTvsHET_in_Vehicle"
"Alzheimer disease","18/175",1.16952700039712e-11,9.99945585339539e-10,0,0,9.43547610126853,237.50826293825,"NDUFA13;NDUFA6;NDUFA4;COX4I1;ATP5G3;ATP5F1;COX5B;GRIN2B;COX7C;RTN4;RYR3;PPP3CA;PPP3R1;GRIN2A;CALM1;CALM2;GAPDH;SNCA","L5","WTvsHET_in_Vehicle"
"Long-term potentiation","11/67",8.3215547796865e-10,4.19642300976844e-08,0,0,15.7848396501458,330.013671294122,"PRKCG;GRIA1;CAMK2B;PPP3CA;GRIA2;GRM5;PPP3R1;GRIN2A;CALM1;GRIN2B;CALM2","L5","WTvsHET_in_Vehicle"
"Amphetamine addiction","11/68",9.81619417489693e-10,4.19642300976844e-08,0,0,15.5071249552453,321.645954860485,"PRKCG;GRIA1;CAMK2B;PPP3CA;GRIA2;PPP3R1;GRIN2A;GNAS;CALM1;GRIN2B;CALM2","L5","WTvsHET_in_Vehicle"
"Glutamatergic synapse","12/114",2.60034255912762e-08,8.89317155221647e-07,0,0,9.47058823529412,165.404179188763,"PRKCG;GRIA1;GRIA2;PPP3CA;PPP3R1;GRIN2A;GRM5;HOMER1;GNAS;DLGAP1;GRIN2B;GNG13","L5","WTvsHET_in_Vehicle"
"Circadian entrainment","11/99",5.69198963740377e-08,1.62221704666007e-06,0,0,10.0285714285714,167.29282658236,"PRKCG;GRIA1;CAMK2B;GRIA2;GRIN2A;GNAS;CALM1;GRIN2B;CALM2;RYR3;GNG13","L5","WTvsHET_in_Vehicle"
"Oxytocin signaling pathway","13/154",9.63160593284362e-08,2.35286373502323e-06,0,0,7.437731663894,120.161246517132,"PRKCG;CAMK2B;MEF2C;ACTB;RYR3;ACTG1;CACNB2;PPP3CA;MYL6;PPP3R1;GNAS;CALM1;CALM2","L5","WTvsHET_in_Vehicle"
"Calcium signaling pathway","14/189",1.57885247828244e-07,3.26314980981615e-06,0,0,6.46909090909091,101.315003203443,"PRKCG;CAMK2B;ATP2B1;RYR3;PPP3CA;PPP3R1;GRIN2A;GRM5;GNAS;PTK2B;VDAC1;CALM1;CALM2;SLC25A4","L5","WTvsHET_in_Vehicle"
"Dopaminergic synapse","12/135",1.71744726832429e-07,3.26314980981615e-06,0,0,7.8452618952419,122.207657706146,"PRKCG;GRIA1;CAMK2B;GRIA2;PPP3CA;GRIN2A;CALY;GNAS;CALM1;GRIN2B;CALM2;GNG13","L5","WTvsHET_in_Vehicle"
"Parkinson disease","12/144",3.47656354301977e-07,5.94492365856381e-06,0,0,7.3070044709389,108.67014558005,"NDUFA13;NDUFA6;UBB;NDUFA4;COX4I1;VDAC1;ATP5G3;ATP5F1;COX5B;COX7C;SLC25A4;SNCA","L5","WTvsHET_in_Vehicle"
"Oocyte meiosis","10/116",2.45955558435627e-06,3.82349095386293e-05,0,0,7.53106304647952,97.2676698133005,"YWHAE;CAMK2B;PPP3CA;PPP3R1;YWHAB;CALM1;SKP1A;CALM2;YWHAZ;YWHAH","L5","WTvsHET_in_Vehicle"
"Huntington disease","12/192",7.20352040157135e-06,0.000102650165722392,0,0,5.34535519125683,63.2940338763191,"NDUFA13;GRM5;NDUFA6;NDUFA4;COX4I1;VDAC1;ATP5G3;ATP5F1;COX5B;GRIN2B;COX7C;SLC25A4","L5","WTvsHET_in_Vehicle"
"Nicotine addiction","6/40",1.10524864538391e-05,0.000145382706431268,0,0,13.9129411764706,158.786382174802,"GABRB3;GRIA1;GABRA2;GRIA2;GRIN2A;GRIN2B","L5","WTvsHET_in_Vehicle"
"Retrograde endocannabinoid signaling","10/150",2.4123506026877e-05,0.00029465139504257,0,0,5.69221835075494,60.5215088675466,"PRKCG;GRIA1;GABRB3;GABRA2;GRIA2;NDUFA13;GRM5;NDUFA6;NDUFA4;GNG13","L5","WTvsHET_in_Vehicle"
"Gastric acid secretion","7/74",4.49548187906812e-05,0.000484929173432502,0,0,8.25624887610142,82.64383427407,"PRKCG;CAMK2B;GNAS;ATP1B1;CALM1;CALM2;ACTB","L5","WTvsHET_in_Vehicle"
"Thermogenesis","12/231",4.5373489911813e-05,0.000484929173432502,0,0,4.38468448237144,43.8493991046184,"COA3;NDUFA13;NDUFA6;NDUFA4;COX4I1;GNAS;ATP5G3;COX5B;ATP5F1;COX7C;ACTB;ACTG1","L5","WTvsHET_in_Vehicle"
"Amyotrophic lateral sclerosis (ALS)","6/52",5.15628573022703e-05,0.000518661682275777,0,0,10.2772173913043,101.463976268165,"GRIA1;PPP3CA;GRIA2;PPP3R1;GRIN2A;GRIN2B","L5","WTvsHET_in_Vehicle"
"Oxidative phosphorylation","9/134",5.81739280697353e-05,0.000540309723398308,0,0,5.7188987854251,55.7711200072388,"NDUFA13;NDUFA6;NDUFA4;COX4I1;ATP5G3;ATP5F1;COX5B;COX7C;ATP6V0C","L5","WTvsHET_in_Vehicle"
"Salivary secretion","7/78",6.31941196957085e-05,0.000540309723398308,0,0,7.78952429436054,75.3192418374034,"PRKCG;GNAS;ATP2B1;ATP1B1;CALM1;CALM2;RYR3","L5","WTvsHET_in_Vehicle"
"Salmonella infection","7/78",6.31941196957085e-05,0.000540309723398308,0,0,7.78952429436054,75.3192418374034,"CDC42;ARPC2;ARPC5;WASF1;ACTB;ACTG1;PFN2","L5","WTvsHET_in_Vehicle"
"Rap1 signaling pathway","11/209",8.3678834393137e-05,0.000681384794344115,0,0,4.43219954648526,41.6118139738061,"PRKCG;CDC42;GRIN2A;DOCK4;GNAS;CALM1;GRIN2B;CALM2;ACTB;PFN2;ACTG1","L5","WTvsHET_in_Vehicle"
"cAMP signaling pathway","11/211",9.10993836330936e-05,0.000708090663693591,0,0,4.38742857142857,40.8187028520555,"GRIA1;CAMK2B;GRIA2;GRIN2A;GNAS;PDE4A;ATP2B1;CALM1;ATP1B1;GRIN2B;CALM2","L5","WTvsHET_in_Vehicle"
"Regulation of actin cytoskeleton","11/217",0.000116829666585307,0.000868603173308152,0,0,4.25833168218744,38.5583141435314,"CDC42;NCKAP1;ARPC2;TMSB4X;CFL1;ARPC5;WASF1;ACTB;PFN2;MYL12B;ACTG1","L5","WTvsHET_in_Vehicle"
"Aldosterone synthesis and secretion","7/102",0.000340674702960406,0.00242730725859289,0,0,5.8145423800465,46.4266932532406,"PRKCG;CAMK2B;GNAS;ATP2B1;ATP1B1;CALM1;CALM2","L5","WTvsHET_in_Vehicle"
"Bacterial invasion of epithelial cells","6/74",0.000371154920563797,0.00252979170870735,0,0,6.94447058823529,54.8536162769102,"CDC42;ARPC2;ARPC5;WASF1;ACTB;ACTG1","L5","WTvsHET_in_Vehicle"
"cGMP-PKG signaling pathway","9/172",0.000384646692551995,0.00252979170870735,0,0,4.37716400486824,34.4184517755835,"PPP3CA;MEF2C;PPP3R1;VDAC1;ATP2B1;ATP1B1;CALM1;CALM2;SLC25A4","L5","WTvsHET_in_Vehicle"
"Axon guidance","9/180",0.00053537277907494,0.00339069426747462,0,0,4.17067973577669,31.4158422594015,"EPHA5;CAMK2B;CDC42;PPP3CA;EPHA7;PPP3R1;EPHA6;CFL1;MYL12B","L5","WTvsHET_in_Vehicle"
"Leukocyte transendothelial migration","7/115",0.000702487251392011,0.00429018999957264,0,0,5.11125985423174,37.1122613400705,"PRKCG;CDC42;PTK2B;THY1;ACTB;ACTG1;MYL12B","L5","WTvsHET_in_Vehicle"
"Fc gamma R-mediated phagocytosis","6/87",0.000881350191167237,0.00519692698929647,0,0,5.82607407407407,40.980928490157,"PRKCG;CDC42;ARPC2;CFL1;ARPC5;WASF1","L5","WTvsHET_in_Vehicle"
"Human immunodeficiency virus 1 infection","10/238",0.00102920795361867,0.00580662608114808,0,0,3.47953216374269,23.9355825791023,"PRKCG;PPP3CA;PPP3R1;CFL1;PTK2B;ELOB;CALM1;SKP1A;CALM2;GNG13","L5","WTvsHET_in_Vehicle"
"GnRH signaling pathway","6/90",0.00105266320769351,0.00580662608114808,0,0,5.61714285714286,38.5135576845465,"CAMK2B;CDC42;GNAS;PTK2B;CALM1;CALM2","L5","WTvsHET_in_Vehicle"
"Morphine addiction","6/92",0.0011803331381982,0.00630740520724663,0,0,5.48595348837209,36.9860710798283,"GABRB3;PRKCG;GABRA2;GNAS;PDE4A;GNG13","L5","WTvsHET_in_Vehicle"
"Glucagon signaling pathway","6/102",0.00200528831270004,0.0103910394385366,0,0,4.912,30.5131840245276,"CAMK2B;PPP3CA;PPP3R1;GNAS;CALM1;CALM2","L5","WTvsHET_in_Vehicle"
"Fluid shear stress and atherosclerosis","7/143",0.0024800591820768,0.0124732388275039,0,0,4.05315379163714,24.3167861514832,"MEF2C;HSP90AA1;HSP90AB1;CALM1;CALM2;ACTB;ACTG1","L5","WTvsHET_in_Vehicle"
"Renin secretion","5/76",0.00291515032952929,0.0142425916099859,0,0,5.5196116940688,32.2225762044456,"PPP3CA;PPP3R1;GNAS;CALM1;CALM2","L5","WTvsHET_in_Vehicle"
"Adrenergic signaling in cardiomyocytes","7/148",0.00300533143828448,0.0142753243318513,0,0,3.90842803839471,22.6976776593526,"CAMK2B;CACNB2;GNAS;ATP2B1;ATP1B1;CALM1;CALM2","L5","WTvsHET_in_Vehicle"
"Cardiac muscle contraction","5/78",0.0032632041057159,0.0147278750761732,0,0,5.36784369371828,30.7311505201986,"CACNB2;COX4I1;ATP1B1;COX5B;COX7C","L5","WTvsHET_in_Vehicle"
"Cocaine addiction","4/48",0.00327991204468172,0.0147278750761732,0,0,7.10678210678211,40.6503578102639,"GRIA2;GRIN2A;GNAS;GRIN2B","L5","WTvsHET_in_Vehicle"
"Non-alcoholic fatty liver disease (NAFLD)","7/151",0.00335898905246056,0.0147278750761732,0,0,3.82641677822401,21.7957108772933,"CDC42;NDUFA13;NDUFA6;NDUFA4;COX4I1;COX5B;COX7C","L5","WTvsHET_in_Vehicle"
"Hippo signaling pathway","7/159",0.00445772550714977,0.0190567765430653,0,0,3.62354681885436,19.6146815048924,"YWHAE;DLG1;YWHAB;YWHAZ;ACTB;ACTG1;YWHAH","L5","WTvsHET_in_Vehicle"
"Endocrine and other factor-regulated calcium reabsorption","4/55",0.00536260280707617,0.0223659775612201,0,0,6.1291627762216,32.0451374356639,"PRKCG;GNAS;ATP2B1;ATP1B1","L5","WTvsHET_in_Vehicle"
"GABAergic synapse","5/90",0.00600518894161637,0.0244496978337238,0,0,4.60721818607921,23.5665262254961,"GABRB3;PRKCG;GABRA2;GABARAPL2;GNG13","L5","WTvsHET_in_Vehicle"
"VEGF signaling pathway","4/58",0.00647550868685751,0.0257514415221543,0,0,5.78777189888301,29.1687967493064,"PRKCG;CDC42;PPP3CA;PPP3R1","L5","WTvsHET_in_Vehicle"
"Estrogen signaling pathway","6/134",0.00763433906624073,0.0287420314695518,0,0,3.678,17.9306137923273,"HSPA8;HSP90AA1;HSP90AB1;GNAS;CALM1;CALM2","L5","WTvsHET_in_Vehicle"
"Necroptosis","7/176",0.00767077364211589,0.0287420314695518,0,0,3.25622014685963,15.8588920751741,"CAMK2B;HSP90AA1;HSP90AB1;FTH1;VDAC1;PPIA;SLC25A4","L5","WTvsHET_in_Vehicle"
"Long-term depression","4/61",0.0077317745473648,0.0287420314695518,0,0,5.48231690336953,26.6573102329718,"PRKCG;GRIA1;GRIA2;GNAS","L5","WTvsHET_in_Vehicle"
"Apelin signaling pathway","6/138",0.0087634753415317,0.0318841336894026,0,0,3.56581818181818,16.8918609722708,"GABARAPL2;MEF2C;CALM1;CALM2;RYR3;GNG13","L5","WTvsHET_in_Vehicle"
"Melanogenesis","5/100",0.00928599474521782,0.0330813562798385,0,0,4.12015097504718,19.2792080253799,"PRKCG;CAMK2B;GNAS;CALM1;CALM2","L5","WTvsHET_in_Vehicle"
"T cell receptor signaling pathway","5/101",0.00967029900634652,0.0337473700017399,0,0,4.07702523240372,18.9120808370874,"CDC42;PPP3CA;PPP3R1;DLG1;RASGRP1","L5","WTvsHET_in_Vehicle"
"Th17 cell differentiation","5/102",0.0100654035263294,0.0344236800600465,0,0,4.03478868033023,18.5545855187025,"PPP3CA;PPP3R1;HSP90AA1;HSP90AB1;RORA","L5","WTvsHET_in_Vehicle"
"Ras signaling pathway","8/233",0.0105141791344995,0.0352534241568514,0,0,2.7984229390681,12.7469019485449,"PRKCG;CDC42;GRIN2A;CALM1;GRIN2B;CALM2;RASGRP1;GNG13","L5","WTvsHET_in_Vehicle"
"HIF-1 signaling pathway","5/104",0.0108885679753749,0.0358066369959445,0,0,3.952875367218,17.8671620865974,"PRKCG;CAMK2B;ELOB;ALDOA;GAPDH","L5","WTvsHET_in_Vehicle"
"Adherens junction","4/72",0.013674107690757,0.044118347455084,0,0,4.59290382819795,19.7138968942867,"CDC42;WASF1;ACTB;ACTG1","L5","WTvsHET_in_Vehicle"
"Glioma","4/75",0.0156852029260562,0.0496698092658447,0,0,4.39816677844847,18.2745478949859,"PRKCG;CAMK2B;CALM1;CALM2","L5","WTvsHET_in_Vehicle"
"Thyroid hormone signaling pathway","5/115",0.0162453032613395,0.0505081246852557,0,0,3.55559579862369,14.6488820379045,"PRKCG;THRA;ATP1B1;ACTB;ACTG1","L5","WTvsHET_in_Vehicle"
"Human cytomegalovirus infection","8/255",0.0172681726946904,0.052729598764144,0,0,2.54629750555048,10.3351419928063,"PRKCG;PPP3CA;PPP3R1;GNAS;PTK2B;CALM1;CALM2;GNG13","L5","WTvsHET_in_Vehicle"
"Mineral absorption","3/44",0.0186614402383852,0.0559843207151555,0,0,5.69835148944375,22.6868234407605,"FTH1;ATP2B1;ATP1B1","L5","WTvsHET_in_Vehicle"
"Neurotrophin signaling pathway","5/121",0.0197978619318165,0.0583695584541487,0,0,3.3706553097953,13.2203213271372,"YWHAE;CAMK2B;CDC42;CALM1;CALM2","L5","WTvsHET_in_Vehicle"
"Tight junction","6/167",0.0207406223186677,0.0591114273884479,0,0,2.9192049689441,11.3138490561415,"CDC42;MYL6;DLG1;ACTB;ACTG1;MYL12B","L5","WTvsHET_in_Vehicle"
"Pathways in cancer","13/535",0.0208469815404928,0.0591114273884479,0,0,1.96999511218328,7.62495692105167,"PRKCG;CAMK2B;HSP90AA1;HSP90AB1;RASGRP1;GNG13;CDC42;TPR;GNAS;ELOB;CALM1;SKP1A;CALM2","L5","WTvsHET_in_Vehicle"
"Cell cycle","5/123",0.0210865325771656,0.0591114273884479,0,0,3.31318792626106,12.7859921382606,"YWHAE;YWHAB;SKP1A;YWHAZ;YWHAH","L5","WTvsHET_in_Vehicle"
"Kaposi sarcoma-associated herpesvirus infection","7/216",0.0215295398692148,0.0593798599618667,0,0,2.62763974558521,10.0857467289722,"GABARAPL2;PPP3CA;PPP3R1;UBB;CALM1;CALM2;GNG13","L5","WTvsHET_in_Vehicle"
"Platelet activation","5/125",0.0224287411140944,0.0608780115953991,0,0,3.25763612217796,12.3705866880721,"GNAS;RASGRP1;ACTB;ACTG1;MYL12B","L5","WTvsHET_in_Vehicle"
"Inflammatory mediator regulation of TRP channels","5/127",0.0238252057613069,0.063657971643492,0,0,3.20390568872053,11.9730314204428,"PRKCG;CAMK2B;GNAS;CALM1;CALM2","L5","WTvsHET_in_Vehicle"
"Insulin secretion","4/86",0.0246019310351436,0.0647220031847624,0,0,3.80603948896632,14.1011111846119,"PRKCG;CAMK2B;GNAS;ATP1B1","L5","WTvsHET_in_Vehicle"
"Tuberculosis","6/178",0.0272892425674696,0.0707039466520804,0,0,2.73097674418605,9.83496468229873,"CAMK2B;PPP3CA;PPP3R1;CALM1;CALM2;ATP6V0C","L5","WTvsHET_in_Vehicle"
"Dilated cardiomyopathy (DCM)","4/90",0.0284678925281242,0.0726568600344663,0,0,3.62827611664821,12.9129563455633,"CACNB2;GNAS;ACTB;ACTG1","L5","WTvsHET_in_Vehicle"
"Cellular senescence","6/185",0.0320988646451009,0.0807192037398862,0,0,2.62324022346369,9.02115161785378,"PPP3CA;PPP3R1;VDAC1;CALM1;CALM2;SLC25A4","L5","WTvsHET_in_Vehicle"
"Vascular smooth muscle contraction","5/140",0.0342676380803861,0.0849241465470439,0,0,2.89346318429984,9.76125391262752,"PRKCG;MYL6;GNAS;CALM1;CALM2","L5","WTvsHET_in_Vehicle"
"MAPK signaling pathway","8/294",0.0360857708189636,0.0881523830006112,0,0,2.19467629145048,7.29040003660978,"PRKCG;CDC42;PPP3CA;CACNB2;HSPA8;MEF2C;PPP3R1;RASGRP1","L5","WTvsHET_in_Vehicle"
"Phosphatidylinositol signaling system","4/98",0.0372277818651264,0.0896612774498114,0,0,3.31813576494428,10.9189892691467,"PRKCG;DGKB;CALM1;CALM2","L5","WTvsHET_in_Vehicle"
"Legionellosis","3/58",0.0381988134601273,0.0907221819678022,0,0,4.24484369385555,13.8592059206964,"EEF1A1;HSPA8;ARF1","L5","WTvsHET_in_Vehicle"
"Phospholipase D signaling pathway","5/149",0.042931580999965,0.100050026901691,0,0,2.71137671536078,8.53581401790212,"ARF1;GRM5;DGKB;GNAS;PTK2B","L5","WTvsHET_in_Vehicle"
"Alcoholism","6/199",0.0432965028697377,0.100050026901691,0,0,2.43121243523316,7.63323735484546,"GRIN2A;GNAS;CALM1;GRIN2B;CALM2;GNG13","L5","WTvsHET_in_Vehicle"
"Pancreatic secretion","4/105",0.0460289257939085,0.104487766843712,0,0,3.08706584944209,9.50348670956267,"PRKCG;GNAS;ATP2B1;ATP1B1","L5","WTvsHET_in_Vehicle"
"Phototransduction","2/27",0.0464390074860943,0.104487766843712,0,0,6.21070866141732,19.0644875379345,"CALM1;CALM2","L5","WTvsHET_in_Vehicle"
"Parathyroid hormone synthesis, secretion and action","4/107",0.0487385815018365,0.108237629049533,0,0,3.02681460933888,9.14486756286357,"PRKCG;MEF2C;GNAS;PDE4A","L5","WTvsHET_in_Vehicle"
"Protein export","2/28",0.0495989299368744,0.10873611563084,0,0,5.97153240460327,17.937205550967,"SEC62;SEC11C","L5","WTvsHET_in_Vehicle"
"Wnt signaling pathway","5/160",0.0551606711590739,0.118522889465658,0,0,2.51754273229662,7.29459280215963,"PRKCG;CAMK2B;PPP3CA;PPP3R1;SKP1A","L5","WTvsHET_in_Vehicle"
"C-type lectin receptor signaling pathway","4/112",0.0558899181196423,0.118522889465658,0,0,2.885949441505,8.3241496578522,"PPP3CA;PPP3R1;CALM1;CALM2","L5","WTvsHET_in_Vehicle"
"Circadian rhythm","2/30",0.0561424213258379,0.118522889465658,0,0,5.54443194600675,15.9672076266753,"RORA;SKP1A","L5","WTvsHET_in_Vehicle"
"Endocytosis","7/269",0.0585077354772783,0.121165430269697,0,0,2.09040743125172,5.93382280633471,"CDC42;HSPA8;ARF1;UBB;ARPC2;CAPZA2;ARPC5","L5","WTvsHET_in_Vehicle"
"Protein processing in endoplasmic reticulum","5/163",0.0588112907157008,0.121165430269697,0,0,2.46936305411266,6.99674618001194,"HSPA8;HSP90AA1;HSP90AB1;SEC62;SKP1A","L5","WTvsHET_in_Vehicle"
"Arrhythmogenic right ventricular cardiomyopathy (ARVC)","3/72",0.0649509003765998,0.129633274360385,0,0,3.38116514865097,9.24452367643387,"CACNB2;ACTB;ACTG1","L5","WTvsHET_in_Vehicle"
"Natural killer cell mediated cytotoxicity","4/118",0.0651755841903017,0.129633274360385,0,0,2.73322194374826,7.46352813759329,"PRKCG;PPP3CA;PPP3R1;PTK2B","L5","WTvsHET_in_Vehicle"
"Influenza A","5/168",0.0651956818420647,0.129633274360385,0,0,2.39300466844279,6.53376911222893,"HSPA8;VDAC1;ACTB;ACTG1;KPNA1","L5","WTvsHET_in_Vehicle"
"Thyroid hormone synthesis","3/73",0.0671205797253898,0.131926656701628,0,0,3.33269339356296,9.00248661907263,"PRKCG;GNAS;ATP1B1","L5","WTvsHET_in_Vehicle"
"Pertussis","3/76",0.0738249542564852,0.143455308839306,0,0,3.19524608803942,8.32699813457932,"CFL1;CALM1;CALM2","L5","WTvsHET_in_Vehicle"
"Viral carcinogenesis","6/229",0.0747131720146672,0.143550027129304,0,0,2.10091479820628,5.4499807044072,"YWHAE;CDC42;DLG1;YWHAB;YWHAZ;YWHAH","L5","WTvsHET_in_Vehicle"
"Neuroactive ligand-receptor interaction","8/348",0.07976994137835,0.151562888618865,0,0,1.84098671726755,4.65513469838423,"GABRB3;GABRA2;GRIA1;GRIA2;GRIN2A;GRM5;THRA;GRIN2B","L5","WTvsHET_in_Vehicle"
"Aldosterone-regulated sodium reabsorption","2/38",0.0849578572770576,0.159646083454691,0,0,4.31058617672791,10.6281810281029,"PRKCG;ATP1B1","L5","WTvsHET_in_Vehicle"
"Serotonergic synapse","4/132",0.0897344240461137,0.166788983824842,0,0,2.43253968253968,5.86461190293024,"PRKCG;GABRB3;GNAS;GNG13","L5","WTvsHET_in_Vehicle"
"Gap junction","3/86",0.0981748362332074,0.178594648892324,0,0,2.80884804038288,6.51935131960099,"PRKCG;GRM5;GNAS","L5","WTvsHET_in_Vehicle"
"Hypertrophic cardiomyopathy (HCM)","3/86",0.0981748362332074,0.178594648892324,0,0,2.80884804038288,6.51935131960099,"CACNB2;ACTB;ACTG1","L5","WTvsHET_in_Vehicle"
"Vasopressin-regulated water reabsorption","2/43",0.104766329462666,0.188579393032799,0,0,3.7839446898406,8.53666565492747,"GNAS;DYNLL1","L5","WTvsHET_in_Vehicle"
"Antigen processing and presentation","3/90",0.108713864279618,0.19364657074807,0,0,2.6791604197901,5.94515327853745,"HSPA8;HSP90AA1;HSP90AB1","L5","WTvsHET_in_Vehicle"
"Focal adhesion","5/199",0.112920002144265,0.199065158419272,0,0,2.00743418080256,4.3783658239905,"PRKCG;CDC42;ACTB;MYL12B;ACTG1","L5","WTvsHET_in_Vehicle"
"Proteoglycans in cancer","5/203",0.120049047602196,0.209473338163016,0,0,1.96647752424645,4.16864699523765,"PRKCG;CAMK2B;CDC42;ACTB;ACTG1","L5","WTvsHET_in_Vehicle"
"Choline metabolism in cancer","3/99",0.133907159945221,0.231294185359927,0,0,2.42687747035573,4.87950060476314,"PRKCG;DGKB;WASF1","L5","WTvsHET_in_Vehicle"
"Hepatitis C","4/160",0.149782499659467,0.256128074417689,0,0,1.99308099308099,3.78400585269541,"YWHAE;YWHAB;YWHAZ;YWHAH","L5","WTvsHET_in_Vehicle"
"Hepatitis B","4/163",0.15696584170728,0.265754048831138,0,0,1.95517620045922,3.62045268928475,"PRKCG;YWHAB;PTK2B;YWHAZ","L5","WTvsHET_in_Vehicle"
"RNA transport","4/167",0.166738558421997,0.27953228911923,0,0,1.90680689453696,3.41571698444997,"EIF4A2;EEF1A1;TPR;EIF1","L5","WTvsHET_in_Vehicle"
"PI3K-Akt signaling pathway","7/357",0.175040590449143,0.290272571438538,0,0,1.55775100401606,2.71475091360364,"YWHAE;HSP90AA1;HSP90AB1;YWHAB;YWHAZ;GNG13;YWHAH","L5","WTvsHET_in_Vehicle"
"Cholinergic synapse","3/113",0.176540043448,0.290272571438538,0,0,2.11649299317284,3.67043813522781,"PRKCG;CAMK2B;GNG13","L5","WTvsHET_in_Vehicle"
"Mitophagy","2/63",0.192934815391655,0.314208127923552,0,0,2.54072544210662,4.18051698821385,"GABARAPL2;UBB","L5","WTvsHET_in_Vehicle"
"Human T-cell leukemia virus 1 infection","5/245",0.206147621386289,0.332558898651466,0,0,1.61885790172643,2.55644010916369,"PPP3CA;PPP3R1;DLG1;VDAC1;SLC25A4","L5","WTvsHET_in_Vehicle"
"Glycolysis / Gluconeogenesis","2/67",0.211608354253206,0.338177837171011,0,0,2.38388855239249,3.70222206650445,"ALDOA;GAPDH","L5","WTvsHET_in_Vehicle"
"Renal cell carcinoma","2/68",0.216305365979435,0.342483496134105,0,0,2.34764972560248,3.59440230413413,"CDC42;ELOB","L5","WTvsHET_in_Vehicle"
"B cell receptor signaling pathway","2/72",0.235177047643998,0.365593410428397,0,0,2.21304836895388,3.20320306592264,"PPP3CA;PPP3R1","L5","WTvsHET_in_Vehicle"
"Bile secretion","2/72",0.235177047643998,0.365593410428397,0,0,2.21304836895388,3.20320306592264,"GNAS;ATP1B1","L5","WTvsHET_in_Vehicle"
"FoxO signaling pathway","3/132",0.239215494641347,0.368521167420453,0,0,1.80301498299476,2.57901547071412,"GABARAPL2;HOMER1;PLK2","L5","WTvsHET_in_Vehicle"
"Proximal tubule bicarbonate reclamation","1/22",0.246907348658281,0.376974612683626,0,0,3.68309990662932,5.15170696925342,"ATP1B1","L5","WTvsHET_in_Vehicle"
"Synaptic vesicle cycle","2/77",0.258883896473668,0.391762356610595,0,0,2.06498687664042,2.7905728669227,"SYT1;ATP6V0C","L5","WTvsHET_in_Vehicle"
"NOD-like receptor signaling pathway","4/205",0.268251791548194,0.402377687322291,0,0,1.54331517018084,2.03073919480667,"GABARAPL2;HSP90AA1;HSP90AB1;VDAC1","L5","WTvsHET_in_Vehicle"
"ErbB signaling pathway","2/84",0.292101457418778,0.433311099536662,0,0,1.88803533704628,2.32351839100227,"PRKCG;CAMK2B","L5","WTvsHET_in_Vehicle"
"Collecting duct acid secretion","1/27",0.293942032434227,0.433311099536662,0,0,2.97405731523379,3.64135458404039,"ATP6V0C","L5","WTvsHET_in_Vehicle"
"Th1 and Th2 cell differentiation","2/87",0.306290904190367,0.443862242513158,0,0,1.8211208893006,2.15478658823178,"PPP3CA;PPP3R1","L5","WTvsHET_in_Vehicle"
"Viral myocarditis","2/87",0.306290904190367,0.443862242513158,0,0,1.8211208893006,2.15478658823178,"ACTB;ACTG1","L5","WTvsHET_in_Vehicle"
"Taste transduction","2/88",0.311009515949441,0.446912833843315,0,0,1.79985350668376,2.10210609065507,"GABRA2;GNG13","L5","WTvsHET_in_Vehicle"
"Progesterone-mediated oocyte maturation","2/90",0.320426199690928,0.456607334559573,0,0,1.75876879026485,2.00166055589178,"HSP90AA1;HSP90AB1","L5","WTvsHET_in_Vehicle"
"IL-17 signaling pathway","2/91",0.325123085524723,0.459471467972956,0,0,1.73891887109617,1.95376480802605,"HSP90AA1;HSP90AB1","L5","WTvsHET_in_Vehicle"
"Pentose phosphate pathway","1/32",0.338049900668348,0.473824041100717,0,0,2.49373814041746,2.70461302476141,"ALDOA","L5","WTvsHET_in_Vehicle"
"Prostate cancer","2/97",0.353109145841156,0.490907836901119,0,0,1.6285951098218,1.69533180208736,"HSP90AA1;HSP90AB1","L5","WTvsHET_in_Vehicle"
"Fructose and mannose metabolism","1/35",0.363185710217169,0.500844810057547,0,0,2.27335640138408,2.30254851897607,"ALDOA","L5","WTvsHET_in_Vehicle"
"Hepatocellular carcinoma","3/171",0.374807783633602,0.512737048010768,0,0,1.38170525127047,1.3559253413602,"PRKCG;ACTB;ACTG1","L5","WTvsHET_in_Vehicle"
"Thyroid cancer","1/37",0.379412409071997,0.514916840883424,0,0,2.14684095860566,2.08057123050728,"TPR","L5","WTvsHET_in_Vehicle"
"Amoebiasis","2/106",0.3942852351898,0.527998847900182,0,0,1.48697758933979,1.38390132057188,"PRKCG;GNAS","L5","WTvsHET_in_Vehicle"
"African trypanosomiasis","1/39",0.395227207784931,0.527998847900182,0,0,2.03364293085655,1.88781948640137,"PRKCG","L5","WTvsHET_in_Vehicle"
"Ferroptosis","1/40",0.402983409778842,0.533899533116377,0,0,1.98139768728004,1.80081287357589,"FTH1","L5","WTvsHET_in_Vehicle"
"Phagosome","3/180",0.405888533948123,0.533899533116377,0,0,1.31084611777316,1.18195940692637,"ATP6V0C;ACTB;ACTG1","L5","WTvsHET_in_Vehicle"
"Carbohydrate digestion and absorption","1/43",0.425662505141437,0.55563578915409,0,0,1.83958916900093,1.57120872395967,"ATP1B1","L5","WTvsHET_in_Vehicle"
"Proteasome","1/46",0.447483316638923,0.579694296554969,0,0,1.71668845315904,1.38041669205506,"PSMB2","L5","WTvsHET_in_Vehicle"
"Chemokine signaling pathway","3/197",0.46321940002624,0.595567800033737,0,0,1.19493908153702,0.919570712754658,"CDC42;PTK2B;GNG13","L5","WTvsHET_in_Vehicle"
"Cholesterol metabolism","1/49",0.468478203156834,0.59783412492402,0,0,1.60915032679739,1.22016350399291,"VDAC1","L5","WTvsHET_in_Vehicle"
"Osteoclast differentiation","2/128",0.489335531191068,0.619825006175353,0,0,1.22597175353081,0.876210430936417,"PPP3CA;PPP3R1","L5","WTvsHET_in_Vehicle"
"Relaxin signaling pathway","2/131",0.501569988662823,0.63065050045105,0,0,1.19727766587316,0.826136103651951,"GNAS;GNG13","L5","WTvsHET_in_Vehicle"
"Regulation of lipolysis in adipocytes","1/56",0.514427098266843,0.642095137252774,0,0,1.40385026737968,0.933141277535441,"GNAS","L5","WTvsHET_in_Vehicle"
"Ovarian steroidogenesis","1/57",0.520659867869197,0.645165488446614,0,0,1.37871148459384,0.899827487115299,"GNAS","L5","WTvsHET_in_Vehicle"
"Ubiquitin mediated proteolysis","2/138",0.529374681967997,0.646719946956989,0,0,1.13524779990736,0.722084369596662,"ELOB;SKP1A","L5","WTvsHET_in_Vehicle"
"Inflammatory bowel disease (IBD)","1/59",0.532887337194623,0.646719946956989,0,0,1.33103448275862,0.837813335458602,"RORA","L5","WTvsHET_in_Vehicle"
"Insulin signaling pathway","2/139",0.533260307139973,0.646719946956989,0,0,1.12690384504857,0.708535826207491,"CALM1;CALM2","L5","WTvsHET_in_Vehicle"
"Apoptosis","2/141",0.540965790820576,0.651442423676829,0,0,1.1105761060443,0.682337110372306,"ACTB;ACTG1","L5","WTvsHET_in_Vehicle"
"Glycerolipid metabolism","1/61",0.544804082713385,0.651442423676829,0,0,1.28653594771242,0.781350629451416,"DGKB","L5","WTvsHET_in_Vehicle"
"Systemic lupus erythematosus","2/143",0.548583093622593,0.651442423676829,0,0,1.09471156530966,0.657282906548283,"GRIN2A;GRIN2B","L5","WTvsHET_in_Vehicle"
"Aminoacyl-tRNA biosynthesis","1/66",0.573287663553009,0.671453359366881,0,0,1.18726998491704,0.660558620457877,"LARS2","L5","WTvsHET_in_Vehicle"
"Non-small cell lung cancer","1/66",0.573287663553009,0.671453359366881,0,0,1.18726998491704,0.660558620457877,"PRKCG","L5","WTvsHET_in_Vehicle"
"Type I diabetes mellitus","1/69",0.589518200355168,0.681132515275227,0,0,1.13471741637832,0.599641061540879,"CPE","L5","WTvsHET_in_Vehicle"
"Cortisol synthesis and secretion","1/69",0.589518200355168,0.681132515275227,0,0,1.13471741637832,0.599641061540879,"GNAS","L5","WTvsHET_in_Vehicle"
"Cushing syndrome","2/159",0.606301663068709,0.695822713991605,0,0,0.982346155775114,0.491544034319526,"CAMK2B;GNAS","L5","WTvsHET_in_Vehicle"
"Pancreatic cancer","1/75",0.620157397802864,0.706979433495265,0,0,1.04239533651298,0.498037692955201,"CDC42","L5","WTvsHET_in_Vehicle"
"Rheumatoid arthritis","1/84",0.661896866703365,0.749565325869374,0,0,0.928939286557997,0.383322640207974,"ATP6V0C","L5","WTvsHET_in_Vehicle"
"Human papillomavirus infection","4/360",0.679647846422508,0.764603827225321,0,0,0.864455145354022,0.333835709768108,"CDC42;DLG1;GNAS;ATP6V0C","L5","WTvsHET_in_Vehicle"
"Protein digestion and absorption","1/90",0.687151949958968,0.76747297125975,0,0,0.866049790702798,0.324941736180299,"ATP1B1","L5","WTvsHET_in_Vehicle"
"TGF-beta signaling pathway","1/91",0.691174488736851,0.76747297125975,0,0,0.856383442265795,0.316316332404581,"SKP1A","L5","WTvsHET_in_Vehicle"
"Glycerophospholipid metabolism","1/97",0.714250478929741,0.787979560625714,0,0,0.802614379084967,0.270097048816337,"DGKB","L5","WTvsHET_in_Vehicle"
"AGE-RAGE signaling pathway in diabetic complications","1/101",0.728671927482401,0.796133153326381,0,0,0.770352941176471,0.243841110013436,"CDC42","L5","WTvsHET_in_Vehicle"
"Longevity regulating pathway","1/102",0.732162535837636,0.796133153326381,0,0,0.762686856920986,0.237769722116541,"HSPA8","L5","WTvsHET_in_Vehicle"
"Chagas disease (American trypanosomiasis)","1/103",0.735608410675837,0.796133153326381,0,0,0.75517108804306,0.231880835020311,"GNAS","L5","WTvsHET_in_Vehicle"
"Toxoplasmosis","1/108",0.752186517474466,0.808955311246124,0,0,0.719699468572476,0.204949506583179,"HSPA8","L5","WTvsHET_in_Vehicle"
"Lysosome","1/124",0.798588369949553,0.84819013205822,0,0,0.625569902757851,0.140696706320539,"ATP6V0C","L5","WTvsHET_in_Vehicle"
"Sphingolipid signaling pathway","1/124",0.798588369949553,0.84819013205822,0,0,0.625569902757851,0.140696706320539,"PRKCG","L5","WTvsHET_in_Vehicle"
"AMPK signaling pathway","1/126",0.803743350910369,0.848395759294279,0,0,0.615498039215686,0.134471104025158,"RAB2A","L5","WTvsHET_in_Vehicle"
"Autophagy","1/130",0.813662340264761,0.853366054351798,0,0,0.596291229670163,0.122961103821804,"GABARAPL2","L5","WTvsHET_in_Vehicle"
"Spliceosome","1/132",0.818432941015759,0.853366054351798,0,0,0.58712767549768,0.117639140747386,"HSPA8","L5","WTvsHET_in_Vehicle"
"Purine metabolism","1/136",0.827612214967886,0.857707204603081,0,0,0.56961510530138,0.107777200869551,"PDE4A","L5","WTvsHET_in_Vehicle"
"Measles","1/144",0.84460691382689,0.870046881110832,0,0,0.537529137529138,0.0907800443069997,"HSPA8","L5","WTvsHET_in_Vehicle"
"mTOR signaling pathway","1/154",0.863522023082834,0.884205185312363,0,0,0.502140202486223,0.0736819831303353,"PRKCG","L5","WTvsHET_in_Vehicle"
"MicroRNAs in cancer","2/281",0.877429807115347,0.893098196528122,0,0,0.549346654248864,0.0718316449111692,"PRKCG;ZEB2","L5","WTvsHET_in_Vehicle"
"Cell adhesion molecules (CAMs)","1/170",0.889130329968586,0.89965258239425,0,0,0.454229028889662,0.0533771124183552,"CNTNAP2","L5","WTvsHET_in_Vehicle"
"Transcriptional misregulation in cancer","1/183",0.906366540132279,0.91169810801541,0,0,0.421503986209869,0.0414386828484724,"MEF2C","L5","WTvsHET_in_Vehicle"
"Olfactory transduction","4/1133",0.999770520853561,0.999770520853561,0,0,0.261714960563499,6.00650178584467e-05,"CAMK2B;CALM1;CALM2;GNG13","L5","WTvsHET_in_Vehicle"
"Ribosome","25/170",6.17328331693783e-25,1.05563144719637e-22,0,0,25.9265596209529,1445.26041903718,"RPL32;RPLP1;RPL6;RPS14;RPL36;RPS3;RPL13;RPL38;RPL37;RPS2;RPS27A;RPL19;RPS9;RPL41;RPS7;RPS8;RPL23;RPS5;RPS26;RPS29;RPS3A1;RPL24;FAU;UBA52;RPS24","L6","WTvsHET_in_Vehicle"
"Alzheimer disease","14/175",9.87775101119305e-11,8.44547711457006e-09,0,0,12.053276178812,277.68519867149,"COX8A;RTN3;NDUFA13;NDUFA4;COX4I1;ATP5J;NDUFC2;ATP5G3;COX5B;COX7C;RTN4;CALM1;CALM2;GAPDH","L6","WTvsHET_in_Vehicle"
"Oxidative phosphorylation","12/134",6.15217700123944e-10,3.50674089070648e-08,0,0,13.4713114754098,285.713650305129,"COX8A;NDUFA13;ATP6V0B;NDUFA4;COX4I1;ATP5J;NDUFC2;ATP5G3;COX5B;COX7C;ATP6V0C;ATP6V0A1","L6","WTvsHET_in_Vehicle"
"Parkinson disease","12/144",1.41535478701449e-09,6.05064171448696e-08,0,0,12.4444444444444,253.566576410398,"COX8A;NDUFA13;UBB;NDUFA4;COX4I1;ATP5J;NDUFC2;VDAC1;ATP5G3;COX5B;COX7C;SLC25A4","L6","WTvsHET_in_Vehicle"
"Thermogenesis","13/231",3.36670902891529e-08,1.15141448788903e-06,0,0,8.18432026688907,140.825512043536,"COX8A;NDUFA13;NDUFA4;COX4I1;ATP5J;NDUFC2;ACSL3;ATP5G3;COX5B;COX7C;ACTB;ACTG1;GNAS","L6","WTvsHET_in_Vehicle"
"Huntington disease","11/192",3.32403624767184e-07,9.47350330586474e-06,0,0,8.2413031053534,122.934825075047,"COX8A;NDUFA13;NDUFA4;COX4I1;ATP5J;NDUFC2;VDAC1;ATP5G3;COX5B;COX7C;SLC25A4","L6","WTvsHET_in_Vehicle"
"Necroptosis","9/176",1.01518603143487e-05,0.000247995444821947,0,0,7.21385799828914,82.9438830622334,"FTL1;HSP90AA1;HSP90AB1;H2AFJ;FTH1;VDAC1;HMGB1;PPIA;SLC25A4","L6","WTvsHET_in_Vehicle"
"Mineral absorption","5/44",2.30010368634688e-05,0.000423384243584368,0,0,16.8152487688912,179.586373615657,"FTL1;FTH1;ATP1A1;MT1;ATP1B1","L6","WTvsHET_in_Vehicle"
"Gastric acid secretion","6/74",2.44603036949413e-05,0.000423384243584368,0,0,11.6329411764706,123.523909069027,"GNAS;ATP1A1;ATP1B1;CALM1;CALM2;ACTB","L6","WTvsHET_in_Vehicle"
"Non-alcoholic fatty liver disease (NAFLD)","8/151",2.47593124903139e-05,0.000423384243584368,0,0,7.44698544698545,78.9850278568526,"COX8A;CDC42;NDUFA13;NDUFA4;COX4I1;NDUFC2;COX5B;COX7C","L6","WTvsHET_in_Vehicle"
"Cardiac muscle contraction","6/78",3.30563394464303e-05,0.000471052837111632,0,0,10.9844444444444,113.329777869033,"COX8A;COX4I1;ATP1A1;ATP1B1;COX5B;COX7C","L6","WTvsHET_in_Vehicle"
"Salivary secretion","6/78",3.30563394464303e-05,0.000471052837111632,0,0,10.9844444444444,113.329777869033,"GNAS;ATP1A1;ATP1B1;CALM1;CALM2;VAMP2","L6","WTvsHET_in_Vehicle"
"Protein processing in endoplasmic reticulum","8/163",4.27936612384656e-05,0.000562901236290585,0,0,6.86625980819529,69.0685352635635,"PDIA3;HSPA8;HSP90AA1;HSP90AB1;TUSC3;SEC62;SKP1A;HSP90B1","L6","WTvsHET_in_Vehicle"
"Estrogen signaling pathway","7/134",8.80183318711382e-05,0.0010750810535689,0,0,7.29371664112456,68.1084739857044,"HSPA8;HSP90AA1;HSP90AB1;GNAS;CALM1;CALM2;HSP90B1","L6","WTvsHET_in_Vehicle"
"Fluid shear stress and atherosclerosis","7/143",0.000132213868371077,0.00150723809943028,0,0,6.80793525463877,60.8022806459501,"HSP90AA1;HSP90AB1;CALM1;CALM2;ACTB;ACTG1;HSP90B1","L6","WTvsHET_in_Vehicle"
"Oocyte meiosis","6/116",0.000299522355917313,0.00320114517886629,0,0,7.176,58.2211950772778,"YWHAQ;CALM1;SKP1A;CALM2;YWHAZ;YWHAH","L6","WTvsHET_in_Vehicle"
"Synaptic vesicle cycle","5/77",0.000340339937618161,0.00342341937251209,0,0,9.09308314937454,72.6134122075784,"ATP6V0B;SYT1;ATP6V0C;VAMP2;ATP6V0A1","L6","WTvsHET_in_Vehicle"
"Phagosome","7/180",0.000537454791958911,0.00510582052360966,0,0,5.34185514218101,40.2170427023355,"ATP6V0B;LAMP1;ATP6V0C;TUBB4A;ACTB;ACTG1;ATP6V0A1","L6","WTvsHET_in_Vehicle"
"Proximal tubule bicarbonate reclamation","3/22",0.000642870202832239,0.00578583182549015,0,0,20.4592363261094,150.36654279538,"MDH1;ATP1A1;ATP1B1","L6","WTvsHET_in_Vehicle"
"Aldosterone synthesis and secretion","5/102",0.00122772132101584,0.0104970172946854,0,0,6.74097084727248,45.182000275342,"GNAS;ATP1A1;ATP1B1;CALM1;CALM2","L6","WTvsHET_in_Vehicle"
"cGMP-PKG signaling pathway","6/172",0.00232818183907708,0.0189580521181991,0,0,4.74168674698795,28.7472708122814,"VDAC1;ATP1A1;ATP1B1;CALM1;CALM2;SLC25A4","L6","WTvsHET_in_Vehicle"
"Thyroid hormone synthesis","4/73",0.00255309522509492,0.0198445128859651,0,0,7.5419527078566,45.0288428119872,"GNAS;ATP1A1;ATP1B1;HSP90B1","L6","WTvsHET_in_Vehicle"
"Tuberculosis","6/178",0.00276164405795752,0.0205322232135102,0,0,4.57488372093023,26.9548905401245,"ATP6V0B;LAMP1;CALM1;CALM2;ATP6V0C;ATP6V0A1","L6","WTvsHET_in_Vehicle"
"Ferroptosis","3/40",0.00372232141260183,0.026521540064788,0,0,10.4965553789083,58.7115144112696,"FTL1;FTH1;ACSL3","L6","WTvsHET_in_Vehicle"
"Vasopressin-regulated water reabsorption","3/43",0.00457100095940819,0.0303044444650309,0,0,9.7078431372549,52.3060827809692,"GNAS;DYNLL1;VAMP2","L6","WTvsHET_in_Vehicle"
"Insulin secretion","4/86",0.00460769331047254,0.0303044444650309,0,0,6.34210526315789,34.1207033473531,"GNAS;ATP1A1;ATP1B1;VAMP2","L6","WTvsHET_in_Vehicle"
"Antigen processing and presentation","4/90",0.00541316130203058,0.0330589493802582,0,0,6.04589963280294,31.553078679625,"PDIA3;HSPA8;HSP90AA1;HSP90AB1","L6","WTvsHET_in_Vehicle"
"GnRH signaling pathway","4/90",0.00541316130203058,0.0330589493802582,0,0,6.04589963280294,31.553078679625,"CDC42;GNAS;CALM1;CALM2","L6","WTvsHET_in_Vehicle"
"Rap1 signaling pathway","6/209",0.00602565556540937,0.0349204007016698,0,0,3.87014778325123,19.7831466501431,"CDC42;GNAS;CALM1;CALM2;ACTB;ACTG1","L6","WTvsHET_in_Vehicle"
"Adrenergic signaling in cardiomyocytes","5/148",0.00612638608801225,0.0349204007016698,0,0,4.5618950585838,23.2435407394113,"GNAS;ATP1A1;ATP1B1;CALM1;CALM2","L6","WTvsHET_in_Vehicle"
"Oxytocin signaling pathway","5/154",0.00722098297382483,0.0398318738233563,0,0,4.37686119383084,21.5812704364513,"GNAS;CALM1;CALM2;ACTB;ACTG1","L6","WTvsHET_in_Vehicle"
"Circadian entrainment","4/99",0.00755747281319786,0.0403852453455261,0,0,5.47063711911357,26.7252572707207,"GNG3;GNAS;CALM1;CALM2","L6","WTvsHET_in_Vehicle"
"Hippo signaling pathway","5/159",0.00823199097958425,0.0426566805305729,0,0,4.23368022705771,20.3205108879935,"YWHAQ;YWHAZ;ACTB;ACTG1;YWHAH","L6","WTvsHET_in_Vehicle"
"Endocrine and other factor-regulated calcium reabsorption","3/55",0.00907906084848867,0.0456623354438695,0,0,7.4630467571644,35.0896377335403,"GNAS;ATP1A1;ATP1B1","L6","WTvsHET_in_Vehicle"
"Pathways in cancer","10/535",0.00935880593011919,0.0457244518300109,0,0,2.52041748206132,11.7739729132469,"CDC42;HSP90AA1;GNG3;HSP90AB1;GNAS;ELOB;CALM1;SKP1A;CALM2;HSP90B1","L6","WTvsHET_in_Vehicle"
"Influenza A","5/168",0.0102922016114239,0.0488879576542635,0,0,3.99809044001138,18.2967363317147,"HSPA8;VDAC1;ACTB;ACTG1;KPNA1","L6","WTvsHET_in_Vehicle"
"Human immunodeficiency virus 1 infection","6/238",0.0110461534311631,0.0510511415332132,0,0,3.38137931034483,15.2353895202097,"PDIA3;GNG3;ELOB;CALM1;SKP1A;CALM2","L6","WTvsHET_in_Vehicle"
"Thyroid hormone signaling pathway","4/115",0.0126184053353455,0.0553268541626685,0,0,4.6782835467046,20.4562569754498,"ATP1A1;ATP1B1;ACTB;ACTG1","L6","WTvsHET_in_Vehicle"
"Leukocyte transendothelial migration","4/115",0.0126184053353455,0.0553268541626685,0,0,4.6782835467046,20.4562569754498,"CDC42;THY1;ACTB;ACTG1","L6","WTvsHET_in_Vehicle"
"Human cytomegalovirus infection","6/255",0.015085066230335,0.0637948438529063,0,0,3.14779116465863,13.2019935842004,"PDIA3;GNG3;GNAS;CALM1;CALM2;CX3CL1","L6","WTvsHET_in_Vehicle"
"Cell cycle","4/123",0.0158022432384083,0.0637948438529063,0,0,4.36200796107917,18.0918789276814,"YWHAQ;SKP1A;YWHAZ;YWHAH","L6","WTvsHET_in_Vehicle"
"Amphetamine addiction","3/68",0.0161186479423977,0.0637948438529063,0,0,5.96651583710407,24.6284553147621,"GNAS;CALM1;CALM2","L6","WTvsHET_in_Vehicle"
"Lysosome","4/124",0.0162324854768251,0.0637948438529063,0,0,4.32543859649123,17.8240111652506,"ATP6V0B;LAMP1;ATP6V0C;ATP6V0A1","L6","WTvsHET_in_Vehicle"
"Calcium signaling pathway","5/189",0.0164150475410987,0.0637948438529063,0,0,3.53800748632306,14.5396428364997,"GNAS;VDAC1;CALM1;CALM2;SLC25A4","L6","WTvsHET_in_Vehicle"
"Collecting duct acid secretion","2/27",0.0186745523574806,0.0668174708204056,0,0,10.2955844155844,40.9825365928034,"ATP6V0C;ATP6V0A1","L6","WTvsHET_in_Vehicle"
"Phototransduction","2/27",0.0186745523574806,0.0668174708204056,0,0,10.2955844155844,40.9825365928034,"CALM1;CALM2","L6","WTvsHET_in_Vehicle"
"Adherens junction","3/72",0.0187557812829209,0.0668174708204056,0,0,5.61949417448139,22.344531912835,"CDC42;ACTB;ACTG1","L6","WTvsHET_in_Vehicle"
"Bile secretion","3/72",0.0187557812829209,0.0668174708204056,0,0,5.61949417448139,22.344531912835,"GNAS;ATP1A1;ATP1B1","L6","WTvsHET_in_Vehicle"
"Alcoholism","5/199",0.0200359413619187,0.0689426335574802,0,0,3.35392913224551,13.1146260940805,"GNG3;H2AFJ;GNAS;CALM1;CALM2","L6","WTvsHET_in_Vehicle"
"Bacterial invasion of epithelial cells","3/74",0.0201586647828889,0.0689426335574802,0,0,5.46064623032311,21.3190239980498,"CDC42;ACTB;ACTG1","L6","WTvsHET_in_Vehicle"
"Dopaminergic synapse","4/135",0.0214539619547728,0.071089636476314,0,0,3.96002410606669,15.2138025506208,"GNG3;GNAS;CALM1;CALM2","L6","WTvsHET_in_Vehicle"
"Renin secretion","3/76",0.021617901150692,0.071089636476314,0,0,5.31050228310502,20.361706024127,"GNAS;CALM1;CALM2","L6","WTvsHET_in_Vehicle"
"PI3K-Akt signaling pathway","7/357",0.0221546455880631,0.0714800829350714,0,0,2.61664429530201,9.96865089175953,"HSP90AA1;GNG3;HSP90AB1;YWHAQ;YWHAZ;HSP90B1;YWHAH","L6","WTvsHET_in_Vehicle"
"Apelin signaling pathway","4/138",0.0230367163484157,0.0719242630545792,0,0,3.87077769049489,14.5954097262534,"GABARAPL2;GNG3;CALM1;CALM2","L6","WTvsHET_in_Vehicle"
"Salmonella infection","3/78",0.0231335349005957,0.0719242630545792,0,0,5.1683660130719,19.4665058062463,"CDC42;ACTB;ACTG1","L6","WTvsHET_in_Vehicle"
"cAMP signaling pathway","5/211",0.0250272646029385,0.0764225401268301,0,0,3.15662573137015,11.6409711147312,"GNAS;ATP1A1;ATP1B1;CALM1;CALM2","L6","WTvsHET_in_Vehicle"
"Kaposi sarcoma-associated herpesvirus infection","5/216",0.0273227955229855,0.0819683865689564,0,0,3.081039515395,11.091846777742,"GABARAPL2;GNG3;UBB;CALM1;CALM2","L6","WTvsHET_in_Vehicle"
"Rheumatoid arthritis","3/84",0.0280185720484748,0.0826064796601585,0,0,4.7840716533527,17.1025189154181,"ATP6V0B;ATP6V0C;ATP6V0A1","L6","WTvsHET_in_Vehicle"
"Retrograde endocannabinoid signaling","4/150",0.030066895453615,0.0871430359757315,0,0,3.55046863734679,12.442015646237,"NDUFA13;GNG3;NDUFA4;NDUFC2","L6","WTvsHET_in_Vehicle"
"Dilated cardiomyopathy (DCM)","3/90",0.033408489653588,0.0952141955127259,0,0,4.45278341221546,15.1347669394085,"GNAS;ACTB;ACTG1","L6","WTvsHET_in_Vehicle"
"IL-17 signaling pathway","3/91",0.0343555433354184,0.0963081624648615,0,0,4.40196078431373,14.8389741273555,"HSP90AA1;HSP90AB1;HSP90B1","L6","WTvsHET_in_Vehicle"
"Aldosterone-regulated sodium reabsorption","2/38",0.0353808421190831,0.0975826451994066,0,0,7.14574314574315,23.8781065977116,"ATP1A1;ATP1B1","L6","WTvsHET_in_Vehicle"
"Prostate cancer","3/97",0.0403271784787127,0.10945948444222,0,0,4.11973299958281,13.2273488234538,"HSP90AA1;HSP90AB1;HSP90B1","L6","WTvsHET_in_Vehicle"
"Melanogenesis","3/100",0.0434970843589143,0.116218772271474,0,0,3.99171214877704,12.5142625552587,"GNAS;CALM1;CALM2","L6","WTvsHET_in_Vehicle"
"Carbohydrate digestion and absorption","2/43",0.0443188889925401,0.116592769503452,0,0,6.27272727272727,19.5479779113951,"ATP1A1;ATP1B1","L6","WTvsHET_in_Vehicle"
"Glucagon signaling pathway","3/102",0.0456776584523423,0.118346660535614,0,0,3.91067538126362,12.0689150864331,"GNAS;CALM1;CALM2","L6","WTvsHET_in_Vehicle"
"HIF-1 signaling pathway","3/104",0.0479115752011055,0.122281781483419,0,0,3.83284799068142,11.645718245233,"ELOB;ALDOA;GAPDH","L6","WTvsHET_in_Vehicle"
"Pancreatic secretion","3/105",0.04904839488215,0.123342287130112,0,0,3.79507881584006,11.4419645935182,"GNAS;ATP1A1;ATP1B1","L6","WTvsHET_in_Vehicle"
"Cellular senescence","4/185",0.057116037153974,0.141548439903327,0,0,2.85882523989532,8.18387422410474,"VDAC1;CALM1;CALM2;SLC25A4","L6","WTvsHET_in_Vehicle"
"Neurotrophin signaling pathway","3/121",0.0689826987768603,0.168514878440616,0,0,3.27783316716517,8.76459662472627,"CDC42;CALM1;CALM2","L6","WTvsHET_in_Vehicle"
"Platelet activation","3/125",0.0744594544000373,0.178552585772411,0,0,3.16972034715526,8.23335030700739,"GNAS;ACTB;ACTG1","L6","WTvsHET_in_Vehicle"
"Legionellosis","2/58",0.0752755005369085,0.178552585772411,0,0,4.58905380333952,11.8700491155253,"EEF1A1;HSPA8","L6","WTvsHET_in_Vehicle"
"NOD-like receptor signaling pathway","4/205",0.0769211643578602,0.178552585772411,0,0,2.57174653050537,6.59646355399709,"GABARAPL2;HSP90AA1;HSP90AB1;VDAC1","L6","WTvsHET_in_Vehicle"
"Inflammatory mediator regulation of TRP channels","3/127",0.0772683704512187,0.178552585772411,0,0,3.11827956989247,7.98426311851278,"GNAS;CALM1;CALM2","L6","WTvsHET_in_Vehicle"
"Autophagy","3/130",0.0815680274044767,0.185975102482207,0,0,3.04415624517524,7.62962333278645,"GABARAPL2;LAMP1;HMGB1","L6","WTvsHET_in_Vehicle"
"Mitophagy","2/63",0.0867591418908768,0.195208069254473,0,0,4.21183734298488,10.2963396307521,"GABARAPL2;UBB","L6","WTvsHET_in_Vehicle"
"Regulation of actin cytoskeleton","4/217",0.0902551317779189,0.200436721221093,0,0,2.42537682233753,5.83330974332187,"CDC42;TMSB4X;ACTB;ACTG1","L6","WTvsHET_in_Vehicle"
"Glycolysis / Gluconeogenesis","2/67",0.0962972256132562,0.206524333067334,0,0,3.95184815184815,9.2485725520922,"ALDOA;GAPDH","L6","WTvsHET_in_Vehicle"
"Long-term potentiation","2/67",0.0962972256132562,0.206524333067334,0,0,3.95184815184815,9.2485725520922,"CALM1;CALM2","L6","WTvsHET_in_Vehicle"
"Vascular smooth muscle contraction","3/140",0.0966195710256535,0.206524333067334,0,0,2.82052382996994,6.59149074328183,"GNAS;CALM1;CALM2","L6","WTvsHET_in_Vehicle"
"Renal cell carcinoma","2/68",0.0987268816611797,0.208423416840268,0,0,3.89177489177489,9.01100784900347,"CDC42;ELOB","L6","WTvsHET_in_Vehicle"
"Fatty acid biosynthesis","1/14",0.103864392401757,0.2155440986687,0,0,9.84168734491315,22.2881657129565,"ACSL3","L6","WTvsHET_in_Vehicle"
"Viral carcinogenesis","4/229",0.10462081982165,0.2155440986687,0,0,2.29461988304094,5.17990407685974,"CDC42;YWHAQ;YWHAZ;YWHAH","L6","WTvsHET_in_Vehicle"
"Arrhythmogenic right ventricular cardiomyopathy (ARVC)","2/72",0.10861352505119,0.220547866026787,0,0,3.66864564007421,8.14424415079014,"ACTB;ACTG1","L6","WTvsHET_in_Vehicle"
"Ras signaling pathway","4/233",0.109629056212145,0.220547866026787,0,0,2.25407952194898,4.98298727013769,"CDC42;GNG3;CALM1;CALM2","L6","WTvsHET_in_Vehicle"
"Glioma","2/75",0.116193686975835,0.231036284568231,0,0,3.5173456680306,7.57107517179344,"CALM1;CALM2","L6","WTvsHET_in_Vehicle"
"Pertussis","2/76",0.118749791142715,0.233404761901199,0,0,3.46963846963847,7.39288565821744,"CALM1;CALM2","L6","WTvsHET_in_Vehicle"
"Hepatitis C","3/160",0.129738463040304,0.252105422498772,0,0,2.45872361683527,5.02129063324786,"YWHAQ;YWHAZ;YWHAH","L6","WTvsHET_in_Vehicle"
"Tight junction","3/167",0.142168412038398,0.269556476561167,0,0,2.35294117647059,4.58998335024284,"CDC42;ACTB;ACTG1","L6","WTvsHET_in_Vehicle"
"PPAR signaling pathway","2/85",0.142343949416685,0.269556476561167,0,0,3.09200438116101,6.02789027986928,"SCD2;ACSL3","L6","WTvsHET_in_Vehicle"
"Gap junction","2/86",0.145024537097236,0.269556476561167,0,0,3.05504019789734,5.8988314828801,"GNAS;TUBB4A","L6","WTvsHET_in_Vehicle"
"Hypertrophic cardiomyopathy (HCM)","2/86",0.145024537097236,0.269556476561167,0,0,3.05504019789734,5.8988314828801,"ACTB;ACTG1","L6","WTvsHET_in_Vehicle"
"Viral myocarditis","2/87",0.147715687603928,0.271606264303996,0,0,3.01894576012223,5.77363076724697,"ACTB;ACTG1","L6","WTvsHET_in_Vehicle"
"Human papillomavirus infection","5/360",0.15112587148996,0.274744625550512,0,0,1.81783415726145,3.43505614230853,"CDC42;ATP6V0B;GNAS;ATP6V0C;ATP6V0A1","L6","WTvsHET_in_Vehicle"
"GABAergic synapse","2/90",0.155849290516957,0.274744625550512,0,0,2.91558441558442,5.41968023039585,"GABARAPL2;GNG3","L6","WTvsHET_in_Vehicle"
"Progesterone-mediated oocyte maturation","2/90",0.155849290516957,0.274744625550512,0,0,2.91558441558442,5.41968023039585,"HSP90AA1;HSP90AB1","L6","WTvsHET_in_Vehicle"
"Protein digestion and absorption","2/90",0.155849290516957,0.274744625550512,0,0,2.91558441558442,5.41968023039585,"ATP1A1;ATP1B1","L6","WTvsHET_in_Vehicle"
"Morphine addiction","2/92",0.16131866855278,0.281484615535973,0,0,2.85050505050505,5.20038605381483,"GNG3;GNAS","L6","WTvsHET_in_Vehicle"
"Phosphatidylinositol signaling system","2/98",0.17792567456348,0.307326165155101,0,0,2.6715367965368,4.6121127391912,"CALM1;CALM2","L6","WTvsHET_in_Vehicle"
"Th17 cell differentiation","2/102",0.18913975940929,0.323428988589885,0,0,2.56415584415584,4.27000941644541,"HSP90AA1;HSP90AB1","L6","WTvsHET_in_Vehicle"
"Protein export","1/28",0.197003081952055,0.333539871423776,0,0,4.7352449223417,7.69257539976343,"SEC62","L6","WTvsHET_in_Vehicle"
"Chemokine signaling pathway","3/197",0.199333404012861,0.334176589080385,0,0,1.98605215281989,3.20305815865273,"CDC42;GNG3;CX3CL1","L6","WTvsHET_in_Vehicle"
"Focal adhesion","3/199",0.203328789740567,0.337565272287738,0,0,1.9655862344938,3.13104316014482,"CDC42;ACTB;ACTG1","L6","WTvsHET_in_Vehicle"
"Circadian rhythm","1/30",0.209498698251628,0.343973593915889,0,0,4.40823136818687,6.89023205347216,"SKP1A","L6","WTvsHET_in_Vehicle"
"Proteoglycans in cancer","3/203",0.211375158964417,0.343973593915889,0,0,1.92588235294118,2.99305366843819,"CDC42;ACTB;ACTG1","L6","WTvsHET_in_Vehicle"
"Glyoxylate and dicarboxylate metabolism","1/31",0.215673862271112,0.343973593915889,0,0,4.2610752688172,6.53643794270162,"MDH1","L6","WTvsHET_in_Vehicle"
"C-type lectin receptor signaling pathway","2/112",0.217550380134969,0.343973593915889,0,0,2.32987012987013,3.55380874222623,"CALM1;CALM2","L6","WTvsHET_in_Vehicle"
"Biosynthesis of unsaturated fatty acids","1/32",0.221801094523886,0.343973593915889,0,0,4.12341311134235,6.2097540475596,"SCD2","L6","WTvsHET_in_Vehicle"
"Citrate cycle (TCA cycle)","1/32",0.221801094523886,0.343973593915889,0,0,4.12341311134235,6.2097540475596,"MDH1","L6","WTvsHET_in_Vehicle"
"Pentose phosphate pathway","1/32",0.221801094523886,0.343973593915889,0,0,4.12341311134235,6.2097540475596,"ALDOA","L6","WTvsHET_in_Vehicle"
"Glutamatergic synapse","2/114",0.223281104822595,0.343973593915889,0,0,2.28803339517625,3.43050279100219,"GNG3;GNAS","L6","WTvsHET_in_Vehicle"
"SNARE interactions in vesicular transport","1/33",0.227880764688172,0.347925096086405,0,0,3.99435483870968,5.90738218095174,"VAMP2","L6","WTvsHET_in_Vehicle"
"Base excision repair","1/35",0.239898883181841,0.359848324772762,0,0,3.75901328273245,5.36613341834283,"HMGB1","L6","WTvsHET_in_Vehicle"
"Fructose and mannose metabolism","1/35",0.239898883181841,0.359848324772762,0,0,3.75901328273245,5.36613341834283,"ALDOA","L6","WTvsHET_in_Vehicle"
"Pyruvate metabolism","1/38",0.257578424902639,0.383007918768271,0,0,3.45370531822145,4.68471310535014,"MDH1","L6","WTvsHET_in_Vehicle"
"Relaxin signaling pathway","2/131",0.27230493300915,0.401415030556592,0,0,1.98479814758885,2.58189045908831,"GNG3;GNAS","L6","WTvsHET_in_Vehicle"
"Serotonergic synapse","2/132",0.275194378494236,0.402207168568499,0,0,1.96943056943057,2.54111214871747,"GNG3;GNAS","L6","WTvsHET_in_Vehicle"
"Ubiquitin mediated proteolysis","2/138",0.292514579232799,0.423898246176344,0,0,1.88197097020626,2.31339544457434,"ELOB;SKP1A","L6","WTvsHET_in_Vehicle"
"Insulin signaling pathway","2/139",0.295397036829342,0.424478094939642,0,0,1.86813916010996,2.27807416458308,"CALM1;CALM2","L6","WTvsHET_in_Vehicle"
"Apoptosis","2/141",0.301156928265048,0.429148622777694,0,0,1.84107259646828,2.20951502900583,"ACTB;ACTG1","L6","WTvsHET_in_Vehicle"
"Ether lipid metabolism","1/47",0.308202526314801,0.435558942147364,0,0,2.77671809256662,3.26819208337848,"PAFAH1B1","L6","WTvsHET_in_Vehicle"
"Cocaine addiction","1/48",0.313611248520893,0.436659893683755,0,0,2.7175017158545,3.15121803912554,"GNAS","L6","WTvsHET_in_Vehicle"
"Cholesterol metabolism","1/49",0.31897795231632,0.436659893683755,0,0,2.66075268817204,3.0402646074924,"VDAC1","L6","WTvsHET_in_Vehicle"
"Arginine and proline metabolism","1/50",0.324302961975654,0.436659893683755,0,0,2.60631994733377,2.93491729206467,"CKB","L6","WTvsHET_in_Vehicle"
"Cysteine and methionine metabolism","1/50",0.324302961975654,0.436659893683755,0,0,2.60631994733377,2.93491729206467,"MDH1","L6","WTvsHET_in_Vehicle"
"Fatty acid degradation","1/50",0.324302961975654,0.436659893683755,0,0,2.60631994733377,2.93491729206467,"ACSL3","L6","WTvsHET_in_Vehicle"
"N-Glycan biosynthesis","1/50",0.324302961975654,0.436659893683755,0,0,2.60631994733377,2.93491729206467,"TUSC3","L6","WTvsHET_in_Vehicle"
"Endocytosis","3/269",0.350147014585369,0.467481504099051,0,0,1.44316674038036,1.51446231049757,"CDC42;HSPA8;UBB","L6","WTvsHET_in_Vehicle"
"Wnt signaling pathway","2/160",0.35534030236261,0.467481504099051,0,0,1.61811606115404,1.67423127513028,"PRICKLE1;SKP1A","L6","WTvsHET_in_Vehicle"
"Regulation of lipolysis in adipocytes","1/56",0.355395295513899,0.467481504099051,0,0,2.32129032258065,2.40143194362993,"GNAS","L6","WTvsHET_in_Vehicle"
"Ovarian steroidogenesis","1/57",0.360437321276387,0.469851633837229,0,0,2.27972350230415,2.32631467534989,"GNAS","L6","WTvsHET_in_Vehicle"
"Hepatitis B","2/163",0.363774208463966,0.469851633837229,0,0,1.58772283617004,1.60554011931194,"YWHAQ;YWHAZ","L6","WTvsHET_in_Vehicle"
"VEGF signaling pathway","1/58",0.365440159651178,0.469851633837229,0,0,2.23961516694963,2.25451473333828,"CDC42","L6","WTvsHET_in_Vehicle"
"RNA transport","2/167",0.374954596127388,0.478486835356592,0,0,1.54891774891775,1.51941138830623,"EEF1A1;EIF1","L6","WTvsHET_in_Vehicle"
"Long-term depression","1/61",0.380216564960949,0.481607648950536,0,0,2.12731182795699,2.05714091736087,"GNAS","L6","WTvsHET_in_Vehicle"
"Hepatocellular carcinoma","2/171",0.38605528503281,0.485407748092724,0,0,1.51194958887267,1.43903535774553,"ACTB;ACTG1","L6","WTvsHET_in_Vehicle"
"Aminoacyl-tRNA biosynthesis","1/66",0.404087951478387,0.504372552575213,0,0,1.96317617866005,1.77887854480564,"LARS2","L6","WTvsHET_in_Vehicle"
"Axon guidance","2/180",0.410711527686685,0.508925153872631,0,0,1.43484605282358,1.27681812060812,"CDC42;DPYSL2","L6","WTvsHET_in_Vehicle"
"Type I diabetes mellitus","1/69",0.417969925113906,0.510520408531985,0,0,1.87628083491461,1.63676570320787,"CPE","L6","WTvsHET_in_Vehicle"
"Cortisol synthesis and secretion","1/69",0.417969925113906,0.510520408531985,0,0,1.87628083491461,1.63676570320787,"GNAS","L6","WTvsHET_in_Vehicle"
"Adipocytokine signaling pathway","1/71",0.427045580395811,0.517906342182153,0,0,1.82248847926267,1.55069079567066,"ACSL3","L6","WTvsHET_in_Vehicle"
"Pancreatic cancer","1/75",0.444777181444862,0.535611957937123,0,0,1.72362685265911,1.39645117163448,"CDC42","L6","WTvsHET_in_Vehicle"
"ECM-receptor interaction","1/83",0.478621019392404,0.572337023189518,0,0,1.55483870967742,1.14567697303334,"SV2B","L6","WTvsHET_in_Vehicle"
"Peroxisome","1/84",0.482704713665388,0.573211847477649,0,0,1.53602798289934,1.1187662442458,"ACSL3","L6","WTvsHET_in_Vehicle"
"Fc gamma R-mediated phagocytosis","1/87",0.494766084839507,0.583482762121074,0,0,1.48222055513878,1.04299441073782,"CDC42","L6","WTvsHET_in_Vehicle"
"TGF-beta signaling pathway","1/91",0.510414305282092,0.59781401509067,0,0,1.41605734767025,0.952344616144864,"SKP1A","L6","WTvsHET_in_Vehicle"
"AGE-RAGE signaling pathway in diabetic complications","1/101",0.547459738415999,0.6321613997152,0,0,1.2738064516129,0.767425532598537,"CDC42","L6","WTvsHET_in_Vehicle"
"T cell receptor signaling pathway","1/101",0.547459738415999,0.6321613997152,0,0,1.2738064516129,0.767425532598537,"CDC42","L6","WTvsHET_in_Vehicle"
"Longevity regulating pathway","1/102",0.551007458939614,0.6321613997152,0,0,1.26113062919195,0.751642598196811,"HSPA8","L6","WTvsHET_in_Vehicle"
"Chagas disease (American trypanosomiasis)","1/103",0.554527543609824,0.6321613997152,0,0,1.24870335230867,0.736283946897076,"GNAS","L6","WTvsHET_in_Vehicle"
"Amoebiasis","1/106",0.564924113641362,0.635094343347449,0,0,1.21284178187404,0.692610120436459,"GNAS","L6","WTvsHET_in_Vehicle"
"Parathyroid hormone synthesis, secretion and action","1/107",0.568335777734571,0.635094343347449,0,0,1.20133901399878,0.678808052653299,"GNAS","L6","WTvsHET_in_Vehicle"
"Toxoplasmosis","1/108",0.571720859176531,0.635094343347449,0,0,1.19005125113054,0.665362908761683,"HSPA8","L6","WTvsHET_in_Vehicle"
"Human T-cell leukemia virus 1 infection","2/245",0.571956309213492,0.635094343347449,0,0,1.04756560312116,0.585267226964786,"VDAC1;SLC25A4","L6","WTvsHET_in_Vehicle"
"TNF signaling pathway","1/110",0.578412095701275,0.638119150741406,0,0,1.16809707013909,0.639496579801731,"CX3CL1","L6","WTvsHET_in_Vehicle"
"Cholinergic synapse","1/113",0.588254674511571,0.644817623983838,0,0,1.13663594470046,0.603093695678683,"GNG3","L6","WTvsHET_in_Vehicle"
"AMPK signaling pathway","1/126",0.628333817400753,0.684363584557509,0,0,1.01775483870968,0.472934081467165,"SCD2","L6","WTvsHET_in_Vehicle"
"FoxO signaling pathway","1/132",0.645500204931334,0.694217201529925,0,0,0.970844619551835,0.424967573788339,"GABARAPL2","L6","WTvsHET_in_Vehicle"
"Spliceosome","1/132",0.645500204931334,0.694217201529925,0,0,0.970844619551835,0.424967573788339,"HSPA8","L6","WTvsHET_in_Vehicle"
"MAPK signaling pathway","2/294",0.670954521244305,0.715143998401062,0,0,0.86959615726739,0.347015757015187,"CDC42;HSPA8","L6","WTvsHET_in_Vehicle"
"Systemic lupus erythematosus","1/143",0.674951212297916,0.715143998401062,0,0,0.895138573375738,0.351892282829486,"H2AFJ","L6","WTvsHET_in_Vehicle"
"Measles","1/144",0.677504840590479,0.715143998401062,0,0,0.888833746898263,0.346057270180754,"HSPA8","L6","WTvsHET_in_Vehicle"
"Phospholipase D signaling pathway","1/149",0.689977044086798,0.723840948091058,0,0,0.858587619877942,0.318619248232487,"GNAS","L6","WTvsHET_in_Vehicle"
"Cushing syndrome","1/159",0.713501619338426,0.743955956749213,0,0,0.803838301347489,0.271352155581287,"GNAS","L6","WTvsHET_in_Vehicle"
"Cell adhesion molecules (CAMs)","1/170",0.737334333896721,0.764146491492966,0,0,0.751097537698034,0.228869820939916,"NEGR1","L6","WTvsHET_in_Vehicle"
"Transcriptional misregulation in cancer","1/183",0.762972131910681,0.785953220221244,0,0,0.696986884083658,0.188558491293203,"TSPAN7","L6","WTvsHET_in_Vehicle"
"Epstein-Barr virus infection","1/229",0.835284540087488,0.855291355418925,0,0,0.555065082059989,0.0999021929663401,"PDIA3","L6","WTvsHET_in_Vehicle"
"Cytokine-cytokine receptor interaction","1/292",0.900079377947219,0.916152223981991,0,0,0.433499612016406,0.0456355106684541,"CX3CL1","L6","WTvsHET_in_Vehicle"
"Neuroactive ligand-receptor interaction","1/348",0.936009979904279,0.947087021086578,0,0,0.362498837965976,0.0239717365037418,"GLRB","L6","WTvsHET_in_Vehicle"
"Herpes simplex virus 1 infection","1/433",0.967544506178445,0.973235944450083,0,0,0.289904420549582,0.00956506410185122,"PDIA3","L6","WTvsHET_in_Vehicle"
"Olfactory transduction","2/1133",0.998869558639106,0.998869558639106,0,0,0.214877076946042,0.000243043334303384,"CALM1;CALM2","L6","WTvsHET_in_Vehicle"
"Ribosome","27/170",5.52771336076875e-27,8.89961851083768e-25,0,0,26.5549450549451,1605.51259616711,"RPL3;RPLP1;RPL11;RPL6;RPS16;RPS15A;RPS19;RPL35;RPL13;RPL38;RPL37;RPL15;RPS10;RPL19;RPL41;RPS7;RPS8;RPL23;RPS5;RPS3A1;RPL37A;RPL24;RPL26;FAU;RPL29;UBA52;RPS24","Lamp5","WTvsHET_in_Vehicle"
"Alzheimer disease","17/175",1.11763641744453e-13,8.99697316042844e-12,0,0,14.1128691983122,420.879490593069,"COX8A;RTN3;GSK3B;NDUFA13;NDUFB8;COX4I1;ATP2A2;ATP5G3;ATP5F1;COX5B;COX6C;COX7C;COX6B1;UQCRQ;CALM1;CALM2;GAPDH","Lamp5","WTvsHET_in_Vehicle"
"Oxidative phosphorylation","14/134",6.6349495184426e-12,3.5607562415642e-10,0,0,15.0316993464052,386.895949866333,"COX8A;NDUFA13;ATP6V0B;NDUFB8;COX4I1;ATP5G3;ATP5F1;COX5B;COX6C;COX7C;COX6B1;UQCRQ;ATP6V0C;ATP6V0A1","Lamp5","WTvsHET_in_Vehicle"
"Parkinson disease","14/144",1.77900848276589e-11,7.1605091431327e-10,0,0,13.8683760683761,343.275312291406,"COX8A;NDUFA13;NDUFB8;COX4I1;ATP5G3;ATP5F1;COX5B;COX6C;COX7C;COX6B1;UBB;UQCRQ;VDAC1;SLC25A4","Lamp5","WTvsHET_in_Vehicle"
"Cardiac muscle contraction","10/78",9.69906013388731e-10,3.12309736311171e-08,0,0,18.5134881978269,384.225637593002,"COX8A;UQCRQ;COX4I1;CACNA2D1;ATP2A2;ATP1B1;COX5B;COX6C;COX7C;COX6B1","Lamp5","WTvsHET_in_Vehicle"
"Huntington disease","13/192",8.41630863695018e-09,2.25837615091497e-07,0,0,9.26873684974244,172.334500226146,"COX8A;NDUFA13;NDUFB8;COX4I1;ATP5G3;ATP5F1;COX5B;COX6C;COX7C;COX6B1;UQCRQ;VDAC1;SLC25A4","Lamp5","WTvsHET_in_Vehicle"
"Non-alcoholic fatty liver disease (NAFLD)","11/151",5.79220346581506e-08,1.33220679713746e-06,0,0,9.91863553113553,165.285808432003,"COX8A;CDC42;GSK3B;NDUFA13;NDUFB8;UQCRQ;COX4I1;COX5B;COX6C;COX7C;COX6B1","Lamp5","WTvsHET_in_Vehicle"
"Thermogenesis","12/231",5.74716259226294e-07,1.15661647169292e-05,0,0,6.93380468404772,99.6345393910365,"COX8A;NDUFA13;NDUFB8;UQCRQ;COX4I1;ATP5G3;ATP5F1;COX5B;COX6C;COX7C;ACTG1;COX6B1","Lamp5","WTvsHET_in_Vehicle"
"Synaptic vesicle cycle","6/77",4.49917143463842e-05,0.000804851778863095,0,0,10.3728457702738,103.822147432156,"SNAP25;ATP6V0B;SYT1;SLC6A1;ATP6V0C;ATP6V0A1","Lamp5","WTvsHET_in_Vehicle"
"Protein processing in endoplasmic reticulum","6/163",0.00250201824564547,0.040282493754892,0,0,4.67049096016141,27.9793120473104,"HSPA8;HSP90AB1;CANX;SEC62;SKP1A;HSP90B1","Lamp5","WTvsHET_in_Vehicle"
"cGMP-PKG signaling pathway","6/172",0.00326532777849368,0.0477925247579529,0,0,4.41525106637731,25.2746417008491,"ATP2A2;VDAC1;ATP1B1;CALM1;CALM2;SLC25A4","Lamp5","WTvsHET_in_Vehicle"
"Taurine and hypotaurine metabolism","2/11",0.00362776993978776,0.0486725800254857,0,0,26.6989898989899,150.025286306497,"GAD1;GAD2","Lamp5","WTvsHET_in_Vehicle"
"Calcium signaling pathway","6/189",0.00516362699265381,0.0618214648317801,0,0,4.0016291619998,21.0730435195723,"ERBB4;ATP2A2;VDAC1;CALM1;CALM2;SLC25A4","Lamp5","WTvsHET_in_Vehicle"
"Estrogen signaling pathway","5/134",0.00537577955058957,0.0618214648317801,0,0,4.71432672983061,24.6363722744335,"HSPA8;HSP90AB1;CALM1;CALM2;HSP90B1","Lamp5","WTvsHET_in_Vehicle"
"GABAergic synapse","4/90",0.00686693054471041,0.0708793578634461,0,0,5.63475531459552,28.0669307019278,"GABRA1;GAD1;GAD2;SLC6A1","Lamp5","WTvsHET_in_Vehicle"
"Fluid shear stress and atherosclerosis","5/143",0.00704391134046669,0.0708793578634461,0,0,4.40485775630703,21.8286764265366,"HSP90AB1;CALM1;CALM2;ACTG1;HSP90B1","Lamp5","WTvsHET_in_Vehicle"
"Adrenergic signaling in cardiomyocytes","5/148",0.00811219915927956,0.0768272979202359,0,0,4.24976258309592,20.4599986785902,"CACNA2D1;ATP2A2;ATP1B1;CALM1;CALM2","Lamp5","WTvsHET_in_Vehicle"
"RNA transport","5/167",0.0131951912274427,0.106746939941009,0,0,3.74771376314586,16.2197409517599,"EIF4A2;EEF1A1;FXR1;EIF1B;EIF1","Lamp5","WTvsHET_in_Vehicle"
"Influenza A","5/168",0.0135107724294152,0.106746939941009,0,0,3.72453230326441,16.0313850365874,"HSPA8;GSK3B;VDAC1;ACTG1;KPNA1","Lamp5","WTvsHET_in_Vehicle"
"Proximal tubule bicarbonate reclamation","2/22",0.0143478171394881,0.106746939941009,0,0,12.0078787878788,50.9633283851322,"MDH1;ATP1B1","Lamp5","WTvsHET_in_Vehicle"
"Thyroid hormone signaling pathway","4/115",0.0158404283590006,0.106746939941009,0,0,4.36013928038468,18.0736050900524,"GSK3B;ATP2A2;ATP1B1;ACTG1","Lamp5","WTvsHET_in_Vehicle"
"Necroptosis","5/176",0.0162202490070755,0.106746939941009,0,0,3.54884123889972,14.6265309909423,"HSP90AB1;FTH1;VDAC1;PPIA;SLC25A4","Lamp5","WTvsHET_in_Vehicle"
"Oocyte meiosis","4/116",0.0163022216345645,0.106746939941009,0,0,4.32099035933392,17.7871575467927,"CALM1;SKP1A;CALM2;YWHAG","Lamp5","WTvsHET_in_Vehicle"
"Tuberculosis","5/178",0.0169501477285479,0.106746939941009,0,0,3.50745736102191,14.301582784704,"ATP6V0B;CALM1;CALM2;ATP6V0C;ATP6V0A1","Lamp5","WTvsHET_in_Vehicle"
"Axon guidance","5/180",0.0177015563299288,0.106746939941009,0,0,3.46701940035273,13.9863123760012,"EPHA5;CDC42;GSK3B;CFL1;PAK7","Lamp5","WTvsHET_in_Vehicle"
"Phagosome","5/180",0.0177015563299288,0.106746939941009,0,0,3.46701940035273,13.9863123760012,"ATP6V0B;CANX;ATP6V0C;ACTG1;ATP6V0A1","Lamp5","WTvsHET_in_Vehicle"
"Long-term potentiation","3/67",0.0185464293614904,0.106746939941009,0,0,5.65043826219512,22.5309982366092,"GRIA1;CALM1;CALM2","Lamp5","WTvsHET_in_Vehicle"
"Neurotrophin signaling pathway","4/121",0.0187376406976964,0.106746939941009,0,0,4.13528393896492,16.446937737186,"CDC42;GSK3B;CALM1;CALM2","Lamp5","WTvsHET_in_Vehicle"
"Amphetamine addiction","3/68",0.0192860810088093,0.106746939941009,0,0,5.56322701688555,21.9656877498007,"GRIA1;CALM1;CALM2","Lamp5","WTvsHET_in_Vehicle"
"Butanoate metabolism","2/27",0.0212167830938652,0.106746939941009,0,0,9.60387878787879,37.0033872744512,"GAD1;GAD2","Lamp5","WTvsHET_in_Vehicle"
"Collecting duct acid secretion","2/27",0.0212167830938652,0.106746939941009,0,0,9.60387878787879,37.0033872744512,"ATP6V0C;ATP6V0A1","Lamp5","WTvsHET_in_Vehicle"
"Phototransduction","2/27",0.0212167830938652,0.106746939941009,0,0,9.60387878787879,37.0033872744512,"CALM1;CALM2","Lamp5","WTvsHET_in_Vehicle"
"Arrhythmogenic right ventricular cardiomyopathy (ARVC)","3/72",0.0224062326055008,0.109315256045019,0,0,5.23966065747614,19.9024114916199,"CACNA2D1;ATP2A2;ACTG1","Lamp5","WTvsHET_in_Vehicle"
"Thyroid hormone synthesis","3/73",0.02322669185264,0.109985217302207,0,0,5.16454703832753,19.4313662765555,"CANX;ATP1B1;HSP90B1","Lamp5","WTvsHET_in_Vehicle"
"Gastric acid secretion","3/74",0.0240633200831071,0.110691272382293,0,0,5.09154929577465,18.9765432519613,"ATP1B1;CALM1;CALM2","Lamp5","WTvsHET_in_Vehicle"
"Pertussis","3/76",0.0257850545347057,0.115316493891323,0,0,4.95155362512529,18.1125862696232,"CFL1;CALM1;CALM2","Lamp5","WTvsHET_in_Vehicle"
"Dopaminergic synapse","4/135",0.0267106749991399,0.116227531753014,0,0,3.69072261508921,13.3703512209592,"GRIA1;GSK3B;CALM1;CALM2","Lamp5","WTvsHET_in_Vehicle"
"Salivary secretion","3/78",0.0275713423605874,0.116815424211962,0,0,4.8190243902439,17.3050123303779,"ATP1B1;CALM1;CALM2","Lamp5","WTvsHET_in_Vehicle"
"beta-Alanine metabolism","2/32",0.0291805193406196,0.117451590345994,0,0,8.00121212121212,28.278315449911,"GAD1;GAD2","Lamp5","WTvsHET_in_Vehicle"
"Citrate cycle (TCA cycle)","2/32",0.0291805193406196,0.117451590345994,0,0,8.00121212121212,28.278315449911,"MDH1;PDHB","Lamp5","WTvsHET_in_Vehicle"
"cAMP signaling pathway","5/211",0.0322574660579066,0.124740462698887,0,0,2.94063885892365,10.0981707703963,"GRIA1;ATP2A2;ATP1B1;CALM1;CALM2","Lamp5","WTvsHET_in_Vehicle"
"ErbB signaling pathway","3/84",0.0333157757518765,0.124740462698887,0,0,4.46070460704607,15.1740870243985,"GSK3B;ERBB4;PAK7","Lamp5","WTvsHET_in_Vehicle"
"Rheumatoid arthritis","3/84",0.0333157757518765,0.124740462698887,0,0,4.46070460704607,15.1740870243985,"ATP6V0B;ATP6V0C;ATP6V0A1","Lamp5","WTvsHET_in_Vehicle"
"Hypertrophic cardiomyopathy (HCM)","3/86",0.0353582723695684,0.126139194356317,0,0,4.35277696150455,14.5479508425235,"CACNA2D1;ATP2A2;ACTG1","Lamp5","WTvsHET_in_Vehicle"
"Retrograde endocannabinoid signaling","4/150",0.0372057570430748,0.126139194356317,0,0,3.30901756450122,10.8909422783325,"GRIA1;GABRA1;NDUFA13;NDUFB8","Lamp5","WTvsHET_in_Vehicle"
"Alanine, aspartate and glutamate metabolism","2/37",0.0381386354683106,0.126139194356317,0,0,6.85645021645022,22.3967828852607,"GAD1;GAD2","Lamp5","WTvsHET_in_Vehicle"
"Antigen processing and presentation","3/90",0.039632790712625,0.126139194356317,0,0,4.15180824222035,13.4024457724416,"HSPA8;HSP90AB1;CANX","Lamp5","WTvsHET_in_Vehicle"
"Dilated cardiomyopathy (DCM)","3/90",0.039632790712625,0.126139194356317,0,0,4.15180824222035,13.4024457724416,"CACNA2D1;ATP2A2;ACTG1","Lamp5","WTvsHET_in_Vehicle"
"GnRH signaling pathway","3/90",0.039632790712625,0.126139194356317,0,0,4.15180824222035,13.4024457724416,"CDC42;CALM1;CALM2","Lamp5","WTvsHET_in_Vehicle"
"Pyruvate metabolism","2/38",0.040041198400319,0.126139194356317,0,0,6.66565656565657,21.4490589494736,"MDH1;PDHB","Lamp5","WTvsHET_in_Vehicle"
"Oxytocin signaling pathway","4/154",0.040352206241871,0.126139194356317,0,0,3.2201226993865,10.336945528652,"CACNA2D1;CALM1;CALM2;ACTG1","Lamp5","WTvsHET_in_Vehicle"
"IL-17 signaling pathway","3/91",0.0407406093573196,0.126139194356317,0,0,4.10442073170732,13.1363213194492,"GSK3B;HSP90AB1;HSP90B1","Lamp5","WTvsHET_in_Vehicle"
"Nicotine addiction","2/40",0.0439514196342791,0.132652617829011,0,0,6.31419457735247,19.729776606828,"GRIA1;GABRA1","Lamp5","WTvsHET_in_Vehicle"
"Hippo signaling pathway","4/159",0.0444921823774324,0.132652617829011,0,0,3.11545616465466,9.6966759373422,"GSK3B;ID2;YWHAG;ACTG1","Lamp5","WTvsHET_in_Vehicle"
"Ras signaling pathway","5/233",0.0461183478366915,0.135000981849224,0,0,2.65391487979207,8.16488698104687,"CDC42;NF1;PAK7;CALM1;CALM2","Lamp5","WTvsHET_in_Vehicle"
"Prostate cancer","3/97",0.0477121883041649,0.137172541374474,0,0,3.84126881162429,11.687323078046,"GSK3B;HSP90AB1;HSP90B1","Lamp5","WTvsHET_in_Vehicle"
"Human immunodeficiency virus 1 infection","5/238",0.0496945496682419,0.137845494085584,0,0,2.59630159487098,7.79373394846006,"CFL1;PAK7;CALM1;SKP1A;CALM2","Lamp5","WTvsHET_in_Vehicle"
"Circadian entrainment","3/99",0.0501581420032271,0.137845494085584,0,0,3.7608612804878,11.2546572830071,"GRIA1;CALM1;CALM2","Lamp5","WTvsHET_in_Vehicle"
"Melanogenesis","3/100",0.0514036895977325,0.137845494085584,0,0,3.72190093034951,11.0467706640303,"GSK3B;CALM1;CALM2","Lamp5","WTvsHET_in_Vehicle"
"Mineral absorption","2/44",0.0521725798473169,0.137845494085584,0,0,5.71168831168831,16.8677477117959,"FTH1;ATP1B1","Lamp5","WTvsHET_in_Vehicle"
"T cell receptor signaling pathway","3/101",0.0526641822859072,0.137845494085584,0,0,3.68373568939771,10.8442537197529,"CDC42;GSK3B;PAK7","Lamp5","WTvsHET_in_Vehicle"
"Aldosterone synthesis and secretion","3/102",0.053939541163924,0.137845494085584,0,0,3.64634146341463,10.6469213274278,"ATP1B1;CALM1;CALM2","Lamp5","WTvsHET_in_Vehicle"
"Glucagon signaling pathway","3/102",0.053939541163924,0.137845494085584,0,0,3.64634146341463,10.6469213274278,"PDHB;CALM1;CALM2","Lamp5","WTvsHET_in_Vehicle"
"Cellular senescence","4/185",0.069694436766739,0.175325067491328,0,0,2.66440700945667,7.09700718175299,"VDAC1;CALM1;CALM2;SLC25A4","Lamp5","WTvsHET_in_Vehicle"
"Cell cycle","3/123",0.0839991583849356,0.203012747669518,0,0,3.00503048780488,7.44330575746754,"GSK3B;SKP1A;YWHAG","Lamp5","WTvsHET_in_Vehicle"
"Legionellosis","2/58",0.0846034607766433,0.203012747669518,0,0,4.28073593073593,10.5724764394068,"EEF1A1;HSPA8","Lamp5","WTvsHET_in_Vehicle"
"Lysosome","3/124",0.0855784405402804,0.203012747669518,0,0,2.980044345898,7.32590824989695,"ATP6V0B;ATP6V0C;ATP6V0A1","Lamp5","WTvsHET_in_Vehicle"
"Focal adhesion","4/199",0.0857445145436473,0.203012747669518,0,0,2.47135441245871,6.07059337429978,"CDC42;GSK3B;PAK7;ACTG1","Lamp5","WTvsHET_in_Vehicle"
"Rap1 signaling pathway","4/209",0.0982156190596338,0.229169777805812,0,0,2.34960347149484,5.45246637327327,"CDC42;CALM1;CALM2;ACTG1","Lamp5","WTvsHET_in_Vehicle"
"MAPK signaling pathway","5/294",0.100538762759105,0.231239154345942,0,0,2.08723140672391,4.79481288141378,"CDC42;HSPA8;ERBB4;CACNA2D1;NF1","Lamp5","WTvsHET_in_Vehicle"
"Kaposi sarcoma-associated herpesvirus infection","4/216",0.107421700114951,0.237683931472399,0,0,2.27121194582706,5.067058106711,"GSK3B;UBB;CALM1;CALM2","Lamp5","WTvsHET_in_Vehicle"
"Glycolysis / Gluconeogenesis","2/67",0.107901111443757,0.237683931472399,0,0,3.68634032634033,8.20778458128452,"PDHB;GAPDH","Lamp5","WTvsHET_in_Vehicle"
"Regulation of actin cytoskeleton","4/217",0.108767878359001,0.237683931472399,0,0,2.26043376825369,5.01486097772229,"CDC42;CFL1;PAK7;ACTG1","Lamp5","WTvsHET_in_Vehicle"
"Renal cell carcinoma","2/68",0.110586417525858,0.237683931472399,0,0,3.63030303030303,7.99377481675613,"CDC42;PAK7","Lamp5","WTvsHET_in_Vehicle"
"Insulin signaling pathway","3/139",0.110722328325652,0.237683931472399,0,0,2.64934540889527,5.83049328158616,"GSK3B;CALM1;CALM2","Lamp5","WTvsHET_in_Vehicle"
"Type I diabetes mellitus","2/69",0.113289241713732,0.239994314683038,0,0,3.57593848937133,7.78771842578777,"GAD1;GAD2","Lamp5","WTvsHET_in_Vehicle"
"Adherens junction","2/72",0.121498104249794,0.254041490704116,0,0,3.4221645021645,7.21343209789792,"CDC42;ACTG1","Lamp5","WTvsHET_in_Vehicle"
"Bacterial invasion of epithelial cells","2/74",0.127049733323592,0.262243680321773,0,0,3.32676767676768,6.86370945124905,"CDC42;ACTG1","Lamp5","WTvsHET_in_Vehicle"
"Glioma","2/75",0.12984791655741,0.264626766654976,0,0,3.28102947281029,6.69786530299726,"CALM1;CALM2","Lamp5","WTvsHET_in_Vehicle"
"Renin secretion","2/76",0.132660428121214,0.266979111593942,0,0,3.23652743652744,6.53766433579641,"CALM1;CALM2","Lamp5","WTvsHET_in_Vehicle"
"Salmonella infection","2/78",0.138326720722289,0.274945704151709,0,0,3.15103668261563,6.23318177937873,"CDC42;ACTG1","Lamp5","WTvsHET_in_Vehicle"
"Pathways in cancer","7/535",0.161290256553387,0.313235946055995,0,0,1.599609375,2.91856680754509,"CDC42;GSK3B;HSP90AB1;CALM1;SKP1A;CALM2;HSP90B1","Lamp5","WTvsHET_in_Vehicle"
"Insulin secretion","2/86",0.161481885233836,0.313235946055995,0,0,2.84978354978355,5.19618791161761,"SNAP25;ATP1B1","Lamp5","WTvsHET_in_Vehicle"
"Fc gamma R-mediated phagocytosis","2/87",0.164424912464493,0.315147748890278,0,0,2.81611408199643,5.08393433479931,"CDC42;CFL1","Lamp5","WTvsHET_in_Vehicle"
"Taste transduction","2/88",0.167377491384555,0.317032660151922,0,0,2.78322762508809,4.97502937173149,"GABRA1;SCN2A","Lamp5","WTvsHET_in_Vehicle"
"TGF-beta signaling pathway","2/91",0.176288948642747,0.33002931083119,0,0,2.68900238338441,4.66711556357416,"ID2;SKP1A","Lamp5","WTvsHET_in_Vehicle"
"PI3K-Akt signaling pathway","5/357",0.179271565063875,0.331755425003262,0,0,1.70814043209877,2.93604315943301,"GSK3B;HSP90AB1;ERBB4;YWHAG;HSP90B1","Lamp5","WTvsHET_in_Vehicle"
"Human papillomavirus infection","5/360",0.18349478386055,0.33571204774487,0,0,1.69344461832725,2.87135226192856,"CDC42;GSK3B;ATP6V0B;ATP6V0C;ATP6V0A1","Lamp5","WTvsHET_in_Vehicle"
"Endocytosis","4/269",0.188121994364656,0.340310574075389,0,0,1.81206158120153,3.02734717370998,"CDC42;HSPA8;UBB;WWP1","Lamp5","WTvsHET_in_Vehicle"
"Phosphatidylinositol signaling system","2/98",0.197351648080216,0.353040170454609,0,0,2.49204545454545,4.04401193181976,"CALM1;CALM2","Lamp5","WTvsHET_in_Vehicle"
"Protein export","1/28",0.209381970468244,0.370445024674586,0,0,4.4190093708166,6.90954133352166,"SEC62","Lamp5","WTvsHET_in_Vehicle"
"HIF-1 signaling pathway","2/104",0.215638427225214,0.377367247644125,0,0,2.34474153297683,3.59719043270519,"PDHB;GAPDH","Lamp5","WTvsHET_in_Vehicle"
"Pancreatic secretion","2/105",0.218702203186195,0.378613491537391,0,0,2.32185937040306,3.52932904876759,"ATP2A2;ATP1B1","Lamp5","WTvsHET_in_Vehicle"
"Circadian rhythm","1/30",0.22254883298186,0.381174065000846,0,0,4.11383464894059,6.18148384650039,"SKP1A","Lamp5","WTvsHET_in_Vehicle"
"Glyoxylate and dicarboxylate metabolism","1/31",0.229050293011977,0.388179970262403,0,0,3.97650602409639,5.86062897453466,"MDH1","Lamp5","WTvsHET_in_Vehicle"
"C-type lectin receptor signaling pathway","2/112",0.240240078036778,0.399518361181361,0,0,2.17333333333333,3.09942659290705,"CALM1;CALM2","Lamp5","WTvsHET_in_Vehicle"
"Proteoglycans in cancer","3/203",0.24070360891051,0.399518361181361,0,0,1.7957012195122,2.5574178180063,"CDC42;ERBB4;ACTG1","Lamp5","WTvsHET_in_Vehicle"
"Leukocyte transendothelial migration","2/115",0.249505255318219,0.409901490879931,0,0,2.11531241619737,2.93663598048622,"CDC42;ACTG1","Lamp5","WTvsHET_in_Vehicle"
"Aldosterone-regulated sodium reabsorption","1/38",0.273071983360862,0.444086760819179,0,0,3.22305437968089,4.18358854066381,"ATP1B1","Lamp5","WTvsHET_in_Vehicle"
"Ferroptosis","1/40",0.285184197978979,0.456884485715027,0,0,3.05746061167748,3.83595122890136,"FTH1","Lamp5","WTvsHET_in_Vehicle"
"Inflammatory mediator regulation of TRP channels","2/127",0.286616975510669,0.456884485715027,0,0,1.91107878787879,2.38810036375989,"CALM1;CALM2","Lamp5","WTvsHET_in_Vehicle"
"Viral carcinogenesis","3/229",0.299304856839205,0.472432175991294,0,0,1.58701165551479,1.91440047476539,"CDC42;DDX3X;YWHAG","Lamp5","WTvsHET_in_Vehicle"
"Carbohydrate digestion and absorption","1/43",0.302977377090058,0.473585997199022,0,0,2.83864027538726,3.38961223242489,"ATP1B1","Lamp5","WTvsHET_in_Vehicle"
"Hedgehog signaling pathway","1/44",0.308810047096672,0.478061707524656,0,0,2.7724852899972,3.25775041106474,"GSK3B","Lamp5","WTvsHET_in_Vehicle"
"Signaling pathways regulating pluripotency of stem cells","2/137",0.317414504403261,0.482217472198473,0,0,1.76861952861953,2.0295736351748,"GSK3B;ID2","Lamp5","WTvsHET_in_Vehicle"
"Apelin signaling pathway","2/138",0.320479934939358,0.482217472198473,0,0,1.75552584670232,1.997675375369,"CALM1;CALM2","Lamp5","WTvsHET_in_Vehicle"
"Ubiquitin mediated proteolysis","2/138",0.320479934939358,0.482217472198473,0,0,1.75552584670232,1.997675375369,"WWP1;SKP1A","Lamp5","WTvsHET_in_Vehicle"
"Ether lipid metabolism","1/47",0.326018551001267,0.482410370266515,0,0,2.59127815610267,2.90430713392628,"PAFAH1B1","Lamp5","WTvsHET_in_Vehicle"
"Vascular smooth muscle contraction","2/140",0.326600809683541,0.482410370266515,0,0,1.72990777338603,1.93579554830951,"CALM1;CALM2","Lamp5","WTvsHET_in_Vehicle"
"Human T-cell leukemia virus 1 infection","3/245",0.335813690259317,0.487022523055519,0,0,1.48087583148559,1.61592988003924,"CANX;VDAC1;SLC25A4","Lamp5","WTvsHET_in_Vehicle"
"Cholesterol metabolism","1/49",0.337253602648243,0.487022523055519,0,0,2.48305722891566,2.69888481534566,"VDAC1","Lamp5","WTvsHET_in_Vehicle"
"Measles","2/144",0.338798276908187,0.487022523055519,0,0,1.68083653435766,1.81925409880014,"HSPA8;GSK3B","Lamp5","WTvsHET_in_Vehicle"
"Cysteine and methionine metabolism","1/50",0.342801117260844,0.488415751141557,0,0,2.43225965084829,2.60398893741404,"MDH1","Lamp5","WTvsHET_in_Vehicle"
"Amyotrophic lateral sclerosis (ALS)","1/52",0.353758048990202,0.499605665679144,0,0,2.33664068036853,2.42810164969419,"GRIA1","Lamp5","WTvsHET_in_Vehicle"
"Human cytomegalovirus infection","3/255",0.358611865125971,0.50205661117636,0,0,1.4213850174216,1.45765113165313,"GSK3B;CALM1;CALM2","Lamp5","WTvsHET_in_Vehicle"
"Endocrine and other factor-regulated calcium reabsorption","1/55",0.369853882623549,0.513331681917167,0,0,2.20649263721553,2.1946818628119,"ATP1B1","Lamp5","WTvsHET_in_Vehicle"
"VEGF signaling pathway","1/58",0.385551160382459,0.519002317044471,0,0,2.09004438807863,1.99198239597744,"CDC42","Lamp5","WTvsHET_in_Vehicle"
"Endometrial cancer","1/58",0.385551160382459,0.519002317044471,0,0,2.09004438807863,1.99198239597744,"GSK3B","Lamp5","WTvsHET_in_Vehicle"
"Wnt signaling pathway","2/160",0.386834025126314,0.519002317044471,0,0,1.50939777522056,1.43356495718083,"GSK3B;SKP1A","Lamp5","WTvsHET_in_Vehicle"
"Hepatitis C","2/160",0.386834025126314,0.519002317044471,0,0,1.50939777522056,1.43356495718083,"GSK3B;YWHAG","Lamp5","WTvsHET_in_Vehicle"
"Long-term depression","1/61",0.400859693127215,0.533375294161006,0,0,1.98524096385542,1.81479572924155,"GRIA1","Lamp5","WTvsHET_in_Vehicle"
"Tight junction","2/167",0.407382187209833,0.533447724570879,0,0,1.44484848484848,1.29747899527049,"CDC42;ACTG1","Lamp5","WTvsHET_in_Vehicle"
"Basal cell carcinoma","1/63",0.410854148116702,0.533447724570879,0,0,1.92100660707346,1.70876803070343,"GSK3B","Lamp5","WTvsHET_in_Vehicle"
"Mitophagy","1/63",0.410854148116702,0.533447724570879,0,0,1.92100660707346,1.70876803070343,"UBB","Lamp5","WTvsHET_in_Vehicle"
"Central carbon metabolism in cancer","1/64",0.415789051506965,0.535357787169791,0,0,1.89041881812966,1.6589885195139,"PDHB","Lamp5","WTvsHET_in_Vehicle"
"Hepatocellular carcinoma","2/171",0.418975659524184,0.535357787169791,0,0,1.41036399497938,1.226935512816,"GSK3B;ACTG1","Lamp5","WTvsHET_in_Vehicle"
"Aminoacyl-tRNA biosynthesis","1/66",0.425535924786852,0.539458928273096,0,0,1.83206672845227,1.56532863105455,"LARS2","Lamp5","WTvsHET_in_Vehicle"
"RIG-I-like receptor signaling pathway","1/68",0.435121140131485,0.547300809071633,0,0,1.77719834562129,1.4788614875016,"DDX3X","Lamp5","WTvsHET_in_Vehicle"
"Transcriptional misregulation in cancer","2/183",0.453046881371429,0.553519481234434,0,0,1.3160555834589,1.04199973178653,"ID2;TSPAN7","Lamp5","WTvsHET_in_Vehicle"
"B cell receptor signaling pathway","1/72",0.453817214428232,0.553519481234434,0,0,1.67673510945189,1.32472263736398,"GSK3B","Lamp5","WTvsHET_in_Vehicle"
"Bile secretion","1/72",0.453817214428232,0.553519481234434,0,0,1.67673510945189,1.32472263736398,"ATP1B1","Lamp5","WTvsHET_in_Vehicle"
"Prolactin signaling pathway","1/72",0.453817214428232,0.553519481234434,0,0,1.67673510945189,1.32472263736398,"GSK3B","Lamp5","WTvsHET_in_Vehicle"
"Pancreatic cancer","1/75",0.467434425465183,0.565841672931537,0,0,1.60851514164767,1.22326966328271,"CDC42","Lamp5","WTvsHET_in_Vehicle"
"Chemokine signaling pathway","2/197",0.491328653091789,0.590081921869241,0,0,1.2206993006993,0.867480217520359,"CDC42;GSK3B","Lamp5","WTvsHET_in_Vehicle"
"Alcoholism","2/199",0.496660182508272,0.590081921869241,0,0,1.20818335640671,0.845546184610287,"CALM1;CALM2","Lamp5","WTvsHET_in_Vehicle"
"ECM-receptor interaction","1/83",0.502119399354572,0.590081921869241,0,0,1.45099911842492,0.999618453372905,"SV2A","Lamp5","WTvsHET_in_Vehicle"
"RNA degradation","1/83",0.502119399354572,0.590081921869241,0,0,1.45099911842492,0.999618453372905,"ZCCHC7","Lamp5","WTvsHET_in_Vehicle"
"NOD-like receptor signaling pathway","2/205",0.512441242551844,0.597848116310485,0,0,1.17211524108076,0.783640176255519,"HSP90AB1;VDAC1","Lamp5","WTvsHET_in_Vehicle"
"Viral myocarditis","1/87",0.518610248292785,0.600692445864305,0,0,1.38323059680583,0.908232867973077,"ACTG1","Lamp5","WTvsHET_in_Vehicle"
"Colorectal cancer","1/88",0.522647404350358,0.601044515002912,0,0,1.3672621520565,0.887145615468079,"GSK3B","Lamp5","WTvsHET_in_Vehicle"
"Progesterone-mediated oocyte maturation","1/90",0.530621025854027,0.601619613820411,0,0,1.33640178692297,0.846887449836146,"HSP90AB1","Lamp5","WTvsHET_in_Vehicle"
"Protein digestion and absorption","1/90",0.530621025854027,0.601619613820411,0,0,1.33640178692297,0.846887449836146,"ATP1B1","Lamp5","WTvsHET_in_Vehicle"
"Morphine addiction","1/92",0.538462241067523,0.60624070497812,0,0,1.30689792135575,0.809019349412644,"GABRA1","Lamp5","WTvsHET_in_Vehicle"
"AGE-RAGE signaling pathway in diabetic complications","1/101",0.572166950261562,0.634910643515108,0,0,1.18873493975904,0.663699792256341,"CDC42","Lamp5","WTvsHET_in_Vehicle"
"Th17 cell differentiation","1/102",0.575757477970222,0.634910643515108,0,0,1.17690564237147,0.649732829372009,"HSP90AB1","Lamp5","WTvsHET_in_Vehicle"
"Longevity regulating pathway","1/102",0.575757477970222,0.634910643515108,0,0,1.17690564237147,0.649732829372009,"HSPA8","Lamp5","WTvsHET_in_Vehicle"
"Toxoplasmosis","1/108",0.596680229386475,0.653506917899472,0,0,1.11057313365612,0.573471022750057,"HSPA8","Lamp5","WTvsHET_in_Vehicle"
"Insulin resistance","1/110",0.603423959300356,0.656427415184847,0,0,1.09008511108655,0.550640410624787,"GSK3B","Lamp5","WTvsHET_in_Vehicle"
"Glutamatergic synapse","1/114",0.616576985055149,0.666234191905229,0,0,1.05128478515833,0.508371980527746,"GRIA1","Lamp5","WTvsHET_in_Vehicle"
"Platelet activation","1/125",0.650553964917919,0.696767674876614,0,0,0.957491255343957,0.411655197158913,"ACTG1","Lamp5","WTvsHET_in_Vehicle"
"AMPK signaling pathway","1/126",0.653490179542663,0.696767674876614,0,0,0.94978313253012,0.404064123389152,"RAB14","Lamp5","WTvsHET_in_Vehicle"
"Spliceosome","1/132",0.670599507895134,0.710306057704714,0,0,0.906005702198105,0.362024638475307,"HSPA8","Lamp5","WTvsHET_in_Vehicle"
"Apoptosis","1/141",0.694701414832976,0.731025671817707,0,0,0.847375215146299,0.308676034341304,"ACTG1","Lamp5","WTvsHET_in_Vehicle"
"Breast cancer","1/147",0.70978702788196,0.742050074603868,0,0,0.812304010562799,0.278449947391471,"GSK3B","Lamp5","WTvsHET_in_Vehicle"
"Gastric cancer","1/150",0.717049586251073,0.744806344428533,0,0,0.795827605724913,0.264700445018141,"GSK3B","Lamp5","WTvsHET_in_Vehicle"
"mTOR signaling pathway","1/154",0.72645270746159,0.749736448085359,0,0,0.774864162532483,0.247632557039115,"GSK3B","Lamp5","WTvsHET_in_Vehicle"
"Cushing syndrome","1/159",0.737770916792348,0.756567628048204,0,0,0.750152508769254,0.22813781632339,"GSK3B","Lamp5","WTvsHET_in_Vehicle"
"Hepatitis B","1/163",0.746489317059693,0.760663164851966,0,0,0.731481481481482,0.213866146776942,"DDX3X","Lamp5","WTvsHET_in_Vehicle"
"Cell adhesion molecules (CAMs)","1/170",0.761058776520522,0.77063184289185,0,0,0.700933913167463,0.191386281771138,"NRCAM","Lamp5","WTvsHET_in_Vehicle"
"Neuroactive ligand-receptor interaction","2/348",0.790245074451025,0.795184106166344,0,0,0.68267647574006,0.160710344285063,"GRIA1;GABRA1","Lamp5","WTvsHET_in_Vehicle"
"Olfactory transduction","3/1133",0.996495695056216,0.996495695056216,0,0,0.302768184761494,0.00106285542101227,"CALM1;CALM2;NCALD","Lamp5","WTvsHET_in_Vehicle"
"Ribosome","47/170",4.64762101607188e-49,8.17981298828651e-47,0,0,34.3762213768927,3825.74047383111,"RPL30;RPL34;RPLP1;RPL11;RPL8;RPL6;RPS4X;RPS14;RPS16;RPS19;RPL18A;RPL36;RPL14;RPS3;RPL35;RPLP2;RPL13;RPL38;RPL37;RPL15;RPS11;RPS27A;RPL39;RPS10;RPS13;RPS12;RPL19;RPL21;RPS7;RPS8;RPL23;RPS5;RPSA;RPS26;RPS28;RPS29;RPS3A1;RPL37A;RPL24;RPL22L1;RPL26;FAU;RPL28;UBA52;RPS21;RPS24;RPS23","Non-neuronal","WTvsHET_in_Vehicle"
"Oxidative phosphorylation","33/134",1.0677695497394e-32,9.39637203770672e-31,0,0,27.6511608057357,2035.59968135525,"NDUFA13;COX7B;NDUFB8;NDUFA11;NDUFB10;UQCRB;COX4I1;NDUFB4;NDUFB2;ATP5J;UQCR11;ATP5H;ATP5G3;UQCR10;COX6A1;COX5B;COX7C;COX5A;ATP5E;ATP6V1E1;ATP6V1F;ATP6V0A1;ATP6V0B;NDUFA6;NDUFA5;NDUFA4;NDUFA2;NDUFC2;ATP5F1;COX6C;ATP5J2;NDUFS5;ATP6V0C","Non-neuronal","WTvsHET_in_Vehicle"
"Parkinson disease","31/144",8.39683040694814e-29,4.92614050540957e-27,0,0,23.0043869601392,1487.16721238749,"NDUFA13;COX7B;NDUFB8;NDUFA11;NDUFB10;UQCRB;COX4I1;NDUFB4;NDUFB2;ATP5J;UQCR11;ATP5H;ATP5G3;UQCR10;COX6A1;COX5B;COX7C;COX5A;UCHL1;UBB;ATP5E;NDUFA6;NDUFA5;NDUFA4;NDUFA2;NDUFC2;ATP5F1;COX6C;NDUFS5;VDAC1;SLC25A4","Non-neuronal","WTvsHET_in_Vehicle"
"Alzheimer disease","32/175",2.57011027189586e-27,1.13084851963418e-25,0,0,18.8164110567544,1152.05073654134,"APP;RTN3;NDUFA13;COX7B;NDUFB8;NDUFA11;NDUFB10;UQCRB;COX4I1;NDUFB4;NDUFB2;ATP5J;UQCR11;ATP5H;ATP5G3;UQCR10;COX6A1;COX5B;COX7C;COX5A;ATP5E;NDUFA6;NDUFA5;NDUFA4;NDUFA2;NDUFC2;ATP5F1;COX6C;NDUFS5;CALM1;CALM2;GAPDH","Non-neuronal","WTvsHET_in_Vehicle"
"Huntington disease","30/192",1.45552251554099e-23,5.1234392547043e-22,0,0,15.4239558707644,811.054717373303,"NDUFA13;COX7B;NDUFB8;NDUFA11;NDUFB10;UQCRB;COX4I1;NDUFB4;CLTC;NDUFB2;ATP5J;UQCR11;ATP5H;ATP5G3;UQCR10;COX6A1;COX5B;COX7C;COX5A;ATP5E;NDUFA6;NDUFA5;NDUFA4;NDUFA2;NDUFC2;ATP5F1;COX6C;NDUFS5;VDAC1;SLC25A4","Non-neuronal","WTvsHET_in_Vehicle"
"Thermogenesis","32/231",2.10945893195976e-23,6.18774620041529e-22,0,0,13.4826924321177,703.972165851373,"COX7B;NDUFA13;NDUFB8;NDUFA11;NDUFB10;UQCRB;COX4I1;NDUFB4;NDUFB2;ATP5J;UQCR11;ATP5H;UQCR10;ATP5G3;COX5B;COX6A1;COX7C;COX5A;ACTB;ACTG1;ATP5E;NDUFA6;NDUFA5;NDUFA4;NDUFA2;NDUFC2;ACSL3;COX6C;ATP5F1;ATP5J2;NDUFS5;GNAS","Non-neuronal","WTvsHET_in_Vehicle"
"Non-alcoholic fatty liver disease (NAFLD)","23/151",4.74480876854336e-18,1.19298049037662e-16,0,0,14.5584000516529,580.727015616834,"NDUFA13;COX7B;NDUFB8;NDUFA6;NDUFA11;NDUFB10;UQCRB;NDUFA5;NDUFA4;COX4I1;NDUFB4;NDUFA2;NDUFB2;NDUFC2;UQCR11;UQCR10;COX6A1;COX5B;COX6C;COX7C;COX5A;CDC42;NDUFS5","Non-neuronal","WTvsHET_in_Vehicle"
"Cardiac muscle contraction","13/78",2.96220279809443e-11,6.51684615580774e-10,0,0,15.6111111111111,378.452405490754,"COX7B;UQCRB;COX4I1;UQCR11;UQCR10;COX6A1;ATP1B1;COX5B;COX6C;COX7C;COX5A;MYL4;CACNB4","Non-neuronal","WTvsHET_in_Vehicle"
"Synaptic vesicle cycle","11/77",5.54148907724694e-09,1.08366897510607e-07,0,0,12.9061679790026,245.359192821552,"SNAP25;ATP6V0B;RAB3A;SYT1;CLTC;SLC1A2;ATP6V1E1;ATP6V0C;VAMP2;ATP6V1F;ATP6V0A1","Non-neuronal","WTvsHET_in_Vehicle"
"Retrograde endocannabinoid signaling","13/150",1.0550701124116e-07,1.85692339784442e-06,0,0,7.37961997451049,118.549819690766,"NDUFA13;NDUFB8;NDUFA6;NDUFA11;NDUFB10;NDUFA5;NDUFA4;NDUFB4;NDUFA2;NDUFB2;NDUFC2;GNG3;NDUFS5","Non-neuronal","WTvsHET_in_Vehicle"
"Antigen processing and presentation","7/90",0.000194006562069873,0.00310410499311797,0,0,6.42402166806762,54.9100869321337,"PDIA3;HSPA8;HSP90AA1;HSP90AB1;CANX;CALR;CTSB","Non-neuronal","WTvsHET_in_Vehicle"
"Protein processing in endoplasmic reticulum","9/163",0.000333532200703037,0.00489180561031122,0,0,4.47009435876623,35.7865524258531,"PDIA3;HSPA8;HSP90AA1;HSP90AB1;CANX;CALR;SEC62;SKP1A;HSP90B1","Non-neuronal","WTvsHET_in_Vehicle"
"Collecting duct acid secretion","4/27",0.000415909849638313,0.00531832023829286,0,0,13.1347659503582,102.254704961828,"ATP6V1E1;ATP6V0C;ATP6V1F;ATP6V0A1","Non-neuronal","WTvsHET_in_Vehicle"
"Estrogen signaling pathway","8/134",0.000423048200773296,0.00531832023829286,0,0,4.84441973936137,37.6315709116191,"HSPA8;HSP90AA1;GABBR1;HSP90AB1;GNAS;CALM1;CALM2;HSP90B1","Non-neuronal","WTvsHET_in_Vehicle"
"Salivary secretion","6/78",0.000591472354982904,0.00693994229846608,0,0,6.32657657657658,47.0247832799274,"GNAS;ATP2B1;ATP1B1;CALM1;CALM2;VAMP2","Non-neuronal","WTvsHET_in_Vehicle"
"Fluid shear stress and atherosclerosis","8/143",0.00065156202285671,0.00709663948038108,0,0,4.519383196426,33.1548186494962,"HSP90AA1;BMPR2;HSP90AB1;CALM1;CALM2;ACTB;ACTG1;HSP90B1","Non-neuronal","WTvsHET_in_Vehicle"
"Phagosome","9/180",0.000685470858900445,0.00709663948038108,0,0,4.02220394736842,29.3033830219908,"ATP6V0B;CANX;CALR;ATP6V1E1;ATP6V0C;ACTB;ACTG1;ATP6V1F;ATP6V0A1","Non-neuronal","WTvsHET_in_Vehicle"
"Lysosome","7/124",0.00133673859554995,0.0130703329342662,0,0,4.54932750281588,30.1052771809383,"LAPTM4A;ATP6V0B;PSAP;CLTC;ATP6V0C;ATP6V0A1;CTSB","Non-neuronal","WTvsHET_in_Vehicle"
"Ferroptosis","4/40",0.00189267309673357,0.0175321297381636,0,0,8.38612175393785,52.5790135998942,"FTL1;GPX4;FTH1;ACSL3","Non-neuronal","WTvsHET_in_Vehicle"
"Mineral absorption","4/44",0.00269757278528676,0.0237386405105235,0,0,7.54597701149425,44.6374941363865,"FTL1;FTH1;ATP2B1;ATP1B1","Non-neuronal","WTvsHET_in_Vehicle"
"Gastric acid secretion","5/74",0.00301015712087309,0.0252279834892221,0,0,5.48104793756968,31.8216653279007,"GNAS;ATP1B1;CALM1;CALM2;ACTB","Non-neuronal","WTvsHET_in_Vehicle"
"Adrenergic signaling in cardiomyocytes","7/148",0.00363421253650927,0.0290737002920742,0,0,3.77035570949475,21.1794560001558,"MYL4;CACNB4;GNAS;ATP2B1;ATP1B1;CALM1;CALM2","Non-neuronal","WTvsHET_in_Vehicle"
"Oocyte meiosis","6/116",0.00450781538344659,0.033776119025765,0,0,4.13302913302913,22.3263862925923,"YWHAB;CALM1;SKP1A;CALM2;YWHAZ;YWHAH","Non-neuronal","WTvsHET_in_Vehicle"
"Human immunodeficiency virus 1 infection","9/238",0.00460583441260432,0.033776119025765,0,0,2.99457560043668,16.1121086759023,"PDIA3;PAK1;GNG3;CFL1;ELOB;CALR;CALM1;SKP1A;CALM2","Non-neuronal","WTvsHET_in_Vehicle"
"Rheumatoid arthritis","5/84",0.00518585919067259,0.0363396916330344,0,0,4.78481012658228,25.1768083955912,"ATP6V0B;ATP6V1E1;ATP6V0C;ATP6V1F;ATP6V0A1","Non-neuronal","WTvsHET_in_Vehicle"
"Hippo signaling pathway","7/159",0.00536836353669827,0.0363396916330344,0,0,3.49553753569971,18.2719862184615,"PAK1;BMPR2;YWHAB;YWHAZ;ACTB;ACTG1;YWHAH","Non-neuronal","WTvsHET_in_Vehicle"
"Insulin secretion","5/86",0.00572700691752694,0.037331600647583,0,0,4.6661918328585,24.0895057501396,"SNAP25;RAB3A;GNAS;ATP1B1;VAMP2","Non-neuronal","WTvsHET_in_Vehicle"
"Endocrine and other factor-regulated calcium reabsorption","4/55",0.00605157158174499,0.0380384499423971,0,0,5.91510780557434,30.2110420923954,"CLTC;GNAS;ATP2B1;ATP1B1","Non-neuronal","WTvsHET_in_Vehicle"
"Necroptosis","7/176",0.00917960763095562,0.0557107221740755,0,0,3.14118618411999,14.7345844831996,"FTL1;HSP90AA1;HSP90AB1;FTH1;VDAC1;PPIA;SLC25A4","Non-neuronal","WTvsHET_in_Vehicle"
"Aldosterone synthesis and secretion","5/102",0.0115603453731711,0.0678206928559372,0,0,3.89333862014274,17.36496978765,"GNAS;ATP2B1;ATP1B1;CALM1;CALM2","Non-neuronal","WTvsHET_in_Vehicle"
"Thyroid hormone synthesis","4/73",0.0160658128975599,0.0901074586855623,0,0,4.36803820312066,18.0446352689702,"CANX;GNAS;ATP1B1;HSP90B1","Non-neuronal","WTvsHET_in_Vehicle"
"Bacterial invasion of epithelial cells","4/74",0.0168118518630687,0.0901074586855623,0,0,4.30541871921182,17.5905251498922,"CDC42;CLTC;ACTB;ACTG1","Non-neuronal","WTvsHET_in_Vehicle"
"Oxytocin signaling pathway","6/154",0.0168951485035429,0.0901074586855623,0,0,3.06589794427632,12.5110979442167,"CACNB4;GNAS;CALM1;CALM2;ACTB;ACTG1","Non-neuronal","WTvsHET_in_Vehicle"
"Renin secretion","4/76",0.0183681091620572,0.0950819768388844,0,0,4.18539804171988,16.7296190648576,"GNAS;CALM1;CALM2;CTSB","Non-neuronal","WTvsHET_in_Vehicle"
"Vasopressin-regulated water reabsorption","3/43",0.0192192651580491,0.0966454476519039,0,0,5.63788167938931,22.2800182282165,"GNAS;DYNLL1;VAMP2","Non-neuronal","WTvsHET_in_Vehicle"
"cAMP signaling pathway","7/211",0.022707756552873,0.111015698702935,0,0,2.59760221918225,9.83205094048751,"PAK1;GABBR1;GNAS;ATP2B1;CALM1;ATP1B1;CALM2","Non-neuronal","WTvsHET_in_Vehicle"
"Cell cycle","5/123",0.0240406790045137,0.111506943912203,0,0,3.19703389830508,11.9185677091637,"ORC4;YWHAB;SKP1A;YWHAZ;YWHAH","Non-neuronal","WTvsHET_in_Vehicle"
"RNA transport","6/167",0.0240753628901348,0.111506943912203,0,0,2.81647041895489,10.4957636020307,"EIF4A2;EEF1A1;TPR;EIF3C;EIF4G2;EIF1","Non-neuronal","WTvsHET_in_Vehicle"
"Regulation of actin cytoskeleton","7/217",0.0259523060418362,0.117118099060594,0,0,2.52260981912145,9.21129665841287,"CDC42;PAK1;TMSB4X;CFL1;ACTB;MYL12B;ACTG1","Non-neuronal","WTvsHET_in_Vehicle"
"cGMP-PKG signaling pathway","6/172",0.0273091446292282,0.120160236368604,0,0,2.73093920081872,9.83283852900677,"VDAC1;ATP2B1;ATP1B1;CALM1;CALM2;SLC25A4","Non-neuronal","WTvsHET_in_Vehicle"
"Dilated cardiomyopathy (DCM)","4/90",0.0317447232095501,0.133025506782876,0,0,3.50155929787044,12.0804803020381,"CACNB4;GNAS;ACTB;ACTG1","Non-neuronal","WTvsHET_in_Vehicle"
"GnRH signaling pathway","4/90",0.0317447232095501,0.133025506782876,0,0,3.50155929787044,12.0804803020381,"CDC42;GNAS;CALM1;CALM2","Non-neuronal","WTvsHET_in_Vehicle"
"Axon guidance","6/180",0.033059289877332,0.135312442288615,0,0,2.60431367327919,8.87928419811435,"EPHA5;CDC42;PAK1;BMPR2;CFL1;MYL12B","Non-neuronal","WTvsHET_in_Vehicle"
"Proximal tubule bicarbonate reclamation","2/22",0.0339406145264177,0.135762458105671,0,0,7.49619771863118,25.3607081868436,"MDH1;ATP1B1","Non-neuronal","WTvsHET_in_Vehicle"
"Apelin signaling pathway","5/138",0.0368663231006365,0.144188285904712,0,0,2.8342972816657,9.35447573013589,"MYL4;GABARAPL2;GNG3;CALM1;CALM2","Non-neuronal","WTvsHET_in_Vehicle"
"Calcium signaling pathway","6/189",0.0404065847579028,0.154599106899802,0,0,2.47509336033926,7.9419868037996,"GNAS;VDAC1;ATP2B1;CALM1;CALM2;SLC25A4","Non-neuronal","WTvsHET_in_Vehicle"
"Circadian entrainment","4/99",0.0427146136778223,0.15995259589993,0,0,3.16838072191974,9.99058300922389,"GNG3;GNAS;CALM1;CALM2","Non-neuronal","WTvsHET_in_Vehicle"
"Phototransduction","2/27",0.0494030230174459,0.181144417730635,0,0,5.99543726235741,18.0327384266269,"CALM1;CALM2","Non-neuronal","WTvsHET_in_Vehicle"
"Mitophagy","3/63",0.051090908697448,0.183510202668385,0,0,3.75477099236641,11.1672473017451,"GABARAPL2;UBB;TAX1BP1","Non-neuronal","WTvsHET_in_Vehicle"
"Protein export","2/28",0.0527495517787218,0.185678422261101,0,0,5.7645510383153,16.9604620865362,"SPCS1;SEC62","Non-neuronal","WTvsHET_in_Vehicle"
"Rap1 signaling pathway","6/209",0.0602022438689174,0.204219853803301,0,0,2.22895943092987,6.26347776136307,"CDC42;GNAS;CALM1;CALM2;ACTB;ACTG1","Non-neuronal","WTvsHET_in_Vehicle"
"Amphetamine addiction","3/68",0.0614980241566759,0.204219853803301,0,0,3.46506165590135,9.66319149754974,"GNAS;CALM1;CALM2","Non-neuronal","WTvsHET_in_Vehicle"
"Renal cell carcinoma","3/68",0.0614980241566759,0.204219853803301,0,0,3.46506165590135,9.66319149754974,"CDC42;PAK1;ELOB","Non-neuronal","WTvsHET_in_Vehicle"
"Leukocyte transendothelial migration","4/115",0.0668429378731899,0.217858464179286,0,0,2.70946808877843,7.33022103897494,"CDC42;ACTB;ACTG1;MYL12B","Non-neuronal","WTvsHET_in_Vehicle"
"Adherens junction","3/72",0.070475794059166,0.221495352757379,0,0,3.26352472618653,8.65645356462073,"CDC42;ACTB;ACTG1","Non-neuronal","WTvsHET_in_Vehicle"
"Arrhythmogenic right ventricular cardiomyopathy (ARVC)","3/72",0.070475794059166,0.221495352757379,0,0,3.26352472618653,8.65645356462073,"CACNB4;ACTB;ACTG1","Non-neuronal","WTvsHET_in_Vehicle"
"Tight junction","5/167",0.0717586572669697,0.221570590859415,0,0,2.32348053181386,6.12108578881218,"CDC42;NEDD4;ACTB;ACTG1;MYL12B","Non-neuronal","WTvsHET_in_Vehicle"
"Influenza A","5/168",0.0732021611838951,0.222130696006302,0,0,2.30910806984427,6.03723309327803,"HSPA8;VDAC1;ACTB;ACTG1;KPNA1","Non-neuronal","WTvsHET_in_Vehicle"
"Neurotrophin signaling pathway","4/121",0.0773822019300069,0.230835043045444,0,0,2.5697350754822,6.57594813688084,"CDC42;KIDINS220;CALM1;CALM2","Non-neuronal","WTvsHET_in_Vehicle"
"Pertussis","3/76",0.0800065434488002,0.234685860783147,0,0,3.08407403534456,7.78928188654611,"CFL1;CALM1;CALM2","Non-neuronal","WTvsHET_in_Vehicle"
"Platelet activation","4/125",0.0848431791725769,0.241208013709616,0,0,2.48427852189608,6.12859258249352,"GNAS;ACTB;ACTG1;MYL12B","Non-neuronal","WTvsHET_in_Vehicle"
"Salmonella infection","3/78",0.0849710048295238,0.241208013709616,0,0,3.00152671755725,7.40009963949088,"CDC42;ACTB;ACTG1","Non-neuronal","WTvsHET_in_Vehicle"
"Tuberculosis","5/178",0.0884998942831219,0.247237799902055,0,0,2.17452200978213,5.27268077062893,"ATP6V0B;CALM1;CALM2;ATP6V0C;ATP6V0A1","Non-neuronal","WTvsHET_in_Vehicle"
"ECM-receptor interaction","3/83",0.0979347555408481,0.269320577737332,0,0,2.81321564885496,6.53637653839401,"SV2B;SV2A;CD47","Non-neuronal","WTvsHET_in_Vehicle"
"Pathways in cancer","11/535",0.100594608534028,0.272379247722907,0,0,1.58773366592535,3.64647902806121,"CDC42;HSP90AA1;GNG3;HSP90AB1;TPR;GNAS;ELOB;CALM1;SKP1A;CALM2;HSP90B1","Non-neuronal","WTvsHET_in_Vehicle"
"Dopaminergic synapse","4/135",0.10495291175784,0.277631250463297,0,0,2.29346904156064,5.17003765384414,"GNG3;GNAS;CALM1;CALM2","Non-neuronal","WTvsHET_in_Vehicle"
"Hypertrophic cardiomyopathy (HCM)","3/86",0.106073743146458,0.277631250463297,0,0,2.71111928630553,6.08272345039337,"CACNB4;ACTB;ACTG1","Non-neuronal","WTvsHET_in_Vehicle"
"Viral myocarditis","3/87",0.108844069783906,0.277631250463297,0,0,2.67870774263904,5.94094243000341,"ACTB;EIF4G2;ACTG1","Non-neuronal","WTvsHET_in_Vehicle"
"Fc gamma R-mediated phagocytosis","3/87",0.108844069783906,0.277631250463297,0,0,2.67870774263904,5.94094243000341,"CDC42;PAK1;CFL1","Non-neuronal","WTvsHET_in_Vehicle"
"GABAergic synapse","3/90",0.117320400670213,0.293820669843248,0,0,2.58594366938668,5.54128065064799,"GABARAPL2;GNG3;GABBR1","Non-neuronal","WTvsHET_in_Vehicle"
"Glycosphingolipid biosynthesis","2/45",0.119617603109594,0.293820669843248,0,0,3.48253603324786,7.39500947571944,"FUT9;B3GALT2","Non-neuronal","WTvsHET_in_Vehicle"
"IL-17 signaling pathway","3/91",0.120199364935874,0.293820669843248,0,0,2.55642782789729,5.41605704668005,"HSP90AA1;HSP90AB1;HSP90B1","Non-neuronal","WTvsHET_in_Vehicle"
"Morphine addiction","3/92",0.12310428691851,0.294540193015185,0,0,2.52757526374475,5.29457110511315,"GNG3;GABBR1;GNAS","Non-neuronal","WTvsHET_in_Vehicle"
"Human cytomegalovirus infection","6/255",0.124114879802388,0.294540193015185,0,0,1.81290412615714,3.78271092069966,"PDIA3;GNG3;GNAS;CALR;CALM1;CALM2","Non-neuronal","WTvsHET_in_Vehicle"
"Focal adhesion","5/199",0.125514286796244,0.294540193015185,0,0,1.93705392545599,4.02003714083828,"CDC42;PAK1;ACTB;MYL12B;ACTG1","Non-neuronal","WTvsHET_in_Vehicle"
"Proteoglycans in cancer","5/203",0.133268519661411,0.308621835005373,0,0,1.89753302253302,3.82426763856347,"CDC42;PAK1;ANK2;ACTB;ACTG1","Non-neuronal","WTvsHET_in_Vehicle"
"NOD-like receptor signaling pathway","5/205",0.137224831404967,0.311387548579397,0,0,1.87836538461538,3.73068646895981,"GABARAPL2;HSP90AA1;HSP90AB1;VDAC1;CTSB","Non-neuronal","WTvsHET_in_Vehicle"
"Prostate cancer","3/97",0.138001299938596,0.311387548579397,0,0,2.39252070813708,4.7383685386568,"HSP90AA1;HSP90AB1;HSP90B1","Non-neuronal","WTvsHET_in_Vehicle"
"Melanogenesis","3/100",0.147219926732178,0.326372290939219,0,0,2.31817108680255,4.44121640468074,"GNAS;CALM1;CALM2","Non-neuronal","WTvsHET_in_Vehicle"
"Endocytosis","6/269",0.148351041336009,0.326372290939219,0,0,1.71516655166845,3.27283607002813,"CDC42;HSPA8;UBB;NEDD4;CLTC;CAPZA2","Non-neuronal","WTvsHET_in_Vehicle"
"Glucagon signaling pathway","3/102",0.153474410351074,0.333475261997395,0,0,2.27110802683322,4.25655934205438,"GNAS;CALM1;CALM2","Non-neuronal","WTvsHET_in_Vehicle"
"HIF-1 signaling pathway","3/104",0.159811350147185,0.339028997120931,0,0,2.22590885042703,4.08178533132336,"ELOB;ALDOA;GAPDH","Non-neuronal","WTvsHET_in_Vehicle"
"Kaposi sarcoma-associated herpesvirus infection","5/216",0.159882992960439,0.339028997120931,0,0,1.77943857090777,3.26226790971563,"GABARAPL2;GNG3;UBB;CALM1;CALM2","Non-neuronal","WTvsHET_in_Vehicle"
"Pancreatic secretion","3/105",0.163009532067508,0.341543781474778,0,0,2.20397395599461,3.99789106604428,"GNAS;ATP2B1;ATP1B1","Non-neuronal","WTvsHET_in_Vehicle"
"Fatty acid biosynthesis","1/14",0.170390814227256,0.352809215341141,0,0,5.7465034965035,10.1693606712711,"ACSL3","Non-neuronal","WTvsHET_in_Vehicle"
"Legionellosis","2/58",0.179245093302818,0.366827167689488,0,0,2.67232482346551,4.59372950714173,"EEF1A1;HSPA8","Non-neuronal","WTvsHET_in_Vehicle"
"C-type lectin receptor signaling pathway","3/112",0.185906673247359,0.376087063121093,0,0,2.06169899852931,3.46883018797127,"PAK1;CALM1;CALM2","Non-neuronal","WTvsHET_in_Vehicle"
"Glutamatergic synapse","3/114",0.19259837170031,0.382174640966764,0,0,2.02434495564267,3.33439621861607,"GNG3;SLC1A2;GNAS","Non-neuronal","WTvsHET_in_Vehicle"
"Thyroid hormone signaling pathway","3/115",0.195966821572575,0.382174640966764,0,0,2.00616821155943,3.26967283588076,"ATP1B1;ACTB;ACTG1","Non-neuronal","WTvsHET_in_Vehicle"
"PI3K-Akt signaling pathway","7/357",0.196761806249438,0.382174640966764,0,0,1.50271317829457,2.44305306120955,"HSP90AA1;GNG3;HSP90AB1;YWHAB;YWHAZ;HSP90B1;YWHAH","Non-neuronal","WTvsHET_in_Vehicle"
"Ras signaling pathway","5/233",0.197601660954406,0.382174640966764,0,0,1.64532726045884,2.66790158838261,"CDC42;PAK1;GNG3;CALM1;CALM2","Non-neuronal","WTvsHET_in_Vehicle"
"Human papillomavirus infection","7/360",0.202291865328641,0.386993133672183,0,0,1.48971166304324,2.38062440728588,"CDC42;ATP6V0B;GNAS;ATP6V1E1;ATP6V0C;ATP6V0A1;ATP6V1F","Non-neuronal","WTvsHET_in_Vehicle"
"Aminoacyl-tRNA biosynthesis","2/66",0.217803677846394,0.412187605386724,0,0,2.33733365019011,3.56247321965372,"NARS;LARS2","Non-neuronal","WTvsHET_in_Vehicle"
"Glycolysis / Gluconeogenesis","2/67",0.222679394017578,0.412542877337829,0,0,2.30125767768353,3.45654020491433,"ALDOA;GAPDH","Non-neuronal","WTvsHET_in_Vehicle"
"Long-term potentiation","2/67",0.222679394017578,0.412542877337829,0,0,2.30125767768353,3.45654020491433,"CALM1;CALM2","Non-neuronal","WTvsHET_in_Vehicle"
"Cellular senescence","4/185",0.230716240982304,0.422979775134223,0,0,1.65568044706928,2.4281658386044,"VDAC1;CALM1;CALM2;SLC25A4","Non-neuronal","WTvsHET_in_Vehicle"
"Inflammatory mediator regulation of TRP channels","3/127",0.237386363804555,0.430721649789708,0,0,1.81091479931051,2.60421543314739,"GNAS;CALM1;CALM2","Non-neuronal","WTvsHET_in_Vehicle"
"Bile secretion","2/72",0.247165340530496,0.443888774830278,0,0,2.13633894622488,2.98595618417613,"GNAS;ATP1B1","Non-neuronal","WTvsHET_in_Vehicle"
"Serotonergic synapse","3/132",0.25507655087802,0.453469423783146,0,0,1.74028048996982,2.37755655110895,"APP;GNG3;GNAS","Non-neuronal","WTvsHET_in_Vehicle"
"Glioma","2/75",0.261906346380217,0.460592464436741,0,0,2.04823167873327,2.74415586539048,"CALM1;CALM2","Non-neuronal","WTvsHET_in_Vehicle"
"Mannose type O-glycan biosynthesis","1/23",0.264317266523357,0.460592464436741,0,0,3.39411157024793,4.51622226799917,"FUT9","Non-neuronal","WTvsHET_in_Vehicle"
"Alcoholism","4/199",0.271062660328195,0.467715962919238,0,0,1.53571077709009,2.00472493532228,"GNG3;GNAS;CALM1;CALM2","Non-neuronal","WTvsHET_in_Vehicle"
"Ubiquitin mediated proteolysis","3/138",0.276534597306417,0.472525137144946,0,0,1.66242578456319,2.13691425473431,"NEDD4;ELOB;SKP1A","Non-neuronal","WTvsHET_in_Vehicle"
"Vascular smooth muscle contraction","3/140",0.283729335573215,0.480157337123901,0,0,1.63798963615089,2.06343211920326,"GNAS;CALM1;CALM2","Non-neuronal","WTvsHET_in_Vehicle"
"Apoptosis","3/141",0.287332880173088,0.48162463724251,0,0,1.62603717225357,2.02785351733865,"ACTB;ACTG1;CTSB","Non-neuronal","WTvsHET_in_Vehicle"
"Taste transduction","2/88",0.325571859384818,0.540572143884226,0,0,1.73746573525511,1.94973553031013,"GABBR1;SCN2A","Non-neuronal","WTvsHET_in_Vehicle"
"Circadian rhythm","1/30",0.32998051310165,0.542771685101779,0,0,2.5739289446186,2.85377081717211,"SKP1A","Non-neuronal","WTvsHET_in_Vehicle"
"Progesterone-mediated oocyte maturation","2/90",0.33526810572188,0.544161776801219,0,0,1.69780504666436,1.855403378473,"HSP90AA1;HSP90AB1","Non-neuronal","WTvsHET_in_Vehicle"
"Glyoxylate and dicarboxylate metabolism","1/31",0.338871593344063,0.544161776801219,0,0,2.48800505050505,2.6923549171677,"MDH1","Non-neuronal","WTvsHET_in_Vehicle"
"TGF-beta signaling pathway","2/91",0.340101110500762,0.544161776801219,0,0,1.67864314094074,1.81043731133573,"BMPR2;SKP1A","Non-neuronal","WTvsHET_in_Vehicle"
"Citrate cycle (TCA cycle)","1/32",0.347645129150966,0.545297997286682,0,0,2.40762463343109,2.54383133426704,"MDH1","Non-neuronal","WTvsHET_in_Vehicle"
"Pentose phosphate pathway","1/32",0.347645129150966,0.545297997286682,0,0,2.40762463343109,2.54383133426704,"ALDOA","Non-neuronal","WTvsHET_in_Vehicle"
"MAPK signaling pathway","5/294",0.350440708461573,0.545297997286682,0,0,1.29398456215065,1.35682530435054,"CDC42;HSPA8;PAK1;CACNB4;STMN1","Non-neuronal","WTvsHET_in_Vehicle"
"Hepatitis C","3/160",0.356093463568211,0.545297997286682,0,0,1.42786988865659,1.47436425147447,"YWHAB;YWHAZ;YWHAH","Non-neuronal","WTvsHET_in_Vehicle"
"SNARE interactions in vesicular transport","1/33",0.356302668681639,0.545297997286682,0,0,2.33226799242424,2.40684160008216,"VAMP2","Non-neuronal","WTvsHET_in_Vehicle"
"Viral carcinogenesis","4/229",0.360513009979835,0.546985256521129,0,0,1.32890591741166,1.35578600863112,"CDC42;YWHAB;YWHAZ;YWHAH","Non-neuronal","WTvsHET_in_Vehicle"
"Fructose and mannose metabolism","1/35",0.373275850245915,0.557230958451217,0,0,2.19485294117647,2.16289058786652,"ALDOA","Non-neuronal","WTvsHET_in_Vehicle"
"Phosphatidylinositol signaling system","2/98",0.373598028961611,0.557230958451217,0,0,1.5556875792142,1.53169086252489,"CALM1;CALM2","Non-neuronal","WTvsHET_in_Vehicle"
"T cell receptor signaling pathway","2/101",0.387747151384486,0.564765833667413,0,0,1.50831509006414,1.42898046670709,"CDC42;PAK1","Non-neuronal","WTvsHET_in_Vehicle"
"Thyroid cancer","1/37",0.389803121992455,0.564765833667413,0,0,2.07270622895623,1.95272448402693,"TPR","Non-neuronal","WTvsHET_in_Vehicle"
"Th17 cell differentiation","2/102",0.392432605032115,0.564765833667413,0,0,1.49315589353612,1.39668378322432,"HSP90AA1;HSP90AB1","Non-neuronal","WTvsHET_in_Vehicle"
"Chagas disease (American trypanosomiasis)","2/103",0.397101906602088,0.564765833667413,0,0,1.47829687911757,1.36529932421502,"GNAS;CALR","Non-neuronal","WTvsHET_in_Vehicle"
"Aldosterone-regulated sodium reabsorption","1/38",0.39790320099295,0.564765833667413,0,0,2.01658476658477,1.85837666760815,"ATP1B1","Non-neuronal","WTvsHET_in_Vehicle"
"Pyruvate metabolism","1/38",0.39790320099295,0.564765833667413,0,0,2.01658476658477,1.85837666760815,"MDH1","Non-neuronal","WTvsHET_in_Vehicle"
"Human T-cell leukemia virus 1 infection","4/245",0.408441072879215,0.575085030613935,0,0,1.23966232651309,1.11000310271536,"CANX;VDAC1;CALR;SLC25A4","Non-neuronal","WTvsHET_in_Vehicle"
"Carbohydrate digestion and absorption","1/43",0.436824678851258,0.610167805379536,0,0,1.77606421356421,1.47097786510957,"ATP1B1","Non-neuronal","WTvsHET_in_Vehicle"
"Ether lipid metabolism","1/47",0.466148846204263,0.644635278591053,0,0,1.62129446640316,1.23745346096078,"PAFAH1B1","Non-neuronal","WTvsHET_in_Vehicle"
"Cocaine addiction","1/48",0.473239020540736,0.644635278591053,0,0,1.58671824629271,1.18711069654123,"GNAS","Non-neuronal","WTvsHET_in_Vehicle"
"Cholesterol metabolism","1/49",0.480235379383343,0.644635278591053,0,0,1.5535827020202,1.13952016483019,"VDAC1","Non-neuronal","WTvsHET_in_Vehicle"
"Chemokine signaling pathway","3/197",0.485903909364981,0.644635278591053,0,0,1.15336035256158,0.832431366400666,"CDC42;PAK1;GNG3","Non-neuronal","WTvsHET_in_Vehicle"
"Arginine and proline metabolism","1/50",0.48713915938983,0.644635278591053,0,0,1.52179962894249,1.09448658463646,"CKB","Non-neuronal","WTvsHET_in_Vehicle"
"Cysteine and methionine metabolism","1/50",0.48713915938983,0.644635278591053,0,0,1.52179962894249,1.09448658463646,"MDH1","Non-neuronal","WTvsHET_in_Vehicle"
"Fatty acid degradation","1/50",0.48713915938983,0.644635278591053,0,0,1.52179962894249,1.09448658463646,"ACSL3","Non-neuronal","WTvsHET_in_Vehicle"
"AMPK signaling pathway","2/126",0.499283172147149,0.652730350992455,0,0,1.20268612780572,0.835363973580674,"RAB2A;RAB14","Non-neuronal","WTvsHET_in_Vehicle"
"Amyotrophic lateral sclerosis (ALS)","1/52",0.500673848772622,0.652730350992455,0,0,1.46197266785502,1.01139326229425,"SLC1A2","Non-neuronal","WTvsHET_in_Vehicle"
"Autophagy","2/130",0.515908185647189,0.667645887308127,0,0,1.16486454372624,0.770938182159052,"GABARAPL2;CTSB","Non-neuronal","WTvsHET_in_Vehicle"
"Relaxin signaling pathway","2/131",0.52000718326232,0.668038425212908,0,0,1.15577563592419,0.755776312979532,"GNG3;GNAS","Non-neuronal","WTvsHET_in_Vehicle"
"Regulation of lipolysis in adipocytes","1/56",0.526684919769452,0.671714100575533,0,0,1.35537190082645,0.869000468166208,"GNAS","Non-neuronal","WTvsHET_in_Vehicle"
"Ovarian steroidogenesis","1/57",0.5329739379453,0.674844698405559,0,0,1.33110119047619,0.837639021564494,"GNAS","Non-neuronal","WTvsHET_in_Vehicle"
"VEGF signaling pathway","1/58",0.53917970369128,0.677825913211895,0,0,1.30768208399787,0.807763542254932,"CDC42","Non-neuronal","WTvsHET_in_Vehicle"
"Insulin signaling pathway","2/139",0.551957742996712,0.688968530265399,0,0,1.08784102578335,0.646486285737457,"CALM1;CALM2","Non-neuronal","WTvsHET_in_Vehicle"
"Long-term depression","1/61",0.557308394212255,0.690748432263077,0,0,1.24210858585859,0.72618204387286,"GNAS","Non-neuronal","WTvsHET_in_Vehicle"
"Glutathione metabolism","1/64",0.574726484134951,0.707355672781478,0,0,1.18278018278018,0.655095851624826,"GPX4","Non-neuronal","WTvsHET_in_Vehicle"
"Epstein-Barr virus infection","3/229",0.58727735157087,0.71778342969773,0,0,0.988431399040735,0.52610059949836,"PDIA3;NEDD4;CALR","Non-neuronal","WTvsHET_in_Vehicle"
"Type I diabetes mellitus","1/69",0.602252408547394,0.726002903454393,0,0,1.0955325311943,0.55552114407294,"CPE","Non-neuronal","WTvsHET_in_Vehicle"
"Cortisol synthesis and secretion","1/69",0.602252408547394,0.726002903454393,0,0,1.0955325311943,0.55552114407294,"GNAS","Non-neuronal","WTvsHET_in_Vehicle"
"mTOR signaling pathway","2/154",0.607744130661608,0.72763923126832,0,0,0.979737842705623,0.487910742174706,"ATP6V1E1;ATP6V1F","Non-neuronal","WTvsHET_in_Vehicle"
"Adipocytokine signaling pathway","1/71",0.612759123792449,0.728686525591021,0,0,1.06412337662338,0.521189930066165,"ACSL3","Non-neuronal","WTvsHET_in_Vehicle"
"Pancreatic cancer","1/75",0.632950239123475,0.747645920038468,0,0,1.00639844389844,0.460289885618403,"CDC42","Non-neuronal","WTvsHET_in_Vehicle"
"Hepatitis B","2/163",0.638611439211308,0.749304088674602,0,0,0.924544788985192,0.414620510950819,"YWHAB;YWHAZ","Non-neuronal","WTvsHET_in_Vehicle"
"Hepatocellular carcinoma","2/171",0.664424638417582,0.774428717625791,0,0,0.880419375885887,0.359945215077936,"ACTB;ACTG1","Non-neuronal","WTvsHET_in_Vehicle"
"ErbB signaling pathway","1/84",0.674627219072277,0.775794983539261,0,0,0.896860167944505,0.352999685610939,"PAK1","Non-neuronal","WTvsHET_in_Vehicle"
"Peroxisome","1/84",0.674627219072277,0.775794983539261,0,0,0.896860167944505,0.352999685610939,"ACSL3","Non-neuronal","WTvsHET_in_Vehicle"
"PPAR signaling pathway","1/85",0.678956573633512,0.775794983539261,0,0,0.886138167388167,0.343111023457251,"ACSL3","Non-neuronal","WTvsHET_in_Vehicle"
"Gap junction","1/86",0.68322853663969,0.775794983539261,0,0,0.875668449197861,0.333564764348253,"GNAS","Non-neuronal","WTvsHET_in_Vehicle"
"Protein digestion and absorption","1/90",0.699757484393277,0.789469982392415,0,0,0.836142322097378,0.298520748283022,"ATP1B1","Non-neuronal","WTvsHET_in_Vehicle"
"AGE-RAGE signaling pathway in diabetic complications","1/101",0.740913469385814,0.829164706267524,0,0,0.74375,0.223029380497165,"CDC42","Non-neuronal","WTvsHET_in_Vehicle"
"Longevity regulating pathway","1/102",0.744363770399254,0.829164706267524,0,0,0.736348634863486,0.217388838625636,"HSPA8","Non-neuronal","WTvsHET_in_Vehicle"
"Amoebiasis","1/106",0.757713210533488,0.835316934339653,0,0,0.708152958152958,0.196477261415318,"GNAS","Non-neuronal","WTvsHET_in_Vehicle"
"Parathyroid hormone synthesis, secretion and action","1/107",0.76094059569673,0.835316934339653,0,0,0.70143653516295,0.191632450893845,"GNAS","Non-neuronal","WTvsHET_in_Vehicle"
"Toxoplasmosis","1/108",0.764125150162978,0.835316934339653,0,0,0.694845652789578,0.186929944354604,"HSPA8","Non-neuronal","WTvsHET_in_Vehicle"
"Cholinergic synapse","1/113",0.779425022700926,0.846782740712117,0,0,0.663656655844156,0.16538242997794,"GNG3","Non-neuronal","WTvsHET_in_Vehicle"
"Natural killer cell mediated cytotoxicity","1/118",0.793735971823527,0.857040067735833,0,0,0.635133385133385,0.146718607965627,"PAK1","Non-neuronal","WTvsHET_in_Vehicle"
"FoxO signaling pathway","1/132",0.829072219844899,0.884343701167892,0,0,0.566851723340273,0.106255227969991,"GABARAPL2","Non-neuronal","WTvsHET_in_Vehicle"
"Spliceosome","1/132",0.829072219844899,0.884343701167892,0,0,0.566851723340273,0.106255227969991,"HSPA8","Non-neuronal","WTvsHET_in_Vehicle"
"Signaling pathways regulating pluripotency of stem cells","1/137",0.840172341842971,0.890785133520259,0,0,0.545872326203209,0.0950627045063594,"BMPR2","Non-neuronal","WTvsHET_in_Vehicle"
"Measles","1/144",0.854516225462164,0.900567998091862,0,0,0.518965882602246,0.0815917062255653,"HSPA8","Non-neuronal","WTvsHET_in_Vehicle"
"Phospholipase D signaling pathway","1/149",0.863969540129735,0.90511094680258,0,0,0.501305282555283,0.0732997381377953,"GNAS","Non-neuronal","WTvsHET_in_Vehicle"
"Cushing syndrome","1/159",0.881079350208036,0.913820627590274,0,0,0.469337360951285,0.0594216715856358,"GNAS","Non-neuronal","WTvsHET_in_Vehicle"
"Wnt signaling pathway","1/160",0.882667651649696,0.913820627590274,0,0,0.466361730512674,0.0582049914910882,"SKP1A","Non-neuronal","WTvsHET_in_Vehicle"
"MicroRNAs in cancer","2/281",0.889246158509089,0.915247508173097,0,0,0.530302410837183,0.0622475270285199,"BMPR2;STMN1","Non-neuronal","WTvsHET_in_Vehicle"
"Transcriptional misregulation in cancer","1/183",0.91389514444962,0.935148519901936,0,0,0.406947219447219,0.0366412980059332,"TSPAN7","Non-neuronal","WTvsHET_in_Vehicle"
"Herpes simplex virus 1 infection","2/433",0.979783559549681,0.991496461720688,0,0,0.340599719460447,0.00695626879021892,"PDIA3;CALR","Non-neuronal","WTvsHET_in_Vehicle"
"Cytokine-cytokine receptor interaction","1/292",0.980229456473862,0.991496461720688,0,0,0.253097990211392,0.00505401137948408,"BMPR2","Non-neuronal","WTvsHET_in_Vehicle"
"Neuroactive ligand-receptor interaction","1/348",0.990744946273049,0.996406345966038,0,0,0.211640904724478,0.00196786842005598,"GABBR1","Non-neuronal","WTvsHET_in_Vehicle"
"Olfactory transduction","2/1133",0.999993209474082,0.999993209474082,0,0,0.125088669470471,8.49420736126434e-07,"CALM1;CALM2","Non-neuronal","WTvsHET_in_Vehicle"
"Ribosome","3/170",0.000942872966483704,0.0226289511956089,0,0,17.7934131736527,123.959218491823,"RPSA;RPL37;RPS23","Oligo","WTvsHET_in_Vehicle"
"Huntington disease","2/192",0.0203192724181344,0.224068735421836,0,0,9.91829573934837,38.6435196784461,"CLTC;SLC25A4","Oligo","WTvsHET_in_Vehicle"
"Hedgehog signaling pathway","1/44",0.0494204276755101,0.224068735421836,0,0,21.0718816067653,63.3713960436082,"CSNK1A1","Oligo","WTvsHET_in_Vehicle"
"Endocrine and other factor-regulated calcium reabsorption","1/55",0.0614055224333898,0.224068735421836,0,0,16.770202020202,46.7931485229585,"CLTC","Oligo","WTvsHET_in_Vehicle"
"Aminoacyl-tRNA biosynthesis","1/66",0.0732460002885256,0.224068735421836,0,0,13.9244755244755,36.397627090159,"LARS2","Oligo","WTvsHET_in_Vehicle"
"Bacterial invasion of epithelial cells","1/74",0.0817673749589197,0.224068735421836,0,0,12.3935242839352,31.0318598341771,"CLTC","Oligo","WTvsHET_in_Vehicle"
"Synaptic vesicle cycle","1/77",0.0849435269348038,0.224068735421836,0,0,11.9025119617225,29.3488406407707,"CLTC","Oligo","WTvsHET_in_Vehicle"
"Salivary secretion","1/78",0.0859999070425244,0.224068735421836,0,0,11.7473435655254,28.8210391772366,"CST3","Oligo","WTvsHET_in_Vehicle"
"Peroxisome","1/84",0.0923137330775272,0.224068735421836,0,0,10.894852135816,25.9576646289328,"PRDX1","Oligo","WTvsHET_in_Vehicle"
"PPAR signaling pathway","1/85",0.0933619730924318,0.224068735421836,0,0,10.7646103896104,25.5258101331122,"DBI","Oligo","WTvsHET_in_Vehicle"
"Lysosome","1/124",0.133352065146115,0.224319461928079,0,0,7.3370288248337,14.7823708444845,"CLTC","Oligo","WTvsHET_in_Vehicle"
"Parkinson disease","1/144",0.153199708616874,0.224319461928079,0,0,6.30451366815003,11.8273491188159,"SLC25A4","Oligo","WTvsHET_in_Vehicle"
"Breast cancer","1/147",0.15613909305252,0.224319461928079,0,0,6.17403486924035,11.4652324337733,"CSNK1A1","Oligo","WTvsHET_in_Vehicle"
"Gastric cancer","1/150",0.159068716522922,0.224319461928079,0,0,6.04881025015253,11.1202476352334,"CSNK1A1","Oligo","WTvsHET_in_Vehicle"
"Wnt signaling pathway","1/160",0.168764029069075,0.224319461928079,0,0,5.66552315608919,10.0804037033848,"CSNK1A1","Oligo","WTvsHET_in_Vehicle"
"RNA transport","1/167",0.175487031441395,0.224319461928079,0,0,5.42469879518072,9.44000732181646,"EIF1","Oligo","WTvsHET_in_Vehicle"
"Hepatocellular carcinoma","1/171",0.179305362191695,0.224319461928079,0,0,5.29598930481283,9.10203141916599,"CSNK1A1","Oligo","WTvsHET_in_Vehicle"
"cGMP-PKG signaling pathway","1/172",0.180257298735756,0.224319461928079,0,0,5.26475279106858,9.0204695493575,"SLC25A4","Oligo","WTvsHET_in_Vehicle"
"Necroptosis","1/176",0.184054494017285,0.224319461928079,0,0,5.14337662337662,8.70528530079352,"SLC25A4","Oligo","WTvsHET_in_Vehicle"
"Cellular senescence","1/185",0.192536764752594,0.224319461928079,0,0,4.88957509881423,8.05541928028239,"SLC25A4","Oligo","WTvsHET_in_Vehicle"
"Calcium signaling pathway","1/189",0.196279529187069,0.224319461928079,0,0,4.78457446808511,7.79031814928644,"SLC25A4","Oligo","WTvsHET_in_Vehicle"
"Human T-cell leukemia virus 1 infection","1/245",0.246967075502378,0.269418627820776,0,0,3.67604321907601,5.14094735647843,"SLC25A4","Oligo","WTvsHET_in_Vehicle"
"Endocytosis","1/269",0.267741113048966,0.279382031007616,0,0,3.34277476255088,4.40489050425136,"CLTC","Oligo","WTvsHET_in_Vehicle"
"Human papillomavirus infection","1/360",0.341639451481912,0.341639451481912,0,0,2.48391997974171,2.6677284025847,"CSNK1A1","Oligo","WTvsHET_in_Vehicle"
"Oxidative phosphorylation","45/134",5.57901879539551e-50,5.95531561794741e-48,0,0,41.6986120290813,4729.04967010242,"NDUFA13;COX7B;NDUFB8;NDUFA11;NDUFB10;UQCRB;NDUFA12;NDUFB5;COX4I1;NDUFB4;ATP5K;ATP5C1;ATP5J;COX7A2;UQCR11;ATP5H;ATP5G3;COX6A1;COX5B;COX6A2;COX7C;ATP5G1;COX5A;UQCRH;ATP5B;ATP5E;ATP5D;ATP6V1E1;NDUFV2;ATP6V0A1;COX8A;ATP6V0B;ATP6V1G2;NDUFA6;NDUFA4;NDUFA3;NDUFA1;NDUFC2;NDUFC1;ATP5F1;COX6C;ATP5J2;COX6B1;NDUFS5;ATP6V0C","Pvalb","WTvsHET_in_Vehicle"
"Alzheimer disease","49/175",5.61822228108247e-50,5.95531561794741e-48,0,0,32.5586419753086,3692.25546902991,"NDUFA13;COX7B;NDUFA11;NDUFA12;COX4I1;ATP5C1;ATP2A2;ATP5G3;COX6A1;COX6A2;COX7C;ATP5G1;PPP3CA;COX8A;NDUFC2;NDUFC1;ATP5F1;COX6B1;NDUFS5;GAPDH;RTN3;NDUFB8;NDUFB10;UQCRB;NDUFB5;NDUFB4;ATP5J;COX7A2;UQCR11;ATP5H;COX5B;COX5A;UQCRH;RTN4;ATP5B;ATP5E;ATP5D;MAPK1;NDUFV2;NDUFA6;NDUFA4;NDUFA3;NDUFA1;COX6C;GRIN2B;GRIN1;CYCS;CALM1;CALM2","Pvalb","WTvsHET_in_Vehicle"
"Parkinson disease","42/144",1.10755195311958e-43,7.82670046871169e-42,0,0,33.5135464974371,3314.79160064051,"NDUFA13;COX7B;NDUFB8;NDUFA11;NDUFB10;UQCRB;NDUFA12;NDUFB5;COX4I1;NDUFB4;ATP5C1;ATP5J;COX7A2;UQCR11;ATP5H;ATP5G3;COX6A1;COX5B;COX6A2;COX7C;ATP5G1;COX5A;UQCRH;ATP5B;UBB;ATP5E;ATP5D;NDUFV2;COX8A;NDUFA6;NDUFA4;NDUFA3;NDUFA1;NDUFC2;NDUFC1;ATP5F1;COX6C;COX6B1;NDUFS5;CYCS;VDAC1;SLC25A4","Pvalb","WTvsHET_in_Vehicle"
"Huntington disease","45/192",4.80034052432062e-42,2.54418047788993e-40,0,0,25.1714971702967,2394.81339760568,"NDUFA13;COX7B;NDUFB8;NDUFA11;NDUFB10;UQCRB;NDUFA12;NDUFB5;COX4I1;NDUFB4;CLTC;ATP5C1;ATP5J;COX7A2;UQCR11;ATP5H;ATP5G3;COX6A1;COX5B;COX6A2;COX7C;ATP5G1;COX5A;UQCRH;ATP5B;GRM5;ATP5E;ATP5D;NDUFV2;COX8A;NDUFA6;NDUFA4;NDUFA3;NDUFA1;NDUFC2;NDUFC1;ATP5F1;COX6C;GRIN2B;COX6B1;GRIN1;NDUFS5;CYCS;VDAC1;SLC25A4","Pvalb","WTvsHET_in_Vehicle"
"Ribosome","41/170",6.99595541845803e-39,2.9662850974262e-37,0,0,25.7257992183996,2260.15260444339,"RPL30;RPL3;RPL34;RPLP1;RPL11;RPL8;RPL6;RPS4X;RPS16;RPL18A;RPL14;RPS3;RPL35;RPLP2;RPL13;RPL38;RPL37;RPL15;RPS2;RPS11;RPS27A;RPS10;RPL19;RPL21;RPS7;RPS8;RPL23;RPL35A;RPSA;RPS3A1;RPL24;RPL27;RPS20;RPL22L1;RPL26;FAU;RPL29;UBA52;RPS21;RPS24;RPS23","Pvalb","WTvsHET_in_Vehicle"
"Thermogenesis","44/231",6.7881610049292e-37,2.39848355507498e-35,0,0,19.2271720403643,1601.24789304125,"COX7B;NDUFA13;NDUFB8;NDUFA11;NDUFB10;UQCRB;NDUFA12;NDUFB5;COX4I1;NDUFB4;ATP5K;ATP5C1;ATP5J;UQCR11;COX7A2;ATP5H;ATP5G3;COX5B;COX6A1;COX7C;COX5A;COX6A2;ATP5G1;ACTB;UQCRH;ACTG1;ATP5B;ATP5E;ATP5D;NDUFV2;COX8A;NDUFA6;NDUFA4;NDUFA3;NDUFA1;NDUFC2;NDUFC1;ACSL3;COX6C;ATP5F1;COX6B1;ATP5J2;NDUFS5;GNAS","Pvalb","WTvsHET_in_Vehicle"
"Non-alcoholic fatty liver disease (NAFLD)","30/151",6.22007933719855e-26,1.8837954564087e-24,0,0,19.2036063110443,1114.56635955171,"NDUFA13;COX7B;NDUFB8;NDUFA11;NDUFB10;UQCRB;NDUFA12;NDUFB5;COX4I1;NDUFB4;COX7A2;UQCR11;COX6A1;COX5B;COX6A2;COX7C;COX5A;UQCRH;NDUFV2;COX8A;NDUFA6;NDUFA4;NDUFA3;NDUFA1;NDUFC2;NDUFC1;COX6C;COX6B1;NDUFS5;CYCS","Pvalb","WTvsHET_in_Vehicle"
"Retrograde endocannabinoid signaling","23/150",1.76072603646066e-17,4.66592399662076e-16,0,0,13.645366444579,526.413953267102,"GRIA1;GABRB3;GABRA1;NDUFA13;NDUFB8;NDUFA6;NDUFA11;NDUFB10;NDUFA12;NDUFB5;NDUFA4;NDUFB4;GABRA4;NDUFA3;NDUFA1;CACNA1A;NDUFC2;NDUFC1;GRM5;GNG3;NDUFS5;MAPK1;NDUFV2","Pvalb","WTvsHET_in_Vehicle"
"Cardiac muscle contraction","16/78",1.3231937178967e-14,3.11685631326779e-13,0,0,18.9972212154162,607.077917844168,"COX8A;COX7B;UQCRB;COX4I1;ATP2A2;UQCR11;COX7A2;COX6A1;ATP1B1;COX5B;COX6C;COX7C;COX6A2;COX5A;UQCRH;COX6B1","Pvalb","WTvsHET_in_Vehicle"
"Synaptic vesicle cycle","11/77",1.09551613655609e-08,2.32249420949892e-07,0,0,12.0410539215686,220.705957623303,"SNAP25;ATP6V0B;RAB3A;ATP6V1G2;SYT1;CLTC;CACNA1A;ATP6V1E1;ATP6V0C;CPLX1;ATP6V0A1","Pvalb","WTvsHET_in_Vehicle"
"Nicotine addiction","7/40",1.31833875201258e-06,2.54079832206061e-05,0,0,15.1282389108476,204.823316355842,"GABRB3;GRIA1;GABRA1;GABRA4;CACNA1A;GRIN2B;GRIN1","Pvalb","WTvsHET_in_Vehicle"
"Long-term potentiation","8/67",4.60805356747095e-06,8.14089463586534e-05,0,0,9.69269645608629,119.100994801467,"GRIA1;PPP3CA;GRM5;MAPK1;CALM1;GRIN2B;CALM2;GRIN1","Pvalb","WTvsHET_in_Vehicle"
"Glutamatergic synapse","9/114",3.54906910173943e-05,0.000578771268899045,0,0,6.13514077163712,62.8621255206869,"GRIA1;PPP3CA;GRM5;GNG3;GNAS;CACNA1A;MAPK1;GRIN2B;GRIN1","Pvalb","WTvsHET_in_Vehicle"
"Oocyte meiosis","9/116",4.07295301760307e-05,0.000584692102834663,0,0,6.01985128589945,60.8520108871681,"YWHAE;PPP3CA;YWHAB;MAPK1;CALM1;SKP1A;CALM2;YWHAZ;YWHAH","Pvalb","WTvsHET_in_Vehicle"
"GABAergic synapse","8/90",4.13697242571695e-05,0.000584692102834663,0,0,6.96585365853659,70.3060909986119,"GABRB3;GABARAPL2;GABRA1;GNG3;GABRA4;GAD1;CACNA1A;GAD2","Pvalb","WTvsHET_in_Vehicle"
"Amphetamine addiction","7/68",4.89066496346355e-05,0.000648013107658921,0,0,8.17248752672844,81.1168192010223,"GRIA1;PPP3CA;GNAS;CALM1;GRIN2B;CALM2;GRIN1","Pvalb","WTvsHET_in_Vehicle"
"Circadian entrainment","8/99",8.18912314850682e-05,0.000978283780475196,0,0,6.27404595404595,59.0395167584965,"GRIA1;GNG3;GNAS;MAPK1;CALM1;GRIN2B;CALM2;GRIN1","Pvalb","WTvsHET_in_Vehicle"
"Calcium signaling pathway","11/189",8.30618304177053e-05,0.000978283780475196,0,0,4.43921430931923,41.7105259642992,"PPP3CA;GRM5;GNAS;CACNA1A;ATP2A2;VDAC1;ATP2B2;CALM1;CALM2;SLC25A4;GRIN1","Pvalb","WTvsHET_in_Vehicle"
"Dopaminergic synapse","9/135",0.000132255640187055,0.00147569451156083,0,0,5.10714285714286,45.6107378268277,"GRIA1;PPP3CA;GNG3;CALY;GNAS;CACNA1A;CALM1;GRIN2B;CALM2","Pvalb","WTvsHET_in_Vehicle"
"cAMP signaling pathway","11/211",0.000219041556334435,0.00232184049714501,0,0,3.94645220588235,33.2537893132694,"GRIA1;PDE10A;GNAS;ATP2A2;MAPK1;ATP2B2;CALM1;ATP1B1;GRIN2B;CALM2;GRIN1","Pvalb","WTvsHET_in_Vehicle"
"Morphine addiction","7/92",0.000331326497527799,0.00334481987980445,0,0,5.85780051150895,46.9350775549803,"GABRB3;GABRA1;GNG3;PDE10A;GABRA4;GNAS;CACNA1A","Pvalb","WTvsHET_in_Vehicle"
"Collecting duct acid secretion","4/27",0.000532835655075785,0.00495001655267417,0,0,12.2761414991429,92.5289308863554,"ATP6V1G2;ATP6V1E1;ATP6V0C;ATP6V0A1","Pvalb","WTvsHET_in_Vehicle"
"Protein processing in endoplasmic reticulum","9/163",0.000537030097695783,0.00495001655267417,0,0,4.17259929851171,31.4174045644806,"PDIA3;DNAJA1;HSPA8;HSP90AA1;HSP90AB1;CANX;SEC62;SKP1A;HSP90B1","Pvalb","WTvsHET_in_Vehicle"
"Estrogen signaling pathway","8/134",0.000651929462713843,0.00575871025397228,0,0,4.5231746031746,33.1800828664661,"HSPA8;HSP90AA1;HSP90AB1;GNAS;MAPK1;CALM1;CALM2;HSP90B1","Pvalb","WTvsHET_in_Vehicle"
"cGMP-PKG signaling pathway","9/172",0.000789858831208315,0.00654256912578789,0,0,3.94039675787023,28.1488402150558,"PPP3CA;ATP2A2;MAPK1;VDAC1;ATP2B2;ATP1B1;CALM1;CALM2;SLC25A4","Pvalb","WTvsHET_in_Vehicle"
"Amyotrophic lateral sclerosis (ALS)","5/52",0.00082634621070908,0.00654256912578789,0,0,7.52716975355886,53.43158988905,"GRIA1;PPP3CA;CYCS;GRIN2B;GRIN1","Pvalb","WTvsHET_in_Vehicle"
"Salivary secretion","6/78",0.000833251728284306,0.00654256912578789,0,0,5.91004813477738,41.9032741547672,"CST3;GNAS;ATP2B2;ATP1B1;CALM1;CALM2","Pvalb","WTvsHET_in_Vehicle"
"Antigen processing and presentation","6/90",0.00175461430534692,0.013284936883341,0,0,5.06266116554925,32.1251478916984,"PDIA3;HSPA8;HSP90AA1;HSP90AB1;HSPA4;CANX","Pvalb","WTvsHET_in_Vehicle"
"Human immunodeficiency virus 1 infection","10/238",0.00216390727124575,0.0158189083277275,0,0,3.13106484159116,19.2117121760492,"PDIA3;PPP3CA;GNG3;CFL1;CYCS;MAPK1;ELOB;CALM1;SKP1A;CALM2","Pvalb","WTvsHET_in_Vehicle"
"Ferroptosis","4/40",0.00240253563676246,0.0169779184997881,0,0,7.8379131819992,47.272261698246,"MAP1LC3A;GPX4;FTH1;ACSL3","Pvalb","WTvsHET_in_Vehicle"
"Tuberculosis","8/178",0.00392323988156974,0.0263823169978316,0,0,3.34494117647059,18.5337753926317,"PPP3CA;ATP6V0B;CYCS;MAPK1;CALM1;CALM2;ATP6V0C;ATP6V0A1","Pvalb","WTvsHET_in_Vehicle"
"Gastric acid secretion","5/74",0.00398223652797458,0.0263823169978316,0,0,5.12146804295694,28.3007800558827,"GNAS;ATP1B1;CALM1;CALM2;ACTB","Pvalb","WTvsHET_in_Vehicle"
"Phagosome","8/180",0.00419586653348128,0.0268437103177099,0,0,3.30570824524313,18.094307777449,"ATP6V0B;ATP6V1G2;CANX;ATP6V1E1;ATP6V0C;ACTB;ACTG1;ATP6V0A1","Pvalb","WTvsHET_in_Vehicle"
"Fluid shear stress and atherosclerosis","7/143",0.00430512335284027,0.0268437103177099,0,0,3.65161445012788,19.8938110743996,"HSP90AA1;HSP90AB1;CALM1;CALM2;ACTB;ACTG1;HSP90B1","Pvalb","WTvsHET_in_Vehicle"
"Adrenergic signaling in cardiomyocytes","7/148",0.00518765906353848,0.0314223920420045,0,0,3.52122520300134,18.5268303854586,"GNAS;ATP2A2;MAPK1;ATP2B2;ATP1B1;CALM1;CALM2","Pvalb","WTvsHET_in_Vehicle"
"Oxytocin signaling pathway","7/154",0.00641856298041933,0.0377982042180249,0,0,3.37646652864044,17.0462973057478,"PPP3CA;GNAS;MAPK1;CALM1;CALM2;ACTB;ACTG1","Pvalb","WTvsHET_in_Vehicle"
"Rheumatoid arthritis","5/84",0.00681136107335469,0.0390272580419241,0,0,4.47090428922685,22.3060716640703,"ATP6V0B;ATP6V1G2;ATP6V1E1;ATP6V0C;ATP6V0A1","Pvalb","WTvsHET_in_Vehicle"
"Alcoholism","8/199",0.00757284755778753,0.0422485179539725,0,0,2.97397429795336,14.522470009292,"GNG3;H2AFZ;GNAS;MAPK1;CALM1;GRIN2B;CALM2;GRIN1","Pvalb","WTvsHET_in_Vehicle"
"Legionellosis","4/58",0.00915081599555962,0.0497428972066318,0,0,5.22049648214523,24.5045522519947,"EEF1A1;HSPA8;ARF1;CYCS","Pvalb","WTvsHET_in_Vehicle"
"RNA transport","7/167",0.00981573210470893,0.0499065144634673,0,0,3.10006793478261,14.3339975920236,"EIF4A2;EEF1A1;TPR;EIF3C;EIF1B;EIF4G2;EIF1","Pvalb","WTvsHET_in_Vehicle"
"Rap1 signaling pathway","8/209",0.0100168708841757,0.0499065144634673,0,0,2.82456806874717,13.0028553776375,"GNAS;MAPK1;CALM1;GRIN2B;CALM2;ACTB;GRIN1;ACTG1","Pvalb","WTvsHET_in_Vehicle"
"Taurine and hypotaurine metabolism","2/11",0.0100864407254377,0.0499065144634673,0,0,15.5856069592724,71.6402283264757,"GAD1;GAD2","Pvalb","WTvsHET_in_Vehicle"
"Influenza A","7/168",0.0101225477449486,0.0499065144634673,0,0,3.08065532451166,14.1494187703892,"HSPA8;CYCS;MAPK1;VDAC1;ACTB;ACTG1;KPNA1","Pvalb","WTvsHET_in_Vehicle"
"Human cytomegalovirus infection","9/255",0.0107152027348366,0.0513145573117276,0,0,2.59983087057148,11.7930713103032,"PDIA3;PPP3CA;GNG3;GNAS;CYCS;MAPK1;CALM1;CALM2;CX3CL1","Pvalb","WTvsHET_in_Vehicle"
"Long-term depression","4/61",0.0108922409388101,0.0513145573117276,0,0,4.94497893479218,22.3498439578896,"GRIA1;GNAS;CACNA1A;MAPK1","Pvalb","WTvsHET_in_Vehicle"
"Kaposi sarcoma-associated herpesvirus infection","8/216",0.0120469210308881,0.0555205925771366,0,0,2.72853146853147,12.0572336766001,"GABARAPL2;PPP3CA;GNG3;UBB;CYCS;MAPK1;CALM1;CALM2","Pvalb","WTvsHET_in_Vehicle"
"Necroptosis","7/176",0.0128339514368899,0.0578893128642693,0,0,2.93362490352457,12.7778760608601,"HSP90AA1;HSP90AB1;H2AFZ;FTH1;VDAC1;PPIA;SLC25A4","Pvalb","WTvsHET_in_Vehicle"
"Aldosterone synthesis and secretion","5/102",0.0149909052636576,0.064858610528478,0,0,3.63791441073945,15.2803740174551,"GNAS;ATP2B2;ATP1B1;CALM1;CALM2","Pvalb","WTvsHET_in_Vehicle"
"Glucagon signaling pathway","5/102",0.0149909052636576,0.064858610528478,0,0,3.63791441073945,15.2803740174551,"PPP3CA;PGAM1;GNAS;CALM1;CALM2","Pvalb","WTvsHET_in_Vehicle"
"Thyroid hormone synthesis","4/73",0.0199337856261209,0.0845192510547525,0,0,4.08248922133915,15.9843301499722,"CANX;GNAS;ATP1B1;HSP90B1","Pvalb","WTvsHET_in_Vehicle"
"Pertussis","4/76",0.0227441349497497,0.0927260886412872,0,0,3.91178813221824,14.800046872719,"CFL1;MAPK1;CALM1;CALM2","Pvalb","WTvsHET_in_Vehicle"
"Renin secretion","4/76",0.0227441349497497,0.0927260886412872,0,0,3.91178813221824,14.800046872719,"PPP3CA;GNAS;CALM1;CALM2","Pvalb","WTvsHET_in_Vehicle"
"Thyroid hormone signaling pathway","5/115",0.0238661326450467,0.0954645305801867,0,0,3.20585349901897,11.9748081261049,"ATP2A2;MAPK1;ATP1B1;ACTB;ACTG1","Pvalb","WTvsHET_in_Vehicle"
"Hippo signaling pathway","6/159",0.0258275981529795,0.101397237193179,0,0,2.76973171940256,10.1270023888099,"YWHAE;YWHAB;YWHAZ;ACTB;ACTG1;YWHAH","Pvalb","WTvsHET_in_Vehicle"
"Hepatitis C","6/160",0.0265278335438217,0.102252740205276,0,0,2.75160579492709,9.98712046093641,"YWHAE;YWHAB;CYCS;MAPK1;YWHAZ;YWHAH","Pvalb","WTvsHET_in_Vehicle"
"Cocaine addiction","3/48",0.0303740932015649,0.114261525718301,0,0,4.68380952380952,16.3660043877218,"GNAS;GRIN2B;GRIN1","Pvalb","WTvsHET_in_Vehicle"
"Cell cycle","5/123",0.0307212592733168,0.114261525718301,0,0,2.98728813559322,10.4041282525376,"YWHAE;YWHAB;SKP1A;YWHAZ;YWHAH","Pvalb","WTvsHET_in_Vehicle"
"Lysosome","5/124",0.0316563255852691,0.115709328001329,0,0,2.96203373435705,10.2273612910992,"ATP6V0B;PSAP;CLTC;ATP6V0C;ATP6V0A1","Pvalb","WTvsHET_in_Vehicle"
"Platelet activation","5/125",0.0326090463870084,0.11717148871264,0,0,2.93720023980815,10.0545226231691,"GNAS;MAPK1;ACTB;ACTG1;MYL12B","Pvalb","WTvsHET_in_Vehicle"
"Insulin secretion","4/86",0.0337873920821724,0.119382118690343,0,0,3.43299239444007,11.6298369731811,"SNAP25;RAB3A;GNAS;ATP1B1","Pvalb","WTvsHET_in_Vehicle"
"Viral myocarditis","4/87",0.0350359668196022,0.121764343700912,0,0,3.39145830634365,11.366065951519,"CYCS;ACTB;EIF4G2;ACTG1","Pvalb","WTvsHET_in_Vehicle"
"Proximal tubule bicarbonate reclamation","2/22",0.0382614366835321,0.128990910812593,0,0,7.00960854092527,22.8745450302245,"MDH1;ATP1B1","Pvalb","WTvsHET_in_Vehicle"
"Dilated cardiomyopathy (DCM)","4/90",0.0389406523207828,0.128990910812593,0,0,3.27265149620739,10.6220990491117,"GNAS;ATP2A2;ACTB;ACTG1","Pvalb","WTvsHET_in_Vehicle"
"GnRH signaling pathway","4/90",0.0389406523207828,0.128990910812593,0,0,3.27265149620739,10.6220990491117,"GNAS;MAPK1;CALM1;CALM2","Pvalb","WTvsHET_in_Vehicle"
"Serotonergic synapse","5/132",0.0397781240985152,0.129433321394062,0,0,2.77431598028664,8.94561032463364,"GABRB3;GNG3;GNAS;CACNA1A;MAPK1","Pvalb","WTvsHET_in_Vehicle"
"IL-17 signaling pathway","4/91",0.0402952793019249,0.129433321394062,0,0,3.23487002018704,10.3888528591226,"HSP90AA1;HSP90AB1;MAPK1;HSP90B1","Pvalb","WTvsHET_in_Vehicle"
"Endocrine and other factor-regulated calcium reabsorption","3/55",0.042898738089483,0.1357392906712,0,0,4.0518543956044,12.7589364481919,"CLTC;GNAS;ATP1B1","Pvalb","WTvsHET_in_Vehicle"
"Apelin signaling pathway","5/138",0.0466292006072533,0.145373390128495,0,0,2.6483474874236,8.11858420171313,"GABARAPL2;GNG3;MAPK1;CALM1;CALM2","Pvalb","WTvsHET_in_Vehicle"
"Cellular senescence","6/185",0.0482665572171466,0.148297248261378,0,0,2.36427807918036,7.1661655264771,"PPP3CA;MAPK1;VDAC1;CALM1;CALM2;SLC25A4","Pvalb","WTvsHET_in_Vehicle"
"Prostate cancer","4/97",0.048980222430576,0.148340102218316,0,0,3.02524376613867,9.12515980703586,"HSP90AA1;HSP90AB1;MAPK1;HSP90B1","Pvalb","WTvsHET_in_Vehicle"
"Melanogenesis","4/100",0.0536796813464446,0.160282992189384,0,0,2.930256869773,8.57018298928888,"GNAS;MAPK1;CALM1;CALM2","Pvalb","WTvsHET_in_Vehicle"
"Butanoate metabolism","2/27",0.0555325722247546,0.161272675502027,0,0,5.60626334519573,16.2065050310543,"GAD1;GAD2","Pvalb","WTvsHET_in_Vehicle"
"Phototransduction","2/27",0.0555325722247546,0.161272675502027,0,0,5.60626334519573,16.2065050310543,"CALM1;CALM2","Pvalb","WTvsHET_in_Vehicle"
"Th17 cell differentiation","4/102",0.0569439519708956,0.163136727267971,0,0,2.87016311901105,8.22499141596068,"PPP3CA;HSP90AA1;HSP90AB1;MAPK1","Pvalb","WTvsHET_in_Vehicle"
"Neuroactive ligand-receptor interaction","9/348",0.0602254640759733,0.16824031685425,0,0,1.87759188682902,5.27539486732679,"GABRB3;GRIA1;GABRA1;GRM5;GLRB;GABRA4;TAC1;GRIN2B;GRIN1","Pvalb","WTvsHET_in_Vehicle"
"HIF-1 signaling pathway","4/104",0.0603125664194482,0.16824031685425,0,0,2.81247311827957,7.89802863149736,"MAPK1;ELOB;ALDOA;GAPDH","Pvalb","WTvsHET_in_Vehicle"
"Pancreatic secretion","4/105",0.0620357810527908,0.170799812768723,0,0,2.78448490010291,7.74099039106513,"GNAS;ATP2A2;ATP2B2;ATP1B1","Pvalb","WTvsHET_in_Vehicle"
"PI3K-Akt signaling pathway","9/357",0.068320564616143,0.185691791007978,0,0,1.82818399194563,4.906013033041,"YWHAE;HSP90AA1;GNG3;HSP90AB1;YWHAB;MAPK1;YWHAZ;HSP90B1;YWHAH","Pvalb","WTvsHET_in_Vehicle"
"Glycolysis / Gluconeogenesis","3/67",0.0693763945182399,0.186174628327429,0,0,3.29012276785714,8.77873388384079,"PGAM1;ALDOA;GAPDH","Pvalb","WTvsHET_in_Vehicle"
"Type I diabetes mellitus","3/69",0.0743658679645984,0.193846885174511,0,0,3.1900974025974,8.29029180397333,"GAD1;GAD2;CPE","Pvalb","WTvsHET_in_Vehicle"
"C-type lectin receptor signaling pathway","4/112",0.0748144100562416,0.193846885174511,0,0,2.60307978229125,6.74912147774971,"PPP3CA;MAPK1;CALM1;CALM2","Pvalb","WTvsHET_in_Vehicle"
"beta-Alanine metabolism","2/32",0.0749785121901409,0.193846885174511,0,0,4.67069988137604,12.0996989089258,"GAD1;GAD2","Pvalb","WTvsHET_in_Vehicle"
"Pathways in cancer","12/535",0.0791449264468921,0.202153306105315,0,0,1.62508378429865,4.12198373393054,"HSP90AA1;GNG3;HSP90AB1;TPR;GNAS;CYCS;MAPK1;ELOB;CALM1;SKP1A;CALM2;HSP90B1","Pvalb","WTvsHET_in_Vehicle"
"Leukocyte transendothelial migration","4/115",0.0806675026185368,0.20248184161815,0,0,2.53233879040331,6.37495899714151,"THY1;ACTB;ACTG1;MYL12B","Pvalb","WTvsHET_in_Vehicle"
"Adherens junction","3/72",0.0821388602790608,0.20248184161815,0,0,3.05093167701863,7.62532792139268,"MAPK1;ACTB;ACTG1","Pvalb","WTvsHET_in_Vehicle"
"Arrhythmogenic right ventricular cardiomyopathy (ARVC)","3/72",0.0821388602790608,0.20248184161815,0,0,3.05093167701863,7.62532792139268,"ATP2A2;ACTB;ACTG1","Pvalb","WTvsHET_in_Vehicle"
"Bacterial invasion of epithelial cells","3/74",0.0875073101047491,0.213236203933412,0,0,2.96468812877264,7.22207795350035,"CLTC;ACTB;ACTG1","Pvalb","WTvsHET_in_Vehicle"
"Glioma","3/75",0.0902458653404452,0.217410493774709,0,0,2.9233630952381,7.0313240644731,"MAPK1;CALM1;CALM2","Pvalb","WTvsHET_in_Vehicle"
"Neurotrophin signaling pathway","4/121",0.0930293295825723,0.22159795361242,0,0,2.40174003614864,5.70374942111611,"YWHAE;MAPK1;CALM1;CALM2","Pvalb","WTvsHET_in_Vehicle"
"Alanine, aspartate and glutamate metabolism","2/37",0.096220605601838,0.224162289973513,0,0,4.00244026436197,9.37015992677497,"GAD1;GAD2","Pvalb","WTvsHET_in_Vehicle"
"Thyroid cancer","2/37",0.096220605601838,0.224162289973513,0,0,4.00244026436197,9.37015992677497,"TPR;MAPK1","Pvalb","WTvsHET_in_Vehicle"
"Salmonella infection","3/78",0.0986722504328891,0.227375185780136,0,0,2.806,6.49855997270248,"MAPK1;ACTB;ACTG1","Pvalb","WTvsHET_in_Vehicle"
"Aldosterone-regulated sodium reabsorption","2/38",0.100654207316086,0.229448300548498,0,0,3.8910636615263,8.93413246466501,"MAPK1;ATP1B1","Pvalb","WTvsHET_in_Vehicle"
"Viral carcinogenesis","6/229",0.107404415333313,0.242231234581513,0,0,1.89350989946739,4.2247121609418,"YWHAE;YWHAB;MAPK1;CHD4;YWHAZ;YWHAH","Pvalb","WTvsHET_in_Vehicle"
"Ras signaling pathway","6/233",0.11408627872237,0.254592537780446,0,0,1.85976240080154,4.03717275144369,"GNG3;MAPK1;CALM1;GRIN2B;CALM2;GRIN1","Pvalb","WTvsHET_in_Vehicle"
"Gap junction","3/86",0.122587996730704,0.267401240614975,0,0,2.53450946643718,5.31974823764162,"GRM5;GNAS;MAPK1","Pvalb","WTvsHET_in_Vehicle"
"Hypertrophic cardiomyopathy (HCM)","3/86",0.122587996730704,0.267401240614975,0,0,2.53450946643718,5.31974823764162,"ATP2A2;ACTB;ACTG1","Pvalb","WTvsHET_in_Vehicle"
"Vasopressin-regulated water reabsorption","2/43",0.123610007454092,0.267401240614975,0,0,3.41567572259352,7.14089285892709,"GNAS;DYNLL2","Pvalb","WTvsHET_in_Vehicle"
"Mineral absorption","2/44",0.128342364731206,0.273205010410452,0,0,3.33418064734791,6.84525245234188,"FTH1;ATP1B1","Pvalb","WTvsHET_in_Vehicle"
"Taste transduction","3/88",0.128870287929458,0.273205010410452,0,0,2.4746218487395,5.07037371593368,"GABRA1;GABRA4;CACNA1A","Pvalb","WTvsHET_in_Vehicle"
"Progesterone-mediated oocyte maturation","3/90",0.135264494512709,0.283921513234598,0,0,2.41748768472906,4.83624019586398,"HSP90AA1;HSP90AB1;MAPK1","Pvalb","WTvsHET_in_Vehicle"
"Vascular smooth muscle contraction","4/140",0.137508543765476,0.285496173753388,0,0,2.06419987349779,4.09551544806484,"GNAS;MAPK1;CALM1;CALM2","Pvalb","WTvsHET_in_Vehicle"
"Human papillomavirus infection","8/360",0.14000102520237,0.285496173753388,0,0,1.6004132231405,3.14658129394403,"ATP6V0B;ATP6V1G2;GNAS;MAPK1;CHD4;ATP6V1E1;ATP6V0C;ATP6V0A1","Pvalb","WTvsHET_in_Vehicle"
"Apoptosis","4/141",0.140054726746945,0.285496173753388,0,0,2.04902807210318,4.02781961613741,"CYCS;MAPK1;ACTB;ACTG1","Pvalb","WTvsHET_in_Vehicle"
"Type II diabetes mellitus","2/48",0.147669531347527,0.298151815673103,0,0,3.04363298777657,5.8217954309116,"CACNA1A;MAPK1","Pvalb","WTvsHET_in_Vehicle"
"Phospholipase D signaling pathway","4/149",0.161079140555984,0.322158281111969,0,0,1.93518724508713,3.53337997416016,"ARF1;GRM5;GNAS;MAPK1","Pvalb","WTvsHET_in_Vehicle"
"NOD-like receptor signaling pathway","5/205",0.166131175799412,0.329157095976406,0,0,1.75512589928058,3.15041165161133,"GABARAPL2;HSP90AA1;HSP90AB1;MAPK1;VDAC1","Pvalb","WTvsHET_in_Vehicle"
"Fatty acid biosynthesis","1/14",0.180925112749974,0.355149295398097,0,0,5.37479541734861,9.18913763411473,"ACSL3","Pvalb","WTvsHET_in_Vehicle"
"Parathyroid hormone synthesis, secretion and action","3/107",0.193464999994561,0.374962917251109,0,0,2.02057005494505,3.31910690182985,"NACA;GNAS;MAPK1","Pvalb","WTvsHET_in_Vehicle"
"Regulation of actin cytoskeleton","5/217",0.194690306302708,0.374962917251109,0,0,1.65476109678295,2.70776030457537,"CFL1;MAPK1;ACTB;MYL12B;ACTG1","Pvalb","WTvsHET_in_Vehicle"
"Toxoplasmosis","3/108",0.197068005704591,0.374962917251109,0,0,2.00122448979592,3.25040163055108,"HSPA8;CYCS;MAPK1","Pvalb","WTvsHET_in_Vehicle"
"VEGF signaling pathway","2/58",0.198093616660963,0.374962917251109,0,0,2.49885612608033,4.04568692186014,"PPP3CA;MAPK1","Pvalb","WTvsHET_in_Vehicle"
"Hepatitis B","4/163",0.200356026327461,0.375889182136476,0,0,1.7635310295079,2.83515717215244,"YWHAB;CYCS;MAPK1;YWHAZ","Pvalb","WTvsHET_in_Vehicle"
"Tight junction","4/167",0.212072699938532,0.394380810412007,0,0,1.71990236823009,2.66726954893302,"HSPA4;ACTB;ACTG1;MYL12B","Pvalb","WTvsHET_in_Vehicle"
"Cholinergic synapse","3/113",0.215316556271018,0.396931390690921,0,0,1.90977272727273,2.93273480935819,"GNG3;CACNA1A;MAPK1","Pvalb","WTvsHET_in_Vehicle"
"Mitophagy","2/63",0.22402770951369,0.409429951869848,0,0,2.29344845691617,3.43096570899764,"GABARAPL2;UBB","Pvalb","WTvsHET_in_Vehicle"
"Central carbon metabolism in cancer","2/64",0.22924825202852,0.4153899951286,0,0,2.25634255538974,3.32347929902726,"PGAM1;MAPK1","Pvalb","WTvsHET_in_Vehicle"
"Renal cell carcinoma","2/68",0.250199032336325,0.447786886578717,0,0,2.11916316186779,2.93609748483948,"MAPK1;ELOB","Pvalb","WTvsHET_in_Vehicle"
"Axon guidance","4/180",0.251352073126733,0.447786886578717,0,0,1.59180514825676,2.19812474943106,"PPP3CA;CFL1;MAPK1;MYL12B","Pvalb","WTvsHET_in_Vehicle"
"Human T-cell leukemia virus 1 infection","5/245",0.266929468745055,0.467438005319673,0,0,1.45960731414868,1.92780674551138,"PPP3CA;CANX;MAPK1;VDAC1;SLC25A4","Pvalb","WTvsHET_in_Vehicle"
"Inflammatory mediator regulation of TRP channels","3/127",0.268007190248454,0.467438005319673,0,0,1.6929435483871,2.22916897576148,"GNAS;CALM1;CALM2","Pvalb","WTvsHET_in_Vehicle"
"B cell receptor signaling pathway","2/72",0.271202238935471,0.467438005319673,0,0,1.99766141331978,2.60672933511047,"PPP3CA;MAPK1","Pvalb","WTvsHET_in_Vehicle"
"Bile secretion","2/72",0.271202238935471,0.467438005319673,0,0,1.99766141331978,2.60672933511047,"GNAS;ATP1B1","Pvalb","WTvsHET_in_Vehicle"
"Phenylalanine metabolism","1/23",0.279604947834416,0.478034265652388,0,0,3.17456479690522,4.04559418013733,"MIF","Pvalb","WTvsHET_in_Vehicle"
"Relaxin signaling pathway","3/131",0.28335268955702,0.480566161488705,0,0,1.63970424107143,2.06777019262832,"GNG3;GNAS;MAPK1","Pvalb","WTvsHET_in_Vehicle"
"Focal adhesion","4/199",0.311067823779671,0.523383957470557,0,0,1.43530925466409,1.67607421190402,"MAPK1;ACTB;MYL12B;ACTG1","Pvalb","WTvsHET_in_Vehicle"
"Insulin signaling pathway","3/139",0.314235904064558,0.524551272926664,0,0,1.54262079831933,1.78575524972975,"MAPK1;CALM1;CALM2","Pvalb","WTvsHET_in_Vehicle"
"Proteoglycans in cancer","4/203",0.323844257687403,0.536206705020742,0,0,1.40617063813692,1.5854469394891,"MAPK1;ANK2;ACTB;ACTG1","Pvalb","WTvsHET_in_Vehicle"
"RNA degradation","2/83",0.328687357624716,0.536206705020742,0,0,1.72540749527701,1.91977164878388,"ZCCHC7;XRN2","Pvalb","WTvsHET_in_Vehicle"
"Protein export","1/28",0.329210948500983,0.536206705020742,0,0,2.58602574205411,2.87322084649973,"SEC62","Pvalb","WTvsHET_in_Vehicle"
"Endocytosis","5/269",0.332837642718292,0.536206705020742,0,0,1.32528068454327,1.45794190037231,"HSPA8;ARF1;UBB;CLTC;CAPZA2","Pvalb","WTvsHET_in_Vehicle"
"Peroxisome","2/84",0.333864552182726,0.536206705020742,0,0,1.70427914243555,1.86962813550255,"PRDX5;ACSL3","Pvalb","WTvsHET_in_Vehicle"
"Circadian rhythm","1/30",0.348086646948774,0.548568092149961,0,0,2.40743458058205,2.54057496878669,"SKP1A","Pvalb","WTvsHET_in_Vehicle"
"Fc gamma R-mediated phagocytosis","2/87",0.349324020944551,0.548568092149961,0,0,1.64387691019468,1.72895635267104,"CFL1;MAPK1","Pvalb","WTvsHET_in_Vehicle"
"Th1 and Th2 cell differentiation","2/87",0.349324020944551,0.548568092149961,0,0,1.64387691019468,1.72895635267104,"PPP3CA;MAPK1","Pvalb","WTvsHET_in_Vehicle"
"Colorectal cancer","2/88",0.354450851112319,0.552526326733909,0,0,1.62467930149797,1.68509395251591,"MAPK1;CYCS","Pvalb","WTvsHET_in_Vehicle"
"Glyoxylate and dicarboxylate metabolism","1/31",0.357325062912695,0.55294097326636,0,0,2.32706855791962,2.39480806019663,"MDH1","Pvalb","WTvsHET_in_Vehicle"
"Citrate cycle (TCA cycle)","1/32",0.366433015013521,0.558876253114147,0,0,2.25188743994509,2.26075884906536,"MDH1","Pvalb","WTvsHET_in_Vehicle"
"Pentose phosphate pathway","1/32",0.366433015013521,0.558876253114147,0,0,2.25188743994509,2.26075884906536,"ALDOA","Pvalb","WTvsHET_in_Vehicle"
"TGF-beta signaling pathway","2/91",0.369743355302557,0.559600981916789,0,0,1.56967491702987,1.56174201283985,"MAPK1;SKP1A","Pvalb","WTvsHET_in_Vehicle"
"mTOR signaling pathway","3/154",0.372187445520129,0.559600981916789,0,0,1.38831598864711,1.37215274994599,"ATP6V1G2;MAPK1;ATP6V1E1","Pvalb","WTvsHET_in_Vehicle"
"Prion diseases","1/34",0.384264845444422,0.573691177705757,0,0,2.11519449817322,2.0230212226615,"MAPK1","Pvalb","WTvsHET_in_Vehicle"
"Cushing syndrome","3/159",0.39134444100966,0.578572024971881,0,0,1.34347527472527,1.26040441456889,"KMT2A;GNAS;MAPK1","Pvalb","WTvsHET_in_Vehicle"
"Fructose and mannose metabolism","1/35",0.392992318848825,0.578572024971881,0,0,2.05287859824781,1.91731719566992,"ALDOA","Pvalb","WTvsHET_in_Vehicle"
"Phosphatidylinositol signaling system","2/98",0.404839057719936,0.591902622321562,0,0,1.45470047449585,1.31543571260416,"CALM1;CALM2","Pvalb","WTvsHET_in_Vehicle"
"Pyruvate metabolism","1/38",0.418442016250624,0.605131018352216,0,0,1.88614146060955,1.64323841062644,"MDH1","Pvalb","WTvsHET_in_Vehicle"
"T cell receptor signaling pathway","2/101",0.41959556461215,0.605131018352216,0,0,1.41040296200439,1.22488415995601,"PPP3CA;MAPK1","Pvalb","WTvsHET_in_Vehicle"
"Chagas disease (American trypanosomiasis)","2/103",0.429329538737005,0.61304433204549,0,0,1.38233325111871,1.16880492411484,"GNAS;MAPK1","Pvalb","WTvsHET_in_Vehicle"
"Glycine, serine and threonine metabolism","1/40",0.434814927674966,0.61304433204549,0,0,1.78923440625568,1.49013666465423,"PGAM1","Pvalb","WTvsHET_in_Vehicle"
"Tyrosine metabolism","1/40",0.434814927674966,0.61304433204549,0,0,1.78923440625568,1.49013666465423,"MIF","Pvalb","WTvsHET_in_Vehicle"
"Hepatocellular carcinoma","3/171",0.436649500655043,0.61304433204549,0,0,1.24674744897959,1.033085436286,"MAPK1;ACTB;ACTG1","Pvalb","WTvsHET_in_Vehicle"
"Bladder cancer","1/41",0.442828307096688,0.617628954634855,0,0,1.74441489361702,1.42095353949586,"MAPK1","Pvalb","WTvsHET_in_Vehicle"
"Carbohydrate digestion and absorption","1/43",0.458516997573047,0.635330741735203,0,0,1.66117865585951,1.29531720653028,"ATP1B1","Pvalb","WTvsHET_in_Vehicle"
"TNF signaling pathway","2/110",0.462698706619685,0.63696185586606,0,0,1.29227626202715,0.995930407836183,"MAPK1;CX3CL1","Pvalb","WTvsHET_in_Vehicle"
"Ether lipid metabolism","1/47",0.48858596366018,0.668259511586827,0,0,1.51641998149861,1.08612041741921,"PAFAH1B1","Pvalb","WTvsHET_in_Vehicle"
"ABC transporters","1/48",0.495839501527172,0.671606069101137,0,0,1.48408027765203,1.04108675254846,"ABCC5","Pvalb","WTvsHET_in_Vehicle"
"Natural killer cell mediated cytotoxicity","2/118",0.499400208957209,0.671606069101137,0,0,1.20266290342373,0.835065959553037,"PPP3CA;MAPK1","Pvalb","WTvsHET_in_Vehicle"
"Cholesterol metabolism","1/49",0.50299051831384,0.671606069101137,0,0,1.45308806146572,0.998538807334277,"VDAC1","Pvalb","WTvsHET_in_Vehicle"
"Arginine and proline metabolism","1/50",0.510040458138127,0.671606069101137,0,0,1.42336083369518,0.958299354412966,"CKB","Pvalb","WTvsHET_in_Vehicle"
"Cysteine and methionine metabolism","1/50",0.510040458138127,0.671606069101137,0,0,1.42336083369518,0.958299354412966,"MDH1","Pvalb","WTvsHET_in_Vehicle"
"Fatty acid degradation","1/50",0.510040458138127,0.671606069101137,0,0,1.42336083369518,0.958299354412966,"ACSL3","Pvalb","WTvsHET_in_Vehicle"
"Chemokine signaling pathway","3/197",0.529837737267981,0.690102858277962,0,0,1.07822164948454,0.684869652802962,"GNG3;MAPK1;CX3CL1","Pvalb","WTvsHET_in_Vehicle"
"Glycosaminoglycan biosynthesis","1/53",0.530597952355225,0.690102858277962,0,0,1.34103927986907,0.849884577513886,"EXTL2","Pvalb","WTvsHET_in_Vehicle"
"Osteoclast differentiation","2/128",0.542961151390928,0.701876610334614,0,0,1.10664859063436,0.675849667298805,"PPP3CA;MAPK1","Pvalb","WTvsHET_in_Vehicle"
"Regulation of lipolysis in adipocytes","1/56",0.550295822009563,0.704137175956407,0,0,1.26769825918762,0.757195266534432,"GNAS","Pvalb","WTvsHET_in_Vehicle"
"Autophagy","2/130",0.551352694380961,0.704137175956407,0,0,1.08924599644128,0.648515908668854,"GABARAPL2;MAPK1","Pvalb","WTvsHET_in_Vehicle"
"Ovarian steroidogenesis","1/57",0.556676986095085,0.706206719637458,0,0,1.24499746707194,0.729282321308719,"GNAS","Pvalb","WTvsHET_in_Vehicle"
"FoxO signaling pathway","2/132",0.559635513674967,0.706206719637458,0,0,1.07237886668492,0.622483305624125,"GABARAPL2;MAPK1","Pvalb","WTvsHET_in_Vehicle"
"Endometrial cancer","1/58",0.562967918474995,0.706208276430171,0,0,1.22309319397785,0.70270695636525,"MAPK1","Pvalb","WTvsHET_in_Vehicle"
"Lysine degradation","1/59",0.569169890683757,0.70978833426445,0,0,1.20194424064563,0.677387302095837,"KMT2A","Pvalb","WTvsHET_in_Vehicle"
"Ubiquitin mediated proteolysis","2/138",0.583826847422092,0.723808723119786,0,0,1.02475402972577,0.551472236005393,"ELOB;SKP1A","Pvalb","WTvsHET_in_Vehicle"
"Glutathione metabolism","1/64",0.598888613018008,0.730856135143248,0,0,1.10627040414274,0.567162326978985,"GPX4","Pvalb","WTvsHET_in_Vehicle"
"MAPK signaling pathway","4/294",0.600314922000301,0.730856135143248,0,0,0.960425163762205,0.490105817249975,"PPP3CA;HSPA8;CACNA1A;MAPK1","Pvalb","WTvsHET_in_Vehicle"
"Systemic lupus erythematosus","2/143",0.603229257401419,0.730856135143248,0,0,0.988162842936826,0.499474774555925,"H2AFZ;GRIN2B","Pvalb","WTvsHET_in_Vehicle"
"Measles","2/144",0.607027005079053,0.730856135143248,0,0,0.981153826875846,0.489774329107572,"HSPA8;CYCS","Pvalb","WTvsHET_in_Vehicle"
"Aminoacyl-tRNA biosynthesis","1/66",0.610195924152618,0.730856135143248,0,0,1.0721222040371,0.529601765420793,"LARS2","Pvalb","WTvsHET_in_Vehicle"
"Non-small cell lung cancer","1/66",0.610195924152618,0.730856135143248,0,0,1.0721222040371,0.529601765420793,"MAPK1","Pvalb","WTvsHET_in_Vehicle"
"Leishmaniasis","1/67",0.615729895748439,0.733341224149826,0,0,1.05582419944122,0.512018664584755,"MAPK1","Pvalb","WTvsHET_in_Vehicle"
"Fc epsilon RI signaling pathway","1/68",0.621185575968782,0.73387614656167,0,0,1.04001270244522,0.495176471863462,"MAPK1","Pvalb","WTvsHET_in_Vehicle"
"Acute myeloid leukemia","1/69",0.626564068526709,0.73387614656167,0,0,1.02466624947851,0.479035822021871,"MAPK1","Pvalb","WTvsHET_in_Vehicle"
"Cortisol synthesis and secretion","1/69",0.626564068526709,0.73387614656167,0,0,1.02466624947851,0.479035822021871,"GNAS","Pvalb","WTvsHET_in_Vehicle"
"Adipocytokine signaling pathway","1/71",0.637093828614836,0.735980605859668,0,0,0.995288753799392,0.448714326188367,"ACSL3","Pvalb","WTvsHET_in_Vehicle"
"p53 signaling pathway","1/71",0.637093828614836,0.735980605859668,0,0,0.995288753799392,0.448714326188367,"CYCS","Pvalb","WTvsHET_in_Vehicle"
"Melanoma","1/72",0.642247226811503,0.735980605859668,0,0,0.981220657276995,0.434466806732446,"MAPK1","Pvalb","WTvsHET_in_Vehicle"
"Prolactin signaling pathway","1/72",0.642247226811503,0.735980605859668,0,0,0.981220657276995,0.434466806732446,"MAPK1","Pvalb","WTvsHET_in_Vehicle"
"Pancreatic cancer","1/75",0.657273967324252,0.748839128999534,0,0,0.941297680659383,0.39501966630294,"MAPK1","Pvalb","WTvsHET_in_Vehicle"
"Chronic myeloid leukemia","1/76",0.662141775995588,0.748839128999534,0,0,0.928699763593381,0.382880236318321,"MAPK1","Pvalb","WTvsHET_in_Vehicle"
"Wnt signaling pathway","2/160",0.664064887980719,0.748839128999534,0,0,0.881075724131718,0.360690737056607,"PPP3CA;SKP1A","Pvalb","WTvsHET_in_Vehicle"
"ECM-receptor interaction","1/83",0.69434076524386,0.778837260485177,0,0,0.849117799688635,0.309751739376429,"CD47","Pvalb","WTvsHET_in_Vehicle"
"ErbB signaling pathway","1/84",0.69868384743846,0.779584082405018,0,0,0.838844740664787,0.3007735963958,"MAPK1","Pvalb","WTvsHET_in_Vehicle"
"PPAR signaling pathway","1/85",0.702965433882185,0.780254827136247,0,0,0.828816278284363,0.292114273164821,"ACSL3","Pvalb","WTvsHET_in_Vehicle"
"Protein digestion and absorption","1/90",0.723480874427301,0.798843465513478,0,0,0.782054346959917,0.253136264504876,"ATP1B1","Pvalb","WTvsHET_in_Vehicle"
"Small cell lung cancer","1/92",0.731286026437905,0.802300903435991,0,0,0.764788403086275,0.239341000881177,"CYCS","Pvalb","WTvsHET_in_Vehicle"
"Transcriptional misregulation in cancer","2/183",0.734181015408407,0.802300903435991,0,0,0.768211399697214,0.237377065750425,"KMT2A;TSPAN7","Pvalb","WTvsHET_in_Vehicle"
"Choline metabolism in cancer","1/99",0.756915018048955,0.818703999114176,0,0,0.7099073672022,0.197712249639932,"MAPK1","Pvalb","WTvsHET_in_Vehicle"
"Toll-like receptor signaling pathway","1/99",0.756915018048955,0.818703999114176,0,0,0.7099073672022,0.197712249639932,"MAPK1","Pvalb","WTvsHET_in_Vehicle"
"AGE-RAGE signaling pathway in diabetic complications","1/101",0.763779517222662,0.821381131076159,0,0,0.69563829787234,0.187457910469447,"MAPK1","Pvalb","WTvsHET_in_Vehicle"
"Longevity regulating pathway","1/102",0.767138980910753,0.821381131076159,0,0,0.688715680078646,0.182569775529277,"HSPA8","Pvalb","WTvsHET_in_Vehicle"
"Amoebiasis","1/106",0.78010739895697,0.831069188838581,0,0,0.662343802769335,0.164475649076062,"GNAS","Pvalb","WTvsHET_in_Vehicle"
"Ribosome biogenesis in eukaryotes","1/115",0.806714918194718,0.855117813286401,0,0,0.609773547343536,0.130970171331226,"XRN2","Pvalb","WTvsHET_in_Vehicle"
"Sphingolipid signaling pathway","1/124",0.830112825649547,0.874766725979962,0,0,0.56489650002883,0.1051801428577,"MAPK1","Pvalb","WTvsHET_in_Vehicle"
"AMPK signaling pathway","1/126",0.834916258860158,0.874766725979962,0,0,0.555801418439716,0.100279830611389,"RAB2A","Pvalb","WTvsHET_in_Vehicle"
"Epstein-Barr virus infection","2/229",0.837630402707228,0.874766725979962,0,0,0.611096304889711,0.108273018295443,"PDIA3;CYCS","Pvalb","WTvsHET_in_Vehicle"
"Spliceosome","1/132",0.84852956159116,0.881805230673166,0,0,0.530182448161984,0.0870826553731785,"HSPA8","Pvalb","WTvsHET_in_Vehicle"
"Purine metabolism","1/136",0.856977627461696,0.884035085931975,0,0,0.514368268978198,0.0793893816252147,"PDE10A","Pvalb","WTvsHET_in_Vehicle"
"Signaling pathways regulating pluripotency of stem cells","1/137",0.859015225009372,0.884035085931975,0,0,0.510560075093867,0.0775891167000074,"MAPK1","Pvalb","WTvsHET_in_Vehicle"
"Breast cancer","1/147",0.877865802032121,0.899070290003912,0,0,0.475347323423686,0.061919475379871,"MAPK1","Pvalb","WTvsHET_in_Vehicle"
"Gastric cancer","1/150",0.8830148679725,0.899995923125817,0,0,0.465705173973059,0.0579398898111311,"MAPK1","Pvalb","WTvsHET_in_Vehicle"
"Cell adhesion molecules (CAMs)","1/170",0.912229712506667,0.925323918906284,0,0,0.41017247891225,0.0376798560855108,"NRCAM","Pvalb","WTvsHET_in_Vehicle"
"Cytokine-cytokine receptor interaction","1/292",0.984883358411446,0.990312360807648,0,0,0.236723452998952,0.00360578647352641,"CX3CL1","Pvalb","WTvsHET_in_Vehicle"
"Herpes simplex virus 1 infection","2/433",0.985641076086857,0.990312360807648,0,0,0.318484695857519,0.00460624761073388,"PDIA3;CYCS","Pvalb","WTvsHET_in_Vehicle"
"Olfactory transduction","2/1133",0.999995017874738,0.999995017874738,0,0,0.116962597266929,5.82723762169413e-07,"CALM1;CALM2","Pvalb","WTvsHET_in_Vehicle"
"Ribosome","13/170",6.1083063931319e-13,5.8028910734753e-11,0,0,21.5221253771371,605.28732134262,"RPS9;RPS7;RPLP1;RPL34;RPL23;RPL24;RPL13;RPL27;RPL37;RPL26;RPS10;RPS24;RPS23","Sncg","WTvsHET_in_Vehicle"
"Ferroptosis","3/40",0.000747077398951993,0.0354861764502197,0,0,18.7372721558768,134.896025996674,"PRNP;FTL1;FTH1","Sncg","WTvsHET_in_Vehicle"
"Retrograde endocannabinoid signaling","4/150",0.0045312957662087,0.143491032596609,0,0,6.37066881547139,34.3808899793515,"NDUFA6;CNR1;NDUFA4;CACNA1B","Sncg","WTvsHET_in_Vehicle"
"Mineral absorption","2/44",0.0164097117574678,0.34810991245032,0,0,10.8752052545156,44.6958096594104,"FTL1;FTH1","Sncg","WTvsHET_in_Vehicle"
"Sphingolipid metabolism","2/48",0.0193440089052118,0.34810991245032,0,0,9.92753623188406,39.1678286877295,"CERS4;ASAH1","Sncg","WTvsHET_in_Vehicle"
"Oxidative phosphorylation","3/134",0.0219858892073887,0.34810991245032,0,0,5.26717557251908,20.1066760109938,"NDUFA6;NDUFA4;ATP6V1H","Sncg","WTvsHET_in_Vehicle"
"p53 signaling pathway","2/71",0.0399121511597595,0.413657131841372,0,0,6.61069465267366,21.293539715887,"MDM4;IGF1","Sncg","WTvsHET_in_Vehicle"
"Necroptosis","3/176",0.0439026684343072,0.413657131841372,0,0,3.97997042613254,12.4405126605349,"FTL1;HSP90AA1;FTH1","Sncg","WTvsHET_in_Vehicle"
"Synaptic vesicle cycle","2/77",0.0462026258184757,0.413657131841372,0,0,6.08,18.6942893713997,"CACNA1B;ATP6V1H","Sncg","WTvsHET_in_Vehicle"
"Hypertrophic cardiomyopathy (HCM)","2/86",0.0562638667229235,0.413657131841372,0,0,5.42610837438424,15.6147269840347,"DMD;IGF1","Sncg","WTvsHET_in_Vehicle"
"Alcoholism","3/199",0.0591913505528314,0.413657131841372,0,0,3.50883958234457,9.91941880772556,"H3F3B;NPY;HDAC9","Sncg","WTvsHET_in_Vehicle"
"Dilated cardiomyopathy (DCM)","2/90",0.0609599983766232,0.413657131841372,0,0,5.17842215256008,14.4868296149163,"DMD;IGF1","Sncg","WTvsHET_in_Vehicle"
"Progesterone-mediated oocyte maturation","2/90",0.0609599983766232,0.413657131841372,0,0,5.17842215256008,14.4868296149163,"HSP90AA1;IGF1","Sncg","WTvsHET_in_Vehicle"
"GABAergic synapse","2/90",0.0609599983766232,0.413657131841372,0,0,5.17842215256008,14.4868296149163,"CACNA1B;ABAT","Sncg","WTvsHET_in_Vehicle"
"Prostate cancer","2/97",0.0694860748530083,0.427443436650283,0,0,4.79516031457955,12.7869131148566,"HSP90AA1;IGF1","Sncg","WTvsHET_in_Vehicle"
"Choline metabolism in cancer","2/99",0.0719904735411003,0.427443436650283,0,0,4.69581703993364,12.3557346646721,"SLC44A5;DGKB","Sncg","WTvsHET_in_Vehicle"
"Thermogenesis","3/231",0.0840275205151936,0.4695655558202,0,0,3.01147490820073,7.45825160867137,"NDUFA6;CNR1;NDUFA4","Sncg","WTvsHET_in_Vehicle"
"Other types of O-glycan biosynthesis","1/22",0.0935050277472242,0.477204106411147,0,0,10.762987012987,25.5054816130164,"OGT","Sncg","WTvsHET_in_Vehicle"
"Mannose type O-glycan biosynthesis","1/23",0.0975433655997771,0.477204106411147,0,0,10.2732438016529,23.9105457782376,"FUT9","Sncg","WTvsHET_in_Vehicle"
"Lysosome","2/124",0.105530485239739,0.477204106411147,0,0,3.72884869040889,8.38526865887332,"ASAH1;ATP6V1H","Sncg","WTvsHET_in_Vehicle"
"Sphingolipid signaling pathway","2/124",0.105530485239739,0.477204106411147,0,0,3.72884869040889,8.38526865887332,"CERS4;ASAH1","Sncg","WTvsHET_in_Vehicle"
"Butanoate metabolism","1/27",0.11351960008436,0.477204106411147,0,0,8.6909965034965,18.9096943647714,"ABAT","Sncg","WTvsHET_in_Vehicle"
"Spliceosome","2/132",0.117014502665952,0.477204106411147,0,0,3.49796640141468,7.50473789196854,"HNRNPA3;SF3B6","Sncg","WTvsHET_in_Vehicle"
"Propanoate metabolism","1/31",0.129216129936144,0.477204106411147,0,0,7.53068181818182,15.4097996292221,"ABAT","Sncg","WTvsHET_in_Vehicle"
"beta-Alanine metabolism","1/32",0.133097127767547,0.477204106411147,0,0,7.28739002932551,14.6963055463454,"ABAT","Sncg","WTvsHET_in_Vehicle"
"Parkinson disease","2/144",0.134791501340904,0.477204106411147,0,0,3.20042091630241,6.41372713982461,"NDUFA6;NDUFA4","Sncg","WTvsHET_in_Vehicle"
"Prion diseases","1/34",0.140807886923003,0.477204106411147,0,0,6.84504132231405,13.4187371414337,"PRNP","Sncg","WTvsHET_in_Vehicle"
"Non-alcoholic fatty liver disease (NAFLD)","2/151",0.145426919749458,0.477204106411147,0,0,3.04898557432693,5.87869294889315,"NDUFA6;NDUFA4","Sncg","WTvsHET_in_Vehicle"
"mTOR signaling pathway","2/154",0.150037924858576,0.477204106411147,0,0,2.98835450695705,5.66851159975635,"ATP6V1H;IGF1","Sncg","WTvsHET_in_Vehicle"
"Alanine, aspartate and glutamate metabolism","1/37",0.152247047311575,0.477204106411147,0,0,6.27367424242424,11.8086281500964,"ABAT","Sncg","WTvsHET_in_Vehicle"
"Aldosterone-regulated sodium reabsorption","1/38",0.156026534450493,0.477204106411147,0,0,6.10380835380835,11.3392229707978,"IGF1","Sncg","WTvsHET_in_Vehicle"
"Nicotine addiction","1/40",0.163535597276002,0.477204106411147,0,0,5.79020979020979,10.4844752599717,"CACNA1B","Sncg","WTvsHET_in_Vehicle"
"Vasopressin-regulated water reabsorption","1/43",0.17467549747974,0.477204106411147,0,0,5.37581168831169,9.37985238435293,"DYNLL1","Sncg","WTvsHET_in_Vehicle"
"Cell adhesion molecules (CAMs)","2/170",0.17508958960666,0.477204106411147,0,0,2.70155993431856,4.70735335695004,"NEGR1;NRXN3","Sncg","WTvsHET_in_Vehicle"
"Glycosphingolipid biosynthesis","1/45",0.182020471211676,0.477204106411147,0,0,5.13094008264463,8.7412548494523,"FUT9","Sncg","WTvsHET_in_Vehicle"
"Alzheimer disease","2/175",0.183053824740151,0.477204106411147,0,0,2.62281575975018,4.45347570801285,"NDUFA6;NDUFA4","Sncg","WTvsHET_in_Vehicle"
"ABC transporters","1/48",0.192916910420655,0.477204106411147,0,0,4.8027079303675,7.90283524168102,"ABCA5","Sncg","WTvsHET_in_Vehicle"
"Type II diabetes mellitus","1/48",0.192916910420655,0.477204106411147,0,0,4.8027079303675,7.90283524168102,"CACNA1B","Sncg","WTvsHET_in_Vehicle"
"Transcriptional misregulation in cancer","2/183",0.195904843684576,0.477204106411147,0,0,2.50587413475583,4.08489115375331,"H3F3B;IGF1","Sncg","WTvsHET_in_Vehicle"
"Huntington disease","2/192",0.210494505999318,0.492554166049148,0,0,2.38608590441621,3.71822746663954,"NDUFA6;NDUFA4","Sncg","WTvsHET_in_Vehicle"
"Valine, leucine and isoleucine degradation","1/56",0.221277379336718,0.492554166049148,0,0,4.10247933884297,6.18792652439893,"ABAT","Sncg","WTvsHET_in_Vehicle"
"Regulation of lipolysis in adipocytes","1/56",0.221277379336718,0.492554166049148,0,0,4.10247933884297,6.18792652439893,"NPY","Sncg","WTvsHET_in_Vehicle"
"Ovarian steroidogenesis","1/57",0.224752420103241,0.492554166049148,0,0,4.02901785714286,6.01433992648605,"IGF1","Sncg","WTvsHET_in_Vehicle"
"Rap1 signaling pathway","2/209",0.238323423400641,0.492554166049148,0,0,2.18823921372647,3.1382120766055,"CNR1;IGF1","Sncg","WTvsHET_in_Vehicle"
"Long-term depression","1/61",0.238499911981693,0.492554166049148,0,0,3.75965909090909,5.38904397533116,"IGF1","Sncg","WTvsHET_in_Vehicle"
"Glycerolipid metabolism","1/61",0.238499911981693,0.492554166049148,0,0,3.75965909090909,5.38904397533116,"DGKB","Sncg","WTvsHET_in_Vehicle"
"Adipocytokine signaling pathway","1/71",0.271822981955615,0.533308497327464,0,0,3.22094155844156,4.19561208631513,"NPY","Sncg","WTvsHET_in_Vehicle"
"Arrhythmogenic right ventricular cardiomyopathy (ARVC)","1/72",0.27507490914785,0.533308497327464,0,0,3.17541613316261,4.09854714127892,"DMD","Sncg","WTvsHET_in_Vehicle"
"Melanoma","1/72",0.27507490914785,0.533308497327464,0,0,3.17541613316261,4.09854714127892,"IGF1","Sncg","WTvsHET_in_Vehicle"
"Glioma","1/75",0.284744780122457,0.541015082232668,0,0,3.04622235872236,3.82654879574796,"IGF1","Sncg","WTvsHET_in_Vehicle"
"Rheumatoid arthritis","1/84",0.312995680617692,0.55983497407293,0,0,2.71467688937568,3.15327607294563,"ATP6V1H","Sncg","WTvsHET_in_Vehicle"
"Insulin secretion","1/86",0.319122231873133,0.55983497407293,0,0,2.65053475935829,3.02739064758815,"PCLO","Sncg","WTvsHET_in_Vehicle"
"Viral myocarditis","1/87",0.32216521787787,0.55983497407293,0,0,2.61958245243129,2.96717685471898,"DMD","Sncg","WTvsHET_in_Vehicle"
"Antigen processing and presentation","1/90",0.331213724944399,0.55983497407293,0,0,2.53089887640449,2.7966215364309,"HSP90AA1","Sncg","WTvsHET_in_Vehicle"
"IL-17 signaling pathway","1/91",0.334203271930451,0.55983497407293,0,0,2.50265151515151,2.74292075750789,"HSP90AA1","Sncg","WTvsHET_in_Vehicle"
"Morphine addiction","1/92",0.337179604770453,0.55983497407293,0,0,2.47502497502497,2.69069750976086,"CACNA1B","Sncg","WTvsHET_in_Vehicle"
"mRNA surveillance pathway","1/96",0.348953946118364,0.55983497407293,0,0,2.37033492822966,2.49552493790207,"PABPN1","Sncg","WTvsHET_in_Vehicle"
"Glycerophospholipid metabolism","1/97",0.351865069550822,0.55983497407293,0,0,2.34552556818182,2.44991905212596,"DGKB","Sncg","WTvsHET_in_Vehicle"
"Phosphatidylinositol signaling system","1/98",0.354763321611017,0.55983497407293,0,0,2.32122774133083,2.40549854852336,"DGKB","Sncg","WTvsHET_in_Vehicle"
"MicroRNAs in cancer","2/281",0.356346344985911,0.55983497407293,0,0,1.61759980224941,1.66912382068229,"ZEB2;MDM4","Sncg","WTvsHET_in_Vehicle"
"Th17 cell differentiation","1/102",0.366228737801746,0.55983497407293,0,0,2.22884788478848,2.23887140181264,"HSP90AA1","Sncg","WTvsHET_in_Vehicle"
"Longevity regulating pathway","1/102",0.366228737801746,0.55983497407293,0,0,2.22884788478848,2.23887140181264,"IGF1","Sncg","WTvsHET_in_Vehicle"
"HIF-1 signaling pathway","1/104",0.371885669070365,0.55983497407293,0,0,2.18534863195057,2.16167871260011,"IGF1","Sncg","WTvsHET_in_Vehicle"
"MAPK signaling pathway","2/294",0.377151982533342,0.55983497407293,0,0,1.54455991182491,1.50611123766553,"CACNA1B;IGF1","Sncg","WTvsHET_in_Vehicle"
"Insulin resistance","1/110",0.38855861878441,0.565520799082993,0,0,2.06442869057548,1.95152763640843,"OGT","Sncg","WTvsHET_in_Vehicle"
"Cholinergic synapse","1/113",0.396730226399397,0.565520799082993,0,0,2.00882711038961,1.85715817212854,"CACNA1B","Sncg","WTvsHET_in_Vehicle"
"Ribosome biogenesis in eukaryotes","1/115",0.402117877915598,0.565520799082993,0,0,1.97338516746411,1.79777363068731,"GNL3","Sncg","WTvsHET_in_Vehicle"
"Oocyte meiosis","1/116",0.40479383513309,0.565520799082993,0,0,1.95612648221344,1.76907656354872,"IGF1","Sncg","WTvsHET_in_Vehicle"
"AMPK signaling pathway","1/126",0.430910524228623,0.569435326236263,0,0,1.79872727272727,1.51426720791291,"IGF1","Sncg","WTvsHET_in_Vehicle"
"Inflammatory mediator regulation of TRP channels","1/127",0.433459022883632,0.569435326236263,0,0,1.78436147186147,1.491651271293,"IGF1","Sncg","WTvsHET_in_Vehicle"
"FoxO signaling pathway","1/132",0.446033225197197,0.569435326236263,0,0,1.71582234559334,1.38528947537708,"IGF1","Sncg","WTvsHET_in_Vehicle"
"Serotonergic synapse","1/132",0.446033225197197,0.569435326236263,0,0,1.71582234559334,1.38528947537708,"CACNA1B","Sncg","WTvsHET_in_Vehicle"
"Estrogen signaling pathway","1/134",0.450985283669151,0.569435326236263,0,0,1.68984962406015,1.34566201661844,"HSP90AA1","Sncg","WTvsHET_in_Vehicle"
"Dopaminergic synapse","1/135",0.453444873334302,0.569435326236263,0,0,1.6771540027137,1.32643019929154,"CACNA1B","Sncg","WTvsHET_in_Vehicle"
"Signaling pathways regulating pluripotency of stem cells","1/137",0.458331413078054,0.569435326236263,0,0,1.65232286096257,1.28908074248022,"IGF1","Sncg","WTvsHET_in_Vehicle"
"Neuroactive ligand-receptor interaction","2/348",0.460284046360633,0.569435326236263,0,0,1.29991362700153,1.00861791657283,"CNR1;NPY","Sncg","WTvsHET_in_Vehicle"
"Systemic lupus erythematosus","1/143",0.472733326213197,0.569435326236263,0,0,1.58202624839949,1.18529178372072,"H3F3B","Sncg","WTvsHET_in_Vehicle"
"Fluid shear stress and atherosclerosis","1/143",0.472733326213197,0.569435326236263,0,0,1.58202624839949,1.18529178372072,"HSP90AA1","Sncg","WTvsHET_in_Vehicle"
"PI3K-Akt signaling pathway","2/357",0.473530429185945,0.569435326236263,0,0,1.26637526307269,0.946665029531492,"HSP90AA1;IGF1","Sncg","WTvsHET_in_Vehicle"
"Breast cancer","1/147",0.482123582343089,0.570887263011424,0,0,1.53837173100872,1.12232648499133,"IGF1","Sncg","WTvsHET_in_Vehicle"
"Phospholipase D signaling pathway","1/149",0.486756508462372,0.570887263011424,0,0,1.51742936117936,1.09253588311251,"DGKB","Sncg","WTvsHET_in_Vehicle"
"Protein processing in endoplasmic reticulum","1/163",0.518059278182656,0.600190627162833,0,0,1.38531144781145,0.911071693688052,"HSP90AA1","Sncg","WTvsHET_in_Vehicle"
"Influenza A","1/168",0.528775038542611,0.605224441705398,0,0,1.34349482852477,0.856064419464344,"PABPN1","Sncg","WTvsHET_in_Vehicle"
"Tuberculosis","1/178",0.54950475351259,0.618663665325495,0,0,1.26694915254237,0.758570417431755,"ATP6V1H","Sncg","WTvsHET_in_Vehicle"
"Phagosome","1/180",0.553541174238601,0.618663665325495,0,0,1.25266632808532,0.740850843379963,"ATP6V1H","Sncg","WTvsHET_in_Vehicle"
"Calcium signaling pathway","1/189",0.571266992058716,0.631050747041605,0,0,1.19215425531915,0.667485488782931,"CACNA1B","Sncg","WTvsHET_in_Vehicle"
"Focal adhesion","1/199",0.590147025988105,0.641600059118601,0,0,1.13137052341598,0.596666233027289,"IGF1","Sncg","WTvsHET_in_Vehicle"
"Proteoglycans in cancer","1/203",0.597466724059066,0.641600059118601,0,0,1.10874212421242,0.571065047095415,"IGF1","Sncg","WTvsHET_in_Vehicle"
"NOD-like receptor signaling pathway","1/205",0.601077950121637,0.641600059118601,0,0,1.09776069518717,0.558793842582104,"HSP90AA1","Sncg","WTvsHET_in_Vehicle"
"cAMP signaling pathway","1/211",0.611720530401998,0.64570500431322,0,0,1.06607142857143,0.523952519661195,"NPY","Sncg","WTvsHET_in_Vehicle"
"Regulation of actin cytoskeleton","1/217",0.622082288931633,0.649426565368188,0,0,1.03614267676768,0.491839208213577,"TMSB4X","Sncg","WTvsHET_in_Vehicle"
"Viral carcinogenesis","1/229",0.641992463069786,0.662339866836219,0,0,0.981010765550239,0.43476309060307,"HDAC9","Sncg","WTvsHET_in_Vehicle"
"Ras signaling pathway","1/233",0.648395869639667,0.662339866836219,0,0,0.963900862068966,0.417613768398421,"IGF1","Sncg","WTvsHET_in_Vehicle"
"Pathways in cancer","2/535",0.692130516386908,0.699493606986769,0,0,0.835780983804533,0.307551299593696,"HSP90AA1;IGF1","Sncg","WTvsHET_in_Vehicle"
"Human papillomavirus infection","1/360",0.802138390244651,0.802138390244651,0,0,0.618890858445176,0.136449423325046,"ATP6V1H","Sncg","WTvsHET_in_Vehicle"
"Ribosome","43/170",6.13708052284591e-51,1.00648120574673e-48,0,0,49.0297591477536,5668.69771731185,"RPL30;RPL3;RPL32;RPL34;RPLP1;RPL11;RPL8;RPL6;RPS4X;RPS16;RPS19;RPS18;RPL14;RPS3;RPL35;RPL13;RPL38;RPL37;RPS2;RPS11;RPS27A;RPS10;RPS13;RPS12;RPL19;RPL21;RPS7;RPS8;RPL23;RPS5;RPSA;RPS26;RPS3A1;RPL27A;RPL37A;RPL24;RPL26;FAU;RPL29;RPL28;UBA52;RPS24;RPS23","Sst","WTvsHET_in_Vehicle"
"cAMP signaling pathway","15/211",7.68695516890605e-10,6.30330323850296e-08,0,0,9.15800771528123,192.192936995442,"CAMK2B;GRIA2;RYR2;CAMK2A;ADCY1;ATP1A1;ATP2B1;ATP1B1;GRIN2B;GRIN2A;GRIN3A;SST;NPY;CALM1;CALM2","Sst","WTvsHET_in_Vehicle"
"Long-term potentiation","9/67",8.24205985903542e-09,3.86498498977678e-07,0,0,18.0392494929006,335.782870415555,"CAMK2B;PPP3CA;GRIA2;GRIN2A;CAMK2A;ADCY1;CALM1;GRIN2B;CALM2","Sst","WTvsHET_in_Vehicle"
"Amphetamine addiction","9/68",9.42679265799214e-09,3.86498498977678e-07,0,0,17.7326021934197,327.693344648013,"CAMK2B;PPP3CA;GRIA2;GRIN2A;GRIN3A;CAMK2A;CALM1;GRIN2B;CALM2","Sst","WTvsHET_in_Vehicle"
"Gastric acid secretion","9/74",2.01920242354205e-08,6.62298394921793e-07,0,0,16.0908597285068,285.097501089864,"CAMK2B;SST;CAMK2A;ADCY1;ATP1A1;ATP1B1;CALM1;CALM2;ACTB","Sst","WTvsHET_in_Vehicle"
"Nicotine addiction","7/40",5.94226731045405e-08,1.62421973152411e-06,0,0,24.4038054968288,406.044913645394,"GABRA2;GRIA2;GABRB1;GRIN2A;GRIN3A;GABRA4;GRIN2B","Sst","WTvsHET_in_Vehicle"
"Circadian entrainment","9/99",2.61135008066794e-07,6.11802018899347e-06,0,0,11.6064705882353,175.933530830134,"CAMK2B;GRIA2;RYR2;GRIN2A;CAMK2A;ADCY1;CALM1;GRIN2B;CALM2","Sst","WTvsHET_in_Vehicle"
"Alzheimer disease","11/175",5.2204416122988e-07,1.07019053052125e-05,0,0,7.84796022067364,113.524775717098,"PPP3CA;GRIN2A;COX4I1;ATP5G3;CALM1;COX5B;GRIN2B;CALM2;COX7C;GAPDH;RTN4","Sst","WTvsHET_in_Vehicle"
"Insulin secretion","8/86",1.03044331565059e-06,1.87769670851885e-05,0,0,11.8416554206028,163.243394742362,"RIMS2;CAMK2B;RYR2;PCLO;CAMK2A;ADCY1;ATP1A1;ATP1B1","Sst","WTvsHET_in_Vehicle"
"Aldosterone synthesis and secretion","8/102",3.77150932346754e-06,6.18527529048676e-05,0,0,9.8180913276098,122.60867093615,"CAMK2B;CAMK2A;ADCY1;ATP1A1;ATP2B1;ATP1B1;CALM1;CALM2","Sst","WTvsHET_in_Vehicle"
"Adrenergic signaling in cardiomyocytes","9/148",7.59768420231457e-06,0.000110878380052592,0,0,7.49631823952603,88.3641036382663,"CAMK2B;RYR2;CAMK2A;ADCY1;ATP1A1;ATP2B1;ATP1B1;CALM1;CALM2","Sst","WTvsHET_in_Vehicle"
"Calcium signaling pathway","10/189",8.11305219897016e-06,0.000110878380052592,0,0,6.49300849558692,76.111281999481,"CAMK2B;RYR2;PPP3CA;GRIN2A;PDE1A;CAMK2A;ADCY1;ATP2B1;CALM1;CALM2","Sst","WTvsHET_in_Vehicle"
"Oocyte meiosis","8/116",9.82510034111846e-06,0.000123947419687956,0,0,8.53931124106563,98.4631276173712,"CAMK2B;PPP3CA;CAMK2A;ADCY1;CALM1;SKP1A;CALM2;YWHAH","Sst","WTvsHET_in_Vehicle"
"Dopaminergic synapse","8/135",2.96607477680218e-05,0.00034745447385397,0,0,7.2547773633559,75.6360308645684,"CAMK2B;GRIA2;PPP3CA;GRIN2A;CAMK2A;CALM1;GRIN2B;CALM2","Sst","WTvsHET_in_Vehicle"
"Cardiac muscle contraction","6/78",7.11801913090502e-05,0.000729596960917764,0,0,9.51300578034682,90.8520209588529,"RYR2;COX4I1;ATP1A1;ATP1B1;COX5B;COX7C","Sst","WTvsHET_in_Vehicle"
"Salivary secretion","6/78",7.11801913090502e-05,0.000729596960917764,0,0,9.51300578034682,90.8520209588529,"ADCY1;ATP1A1;ATP2B1;ATP1B1;CALM1;CALM2","Sst","WTvsHET_in_Vehicle"
"Oxytocin signaling pathway","8/154",7.56382497591903e-05,0.000729686644735718,0,0,6.30457422094048,59.8275625485052,"CAMK2B;RYR2;PPP3CA;CAMK2A;ADCY1;CALM1;CALM2;ACTB","Sst","WTvsHET_in_Vehicle"
"Glutamatergic synapse","6/114",0.000567023290048882,0.00516621219822315,0,0,6.33044315992293,47.3207601033094,"GRIA2;PPP3CA;GRIN2A;GRIN3A;ADCY1;GRIN2B","Sst","WTvsHET_in_Vehicle"
"Mineral absorption","4/44",0.000636888275522357,0.00549735143082455,0,0,11.3034285714286,83.1809848666461,"FTH1;ATP1A1;ATP2B1;ATP1B1","Sst","WTvsHET_in_Vehicle"
"Cocaine addiction","4/48",0.00088786585065463,0.00723117831932412,0,0,10.2737662337662,72.1905693831933,"GRIA2;GRIN2A;GRIN3A;GRIN2B","Sst","WTvsHET_in_Vehicle"
"cGMP-PKG signaling pathway","7/172",0.000925943565279308,0.00723117831932412,0,0,4.84820295983087,33.8632299769576,"PPP3CA;ADCY1;ATP1A1;ATP2B1;ATP1B1;CALM1;CALM2","Sst","WTvsHET_in_Vehicle"
"Amyotrophic lateral sclerosis (ALS)","4/52",0.001201488905401,0.00864589834222958,0,0,9.41571428571429,63.3130870273769,"PPP3CA;GRIA2;GRIN2A;GRIN2B","Sst","WTvsHET_in_Vehicle"
"GABAergic synapse","5/90",0.00129157646974208,0.00864589834222958,0,0,6.67207572684246,44.3819253970909,"NSF;GABRA2;GABRB1;GABRA4;ADCY1","Sst","WTvsHET_in_Vehicle"
"GnRH signaling pathway","5/90",0.00129157646974208,0.00864589834222958,0,0,6.67207572684246,44.3819253970909,"CAMK2B;CAMK2A;ADCY1;CALM1;CALM2","Sst","WTvsHET_in_Vehicle"
"Estrogen signaling pathway","6/134",0.0013179723082667,0.00864589834222958,0,0,5.33589234104046,35.3858283567944,"HSPA8;HSP90AB1;ADCY1;CALM1;CALM2;HSP90B1","Sst","WTvsHET_in_Vehicle"
"Morphine addiction","5/92",0.001424650688468,0.00898625818879815,0,0,6.51803408640507,42.7180783820984,"GABRA2;GABRB1;PDE1A;GABRA4;ADCY1","Sst","WTvsHET_in_Vehicle"
"Melanogenesis","5/100",0.00205968264197227,0.0125106649364241,0,0,5.96672716273442,36.9054209270327,"CAMK2B;CAMK2A;ADCY1;CALM1;CALM2","Sst","WTvsHET_in_Vehicle"
"Glucagon signaling pathway","5/102",0.00224630245018069,0.0131569143510583,0,0,5.84310937314848,35.6340258751299,"CAMK2B;PPP3CA;CAMK2A;CALM1;CALM2","Sst","WTvsHET_in_Vehicle"
"Pancreatic secretion","5/105",0.0025489165833343,0.0144145627471319,0,0,5.66695402298851,33.843541766711,"RYR2;ADCY1;ATP1A1;ATP2B1;ATP1B1","Sst","WTvsHET_in_Vehicle"
"Protein processing in endoplasmic reticulum","6/163",0.00352588989908112,0.0192748647816434,0,0,4.34387540959464,24.532568156992,"DNAJA1;HSPA8;HSP90AB1;TUSC3;SKP1A;HSP90B1","Sst","WTvsHET_in_Vehicle"
"Thyroid hormone synthesis","4/73",0.00417745658660043,0.0216248654385749,0,0,6.54310559006211,35.8434771769247,"ADCY1;ATP1A1;ATP1B1;HSP90B1","Sst","WTvsHET_in_Vehicle"
"Neuroactive ligand-receptor interaction","9/348",0.00421948593923412,0.0216248654385749,0,0,3.04247787610619,16.6363967306074,"GABRA2;GRIA2;GRIN2A;GABRB1;GRIN3A;SST;NPY;GABRA4;GRIN2B","Sst","WTvsHET_in_Vehicle"
"Glioma","4/75",0.00460109136992679,0.0225818330407615,0,0,6.35814889336016,34.2161350659434,"CAMK2B;CAMK2A;CALM1;CALM2","Sst","WTvsHET_in_Vehicle"
"Neurotrophin signaling pathway","5/121",0.00468159953284079,0.0225818330407615,0,0,4.88134165675783,26.1840801827317,"CAMK2B;NTRK3;CAMK2A;CALM1;CALM2","Sst","WTvsHET_in_Vehicle"
"Renin secretion","4/76",0.00482335729298798,0.022600874172858,0,0,6.26952380952381,33.4434271877724,"PPP3CA;PDE1A;CALM1;CALM2","Sst","WTvsHET_in_Vehicle"
"Tuberculosis","6/178",0.00540357135026892,0.0246162694845584,0,0,3.96202446565399,20.6845220421891,"CAMK2B;PPP3CA;CAMK2A;CALM1;CALM2;ATP6V0C","Sst","WTvsHET_in_Vehicle"
"Inflammatory mediator regulation of TRP channels","5/127",0.00573695946948546,0.0254286852160977,0,0,4.63986244582627,23.9455223670478,"CAMK2B;CAMK2A;ADCY1;CALM1;CALM2","Sst","WTvsHET_in_Vehicle"
"Oxidative phosphorylation","5/134",0.00716826036891024,0.0309367026447705,0,0,4.38652766639936,21.6610784062492,"COX4I1;ATP5G3;COX5B;COX7C;ATP6V0C","Sst","WTvsHET_in_Vehicle"
"Alcoholism","6/199",0.00914157534600367,0.0383454616019713,0,0,3.52714966006769,16.5596944799345,"GRIN2A;GRIN3A;NPY;CALM1;GRIN2B;CALM2","Sst","WTvsHET_in_Vehicle"
"Fluid shear stress and atherosclerosis","5/143",0.00935255161023691,0.0383454616019713,0,0,4.09857571214393,19.1489804770845,"HSP90AB1;CALM1;CALM2;ACTB;HSP90B1","Sst","WTvsHET_in_Vehicle"
"Parkinson disease","5/144",0.00962056750248803,0.0384822700099521,0,0,4.06888282477466,18.8952897416631,"UBB;COX4I1;ATP5G3;COX5B;COX7C","Sst","WTvsHET_in_Vehicle"
"Retrograde endocannabinoid signaling","5/150",0.0113403904068153,0.0436828925620568,0,0,3.89932619896948,17.4665815461504,"GABRA2;GRIA2;GABRB1;GABRA4;ADCY1","Sst","WTvsHET_in_Vehicle"
"Rap1 signaling pathway","6/209",0.0114534413424905,0.0436828925620568,0,0,3.35168996839318,14.9802611393554,"GRIN2A;ADCY1;CALM1;GRIN2B;CALM2;ACTB","Sst","WTvsHET_in_Vehicle"
"Endocrine and other factor-regulated calcium reabsorption","3/55",0.0131559102888041,0.0490356656219064,0,0,6.4802229020979,28.0650947828971,"ATP1A1;ATP2B1;ATP1B1","Sst","WTvsHET_in_Vehicle"
"HIF-1 signaling pathway","4/104",0.0142654792216482,0.0519897464966733,0,0,4.50765714285714,19.157149341622,"CAMK2B;CAMK2A;ALDOA;GAPDH","Sst","WTvsHET_in_Vehicle"
"Proximal tubule bicarbonate reclamation","2/22",0.0163601409715453,0.058327459115944,0,0,11.1870056497175,46.0111175486844,"ATP1A1;ATP1B1","Sst","WTvsHET_in_Vehicle"
"Thermogenesis","6/231",0.0179381750688141,0.0625927810911813,0,0,3.02057803468208,12.14521311386,"COX4I1;ATP5G3;ADCY1;COX5B;COX7C;ACTB","Sst","WTvsHET_in_Vehicle"
"Thyroid hormone signaling pathway","4/115",0.0198983314705312,0.0679859658576483,0,0,4.05868725868726,15.898362585205,"ATP1A1;ATP1B1;ACTB;PFKP","Sst","WTvsHET_in_Vehicle"
"Necroptosis","5/176",0.0212053990958278,0.070973172483995,0,0,3.30207703165961,12.7245520431782,"CAMK2B;HSP90AB1;FTH1;CAMK2A;PPIA","Sst","WTvsHET_in_Vehicle"
"Glycolysis / Gluconeogenesis","3/67",0.0222305702841828,0.0729162705321196,0,0,5.26198508522727,20.0286248848762,"ALDOA;GAPDH;PFKP","Sst","WTvsHET_in_Vehicle"
"Phototransduction","2/27",0.0241454102676825,0.0776440643901946,0,0,8.94734463276836,33.3168779760439,"CALM1;CALM2","Sst","WTvsHET_in_Vehicle"
"Bile secretion","3/72",0.026799893936774,0.0845227424159796,0,0,4.87944664031621,17.6604610569561,"ADCY1;ATP1A1;ATP1B1","Sst","WTvsHET_in_Vehicle"
"Huntington disease","5/192",0.0294247036020988,0.0910500262404568,0,0,3.01708771282808,10.638012017004,"COX4I1;ATP5G3;COX5B;GRIN2B;COX7C","Sst","WTvsHET_in_Vehicle"
"Pentose phosphate pathway","2/32",0.0331442599328998,0.1006603449814,0,0,7.45423728813559,25.3957346576941,"ALDOA;PFKP","Sst","WTvsHET_in_Vehicle"
"Apelin signaling pathway","4/138",0.0356163120570529,0.10620136686103,0,0,3.3581236673774,11.1991797034779,"RYR2;ADCY1;CALM1;CALM2","Sst","WTvsHET_in_Vehicle"
"Fructose and mannose metabolism","2/35",0.0390756058777147,0.114435702927593,0,0,6.77555213148433,21.9680806312332,"ALDOA;PFKP","Sst","WTvsHET_in_Vehicle"
"Taste transduction","3/88",0.0445089907270008,0.128060955775932,0,0,3.95775401069519,12.3167840601555,"GABRA2;PDE1A;GABRA4","Sst","WTvsHET_in_Vehicle"
"Aldosterone-regulated sodium reabsorption","2/38",0.0453756880564087,0.128303669676742,0,0,6.20998116760829,19.2060982447589,"ATP1A1;ATP1B1","Sst","WTvsHET_in_Vehicle"
"Dilated cardiomyopathy (DCM)","3/90",0.0470461875287023,0.130772453469613,0,0,3.86637931034483,11.8180733855973,"RYR2;ADCY1;ACTB","Sst","WTvsHET_in_Vehicle"
"Pathways in cancer","9/535",0.0518602440924852,0.141751333852793,0,0,1.94201520912548,5.74681682919216,"CAMK2B;HSP90AB1;CAMK2A;ADCY1;CALM1;SKP1A;CALM2;HSP90B1;RUNX1T1","Sst","WTvsHET_in_Vehicle"
"Wnt signaling pathway","4/160",0.0558398742573069,0.147421980292849,0,0,2.88131868131868,8.31337391621223,"CAMK2B;PPP3CA;CAMK2A;SKP1A","Sst","WTvsHET_in_Vehicle"
"Vasopressin-regulated water reabsorption","2/43",0.0566316143807896,0.147421980292849,0,0,5.4512884111892,15.6516732806106,"NSF;DYNLL1","Sst","WTvsHET_in_Vehicle"
"Carbohydrate digestion and absorption","2/43",0.0566316143807896,0.147421980292849,0,0,5.4512884111892,15.6516732806106,"ATP1A1;ATP1B1","Sst","WTvsHET_in_Vehicle"
"Phosphatidylinositol signaling system","3/98",0.057886838765637,0.148335024336945,0,0,3.53935406698565,10.0845584796829,"CALM1;CALM2;DGKH","Sst","WTvsHET_in_Vehicle"
"Cell adhesion molecules (CAMs)","4/170",0.0667060601005102,0.16830452086898,0,0,2.70636833046472,7.32738257674284,"CNTNAP2;NRXN1;NRXN3;NRCAM","Sst","WTvsHET_in_Vehicle"
"N-Glycan biosynthesis","2/50",0.0738061123878065,0.183397006539398,0,0,4.65466101694915,12.131506903576,"MGAT4C;TUSC3","Sst","WTvsHET_in_Vehicle"
"C-type lectin receptor signaling pathway","3/112",0.0793931183370985,0.194335394138569,0,0,3.08256880733945,7.80920591432722,"PPP3CA;CALM1;CALM2","Sst","WTvsHET_in_Vehicle"
"Cholinergic synapse","3/113",0.0810460295258924,0.195463953562446,0,0,3.05439049586777,7.67488312677075,"CAMK2B;CAMK2A;ADCY1","Sst","WTvsHET_in_Vehicle"
"Transcriptional misregulation in cancer","4/183",0.0823469129060599,0.19572309734194,0,0,2.50815642458101,6.26240085396845,"DDX5;MAF;TSPAN7;RUNX1T1","Sst","WTvsHET_in_Vehicle"
"Regulation of lipolysis in adipocytes","2/56",0.0896654481329276,0.210073335625716,0,0,4.13622096672944,9.97519909950082,"NPY;ADCY1","Sst","WTvsHET_in_Vehicle"
"Legionellosis","2/58",0.0951573142723145,0.219799993530417,0,0,3.98809523809524,9.38089260442699,"EEF1A1;HSPA8","Sst","WTvsHET_in_Vehicle"
"Proteoglycans in cancer","4/203",0.109574242722312,0.24958577508971,0,0,2.2537832017229,4.98345936105382,"CAMK2B;DDX5;CAMK2A;ACTB","Sst","WTvsHET_in_Vehicle"
"Central carbon metabolism in cancer","2/64",0.112176392001925,0.252012716278296,0,0,3.601057043922,7.87797026151256,"NTRK3;PFKP","Sst","WTvsHET_in_Vehicle"
"Kaposi sarcoma-associated herpesvirus infection","4/216",0.129168358092121,0.28612492300633,0,0,2.11417789757412,4.32695814325809,"PPP3CA;UBB;CALM1;CALM2","Sst","WTvsHET_in_Vehicle"
"Vascular smooth muscle contraction","3/140",0.130849812350456,0.28612492300633,0,0,2.44907100199071,4.98068814804187,"ADCY1;CALM1;CALM2","Sst","WTvsHET_in_Vehicle"
"Adherens junction","2/72",0.135957745765531,0.289572341630481,0,0,3.18821630347054,6.36180231088969,"WASF1;ACTB","Sst","WTvsHET_in_Vehicle"
"Arrhythmogenic right ventricular cardiomyopathy (ARVC)","2/72",0.135957745765531,0.289572341630481,0,0,3.18821630347054,6.36180231088969,"RYR2;ACTB","Sst","WTvsHET_in_Vehicle"
"Bacterial invasion of epithelial cells","2/74",0.142067747400008,0.298706545815401,0,0,3.09934086629002,6.04821257914647,"WASF1;ACTB","Sst","WTvsHET_in_Vehicle"
"Pertussis","2/76",0.148235258449547,0.307728890958554,0,0,3.01526950679493,5.75601284595873,"CALM1;CALM2","Sst","WTvsHET_in_Vehicle"
"Synaptic vesicle cycle","2/77",0.151339338693863,0.308912644068743,0,0,2.97491525423729,5.61732627545675,"NSF;ATP6V0C","Sst","WTvsHET_in_Vehicle"
"Non-alcoholic fatty liver disease (NAFLD)","3/151",0.153609830007608,0.308912644068743,0,0,2.26577856265356,4.24457239554594,"COX4I1;COX5B;COX7C","Sst","WTvsHET_in_Vehicle"
"Salmonella infection","2/78",0.154456322034372,0.308912644068743,0,0,2.93562295569432,5.48328551237446,"WASF1;ACTB","Sst","WTvsHET_in_Vehicle"
"Ras signaling pathway","4/233",0.156798626836001,0.309818973507278,0,0,1.95553337492202,3.62319840855531,"GRIN2A;CALM1;GRIN2B;CALM2","Sst","WTvsHET_in_Vehicle"
"Human immunodeficiency virus 1 infection","4/238",0.1653169760601,0.322761715164957,0,0,1.91326007326007,3.44365878474954,"PPP3CA;CALM1;SKP1A;CALM2","Sst","WTvsHET_in_Vehicle"
"Cushing syndrome","3/159",0.170888475338608,0.329714234770961,0,0,2.14871066433566,3.79622194522757,"CAMK2B;CAMK2A;ADCY1","Sst","WTvsHET_in_Vehicle"
"ErbB signaling pathway","2/84",0.173403060911795,0.33067560452947,0,0,2.71999448808047,4.76580179229447,"CAMK2B;CAMK2A","Sst","WTvsHET_in_Vehicle"
"Hypertrophic cardiomyopathy (HCM)","2/86",0.179801147196282,0.338935495864256,0,0,2.65496368038741,4.55566220581424,"RYR2;ACTB","Sst","WTvsHET_in_Vehicle"
"Th1 and Th2 cell differentiation","2/87",0.183013720514279,0.341071024594792,0,0,2.62359587902958,4.45537518281864,"PPP3CA;MAF","Sst","WTvsHET_in_Vehicle"
"Antigen processing and presentation","2/90",0.192700631803344,0.345536834295829,0,0,2.53376990241397,4.1721496719471,"HSPA8;HSP90AB1","Sst","WTvsHET_in_Vehicle"
"Progesterone-mediated oocyte maturation","2/90",0.192700631803344,0.345536834295829,0,0,2.53376990241397,4.1721496719471,"HSP90AB1;ADCY1","Sst","WTvsHET_in_Vehicle"
"Protein digestion and absorption","2/90",0.192700631803344,0.345536834295829,0,0,2.53376990241397,4.1721496719471,"ATP1A1;ATP1B1","Sst","WTvsHET_in_Vehicle"
"Human cytomegalovirus infection","4/255",0.195447000013475,0.345536834295829,0,0,1.78212862834377,2.90926445752987,"PPP3CA;ADCY1;CALM1;CALM2","Sst","WTvsHET_in_Vehicle"
"IL-17 signaling pathway","2/91",0.195944668228732,0.345536834295829,0,0,2.50517361772361,4.08324000974411,"HSP90AB1;HSP90B1","Sst","WTvsHET_in_Vehicle"
"Prostate cancer","2/97",0.215540345223941,0.372274611830726,0,0,2.34623847754981,3.60055439051751,"HSP90AB1;HSP90B1","Sst","WTvsHET_in_Vehicle"
"Collecting duct acid secretion","1/27",0.215646878804384,0.372274611830726,0,0,4.27722558340536,6.56174749729232,"ATP6V0C","Sst","WTvsHET_in_Vehicle"
"Axon guidance","3/180",0.218560367383331,0.372642002992277,0,0,1.89175654853621,2.87678098206598,"CAMK2B;PPP3CA;CAMK2A","Sst","WTvsHET_in_Vehicle"
"Choline metabolism in cancer","2/99",0.22211359139115,0.372642002992277,0,0,2.29762944842449,3.45693596444104,"WASF1;DGKH","Sst","WTvsHET_in_Vehicle"
"Mucin type O-glycan biosynthesis","1/28",0.222676318861239,0.372642002992277,0,0,4.11860174781523,6.18628828793628,"GALNTL6","Sst","WTvsHET_in_Vehicle"
"Cellular senescence","3/185",0.23030093832381,0.376717284243236,0,0,1.83931693306693,2.70079485807125,"PPP3CA;CALM1;CALM2","Sst","WTvsHET_in_Vehicle"
"Th17 cell differentiation","2/102",0.232002717735163,0.376717284243236,0,0,2.2283615819209,3.25565007144918,"PPP3CA;HSP90AB1","Sst","WTvsHET_in_Vehicle"
"Longevity regulating pathway","2/102",0.232002717735163,0.376717284243236,0,0,2.2283615819209,3.25565007144918,"HSPA8;ADCY1","Sst","WTvsHET_in_Vehicle"
"Circadian rhythm","1/30",0.236547805204868,0.380331765231357,0,0,3.83417280123983,5.52736250975957,"SKP1A","Sst","WTvsHET_in_Vehicle"
"Galactose metabolism","1/32",0.250173110429902,0.398333884568,0,0,3.58644436389996,4.96938505385157,"PFKP","Sst","WTvsHET_in_Vehicle"
"Cell cycle","2/123",0.301548736188186,0.472161126284693,0,0,1.83966008311155,2.20542797907085,"SKP1A;YWHAH","Sst","WTvsHET_in_Vehicle"
"Ferroptosis","1/40",0.302298282072517,0.472161126284693,0,0,2.84961106309421,3.40910672000719,"FTH1","Sst","WTvsHET_in_Vehicle"
"Regulation of actin cytoskeleton","3/217",0.307494544322492,0.472301845090089,0,0,1.56173003398471,1.84174500244027,"TMSB4X;WASF1;ACTB","Sst","WTvsHET_in_Vehicle"
"Platelet activation","2/125",0.30814815502829,0.472301845090089,0,0,1.80956318037757,2.1301717928479,"ADCY1;ACTB","Sst","WTvsHET_in_Vehicle"
"AMPK signaling pathway","2/126",0.31144345432149,0.472932652858559,0,0,1.79487880444687,2.09379340514575,"RAB2A;PFKP","Sst","WTvsHET_in_Vehicle"
"Spliceosome","2/132",0.331140558554644,0.498229831219831,0,0,1.71151673185571,1.89158942164737,"HSPA8;DDX5","Sst","WTvsHET_in_Vehicle"
"Purine metabolism","2/136",0.344186663690352,0.513151025865615,0,0,1.66008938359052,1.77060342929756,"PDE1A;ADCY1","Sst","WTvsHET_in_Vehicle"
"Insulin signaling pathway","2/139",0.353918256422843,0.52290625273285,0,0,1.62348962843829,1.68630131639083,"CALM1;CALM2","Sst","WTvsHET_in_Vehicle"
"Cysteine and methionine metabolism","1/50",0.362415054719606,0.530679187267994,0,0,2.26691125888558,2.3008359575471,"AHCYL2","Sst","WTvsHET_in_Vehicle"
"Systemic lupus erythematosus","2/143",0.366814568387645,0.532368046155521,0,0,1.57711263373002,1.5816844023162,"GRIN2A;GRIN2B","Sst","WTvsHET_in_Vehicle"
"Phospholipase D signaling pathway","2/149",0.385969727119617,0.555254695154536,0,0,1.51227948806641,1.43968453730935,"ADCY1;DGKH","Sst","WTvsHET_in_Vehicle"
"PI3K-Akt signaling pathway","4/357",0.396964920592909,0.566106495454235,0,0,1.26057466612707,1.16465421618302,"HSP90AB1;RELN;HSP90B1;YWHAH","Sst","WTvsHET_in_Vehicle"
"Ovarian steroidogenesis","1/57",0.401403578724912,0.567501611300737,0,0,1.98284510433387,1.8099170724501,"ADCY1","Sst","WTvsHET_in_Vehicle"
"VEGF signaling pathway","1/58",0.406776318925392,0.570182190630464,0,0,1.94795978710822,1.75217391282814,"PPP3CA","Sst","WTvsHET_in_Vehicle"
"Inflammatory bowel disease (IBD)","1/59",0.412101102686571,0.572750685089811,0,0,1.91427741185587,1.69698120703801,"MAF","Sst","WTvsHET_in_Vehicle"
"Hippo signaling pathway","2/159",0.417318592223774,0.572791685476658,0,0,1.4152362445572,1.23678250972738,"ACTB;YWHAH","Sst","WTvsHET_in_Vehicle"
"Glycerolipid metabolism","1/61",0.422608499650461,0.572791685476658,0,0,1.8502808988764,1.59366370405444,"DGKH","Sst","WTvsHET_in_Vehicle"
"Long-term depression","1/61",0.422608499650461,0.572791685476658,0,0,1.8502808988764,1.59366370405444,"GRIA2","Sst","WTvsHET_in_Vehicle"
"Mitophagy","1/63",0.432929130110149,0.581970306049709,0,0,1.79041319318594,1.4989003303379,"UBB","Sst","WTvsHET_in_Vehicle"
"RNA transport","2/167",0.44181282943303,0.587864027819827,0,0,1.34607087827427,1.0995635041691,"EEF1A1;EIF1","Sst","WTvsHET_in_Vehicle"
"Influenza A","2/168",0.44483524087516,0.587864027819827,0,0,1.33789394867606,1.0837627465661,"HSPA8;ACTB","Sst","WTvsHET_in_Vehicle"
"Aminoacyl-tRNA biosynthesis","1/66",0.448067094374868,0.587864027819827,0,0,1.70751944684529,1.37081760340494,"LARS2","Sst","WTvsHET_in_Vehicle"
"Acute myeloid leukemia","1/69",0.462803146996057,0.59763555990042,0,0,1.63193985459352,1.25733374629213,"RUNX1T1","Sst","WTvsHET_in_Vehicle"
"Cortisol synthesis and secretion","1/69",0.462803146996057,0.59763555990042,0,0,1.63193985459352,1.25733374629213,"ADCY1","Sst","WTvsHET_in_Vehicle"
"Adipocytokine signaling pathway","1/71",0.472409150036702,0.605274223484524,0,0,1.58515248796148,1.18872142578099,"NPY","Sst","WTvsHET_in_Vehicle"
"B cell receptor signaling pathway","1/72",0.47714790026958,0.606014808750735,0,0,1.56274727013768,1.1563216696259,"PPP3CA","Sst","WTvsHET_in_Vehicle"
"Phagosome","2/180",0.480377592302412,0.606014808750735,0,0,1.24693709134768,0.914232870076952,"ATP6V0C;ACTB","Sst","WTvsHET_in_Vehicle"
"ECM-receptor interaction","1/83",0.526561644480969,0.650438968160589,0,0,1.35235681008495,0.867383902527069,"RELN","Sst","WTvsHET_in_Vehicle"
"RNA degradation","1/83",0.526561644480969,0.650438968160589,0,0,1.35235681008495,0.867383902527069,"PFKP","Sst","WTvsHET_in_Vehicle"
"Rheumatoid arthritis","1/84",0.53081656496497,0.650438968160589,0,0,1.33599566806552,0.846137852424351,"ATP6V0C","Sst","WTvsHET_in_Vehicle"
"Focal adhesion","2/199",0.533717647363788,0.650438968160589,0,0,1.12558432992056,0.706741265317131,"RELN;ACTB","Sst","WTvsHET_in_Vehicle"
"Gap junction","1/86",0.53921265812537,0.650438968160589,0,0,1.3044282881692,0.80567392820649,"ADCY1","Sst","WTvsHET_in_Vehicle"
"Viral myocarditis","1/87",0.543354503890248,0.650438968160589,0,0,1.28919519205644,0.786400442945691,"ACTB","Sst","WTvsHET_in_Vehicle"
"Fc gamma R-mediated phagocytosis","1/87",0.543354503890248,0.650438968160589,0,0,1.28919519205644,0.786400442945691,"WASF1","Sst","WTvsHET_in_Vehicle"
"TGF-beta signaling pathway","1/91",0.559554928381428,0.664978320685176,0,0,1.23164794007491,0.715111522247477,"SKP1A","Sst","WTvsHET_in_Vehicle"
"Glycerophospholipid metabolism","1/97",0.582790022646055,0.687608372042827,0,0,1.15431882022472,0.623249426537268,"DGKH","Sst","WTvsHET_in_Vehicle"
"T cell receptor signaling pathway","1/101",0.597598723894493,0.700044219419263,0,0,1.10792134831461,0.570397552147402,"PPP3CA","Sst","WTvsHET_in_Vehicle"
"Chagas disease (American trypanosomiasis)","1/103",0.604805862473291,0.703462137912197,0,0,1.08608724388632,0.546136538753005,"ADCY1","Sst","WTvsHET_in_Vehicle"
"Amoebiasis","1/106",0.615376580458621,0.708693010983034,0,0,1.05489566613162,0.512173864345055,"ADCY1","Sst","WTvsHET_in_Vehicle"
"Parathyroid hormone synthesis, secretion and action","1/107",0.61883729025776,0.708693010983034,0,0,1.04489082043672,0.501456583699364,"ADCY1","Sst","WTvsHET_in_Vehicle"
"Toxoplasmosis","1/108",0.622267034033884,0.708693010983034,0,0,1.0350729812034,0.49102409317599,"HSPA8","Sst","WTvsHET_in_Vehicle"
"Leukocyte transendothelial migration","1/115",0.645431032587209,0.72649977613427,0,0,0.971170904790065,0.425214475610945,"ACTB","Sst","WTvsHET_in_Vehicle"
"Human T-cell leukemia virus 1 infection","2/245",0.64676199582685,0.72649977613427,0,0,0.910371765362349,0.39671899507068,"PPP3CA;ADCY1","Sst","WTvsHET_in_Vehicle"
"Natural killer cell mediated cytotoxicity","1/118",0.65492076889685,0.730659905435941,0,0,0.946125036012677,0.400438919782925,"PPP3CA","Sst","WTvsHET_in_Vehicle"
"Lysosome","1/124",0.673149114039489,0.745921991232947,0,0,0.899698547547273,0.356090255542885,"ATP6V0C","Sst","WTvsHET_in_Vehicle"
"Osteoclast differentiation","1/128",0.684766089573165,0.751623768911849,0,0,0.871184641245687,0.329898435023947,"PPP3CA","Sst","WTvsHET_in_Vehicle"
"Relaxin signaling pathway","1/131",0.693208520984961,0.751623768911849,0,0,0.8509507346586,0.311809137029038,"ADCY1","Sst","WTvsHET_in_Vehicle"
"Serotonergic synapse","1/132",0.695972395557197,0.751623768911849,0,0,0.844412042199159,0.306053159906222,"GABRB1","Sst","WTvsHET_in_Vehicle"
"Endocytosis","2/269",0.696626907771958,0.751623768911849,0,0,0.827524915889037,0.299154638427655,"HSPA8;UBB","Sst","WTvsHET_in_Vehicle"
"Ubiquitin mediated proteolysis","1/138",0.712043295787137,0.763235951039807,0,0,0.807184450094316,0.27413320681507,"SKP1A","Sst","WTvsHET_in_Vehicle"
"Apoptosis","1/141",0.71975904666409,0.766496647096823,0,0,0.789767255216693,0.259706101000029,"ACTB","Sst","WTvsHET_in_Vehicle"
"Measles","1/144",0.727269178195256,0.769497711122723,0,0,0.773080851732537,0.246194254319999,"HSPA8","Sst","WTvsHET_in_Vehicle"
"MAPK signaling pathway","2/294",0.742266396882402,0.780331340312269,0,0,0.755707762557078,0.225236488034538,"HSPA8;PPP3CA","Sst","WTvsHET_in_Vehicle"
"Hepatitis C","1/160",0.764069198227218,0.798135977766011,0,0,0.694721221115116,0.186947341083946,"YWHAH","Sst","WTvsHET_in_Vehicle"
"Tight junction","1/167",0.778574216807062,0.808140326306065,0,0,0.665188845268715,0.166490754109159,"ACTB","Sst","WTvsHET_in_Vehicle"
"Hepatocellular carcinoma","1/171",0.78646097061667,0.811192447680088,0,0,0.649405155320555,0.15599502926522,"ACTB","Sst","WTvsHET_in_Vehicle"
"Chemokine signaling pathway","1/197",0.831337500790624,0.851068279912781,0,0,0.562514331575327,0.103907325819551,"ADCY1","Sst","WTvsHET_in_Vehicle"
"Human papillomavirus infection","2/360",0.835499957719255,0.851068279912781,0,0,0.614304200991068,0.110405811190442,"RELN;ATP6V0C","Sst","WTvsHET_in_Vehicle"
"NOD-like receptor signaling pathway","1/205",0.843156820601545,0.853566164065761,0,0,0.540234633179114,0.0921652771566533,"HSP90AB1","Sst","WTvsHET_in_Vehicle"
"Viral carcinogenesis","1/229",0.873895599912235,0.879256922611083,0,0,0.482776463630988,0.0650755450961116,"YWHAH","Sst","WTvsHET_in_Vehicle"
"Olfactory transduction","5/1133",0.976712888675204,0.976712888675204,0,0,0.476201393983859,0.0112205146177971,"CAMK2B;PDE1A;CAMK2A;CALM1;CALM2","Sst","WTvsHET_in_Vehicle"
"Ribosome","30/170",1.31653482842035e-38,1.73782597351486e-36,0,0,59.6348088531187,5201.54067119461,"RPL32;RPLP1;RPL11;RPS4X;RPS19;RPS3;RPL13;RPL38;RPL37;RPS2;RPL15;RPS27A;RPL19;RPS9;RPS8;RPL23;RPS28;RPS27;RPS29;RPS3A1;RPL27A;RPL37A;RPL27;RPS20;RPL26;FAU;UBA52;RPS21;RPS24;RPS23","Vip","WTvsHET_in_Vehicle"
"Alzheimer disease","13/175",4.70147018983723e-12,3.10297032529257e-10,0,0,17.9981060606061,469.447225398559,"COX8A;NDUFB8;NDUFB11;COX4I1;COX7A2;ATP5G3;COX6C;GRIN2B;COX7C;COX5A;CALM1;CALM2;GAPDH","Vip","WTvsHET_in_Vehicle"
"Parkinson disease","11/144",1.6740549930263e-10,7.36584196931571e-09,0,0,18.1642439431913,408.888067982254,"COX8A;NDUFB8;UBB;NDUFB11;COX4I1;VDAC1;COX7A2;ATP5G3;COX6C;COX7C;COX5A","Vip","WTvsHET_in_Vehicle"
"Huntington disease","11/192",3.58936502872405e-09,1.18449045947894e-07,0,0,13.3147943523634,258.910044426541,"COX8A;NDUFB8;NDUFB11;COX4I1;VDAC1;COX7A2;ATP5G3;COX6C;GRIN2B;COX7C;COX5A","Vip","WTvsHET_in_Vehicle"
"Thermogenesis","11/231",2.45425458198729e-08,5.66292501595167e-07,0,0,10.9327777777778,191.573508843753,"COX8A;NDUFB8;NDUFB11;COX4I1;COX7A2;ATP5G3;COX6C;COX7C;COX5A;ACTB;ACTG1","Vip","WTvsHET_in_Vehicle"
"Oxidative phosphorylation","9/134",2.57405682543258e-08,5.66292501595167e-07,0,0,15.4753043478261,270.434000753381,"COX8A;NDUFB8;NDUFB11;COX4I1;COX7A2;ATP5G3;COX6C;COX7C;COX5A","Vip","WTvsHET_in_Vehicle"
"Cardiac muscle contraction","7/78",1.33673262114299e-07,2.52069579986964e-06,0,0,20.7965238237938,329.164620570204,"COX8A;COX4I1;COX7A2;ATP1B1;COX6C;COX7C;COX5A","Vip","WTvsHET_in_Vehicle"
"Non-alcoholic fatty liver disease (NAFLD)","8/151",9.78662039968565e-07,1.61479236594813e-05,0,0,11.8842018196857,164.442644938595,"COX8A;NDUFB8;NDUFB11;COX4I1;COX7A2;COX6C;COX7C;COX5A","Vip","WTvsHET_in_Vehicle"
"Estrogen signaling pathway","6/134",6.08333567410958e-05,0.000892222565536071,0,0,9.75542763157895,94.699567856425,"HSPA8;HSP90AA1;GABBR1;CALM1;CALM2;HSP90B1","Vip","WTvsHET_in_Vehicle"
"Fluid shear stress and atherosclerosis","6/143",8.72613400550394e-05,0.00115184968872652,0,0,9.11041106415674,85.1513956873113,"HSP90AA1;CALM1;CALM2;ACTB;ACTG1;HSP90B1","Vip","WTvsHET_in_Vehicle"
"cAMP signaling pathway","7/211",9.78939007312207e-05,0.00117472680877465,0,0,7.18945556946183,66.3703671995239,"GABBR1;PDE10A;ATP2B1;ATP1B1;CALM1;GRIN2B;CALM2","Vip","WTvsHET_in_Vehicle"
"Oocyte meiosis","5/116",0.000306007670598575,0.00336608437658433,0,0,9.28490990990991,75.1325661119271,"CALM1;SKP1A;CALM2;YWHAZ;YWHAH","Vip","WTvsHET_in_Vehicle"
"Gastric acid secretion","4/74",0.000537546135360714,0.00545816075904725,0,0,11.6812960235641,87.9425900192839,"ATP1B1;CALM1;CALM2;ACTB","Vip","WTvsHET_in_Vehicle"
"Salivary secretion","4/78",0.000656202195893518,0.00618704927556746,0,0,11.0476455837281,80.9686539664825,"ATP2B1;ATP1B1;CALM1;CALM2","Vip","WTvsHET_in_Vehicle"
"Mineral absorption","3/44",0.00142445413094289,0.0117740507498062,0,0,14.8267794922847,97.1742176470182,"FTH1;ATP2B1;ATP1B1","Vip","WTvsHET_in_Vehicle"
"Protein processing in endoplasmic reticulum","5/163",0.00142715766664318,0.0117740507498062,0,0,6.50744989451477,42.6372702133917,"HSPA8;HSP90AA1;SEC62;SKP1A;HSP90B1","Vip","WTvsHET_in_Vehicle"
"Aldosterone synthesis and secretion","4/102",0.00178259564755072,0.0132567023093049,0,0,8.33200084157374,52.7389386464029,"ATP2B1;ATP1B1;CALM1;CALM2","Vip","WTvsHET_in_Vehicle"
"cGMP-PKG signaling pathway","5/172",0.00180773213308703,0.0132567023093049,0,0,6.15394211576846,38.8663425847989,"VDAC1;ATP2B1;ATP1B1;CALM1;CALM2","Vip","WTvsHET_in_Vehicle"
"Rap1 signaling pathway","5/209",0.00418156757302413,0.0290508905073256,0,0,5.02833946078431,27.5405626109405,"CALM1;GRIN2B;CALM2;ACTB;ACTG1","Vip","WTvsHET_in_Vehicle"
"Long-term potentiation","3/67",0.00473847011271437,0.0310463920914258,0,0,9.48740433673469,50.7769765801731,"CALM1;GRIN2B;CALM2","Vip","WTvsHET_in_Vehicle"
"Amphetamine addiction","3/68",0.00493919874181774,0.0310463920914258,0,0,9.34097331240188,49.6057259908742,"CALM1;GRIN2B;CALM2","Vip","WTvsHET_in_Vehicle"
"Adrenergic signaling in cardiomyocytes","4/148",0.00675070358080147,0.0405042214848088,0,0,5.65721649484536,28.2753821057074,"ATP2B1;ATP1B1;CALM1;CALM2","Vip","WTvsHET_in_Vehicle"
"Oxytocin signaling pathway","4/154",0.00774726077884045,0.0444625401220408,0,0,5.42927835051546,26.3885510700412,"CALM1;CALM2;ACTB;ACTG1","Vip","WTvsHET_in_Vehicle"
"Phototransduction","2/27",0.00816312383480921,0.0448971810914506,0,0,16.059797979798,77.2175701284927,"CALM1;CALM2","Vip","WTvsHET_in_Vehicle"
"Hippo signaling pathway","4/159",0.00864814033740694,0.0456621809815086,0,0,5.25281010974393,24.9530067741549,"YWHAZ;ACTB;ACTG1;YWHAH","Vip","WTvsHET_in_Vehicle"
"Influenza A","4/168",0.0104373343817464,0.0529895437842508,0,0,4.96228312798592,22.6397521061046,"HSPA8;VDAC1;ACTB;ACTG1","Vip","WTvsHET_in_Vehicle"
"Necroptosis","4/176",0.0122156076142418,0.0597207483362934,0,0,4.72956125629345,20.8339104524741,"HSP90AA1;FTH1;VDAC1;PPIA","Vip","WTvsHET_in_Vehicle"
"Circadian entrainment","3/99",0.0138180340835392,0.0651421606795419,0,0,6.31473214285714,27.0382983558636,"CALM1;GRIN2B;CALM2","Vip","WTvsHET_in_Vehicle"
"Calcium signaling pathway","4/189",0.0154997081366564,0.0705503956565051,0,0,4.39431596544999,18.3108249772529,"VDAC1;ATP2B1;CALM1;CALM2","Vip","WTvsHET_in_Vehicle"
"Thyroid hormone signaling pathway","3/115",0.0205346896786623,0.0903526345861143,0,0,5.40825437317784,21.0145275946243,"ATP1B1;ACTB;ACTG1","Vip","WTvsHET_in_Vehicle"
"Cell cycle","3/123",0.0244562576137654,0.104136322742485,0,0,5.04566326530612,18.7237962064193,"SKP1A;YWHAZ;YWHAH","Vip","WTvsHET_in_Vehicle"
"Dopaminergic synapse","3/135",0.0310437564967834,0.12610509454679,0,0,4.58418367346939,15.917924880064,"CALM1;GRIN2B;CALM2","Vip","WTvsHET_in_Vehicle"
"Endocrine and other factor-regulated calcium reabsorption","2/55",0.0315262736366976,0.12610509454679,0,0,7.56470364017534,26.1506811917111,"ATP2B1;ATP1B1","Vip","WTvsHET_in_Vehicle"
"Legionellosis","2/58",0.0347537688858155,0.134926396850813,0,0,7.15836940836941,24.048307631669,"EEF1A1;HSPA8","Vip","WTvsHET_in_Vehicle"
"Glycolysis / Gluconeogenesis","2/67",0.0451540867147713,0.170295412752852,0,0,6.16441336441336,19.0953460188738,"ALDOA;GAPDH","Vip","WTvsHET_in_Vehicle"
"Adherens junction","2/72",0.0513662218639217,0.173573810410951,0,0,5.72265512265512,16.9892725130322,"ACTB;ACTG1","Vip","WTvsHET_in_Vehicle"
"Arrhythmogenic right ventricular cardiomyopathy (ARVC)","2/72",0.0513662218639217,0.173573810410951,0,0,5.72265512265512,16.9892725130322,"ACTB;ACTG1","Vip","WTvsHET_in_Vehicle"
"Thyroid hormone synthesis","2/73",0.0526435956603521,0.173573810410951,0,0,5.6417698107839,16.6105589743416,"ATP1B1;HSP90B1","Vip","WTvsHET_in_Vehicle"
"Bacterial invasion of epithelial cells","2/74",0.0539322765165433,0.173573810410951,0,0,5.56313131313131,16.2444889552349,"ACTB;ACTG1","Vip","WTvsHET_in_Vehicle"
"Taurine and hypotaurine metabolism","1/11",0.0541813590250602,0.173573810410951,0,0,19.889,57.9847557445528,"GAD1","Vip","WTvsHET_in_Vehicle"
"Glioma","2/75",0.0552321202058897,0.173573810410951,0,0,5.48664729486647,15.8904860930408,"CALM1;CALM2","Vip","WTvsHET_in_Vehicle"
"Pertussis","2/76",0.0565429836944766,0.173573810410951,0,0,5.41223041223041,15.548007413848,"CALM1;CALM2","Vip","WTvsHET_in_Vehicle"
"Renin secretion","2/76",0.0565429836944766,0.173573810410951,0,0,5.41223041223041,15.548007413848,"CALM1;CALM2","Vip","WTvsHET_in_Vehicle"
"Salmonella infection","2/78",0.0591972034407344,0.177591610322203,0,0,5.26927166400851,14.8956038316582,"ACTB;ACTG1","Vip","WTvsHET_in_Vehicle"
"Cellular senescence","3/185",0.0672966848804845,0.195118879802046,0,0,3.31638259699484,8.94973699988742,"VDAC1;CALM1;CALM2","Vip","WTvsHET_in_Vehicle"
"Hypertrophic cardiomyopathy (HCM)","2/86",0.0702270345888291,0.195118879802046,0,0,4.76551226551227,12.6573051038631,"ACTB;ACTG1","Vip","WTvsHET_in_Vehicle"
"Viral myocarditis","2/87",0.0716499927180183,0.195118879802046,0,0,4.70920974450386,12.4132990024275,"ACTB;ACTG1","Vip","WTvsHET_in_Vehicle"
"Antigen processing and presentation","2/90",0.0759746888867694,0.195118879802046,0,0,4.5479797979798,11.721758631992,"HSPA8;HSP90AA1","Vip","WTvsHET_in_Vehicle"
"Dilated cardiomyopathy (DCM)","2/90",0.0759746888867694,0.195118879802046,0,0,4.5479797979798,11.721758631992,"ACTB;ACTG1","Vip","WTvsHET_in_Vehicle"
"GABAergic synapse","2/90",0.0759746888867694,0.195118879802046,0,0,4.5479797979798,11.721758631992,"GABBR1;GAD1","Vip","WTvsHET_in_Vehicle"
"GnRH signaling pathway","2/90",0.0759746888867694,0.195118879802046,0,0,4.5479797979798,11.721758631992,"CALM1;CALM2","Vip","WTvsHET_in_Vehicle"
"IL-17 signaling pathway","2/91",0.0774344353628449,0.195118879802046,0,0,4.49665191238225,11.5038911400976,"HSP90AA1;HSP90B1","Vip","WTvsHET_in_Vehicle"
"Morphine addiction","2/92",0.0789030618395943,0.195118879802046,0,0,4.44646464646465,11.2919536866675,"GABBR1;PDE10A","Vip","WTvsHET_in_Vehicle"
"Alcoholism","3/199",0.0798213599190187,0.195118879802046,0,0,3.07731153685964,7.77933321951331,"CALM1;GRIN2B;CALM2","Vip","WTvsHET_in_Vehicle"
"Prostate cancer","2/97",0.086375062477848,0.207179619088297,0,0,4.2113769271664,10.3138990838112,"HSP90AA1;HSP90B1","Vip","WTvsHET_in_Vehicle"
"Phosphatidylinositol signaling system","2/98",0.0878943838556413,0.207179619088297,0,0,4.16729797979798,10.1332824830691,"CALM1;CALM2","Vip","WTvsHET_in_Vehicle"
"Melanogenesis","2/100",0.0909569913965944,0.210637243234219,0,0,4.08183879612451,9.78567177722125,"CALM1;CALM2","Vip","WTvsHET_in_Vehicle"
"Glucagon signaling pathway","2/102",0.0940507712222756,0.213683921338348,0,0,3.99979797979798,9.45520453285114,"CALM1;CALM2","Vip","WTvsHET_in_Vehicle"
"Kaposi sarcoma-associated herpesvirus infection","3/216",0.0962809393240623,0.213683921338348,0,0,2.82926128197758,6.62184333675934,"UBB;CALM1;CALM2","Vip","WTvsHET_in_Vehicle"
"HIF-1 signaling pathway","2/104",0.0971747997119183,0.213683921338348,0,0,3.92097445038622,9.14074762582703,"ALDOA;GAPDH","Vip","WTvsHET_in_Vehicle"
"Pancreatic secretion","2/105",0.0987478727396912,0.213683921338348,0,0,3.8827106011572,8.98919496343208,"ATP2B1;ATP1B1","Vip","WTvsHET_in_Vehicle"
"Proximal tubule bicarbonate reclamation","1/22",0.10545473521199,0.223338224662347,0,0,9.46571428571429,21.2928731438219,"ATP1B1","Vip","WTvsHET_in_Vehicle"
"PI3K-Akt signaling pathway","4/357",0.106926435179038,0.223338224662347,0,0,2.28334452848924,5.10467745746313,"HSP90AA1;YWHAZ;HSP90B1;YWHAH","Vip","WTvsHET_in_Vehicle"
"C-type lectin receptor signaling pathway","2/112",0.109955453214342,0.223338224662347,0,0,3.63434343434343,8.0234671895318,"CALM1;CALM2","Vip","WTvsHET_in_Vehicle"
"Phenylalanine metabolism","1/23",0.109977156083732,0.223338224662347,0,0,9.035,19.9446053517387,"MIF","Vip","WTvsHET_in_Vehicle"
"Ras signaling pathway","3/233",0.114001347609604,0.226287001100738,0,0,2.6178793256433,5.68484278512795,"CALM1;GRIN2B;CALM2","Vip","WTvsHET_in_Vehicle"
"Leukocyte transendothelial migration","2/115",0.114857796013253,0.226287001100738,0,0,3.53732010369179,7.65497461388985,"ACTB;ACTG1","Vip","WTvsHET_in_Vehicle"
"Human immunodeficiency virus 1 infection","3/238",0.119435139265777,0.231844682104156,0,0,2.5615284411637,5.44320137557818,"CALM1;SKP1A;CALM2","Vip","WTvsHET_in_Vehicle"
"Neurotrophin signaling pathway","2/121",0.12482583256856,0.238797244913767,0,0,3.35794924030218,6.9873411708729,"CALM1;CALM2","Vip","WTvsHET_in_Vehicle"
"Butanoate metabolism","1/27",0.12784157869394,0.240799656654052,0,0,7.64346153846154,15.7223210012509,"GAD1","Vip","WTvsHET_in_Vehicle"
"Platelet activation","2/125",0.131583525002526,0.240799656654052,0,0,3.24809066272481,6.58749638548086,"ACTB;ACTG1","Vip","WTvsHET_in_Vehicle"
"Protein export","1/28",0.132251925937003,0.240799656654052,0,0,7.36,14.8896233108732,"SEC62","Vip","WTvsHET_in_Vehicle"
"Pathways in cancer","5/535",0.13420816909819,0.240799656654052,0,0,1.9034001572327,3.82271879969674,"HSP90AA1;CALM1;SKP1A;CALM2;HSP90B1","Vip","WTvsHET_in_Vehicle"
"Inflammatory mediator regulation of TRP channels","2/127",0.13499374691212,0.240799656654052,0,0,3.19579797979798,6.39967116835903,"CALM1;CALM2","Vip","WTvsHET_in_Vehicle"
"Circadian rhythm","1/30",0.14100648221985,0.248171408706936,0,0,6.85172413793103,13.4221810018153,"SKP1A","Vip","WTvsHET_in_Vehicle"
"beta-Alanine metabolism","1/32",0.149673581302347,0.256567024873796,0,0,6.40903225806452,12.172665230735,"GAD1","Vip","WTvsHET_in_Vehicle"
"Pentose phosphate pathway","1/32",0.149673581302347,0.256567024873796,0,0,6.40903225806452,12.172665230735,"ALDOA","Vip","WTvsHET_in_Vehicle"
"Apelin signaling pathway","2/138",0.154086490532908,0.256567024873796,0,0,2.93568033273916,5.49043032999779,"CALM1;CALM2","Vip","WTvsHET_in_Vehicle"
"Ubiquitin mediated proteolysis","2/138",0.154086490532908,0.256567024873796,0,0,2.93568033273916,5.49043032999779,"UBE2B;SKP1A","Vip","WTvsHET_in_Vehicle"
"Insulin signaling pathway","2/139",0.155847949696266,0.256567024873796,0,0,2.91410454914105,5.4169544283086,"CALM1;CALM2","Vip","WTvsHET_in_Vehicle"
"Vascular smooth muscle contraction","2/140",0.157613329200647,0.256567024873796,0,0,2.89284145805885,5.34484433660392,"CALM1;CALM2","Vip","WTvsHET_in_Vehicle"
"Apoptosis","2/141",0.159382545754934,0.256567024873796,0,0,2.87188431073323,5.27406625116661,"ACTB;ACTG1","Vip","WTvsHET_in_Vehicle"
"Fructose and mannose metabolism","1/35",0.162512137435589,0.25845303784937,0,0,5.84264705882353,10.6161048271807,"ALDOA","Vip","WTvsHET_in_Vehicle"
"Alanine, aspartate and glutamate metabolism","1/37",0.170964359316039,0.268658278925204,0,0,5.5175,9.74556118386667,"GAD1","Vip","WTvsHET_in_Vehicle"
"Aldosterone-regulated sodium reabsorption","1/38",0.175158742826961,0.269318024044137,0,0,5.36810810810811,9.35158044497012,"ATP1B1","Vip","WTvsHET_in_Vehicle"
"Retrograde endocannabinoid signaling","2/150",0.175464773240877,0.269318024044137,0,0,2.6960141960142,4.69191927959469,"NDUFB8;NDUFB11","Vip","WTvsHET_in_Vehicle"
"Tyrosine metabolism","1/40",0.183484578722101,0.272134431363116,0,0,5.09230769230769,8.63464247229669,"MIF","Vip","WTvsHET_in_Vehicle"
"Ferroptosis","1/40",0.183484578722101,0.272134431363116,0,0,5.09230769230769,8.63464247229669,"FTH1","Vip","WTvsHET_in_Vehicle"
"Nicotine addiction","1/40",0.183484578722101,0.272134431363116,0,0,5.09230769230769,8.63464247229669,"GRIN2B","Vip","WTvsHET_in_Vehicle"
"Hepatitis C","2/160",0.193621092532492,0.280955629687569,0,0,2.52410177726633,4.14420195769647,"YWHAZ;YWHAH","Vip","WTvsHET_in_Vehicle"
"Vasopressin-regulated water reabsorption","1/43",0.195817560085276,0.280955629687569,0,0,4.72785714285714,7.70911085836657,"DYNLL1","Vip","WTvsHET_in_Vehicle"
"Carbohydrate digestion and absorption","1/43",0.195817560085276,0.280955629687569,0,0,4.72785714285714,7.70911085836657,"ATP1B1","Vip","WTvsHET_in_Vehicle"
"Tight junction","2/167",0.206472749266765,0.289940456417159,0,0,2.41616161616162,3.81170476920896,"ACTB;ACTG1","Vip","WTvsHET_in_Vehicle"
"RNA transport","2/167",0.206472749266765,0.289940456417159,0,0,2.41616161616162,3.81170476920896,"EEF1A1;EIF1","Vip","WTvsHET_in_Vehicle"
"Hepatocellular carcinoma","2/171",0.213858644753518,0.296950439709223,0,0,2.35849620465005,3.637838934832,"ACTB;ACTG1","Vip","WTvsHET_in_Vehicle"
"Cocaine addiction","1/48",0.215963956152162,0.296950439709223,0,0,4.22382978723404,6.47362634511492,"GRIN2B","Vip","WTvsHET_in_Vehicle"
"Cholesterol metabolism","1/49",0.219932857816208,0.299290074554015,0,0,4.135625,6.26312685550479,"VDAC1","Vip","WTvsHET_in_Vehicle"
"Tuberculosis","2/178",0.226842855823919,0.305543438456707,0,0,2.26388888888889,3.35847410986271,"CALM1;CALM2","Vip","WTvsHET_in_Vehicle"
"Phagosome","2/180",0.230564018219926,0.305871189126995,0,0,2.23822494609011,3.28398344357687,"ACTB;ACTG1","Vip","WTvsHET_in_Vehicle"
"Amyotrophic lateral sclerosis (ALS)","1/52",0.231720597823481,0.305871189126995,0,0,3.89176470588235,5.69062767990807,"GRIN2B","Vip","WTvsHET_in_Vehicle"
"Focal adhesion","2/199",0.266062067145012,0.347724681813283,0,0,2.02040711685382,2.67507087098219,"ACTB;ACTG1","Vip","WTvsHET_in_Vehicle"
"Mitophagy","1/63",0.273452953527515,0.350567821792604,0,0,3.19951612903226,4.14857480293546,"UBB","Vip","WTvsHET_in_Vehicle"
"Proteoglycans in cancer","2/203",0.273549133671502,0.350567821792604,0,0,1.97979797979798,2.56636069687309,"ACTB;ACTG1","Vip","WTvsHET_in_Vehicle"
"NOD-like receptor signaling pathway","2/205",0.277292011469506,0.351947553018989,0,0,1.96009354630044,2.51418089502476,"HSP90AA1;VDAC1","Vip","WTvsHET_in_Vehicle"
"Aminoacyl-tRNA biosynthesis","1/66",0.284439611465402,0.35758122584222,0,0,3.05138461538462,3.83630543125727,"LARS2","Vip","WTvsHET_in_Vehicle"
"Type I diabetes mellitus","1/69",0.295261752011551,0.367684445901176,0,0,2.91632352941176,3.55760272080315,"GAD1","Vip","WTvsHET_in_Vehicle"
"Regulation of actin cytoskeleton","2/217",0.299717546083666,0.369745010121906,0,0,1.84956542165844,2.22856867777356,"ACTB;ACTG1","Vip","WTvsHET_in_Vehicle"
"Bile secretion","1/72",0.305921814433684,0.373904439863391,0,0,2.79267605633803,3.30771734334898,"ATP1B1","Vip","WTvsHET_in_Vehicle"
"Viral carcinogenesis","2/229",0.322036911965124,0.389989654856847,0,0,1.75072308993014,1.98372526183017,"YWHAZ;YWHAH","Vip","WTvsHET_in_Vehicle"
"RNA degradation","1/83",0.343660504019085,0.412392604822902,0,0,2.41670731707317,2.58128754036176,"ZCCHC7","Vip","WTvsHET_in_Vehicle"
"Insulin secretion","1/86",0.353595415974165,0.420491846023332,0,0,2.33105882352941,2.42337321033742,"ATP1B1","Vip","WTvsHET_in_Vehicle"
"Taste transduction","1/88",0.360135821891982,0.420833943833256,0,0,2.27724137931034,2.32568749360211,"GABBR1","Vip","WTvsHET_in_Vehicle"
"Progesterone-mediated oocyte maturation","1/90",0.366610699610668,0.420833943833256,0,0,2.22584269662921,2.2335324443575,"HSP90AA1","Vip","WTvsHET_in_Vehicle"
"Protein digestion and absorption","1/90",0.366610699610668,0.420833943833256,0,0,2.22584269662921,2.2335324443575,"ATP1B1","Vip","WTvsHET_in_Vehicle"
"Human cytomegalovirus infection","2/255",0.369732744867407,0.420833943833256,0,0,1.56873078612209,1.56084767156145,"CALM1;CALM2","Vip","WTvsHET_in_Vehicle"
"TGF-beta signaling pathway","1/91",0.369823768823164,0.420833943833256,0,0,2.201,2.18939784072288,"SKP1A","Vip","WTvsHET_in_Vehicle"
"Endocytosis","2/269",0.394891676358323,0.44551881435298,0,0,1.48541595732607,1.38016501047215,"HSPA8;UBB","Vip","WTvsHET_in_Vehicle"
"Th17 cell differentiation","1/102",0.404119832426249,0.448267377145083,0,0,1.96019801980198,1.77602532158845,"HSP90AA1","Vip","WTvsHET_in_Vehicle"
"Longevity regulating pathway","1/102",0.404119832426249,0.448267377145083,0,0,1.96019801980198,1.77602532158845,"HSPA8","Vip","WTvsHET_in_Vehicle"
"Toxoplasmosis","1/108",0.422041007449018,0.46424510819392,0,0,1.84971962616822,1.59566580662241,"HSPA8","Vip","WTvsHET_in_Vehicle"
"Glutamatergic synapse","1/114",0.439428376581449,0.479376410816127,0,0,1.75097345132743,1.43979139652291,"GRIN2B","Vip","WTvsHET_in_Vehicle"
"Spliceosome","1/132",0.488542820343492,0.52858731381427,0,0,1.50900763358779,1.08094465336634,"HSPA8","Vip","WTvsHET_in_Vehicle"
"Purine metabolism","1/136",0.498864609973362,0.535366898507998,0,0,1.464,1.01809567457715,"PDE10A","Vip","WTvsHET_in_Vehicle"
"Systemic lupus erythematosus","1/143",0.516433827390927,0.547951447900186,0,0,1.39133802816901,0.919407461080002,"GRIN2B","Vip","WTvsHET_in_Vehicle"
"Measles","1/144",0.518893416572145,0.547951447900186,0,0,1.38153846153846,0.906367674475523,"HSPA8","Vip","WTvsHET_in_Vehicle"
"Neuroactive ligand-receptor interaction","2/348",0.526956217569437,0.552049370787029,0,0,1.14164769078064,0.731382679276361,"GABBR1;GRIN2B","Vip","WTvsHET_in_Vehicle"
"Wnt signaling pathway","1/160",0.556603475587344,0.578516998248263,0,0,1.24150943396226,0.727403090791503,"SKP1A","Vip","WTvsHET_in_Vehicle"
"Hepatitis B","1/163",0.563341011181875,0.580945417781309,0,0,1.21833333333333,0.699165109003548,"YWHAZ","Vip","WTvsHET_in_Vehicle"
"Transcriptional misregulation in cancer","1/183",0.605738744535196,0.619825692082526,0,0,1.08335164835165,0.543091223643733,"CCNT2","Vip","WTvsHET_in_Vehicle"
"Human T-cell leukemia virus 1 infection","1/245",0.712930055638832,0.723898210340967,0,0,0.805532786885246,0.272569709604515,"VDAC1","Vip","WTvsHET_in_Vehicle"
"MAPK signaling pathway","1/294",0.776757305488656,0.782686750568722,0,0,0.669146757679181,0.169044755795475,"HSPA8","Vip","WTvsHET_in_Vehicle"
"Olfactory transduction","2/1133",0.980657409994474,0.980657409994474,0,0,0.335235645580473,0.00654785806257261,"CALM1;CALM2","Vip","WTvsHET_in_Vehicle"
