"SYMBOL","FC","logFC","P.Value","adj.P.Val","AveExpr","t","B","Directory","DEG_test"
"Atp6v0c",1.4557802236939,0.541792571113913,1.31962562744751e-05,0.0231198409928804,9.34056262664932,4.36172703907158,2.59081292974374,"L2_3_IT","VehicleVsPCB_in_HETs"
"Snhg11",1.25627140074592,0.329148172997655,4.44362423106042e-06,0.00493242289647707,13.2361970232315,4.59782502057858,3.38348846330727,"L4","VehicleVsPCB_in_HETs"
"Apod",2.33759059142766,1.22502227656002,7.16622077245155e-05,0.0351861439927371,10.8011015156941,4.01879238173897,1.10395317391822,"Oligo","VehicleVsPCB_in_HETs"
"Mef2c",-1.63042698815272,-0.705249837474949,1.21653301116172e-07,0.000177248859726263,11.0537126757771,-5.31208287846045,7.08490904461321,"Pvalb","VehicleVsPCB_in_HETs"
"Erbb4",-1.57809529600482,-0.658184327608917,3.85868444819262e-07,0.000236047854672108,9.76544690370654,-5.09446998522379,6.13638054878523,"Pvalb","VehicleVsPCB_in_HETs"
"Tcf4",-1.58606058835695,-0.665447883811456,4.86028527121704e-07,0.000236047854672108,10.4215353919708,-5.04994657446447,5.88830560784691,"Pvalb","VehicleVsPCB_in_HETs"
"Elavl2",-1.48521524809818,-0.570672031941905,1.42093733892201e-06,0.000517576425702341,9.42207864709073,-4.83811247014795,4.95949255633196,"Pvalb","VehicleVsPCB_in_HETs"
"Kcnc2",-1.43563185045014,-0.521685835773413,2.43901045262236e-06,0.00062839287656847,9.09621364342366,-4.72819329366517,4.46565198322599,"Pvalb","VehicleVsPCB_in_HETs"
"Pde10a",1.47501162397392,0.560726323819193,2.58775378133893e-06,0.00062839287656847,8.85759647251653,4.71600911424424,4.40394071928143,"Pvalb","VehicleVsPCB_in_HETs"
"Phactr1",1.43146501641339,0.51749241273081,7.6161859207248e-06,0.00158525469807086,8.96757302406816,4.48862685921003,3.4168011570061,"Pvalb","VehicleVsPCB_in_HETs"
"Atp2b1",1.43391598348032,0.519960495610791,4.59908948195523e-05,0.00837609171901097,9.54846146214507,4.08496884549479,1.80355879984104,"Pvalb","VehicleVsPCB_in_HETs"
"Dock4",-1.41012674644727,-0.495824842236005,5.97282181944958e-05,0.00919253020542359,9.52447189296334,-4.02331067759087,1.56572708335137,"Pvalb","VehicleVsPCB_in_HETs"
"Arpp19",1.26028357225374,0.333748386308286,6.30921771134083e-05,0.00919253020542359,8.52476825106155,4.0102781064122,1.3971961166742,"Pvalb","VehicleVsPCB_in_HETs"
"St8sia4",-1.2455489294948,-0.316781696771813,9.08218045333098e-05,0.0120297608368211,8.5298484350186,-3.92265499623392,1.02788991401743,"Pvalb","VehicleVsPCB_in_HETs"
"Sgcz",1.28817412452995,0.365327617999864,0.000122883336525367,0.0149200851097883,8.60363771913406,3.84860233177899,0.806109234977391,"Pvalb","VehicleVsPCB_in_HETs"
"Calm2",1.34835646516793,0.431201952413803,0.000152755408418637,0.0164161866976749,9.36718681303261,3.79451794189956,0.72020231508847,"Pvalb","VehicleVsPCB_in_HETs"
"Zeb2",-1.32953144049356,-0.410917894162723,0.000157739611370932,0.0164161866976749,9.06331481360819,-3.78648025716042,0.657909708828852,"Pvalb","VehicleVsPCB_in_HETs"
"Cemip",-1.3321220801332,-0.413726301877788,0.000169321158506472,0.0164467285295953,9.10928745513786,-3.76869035354262,0.59464487959474,"Pvalb","VehicleVsPCB_in_HETs"
"Phlda1",-1.26420534539961,-0.338230820103869,0.00038622575097838,0.0343631933163737,8.75602299564786,-3.55594390745351,-0.219657807483308,"Pvalb","VehicleVsPCB_in_HETs"
"Zbtb20",1.25484323217751,0.327507139246081,0.000400943230184182,0.0343631933163737,8.56408813052833,3.54603254891824,-0.288651634542789,"Pvalb","VehicleVsPCB_in_HETs"
"Cacnb2",1.24199209428697,0.312655990330305,0.000521596188938402,0.0400703110385166,8.5743634643768,3.47561965608216,-0.52499655365663,"Pvalb","VehicleVsPCB_in_HETs"
"Gm42418",1.52843037093932,0.61205083041354,0.000522536657331376,0.0400703110385166,11.9334835012612,3.47513323598938,-0.32106321307997,"Pvalb","VehicleVsPCB_in_HETs"
"Nek7",-1.21057951264257,-0.275697840780715,0.000654859335182721,0.0477065025680612,8.56133034119614,-3.41370993397675,-0.768029291984643,"Pvalb","VehicleVsPCB_in_HETs"
"Celf2",1.35059628061151,0.433596489613337,0.000714860795160443,0.0495977227880365,9.50626936348784,3.38959564899466,-0.642507713152408,"Pvalb","VehicleVsPCB_in_HETs"
"Gm42418",2.9010730818864,1.53658663939908,1.16055667706983e-07,0.000193696909402955,12.3465636259556,5.31326010785397,6.98602689951858,"Sncg","VehicleVsPCB_in_HETs"
"Cnr1",2.68078311384632,1.42265450420094,6.20510301058015e-06,0.00517815846232913,11.8183768154504,4.52785182443871,3.42743326767116,"Sncg","VehicleVsPCB_in_HETs"
"Adarb2",2.50889188245903,1.32705030095791,4.06948185640117e-05,0.0190332074580355,11.7193031451941,4.10997994128504,1.80026152790655,"Sncg","VehicleVsPCB_in_HETs"
"Rpl26",1.97775013857596,0.983860173009634,4.56158357292643e-05,0.0190332074580355,8.55123574579415,4.08338457820453,1.81135490705348,"Sncg","VehicleVsPCB_in_HETs"
"Rpl32",2.00492274337153,1.00354664570654,7.28738399210356e-05,0.0243252877656417,8.77429146875719,3.97257925440734,1.39342427455031,"Sncg","VehicleVsPCB_in_HETs"
"Atp6v0c",1.37456823642937,0.458978527014361,3.05022217731964e-05,0.0332779239545573,9.51006203561757,4.18528804087318,1.96954390835978,"Sst","VehicleVsPCB_in_HETs"
"Gm42418",1.62211048065028,0.697872083709437,8.58014996991241e-05,0.0468047180858722,11.7618652685255,3.94071605841774,0.922516112703456,"Sst","VehicleVsPCB_in_HETs"
"Malat1",1.48003695559536,0.565633199495123,2.37819700938174e-09,1.29610447117293e-06,16.5053299133096,6.04346565968104,10.9285408050997,"Vip","VehicleVsPCB_in_HETs"
"Dgkb",1.86108001620076,0.896140084679372,2.72725773180192e-09,1.29610447117293e-06,9.20745425059861,6.02026172998094,10.8280483290231,"Vip","VehicleVsPCB_in_HETs"
"Pcp4",2.13540255386947,1.09450806409716,3.46243402806659e-09,1.29610447117293e-06,9.48244571923656,5.97963861261591,10.6028002754658,"Vip","VehicleVsPCB_in_HETs"
"Gm42418",2.40178554952574,1.26410734153166,6.18602073844075e-09,1.73672532231724e-06,12.1915994642857,5.87986204261321,9.91468683602111,"Vip","VehicleVsPCB_in_HETs"
"Hpca",1.68395434517645,0.751853025054907,7.91447361035203e-09,1.77759077288507e-06,8.99016111147274,5.83705413865486,9.809072607867,"Vip","VehicleVsPCB_in_HETs"
"Phactr1",1.8346563638382,0.875509867639387,6.33896144708804e-08,1.18644228417998e-05,9.29801667792568,5.4641335664164,7.85165615507007,"Vip","VehicleVsPCB_in_HETs"
"Pde10a",1.88801887826916,0.916873190255437,9.65675939369654e-08,1.54922011416017e-05,9.42246683144665,5.38598266581478,7.46112053310364,"Vip","VehicleVsPCB_in_HETs"
"Tcf4",-1.94543063151727,-0.960089538856006,2.44831954616973e-07,3.43682856293575e-05,10.4252285272695,-5.20967237260397,6.59932409096975,"Vip","VehicleVsPCB_in_HETs"
"Atp2b1",1.93518034890109,0.952468024426912,2.98993653589745e-07,3.7307763664587e-05,9.85779665223718,5.17111945130556,6.41540335747612,"Vip","VehicleVsPCB_in_HETs"
"Elmod1",1.72982428724149,0.790625498671282,3.81486196858111e-07,4.28408999071659e-05,9.8000501744449,5.12377672644276,6.18750257403809,"Vip","VehicleVsPCB_in_HETs"
"Ppp1r9a",1.57788880412105,0.657995540335173,5.72197237364356e-07,5.84161361418338e-05,8.98780555070692,5.0441511307713,5.74855473806664,"Vip","VehicleVsPCB_in_HETs"
"Calm2",1.70713048964827,0.771573339310743,2.81767207614376e-06,0.000263687145125787,9.88524327844423,4.71982078890304,4.33216326082264,"Vip","VehicleVsPCB_in_HETs"
"Celf2",1.73096819149287,0.791579213787667,3.73513594271089e-06,0.000304027208998318,9.71141775439462,4.6604452276577,4.06215471585017,"Vip","VehicleVsPCB_in_HETs"
"Ckb",1.61525630801828,0.691763109171564,3.79018782366558e-06,0.000304027208998318,9.48358129005687,4.65734526218552,4.02840241251396,"Vip","VehicleVsPCB_in_HETs"
"9530059O14Rik",1.50144419289818,0.586350852433983,4.67634662201557e-06,0.000350102483768232,8.99787131128758,4.61263159750019,3.76667552564043,"Vip","VehicleVsPCB_in_HETs"
"Gapdh",1.65004800888547,0.722508000939796,7.30146050509562e-06,0.000512471259201399,10.0172924517087,4.51654094459987,3.45760994958586,"Vip","VehicleVsPCB_in_HETs"
"Actb",1.51050265966456,0.595028724338273,1.08270785242223e-05,0.000715224069570686,9.23798773160846,4.4300734275752,3.01664903486793,"Vip","VehicleVsPCB_in_HETs"
"Ywhaz",1.50417340299079,0.588970892291163,1.21338253038107e-05,0.000757015878676633,9.31402234486503,4.40479123364842,2.92409057984078,"Vip","VehicleVsPCB_in_HETs"
"Tusc3",1.44652625094177,0.53259250491968,1.48164154675261e-05,0.000875728135264834,9.11921441274674,4.36016779162169,2.70453866109806,"Vip","VehicleVsPCB_in_HETs"
"Rtn4",1.52798583758952,0.611631171558181,1.76554726284425e-05,0.000991354788087044,9.56491131053345,4.32067357738255,2.61039107991342,"Vip","VehicleVsPCB_in_HETs"
"Arpp19",1.42261201507472,0.508542253396796,3.31029411172955e-05,0.00171557837227806,8.92299962332215,4.1764211494116,1.93010515415248,"Vip","VehicleVsPCB_in_HETs"
"Selenow",1.46080277873152,0.546761414724455,3.36088372129273e-05,0.00171557837227806,9.35701481958676,4.17288732721312,1.98528586312722,"Vip","VehicleVsPCB_in_HETs"
"Arpp21",1.65294387222594,0.725037736949595,6.01316279246059e-05,0.00293599209388402,9.73915372594227,4.03533424972217,1.50178690923974,"Vip","VehicleVsPCB_in_HETs"
"Mkl2",1.36317022763525,0.446965731791386,6.89392820192925e-05,0.00322578390448606,8.90377169820618,4.00242432359865,1.22998719498999,"Vip","VehicleVsPCB_in_HETs"
"Rbfox1",1.43183122288175,0.517861444933258,7.8351032704807e-05,0.00351952838909993,9.15137521278898,3.97140064663609,1.16521934722996,"Vip","VehicleVsPCB_in_HETs"
"Grm5",1.49061542371636,0.57590809272315,9.76785395863686e-05,0.00421896153674969,9.42582972876008,3.91745565242515,1.01534884850923,"Vip","VehicleVsPCB_in_HETs"
"Nrgn",1.40983744236579,0.495528826019365,0.000122862868584648,0.0051101852377985,9.04556077049375,3.86064622103442,0.728347682441314,"Vip","VehicleVsPCB_in_HETs"
"Ppp3ca",1.53774033897951,0.620811912081902,0.000146926679047926,0.00589280930610076,9.53531797153703,3.81584641136885,0.656511103623159,"Vip","VehicleVsPCB_in_HETs"
"Ppia",1.5156308970394,0.599918455457524,0.000178396804244456,0.00668502466769743,9.95499813231978,3.76672107646159,0.529183673903939,"Vip","VehicleVsPCB_in_HETs"
"Lrrc7",1.40586925795937,0.49146243390974,0.000178584808576067,0.00668502466769743,9.22004257354672,3.76645296602674,0.42118437433933,"Vip","VehicleVsPCB_in_HETs"
"Myt1l",1.45558137731873,0.541595498596569,0.000188778102406876,0.00683863900009424,9.64749907206727,3.75230042650542,0.445433582493063,"Vip","VehicleVsPCB_in_HETs"
"Atp2b2",1.38775419082132,0.472752049840991,0.000215354710658691,0.00755760437717845,9.18136079508109,3.71853432483137,0.241033649966898,"Vip","VehicleVsPCB_in_HETs"
"Hsp90ab1",1.45667572438564,0.542679749818641,0.00022258714828639,0.00757470810683686,9.68717850310675,3.71002505892058,0.29881127916299,"Vip","VehicleVsPCB_in_HETs"
"Plcb1",1.41660530263293,0.50243784770242,0.000268400557017167,0.00886511251559643,9.29749827505944,3.66149282727717,0.0637306623013121,"Vip","VehicleVsPCB_in_HETs"
"Chchd10",1.37113574348216,0.455371406094707,0.000307435760229467,0.00986429596393406,9.06459145738738,3.62593650260972,-0.113792850020932,"Vip","VehicleVsPCB_in_HETs"
"Penk",1.68756483484715,0.754942930380139,0.000350113499972425,0.0109215961241398,9.421413518095,3.59161697394105,-0.156987268590633,"Vip","VehicleVsPCB_in_HETs"
"Sptbn1",1.39295460800018,0.478148245821417,0.000365122839408397,0.0109443986480712,9.15374662559441,3.58047484476574,-0.249354850839083,"Vip","VehicleVsPCB_in_HETs"
"Spock3",1.37793653122662,0.462509437974442,0.000370335840273113,0.0109443986480712,9.02671537850776,3.57670522127982,-0.290831560161176,"Vip","VehicleVsPCB_in_HETs"
"Ddx5",1.43279675470378,0.518833974724299,0.000410279045632234,0.0118139325191025,9.71879922097795,3.54936796479449,-0.251426300359548,"Vip","VehicleVsPCB_in_HETs"
"Hspa8",1.45291528063426,0.538950581998836,0.000501187156117117,0.0135966059731773,9.92746234542407,3.49542825694919,-0.409172600402859,"Vip","VehicleVsPCB_in_HETs"
"Mdh1",1.38086824912949,0.465575676297653,0.00050635501964664,0.0135966059731773,9.34807469887312,3.49264451187207,-0.503086975480963,"Vip","VehicleVsPCB_in_HETs"
"Aldoa",1.37625990123234,0.46075294301392,0.000508510641917585,0.0135966059731773,9.26743979907047,3.49149119125544,-0.52601590488391,"Vip","VehicleVsPCB_in_HETs"
"Mbnl2",1.36690820059994,0.4509163570725,0.000529899317004978,0.0138389984417812,9.15126673299528,3.48028872984805,-0.589998620227359,"Vip","VehicleVsPCB_in_HETs"
"Prkcb",1.32312929296618,0.403954045144318,0.000544211559996734,0.0138897632244621,8.96112163464025,3.47302604754626,-0.66159299771266,"Vip","VehicleVsPCB_in_HETs"
"Anks1b",1.41521558691792,0.501021842799962,0.000638842045687234,0.0157092344781931,9.53237141126176,3.42906309595392,-0.67770119968725,"Vip","VehicleVsPCB_in_HETs"
"Dclk1",1.38476340548529,0.469639504873169,0.000656788725345329,0.0157092344781931,9.35770704399028,3.42141737507684,-0.735970818479531,"Vip","VehicleVsPCB_in_HETs"
"Calm1",1.45173624737489,0.537779367129618,0.000657465735062401,0.0157092344781931,10.0243379372452,3.42113277932647,-0.641805357068758,"Vip","VehicleVsPCB_in_HETs"
"Cox4i1",1.36975492621947,0.453917792196271,0.00070601003785489,0.0165176931773134,9.31106962155841,3.40140573484852,-0.811302000260715,"Vip","VehicleVsPCB_in_HETs"
"Eef1a1",1.35014006441648,0.433109081170361,0.000735549606726916,0.0168575960888638,9.25690599298951,3.39001120271865,-0.860595311970689,"Vip","VehicleVsPCB_in_HETs"
"Nptn",1.41234800466418,0.498095614631334,0.000773686520156646,0.0173769992427183,9.876873355891,3.37591431921404,-0.805363147521844,"Vip","VehicleVsPCB_in_HETs"
"Osbpl8",1.3014314889722,0.380099366201014,0.00088164764727892,0.0194135354489064,8.90858972302583,3.33925383812602,-1.11553343234821,"Vip","VehicleVsPCB_in_HETs"
"Eif1",1.38283255498961,0.467626473399967,0.000938105645469693,0.0199305049955864,9.58868488474708,3.32171440528177,-1.01574942418324,"Vip","VehicleVsPCB_in_HETs"
"Camk2n1",1.36485672227106,0.448749510179367,0.000975375035183104,0.0199305049955864,9.290021830042,3.31066553946552,-1.11149727560443,"Vip","VehicleVsPCB_in_HETs"
"Akap9",1.34123142201143,0.423558187714249,0.000986612949854885,0.0199305049955864,9.10714137807044,3.30741079381122,-1.16663683504366,"Vip","VehicleVsPCB_in_HETs"
"Lrp1b",1.42805175499352,0.514048266005281,0.000993044221386665,0.0199305049955864,9.76721424883489,3.30556359837913,-1.04066134618531,"Vip","VehicleVsPCB_in_HETs"
"Chn1",1.42183628357341,0.507755356325563,0.000993863116431736,0.0199305049955864,9.47199068703738,3.30532919167164,-1.08777596691133,"Vip","VehicleVsPCB_in_HETs"
"Gpm6b",1.38349452193797,0.468316931487747,0.00105003697499232,0.0202331703541186,9.29535286572331,3.28966232189623,-1.17652848769066,"Vip","VehicleVsPCB_in_HETs"
"Cltc",1.35328879024266,0.436469741600433,0.00105331090709499,0.0202331703541186,9.27724814869719,3.28877337850481,-1.18316783248933,"Vip","VehicleVsPCB_in_HETs"
"Mapk8",-1.23433752847147,-0.303736952078721,0.00106300716909439,0.0202331703541186,8.71713265162087,-3.28615558068866,-1.416571409453,"Vip","VehicleVsPCB_in_HETs"
"Rtn1",1.41998103908647,0.505871665646469,0.00121905336063201,0.0225588555973709,10.2841564431557,3.24681439061197,-1.16688697057562,"Vip","VehicleVsPCB_in_HETs"
"Dlg2",1.3652443341277,0.44915916952572,0.00122536971633092,0.0225588555973709,9.5824388340992,3.24532222380777,-1.25661122800546,"Vip","VehicleVsPCB_in_HETs"
"Camk4",1.30997996317136,0.389544745156319,0.00128344261037184,0.0232468717975416,8.89097198073346,3.23192717252093,-1.45436351556973,"Vip","VehicleVsPCB_in_HETs"
"Ndrg4",1.37362620850131,0.457989471035498,0.00131820781292078,0.0234975773636514,9.37898391311572,3.22417412394551,-1.36028828883339,"Vip","VehicleVsPCB_in_HETs"
"Atp5g3",1.33707548048812,0.419080910646051,0.00135530730877155,0.0237814079336008,9.31340992660516,3.21610630924709,-1.40263861590992,"Vip","VehicleVsPCB_in_HETs"
"Itm2c",1.28349269644643,0.360075086462229,0.00150094225934666,0.0259316639576353,8.93848019622887,3.18629151835964,-1.59532559088095,"Vip","VehicleVsPCB_in_HETs"
"Ptms",1.29666054571336,0.374800844189674,0.00178915335952822,0.0302589979844588,9.03045739304802,3.13442845525856,-1.72699569762567,"Vip","VehicleVsPCB_in_HETs"
"Cfl1",1.27159858371958,0.346643314745274,0.00180530085926869,0.0302589979844588,8.92190014499771,3.13175635408451,-1.76793977134868,"Vip","VehicleVsPCB_in_HETs"
"Cadm2",1.38190854649753,0.466662142585646,0.00194886498217251,0.0321849319849961,10.1852474391807,3.10892159537335,-1.59357630292776,"Vip","VehicleVsPCB_in_HETs"
"Son",1.3720372786892,0.456319680526326,0.00217338796615937,0.0353726766086518,10.1981537737356,3.07613921947667,-1.68702914749692,"Vip","VehicleVsPCB_in_HETs"
"Enah",-1.29081864523186,-0.368286322098679,0.0022616944930243,0.0362840416523755,8.97744063808473,-3.06409287837749,-1.98893808130801,"Vip","VehicleVsPCB_in_HETs"
"Grin2b",1.39346665022165,0.478678474895552,0.00231291748271831,0.0364611448121032,9.82322849617225,3.05730174868363,-1.78519530079009,"Vip","VehicleVsPCB_in_HETs"
"Atp2a2",1.32437447924503,0.405311115317966,0.0023376691241954,0.0364611448121032,9.25393654424309,3.05406950943119,-1.90273580880247,"Vip","VehicleVsPCB_in_HETs"
"Atp6v0c",1.36007006305959,0.443680972817562,0.00242741044844239,0.0373422182685042,9.88447110481036,3.04260796892392,-1.82346802766449,"Vip","VehicleVsPCB_in_HETs"
"Caln1",1.25727415429068,0.330299270211795,0.0025957784661429,0.0392205200616107,8.86187227731525,3.02211515342919,-2.11677604017789,"Vip","VehicleVsPCB_in_HETs"
"Wasf1",1.25401083837104,0.326549817355727,0.00261935797383865,0.0392205200616107,8.85373075537472,3.01934303625385,-2.12630028231555,"Vip","VehicleVsPCB_in_HETs"
"Vdac1",1.26770266849821,0.342216410316473,0.00271504500501018,0.0401183623766636,8.97166112654707,3.00832323053243,-2.11936083701866,"Vip","VehicleVsPCB_in_HETs"
"Map1b",1.33682245361463,0.418807870593149,0.00291882418160879,0.0421603841398148,9.46799170702709,2.98599301314074,-2.0515441151407,"Vip","VehicleVsPCB_in_HETs"
"Ubb",1.38620860401807,0.471144378208761,0.00292832587970218,0.0421603841398148,9.73570315351421,2.9849869951176,-2.00797087659476,"Vip","VehicleVsPCB_in_HETs"
"Cx3cl1",1.26994666200426,0.344767904810131,0.00301181817042277,0.0428135671567692,8.98836345928287,2.97627314783474,-2.20461674303724,"Vip","VehicleVsPCB_in_HETs"
"Actg1",1.28890273861255,0.366143401158472,0.00325565204472035,0.0457012155777619,9.09826204235709,2.95203290040568,-2.24488912582254,"Vip","VehicleVsPCB_in_HETs"
"Cacnb2",1.32173262671269,0.40243036358651,0.00355910590991942,0.0483159196857572,9.29830414957131,2.9240813508295,-2.26692382315421,"Vip","VehicleVsPCB_in_HETs"
"Xist",1.28790133647986,0.365022075732555,0.00356624183464947,0.0483159196857572,12.2121925849059,2.92345059557203,-1.98090748184601,"Vip","VehicleVsPCB_in_HETs"
"Pcsk1n",1.36284313498945,0.446619515630651,0.00357098961168107,0.0483159196857572,9.87653583535067,2.92303156937389,-2.16398479028831,"Vip","VehicleVsPCB_in_HETs"
"Ube2b",1.28037852643612,0.356570386382332,0.00365074542899332,0.0488069894852322,9.19257342534648,2.91606739392078,-2.31541302592431,"Vip","VehicleVsPCB_in_HETs"
"Nrgn",-1.61074606816853,-0.687729073144765,1.22290969949282e-06,0.00201867673609366,9.92794213093975,-4.85819492544568,4.9174612120774,"L2_3_IT","VehicleVsPCB_in_WTs"
"Calm1",-1.52627921060015,-0.610018906406587,2.04009776260098e-06,0.00201867673609366,10.3778612661811,-4.75533602515361,4.42253297781238,"L2_3_IT","VehicleVsPCB_in_WTs"
"Camk2n1",-1.48792199181485,-0.573298891384134,2.63054590342139e-05,0.0173528344762365,9.95852218688825,-4.20745179269319,2.24198329749546,"L2_3_IT","VehicleVsPCB_in_WTs"
"Lamp5",-1.37281782181162,-0.457140187023783,4.38442566199106e-05,0.0216919459627008,8.60443462248368,-4.09005675765255,1.84639517772966,"L2_3_IT","VehicleVsPCB_in_WTs"
"Ptn",-1.3977579117094,-0.48311451105669,9.05064671476435e-05,0.0299821609478916,8.87721233847689,-3.91811050527328,1.20418897259705,"L2_3_IT","VehicleVsPCB_in_WTs"
"Enpp2",-1.43455295090825,-0.520601220531023,9.09009427424708e-05,0.0299821609478916,8.98386302908733,-3.91705837999201,1.19983710091129,"L2_3_IT","VehicleVsPCB_in_WTs"
"Osbpl1a",-1.38968902387296,-0.474762081574716,0.000120806812155946,0.0334479367694683,9.00209183842921,-3.84769465481156,0.949460535735609,"L2_3_IT","VehicleVsPCB_in_WTs"
"Syt1",-1.34362622965189,-0.426131864587511,0.000135211467486481,0.0334479367694683,11.0037940912041,-3.81991298063598,0.788733449008591,"L2_3_IT","VehicleVsPCB_in_WTs"
"Mef2c",-1.57495679506374,-0.655312252484157,2.17725771870112e-09,3.06775612564987e-06,11.9208602924364,-6.00755639456477,10.8276651057367,"L4","VehicleVsPCB_in_WTs"
"Nrgn",-1.59327639087389,-0.671996557607148,5.59306623103339e-08,3.94031515976303e-05,10.2146055154301,-5.44905342606222,7.94710218703723,"L4","VehicleVsPCB_in_WTs"
"Calm1",-1.52316569429332,-0.60707289082897,1.2902650951326e-06,0.000605994506347276,10.4380958756505,-4.8538874954382,5.04903942722102,"L4","VehicleVsPCB_in_WTs"
"Rtn1",-1.46866306225237,-0.554503453638787,1.77935476054997e-06,0.000626777714403727,10.5269861884805,-4.78914964553018,4.75367905041194,"L4","VehicleVsPCB_in_WTs"
"Syt1",-1.39810713820939,-0.483474919970062,5.23938723659934e-06,0.00147645932327369,11.5186356056073,-4.56554761499767,3.75945584405488,"L4","VehicleVsPCB_in_WTs"
"Rorb",-1.49243926067706,-0.577672217853153,1.30238629404044e-05,0.00305843714717164,10.2485144179304,-4.36901903388735,2.93450211845044,"L4","VehicleVsPCB_in_WTs"
"Atp6v0c",-1.3947518317383,-0.480008446089717,2.14063378449578e-05,0.00430879000336364,9.47129245768253,-4.25834296014763,2.45281723617456,"L4","VehicleVsPCB_in_WTs"
"Camk2n1",-1.43329597987078,-0.519336561169814,2.53750370756147e-05,0.00446917840494263,10.2810237780496,-4.21986379714148,2.32810509072744,"L4","VehicleVsPCB_in_WTs"
"Calm2",-1.42428769472614,-0.510240588602696,3.13876947279863e-05,0.00449654299790917,10.1262780996336,-4.17130662912236,2.13106377520194,"L4","VehicleVsPCB_in_WTs"
"Gabra1",-1.39195592254228,-0.477113527755262,3.19130092115626e-05,0.00449654299790917,9.81626985408843,-4.16749535152846,2.1073253724478,"L4","VehicleVsPCB_in_WTs"
"Osbpl1a",-1.37929939110593,-0.463935642626364,4.58814872525479e-05,0.00543339246460595,9.52714133419188,-4.08333672980799,1.76198954368396,"L4","VehicleVsPCB_in_WTs"
"Ppp3ca",-1.40437702751769,-0.489930302244596,4.62744567603062e-05,0.00543339246460595,9.91187467100949,-4.08134114620391,1.77241871826062,"L4","VehicleVsPCB_in_WTs"
"Elmod1",-1.36086127679328,-0.444520009176423,5.3896321065141e-05,0.00584153202929105,9.34955355292722,-4.04551589748539,1.60274643839243,"L4","VehicleVsPCB_in_WTs"
"Kalrn",-1.37601064607851,-0.460491632093249,9.93026718285266e-05,0.0095121272800576,10.230435056383,-3.89900035814485,1.09232615643068,"L4","VehicleVsPCB_in_WTs"
"Itm2b",-1.3564499009921,-0.439835764225028,0.000101264662314311,0.0095121272800576,9.61412683099837,-3.89422891400523,1.04658537069514,"L4","VehicleVsPCB_in_WTs"
"Rgs4",-1.34023774555769,-0.422488943901923,0.000136684989773554,0.0120368219119336,9.132607120684,-3.82042156219173,0.726033571432908,"L4","VehicleVsPCB_in_WTs"
"Fth1",-1.34332843528614,-0.425812077683736,0.000157418901832545,0.0130472489812974,9.55571742762892,-3.78522888229476,0.643979977041258,"L4","VehicleVsPCB_in_WTs"
"Atp2b2",-1.33632802899393,-0.418274190232726,0.000243570076038697,0.0186976435520748,9.3908704537826,-3.67459098359862,0.234315126642717,"L4","VehicleVsPCB_in_WTs"
"Slc1a2",-1.35319576799298,-0.436370570343058,0.000253231325616949,0.0186976435520748,10.0767051622306,-3.66458916335839,0.244144821642916,"L4","VehicleVsPCB_in_WTs"
"Gapdh",-1.34468608747806,-0.427269419699201,0.000266700523655893,0.0186976435520748,9.60476636002167,-3.65122689222052,0.166933178700752,"L4","VehicleVsPCB_in_WTs"
"Ubb",-1.32402786991163,-0.404933490241895,0.000295280038919643,0.0186976435520748,9.48580595127149,-3.62485336760922,0.0664907392311402,"L4","VehicleVsPCB_in_WTs"
"Atp1a1",-1.34062447289885,-0.42290517537946,0.0002989303553199,0.0186976435520748,9.52273220502268,-3.62165886329162,0.0619336803116282,"L4","VehicleVsPCB_in_WTs"
"Gpm6a",-1.33719105061459,-0.419205604610909,0.000305213485945863,0.0186976435520748,10.0191134564024,-3.6162449563917,0.0732885541112624,"L4","VehicleVsPCB_in_WTs"
"Ptn",-1.35035202797881,-0.433335557509041,0.000337887843938647,0.0198368321712314,9.4745357141932,-3.58967179658385,-0.054908289195045,"L4","VehicleVsPCB_in_WTs"
"2900055J20Rik",-1.33048227129851,-0.411949286549443,0.000358094962981168,0.0201822321136186,9.47692225167586,-3.57441798956039,-0.107788124608725,"L4","VehicleVsPCB_in_WTs"
"Plcb1",-1.29584920594205,-0.373897845925532,0.00037569818391764,0.0203599515823059,9.14277238187567,-3.56177262600295,-0.192802066908472,"L4","VehicleVsPCB_in_WTs"
"Chn1",-1.32953151240179,-0.410917972191452,0.000437604576615129,0.0228364758685451,9.73040165905988,-3.52131670560071,-0.266396803553866,"L4","VehicleVsPCB_in_WTs"
"Atp1b1",-1.32041920955418,-0.400996032257583,0.000515128235178623,0.0259219886916672,9.84721145836032,-3.47760462494508,-0.404712097087444,"L4","VehicleVsPCB_in_WTs"
"Hpca",-1.25845044636705,-0.331648409039187,0.000643056293888918,0.0312436661410167,8.93659941175813,-3.41737881585799,-0.724884148978302,"L4","VehicleVsPCB_in_WTs"
"Gabrg2",-1.30684342647619,-0.386086301517687,0.000842220273636072,0.0395562788517742,9.59775712609051,-3.34286044733148,-0.860597696351959,"L4","VehicleVsPCB_in_WTs"
"Brinp3",-1.3190049494407,-0.399449978175621,0.000948228572785383,0.0423943391547544,9.58195127463493,-3.30966040069696,-0.966731601026289,"L4","VehicleVsPCB_in_WTs"
"Gpm6b",-1.29518781953826,-0.373161323138552,0.000967451618569623,0.0423943391547544,9.57179247556544,-3.30401161576829,-0.989591261369864,"L4","VehicleVsPCB_in_WTs"
"Ndfip1",-1.29984048612907,-0.378334589414875,0.000992912130664937,0.0423943391547544,9.65785286553931,-3.29668793696817,-1.00410063561215,"L4","VehicleVsPCB_in_WTs"
"Gm29674",-1.19751408369051,-0.260042623269162,0.00120296717604568,0.0498523750308341,8.52946694038088,-3.24214469842268,-1.43454335940099,"L4","VehicleVsPCB_in_WTs"
"Syt1",-1.39040410415532,-0.475504245777455,8.82020383642814e-06,0.0174728237999641,11.0614441010225,-4.44918748563062,2.62496384045251,"L5","VehicleVsPCB_in_WTs"
"Meis2",1.73637020224114,0.796074569901198,3.32577522911549e-12,3.22267619701291e-09,9.3515540014694,7.05047049599848,17.2230105493886,"Lamp5","VehicleVsPCB_in_WTs"
"Erbb4",-1.93125926400356,-0.94954185345711,8.38354584636005e-12,4.06182796256144e-09,9.65656208017264,-6.91427039209672,16.3336554042774,"Lamp5","VehicleVsPCB_in_WTs"
"Npy",-2.91557723295182,-1.54378153991791,8.02753915956567e-10,2.59289514853971e-07,10.6727301101459,-6.20453719709839,11.972368484899,"Lamp5","VehicleVsPCB_in_WTs"
"Slc6a1",-1.78308372652695,-0.834374447780196,2.29738014772911e-09,5.56540340787377e-07,9.8253286725451,-6.03063087802938,10.9863464672227,"Lamp5","VehicleVsPCB_in_WTs"
"Gad2",-1.85888731288231,-0.894439315672445,4.68166537772671e-09,8.86272581150943e-07,10.2791428050132,-5.91033901732398,10.3106769431218,"Lamp5","VehicleVsPCB_in_WTs"
"2900055J20Rik",-1.82114057542517,-0.864842289498234,5.48775592043928e-09,8.86272581150943e-07,9.88168364555978,-5.88319880573933,10.1617506733312,"Lamp5","VehicleVsPCB_in_WTs"
"Syt1",-1.85042991806377,-0.887860497012647,1.36943178048806e-08,1.89568485041848e-06,11.4214348261902,-5.72477201385929,9.29116522735268,"Lamp5","VehicleVsPCB_in_WTs"
"Snhg11",-1.79492353967059,-0.843922389292054,2.76195992563759e-08,3.34542395992853e-06,13.0973450652139,-5.60055775974434,8.62306294111353,"Lamp5","VehicleVsPCB_in_WTs"
"Gabra1",-1.72117895699694,-0.783397107226808,5.03921985218927e-08,5.42556004085711e-06,9.752995603064,-5.4921200166713,8.06216798368621,"Lamp5","VehicleVsPCB_in_WTs"
"Tenm1",-1.62712336485326,-0.702323637067539,8.63426250878276e-08,8.3666003710105e-06,9.28036018914368,-5.39337961893879,7.50293386621382,"Lamp5","VehicleVsPCB_in_WTs"
"Scn1a",-1.59012194723404,-0.669137410744502,2.79687531924442e-07,2.46379289486168e-05,9.61993224016615,-5.17209649239431,6.43545668426464,"Lamp5","VehicleVsPCB_in_WTs"
"Dner",-1.55042503437481,-0.632663770935806,3.29318498657071e-07,2.65924687665585e-05,9.37799074372441,-5.14067693948946,6.24702665502112,"Lamp5","VehicleVsPCB_in_WTs"
"Rab3c",-1.65209007109581,-0.724292343888664,1.19850345559321e-06,8.06879047989997e-05,10.0910661434956,-4.88594810647598,5.09802624510923,"Lamp5","VehicleVsPCB_in_WTs"
"Stmn3",-1.58739104120242,-0.666657568444346,1.22752715506169e-06,8.06879047989997e-05,9.66669156340651,-4.88111920328315,5.04560179869819,"Lamp5","VehicleVsPCB_in_WTs"
"Gabrg3",-1.48671776090039,-0.572130791575282,1.24903877397832e-06,8.06879047989997e-05,9.2568777708235,-4.87761061051885,4.96324960829072,"Lamp5","VehicleVsPCB_in_WTs"
"Rgs7bp",-1.53583848285272,-0.619026502361288,1.55539906706695e-06,9.41988559992423e-05,9.43126360413254,-4.83311538822601,4.79367271560569,"Lamp5","VehicleVsPCB_in_WTs"
"Rtn1",-1.60868271311356,-0.68587980564098,3.11030959401925e-06,0.000176152252081438,10.2249520479225,-4.69010661537871,4.21393539798752,"Lamp5","VehicleVsPCB_in_WTs"
"Lamp5",-1.46358970576022,-0.549511173549333,3.30065781282991e-06,0.000176152252081438,9.29833585063379,-4.67766943834881,4.0596782779274,"Lamp5","VehicleVsPCB_in_WTs"
"Tcf4",-1.59879712608676,-0.676986884560949,3.45396572708703e-06,0.000176152252081438,10.8374677848076,-4.66814354534272,4.13416209511944,"Lamp5","VehicleVsPCB_in_WTs"
"Kit",-1.6677038222539,-0.737863094474322,4.28702805977195e-06,0.000203375210004809,9.87336131767678,-4.62257163540518,3.89655730823633,"Lamp5","VehicleVsPCB_in_WTs"
"Calm1",-1.58685008645522,-0.66616583973988,4.4075122911259e-06,0.000203375210004809,9.92451956266206,-4.6166971772823,3.87283700246359,"Lamp5","VehicleVsPCB_in_WTs"
"Scn2a",-1.48584654756364,-0.57128512765279,5.23764238396657e-06,0.000230694339548346,9.54900747173711,-4.57997424410175,3.67261784719268,"Lamp5","VehicleVsPCB_in_WTs"
"Egfr",-1.4082569459608,-0.493910587415198,5.58764593386303e-06,0.000235409952604925,9.12211165532417,-4.56614121066266,3.52185775826165,"Lamp5","VehicleVsPCB_in_WTs"
"Tspan7",-1.49339526313947,-0.57859606011415,6.31002174614853e-06,0.000254767128000747,9.48098482307184,-4.54004110841421,3.48494428035023,"Lamp5","VehicleVsPCB_in_WTs"
"Meg3",-1.56757552242049,-0.648534950648911,6.68774406845473e-06,0.000259216960093305,13.5630641474973,-4.52751380246047,3.54492135836744,"Lamp5","VehicleVsPCB_in_WTs"
"Kif5c",-1.38145684766433,-0.466190497631406,8.59855697981233e-06,0.000320461604363006,9.09687576970869,-4.47300575639755,3.10202831106507,"Lamp5","VehicleVsPCB_in_WTs"
"Ncald",-1.37954662441746,-0.464194216154158,1.34884275894922e-05,0.000484084679045109,9.08910724642024,-4.37386443511024,2.67492622641433,"Lamp5","VehicleVsPCB_in_WTs"
"Mir124a-1hg",-1.51366136844106,-0.598042486225728,1.77946711939299e-05,0.000615822728104216,10.0955578271179,-4.31186206221885,2.58654063318489,"Lamp5","VehicleVsPCB_in_WTs"
"Clstn3",-1.35557135298633,-0.438901054075842,2.26699799794449e-05,0.000757490020692485,9.0551386570756,-4.25702760245395,2.18064676089528,"Lamp5","VehicleVsPCB_in_WTs"
"A830018L16Rik",-1.46332116091011,-0.549246438241529,2.62546327927589e-05,0.000848024639206113,9.47241116994919,-4.22348037281921,2.15384541177876,"Lamp5","VehicleVsPCB_in_WTs"
"Rab6a",-1.40469684873336,-0.490258812283239,2.77703381782546e-05,0.000868047022410605,9.33115096439568,-4.2105925280262,2.07113421869303,"Lamp5","VehicleVsPCB_in_WTs"
"Phactr1",-1.41067164688987,-0.496382220018098,3.18955794225492e-05,0.000965838014389067,9.33091223112812,-4.17864120362967,1.93547923448261,"Lamp5","VehicleVsPCB_in_WTs"
"Id2",-1.40158169684104,-0.487055840119442,3.31107513686169e-05,0.000972252062914841,9.19233269925336,-4.16997859015923,1.86579779885637,"Lamp5","VehicleVsPCB_in_WTs"
"Nptn",-1.47578238371443,-0.56147999979775,3.84744030666401e-05,0.00109652048739924,9.89120940903371,-4.13503581423698,1.85640203276318,"Lamp5","VehicleVsPCB_in_WTs"
"Kcnip4",-1.42993073760409,-0.515945268028066,4.43254248487695e-05,0.0012163134685935,9.20932092558522,-4.10184956543263,1.59787459479635,"Lamp5","VehicleVsPCB_in_WTs"
"Uba52",-1.38171130721647,-0.466456212574861,4.51881164802539e-05,0.0012163134685935,9.36874297382429,-4.09731273215615,1.62532626485386,"Lamp5","VehicleVsPCB_in_WTs"
"Selenow",-1.4719495976638,-0.557728271635804,4.65917511246217e-05,0.00122020018485834,9.77241480668412,-4.09010403737429,1.67037367004315,"Lamp5","VehicleVsPCB_in_WTs"
"Pcsk1n",-1.51071369677077,-0.59523027374828,5.27774432699582e-05,0.00134582480338393,10.0821263538211,-4.06061112124795,1.58259885291589,"Lamp5","VehicleVsPCB_in_WTs"
"Chl1",-1.40368736244938,-0.489221645849479,7.85901704723968e-05,0.00195266346635263,9.30968083822422,-3.9651335340199,1.09577939165585,"Lamp5","VehicleVsPCB_in_WTs"
"Grik2",-1.45369726972236,-0.539726861456181,8.44454478914643e-05,0.00204569097517072,9.52066390042472,-3.94768816443393,1.07718410218024,"Lamp5","VehicleVsPCB_in_WTs"
"Kif21a",-1.38740928964753,-0.472393449550171,9.43197044675941e-05,0.0022291656982707,9.37453442214301,-3.92070961553479,0.943906713182348,"Lamp5","VehicleVsPCB_in_WTs"
"Ubb",-1.44059205210687,-0.52666184992855,0.000103222425783391,0.00238148882343108,9.68739858122171,-3.89858504216014,0.920476368356714,"Lamp5","VehicleVsPCB_in_WTs"
"Sgcz",-1.34715499034662,-0.429915842590226,0.000121916937621474,0.00274738401291183,9.15758500808249,-3.85746590028965,0.637120241526498,"Lamp5","VehicleVsPCB_in_WTs"
"Ppia",-1.45147626990369,-0.537520985624847,0.000175782529604536,0.00387121070879081,9.94596286520744,-3.76571115434809,0.465061060765258,"Lamp5","VehicleVsPCB_in_WTs"
"Grin2a",-1.43171347732461,-0.517742801119907,0.000180232638045658,0.00388100947258316,9.6023131000673,-3.75937129875099,0.398306498586325,"Lamp5","VehicleVsPCB_in_WTs"
"Atp2a2",-1.38068045855326,-0.465379464271608,0.000191102927665974,0.00402562471539846,9.50061382484545,-3.74448406779608,0.32052714051912,"Lamp5","VehicleVsPCB_in_WTs"
"Resp18",-1.41842859710791,-0.504293527989022,0.000246359490386886,0.00507919885499771,9.47525556959339,-3.67932010746735,0.0849496647049621,"Lamp5","VehicleVsPCB_in_WTs"
"Mdh1",-1.35401718275475,-0.437246047123967,0.000251726849906883,0.0050817357824952,9.3167534068255,-3.67374442438561,0.0192917418677396,"Lamp5","VehicleVsPCB_in_WTs"
"Hbb-bs",1.28474529387826,0.361482367448819,0.000260224138287892,0.00514606510206056,9.01067552921953,3.66514163024411,-0.176014079734214,"Lamp5","VehicleVsPCB_in_WTs"
"Eif1b",-1.29938584000716,-0.377829888684869,0.000305930180847544,0.00592892690482539,9.09493751023259,-3.6229593304146,-0.240578096097969,"Lamp5","VehicleVsPCB_in_WTs"
"Gad1",-1.4371599646659,-0.523220651486346,0.000335171595997218,0.00636298145647049,10.1593083058904,-3.59897509416317,-0.102433470397131,"Lamp5","VehicleVsPCB_in_WTs"
"Atp1b1",-1.42266803784728,-0.508599065924679,0.000341460305197591,0.00636298145647049,10.4495445112294,-3.59407425283896,-0.0979895193649547,"Lamp5","VehicleVsPCB_in_WTs"
"Ptms",-1.2971263424492,-0.37531900753698,0.000349427936499105,0.00638859755599307,9.11728003982569,-3.58798505160094,-0.355755657605647,"Lamp5","VehicleVsPCB_in_WTs"
"Rtn3",-1.39810431572362,-0.483472007467715,0.000363207191527331,0.00651755127018489,9.7693800725083,-3.57775492788147,-0.224101298504473,"Lamp5","VehicleVsPCB_in_WTs"
"Crispld1",-1.31559829137574,-0.39571903959688,0.000391710912002892,0.00668697353185277,9.10331257976092,-3.55769840145997,-0.449604126975288,"Lamp5","VehicleVsPCB_in_WTs"
"Rims1",-1.27332379594163,-0.348599331571878,0.00039274649007598,0.00668697353185277,9.00708151867941,-3.55699573859876,-0.487813253366871,"Lamp5","VehicleVsPCB_in_WTs"
"Slc2a13",-1.3135241924206,-0.393442772198842,0.000393351384226633,0.00668697353185277,9.18576706127469,-3.55658610613543,-0.43284908969051,"Lamp5","VehicleVsPCB_in_WTs"
"Elmod1",-1.37223502487495,-0.45652759534706,0.000403037914593988,0.00673351274554439,9.51559119870813,-3.55010548272321,-0.360054975453813,"Lamp5","VehicleVsPCB_in_WTs"
"Stmn2",-1.26177650486619,-0.335456392194012,0.000425901760311646,0.00696728834269735,9.00081938305398,-3.53536870162063,-0.574119194967628,"Lamp5","VehicleVsPCB_in_WTs"
"Dlx6os1",-1.45535627195731,-0.541372368850505,0.000431411042891477,0.00696728834269735,10.2802312394501,-3.53192849855598,-0.321576536469101,"Lamp5","VehicleVsPCB_in_WTs"
"Syt11",-1.34022833320111,-0.422478811962358,0.000467770437192833,0.00743064842032549,9.34928848831638,-3.51020369665073,-0.543786124981462,"Lamp5","VehicleVsPCB_in_WTs"
"Mef2c",-1.42273289651755,-0.508664836116035,0.000482661015069618,0.00754352457423322,10.4864598361373,-3.5017592242593,-0.40755180647289,"Lamp5","VehicleVsPCB_in_WTs"
"Ndfip1",-1.36647487932207,-0.450458938228775,0.000495724716263695,0.00761224418259054,9.6263406375137,-3.49454883171941,-0.537796257475847,"Lamp5","VehicleVsPCB_in_WTs"
"Gm42418",-1.66676861862626,-0.737053842819003,0.000508770167085136,0.00761224418259054,12.3895069907417,-3.48752345615221,-0.406087308353072,"Lamp5","VehicleVsPCB_in_WTs"
"Aplp2",-1.36746826110382,-0.451507348498994,0.000510625254766135,0.00761224418259054,9.59127162235509,-3.48653812448614,-0.564707702003879,"Lamp5","VehicleVsPCB_in_WTs"
"Krit1",-1.34352486282149,-0.426023019629734,0.00053592000805654,0.00786828011828466,9.51053569673948,-3.47342613298714,-0.622403443690431,"Lamp5","VehicleVsPCB_in_WTs"
"Il1rap",-1.297573636287,-0.375816412719311,0.000544498253164733,0.00787490757188995,9.10510727424493,-3.46911036548754,-0.76354201136287,"Lamp5","VehicleVsPCB_in_WTs"
"Gabrb2",-1.34158668506727,-0.423940275676542,0.00061248925889764,0.00872797193929138,9.41395857380238,-3.4369872081034,-0.768386053093422,"Lamp5","VehicleVsPCB_in_WTs"
"Thy1",-1.27877126674006,-0.354758233061745,0.000637701045759608,0.00895554077305885,9.09563537015122,-3.42591570128935,-0.914250069043296,"Lamp5","VehicleVsPCB_in_WTs"
"Frmpd4",-1.30003526363272,-0.378550757083005,0.00064836033483682,0.00897515949224112,9.15151471786096,-3.42135699748015,-0.911975925978886,"Lamp5","VehicleVsPCB_in_WTs"
"Kcnn2",-1.28445220937297,-0.361153212867562,0.000704480244027586,0.00950750454487087,9.0794524102412,-3.39844977308639,-1.01209287424384,"Lamp5","VehicleVsPCB_in_WTs"
"Olfm1",-1.31356663297772,-0.393489385571106,0.000709430699843165,0.00950750454487087,9.29760484047255,-3.39651144158682,-0.933113332724248,"Lamp5","VehicleVsPCB_in_WTs"
"Ptchd4",-1.27410386033572,-0.349482885666394,0.000716251632379333,0.00950750454487087,9.02013321001756,-3.39386124999241,-1.03332432433681,"Lamp5","VehicleVsPCB_in_WTs"
"Hcn1",-1.3104828705753,-0.390098496209196,0.000760780863145548,0.00991582075875392,9.20855230182553,-3.37711578159866,-1.02874987588747,"Lamp5","VehicleVsPCB_in_WTs"
"Snrpn",-1.29091030529461,-0.368388763153156,0.000767478386900458,0.00991582075875392,9.19564528484165,-3.37467640363248,-1.04324409491608,"Lamp5","VehicleVsPCB_in_WTs"
"Robo2",-1.31360028119977,-0.393526341063212,0.000799989781306875,0.0101998697116627,9.24350758530605,-3.36310928132738,-1.07302639516599,"Lamp5","VehicleVsPCB_in_WTs"
"Elavl2",-1.30045039581079,-0.379011370382309,0.00082712741784511,0.0103022498085046,9.23755002723803,-3.3537839064129,-1.09930015044435,"Lamp5","VehicleVsPCB_in_WTs"
"Atp6v0c",-1.38753226582689,-0.472521320440911,0.000829283266319254,0.0103022498085046,9.92297586474097,-3.35305532824177,-0.95488499591443,"Lamp5","VehicleVsPCB_in_WTs"
"Gabbr2",-1.24788405802136,-0.319483898392532,0.000964091876346598,0.0118253801035425,8.98964324793656,-3.31066458606984,-1.32455209594131,"Lamp5","VehicleVsPCB_in_WTs"
"Calm2",-1.35752764821322,-0.440981581111704,0.00098258294160763,0.0119015358802224,9.67460093735381,-3.3052851532068,-1.14510882532359,"Lamp5","VehicleVsPCB_in_WTs"
"Fgf13",-1.25052427711476,-0.322533065622117,0.00103706789338497,0.0124064047986424,8.9920514848267,-3.28996320504357,-1.38491167718661,"Lamp5","VehicleVsPCB_in_WTs"
"Rps8",-1.32437394425585,-0.405310532532357,0.00124586604164224,0.0147223631153876,9.59123378809148,-3.23742700377883,-1.37085508468743,"Lamp5","VehicleVsPCB_in_WTs"
"Gapdh",-1.35525587081347,-0.438565256527163,0.00126104864662247,0.0147223631153876,9.74098814567596,-3.23393249837649,-1.35815048197166,"Lamp5","VehicleVsPCB_in_WTs"
"Ptprd",-1.32483526049638,-0.405812975795825,0.00132343819748366,0.0152668049209722,9.35929984544858,-3.21996927082477,-1.48036279463076,"Lamp5","VehicleVsPCB_in_WTs"
"Cntnap2",-1.30269741913613,-0.381502024347305,0.00138129267831937,0.0156997212876563,9.25787728963246,-3.20755436432437,-1.55715750498334,"Lamp5","VehicleVsPCB_in_WTs"
"Pam",-1.28468305261799,-0.361412472401798,0.00139337051675794,0.0156997212876563,9.21432662722348,-3.20502332855478,-1.57883257928786,"Lamp5","VehicleVsPCB_in_WTs"
"Snap25",-1.359381543139,-0.442950440019,0.00150003902563067,0.0167073312165071,10.7633266301206,-3.18350966644195,-1.40791913427155,"Lamp5","VehicleVsPCB_in_WTs"
"App",-1.34675283056322,-0.429485097391774,0.00163338909751089,0.0179858413123642,9.77002483720348,-3.15851786305874,-1.58293355842772,"Lamp5","VehicleVsPCB_in_WTs"
"5330434G04Rik",-1.35935781718463,-0.44292525973346,0.00168503482137652,0.0183460532799309,10.7741353093332,-3.14934148196383,-1.51177652710896,"Lamp5","VehicleVsPCB_in_WTs"
"Zmat4",-1.29108641985428,-0.36858557177014,0.00175206099956008,0.0188638567619302,9.29048276439311,-3.13781116890487,-1.7659074047264,"Lamp5","VehicleVsPCB_in_WTs"
"Rpl19",-1.27175017654603,-0.346815294477377,0.00190837600384857,0.0203210587662556,9.24462885934645,-3.11242417359993,-1.85271951665761,"Lamp5","VehicleVsPCB_in_WTs"
"Sncb",-1.23396665338239,-0.303303407737014,0.0019552415554356,0.0205937942088814,9.02211101324832,-3.10518539225625,-1.96357124964394,"Lamp5","VehicleVsPCB_in_WTs"
"Ly6h",-1.32284830563929,-0.403647633612495,0.00208148489869786,0.02151183517932,9.6249347111262,-3.08645151306919,-1.82881073356361,"Lamp5","VehicleVsPCB_in_WTs"
"Lrp1b",-1.35267646099246,-0.43581681053465,0.00208680341264818,0.02151183517932,9.77320417627413,-3.0856854120568,-1.80057869967579,"Lamp5","VehicleVsPCB_in_WTs"
"Zcchc18",-1.28174265234748,-0.358106627438948,0.00212425947867085,0.0216674466824426,9.28864857564878,-3.08034032258299,-1.9328775172829,"Lamp5","VehicleVsPCB_in_WTs"
"Serpini1",-1.31112966154558,-0.390810365055417,0.00216732607403641,0.021876447559805,9.27837035189387,-3.07430053635099,-1.95690985106663,"Lamp5","VehicleVsPCB_in_WTs"
"Rimbp2",-1.264459649469,-0.338520999484512,0.00222663109127112,0.0222433559530074,9.14972643014029,-3.06616130414319,-2.02608719636175,"Lamp5","VehicleVsPCB_in_WTs"
"Fth1",-1.26961337821446,-0.344389235382436,0.00234569153786765,0.0230827850429844,9.28338722382386,-3.05040462404764,-2.02279921375287,"Lamp5","VehicleVsPCB_in_WTs"
"Ddx24",-1.27129737858834,-0.346301541304593,0.00235830311584671,0.0230827850429844,9.19735513806462,-3.04877880868216,-2.06299064639078,"Lamp5","VehicleVsPCB_in_WTs"
"Adarb2",-1.42428219667193,-0.510235019481449,0.00238762419809486,0.0231360784795392,10.1708266303672,-3.04502949738208,-1.86944917686552,"Lamp5","VehicleVsPCB_in_WTs"
"Cadps",-1.30453660981687,-0.383537431744574,0.00273150313067483,0.026206203303207,9.47088153049934,-3.00395007113867,-2.10584427594094,"Lamp5","VehicleVsPCB_in_WTs"
"Lgi1",-1.26223532168601,-0.335980900638038,0.00287259028852388,0.0272896077409769,9.21411191132449,-2.98845368825109,-2.23338343807035,"Lamp5","VehicleVsPCB_in_WTs"
"Rpl13",-1.29852466647446,-0.376873419378192,0.00300710779567024,0.028290169456354,9.53652923786469,-2.97431382916085,-2.17408737898557,"Lamp5","VehicleVsPCB_in_WTs"
"Sept7",-1.27411996451265,-0.349501120654998,0.00306961802721999,0.0286005756574632,9.32130889729236,-2.96793876116257,-2.25383215236495,"Lamp5","VehicleVsPCB_in_WTs"
"Sv2a",-1.28331938798527,-0.35988026794835,0.00336659797370063,0.0310427552260635,9.39932161681142,-2.93918275616013,-2.31411610013251,"Lamp5","VehicleVsPCB_in_WTs"
"Eif4a2",-1.24895517621678,-0.320721700956946,0.00339580191327423,0.0310427552260635,9.20685162460923,-2.93648136446187,-2.38464154295934,"Lamp5","VehicleVsPCB_in_WTs"
"Tspyl4",-1.24164246954245,-0.312249809891556,0.00352522770294011,0.0317176807104011,9.11590293634353,-2.92475864537041,-2.45963769976049,"Lamp5","VehicleVsPCB_in_WTs"
"Igsf11",-1.26426457184746,-0.338298406988755,0.00355734464481411,0.0317176807104011,9.22487567662555,-2.92191046281531,-2.42189892287773,"Lamp5","VehicleVsPCB_in_WTs"
"Hapln1",-1.25863028500182,-0.331854562384818,0.0035678299251122,0.0317176807104011,9.11947324736144,-2.9209856830557,-2.46433300861044,"Lamp5","VehicleVsPCB_in_WTs"
"Atp11b",-1.26608332316738,-0.340372354185422,0.00373677267379374,0.0327342850569034,9.21894285670452,-2.90641677785472,-2.46363394641325,"Lamp5","VehicleVsPCB_in_WTs"
"Ttc3",-1.30899512109348,-0.388459720058279,0.00374974782385581,0.0327342850569034,10.8404812953956,-2.90532280944586,-2.21566922007162,"Lamp5","VehicleVsPCB_in_WTs"
"Akap8l",-1.22800635856043,-0.296318030935977,0.00446052064724364,0.038591468814099,9.09872525929687,-2.85009959534319,-2.67942299692389,"Lamp5","VehicleVsPCB_in_WTs"
"Pafah1b1",-1.29409689752309,-0.371945645415641,0.00455753645336752,0.0390818833921516,9.58664609304802,-2.84319266655074,-2.53341172390289,"Lamp5","VehicleVsPCB_in_WTs"
"Dab1",-1.23056476563182,-0.299320590016284,0.00475493485015049,0.0404169462262791,9.09295751571341,-2.82954139903526,-2.74521730488124,"Lamp5","VehicleVsPCB_in_WTs"
"Eef1a1",-1.25193847124108,-0.324163660180558,0.00489403400921115,0.0412375561297879,9.3456627340082,-2.82022712850762,-2.6621701723439,"Lamp5","VehicleVsPCB_in_WTs"
"Nyap2",-1.28134042713328,-0.357653822509405,0.00513125141863479,0.0428636433160096,9.42065479354917,-2.80488224633167,-2.67751199171579,"Lamp5","VehicleVsPCB_in_WTs"
"Maf",-1.2334865617321,-0.302741998225744,0.00600623878090708,0.0497439775957176,9.13264972415159,-2.75333636346589,-2.92292300125659,"Lamp5","VehicleVsPCB_in_WTs"
"Tcf25",-1.23555544884953,-0.3051597569113,0.00607314244324322,0.0498718222669718,9.24857484957752,-2.7496801527692,-2.88727452252853,"Lamp5","VehicleVsPCB_in_WTs"
"Hspa8",-1.30733154781806,-0.386625064419469,0.00613171326741422,0.0499296651775158,9.83151503961145,-2.74650903060186,-2.75103196272709,"Lamp5","VehicleVsPCB_in_WTs"
"Ptpro",1.63761097038147,0.711592672142946,3.45281958364467e-13,3.52532879490121e-10,9.18140190412105,7.36224077041208,19.4056458910168,"Non-neuronal","VehicleVsPCB_in_WTs"
"Gad1",1.67297400920437,0.742415032296031,1.14136072914952e-12,5.82664652230829e-10,9.25167665002399,7.19340820030726,18.2527721446396,"Non-neuronal","VehicleVsPCB_in_WTs"
"Ptprd",-2.03670898993732,-1.02623985916161,3.39704146740905e-12,1.15612644607488e-09,9.92786243203207,-7.03630023746033,17.1741786836477,"Non-neuronal","VehicleVsPCB_in_WTs"
"Slc1a2",-1.90476650336282,-0.929614155153234,1.0545784237288e-11,2.69181142656777e-09,9.62402274948654,-6.86978485732012,16.1129488332521,"Non-neuronal","VehicleVsPCB_in_WTs"
"Dlx6os1",1.65278455612437,0.724898678612031,1.02977093429058e-10,2.10279224782136e-08,9.21920154483051,6.52352271640066,13.9124612561725,"Non-neuronal","VehicleVsPCB_in_WTs"
"Auts2",1.63815951792792,0.71207584813783,6.02563221193513e-10,1.02536174806429e-07,9.36192140879911,6.24344251292508,12.2227923267003,"Non-neuronal","VehicleVsPCB_in_WTs"
"Meis2",1.72402036778127,0.785776818698159,4.08447614360649e-09,5.89936100446624e-07,9.95768613587394,5.92686810558045,10.4282823524287,"Non-neuronal","VehicleVsPCB_in_WTs"
"Pbx3",1.49606708217028,0.58117486569655,4.87562465158722e-09,5.89936100446624e-07,8.95937141159204,5.89681727969927,10.1752804042351,"Non-neuronal","VehicleVsPCB_in_WTs"
"Nrxn3",1.61190219034892,0.688764204300298,5.20022027817788e-09,5.89936100446624e-07,9.49381554512017,5.88584405831756,10.1671824196457,"Non-neuronal","VehicleVsPCB_in_WTs"
"Synpr",1.50240140569647,0.587270317938179,6.3194551610073e-09,6.45216371938845e-07,8.96502584731047,5.85254503092166,9.92819220795083,"Non-neuronal","VehicleVsPCB_in_WTs"
"Chn1",-1.58321005298255,-0.662852678274986,8.74430578713092e-08,8.11630564423697e-06,9.30609820121584,-5.38597577320729,7.49906514106206,"Non-neuronal","VehicleVsPCB_in_WTs"
"Pcbp3",1.38118067547537,0.465902054254065,5.29755934880201e-07,4.50734007927237e-05,8.92962138709054,5.04407566566948,5.67776539222078,"Non-neuronal","VehicleVsPCB_in_WTs"
"Tmsb10",-1.59962895215645,-0.677737298260264,9.96308372125849e-07,7.21976601308824e-05,9.54255164135514,-4.91920846903179,5.23104029686926,"Non-neuronal","VehicleVsPCB_in_WTs"
"Sec62",-1.65588499018336,-0.727602473649962,1.03778140396397e-06,7.21976601308824e-05,9.95039409761134,-4.91104911949829,5.22452913176123,"Non-neuronal","VehicleVsPCB_in_WTs"
"Fth1",-1.52978761103141,-0.613331369400788,1.06069040348995e-06,7.21976601308824e-05,9.37656005365788,-4.90667578663873,5.14943838762901,"Non-neuronal","VehicleVsPCB_in_WTs"
"Gabra2",1.34910204133633,0.431999472794967,4.28021481307295e-06,0.000258456337853901,8.89977115692386,4.61966937978662,3.68140222533139,"Non-neuronal","VehicleVsPCB_in_WTs"
"Sept7",-1.51386631710451,-0.598237812876089,4.30338662440383e-06,0.000258456337853901,9.44876031444798,-4.61852796795601,3.84100540194401,"Non-neuronal","VehicleVsPCB_in_WTs"
"Chgb",-1.60070256320848,-0.678705256355406,5.11320923296523e-06,0.000290032590380972,9.66190822605389,-4.58194357803672,3.70665582578901,"Non-neuronal","VehicleVsPCB_in_WTs"
"Dgkb",1.39802821940402,0.4833934820176,9.26099368100991e-06,0.000497656555174269,9.04160990953671,4.45388306268023,2.99138009279804,"Non-neuronal","VehicleVsPCB_in_WTs"
"Stard5",-1.41904943428074,-0.504924848277547,1.45135951397682e-05,0.000740919031885168,9.11018749849612,-4.35481665573644,2.62778285628255,"Non-neuronal","VehicleVsPCB_in_WTs"
"Apc",1.48308739819897,0.568603618178892,1.57534714512682e-05,0.000765918778654513,9.57990146340842,4.3365256603902,2.60256575028623,"Non-neuronal","VehicleVsPCB_in_WTs"
"Slc24a2",-1.40823399336555,-0.49388707333611,2.62496569049637e-05,0.00121822271363491,9.15187507149748,-4.22102876334118,2.08489243222737,"Non-neuronal","VehicleVsPCB_in_WTs"
"Fut9",-1.49435206405519,-0.579520082015773,3.08471627865937e-05,0.00136934579152662,9.6621145130814,-4.18393886975235,2.03705483121645,"Non-neuronal","VehicleVsPCB_in_WTs"
"Osbpl1a",-1.34805963861808,-0.430884323252183,3.74000752744148e-05,0.0015910615356324,8.9506065705034,-4.13928857442398,1.7031913173541,"Non-neuronal","VehicleVsPCB_in_WTs"
"Scai",-1.38075415829288,-0.465456472250173,4.3083556669571e-05,0.00175939682741732,9.07188948971699,-4.10622549356251,1.60037275623618,"Non-neuronal","VehicleVsPCB_in_WTs"
"Tenm1",-1.36412491116225,-0.447975756138723,4.48034451643981e-05,0.00175939682741732,8.95043438068203,-4.09703577781809,1.52144636481304,"Non-neuronal","VehicleVsPCB_in_WTs"
"Nrip3",1.31135034035976,0.391053167464868,7.17377614944947e-05,0.00271275016614367,8.93975251121052,3.98507142789571,1.03667219120684,"Non-neuronal","VehicleVsPCB_in_WTs"
"Mgat4c",-1.48307993871567,-0.568596361838745,8.30272045409299e-05,0.00302752770843891,9.4432954891992,-3.94974523942935,1.08472586912309,"Non-neuronal","VehicleVsPCB_in_WTs"
"Stmn1",-1.36957818266864,-0.453731624954458,0.000102195839572979,0.00359799835186248,9.16218485446904,-3.89905628082413,0.82258969726221,"Non-neuronal","VehicleVsPCB_in_WTs"
"Vsnl1",-1.28390871820517,-0.360542635112825,0.000118646016012175,0.00403791941161435,8.84697827265685,-3.86227732980014,0.577953525013951,"Non-neuronal","VehicleVsPCB_in_WTs"
"Olfm3",-1.33988744401546,-0.422111813533055,0.000130499641031401,0.0042980688223568,9.0082810363265,-3.8386514900067,0.548770353936372,"Non-neuronal","VehicleVsPCB_in_WTs"
"Efr3a",-1.3808051505611,-0.465509751057006,0.000160509537230891,0.00505455458801616,9.25646521666669,-3.78685675672118,0.432246178072439,"Non-neuronal","VehicleVsPCB_in_WTs"
"Chl1",-1.31218193654371,-0.391967766260817,0.000163369541042638,0.00505455458801616,8.97079912436604,-3.78240869374104,0.332231757143232,"Non-neuronal","VehicleVsPCB_in_WTs"
"Gm45159",1.30737210321831,0.386669818305675,0.000227149969978413,0.00674882956549753,8.99382209659177,3.69854926173616,-0.0210717385552099,"Non-neuronal","VehicleVsPCB_in_WTs"
"Sncb",-1.30479941811117,-0.38382804377777,0.000231350670707555,0.00674882956549753,8.96463213770819,-3.69383864894687,-0.00786325174676872,"Non-neuronal","VehicleVsPCB_in_WTs"
"Mdh1",-1.39558081330853,-0.480865668355075,0.000239341844257793,0.00678800063853353,9.47497456099156,-3.68509518602213,0.105839016733315,"Non-neuronal","VehicleVsPCB_in_WTs"
"Dlgap1",1.4171533620182,0.502995892801294,0.000270769471473409,0.00747177379390138,9.82816177801442,3.65317669935119,0.0166804796813507,"Non-neuronal","VehicleVsPCB_in_WTs"
"Hbb-bs",1.27317139034064,0.348426643395435,0.000393227656022719,0.0105654062315578,8.86766190276474,3.55514459488925,-0.571686176674484,"Non-neuronal","VehicleVsPCB_in_WTs"
"Tshz2",-1.3318677061125,-0.413450787203369,0.000448376747710009,0.0115395366685445,9.16938369176447,-3.52010382515565,-0.539198162730307,"Non-neuronal","VehicleVsPCB_in_WTs"
"Nrn1",-1.28928259188785,-0.366568516012723,0.000452087626583525,0.0115395366685445,8.93514146243764,-3.51789325358832,-0.615611161165169,"Non-neuronal","VehicleVsPCB_in_WTs"
"Gabrb1",-1.33967954654299,-0.421887947024627,0.000623584541924652,0.015528776031831,9.16552829681853,-3.4306851373319,-0.844125178517291,"Non-neuronal","VehicleVsPCB_in_WTs"
"Chchd2",-1.31406359777939,-0.394035100607424,0.000647273299814451,0.0157349056931084,9.18841328562892,-3.42045197571095,-0.875535879480513,"Non-neuronal","VehicleVsPCB_in_WTs"
"Pak1",-1.31434123857412,-0.394339886988624,0.000682355620005306,0.0162019787912888,9.14615585543436,-3.4059202175328,-0.931604627576986,"Non-neuronal","VehicleVsPCB_in_WTs"
"Tle4",-1.34179310613696,-0.424162236544793,0.000828252267585214,0.0189196391782114,9.33418379133009,-3.35211279504306,-1.05389097938535,"Non-neuronal","VehicleVsPCB_in_WTs"
"Edil3",-1.27853070663563,-0.354486810387111,0.000833872441742911,0.0189196391782114,8.9303515448648,-3.35022155513075,-1.21149351355382,"Non-neuronal","VehicleVsPCB_in_WTs"
"Gapdh",-1.39926919238757,-0.484673535886132,0.000970664499494513,0.0215445316083456,9.89050179921583,-3.30749885912781,-1.10979183019431,"Non-neuronal","VehicleVsPCB_in_WTs"
"Rtn3",-1.375210620035,-0.459652591153644,0.00099567404532261,0.0216033355798727,9.96023588442488,-3.30029804373913,-1.1162030805975,"Non-neuronal","VehicleVsPCB_in_WTs"
"Cacnb4",-1.28832059940111,-0.365491653709692,0.00103639115909926,0.0216033355798727,9.07136182944373,-3.28892577175811,-1.34436955897101,"Non-neuronal","VehicleVsPCB_in_WTs"
"Clstn1",-1.25976701492784,-0.333156942067726,0.00103679083586069,0.0216033355798727,8.93430342654482,-3.2888162085467,-1.39912307942502,"Non-neuronal","VehicleVsPCB_in_WTs"
"Ppm1e",1.29149838482604,0.369045839193492,0.00107575053855364,0.0219668259972654,9.25669110167557,3.27831961998002,-1.37502872884542,"Non-neuronal","VehicleVsPCB_in_WTs"
"Scg2",1.32542170311324,0.406451448125506,0.00112761980955774,0.022574506383499,9.20218194442572,3.26487842939614,-1.43720766593994,"Non-neuronal","VehicleVsPCB_in_WTs"
"Uchl1",-1.24279673515372,-0.313590356595137,0.00118951960829476,0.0227441296273456,8.89515433650738,-3.24956763734313,-1.52624772666737,"Non-neuronal","VehicleVsPCB_in_WTs"
"Metap1d",1.22965855760821,0.298257774402384,0.00120093199242428,0.0227441296273456,8.84291852390906,3.24682556677416,-1.617641637562,"Non-neuronal","VehicleVsPCB_in_WTs"
"Nap1l5",-1.30755798890392,-0.386874929989583,0.00120292164532484,0.0227441296273456,9.1698621369122,-3.2463499790528,-1.44512517340588,"Non-neuronal","VehicleVsPCB_in_WTs"
"Stmn2",-1.25691439602132,-0.329886396265172,0.00145697477216118,0.0268651030926601,8.92500681670301,-3.19089662735062,-1.70734960976354,"Non-neuronal","VehicleVsPCB_in_WTs"
"Stmn3",-1.36727041798911,-0.451298606593857,0.00147350222643385,0.0268651030926601,9.62066498220353,-3.18760674994098,-1.52004764775297,"Non-neuronal","VehicleVsPCB_in_WTs"
"Calm1",-1.38599367642757,-0.470920675218708,0.0015513042510879,0.0272125875954306,9.94377939371847,-3.17256314524307,-1.51647908494834,"Non-neuronal","VehicleVsPCB_in_WTs"
"Syt11",-1.33285016253349,-0.414514603442498,0.00155646011580664,0.0272125875954306,9.42088360368865,-3.17159097888661,-1.60502493966301,"Non-neuronal","VehicleVsPCB_in_WTs"
"Pbx1",1.35096125239072,0.433986296584089,0.00157251975331088,0.0272125875954306,9.89467633148824,3.16858176184072,-1.56782416757395,"Non-neuronal","VehicleVsPCB_in_WTs"
"Cd47",-1.3215408779822,-0.402221051199756,0.00173297291835432,0.029489422493996,9.41308617618414,-3.13997950685299,-1.7053093649042,"Non-neuronal","VehicleVsPCB_in_WTs"
"Rnf13",-1.24419002019071,-0.315206839368426,0.00186947732875096,0.0309291506797322,8.87033096438919,-3.11750574071851,-1.97125817043339,"Non-neuronal","VehicleVsPCB_in_WTs"
"Olfm1",-1.2798852211139,-0.356014436510772,0.00187816585910225,0.0309291506797322,9.21446488707431,-3.11612693577068,-1.82878472873296,"Non-neuronal","VehicleVsPCB_in_WTs"
"Fam171b",1.32646988820254,0.407591925748334,0.0020083564423832,0.0325481258360833,9.76350161954322,3.09613992649982,-1.81226709787989,"Non-neuronal","VehicleVsPCB_in_WTs"
"Ncald",-1.22704102975312,-0.295183490591443,0.00214316249110536,0.0333804111725007,8.86897347721058,-3.07666188480636,-2.08213621879664,"Non-neuronal","VehicleVsPCB_in_WTs"
"Ndrg3",-1.26213440199143,-0.335865548008335,0.00216319820805878,0.0333804111725007,9.03353778428542,-3.07386351893394,-2.02942058543475,"Non-neuronal","VehicleVsPCB_in_WTs"
"Ppp1cc",1.22797312419219,0.296278985774095,0.00217274327369884,0.0333804111725007,8.91306775873542,3.07253872846641,-2.12646620245934,"Non-neuronal","VehicleVsPCB_in_WTs"
"Rabac1",-1.2384284469554,-0.308510515976527,0.00219048731494373,0.0333804111725007,8.92412964314779,-3.07009010917087,-2.09713979471289,"Non-neuronal","VehicleVsPCB_in_WTs"
"Chchd10",-1.28969594461769,-0.367030979682073,0.00244127713324801,0.0366550581330326,9.2080855696197,-3.0372990504957,-2.07135250077468,"Non-neuronal","VehicleVsPCB_in_WTs"
"Ubb",-1.33759848488816,-0.419645118376546,0.00261467772636029,0.0377591810803403,9.77636485605581,-3.01638721153405,-2.01367007646255,"Non-neuronal","VehicleVsPCB_in_WTs"
"Ctsb",-1.25073877273581,-0.322780502027946,0.00261589964575425,0.0377591810803403,8.9873973922021,-3.01624441061283,-2.21932126179428,"Non-neuronal","VehicleVsPCB_in_WTs"
"Sipa1l1",1.24263239434812,0.313399569690147,0.00262576087826069,0.0377591810803403,9.07439423669872,3.01509419672907,-2.23971913094335,"Non-neuronal","VehicleVsPCB_in_WTs"
"Nrxn1",-1.35976043711572,-0.443352499542737,0.00282643643403772,0.0400804388771183,10.3562323119942,-2.99250692187578,-2.00026817091382,"Non-neuronal","VehicleVsPCB_in_WTs"
"Strbp",-1.31149167124789,-0.391208645660449,0.00356548030907916,0.0498678821310935,9.5436412895403,-2.92031649306137,-2.31648048695846,"Non-neuronal","VehicleVsPCB_in_WTs"
"Hbb-bs",1.38592376356984,0.470847900372168,1.30897016717894e-05,0.00674119636097152,9.25432504213062,4.39560776305213,2.47536409348944,"Oligo","VehicleVsPCB_in_WTs"
"Pvalb",-1.73414943662228,-0.794228225079097,4.40290743309801e-09,7.68307347075603e-06,9.61657928930004,-5.90164993668355,10.3023169116145,"Pvalb","VehicleVsPCB_in_WTs"
"Slc24a2",-1.55472537957757,-0.636659771024353,2.4512685814744e-08,2.13873183733641e-05,9.66307605742125,-5.60539474865438,8.70346474986516,"Pvalb","VehicleVsPCB_in_WTs"
"Atp1b1",-1.55032416330594,-0.632569905755745,6.37553395501215e-08,3.70843558383207e-05,10.7486159514203,-5.434150300975,7.73580736808194,"Pvalb","VehicleVsPCB_in_WTs"
"Kcnc1",-1.52091936636131,-0.604943668621714,2.65990874617321e-07,0.000116038519051806,9.39382393979987,-5.16873422449746,6.51147028256595,"Pvalb","VehicleVsPCB_in_WTs"
"Stmn3",-1.48723018762067,-0.572627959318819,1.22370421782349e-06,0.000396680811792411,9.7124249386337,-4.87082745948403,5.09899874519494,"Pvalb","VehicleVsPCB_in_WTs"
"Scn1a",-1.48371433223559,-0.569213348603267,1.36394548467305e-06,0.000396680811792411,10.1411321415114,-4.84902246672549,4.98865447317682,"Pvalb","VehicleVsPCB_in_WTs"
"Sparcl1",-1.48407141247253,-0.569560515099659,1.61293095374147e-06,0.000402080644896981,9.45543130099205,-4.81515110826502,4.84817995348624,"Pvalb","VehicleVsPCB_in_WTs"
"Pcsk1n",-1.44105858651875,-0.527128989754088,4.00946321718216e-06,0.00087456416424786,10.0200573917577,-4.62732365168529,4.01029656063038,"Pvalb","VehicleVsPCB_in_WTs"
"Cplx1",-1.38180073456388,-0.46654958389999,4.98321280635459e-06,0.000966189594120974,8.87695724882029,-4.58145848850516,3.78920373222623,"Pvalb","VehicleVsPCB_in_WTs"
"Cox4i1",-1.42057751953498,-0.50647756014218,7.00973677393714e-06,0.00122319906705203,9.51502123779066,-4.50863459886044,3.5017163061712,"Pvalb","VehicleVsPCB_in_WTs"
"Gapdh",-1.44953436153867,-0.535589533215703,8.86786106472233e-06,0.00129372189029321,9.86075858537765,-4.45783445360618,3.28994118767482,"Pvalb","VehicleVsPCB_in_WTs"
"Atp6v0c",-1.41470404011728,-0.500500268947859,8.8966548329619e-06,0.00129372189029321,9.52076262722147,-4.45713047224649,3.28273986988525,"Pvalb","VehicleVsPCB_in_WTs"
"Mdh1",-1.40564005087499,-0.491227203726669,1.50942097788856e-05,0.00202610738955042,9.55308918286717,-4.3409701913477,2.80211066003708,"Pvalb","VehicleVsPCB_in_WTs"
"Elmod1",-1.38586147597229,-0.470783059844962,2.61617475709528e-05,0.00321665861936949,9.33624939308107,-4.21710364086632,2.29475884966773,"Pvalb","VehicleVsPCB_in_WTs"
"Erbb4",-1.44546677941361,-0.531535452311343,2.76503606249526e-05,0.00321665861936949,9.7749720747354,-4.20446064858801,2.25784746839596,"Pvalb","VehicleVsPCB_in_WTs"
"Syt2",-1.31672603375951,-0.396955200679672,6.32188427393483e-05,0.00689480503626017,8.66790967479283,-4.01134499173243,1.41325814500156,"Pvalb","VehicleVsPCB_in_WTs"
"Tmem30a",-1.33477154052079,-0.416592831378719,6.91538763019026e-05,0.00709844200863647,9.14019937007776,-3.98989462810079,1.39759754686247,"Pvalb","VehicleVsPCB_in_WTs"
"Kcnc2",-1.37821223150647,-0.4627980663919,7.76901687773777e-05,0.00748983055951654,9.12326889856742,-3.96191802458626,1.29079344859024,"Pvalb","VehicleVsPCB_in_WTs"
"Cox5a",-1.34071650015031,-0.423004205872559,8.15511636852804e-05,0.00748983055951654,9.17816471352023,-3.95020859784825,1.25121493436406,"Pvalb","VehicleVsPCB_in_WTs"
"Gabra1",-1.40672914345974,-0.492344573773817,8.73151530846205e-05,0.00761824710663314,9.85173669973943,-3.9336690310733,1.22231997897419,"Pvalb","VehicleVsPCB_in_WTs"
"Gad1",-1.36925358839055,-0.453389661229308,0.000115219823264739,0.00957421864747473,9.52102630210959,-3.86586851702156,0.959581409784697,"Pvalb","VehicleVsPCB_in_WTs"
"Ddx24",-1.30914858550102,-0.388628849307687,0.000148293759330861,0.0117623913651069,9.10562276239979,-3.80325100299911,0.702031101648457,"Pvalb","VehicleVsPCB_in_WTs"
"Slc6a1",-1.33661272495287,-0.418581514253339,0.00016524479882852,0.0125370510415551,9.2321083495085,-3.77611620998071,0.616167265864684,"Pvalb","VehicleVsPCB_in_WTs"
"Sncb",-1.30300176810242,-0.381839041565954,0.000221772601695112,0.0161247162482488,8.9278879250468,-3.70147440720642,0.316772606939242,"Pvalb","VehicleVsPCB_in_WTs"
"Snrpn",-1.30521113842617,-0.384283204282861,0.000240873779315872,0.0168129897962479,9.18520291706323,-3.68027703596861,0.2706541914159,"Pvalb","VehicleVsPCB_in_WTs"
"Ppib",-1.28504040626223,-0.361813723619657,0.000255795056861285,0.0171677836239593,8.98342870770916,-3.66478957888046,0.186772708848463,"Pvalb","VehicleVsPCB_in_WTs"
"Snhg11",-1.38147480721846,-0.466209253187399,0.000306264030381317,0.0197937308524222,13.3918308845136,-3.61804383732187,0.110734110479613,"Pvalb","VehicleVsPCB_in_WTs"
"Lsamp",-1.33581249172916,-0.417717510627938,0.000342197821764095,0.0205935182448104,9.84180550520669,-3.58898064563613,0.000610233709307906,"Pvalb","VehicleVsPCB_in_WTs"
"Slc25a4",-1.29239872857512,-0.370051236434525,0.00034224185048682,0.0205935182448104,9.07131034828993,-3.58894682308786,-0.0562953919222586,"Pvalb","VehicleVsPCB_in_WTs"
"Chchd2",-1.29795387340518,-0.376239113851648,0.000377642917315301,0.0219662296905067,9.16817197324069,-3.56298850500705,-0.134771261062428,"Pvalb","VehicleVsPCB_in_WTs"
"Atp5d",-1.25142681659177,-0.323573924723995,0.000405802386307463,0.0228427472292427,8.68379755081379,-3.54391834882384,-0.277720657560238,"Pvalb","VehicleVsPCB_in_WTs"
"Ubb",-1.29756153605094,-0.375802959122949,0.000477884091959338,0.0260596168896576,9.34111444458826,-3.50022852539547,-0.329903295214671,"Pvalb","VehicleVsPCB_in_WTs"
"Abhd12",-1.21623322006657,-0.282419900797758,0.000533789696268277,0.0275418055410034,8.52235249114503,-3.47039636687852,-0.575322280617656,"Pvalb","VehicleVsPCB_in_WTs"
"Tspyl4",-1.26700285286786,-0.341419772950455,0.000536631168134165,0.0275418055410034,8.83129027485996,-3.46895921396354,-0.498009338786713,"Pvalb","VehicleVsPCB_in_WTs"
"Dock4",-1.31952601536922,-0.400019794676437,0.000602452360161834,0.0300365533852115,9.34463359549756,-3.43751163977564,-0.535400815300546,"Pvalb","VehicleVsPCB_in_WTs"
"Slc25a3",-1.29989313769582,-0.37839302628976,0.000633526409307166,0.0307084328955834,9.72675405222721,-3.42376398083871,-0.555124970201186,"Pvalb","VehicleVsPCB_in_WTs"
"Ghitm",-1.24179410327884,-0.312425986116217,0.000657612679079992,0.0308810547288558,8.73287856834776,-3.41353325445225,-0.700697097265653,"Pvalb","VehicleVsPCB_in_WTs"
"Rtn3",-1.29521172402479,-0.373187949829611,0.000672481421029525,0.0308810547288558,9.54754527385118,-3.40739046486711,-0.618023245451729,"Pvalb","VehicleVsPCB_in_WTs"
"Nap1l5",-1.28558962348815,-0.362430189599662,0.000730073284848473,0.032666099540015,9.19061937906203,-3.38473245385066,-0.724753805922576,"Pvalb","VehicleVsPCB_in_WTs"
"Rsrp1",-1.28533630669887,-0.36214588823372,0.00100987571822039,0.0440558282073645,10.0316119748723,-3.29396821587901,-0.947766701924605,"Pvalb","VehicleVsPCB_in_WTs"
"Rab3a",-1.25031559831783,-0.322292298614902,0.00105018583864581,0.044622151345069,8.86557914792471,-3.28287352538604,-1.095895700576,"Pvalb","VehicleVsPCB_in_WTs"
"Atp5h",-1.2595786085218,-0.332941161441494,0.00107492017242149,0.044622151345069,8.98535638066759,-3.27625950746508,-1.09312376557717,"Pvalb","VehicleVsPCB_in_WTs"
"Haghl",-1.24054412726705,-0.310973054099403,0.00109957163772949,0.044622151345069,8.77808867713042,-3.26980639559361,-1.15863503035286,"Pvalb","VehicleVsPCB_in_WTs"
"Cntnap2",-1.26797553305389,-0.34252690739974,0.00113165123861844,0.0447597652712876,9.04753217540287,-3.26160642678359,-1.13711005002896,"Pvalb","VehicleVsPCB_in_WTs"
"Rbfox1",-1.2799963965004,-0.356139748695339,0.00115426328779825,0.0447597652712876,9.40458366444281,-3.25595475461884,-1.11345648177617,"Pvalb","VehicleVsPCB_in_WTs"
"Tcf25",-1.24935346628335,-0.321181701053781,0.00126981869793733,0.0479853648598108,9.0155016019259,-3.22858090392014,-1.24000338843364,"Pvalb","VehicleVsPCB_in_WTs"
"Ndfip1",-1.26639713576068,-0.3407298976151,0.00130470719595071,0.0479853648598108,9.17903799970533,-3.22076844784723,-1.2416058029811,"Pvalb","VehicleVsPCB_in_WTs"
"Hsp90ab1",-1.26838134797868,-0.342988567341121,0.0013199412683501,0.0479853648598108,9.33183219473753,-3.21741751279439,-1.23317673198861,"Pvalb","VehicleVsPCB_in_WTs"
"Enpp2",-1.77662135715328,-0.829136239405618,4.86150933460526e-07,0.000900837679702355,9.10276270374166,-5.03964825282415,5.76626574932552,"L2_3_IT","WTvsHET_in_PCBs"
"Lamp5",-1.50828921500039,-0.592913092426488,1.9861957839292e-05,0.0184021039381041,8.66109782080785,-4.27135284170768,2.54480245225089,"L2_3_IT","WTvsHET_in_PCBs"
"Pcp4",-2.31728025939331,-1.2124325389742,2.01624774330376e-17,4.05669045952718e-14,8.83526930681517,-8.54181148718172,28.7003625141892,"L5","WTvsHET_in_PCBs"
"Sgcz",-2.0418306791647,-1.02986323425801,4.17277130952235e-14,4.19780793737948e-11,8.82287759511462,-7.59005379400151,21.3838723896085,"L5","WTvsHET_in_PCBs"
"Zbtb20",1.86820891341468,0.901655794177499,3.15274399314932e-13,2.11444030473881e-10,8.55809985524572,7.31875397439201,19.4807798016528,"L5","WTvsHET_in_PCBs"
"Mef2c",-2.67401222153609,-1.41900605926418,2.09198327749104e-12,1.05226758857799e-09,10.4392243031368,-7.05609000683042,17.5063700937434,"L5","WTvsHET_in_PCBs"
"Gm28928",-1.72957655205469,-0.790418869637717,3.90024576810285e-11,1.56945889708459e-08,8.66865912001447,-6.63103958365678,14.8540388093204,"L5","WTvsHET_in_PCBs"
"Ptprd",-2.03921818418633,-1.02801614337981,6.07397102610257e-11,2.03680495075306e-08,10.3478274752078,-6.56444801699576,14.3465712153945,"L5","WTvsHET_in_PCBs"
"Epha6",1.65794051829652,0.729392248390969,9.33288809891673e-11,2.68253869357435e-08,8.65851669966993,6.49927052213816,14.008682792735,"L5","WTvsHET_in_PCBs"
"Cacnb2",1.57707825696062,0.657254250570905,6.37131185883456e-10,1.47181238893384e-07,8.57814053765702,6.20001898726563,12.1613509454782,"L5","WTvsHET_in_PCBs"
"Ckb",-1.62729493143244,-0.702475749199827,6.58365382723885e-10,1.47181238893384e-07,8.86429575471769,-6.1947948394888,12.1600561078163,"L5","WTvsHET_in_PCBs"
"Gria1",1.61140023498485,0.688314871023564,1.61043552767926e-09,3.06480012869213e-07,8.81414161473295,6.05064215434207,11.2966153917104,"L5","WTvsHET_in_PCBs"
"Gabra2",1.55129380546449,0.633471949781312,1.67558655147184e-09,3.06480012869213e-07,8.65251790918472,6.04417707253259,11.2480578960087,"L5","WTvsHET_in_PCBs"
"Grin2b",1.64259933805671,0.715980621803706,6.02329981945704e-09,1.0099066030623e-06,10.351722640164,5.83203697032478,10.0513349403409,"L5","WTvsHET_in_PCBs"
"Cpne6",1.37639811855993,0.460897825125548,8.67670587737727e-09,1.34288709425254e-06,8.14129186386727,5.77019337755895,9.58915477455148,"L5","WTvsHET_in_PCBs"
"Peg3",-1.70793274811484,-0.772251168242125,2.35246462532499e-08,3.38082773296705e-06,9.34848341653566,-5.59798023202355,8.7793557520895,"L5","WTvsHET_in_PCBs"
"Prkcg",1.4411586668519,0.527229180258616,7.88512300403624e-08,1.05765783227473e-05,8.53037336830939,5.38233042650424,7.5591109322944,"L5","WTvsHET_in_PCBs"
"Scn1a",-1.59149744749939,-0.670384843129708,1.39933785991765e-07,1.75966735884644e-05,9.037972898927,-5.27722266242694,7.09645015780581,"L5","WTvsHET_in_PCBs"
"Lsamp",1.55435318017945,0.636314350207132,3.80251061632054e-07,4.5003831529629e-05,9.04108044613938,5.08928100360744,6.13246587968719,"L5","WTvsHET_in_PCBs"
"Osbpl1a",-1.4905263971051,-0.575821925570875,5.67518650467138e-07,6.34359735966601e-05,8.69030726809484,-5.01218275200264,5.75785826749119,"L5","WTvsHET_in_PCBs"
"Ly6h",1.47879133536989,0.564418495530197,6.50756103715323e-07,6.89116463513279e-05,8.99333874944202,4.98558181354178,5.63649775544757,"L5","WTvsHET_in_PCBs"
"Snap25",-1.54515567621128,-0.627752198636831,1.01336717947566e-06,0.000101944738255251,10.7412048199512,-4.89859188990117,5.27275723742048,"L5","WTvsHET_in_PCBs"
"Pak1",-1.50136259788305,-0.586272447973146,1.42904670272865e-06,0.000136916284090002,8.84616808023584,-4.83009303982327,4.90497907105927,"L5","WTvsHET_in_PCBs"
"Slc1a2",-1.55090820850073,-0.633113302067355,1.82389765280691e-06,0.00016013398991515,8.91522630733627,-4.78093092617874,4.68227100392977,"L5","WTvsHET_in_PCBs"
"Arhgap32",-1.48886108343161,-0.574209151103533,1.8525644291416e-06,0.00016013398991515,8.80034466550373,-4.77777265199986,4.6575467498752,"L5","WTvsHET_in_PCBs"
"Arpp19",-1.46266043398927,-0.548594877432035,1.9101469969998e-06,0.00016013398991515,8.7043938106643,-4.7715681801942,4.61898822670243,"L5","WTvsHET_in_PCBs"
"Car10",-1.38174359839463,-0.466489928574715,2.07171591465332e-06,0.0001667316968113,8.2283161184034,-4.75507386907861,4.46116199171714,"L5","WTvsHET_in_PCBs"
"Atp2b2",-1.44574744678884,-0.53181555430308,3.05183326288927e-06,0.000236164943266662,8.74742799671959,-4.67565507957414,4.18491944358377,"L5","WTvsHET_in_PCBs"
"C1ql3",1.39892969845762,0.484323463406896,3.9012687583076e-06,0.000290716768211662,8.42607888130347,4.62466708010655,3.84148542590365,"L5","WTvsHET_in_PCBs"
"Ntm",-1.52995032934136,-0.613484815809348,4.37627858070682e-06,0.000314466875156504,9.38405720734541,-4.6006333995676,3.89258009632873,"L5","WTvsHET_in_PCBs"
"Mdh1",-1.43324937280979,-0.519289647713029,5.33900689489528e-06,0.000370416616294114,8.83416740611391,-4.55876869018112,3.67198398887568,"L5","WTvsHET_in_PCBs"
"Dock4",1.42928943191722,0.515298092578255,8.01759412381161e-06,0.000537713312570299,8.7707745541292,4.47205596629614,3.23453065158143,"L5","WTvsHET_in_PCBs"
"Sncb",-1.37603143621908,-0.460513429603463,1.39208202046505e-05,0.000903506137153445,8.60837345158973,-4.35189190025353,2.74855806351003,"L5","WTvsHET_in_PCBs"
"Slc24a2",-1.47762042354023,-0.563275712375446,1.60376442388075e-05,0.000995735317699293,9.28678647503156,-4.3205770660155,2.68184101153999,"L5","WTvsHET_in_PCBs"
"Stmn3",-1.45183609608371,-0.537878590582711,1.633164288473e-05,0.000995735317699293,9.23196310747381,-4.31654353453156,2.66528068493387,"L5","WTvsHET_in_PCBs"
"Ryr3",1.27881267200327,0.354804945247411,2.15014797878668e-05,0.00127238168627024,8.19895792349631,4.25505796404684,2.16874973992201,"L5","WTvsHET_in_PCBs"
"St6galnac5",1.26413881818637,0.338154898097664,2.68376530877546e-05,0.00154278165750178,8.14022974658991,4.20490752694429,1.94160072140374,"L5","WTvsHET_in_PCBs"
"Dst",-1.39636647002383,-0.48167761998732,3.11824717812637e-05,0.00174275370066396,8.79806980929893,-4.17065503969896,2.02433053746469,"L5","WTvsHET_in_PCBs"
"Pde4d",-1.34227430534451,-0.424679528856369,3.33907237315261e-05,0.00181573340940082,8.37667393206887,-4.15495197638118,1.87814807719375,"L5","WTvsHET_in_PCBs"
"Tenm2",1.30953484739291,0.389054451053172,3.99059896226774e-05,0.0021129171347586,8.39124873773473,4.11379109755748,1.6534761869353,"L5","WTvsHET_in_PCBs"
"Atp6v0c",-1.44140668056015,-0.527477437005451,4.29140187459115e-05,0.00214291551585738,9.13809215189799,-4.09690342892207,1.76788452737652,"L5","WTvsHET_in_PCBs"
"Syt1",-1.38356203754474,-0.46838733440796,4.32246724254594e-05,0.00214291551585738,11.0661359956572,-4.09522387978387,1.83778769672938,"L5","WTvsHET_in_PCBs"
"Chl1",1.31942742447849,0.399911996950987,4.47117219918859e-05,0.00214291551585738,8.44949853771825,4.08733954395107,1.56730600586622,"L5","WTvsHET_in_PCBs"
"Enpp2",-1.29210282818809,-0.369720887225243,4.47328288598459e-05,0.00214291551585738,8.18276868549342,-4.08722943643713,1.55114452008345,"L5","WTvsHET_in_PCBs"
"Gapdh",-1.42307534431677,-0.5090120469625,4.93808796197138e-05,0.00222852426121161,9.36716844168546,-4.06410746221497,1.65616344648617,"L5","WTvsHET_in_PCBs"
"Strbp",-1.42527414605167,-0.511239442862954,4.94580836191432e-05,0.00222852426121161,9.19930326364743,-4.06374112033224,1.63814913730698,"L5","WTvsHET_in_PCBs"
"Tecr",-1.36871966576322,-0.452826991352778,5.04219365908241e-05,0.00222852426121161,8.77807979686832,-4.05921261842091,1.57913617090675,"L5","WTvsHET_in_PCBs"
"Lars2",1.53281524118901,0.616183811357974,5.09503558726313e-05,0.00222852426121161,9.62025628069139,4.0567646489199,1.61785540823663,"L5","WTvsHET_in_PCBs"
"Tmsb4x",1.47284224747912,0.558602915120967,5.23890212429544e-05,0.00224269597320902,9.39130032547661,4.05021986533181,1.57604473930908,"L5","WTvsHET_in_PCBs"
"Lmo7",1.26459202710014,0.338672028863556,5.99625736763713e-05,0.0025134312132679,8.1965912014256,4.0183487831594,1.20630820523144,"L5","WTvsHET_in_PCBs"
"Scn1b",-1.31965099418279,-0.400156432964842,7.22389279845537e-05,0.00296621883887596,8.37744982260891,-3.97401000002775,1.16488718789985,"L5","WTvsHET_in_PCBs"
"Ano3",-1.42712292339405,-0.513109604843992,7.46748665675145e-05,0.00300491663067679,8.93795974401478,-3.96606884965811,1.23540024146774,"L5","WTvsHET_in_PCBs"
"Pcdh7",-1.34409659954559,-0.426636827608682,9.05328065292634e-05,0.0035716079752329,8.41642112152565,-3.91967584945584,0.967826493521692,"L5","WTvsHET_in_PCBs"
"Kcna2",-1.29786313876971,-0.376138257429132,9.30028030850791e-05,0.00359849307321498,8.26745128611021,-3.91315203471317,0.889628833788688,"L5","WTvsHET_in_PCBs"
"Rplp1",1.34114164865062,0.423461619802856,9.52446392887431e-05,0.00361570215564059,8.83202012512536,3.90737104743964,0.962984140834843,"L5","WTvsHET_in_PCBs"
"Ndfip1",-1.3847866776799,-0.469663750457284,0.000103163969362731,0.00383394611029844,9.06936395070614,-3.88793031093926,0.95406909234829,"L5","WTvsHET_in_PCBs"
"Cacna1e",1.33358485030134,0.415309620325331,0.000104804689893844,0.00383394611029844,8.71050011250686,3.88407947849545,0.842071004864876,"L5","WTvsHET_in_PCBs"
"Cit",-1.36622661216165,-0.450196799240484,0.000139077196593447,0.00499684499189314,8.62952677807977,-3.81444547282048,0.6187797779933,"L5","WTvsHET_in_PCBs"
"Zranb2",-1.37448986661227,-0.458896270661617,0.000161239391283317,0.00569146763617602,9.72165021938595,-3.77760249287501,0.590356532150313,"L5","WTvsHET_in_PCBs"
"Epha5",1.41287494364145,0.498633775528423,0.000180238542315545,0.00625241288170478,10.041183870434,3.74963559459793,0.4902698487225,"L5","WTvsHET_in_PCBs"
"Lrp1b",-1.40705269899397,-0.492676363509395,0.000189190712457991,0.006451723957042,9.17280123663238,-3.73740745908151,0.403497438817954,"L5","WTvsHET_in_PCBs"
"Pcdh9",-1.34340286999978,-0.425892016151766,0.000199908572804869,0.0067036008080566,8.69640535736475,-3.72346375686709,0.297056868857492,"L5","WTvsHET_in_PCBs"
"Cadm1",1.26899939467177,0.343691380996004,0.000245893880873347,0.00805025052328368,8.34913982175184,3.67065742995741,-0.0509218543603289,"L5","WTvsHET_in_PCBs"
"Rsrp1",-1.36546951297794,-0.449397103215948,0.000248069350121068,0.00805025052328368,9.7854087672505,-3.66839600791059,0.204675528782016,"L5","WTvsHET_in_PCBs"
"Spock1",-1.26695478629883,-0.341365040069599,0.000278892455380849,0.00890685111470266,8.2457618795761,-3.63820995898348,-0.128074116357179,"L5","WTvsHET_in_PCBs"
"R3hdm2",-1.34285864999414,-0.425307453920436,0.000292021299262867,0.00918041959557639,8.78801048145976,-3.62629339517835,-0.0387589450499313,"L5","WTvsHET_in_PCBs"
"Cacnb4",-1.30795873783111,-0.387317028859386,0.000316225002506722,0.00978838007759269,8.51279520196067,-3.60558404627899,-0.16475690660456,"L5","WTvsHET_in_PCBs"
"Slc39a10",-1.35209605706608,-0.435197648757782,0.00033569741011959,0.0102336846842517,8.89922073609308,-3.589973946398,-0.145739961177878,"L5","WTvsHET_in_PCBs"
"Nap1l5",-1.30439796570331,-0.383384096220452,0.000345482029075889,0.010374773768667,8.58954309595007,-3.58244748280914,-0.223977459419234,"L5","WTvsHET_in_PCBs"
"Tcf4",1.3514125425291,0.434468150021182,0.000359344070095647,0.0106323568975359,10.0137105872359,3.57211919811785,-0.137212830760447,"L5","WTvsHET_in_PCBs"
"Stmn2",-1.33120790489436,-0.412735905537281,0.000383748037593339,0.0111898703135913,8.86563972290529,-3.55481017167493,-0.271544339438702,"L5","WTvsHET_in_PCBs"
"Cadm2",-1.34639304965333,-0.42909963432317,0.000410923992719512,0.0118111296193094,9.62272102057188,-3.53670688622991,-0.266687500147525,"L5","WTvsHET_in_PCBs"
"Arap2",-1.31829681189087,-0.398675226821083,0.000440695997015682,0.0124884555774021,8.62428317033119,-3.51811602678502,-0.443977325365879,"L5","WTvsHET_in_PCBs"
"Ttll7",-1.31665981148931,-0.396882641209507,0.000467280787235968,0.0130579019988718,8.74633248337021,-3.50248141877389,-0.471241435472952,"L5","WTvsHET_in_PCBs"
"Htr1f",-1.23826719295058,-0.308322652478353,0.00052945772924494,0.0145927253594633,8.20706092257404,-3.4689324212296,-0.727640615149405,"L5","WTvsHET_in_PCBs"
"Nrxn1",-1.32666524635649,-0.407804385518463,0.000551261043099872,0.0149025330789679,10.1910492432855,-3.45803420318157,-0.491159132213088,"L5","WTvsHET_in_PCBs"
"Rbfox1",-1.32662674922447,-0.407762520829956,0.000560509030209851,0.0149025330789679,8.82132323599943,-3.4535325687018,-0.630470584366935,"L5","WTvsHET_in_PCBs"
"Tmsb10",-1.41671747904718,-0.50255208555606,0.00056291874453358,0.0149025330789679,9.33927625963066,-3.45237096288118,-0.57027365584336,"L5","WTvsHET_in_PCBs"
"Rims1",-1.25043973261984,-0.322435525695014,0.000675394334490249,0.0176479662466803,8.2929816505505,-3.40272869062536,-0.941022766601896,"L5","WTvsHET_in_PCBs"
"Pls3",1.20423667410961,0.268118959380686,0.00069166731720745,0.0178414697720691,8.11600955887198,3.3961939712229,-1.0846782319891,"L5","WTvsHET_in_PCBs"
"A830036E02Rik",-1.37144268099446,-0.455694326471206,0.000744978231905369,0.0189733696530836,8.74189235459418,-3.37574409910126,-0.89358503257893,"L5","WTvsHET_in_PCBs"
"Aifm3",-1.24064804518322,-0.311093900734393,0.000865748446822462,0.0216456080641549,8.21935845881708,-3.33403357701234,-1.19099969336201,"L5","WTvsHET_in_PCBs"
"Gabrb1",1.29503467408056,0.372990726061923,0.000885879662698935,0.0216456080641549,8.76962024480269,3.32761200142884,-1.0858132876215,"L5","WTvsHET_in_PCBs"
"Grm5",1.32002168946628,0.400561634908245,0.000888254213904751,0.0216456080641549,9.26135565408024,3.32686349819131,-1.01344960930097,"L5","WTvsHET_in_PCBs"
"Sorl1",-1.30506758473849,-0.384124520697326,0.000892935123918915,0.0216456080641549,8.8704808695794,-3.32539340616338,-1.04077437602869,"L5","WTvsHET_in_PCBs"
"Stmn1",-1.28491273864879,-0.361670386039115,0.000912207176900082,0.0218495338086067,8.55224144234162,-3.3194151241444,-1.11761203808883,"L5","WTvsHET_in_PCBs"
"AC124561.1",-1.23330449254644,-0.302529033036594,0.000965305681679858,0.0228493533122338,8.19001142269246,-3.30352988809287,-1.29303560146572,"L5","WTvsHET_in_PCBs"
"Rab3a",-1.26948202253864,-0.344239964754621,0.000990002041793169,0.0229073308923567,8.57662582684333,-3.296415751281,-1.18553552004656,"L5","WTvsHET_in_PCBs"
"Snrpn",-1.2980198732124,-0.376312471754225,0.00099052573938123,0.0229073308923567,8.86824320767421,-3.29626668030292,-1.13284347941687,"L5","WTvsHET_in_PCBs"
"Cdh10",-1.30854847108925,-0.38796736550549,0.00104663568958682,0.0239298978119169,8.62011334614044,-3.28070306069519,-1.22916818089289,"L5","WTvsHET_in_PCBs"
"Tcf25",-1.29599624760328,-0.374061541083664,0.00109514634544784,0.0246427857494049,8.88050877968857,-3.26785785398009,-1.22116226934844,"L5","WTvsHET_in_PCBs"
"Atp1a1",-1.28038632397383,-0.356579172404985,0.00110231148978451,0.0246427857494049,8.57977914490023,-3.2660053869907,-1.28429786635255,"L5","WTvsHET_in_PCBs"
"Gm40841",-1.22101854525248,-0.288085112643586,0.00113710198042328,0.0249370986180343,8.19988207446735,-3.25716609588338,-1.42180503687929,"L5","WTvsHET_in_PCBs"
"Ly6e",-1.27338840096921,-0.348672528184386,0.00114964947938352,0.0249370986180343,8.47613936784359,-3.25403940951733,-1.35057390726938,"L5","WTvsHET_in_PCBs"
"Gria4",-1.29069092265881,-0.368143564756089,0.00115265913095288,0.0249370986180343,8.47062679421593,-3.25329413422612,-1.35116498146652,"L5","WTvsHET_in_PCBs"
"Tspan5",-1.25176375483081,-0.323962308361294,0.0011812350083388,0.0252834557104007,8.41074919921903,-3.24630621821719,-1.39888209148752,"L5","WTvsHET_in_PCBs"
"Plcb1",-1.28711559039189,-0.364141621699141,0.00119881673748251,0.0253896765875244,8.8626886749725,-3.24208405846275,-1.30855171621701,"L5","WTvsHET_in_PCBs"
"Arpp21",-1.34906534013894,-0.431960224944126,0.00124796431888358,0.0261552521832684,9.96849692959144,-3.23057811919148,-1.23488025563563,"L5","WTvsHET_in_PCBs"
"Rps26",1.19522319315498,0.257280048826321,0.00127251176516105,0.0263947801185983,8.16784064811742,3.22498724305828,-1.62780788336205,"L5","WTvsHET_in_PCBs"
"Ppp3ca",1.32539318868837,0.406420410409912,0.00129797869814676,0.0266482973537886,9.59776526296822,3.21929125379258,-1.32008812917635,"L5","WTvsHET_in_PCBs"
"Tspan7",-1.26281886442555,-0.336647717402679,0.00141971762881913,0.0288532512038797,8.53639363801762,-3.1934125837452,-1.52177287822068,"L5","WTvsHET_in_PCBs"
"Ank3",-1.30324039243408,-0.382103224339222,0.0014574162985711,0.0293232159272505,9.35523930539005,-3.18581352387658,-1.42509839214753,"L5","WTvsHET_in_PCBs"
"Gabra1",-1.31106293135757,-0.390736936954372,0.00152214958856096,0.0303224254671747,9.05386136996403,-3.1731780264655,-1.49438089991415,"L5","WTvsHET_in_PCBs"
"Mgat4c",1.21896841211843,0.285660740994583,0.00157398407661107,0.0310476074719752,8.2047234223776,3.16341242358855,-1.80202940150383,"L5","WTvsHET_in_PCBs"
"Gm10076",1.25951014112067,0.332862738178227,0.0017319915451098,0.0338154187229495,8.71257030760369,3.13537181658373,-1.70879863623354,"L5","WTvsHET_in_PCBs"
"Asap1",-1.28021946872055,-0.356391153423315,0.00174791428786618,0.0338154187229495,8.72400890403374,-3.13267815150109,-1.66999325226873,"L5","WTvsHET_in_PCBs"
"Dnm3",-1.22358795100048,-0.291117805472761,0.00180058884798411,0.0345027120204193,8.24252142291009,-3.12392520479928,-1.84559155814707,"L5","WTvsHET_in_PCBs"
"Atp5b",-1.24940719683952,-0.321243745256802,0.0018566127381371,0.0352406115955835,8.59904848765084,-3.11487039513335,-1.75256907747331,"L5","WTvsHET_in_PCBs"
"Ypel3",-1.271614798734,-0.346661711409166,0.00197309180646931,0.0371015020057593,8.68995844685242,-3.09682166247331,-1.7825175432768,"L5","WTvsHET_in_PCBs"
"Fyco1",1.23583619268478,0.305487529922915,0.0020591924696666,0.0381687435579199,8.50551110054647,3.08409879406457,-1.93028859198533,"L5","WTvsHET_in_PCBs"
"Ntrk3",1.25334959410444,0.325788878613926,0.00206942685831361,0.0381687435579199,8.61403125159544,3.08261910568796,-1.90242402219785,"L5","WTvsHET_in_PCBs"
"Dlg1",-1.25547870100978,-0.328237553732299,0.00209706981590833,0.0381687435579199,8.51241371491817,-3.07865579815074,-1.8827573313288,"L5","WTvsHET_in_PCBs"
"Cobl",-1.22310379755362,-0.290546842018662,0.00210573088217153,0.0381687435579199,8.23492892199995,-3.07742387923403,-1.97127561661883,"L5","WTvsHET_in_PCBs"
"Cyfip1",1.1829772448361,0.24242232297791,0.00212876836938021,0.0382418032070803,8.11476512450126,3.07416959861472,-2.10882631347016,"L5","WTvsHET_in_PCBs"
"Icam5",1.18680095132872,0.247077988382348,0.0027418838399084,0.048742530894984,8.16538045448598,2.99762989121043,-2.32007770886564,"L5","WTvsHET_in_PCBs"
"Pclo",-1.26546172147366,-0.339663868511148,0.00276175373858259,0.048742530894984,8.7677468458353,-2.99542209078674,-2.06893459647178,"L5","WTvsHET_in_PCBs"
"Lars2",1.73403700628549,0.794134687610999,4.12391390026172e-09,5.36933589814075e-06,9.61694541206992,5.89359124300669,9.89957904335316,"L6","WTvsHET_in_PCBs"
"Gm42418",1.69109817027342,0.757960412353254,3.45948765841367e-06,0.0022521264656273,12.6754903329093,4.64868827548922,3.49849820734228,"L6","WTvsHET_in_PCBs"
"Npy",-4.28158404569538,-2.09814464524208,3.3611951638702e-12,2.87718306027289e-09,10.7810575612158,-7.05882373026249,17.0326312600855,"Lamp5","WTvsHET_in_PCBs"
"2900055J20Rik",-2.22240121853603,-1.15211929545759,7.36809900821489e-11,3.15354637551597e-08,9.96197317098298,-6.59258476435124,14.2176698213391,"Lamp5","WTvsHET_in_PCBs"
"Meis2",1.76473522010317,0.819451738567317,6.42498758221158e-10,1.8332631234577e-07,9.49468868732078,6.24775027017672,12.1747334386285,"Lamp5","WTvsHET_in_PCBs"
"Scn1a",-1.70788212345788,-0.772208404834686,3.76404272608916e-07,8.0550514338308e-05,9.68529094260296,-5.11872314199865,6.18438240946335,"Lamp5","WTvsHET_in_PCBs"
"Pcsk1n",-1.73972115708346,-0.798856089102542,7.26588467230743e-06,0.00124391945589903,10.1949234661107,-4.51228502066929,3.4529384352136,"Lamp5","WTvsHET_in_PCBs"
"Kcnip4",-1.57308257933576,-0.653594407353138,1.90823605957676e-05,0.00272241677832951,9.29310843765373,-4.29844200665376,2.46428534826463,"Lamp5","WTvsHET_in_PCBs"
"Rgs7bp",-1.55050417349566,-0.632737409261329,2.53837851673266e-05,0.00310407430046165,9.46249185230253,-4.23344733798568,2.22638976362407,"Lamp5","WTvsHET_in_PCBs"
"Igsf11",-1.47087889494941,-0.556678466954115,6.73173694488646e-05,0.00720295853102851,9.34310771678389,-4.00440350131352,1.2989207101543,"Lamp5","WTvsHET_in_PCBs"
"Gabrg3",-1.45624816501873,-0.542256231864744,9.64904442655389e-05,0.00917731336570014,9.30227256472328,-3.91692853067072,0.955258054992349,"Lamp5","WTvsHET_in_PCBs"
"Kif5c",-1.37328408586213,-0.457630100990922,0.000157971673262279,0.0135223752312511,9.12852726869978,-3.79433315764743,0.447950205876888,"Lamp5","WTvsHET_in_PCBs"
"A830018L16Rik",-1.46828858545497,-0.554135551210503,0.000273290759317608,0.0212669899978066,9.51190327209074,-3.65388170213336,0.0426135714721294,"Lamp5","WTvsHET_in_PCBs"
"Mir124a-1hg",-1.50148965101264,-0.586394531182641,0.000308250234629917,0.0219885167369341,10.1411882873955,-3.62241129855721,0.0157816921646994,"Lamp5","WTvsHET_in_PCBs"
"Rab6a",-1.39587802397557,-0.481172880018979,0.000348889837308129,0.0229730539027507,9.36705971127088,-3.58978753215473,-0.213726860494202,"Lamp5","WTvsHET_in_PCBs"
"Enah",1.29715238329703,0.375347970502027,0.000460088520177169,0.0281311266622612,9.04303064919359,3.5159741425947,-0.681609644972421,"Lamp5","WTvsHET_in_PCBs"
"Stmn3",-1.48278466030998,-0.568309095391646,0.000510813832528893,0.0291504427096488,9.68649418963468,-3.48772367390306,-0.495133675824449,"Lamp5","WTvsHET_in_PCBs"
"Slc6a1",-1.48725082908208,-0.572647982532175,0.000558332157710687,0.0298707704375217,9.77527864859668,-3.46354269906158,-0.55854955682496,"Lamp5","WTvsHET_in_PCBs"
"Snhg11",-1.55950015296152,-0.641083694216913,0.000734909825319544,0.0370048712043253,13.0430986550991,-3.3879139855369,-0.649518498000562,"Lamp5","WTvsHET_in_PCBs"
"Scn2a",-1.38891602349457,-0.473959373869042,0.0009102034598629,0.0392857182073555,9.54654757983768,-3.32803196834199,-1.04565719818992,"Lamp5","WTvsHET_in_PCBs"
"Rtn1",-1.49152338046167,-0.576786592900569,0.000930493506616417,0.0392857182073555,10.2413876851709,-3.32180853048427,-0.970119477116685,"Lamp5","WTvsHET_in_PCBs"
"Luzp2",-1.34572579599072,-0.428384477508054,0.000967863819244966,0.0392857182073555,9.13650156023893,-3.31066873228594,-1.21315919996068,"Lamp5","WTvsHET_in_PCBs"
"Stmn2",-1.28767234522702,-0.364765539064166,0.00101268400420101,0.0392857182073555,9.04863591121223,-3.29782281598048,-1.30141487824237,"Lamp5","WTvsHET_in_PCBs"
"Grin2a",-1.44147070989004,-0.52754152214277,0.00102054770832017,0.0392857182073555,9.64124261789971,-3.29562353112468,-1.12467798764282,"Lamp5","WTvsHET_in_PCBs"
"Maf",-1.34023023627616,-0.422480860534916,0.0010555742041696,0.0392857182073555,9.22203919885945,-3.28601445492656,-1.26347652666827,"Lamp5","WTvsHET_in_PCBs"
"Calm1",-1.45232974035244,-0.538369043391146,0.00126006308657532,0.0449422500878531,9.92659408868714,-3.23519750343118,-1.27569084998412,"Lamp5","WTvsHET_in_PCBs"
"Ptpro",1.57546755644719,0.655780045288692,1.66623876164607e-07,8.4757751223946e-05,9.41580444270394,5.27335506279626,6.95683849471232,"Non-neuronal","WTvsHET_in_PCBs"
"Ptprd",-2.13896164476281,-1.09691061274765,2.07164124024125e-07,8.4757751223946e-05,9.74233217054228,-5.23206756670385,6.52889339833018,"Non-neuronal","WTvsHET_in_PCBs"
"Auts2",1.64161444893327,0.715115334225637,2.65420932851605e-07,8.4757751223946e-05,9.59458348575569,5.18473428668071,6.52243018033169,"Non-neuronal","WTvsHET_in_PCBs"
"Gad1",1.60292761476185,0.680709277531133,4.82945693942916e-07,0.000115665493699328,9.50526397842838,5.06879654847214,5.96723364009057,"Non-neuronal","WTvsHET_in_PCBs"
"Dlx6os1",1.59148018372153,0.670369193401943,3.95085150953113e-06,0.000756983149226165,9.46555339508463,4.64172985041717,4.02097718261275,"Non-neuronal","WTvsHET_in_PCBs"
"Slc1a2",-1.76637067654844,-0.820788127302716,6.30608814444978e-06,0.00100687207373048,9.42175311045469,-4.54194843921752,3.57353260994588,"Non-neuronal","WTvsHET_in_PCBs"
"Slc24a2",-1.61149267268254,-0.68839762860311,2.69123629414532e-05,0.00368314909970174,9.10328835266481,-4.21923629833527,2.29077965144127,"Non-neuronal","WTvsHET_in_PCBs"
"Chn1",-1.61985165988445,-0.695861702401337,3.87604863277079e-05,0.00440162242450808,9.21434668062102,-4.13465709066119,1.96427870597744,"Non-neuronal","WTvsHET_in_PCBs"
"Tenm1",-1.57926407213307,-0.659252427501613,4.13513588941261e-05,0.00440162242450808,8.96030568404083,-4.11949816087763,1.89276742833817,"Non-neuronal","WTvsHET_in_PCBs"
"Synpr",1.44459694108015,0.530667020602344,7.14612994978304e-05,0.00684599249189215,9.15687460463008,3.98933674721862,1.33471174012988,"Non-neuronal","WTvsHET_in_PCBs"
"A830036E02Rik",1.37716207340763,0.46169835521872,0.000124951694403808,0.00997819838923017,8.97348146946926,3.85246368988189,0.78864999921498,"Non-neuronal","WTvsHET_in_PCBs"
"Gabra2",1.3746732990721,0.459088792592534,0.000124987871263843,0.00997819838923017,9.03602081339458,3.85239168934514,0.801378522239483,"Non-neuronal","WTvsHET_in_PCBs"
"Phactr1",-1.54062498583819,-0.623515728228934,0.000145960226469171,0.0107561459198051,9.05324321543424,-3.81364201989678,0.762672965626805,"Non-neuronal","WTvsHET_in_PCBs"
"Myo16",1.35509486665381,0.438393854427966,0.000171438870186966,0.0114281083484629,8.99234739453351,3.77308688503611,0.503927448257108,"Non-neuronal","WTvsHET_in_PCBs"
"Pbx3",1.40456238513353,0.490120704723449,0.000178936978316225,0.0114281083484629,9.14968093727595,3.76223331725548,0.494825930262727,"Non-neuronal","WTvsHET_in_PCBs"
"Scai",-1.49111301346708,-0.576389605568838,0.000203535097216591,0.0121866639458434,9.02384462286632,-3.72941107895845,0.464788659775272,"Non-neuronal","WTvsHET_in_PCBs"
"Epha5",1.67005551344856,0.739896059373479,0.000253934843166323,0.0143099752796081,10.8583502239396,3.67244586002117,0.303260829590938,"Non-neuronal","WTvsHET_in_PCBs"
"Olfm3",-1.48370823927628,-0.569207424079896,0.000318843120933152,0.0169357926935622,8.9877529157034,-3.61303313997674,0.0614206683429055,"Non-neuronal","WTvsHET_in_PCBs"
"Pcbp3",1.35240370267792,0.435525871231362,0.000335887328995493,0.0169357926935622,9.08875969928775,3.59932213546975,-0.0896598160742892,"Non-neuronal","WTvsHET_in_PCBs"
"Sept7",-1.56277383969552,-0.644109010610271,0.000373481308316698,0.0178897546683698,9.38804222793718,-3.57125010452553,-0.0410481012829926,"Non-neuronal","WTvsHET_in_PCBs"
"Dlgap1",1.52229586949761,0.606248784579691,0.000431370684948486,0.0196787198181262,9.98739704312512,3.53281571298252,-0.17989961621943,"Non-neuronal","WTvsHET_in_PCBs"
"Penk",1.36740910395159,0.451444935660119,0.0005283750504174,0.0230083317409031,9.01549787131454,3.47810043908537,-0.514139643273396,"Non-neuronal","WTvsHET_in_PCBs"
"Efr3a",-1.48122758360082,-0.56679332091544,0.000923561668581974,0.0375645934499317,9.21594295574519,-3.32352373679961,-0.847434972208531,"Non-neuronal","WTvsHET_in_PCBs"
"Pcp4",-1.64961520393679,-0.722129534704644,0.000946238737138555,0.0375645934499317,9.7689463403271,-3.3166709325843,-0.83332085946781,"Non-neuronal","WTvsHET_in_PCBs"
"Nrip3",1.32830636513169,0.409587933191658,0.000980286885436631,0.0375645934499317,9.07379135289236,3.30666277866356,-1.06269863267271,"Non-neuronal","WTvsHET_in_PCBs"
"Adarb2",1.32483901787302,0.405817067429786,0.00134734728260413,0.0496445652590291,9.03736742226623,3.21543957699776,-1.35486740776632,"Non-neuronal","WTvsHET_in_PCBs"
"Fth1",-2.13022775812006,-1.0910076877018,1.88205383157529e-05,0.00833318556406625,10.5402274618713,-4.32878307653783,2.57748310087393,"Oligo","WTvsHET_in_PCBs"
"Apod",-2.50146779607264,-1.32277487917636,4.82597083300703e-05,0.00833318556406625,10.6758470128418,-4.10724256871841,1.73492806169059,"Oligo","WTvsHET_in_PCBs"
"Lars2",1.47775964752531,0.563411639226251,5.04023320407233e-05,0.00833318556406625,9.52650313892581,4.09678370741215,1.64343881917311,"Oligo","WTvsHET_in_PCBs"
"Epha5",1.43532862563892,0.521381086936439,7.31967944367123e-05,0.00907640251015232,9.41403733248209,4.00602249100275,1.25616729065275,"Oligo","WTvsHET_in_PCBs"
"Tnr",1.72881992429988,0.789787604174353,0.000203243274543251,0.0201617328346905,10.0226297189733,3.74838608831621,0.47991380084942,"Oligo","WTvsHET_in_PCBs"
"Lars2",1.52391179041061,0.607779396781219,2.52540492127879e-06,0.00373002306872877,9.51780246040565,4.72377487130929,4.0854759477819,"Pvalb","WTvsHET_in_PCBs"
"Gm42418",1.56524870588907,0.646391908432967,4.40493672994711e-05,0.0325304577506594,12.5227634218504,4.09688187228069,1.2504733460731,"Pvalb","WTvsHET_in_PCBs"
"Cnr1",-7.60513023245378,-2.92697295328922,7.2374002795784e-17,7.1360766756643e-14,10.3840858353306,-8.71047634403321,27.5227849641073,"Sncg","WTvsHET_in_PCBs"
"Adarb2",-6.80266655306265,-2.76610037412633,8.8539339455291e-15,4.36498943514585e-12,10.3715254255812,-8.04896759266589,22.9036295558723,"Sncg","WTvsHET_in_PCBs"
"Dlx6os1",-5.43449527961339,-2.44214605339223,2.58910444871663e-12,8.50952328811531e-10,9.82532484590918,-7.21425232139614,17.4287627945664,"Sncg","WTvsHET_in_PCBs"
"Cck",-3.13581202291778,-1.64883907930882,1.44900584617468e-06,0.00035717994108206,10.67365900376,-4.88921239638293,4.95321152496754,"Sncg","WTvsHET_in_PCBs"
"Nrxn3",-3.14839222122717,-1.65461528048049,1.81991391940823e-06,0.000358887024907302,10.3357275016976,-4.84156418655249,4.74568145486171,"Sncg","WTvsHET_in_PCBs"
"Slc17a6",1.95734730166296,0.968899763083933,4.77160877375062e-06,0.000784134375153018,9.05878919785371,4.63561820992121,3.64541188628552,"Sncg","WTvsHET_in_PCBs"
"Zeb2",-2.54333234787422,-1.34671999734104,2.22356353208965e-05,0.00313204806091486,9.625389722681,-4.29009672202138,2.43275133995931,"Sncg","WTvsHET_in_PCBs"
"Cxcl14",-2.49894269152474,-1.32131781635015,3.9158721591393e-05,0.00482631243613919,9.45409144409347,-4.15711575066612,1.90045868371952,"Sncg","WTvsHET_in_PCBs"
"Epha5",2.13482449087812,1.09411746724725,4.46696130787156e-05,0.0048938042772904,9.94061017172633,4.12566805613202,1.70719553633073,"Sncg","WTvsHET_in_PCBs"
"Kcnip1",-2.13323880684289,-1.09304547817881,5.20399360972114e-05,0.00513113769918504,9.10293885257505,-4.0889427186819,1.61153680401345,"Sncg","WTvsHET_in_PCBs"
"Nap1l5",-2.44438454269206,-1.28947126314135,6.34293647885656e-05,0.00568557760741143,9.70333116311472,-4.04093762190008,1.47400444316173,"Sncg","WTvsHET_in_PCBs"
"Cst3",-2.28050100059051,-1.18935080319135,7.33919169816586e-05,0.00603036917865961,9.31226478184128,-4.00524751084986,1.31294193767132,"Sncg","WTvsHET_in_PCBs"
"Neurod6",1.75331827079682,0.810087904838208,8.31967479827499e-05,0.00631015334699933,8.95291613380048,3.97435878590094,0.939588621452604,"Sncg","WTvsHET_in_PCBs"
"Dlx1as",-2.33581682080372,-1.22392713976582,0.000126514370086656,0.00891022635038875,9.35781939659733,-3.86963216648369,0.818401838574232,"Sncg","WTvsHET_in_PCBs"
"Sema3c",-2.12062192133387,-1.08448743046902,0.000190548363190144,0.0125253790736988,9.14841095254708,-3.76498567275173,0.41996525521375,"Sncg","WTvsHET_in_PCBs"
"Ptprd",1.93459691994901,0.952033007110014,0.000244572867214329,0.0143222170634787,9.73994783783353,3.70001097823528,0.0934623569311066,"Sncg","WTvsHET_in_PCBs"
"Rtn1",-2.25085215000503,-1.17047129470415,0.000246934776956528,0.0143222170634787,10.1366692799725,-3.69749032714643,0.248295603306295,"Sncg","WTvsHET_in_PCBs"
"Tshz2",1.6826440314059,0.750730002310418,0.000275960422670057,0.0144534480346003,8.96737356699293,3.66823974082711,-0.173638254019933,"Sncg","WTvsHET_in_PCBs"
"Rsrp1",-2.27000521316179,-1.18269561072941,0.000278514718719479,0.0144534480346003,9.966918325526,-3.66580608578543,0.13652042265058,"Sncg","WTvsHET_in_PCBs"
"9530059O14Rik",-2.23376949969006,-1.15948032332759,0.000333095243050294,0.0164215954823795,9.44788007260466,-3.61826834432722,-0.0552735043748989,"Sncg","WTvsHET_in_PCBs"
"Sparcl1",1.85514662770601,0.89153321957074,0.000350306596879201,0.0164477287868044,9.56071273440327,3.60479226688925,-0.252657976115174,"Sncg","WTvsHET_in_PCBs"
"Maf",-2.01882870696601,-1.01351850646219,0.000382638703761912,0.0171491709958748,9.16713751848814,-3.58107709127428,-0.220498094299335,"Sncg","WTvsHET_in_PCBs"
"Atp6v0c",-2.18088800595701,-1.12491568588927,0.000411620242524717,0.0176459808317118,9.62720442234029,-3.5613662783264,-0.232523778135667,"Sncg","WTvsHET_in_PCBs"
"Tmx4",-2.03088908497704,-1.02211145040557,0.000542374824295262,0.0222825656981304,9.52347543643818,-3.48606592636291,-0.493120704887464,"Sncg","WTvsHET_in_PCBs"
"5330434G04Rik",-2.21430683930367,-1.14685515205139,0.000607884246283474,0.0239749546734202,10.3799016135705,-3.45454635592884,-0.561791301783474,"Sncg","WTvsHET_in_PCBs"
"Cntnap5a",-1.96191126685379,-0.972259792951196,0.00066933085650545,0.0253830855582451,9.10484615307246,-3.42774333770672,-0.734659025384996,"Sncg","WTvsHET_in_PCBs"
"Col25a1",-2.04872644003605,-1.03472735870187,0.000778217998525727,0.0278419486141773,9.19695795456306,-3.38543961759666,-0.856233146418242,"Sncg","WTvsHET_in_PCBs"
"Phf20l1",-2.24405571257062,-1.16610849379501,0.000790643571193675,0.0278419486141773,9.8466241989457,-3.38096856495697,-0.806718039228841,"Sncg","WTvsHET_in_PCBs"
"Atp1b1",-2.09145786734318,-1.06450893501886,0.000830761088482557,0.0281972990448937,10.5630495157633,-3.36696708438014,-0.842528693883502,"Sncg","WTvsHET_in_PCBs"
"Htr2c",1.67357888955183,0.742936558722487,0.000857929991223946,0.0281972990448937,9.14130207242335,3.35783805299297,-1.16042146854861,"Sncg","WTvsHET_in_PCBs"
"Vstm2a",-1.93077769988524,-0.949182069138388,0.000933410585738431,0.0296701844287245,9.28077971919432,-3.33381996397108,-1.01084298028544,"Sncg","WTvsHET_in_PCBs"
"Gabra1",1.72583016946598,0.787290502915404,0.000962926878011343,0.0296701844287245,9.39108836729876,3.32491648553801,-1.21987648932476,"Sncg","WTvsHET_in_PCBs"
"Cdh2",-1.85728797327899,-0.893197523087767,0.00107236799317246,0.0320410557960013,9.12307469563934,-3.29397905019051,-1.15848758648062,"Sncg","WTvsHET_in_PCBs"
"Nfib",-1.84993489567475,-0.887474499206503,0.00135976658591519,0.0387752638150543,9.10423682527044,-3.22488344377366,-1.37827577558166,"Sncg","WTvsHET_in_PCBs"
"Tcf4",-1.96991283124603,-0.97813179175707,0.00140065467745329,0.0387752638150543,10.9283840135023,-3.21617724303443,-1.32088601933802,"Sncg","WTvsHET_in_PCBs"
"Syne1",-2.05319447296611,-1.03787028204768,0.00145959450115252,0.0387752638150543,9.78639899174497,-3.20403244823579,-1.36340934846921,"Sncg","WTvsHET_in_PCBs"
"Neto1",-1.90139874705863,-0.927061114879232,0.00146805676118732,0.0387752638150543,9.23688287656167,-3.20232614366748,-1.43214884169336,"Sncg","WTvsHET_in_PCBs"
"Ndfip1",-1.92794255209547,-0.947062063475669,0.00151998126510684,0.0387752638150543,9.50412339045705,-3.19205116743969,-1.4223213927621,"Sncg","WTvsHET_in_PCBs"
"Rpsa",-1.86584568650134,-0.899829674011145,0.00153370718943927,0.0387752638150543,9.20230355559983,-3.18938929492579,-1.46987309834321,"Sncg","WTvsHET_in_PCBs"
"Itfg1",-1.74227827745085,-0.800975070225634,0.00171529409270561,0.0422819993851932,9.01375032048134,-3.15610397051846,-1.60681697071012,"Sncg","WTvsHET_in_PCBs"
"Malat1",-1.49600162002396,-0.581111737524529,0.00184947509226366,0.0444776205115114,16.6933830899013,-3.13353802077183,-1.95204035638786,"Sncg","WTvsHET_in_PCBs"
"Bcl11a",1.58196691293646,0.661719425953771,0.0019070322310332,0.0447698518999699,8.99965194243564,3.12431812542872,-1.93079894788631,"Sncg","WTvsHET_in_PCBs"
"Ntm",-2.10033237585798,-1.07061765125255,1.0966211006563e-09,6.92354934472523e-07,9.27329861593367,-6.12428000151491,11.6101478729742,"Sst","WTvsHET_in_PCBs"
"C1ql3",1.84033070798594,0.879965042315035,1.68594397804125e-09,6.92354934472523e-07,9.44893556936539,6.05411952680038,11.1003080885075,"Sst","WTvsHET_in_PCBs"
"Sst",-4.76076974488132,-2.25119485448743,2.46389656395916e-09,6.92354934472523e-07,10.1013066242975,-5.99160173205745,10.907924135481,"Sst","WTvsHET_in_PCBs"
"Elavl2",-2.0190693279408,-1.01369044873735,9.20371031715619e-09,1.93968194934067e-06,9.22267231991438,-5.76965299735213,9.55283657904938,"Sst","WTvsHET_in_PCBs"
"Snhg11",-3.79000062736116,-1.92219808720659,2.52002211444729e-08,4.24875728495814e-06,11.7516856248973,-5.59460749220507,8.7099738421676,"Sst","WTvsHET_in_PCBs"
"Zbtb20",1.8277734982287,0.870087299483189,5.1027975351293e-07,7.16943053685667e-05,10.1227616818218,5.03915976390507,5.71243506629694,"Sst","WTvsHET_in_PCBs"
"Mgat4c",-1.9772610213575,-0.983503336095377,8.01552973191473e-07,8.47378055409456e-05,9.17282037988243,-4.95090251310558,5.28192824635441,"Sst","WTvsHET_in_PCBs"
"Meg3",-2.78827488183361,-1.47937279618108,8.04154738229614e-07,8.47378055409456e-05,13.0276204048589,-4.95026401812673,5.48317748054421,"Sst","WTvsHET_in_PCBs"
"Nrn1",1.50391882240116,0.588726696217684,1.63272944367111e-06,0.000152932324557194,8.98847502930204,4.80888705548143,4.41075298387552,"Sst","WTvsHET_in_PCBs"
"Arpp21",1.52530772124522,0.609100326694926,3.76301943780892e-06,0.000317222538607292,9.04312963183484,4.63721825723264,3.6265286520471,"Sst","WTvsHET_in_PCBs"
"Peg3",-1.8498234605492,-0.887387592502018,5.4564951569624e-06,0.000418165947029028,9.71305270524449,-4.55894981113103,3.56030435874311,"Sst","WTvsHET_in_PCBs"
"Epha7",1.49064503792074,0.575936754603822,9.55264635751702e-06,0.000671073406615571,9.13324643212075,4.43865169344716,2.77050431426907,"Sst","WTvsHET_in_PCBs"
"Dock10",1.46497945537194,0.550880432674245,1.51492120535253e-05,0.00098236813547091,9.00326847774363,4.33735152498334,2.29570490746022,"Sst","WTvsHET_in_PCBs"
"Tecr",-1.55210559594328,-0.634226713170235,2.69549883060568e-05,0.00162307536728614,9.21661173766612,-4.20770993336661,1.94961716743463,"Sst","WTvsHET_in_PCBs"
"Cacna2d1",1.45249314086493,0.538531350780566,2.92260364701565e-05,0.0016425032496228,9.03015285744736,4.18922398175255,1.68215843529441,"Sst","WTvsHET_in_PCBs"
"Dgkh",1.48898695044171,0.574331110121808,4.94525026535413e-05,0.00260552873355846,9.3174876057624,4.06720842079073,1.25710912444936,"Sst","WTvsHET_in_PCBs"
"Nrxn3",-1.65095687533859,-0.723302436091438,0.000111955685772218,0.00533008880624272,9.56087799689632,-3.87091900873981,0.708559820668145,"Sst","WTvsHET_in_PCBs"
"Scn1a",-1.57766939050051,-0.65779491215896,0.0001138097254002,0.00533008880624272,9.3785254007995,-3.86688311649005,0.644328121063497,"Sst","WTvsHET_in_PCBs"
"Nap1l5",-1.51172725960922,-0.596197877189724,0.000126087172179137,0.0055942887445796,9.2600773785972,-3.84162599579665,0.51922933063998,"Sst","WTvsHET_in_PCBs"
"Gabra2",1.45174399247046,0.537787063969299,0.000180082656161404,0.00737841166225011,9.25433148101156,3.75258435615002,0.0339672593023685,"Sst","WTvsHET_in_PCBs"
"Nfib",1.37533816781727,0.459786391763842,0.000183803849237547,0.00737841166225011,9.00144172080548,3.74741865544122,-0.0503935466008976,"Sst","WTvsHET_in_PCBs"
"Celf2",1.60032891872031,0.678368455511282,0.000199592251876425,0.00764801219690121,10.504193109354,3.72654205548443,0.213449135579743,"Sst","WTvsHET_in_PCBs"
"Scg5",-1.42181613426442,-0.507734911275408,0.000261887424318622,0.00922566112438017,9.03619264911173,-3.6569886983644,-0.233008604975165,"Sst","WTvsHET_in_PCBs"
"Ppp3ca",1.5318107383919,0.615238057281944,0.000274830005985258,0.00922566112438017,10.0358851867145,3.64451597365337,-0.165455895764906,"Sst","WTvsHET_in_PCBs"
"Rsrp1",-1.59091601133864,-0.66985767399478,0.000277090317164309,0.00922566112438017,9.86480267708041,-3.6423944125738,-0.0877634389533029,"Sst","WTvsHET_in_PCBs"
"5330434G04Rik",-1.6902968628724,-0.757276645905393,0.000286603645399277,0.00922566112438017,10.107948672838,-3.63363936871393,-0.0832594150019972,"Sst","WTvsHET_in_PCBs"
"Oxr1",-1.54363437241722,-0.62633107413029,0.000295483808254169,0.00922566112438017,9.38258131035814,-3.62570951602303,-0.242711810298673,"Sst","WTvsHET_in_PCBs"
"Rfx3",1.38161487835535,0.466355524179467,0.000340524202782454,0.010252210819486,9.06859924546001,3.58863951638726,-0.606215381349238,"Sst","WTvsHET_in_PCBs"
"Il1rap",1.36806623196778,0.452138076874723,0.000510517997740961,0.0148402300722631,9.06140663742862,3.48094841019371,-0.981814927494869,"Sst","WTvsHET_in_PCBs"
"Fyco1",1.38985692719422,0.474936378595518,0.000550744973193857,0.0154759337467474,9.19723604384573,3.46045481781916,-1.01468203749765,"Sst","WTvsHET_in_PCBs"
"Camk2a",1.43363559614758,0.519678364039991,0.000570898969097622,0.0155247687402999,9.47871250604456,3.4507069316947,-0.986637925333056,"Sst","WTvsHET_in_PCBs"
"Ctxn1",1.31833260370491,0.398714395520576,0.0006452178438621,0.0169974575742422,8.93485756657535,3.41733555773367,-1.24336935663884,"Sst","WTvsHET_in_PCBs"
"Syt7",1.35117425960805,0.434213749615507,0.000741634078372671,0.0185407261604677,9.04807795890262,3.37901198007639,-1.33376328273624,"Sst","WTvsHET_in_PCBs"
"Olfm1",1.41396008821341,0.499741397835256,0.000747787294728234,0.0185407261604677,9.44867017045443,3.37672650551563,-1.23234989267711,"Sst","WTvsHET_in_PCBs"
"Dynll1",1.34124856872132,0.423576631447966,0.000804568911178539,0.0190388235994196,9.12752837381702,3.35642386272997,-1.38594052281154,"Sst","WTvsHET_in_PCBs"
"Zranb2",-1.53423054056832,-0.617515285151407,0.000813045847662045,0.0190388235994196,9.87841651901835,-3.35350776629883,-1.07942107018572,"Sst","WTvsHET_in_PCBs"
"Nell2",1.32613701899888,0.407229845147085,0.000958874937381808,0.0218467992489963,8.95606498143156,3.30731639244633,-1.59959095267782,"Sst","WTvsHET_in_PCBs"
"Camk2b",1.36454631286947,0.448421360689918,0.00130260624637054,0.028897291202378,9.25743879059203,3.22003503648756,-1.79134474873461,"Sst","WTvsHET_in_PCBs"
"Slc25a3",-1.4409589468374,-0.527029233473948,0.00134135935006229,0.0289939982590388,9.37994100844591,-3.21157672277659,-1.63476554762638,"Sst","WTvsHET_in_PCBs"
"Lars2",1.54958651915829,0.631883308183849,0.00157086825286899,0.033106048429214,9.85418502379437,3.16567592598245,-1.77695346224367,"Sst","WTvsHET_in_PCBs"
"Mkl2",1.36138527387191,0.445075409271201,0.00187835190248926,0.0382855963124569,9.32380437706059,3.11303164001014,-2.10080583789874,"Sst","WTvsHET_in_PCBs"
"Ntng1",1.36155302933432,0.445253173103538,0.00190746743193736,0.0382855963124569,9.13320652232816,3.10846664070344,-2.17349696319537,"Sst","WTvsHET_in_PCBs"
"Nrgn",1.33577558107016,0.417677646080526,0.00204684091118947,0.0397390453356905,9.24973519616939,3.08746412281433,-2.20620645744566,"Sst","WTvsHET_in_PCBs"
"Ntrk3",1.33820734764752,0.420301670722751,0.00208734332400176,0.0397390453356905,9.11351831290539,3.0816070162461,-2.26176029095398,"Sst","WTvsHET_in_PCBs"
"Ppfia2",1.32095412917446,0.401580369111962,0.00212231471986632,0.0397390453356905,9.09762125782855,3.07663308783714,-2.28210371099518,"Sst","WTvsHET_in_PCBs"
"Stmn3",-1.42512268285064,-0.511086120204869,0.00217160835863489,0.0397390453356905,9.41155875479923,-3.06974836373801,-2.05987828697572,"Sst","WTvsHET_in_PCBs"
"Lsamp",-1.51822078568362,-0.602381608440497,0.00221558141254739,0.0397390453356905,9.98292824678669,-3.06372669639179,-1.97303236163008,"Sst","WTvsHET_in_PCBs"
"Rbfox1",-1.42606708570842,-0.512041851306573,0.0023638688097824,0.0415154459718034,9.3202544924468,-3.04419791735591,-2.16647346413135,"Sst","WTvsHET_in_PCBs"
"App",-1.43058634352428,-0.516606574637717,0.00250127072464167,0.0430320657321006,9.63026813245773,-3.02708007718414,-2.14502618050429,"Sst","WTvsHET_in_PCBs"
"Mdh1",-1.3458137693745,-0.428478786925753,0.00275220385695493,0.0464021570282601,9.13410368284303,-2.99792763801643,-2.36731503392047,"Sst","WTvsHET_in_PCBs"
"Tcf25",-1.35656547765852,-0.439958684194367,0.00281370399157157,0.046508871860683,9.10295829098443,-2.99115475133762,-2.40444191512025,"Sst","WTvsHET_in_PCBs"
"Cadm2",-1.47700336413288,-0.562673112096135,0.00302996999888365,0.0491204751742099,10.0245030841568,-2.96836599653881,-2.25732798059046,"Sst","WTvsHET_in_PCBs"
"Cadm2",-1.80837869927732,-0.854696829500366,1.49931434698822e-07,0.000189363402024612,9.78493301368357,-5.29817231707339,6.94252954028656,"Vip","WTvsHET_in_PCBs"
"Phactr1",-1.76311316928375,-0.818125080173947,2.96984831793727e-06,0.00187545921277739,9.21984441461474,-4.70519868244045,4.29120889610358,"Vip","WTvsHET_in_PCBs"
"Ppp1r9a",-1.53065979086616,-0.614153660648564,1.42705715869323e-05,0.00492813232884326,8.88727588374953,-4.36569176345646,2.85040518186549,"Vip","WTvsHET_in_PCBs"
"Elmod1",-1.64131214195332,-0.714849634235115,1.74349969605748e-05,0.00492813232884326,9.7137143708062,-4.32070800416799,2.67547066185631,"Vip","WTvsHET_in_PCBs"
"Pcp4",-1.87651266551536,-0.90805402772264,1.96389277864291e-05,0.00492813232884326,9.51901520258168,-4.29377832161097,2.57509029290957,"Vip","WTvsHET_in_PCBs"
"Hpca",-1.55335313220074,-0.635385842707193,2.34115550063813e-05,0.00492813232884326,8.96609332729517,-4.25375457827748,2.40253479931373,"Vip","WTvsHET_in_PCBs"
"Ckb",-1.59759363789857,-0.675900492657629,3.16341711707788e-05,0.0051276810469439,9.34281891953074,-4.18442082082113,2.14618386213403,"Vip","WTvsHET_in_PCBs"
"Slc24a2",-1.50879079859871,-0.593392782837942,3.24793732189637e-05,0.0051276810469439,9.10196578564027,-4.17829986182272,2.11295288250911,"Vip","WTvsHET_in_PCBs"
"Gapdh",-1.60898172955222,-0.686147943939505,4.49381824278024e-05,0.00630632493403494,9.83315946432198,-4.10227901618202,1.83014857910845,"Vip","WTvsHET_in_PCBs"
"Dgkb",-1.61022782263785,-0.687264822089729,5.70888930760508e-05,0.00721032719550522,9.22394389057168,-4.04545340223294,1.61061678439784,"Vip","WTvsHET_in_PCBs"
"Gpm6b",-1.47472374365476,-0.560444723296852,0.000158532310977745,0.0182023917058993,9.13205847465033,-3.79473439222404,0.685066884014852,"Vip","WTvsHET_in_PCBs"
"Malat1",-1.30151354297047,-0.38019032386241,0.000195175108593294,0.0205421801794442,16.4891005889872,-3.74192457665445,0.401418028853509,"Vip","WTvsHET_in_PCBs"
"Penk",-1.76086251115941,-0.816282267367823,0.000258027871469515,0.0250684001281536,9.26888544465815,-3.67000107709976,0.262758439115279,"Vip","WTvsHET_in_PCBs"
"Rtn4",-1.45670247336402,-0.542706241826092,0.000389330379581683,0.0351231621008332,9.43349238981702,-3.5617643437776,-0.0901337744082973,"Vip","WTvsHET_in_PCBs"
"Atp2b1",-1.65591640247572,-0.727629841449562,0.000486672274890197,0.0409778055457546,9.83280360332627,-3.50185515146113,-0.26502134216531,"Vip","WTvsHET_in_PCBs"
"Arpp19",-1.37342144714002,-0.457774397809205,0.000571673921506735,0.0436530655243815,8.85761037563337,-3.45809250570442,-0.5050166022612,"Vip","WTvsHET_in_PCBs"
"Ldhb",-1.29712435893965,-0.375316801428378,0.00058757095321812,0.0436530655243815,8.7270602400904,-3.45058900245765,-0.560126184928532,"Vip","WTvsHET_in_PCBs"
"Plcb1",-1.39929414500016,-0.484699262665274,0.000726891964448277,0.0491976106102327,9.16099413365564,-3.39190134231663,-0.670537814645995,"Vip","WTvsHET_in_PCBs"
"Arpp21",-1.56027246237379,-0.641797981518756,0.000740106572917197,0.0491976106102327,9.62768482596471,-3.38689266990872,-0.641021125238847,"Vip","WTvsHET_in_PCBs"
"Calm2",1.61358614525925,0.690270601698875,4.04156421324352e-10,7.65876418409647e-07,10.1758295443113,6.26524128927031,12.5139892012428,"L2_3_IT","WTvsHET_in_Vehicle"
"Calm1",1.49506702919317,0.580210167043307,2.92527404108907e-08,2.77169715393189e-05,10.4643225221713,5.55486012724361,8.52741756064776,"L2_3_IT","WTvsHET_in_Vehicle"
"Gm42418",1.75680512106452,0.812954164899518,6.06992024477322e-08,3.49574227313104e-05,12.4256497802029,5.42513547758216,7.75517258255977,"L2_3_IT","WTvsHET_in_Vehicle"
"Ppia",1.51561654146597,0.599904790644596,7.37887551056683e-08,3.49574227313104e-05,9.71392914374343,5.38994018645385,7.69432760987756,"L2_3_IT","WTvsHET_in_Vehicle"
"Ubb",1.4410820765129,0.527152506231623,2.085555425399e-07,7.9042550622622e-05,9.35569717451963,5.19896737673502,6.73555176012773,"L2_3_IT","WTvsHET_in_Vehicle"
"Olfm1",1.42729170595493,0.513280218994689,4.69285202507784e-07,0.000129657098121179,9.87989840419049,5.04526193261989,5.98041869528275,"L2_3_IT","WTvsHET_in_Vehicle"
"Selenow",1.433920454667,0.519964994165008,4.78944425777441e-07,0.000129657098121179,9.41857740937803,5.04134486281964,5.96438025252411,"L2_3_IT","WTvsHET_in_Vehicle"
"Rplp1",1.37216233840079,0.456451174623709,7.04251597589751e-07,0.000162422246939705,8.8536796733708,4.96668212028945,5.59750381945313,"L2_3_IT","WTvsHET_in_Vehicle"
"Ywhah",1.39607258438026,0.481373951865034,7.71398534278283e-07,0.000162422246939705,9.1387019553977,4.94889477965101,5.52128999341309,"L2_3_IT","WTvsHET_in_Vehicle"
"Eif1",1.39394807617612,0.47917682258483,1.32770266162494e-06,0.000251599654377926,9.31990568866972,4.84159078466993,5.02061868609745,"L2_3_IT","WTvsHET_in_Vehicle"
"Gapdh",1.40244125905786,0.487940345136627,1.72182723443809e-06,0.000292628445431872,9.53322472631996,4.78944255101241,4.78234735160231,"L2_3_IT","WTvsHET_in_Vehicle"
"Rtn1",1.38507160603908,0.469960563283167,1.95804600463469e-06,0.000292628445431872,10.2171182830221,4.76345706322633,4.66460705366231,"L2_3_IT","WTvsHET_in_Vehicle"
"Ctxn1",1.37880716900571,0.463420705023286,2.18873793785588e-06,0.000292628445431872,9.13139648958273,4.7408390745316,4.55494000632068,"L2_3_IT","WTvsHET_in_Vehicle"
"Hspa8",1.40466132302515,0.49022232511433,2.29745456370067e-06,0.000292628445431872,9.46238863982728,4.73096374773192,4.51594344560286,"L2_3_IT","WTvsHET_in_Vehicle"
"Atp6v0c",1.39098469154415,0.47610654241439,2.31632014853724e-06,0.000292628445431872,9.35476839598975,4.72929592361445,4.50694194950378,"L2_3_IT","WTvsHET_in_Vehicle"
"Fth1",1.40374884609241,0.489284836704275,3.98295819254081e-06,0.000471731610929052,9.87250838055795,4.61752241210008,4.01345552328636,"L2_3_IT","WTvsHET_in_Vehicle"
"Tpt1",1.32445257587485,0.405396186648212,4.53764300077658e-06,0.000505813734498331,8.7454063047887,4.59026543991296,3.85782835872966,"L2_3_IT","WTvsHET_in_Vehicle"
"Nrgn",1.41991599488035,0.505805579480317,7.03152129597897e-06,0.000740262936437786,10.0855911321129,4.49759847903988,3.49483583153664,"L2_3_IT","WTvsHET_in_Vehicle"
"Chn1",1.36517691997191,0.44908792918644,7.60470602935078e-06,0.000750321885157757,10.0363042772991,4.48083478643813,3.42280760747188,"L2_3_IT","WTvsHET_in_Vehicle"
"AC149090.1",-1.36302422669502,-0.446811205152759,7.9189644871531e-06,0.000750321885157757,10.1836450068104,-4.47215004944407,3.3864135463678,"L2_3_IT","WTvsHET_in_Vehicle"
"Pcsk1n",1.35713995191419,0.440569503012889,1.31114532872821e-05,0.0011831525704476,9.55093670112725,4.36269190019853,2.91768337216345,"L2_3_IT","WTvsHET_in_Vehicle"
"Gpm6a",1.35415809026,0.43739617519083,1.46036242021809e-05,0.00125790308468786,9.84979303127385,4.3389690709722,2.82476732951765,"L2_3_IT","WTvsHET_in_Vehicle"
"Kcnip4",1.34096829729227,0.423275129949411,1.61676071076543e-05,0.00133207023778282,9.97192057364463,4.31646801053045,2.73324807261701,"L2_3_IT","WTvsHET_in_Vehicle"
"Ywhaz",1.34433168493979,0.426889136018929,1.8037137877143e-05,0.00142418234488275,9.31410647861769,4.29214847277042,2.61950381730041,"L2_3_IT","WTvsHET_in_Vehicle"
"Ttc3",1.2905905354264,0.368031350598282,2.15363281630638e-05,0.00163245367476024,10.7643529203142,4.25247421077855,2.4823388505948,"L2_3_IT","WTvsHET_in_Vehicle"
"Cox4i1",1.30967051922631,0.389203910949598,5.25927263663266e-05,0.00383320063323803,8.9935065978919,4.04738294865705,1.62270962097024,"L2_3_IT","WTvsHET_in_Vehicle"
"Ywhae",1.26309515923032,0.336963333169902,5.76241411678031e-05,0.00404436101899951,8.62820572334981,4.02586698172452,1.49047703433214,"L2_3_IT","WTvsHET_in_Vehicle"
"Fam171b",1.30872848023558,0.388165814739535,6.04081332056408e-05,0.00408833615802462,9.14621291047572,4.01471520490589,1.50766607687532,"L2_3_IT","WTvsHET_in_Vehicle"
"Fau",1.29979136391854,0.37828006756438,6.59736880692428e-05,0.00420879628227701,8.96941517487733,3.99380991071117,1.41389623432861,"L2_3_IT","WTvsHET_in_Vehicle"
"Uba52",1.28979489259207,0.367141661798058,6.66300202998999e-05,0.00420879628227701,8.85000140987566,3.99145564903159,1.39157496371179,"L2_3_IT","WTvsHET_in_Vehicle"
"Rpl9-ps6",1.25876979760918,0.332014468748827,9.32308203764987e-05,0.00569910982624081,8.65906280427554,3.91081512959045,1.05535331640031,"L2_3_IT","WTvsHET_in_Vehicle"
"Rps8",1.30080408584712,0.379403694061647,0.000100639977661434,0.00595977367713805,9.00558481838601,3.89224937044424,1.03164349989264,"L2_3_IT","WTvsHET_in_Vehicle"
"Aldoa",1.28640372380219,0.363343487860181,0.000121440072118514,0.00697360414135103,9.00156593792384,3.84629886148682,0.861398186768827,"L2_3_IT","WTvsHET_in_Vehicle"
"Eef1a1",1.26163912225123,0.335299302560915,0.000133232760328429,0.00732822962894579,8.72401134491896,3.82345055353734,0.741886498499439,"L2_3_IT","WTvsHET_in_Vehicle"
"Rpl19",1.2668134105992,0.34120404505733,0.000135790259034454,0.00732822962894579,8.78775513120145,3.81874790693649,0.734734686074514,"L2_3_IT","WTvsHET_in_Vehicle"
"Sncb",1.24665276993186,0.318059687416785,0.000139217027251741,0.00732822962894579,8.6081399963246,3.81257604637399,0.678794902743988,"L2_3_IT","WTvsHET_in_Vehicle"
"Actb",1.28441907316171,0.361115993838341,0.000145394121451379,0.00743295223296778,8.9685107569396,3.80180366764809,0.694801044883844,"L2_3_IT","WTvsHET_in_Vehicle"
"4930447C04Rik",-1.21639908309064,-0.282616633992784,0.000149051284882731,0.00743295223296778,8.24157550607156,-3.79562730444417,0.477086804419593,"L2_3_IT","WTvsHET_in_Vehicle"
"Dynll1",1.28323712194872,0.35978778231436,0.000154683138885178,0.00751601405608752,8.97685024236529,3.786389656953,0.638424602608755,"L2_3_IT","WTvsHET_in_Vehicle"
"Lars2",1.3877581460599,0.472756161660643,0.000204789021978029,0.00970187991620912,9.31336887330113,3.71584083790652,0.407301293944356,"L2_3_IT","WTvsHET_in_Vehicle"
"Vdac1",1.24066033206684,0.311108188540159,0.000220258822198732,0.0101802553186975,8.61626661925392,3.69733706360366,0.26124012370192,"L2_3_IT","WTvsHET_in_Vehicle"
"Atp5g3",1.26556583405817,0.339782557625477,0.000246127904710778,0.011105056653022,8.84574850649904,3.6689619499763,0.201932431146822,"L2_3_IT","WTvsHET_in_Vehicle"
"Stmn3",1.2771917449703,0.352975133303378,0.000281032758624175,0.0123850483161119,9.11848009831019,3.63481885011271,0.11122400677248,"L2_3_IT","WTvsHET_in_Vehicle"
"Chchd2",1.25012555677976,0.322072999724773,0.00030314489673088,0.0130558995296595,8.73730040328345,3.61519220004401,-0.00464027468408368,"L2_3_IT","WTvsHET_in_Vehicle"
"Wasf1",1.26419300384546,0.338216736010693,0.000317691549547242,0.013378344142045,8.88990506983119,3.60299949359212,-0.0224436384800395,"L2_3_IT","WTvsHET_in_Vehicle"
"Ppp3ca",1.29014588294708,0.367534207280112,0.000326261668454503,0.0134405622113322,9.94696285695764,3.59605873109381,0.0176881816024537,"L2_3_IT","WTvsHET_in_Vehicle"
"Rps3a1",1.21871784709516,0.285364157366244,0.000382054633433544,0.015404117667161,8.49960580808166,3.55465167695589,-0.275104952291999,"L2_3_IT","WTvsHET_in_Vehicle"
"Cox8a",1.29802236035944,0.376315236111946,0.000416449567771728,0.0161564005628096,9.51214628420247,3.53186161239694,-0.219880448778603,"L2_3_IT","WTvsHET_in_Vehicle"
"Tspan7",1.26017445644892,0.333623471845279,0.00041776444727054,0.0161564005628096,9.08138706789237,3.5310257402112,-0.24914054309115,"L2_3_IT","WTvsHET_in_Vehicle"
"Ptms",1.26059183818586,0.334101227017451,0.000459490564089204,0.0174017836692968,9.0289515482269,3.50570053912963,-0.339825957006683,"L2_3_IT","WTvsHET_in_Vehicle"
"Stmn2",1.2455852730924,0.316823792238188,0.000468332964186879,0.0174017836692968,8.72318364244203,3.50061065573918,-0.400088737171533,"L2_3_IT","WTvsHET_in_Vehicle"
"Atp1b1",1.27206323584611,0.347170390570365,0.000537186318023024,0.0193680933216968,9.69092319468265,3.46379069067491,-0.438885085760659,"L2_3_IT","WTvsHET_in_Vehicle"
"Syt1",1.22637547469559,0.294400751091028,0.000541693375224237,0.0193680933216968,11.1535815093516,3.46153683728538,-0.394093431228514,"L2_3_IT","WTvsHET_in_Vehicle"
"Arl6ip1",1.26775105597607,0.342271476101105,0.000617664976109717,0.0213741774782186,9.07884329160481,3.42596265522047,-0.600647968225632,"L2_3_IT","WTvsHET_in_Vehicle"
"Ywhab",1.23123292715328,0.300103719629267,0.000620358713088138,0.0213741774782186,8.69576453935771,3.42477761994755,-0.659712936399637,"L2_3_IT","WTvsHET_in_Vehicle"
"Hsp90ab1",1.26137196942908,0.334993778693512,0.000640008602253141,0.0216574339512447,9.14275921037317,3.41627529309063,-0.627043645484712,"L2_3_IT","WTvsHET_in_Vehicle"
"Rpl13",1.24646183216634,0.317838706826683,0.000663809586745896,0.0219659982439419,8.91164385364548,3.40629625597046,-0.684385565397405,"L2_3_IT","WTvsHET_in_Vehicle"
"Skp1a",1.25178610106041,0.323988062827139,0.000672310236490044,0.0219659982439419,8.93607895177883,3.40281270973596,-0.692159936900218,"L2_3_IT","WTvsHET_in_Vehicle"
"Gnas",1.24415350395129,0.315164496502973,0.000693901468426595,0.0222871742825152,8.86334606564208,3.39414549935798,-0.729581055902601,"L2_3_IT","WTvsHET_in_Vehicle"
"Gng3",1.23322477680129,0.302435780131247,0.000759939155817139,0.0236442152498754,8.7578233581619,3.36911126867204,-0.829479585982747,"L2_3_IT","WTvsHET_in_Vehicle"
"Cfl1",1.22281706647087,0.290208592716213,0.000761106665035567,0.0236442152498754,8.65505863642323,3.36868713681791,-0.85356300355393,"L2_3_IT","WTvsHET_in_Vehicle"
"Rps2",1.23989327194951,0.310215941050871,0.000880416183698153,0.0269094946469032,8.94465558695345,3.32824167781925,-0.93273474939044,"L2_3_IT","WTvsHET_in_Vehicle"
"Kpna1",1.24355752506263,0.314473245956935,0.000919472533939209,0.0276427581338048,8.95435997759,3.31610344912389,-0.97382514226565,"L2_3_IT","WTvsHET_in_Vehicle"
"Itm2b",1.24030884027922,0.310699400339196,0.000933581277342219,0.0276427581338048,9.11006710859648,3.3118358957211,-0.966855029295018,"L2_3_IT","WTvsHET_in_Vehicle"
"Rpl23",1.2035572703712,0.267304793008673,0.000953601328234702,0.0278011464154578,8.53657954932347,3.30588177527001,-1.09649662169109,"L2_3_IT","WTvsHET_in_Vehicle"
"Hmgb1",1.21130842502944,0.276566252816772,0.00098016625976004,0.0281426524582618,8.54337816443885,3.29815748121189,-1.11385754575264,"L2_3_IT","WTvsHET_in_Vehicle"
"Arl6ip5",1.21678178124491,0.283070457004446,0.0010376141338206,0.0293474445311945,8.69582884032003,3.28209551746567,-1.12258067959093,"L2_3_IT","WTvsHET_in_Vehicle"
"Chchd10",1.21457843728155,0.280455661997717,0.0011168433579985,0.0311237965206935,8.6325927408121,3.26124419319552,-1.20406057476767,"L2_3_IT","WTvsHET_in_Vehicle"
"Fkbp1a",1.21728387163669,0.283665645000061,0.00115089159313973,0.0313079522666248,8.67842916308632,3.25270117286806,-1.22004132748165,"L2_3_IT","WTvsHET_in_Vehicle"
"Camk2n1",1.27094587998975,0.345902598137699,0.00115649427897822,0.0313079522666248,10.1421036821171,3.25131784810992,-1.09890797138071,"L2_3_IT","WTvsHET_in_Vehicle"
"Tusc3",1.22802096295638,0.29633518847281,0.00137380842975979,0.0366671404844338,8.93243112834689,3.20193645765956,-1.3311173108687,"L2_3_IT","WTvsHET_in_Vehicle"
"Mapk1",1.23747012610601,0.307393697362803,0.00139463154554638,0.0367059274834776,9.01191498640483,3.1975911977268,-1.33505316791936,"L2_3_IT","WTvsHET_in_Vehicle"
"Cdc42",1.24077845396232,0.311245539397994,0.00148202191250386,0.0383218193572595,9.05356168854474,3.17998411853921,-1.38448261262904,"L2_3_IT","WTvsHET_in_Vehicle"
"Mdh1",1.22338458239153,0.290877999851503,0.00150585952484028,0.0383218193572595,8.89028678656191,3.17534764826303,-1.41841287279054,"L2_3_IT","WTvsHET_in_Vehicle"
"Rps24",1.20395715835813,0.267784056114282,0.00151669469751687,0.0383218193572595,8.63915242702846,3.17326250277606,-1.48081273240359,"L2_3_IT","WTvsHET_in_Vehicle"
"Morf4l1",1.22380277174678,0.291371071797002,0.00157308501158819,0.0392236328547317,8.90369785082059,3.16262733672619,-1.45549494096376,"L2_3_IT","WTvsHET_in_Vehicle"
"Rpl11",1.19377603986862,0.255532203037047,0.001755747661874,0.0432096340162497,8.53101495944816,3.13043634724343,-1.64208147457261,"L2_3_IT","WTvsHET_in_Vehicle"
"Gabra1",1.23998813169565,0.310326312204275,0.00204209368119738,0.0496124041778082,9.27009053827189,3.08569784877358,-1.64855954810621,"L2_3_IT","WTvsHET_in_Vehicle"
"Gm42418",2.38392721587034,1.25334018927916,5.56891003569666e-15,7.14491157579881e-12,12.3711926447862,7.85236022333468,23.2050083634895,"L4","WTvsHET_in_Vehicle"
"Calm2",1.62198715078142,0.697762390715883,4.3356724056909e-09,2.55850662427736e-06,10.0483231432365,5.88757591138178,10.3717925763042,"L4","WTvsHET_in_Vehicle"
"Syt1",1.51250787447544,0.596942653420025,5.98247846674362e-09,2.55850662427736e-06,11.5219445691259,5.8335268498538,10.014951398211,"L4","WTvsHET_in_Vehicle"
"Rtn1",1.57436320565564,0.654768409047899,1.3376692363141e-08,4.29057407547747e-06,10.517923324344,5.69636585849809,9.30508298646074,"L4","WTvsHET_in_Vehicle"
"Calm1",1.6018202778528,0.679712288323629,2.08728305086582e-08,5.35596830852169e-06,10.4106822384836,5.61919594502201,8.88988720346893,"L4","WTvsHET_in_Vehicle"
"Nrgn",1.54061978668046,0.623510859547848,1.7606941440566e-07,3.76495097804103e-05,10.2046716201873,5.23483602491877,6.89299695676038,"L4","WTvsHET_in_Vehicle"
"Snhg11",1.27200020005351,0.347098897521785,3.19319122504321e-07,5.85266334532921e-05,13.1534377945361,5.12280595582554,6.30484044226459,"L4","WTvsHET_in_Vehicle"
"Selenow",1.47189135358417,0.557671184010319,5.20255356009249e-07,7.68066885976183e-05,9.64994915979504,5.02923887159039,5.86151988181739,"L4","WTvsHET_in_Vehicle"
"Mef2c",1.4069520583467,0.492573169822594,5.38784253607611e-07,7.68066885976183e-05,12.0156498826744,5.02246934781967,5.84471909946053,"L4","WTvsHET_in_Vehicle"
"Hspa8",1.46585341326643,0.551740839810516,8.7692090650536e-07,0.000112508952304638,9.61184415531766,4.92736039437957,5.36958671085992,"L4","WTvsHET_in_Vehicle"
"Ubb",1.42338629193898,0.509327247131447,1.83612147140085e-06,0.000214158531618844,9.49691155722926,4.77977021300064,4.67038085735616,"L4","WTvsHET_in_Vehicle"
"Ppia",1.48816038205629,0.573530016989314,2.33748599061041e-06,0.000231011722330643,9.9988757520071,4.73064437495681,4.47347787802647,"L4","WTvsHET_in_Vehicle"
"Ptn",1.45152349069073,0.537567919969254,2.34072672665499e-06,0.000231011722330643,9.45851002237998,4.73036111025855,4.43984089741723,"L4","WTvsHET_in_Vehicle"
"Camk2n1",1.47925967010377,0.564875326195012,3.22095446160223e-06,0.000293855509653587,10.2600591828466,4.66467811680448,4.18635329331685,"L4","WTvsHET_in_Vehicle"
"Fth1",1.41027678747685,0.495978340447809,3.43556714326095e-06,0.000293855509653587,9.54567867939252,4.65130297642553,4.08840063708721,"L4","WTvsHET_in_Vehicle"
"Atp1b1",1.43103794704387,0.517061928728554,3.81195383497601e-06,0.000305671048142139,9.84630578307117,4.62967264353219,4.01071571464793,"L4","WTvsHET_in_Vehicle"
"Eif1",1.41001926438945,0.495714873580999,4.08921198908849e-06,0.000308615234235326,9.49292811232811,4.61501221346585,3.92139242100425,"L4","WTvsHET_in_Vehicle"
"Gpm6a",1.42603159681821,0.512005948168844,5.09474528847455e-06,0.000363142122506269,10.0245436981746,4.56882803754848,3.75055933968379,"L4","WTvsHET_in_Vehicle"
"Ywhah",1.39113927071909,0.476266859217218,6.67678516450436e-06,0.000450858703476794,9.31194058966778,4.51143285542987,3.44379460649338,"L4","WTvsHET_in_Vehicle"
"Snap25",1.37833981121192,0.462931609024617,1.01591657895821e-05,0.000651710485401691,11.1797966394571,4.42101212867376,3.15439979646671,"L4","WTvsHET_in_Vehicle"
"Itm2b",1.38617397950601,0.471108342336844,1.72009642265694e-05,0.00105089700488993,9.64051790870235,4.30515116024634,2.59755230209259,"L4","WTvsHET_in_Vehicle"
"Chn1",1.38690912034733,0.471873255635707,2.2433016422378e-05,0.0013082527304505,9.7490635469461,4.2456405508719,2.36001607411715,"L4","WTvsHET_in_Vehicle"
"Tpt1",1.32562425858675,0.40667190886586,2.45703602041487e-05,0.00137059878877925,9.06922220447387,4.22507352570978,2.18882230148077,"L4","WTvsHET_in_Vehicle"
"Rps8",1.34882695040389,0.431705267627506,3.11733644791831e-05,0.00166647610944966,9.27293845232516,4.1708511562803,2.00554798725247,"L4","WTvsHET_in_Vehicle"
"Ppp3ca",1.38955177226063,0.474619587825419,3.48376735961876e-05,0.00173738327138685,9.91682998286473,4.14531628206646,1.96560804629331,"L4","WTvsHET_in_Vehicle"
"Gabra1",1.38468334354396,0.46955609112579,3.52080787654388e-05,0.00173738327138685,9.83443387761385,4.14287890050465,1.94995776303509,"L4","WTvsHET_in_Vehicle"
"Gapdh",1.38390333094997,0.468743170698686,3.78037806911718e-05,0.00176778053911054,9.67451217743264,4.12645198039,1.8717774287487,"L4","WTvsHET_in_Vehicle"
"Atp6v0c",1.36836276192034,0.452450748823938,3.85797779384997e-05,0.00176778053911054,9.53034934033167,4.12174889364885,1.83981363808708,"L4","WTvsHET_in_Vehicle"
"Ttc3",1.35865604269241,0.442180269711741,4.50421129103582e-05,0.00199272520220654,10.6579478725083,4.08574336286021,1.77357678898898,"L4","WTvsHET_in_Vehicle"
"Mdh1",1.31444183315807,0.394450301049819,5.53088658917412e-05,0.00232970810274892,9.15003148533025,4.03756256707425,1.45196133356536,"L4","WTvsHET_in_Vehicle"
"Pcsk1n",1.3562259487461,0.439597553090827,5.62906868162249e-05,0.00232970810274892,9.60080683634584,4.03340986774077,1.49782816868165,"L4","WTvsHET_in_Vehicle"
"Ywhaz",1.34222919120215,0.424631038735541,5.89528905258313e-05,0.00236364245452005,9.37485596337176,4.02248599405638,1.42922701806505,"L4","WTvsHET_in_Vehicle"
"Lars2",1.42020732983689,0.506101557823831,6.27884190293807e-05,0.00244113762468774,9.43328900397237,4.00754246664295,1.37584630823382,"L4","WTvsHET_in_Vehicle"
"Xist",1.25576249388126,0.32856362879901,6.52635623667396e-05,0.00246273972107432,12.191098907962,3.99835158701445,1.48130402824826,"L4","WTvsHET_in_Vehicle"
"Hsp90aa1",1.34001366346513,0.422247711215051,8.8536573543229e-05,0.00324549782445608,9.42374002204039,3.92518090226688,1.06032380111665,"L4","WTvsHET_in_Vehicle"
"Olfm1",1.34745359495393,0.43023558876061,9.16325885694719e-05,0.00326568364262868,9.58058901824826,3.91685836537136,1.04694122134209,"L4","WTvsHET_in_Vehicle"
"Pafah1b1",1.33951487315498,0.421710600073763,0.000122500267402787,0.00424777954264259,9.53432699822649,3.84592222920271,0.77620958226191,"L4","WTvsHET_in_Vehicle"
"Brinp1",1.32112448313934,0.401766411131693,0.000169884492728024,0.00573583695184353,9.367683458344,3.76460855605781,0.455226685449278,"L4","WTvsHET_in_Vehicle"
"Rorb",1.39142491391819,0.476563057975563,0.000209781105120963,0.0068487150975143,10.2624854013115,3.71132052626094,0.347550478532176,"L4","WTvsHET_in_Vehicle"
"Egr1",1.29565028272295,0.373676363696013,0.00021352190483287,0.0068487150975143,9.03742134729714,3.70682495117417,0.176599343663558,"L4","WTvsHET_in_Vehicle"
"Nrn1",1.32977057458055,0.411177358909779,0.000220257311158692,0.00689244220040493,9.53770291356285,3.69891395027388,0.239123214387623,"L4","WTvsHET_in_Vehicle"
"Hpca",1.26703846909999,0.341460327428412,0.000241739289067178,0.00721033700728009,8.97933881127644,3.67511863788714,0.048889069284936,"L4","WTvsHET_in_Vehicle"
"Ndfip1",1.32753586617365,0.408750838996938,0.000244139451956939,0.00721033700728009,9.70382489259186,3.67258452278421,0.162326863162552,"L4","WTvsHET_in_Vehicle"
"Wasf1",1.25938381246167,0.332718028846776,0.000247275782011164,0.00721033700728009,8.92371573208571,3.66930816506591,0.0101308280609942,"L4","WTvsHET_in_Vehicle"
"Atp2b2",1.31420599552379,0.39419142895396,0.000298440866190283,0.00850888069604739,9.43310207078018,3.6207343460041,-0.0512243500756204,"L4","WTvsHET_in_Vehicle"
"Chgb",1.29811559778208,0.376418861704656,0.000315522667669475,0.00880033875260732,9.25005332534238,3.60624881860099,-0.130421875249525,"L4","WTvsHET_in_Vehicle"
"Rps16",1.23518655896181,0.304728958702559,0.00037746656422951,0.0103040340831162,8.84486062218974,3.5592467873433,-0.409269292554375,"L4","WTvsHET_in_Vehicle"
"Hsp90ab1",1.28832099294962,0.365492094415521,0.000421720083825214,0.0112722264072448,9.36011721839682,3.52990417143841,-0.377736981596386,"L4","WTvsHET_in_Vehicle"
"Nptn",1.30228464827694,0.381044821601831,0.000502063566014096,0.0131458684733895,9.66405726968826,3.48331144834058,-0.497510643383818,"L4","WTvsHET_in_Vehicle"
"Sncb",1.24828439269847,0.319946656311087,0.000577844704127081,0.0148274951079009,8.98549675117277,3.44535216383816,-0.747331300227189,"L4","WTvsHET_in_Vehicle"
"Fau",1.26961019019096,0.34438561274301,0.000617037364526805,0.0155227242879978,9.17597770721434,3.42750704991373,-0.760069713190584,"L4","WTvsHET_in_Vehicle"
"Rps3a1",1.21334872888421,0.278994255425884,0.000668848769597534,0.0165025571421853,8.79867300363584,3.40547084065093,-0.950262619742706,"L4","WTvsHET_in_Vehicle"
"Uba52",1.24483487486093,0.315954384045451,0.000744140743570092,0.0179906991930678,9.03946222201165,3.37612521877607,-0.963711117153931,"L4","WTvsHET_in_Vehicle"
"Stmn3",1.2830717154336,0.359601810029223,0.00075720791615406,0.0179906991930678,9.40731725786909,3.37131535611742,-0.901322837403539,"L4","WTvsHET_in_Vehicle"
"Actb",1.25558425691844,0.328358844985126,0.000775754419392106,0.0180962349105468,9.10730357952568,3.36461936289702,-0.980962427236621,"L4","WTvsHET_in_Vehicle"
"Tspan7",1.26129955248902,0.334910949391779,0.000856468950863657,0.0196223154278227,9.19896847962268,3.33710861486286,-1.04969378838394,"L4","WTvsHET_in_Vehicle"
"Vamp2",1.25277502184941,0.325127353203573,0.000940682347351671,0.0211736044149508,9.05618809443227,3.31085963936518,-1.16969788485407,"L4","WTvsHET_in_Vehicle"
"Syt4",1.26670621636096,0.341081963038018,0.000993374229826592,0.0215183520959887,9.18690901368653,3.2955229899787,-1.18589600539512,"L4","WTvsHET_in_Vehicle"
"Arl6ip5",1.22373537961666,0.291291623562945,0.00100297238991995,0.0215183520959887,8.84827153555894,3.29281075197035,-1.29982106223894,"L4","WTvsHET_in_Vehicle"
"Rtn4",1.2963610810873,0.374467614317318,0.00100631420558014,0.0215183520959887,9.76437103531718,3.29187206497051,-1.11525035443598,"L4","WTvsHET_in_Vehicle"
"Osbpl1a",1.28526749242525,0.362068647228042,0.00102850110543728,0.0216284987976167,9.60757411256576,3.28571218678331,-1.15190463158673,"L4","WTvsHET_in_Vehicle"
"Morf4l1",1.2528462233367,0.325209346467993,0.00104518076808436,0.0216284987976167,9.15685655399887,3.28116181147894,-1.24003585157658,"L4","WTvsHET_in_Vehicle"
"Gabrg2",1.28526185067614,0.36206231442854,0.00117504613652213,0.0239299078279032,9.64385036444894,3.24786947850976,-1.26788774361555,"L4","WTvsHET_in_Vehicle"
"Camk4",1.27287089238983,0.348086093744412,0.00123023246972241,0.0246096502621904,9.24648804603193,3.23474272789206,-1.36708071866576,"L4","WTvsHET_in_Vehicle"
"Rplp1",1.23170423296459,0.300655865722176,0.00124678664617488,0.0246096502621904,9.02466510822378,3.2309111645727,-1.43889995117884,"L4","WTvsHET_in_Vehicle"
"Gnas",1.25802195889842,0.33115710482242,0.00133505970116881,0.0253963013590121,9.24308009522596,3.21124068729804,-1.444574829141,"L4","WTvsHET_in_Vehicle"
"Rgs4",1.27026503663083,0.345129541989858,0.00134559894155694,0.0253963013590121,9.18859048581432,3.20897297642593,-1.46136249279873,"L4","WTvsHET_in_Vehicle"
"Atp1a1",1.28089699438554,0.357154463451459,0.0013460237664948,0.0253963013590121,9.587329138152,3.20888191169703,-1.39659441838165,"L4","WTvsHET_in_Vehicle"
"Cnksr2",1.2739548356649,0.349314131976266,0.00140336156433891,0.0258410458298411,9.4785921468675,3.19682801841525,-1.44758586972602,"L4","WTvsHET_in_Vehicle"
"Vdac1",1.19837045396999,0.261073959452995,0.00140987779274269,0.0258410458298411,8.76589573295669,3.19548702169082,-1.64587969605692,"L4","WTvsHET_in_Vehicle"
"Eef1a1",1.22032796279725,0.287268923784873,0.00158111527619376,0.0285714211176985,8.93089324633073,3.16215077386999,-1.68200271863155,"L4","WTvsHET_in_Vehicle"
"Stmn2",1.24281311473104,0.313609370629037,0.00163003865992694,0.0290463833428648,9.08442871399087,3.15323783286447,-1.65875763102486,"L4","WTvsHET_in_Vehicle"
"Atp5g3",1.23659273532061,0.306370435255916,0.00169702179590302,0.0298257392348435,9.06965666631943,3.14142609699222,-1.69889301676963,"L4","WTvsHET_in_Vehicle"
"Negr1",1.27771939836245,0.353571038914394,0.00173831973149449,0.0301387056149653,9.47794565673735,3.13435572581705,-1.6400763417881,"L4","WTvsHET_in_Vehicle"
"Elmod1",1.26017615882301,0.333625420785744,0.00189977206554873,0.0324987674679869,9.40769786100995,3.1081203288429,-1.72961773125843,"L4","WTvsHET_in_Vehicle"
"Rab6a",1.23395416017689,0.303288801202211,0.00202041732170689,0.0340707763443355,9.11190817171869,3.08982175199687,-1.84297714830525,"L4","WTvsHET_in_Vehicle"
"Ywhae",1.19922628181415,0.262103906333239,0.0020447776917489,0.0340707763443355,8.8164426503776,3.08624911258869,-1.95886187005242,"L4","WTvsHET_in_Vehicle"
"Rpl19",1.21483802822035,0.280763975180576,0.00212546122613874,0.0349611122196924,8.9531309435486,3.07468893990544,-1.93954713819987,"L4","WTvsHET_in_Vehicle"
"Rtn3",1.27325011613502,0.348515848825797,0.00228651662342641,0.0368269249834199,9.80054242808729,3.05276954095843,-1.84602674176614,"L4","WTvsHET_in_Vehicle"
"Ptprd",1.23381762396692,0.30312915911984,0.00229630085633172,0.0368269249834199,11.5469426561546,3.05148400270408,-1.70273222847931,"L4","WTvsHET_in_Vehicle"
"Cox8a",1.26621010519318,0.340516814379495,0.00237481447624162,0.0376158885557778,9.60693972524446,3.04134618827057,-1.90363298895883,"L4","WTvsHET_in_Vehicle"
"Cox4i1",1.24233011041243,0.313048575631867,0.00253683763260539,0.0396922278369844,9.26926673578129,3.02136103607013,-2.01537018950682,"L4","WTvsHET_in_Vehicle"
"Slc1a2",1.26689796220336,0.341300332409841,0.00284114081818359,0.0439178755389102,10.1192267523248,2.98679353454872,-2.00526671365738,"L4","WTvsHET_in_Vehicle"
"Rps14",1.17579880801643,0.233641220455951,0.00306357470598552,0.0461513834075039,8.73942341634569,2.96360571433299,-2.36094419420824,"L4","WTvsHET_in_Vehicle"
"Ywhag",1.21600238406925,0.282146057302482,0.00308653273729734,0.0461513834075039,9.00949012473083,2.96130069049762,-2.25340832937515,"L4","WTvsHET_in_Vehicle"
"Syt11",1.23968376826997,0.309972149536973,0.00309354557524968,0.0461513834075039,9.28288696492601,2.96059970857267,-2.18620736172754,"L4","WTvsHET_in_Vehicle"
"Ctxn1",1.20851034870979,0.27322982723537,0.00322460237269417,0.0473198455712424,8.96116644493571,2.94775942383699,-2.30876835914774,"L4","WTvsHET_in_Vehicle"
"Ddx24",1.22175600942858,0.288956200759326,0.00324563243201039,0.0473198455712424,9.12893480587067,2.94574345763886,-2.2632789596404,"L4","WTvsHET_in_Vehicle"
"Cfl1",1.20094663197841,0.264172041559122,0.00334490134209358,0.0482191957517535,8.93745834229457,2.93638528047935,-2.35211698826251,"L4","WTvsHET_in_Vehicle"
"Actg1",1.20247842854127,0.266011013483322,0.00339647069221964,0.0484185766457534,8.94169210222401,2.93162323410988,-2.36167086353777,"L4","WTvsHET_in_Vehicle"
"Fth1",1.86727184490578,0.900931976170344,5.00246597337297e-11,1.07853166385921e-07,9.74316289856548,6.58679891777849,14.3911441810759,"L5","WTvsHET_in_Vehicle"
"Gm42418",2.00572723008541,1.00412541922995,2.1756525343814e-09,1.97733836154602e-06,12.7977432142751,5.99620740944657,10.7494611074123,"L5","WTvsHET_in_Vehicle"
"Calm2",1.77978257438628,0.831701006352318,2.75139846226254e-09,1.97733836154602e-06,9.97073823302058,5.9576444166853,10.659670910569,"L5","WTvsHET_in_Vehicle"
"Selenow",1.66418581937673,0.734816530670168,4.80126179982993e-08,2.58788011010833e-05,9.51262525183691,5.46774072287122,8.06501356599224,"L5","WTvsHET_in_Vehicle"
"Tmsb4x",1.72050309173728,0.782830484594533,6.13757699945877e-08,2.64652320216662e-05,9.22674177294234,5.42375352763615,7.85875222213463,"L5","WTvsHET_in_Vehicle"
"Zbtb20",1.62236831800636,0.698101384437739,1.94783347208161e-07,6.99921494301325e-05,8.32671594872556,5.21226666530061,6.78860959872607,"L5","WTvsHET_in_Vehicle"
"Mef2c",-1.97271997767996,-0.980186183895466,2.55107365927851e-07,7.85730687057782e-05,10.6346258774373,-5.16170536794312,6.47167519622252,"L5","WTvsHET_in_Vehicle"
"Rplp1",1.51209633866253,0.59655005945515,5.02116987735185e-07,0.000135320528194632,8.79971283506308,5.03274028684327,5.92034227317951,"L5","WTvsHET_in_Vehicle"
"Itm2b",1.55614549479147,0.637976954155147,6.62949086315566e-07,0.000158813136677373,9.16838719056697,4.97892928578429,5.66029732405684,"L5","WTvsHET_in_Vehicle"
"Epha6",1.52677343330948,0.610485988203884,1.12734863872579e-06,0.00024305636650928,8.51479667713434,4.87459202226959,5.15564551346445,"L5","WTvsHET_in_Vehicle"
"Hpca",1.45871522347409,0.544698261746141,5.54340470781614e-06,0.000983479853159234,8.48841675856617,4.54848762495997,3.67714639688197,"L5","WTvsHET_in_Vehicle"
"Nrgn",1.52725415074468,0.610940161354892,5.89799263541563e-06,0.000983479853159234,9.55881128669053,4.53536026271058,3.65659937949905,"L5","WTvsHET_in_Vehicle"
"Rpl37",1.4142852689704,0.500073148874033,5.93007332609928e-06,0.000983479853159234,8.58474607463689,4.53421013178417,3.61708289153671,"L5","WTvsHET_in_Vehicle"
"Ctxn1",1.45289173062093,0.538927197453813,9.03666050405715e-06,0.0013916457176248,8.78316011361409,4.44406724245998,3.25410410240635,"L5","WTvsHET_in_Vehicle"
"Rtn1",1.49120650890258,0.576480062275556,9.84892046070196e-06,0.00141561816755156,10.1343343208609,4.42544352886122,3.18733582436994,"L5","WTvsHET_in_Vehicle"
"Ppp3ca",1.5009342113135,0.585860742387089,1.43234697284108e-05,0.00193008754590336,9.54133920630518,4.3435604905492,2.85103685587304,"L5","WTvsHET_in_Vehicle"
"Eef1a1",1.40736267700964,0.492994158637729,1.74885101326825e-05,0.0022179545791802,8.63740257183734,4.29933627502906,2.636622693517,"L5","WTvsHET_in_Vehicle"
"Fau",1.43593431076384,0.521989752153366,2.28474572540487e-05,0.00273661765776273,8.92281238102139,4.23947355391351,2.41063382879128,"L5","WTvsHET_in_Vehicle"
"Gm28928",-1.43560547319337,-0.521659328499203,2.50852342776307e-05,0.00284651395276694,8.76842401835953,-4.21836616739222,2.3150837563253,"L5","WTvsHET_in_Vehicle"
"Mt3",1.47515885017192,0.560870317197056,2.92983254831455e-05,0.00299704160230993,9.46369906232644,4.18308360631161,2.20220177939697,"L5","WTvsHET_in_Vehicle"
"Dynll1",1.44349095422595,0.529562066815838,2.9512889550319e-05,0.00299704160230993,9.04905771342662,4.18141873425598,2.18380358989194,"L5","WTvsHET_in_Vehicle"
"Atp2b1",1.54558681939393,0.62815469618326,3.05820571664279e-05,0.00299704160230993,10.5202309030835,4.17329053377736,2.16842088164837,"L5","WTvsHET_in_Vehicle"
"Ppia",1.5188404913713,0.602970365961851,4.3804523787002e-05,0.00410619796890332,9.86769626483975,4.09040461340309,1.84573158766406,"L5","WTvsHET_in_Vehicle"
"Tspan13",1.40011303804041,0.485543307768132,5.27017936683602e-05,0.00473437779787435,8.69334461539616,4.04715662340709,1.63265840714059,"L5","WTvsHET_in_Vehicle"
"Chn1",1.43143457066831,0.517461727808684,6.52137421173572e-05,0.0055207210115493,9.87590377259656,3.99681487905729,1.48942127739962,"L5","WTvsHET_in_Vehicle"
"Uba52",1.38061406474785,0.465310086656852,6.65764129407615e-05,0.0055207210115493,8.74929249289422,3.99189740980911,1.42187973507939,"L5","WTvsHET_in_Vehicle"
"Atp1b1",1.44117487925826,0.527245409857229,7.08249658435791e-05,0.00565550467995395,9.7953737422125,3.9771551381572,1.41405259300899,"L5","WTvsHET_in_Vehicle"
"Rpl13",1.39343080666245,0.478641364577784,9.53140115082209e-05,0.00733520337239008,8.90457191330876,3.90569319163125,1.1119796548152,"L5","WTvsHET_in_Vehicle"
"Ubb",1.4131819064898,0.498947183081269,9.86646093688832e-05,0.00733520337239008,9.11695945784105,3.89730326773111,1.09515903808572,"L5","WTvsHET_in_Vehicle"
"Calm1",1.43857300303028,0.524638435145568,0.000106198344009223,0.00763212098946283,10.0590060047776,3.87938082899242,1.05682071960557,"L5","WTvsHET_in_Vehicle"
"Rpl9-ps6",1.3328172627142,0.414478991793653,0.000128753074368711,0.00876836826698965,8.53104529910508,3.83211912303212,0.793903141370447,"L5","WTvsHET_in_Vehicle"
"Actb",1.38305485369693,0.467858376724972,0.000130142757209494,0.00876836826698965,8.77945443812318,3.82946931685563,0.822045560433165,"L5","WTvsHET_in_Vehicle"
"Wasf1",1.36730086196661,0.451330729636827,0.000138411997089267,0.00904291714316547,8.73675946870826,3.81423258936002,0.760294590296033,"L5","WTvsHET_in_Vehicle"
"Eif1",1.39532293602019,0.480599060603949,0.00017139080529261,0.0106389857115228,9.18873941267609,3.76094909635236,0.60099863531855,"L5","WTvsHET_in_Vehicle"
"Chchd2",1.35724286468474,0.440678899331555,0.00017271080700524,0.0106389857115228,8.65917268441075,3.75902378085357,0.550194261809932,"L5","WTvsHET_in_Vehicle"
"Rpl19",1.34202968065029,0.424416578880479,0.00019796403136616,0.0116059848182522,8.65354481885407,3.72463066440477,0.425006005624472,"L5","WTvsHET_in_Vehicle"
"Epha5",1.45134263852294,0.537388156580704,0.000203952617149169,0.0116059848182522,9.99546897668397,3.7170822569816,0.475095610287963,"L5","WTvsHET_in_Vehicle"
"AC149090.1",-1.40661157928427,-0.492223998792145,0.000207732720712261,0.0116059848182522,10.039153235988,-3.71242407955453,0.460698086843095,"L5","WTvsHET_in_Vehicle"
"Hspa8",1.4178409040203,0.503695656795995,0.000209941283818105,0.0116059848182522,9.35809318780838,3.70973921921769,0.427762635612,"L5","WTvsHET_in_Vehicle"
"Rps8",1.38223711063056,0.467005118612497,0.000224517670799427,0.0121015024560891,9.06321153457714,3.69265743456678,0.349509483983772,"L5","WTvsHET_in_Vehicle"
"Rps21",1.28958043372991,0.366901759729938,0.000241368843564479,0.0126924689445126,8.36788071711247,3.67416232465558,0.173820056867533,"L5","WTvsHET_in_Vehicle"
"Gria1",1.3852592409208,0.470155991142673,0.000257492235314351,0.0127908368471905,8.68077903020447,3.65756738260587,0.185824856128336,"L5","WTvsHET_in_Vehicle"
"Rps3a1",1.30341178246744,0.382292941673912,0.000260734534472051,0.0127908368471905,8.40407071980322,3.65434836599187,0.124763946629356,"L5","WTvsHET_in_Vehicle"
"Grin2b",1.3859997871083,0.470927035874963,0.000261037486677356,0.0127908368471905,10.2639113534463,3.65404950999179,0.26353993275678,"L5","WTvsHET_in_Vehicle"
"4930447C04Rik",-1.33141281681762,-0.412957961509187,0.000292586061744381,0.0140181233137975,8.33561689388857,-3.62458041333956,0.0126183864158804,"L5","WTvsHET_in_Vehicle"
"Tcf4",1.37102258830314,0.455252340456646,0.000317998987129305,0.014877379167607,9.92656016598353,3.60293403391838,0.0796830690146662,"L5","WTvsHET_in_Vehicle"
"Gpm6a",1.3884190837378,0.473443100173084,0.000332111770850965,0.014877379167607,9.39636554949164,3.59160308512633,0.0202089632973781,"L5","WTvsHET_in_Vehicle"
"Prkcg",1.32400249650776,0.404905842459311,0.000337097152130847,0.014877379167607,8.42560004219924,3.58770791743246,-0.104034346545779,"L5","WTvsHET_in_Vehicle"
"Rps7",1.3039541700656,0.382893164215463,0.000338122253809249,0.014877379167607,8.48282191232661,3.58691367479642,-0.0934925898064112,"L5","WTvsHET_in_Vehicle"
"Ptms",1.34656961392121,0.429288815107195,0.000350281126348953,0.0151041221681669,8.80744453034793,3.57766113425371,-0.0671905425600698,"L5","WTvsHET_in_Vehicle"
"Lsamp",1.41441365112029,0.500204103985443,0.000381700151215013,0.0161361867846974,8.89941405391683,3.55507595359257,-0.141156725046245,"L5","WTvsHET_in_Vehicle"
"Rpl23",1.30220097626697,0.380952125222368,0.000468323874541215,0.019416148586723,8.52230769043905,3.50078769854074,-0.382535359506801,"L5","WTvsHET_in_Vehicle"
"Sphkap",1.31543613556926,0.395541207352825,0.000480265168965428,0.019416148586723,8.42230524161506,3.49405346894265,-0.42044959548331,"L5","WTvsHET_in_Vehicle"
"Atp2c1",1.35496617644766,0.43825683853097,0.00049062165864679,0.019416148586723,8.97171050108431,3.48833830772927,-0.358791119195861,"L5","WTvsHET_in_Vehicle"
"Rps24",1.31247084251449,0.392285372624849,0.000495309912926606,0.019416148586723,8.63539606196342,3.48578804281147,-0.413768939424959,"L5","WTvsHET_in_Vehicle"
"Ywhaz",1.35259051128743,0.435725138093792,0.000523853146647533,0.02016834614593,9.05424141817058,3.47073064629802,-0.406505299764854,"L5","WTvsHET_in_Vehicle"
"Fnbp1l",-1.36561181627288,-0.449547446785654,0.000560554115527687,0.0212027135627666,8.85082928256511,-3.45245600269252,-0.480958858610141,"L5","WTvsHET_in_Vehicle"
"Lars2",1.47673195678382,0.562407984726807,0.000582608590572207,0.0216569676081669,9.43825788789454,3.44200361169516,-0.481181611151522,"L5","WTvsHET_in_Vehicle"
"Gapdh",1.38254931948904,0.467330946436929,0.000663707251465958,0.0242534378671289,9.4592260562112,3.40649746422569,-0.590872317753086,"L5","WTvsHET_in_Vehicle"
"Grm5",1.36002904119148,0.443637458192964,0.000771911633377184,0.0275149051383861,9.24432985167899,3.36494391410426,-0.738393729216435,"L5","WTvsHET_in_Vehicle"
"Rpl11",1.27386489501525,0.349212274746951,0.000781958543314995,0.0275149051383861,8.42184413328288,3.36136523045197,-0.863687096503805,"L5","WTvsHET_in_Vehicle"
"Rps3",1.23333841830503,0.302568718167723,0.000800939024930089,0.0275149051383861,8.16318172994349,3.35471942304696,-0.968175679579342,"L5","WTvsHET_in_Vehicle"
"Hsp90ab1",1.34109403503512,0.423410399898968,0.000814165718471027,0.0275149051383861,9.11621719172856,3.35017414099831,-0.792944464728924,"L5","WTvsHET_in_Vehicle"
"Fam171b",1.32853361939135,0.409834736609365,0.000816768983699773,0.0275149051383861,8.97188486996513,3.34928762238292,-0.808543711913955,"L5","WTvsHET_in_Vehicle"
"Rps2",1.32165232593952,0.402342711179212,0.000882507435103833,0.029272092770521,8.84755489901179,3.32772801984207,-0.890158139404808,"L5","WTvsHET_in_Vehicle"
"Sgcz",-1.38932381405329,-0.474382891963532,0.000910514470152681,0.0297434726916542,8.94420098859275,-3.31899236860839,-0.909199201263883,"L5","WTvsHET_in_Vehicle"
"Slc25a4",1.29347547130635,0.371252695877913,0.000956512010734795,0.0307796999275256,8.57255347442352,3.3051717492175,-1.00208532083619,"L5","WTvsHET_in_Vehicle"
"Rps16",1.28383401238565,0.36045868767207,0.00097365591334921,0.0308706198408955,8.54029951488303,3.30017773964748,-1.03344357251333,"L5","WTvsHET_in_Vehicle"
"Ppm1e",1.29202113491189,0.369629669864028,0.00101200451238691,0.031621474329075,8.43969584520159,3.28929533630778,-1.08729607518092,"L5","WTvsHET_in_Vehicle"
"Caly",1.27612079379555,0.351764896784351,0.00104067124639755,0.0320526743890445,8.40989118664958,3.28140705910401,-1.1182704848487,"L5","WTvsHET_in_Vehicle"
"Kcnip4",1.36475222894421,0.448639053328426,0.00113116021321485,0.0343490340801579,9.45806892086049,3.25776313926194,-1.06602102949493,"L5","WTvsHET_in_Vehicle"
"Arpc5",1.21570368554952,0.281791630523123,0.00115687503058424,0.0346419800824947,8.01153106524034,3.25136341481956,-1.3541654319554,"L5","WTvsHET_in_Vehicle"
"Kpna1",1.31810179658664,0.398461793532271,0.00119340169283832,0.035005011403431,8.83530747631348,3.24249539688713,-1.15997737141387,"L5","WTvsHET_in_Vehicle"
"Grin2a",1.34272881758559,0.425167962226809,0.0012014707067968,0.035005011403431,9.44331402790528,3.24057025719487,-1.1169993586233,"L5","WTvsHET_in_Vehicle"
"Cobl",-1.23943465745621,-0.309682215072265,0.00123340900912059,0.0354563976488532,8.1518313341094,-3.23306568845588,-1.35173656536117,"L5","WTvsHET_in_Vehicle"
"Cnih2",1.23958406435197,0.309856113386105,0.00126609028925623,0.0359169824162688,8.16845827567791,3.22557013088531,-1.37583288064273,"L5","WTvsHET_in_Vehicle"
"Morf4l1",1.30198596979566,0.380713902101637,0.00128705503861975,0.0360375410813529,8.78849243937473,3.22085532654892,-1.23167139601391,"L5","WTvsHET_in_Vehicle"
"Skp1a",1.30915771994804,0.388638915525984,0.00138615505254741,0.0383147473499001,8.75117443562013,3.19948592248142,-1.30367309135109,"L5","WTvsHET_in_Vehicle"
"Pcdh7",-1.27896136054757,-0.354972678771184,0.00149554776699798,0.040751025186842,8.3927284849266,-3.17747554494542,-1.43694051039932,"L5","WTvsHET_in_Vehicle"
"Rpl35",1.26331831502028,0.337218197035725,0.00151209740953032,0.040751025186842,8.47586096735704,3.17427576142387,-1.44273860125204,"L5","WTvsHET_in_Vehicle"
"Ywhae",1.25723327920585,0.330252366168966,0.00154862465146634,0.0411007099736507,8.39115659338776,3.16732611452518,-1.48182532945884,"L5","WTvsHET_in_Vehicle"
"Rpl34",1.24366662635704,0.314599812673017,0.00156319954445239,0.0411007099736507,8.34314900522401,3.16459518319737,-1.51352467131687,"L5","WTvsHET_in_Vehicle"
"Ly6h",1.31594538776541,0.396099617922036,0.00160263248513337,0.0416298269632234,8.89559683342397,3.15732243003654,-1.41256230501148,"L5","WTvsHET_in_Vehicle"
"Nell2",1.29431257191697,0.372186065165988,0.00168643417260491,0.0427815033536635,8.60007898967574,3.1423984037595,-1.50370477599852,"L5","WTvsHET_in_Vehicle"
"Dlgap1",1.3256071102194,0.406653245942041,0.00168665481681883,0.0427815033536635,9.56727416770842,3.14236001893045,-1.40613405555703,"L5","WTvsHET_in_Vehicle"
"Atp6v0c",1.33933765595084,0.421519719553715,0.00184717780625866,0.0463083180266705,9.14585574262206,3.1155886179527,-1.51288113806371,"L5","WTvsHET_in_Vehicle"
"Ywhah",1.29321482396643,0.370961950111652,0.00192121901311888,0.0476108987618885,8.74473288011159,3.10395446067828,-1.59041911089149,"L5","WTvsHET_in_Vehicle"
"Gm42418",2.0755331383287,1.05348196644926,3.38256997151402e-09,4.55293918165787e-06,12.366296799797,5.9225785085365,10.2363529626756,"L6","WTvsHET_in_Vehicle"
"Tubb4a",1.37844489534828,0.463041595388165,4.64933338215841e-08,3.12900136619261e-05,8.58238789642045,5.47272336331186,8.08956882978516,"L6","WTvsHET_in_Vehicle"
"Calm2",1.56164011851423,0.643062021306255,1.03368171501522e-07,4.63778529470162e-05,9.89489440000253,5.32856046759323,7.37161684197396,"L6","WTvsHET_in_Vehicle"
"Fth1",1.50018846788331,0.585143757121472,2.83224914563181e-07,8.84052093786443e-05,9.66953387022125,5.14136003451211,6.4477602907944,"L6","WTvsHET_in_Vehicle"
"Ppia",1.52335239273504,0.607249714933513,3.28399737662126e-07,8.84052093786443e-05,9.80823834111304,5.11334090449441,6.30803828510868,"L6","WTvsHET_in_Vehicle"
"Hspa8",1.45873582205298,0.544718633959525,7.47992434929811e-07,0.000167799636235921,9.43213273219252,4.95482497259055,5.55151235426075,"L6","WTvsHET_in_Vehicle"
"Selenow",1.43220791853874,0.518240948796557,1.32452237028329e-06,0.000254686730057329,9.36428966493608,4.84198112173537,5.02183283208334,"L6","WTvsHET_in_Vehicle"
"Arl6ip1",1.38828860700441,0.473307516483825,7.51140883957014e-06,0.00126379453725768,9.13210512123235,4.48340859374179,3.40470221217473,"L6","WTvsHET_in_Vehicle"
"AC149090.1",-1.4387987841213,-0.524864845415152,9.36238457889982e-06,0.00126846640580386,10.220855585724,-4.43600587217331,3.23659701117532,"L6","WTvsHET_in_Vehicle"
"Calm1",1.4517086097825,0.537751901398776,9.42397032543733e-06,0.00126846640580386,10.08368222574,4.43458788439744,3.23018585331885,"L6","WTvsHET_in_Vehicle"
"Lars2",1.49710296802736,0.582173450757566,1.57856411993506e-05,0.00193158845948417,9.48832908773413,4.32170179180044,2.74423610619343,"L6","WTvsHET_in_Vehicle"
"Rtn1",1.43027655725547,0.516294132461358,2.82495924434875e-05,0.00316866261907785,10.0758183688049,4.19104542461901,2.23436268549748,"L6","WTvsHET_in_Vehicle"
"Atp6v0c",1.37224208637478,0.456535019413926,4.99670036352183e-05,0.00481358769883359,9.43840205315956,4.05934616950309,1.68970933269304,"L6","WTvsHET_in_Vehicle"
"Ubb",1.340670178059,0.422954359535984,5.00670340146139e-05,0.00481358769883359,9.30655266846544,4.05887755675858,1.67959831149854,"L6","WTvsHET_in_Vehicle"
"Eif1",1.33138744218163,0.412930465746876,0.000100684737827486,0.00903477714105308,9.35775849620544,3.89209422512733,1.04841439324098,"L6","WTvsHET_in_Vehicle"
"Fau",1.30848740024168,0.38790003237497,0.000144435548317495,0.0117373862300105,9.18273917358582,3.80340279262189,0.700532897722362,"L6","WTvsHET_in_Vehicle"
"Rps8",1.32133773681339,0.401999269725738,0.000149843926028736,0.0117373862300105,9.3223929396621,3.79426384743435,0.68441556350242,"L6","WTvsHET_in_Vehicle"
"Ctxn1",1.30862022256708,0.388046470456975,0.000163280162533632,0.0117373862300105,9.1986762424056,3.77283875695177,0.590801447199951,"L6","WTvsHET_in_Vehicle"
"Dynll1",1.31500693508768,0.39507040802725,0.000166322036838487,0.0117373862300105,9.27967230236667,3.76821934059285,0.585051708047962,"L6","WTvsHET_in_Vehicle"
"Rtn4",1.34047216830288,0.422741265520956,0.000174403955869398,0.0117373862300105,9.75401585701667,3.75632175061673,0.579932562832894,"L6","WTvsHET_in_Vehicle"
"Gpm6a",1.3517421036069,0.434819928736951,0.000205085125057044,0.0131449799203229,9.90731579688626,3.71543340416036,0.442727047260456,"L6","WTvsHET_in_Vehicle"
"Gapdh",1.31744006903915,0.397737334487468,0.000319156867600863,0.0195265974450346,9.47488086589103,3.60176282583485,0.0165572133698282,"L6","WTvsHET_in_Vehicle"
"Rps3a1",1.22931702613166,0.297857017457952,0.000449908361074863,0.0263294197394246,8.78298745937514,3.51128556389723,-0.421122245074088,"L6","WTvsHET_in_Vehicle"
"Actb",1.26247904995069,0.336259447442231,0.000579100303151251,0.032477875335066,9.07713468334733,3.44344431379734,-0.572998760763091,"L6","WTvsHET_in_Vehicle"
"Rplp1",1.25417078602408,0.326733819729328,0.000754658389994141,0.0406308077172846,9.09004619680681,3.37100610470533,-0.812898627394631,"L6","WTvsHET_in_Vehicle"
"Skp1a",1.24861604353639,0.320329908294266,0.000813911309994691,0.0421355624328021,8.96756607207939,3.35007863202857,-0.904357709751251,"L6","WTvsHET_in_Vehicle"
"Hsp90ab1",1.28024700855516,0.356422188067338,0.000912253582409606,0.045314083871741,9.37624488526556,3.31828074789398,-0.933149586752907,"L6","WTvsHET_in_Vehicle"
"Cox4i1",1.25794630824189,0.331070346313995,0.000954361094475822,0.045314083871741,9.13747236298228,3.30562863703738,-1.01127428625305,"L6","WTvsHET_in_Vehicle"
"Ptma",1.22861646213471,0.297034619100621,0.000976306413284167,0.045314083871741,8.76081794515069,3.2992383725745,-1.13007535778375,"L6","WTvsHET_in_Vehicle"
"Gm42418",2.13823978845957,1.0964236501694,1.28525227435934e-09,1.4793253677876e-06,12.4407806844953,6.13861180107531,11.3936733394027,"Lamp5","WTvsHET_in_Vehicle"
"Uba52",1.45631554339498,0.542322981614461,1.52780464740773e-07,8.79251574583149e-05,9.24856718764974,5.29435808069275,7.03315673257087,"Lamp5","WTvsHET_in_Vehicle"
"Rplp1",1.40245901933318,0.487958615063242,1.15241287652596e-06,0.000378679912985021,9.19825090226313,4.899760515842,5.1364300163964,"Lamp5","WTvsHET_in_Vehicle"
"Nptn",1.48359391935198,0.569096259945524,1.65755507274579e-06,0.000378679912985021,9.79668971786571,4.82579705839581,4.82737494423961,"Lamp5","WTvsHET_in_Vehicle"
"Syt1",1.57246545998791,0.653028327914468,1.68852310527152e-06,0.000378679912985021,11.6281822760419,4.82200393331944,4.77085578169737,"Lamp5","WTvsHET_in_Vehicle"
"Ppia",1.51653442647948,0.600778248603353,1.97400475926162e-06,0.000378679912985021,9.81633008456506,4.78988936520207,4.66635822734017,"Lamp5","WTvsHET_in_Vehicle"
"Erbb4",1.50249652795177,0.58736165708451,3.44217550696884e-06,0.000565992001217306,9.86388582177322,4.67401458633554,4.15408092655387,"Lamp5","WTvsHET_in_Vehicle"
"Selenow",1.46901018209752,0.554844395629174,5.97357550625813e-06,0.000859448175962889,9.81302689353449,4.55660756938621,3.64569300398968,"Lamp5","WTvsHET_in_Vehicle"
"Atp1b1",1.48976094927768,0.575080850848465,6.82796912304641e-06,0.000873221384514046,10.2560082586513,4.527735477251,3.53141284565086,"Lamp5","WTvsHET_in_Vehicle"
"Atp6v0c",1.46557335020677,0.551465175008948,1.12151355094223e-05,0.0012908620971345,9.78661606815182,4.4191245487466,3.06382191498509,"Lamp5","WTvsHET_in_Vehicle"
"Stmn3",1.45294128661535,0.538976404814995,1.32695486308602e-05,0.0013884773158291,9.69458168037078,4.38177754812406,2.90598823458926,"Lamp5","WTvsHET_in_Vehicle"
"Gad2",1.46423095605564,0.550143130723509,2.92302168235037e-05,0.00280366496365439,10.5652087810605,4.20258911315383,2.21298094615083,"Lamp5","WTvsHET_in_Vehicle"
"Lars2",1.46603980661847,0.551924276753706,4.11609804274741e-05,0.00364432988246329,9.58974732482244,4.12283009311667,1.86210973600914,"Lamp5","WTvsHET_in_Vehicle"
"Ttc3",1.39211031354825,0.477273537697563,6.88680471331741e-05,0.00564935052811897,10.6831340948079,4.00031011339138,1.44219176322353,"Lamp5","WTvsHET_in_Vehicle"
"Rps24",1.32094909292208,0.401574868701298,7.52456215690983e-05,0.00564935052811897,9.16668712501353,3.97889922461799,1.2540118962471,"Lamp5","WTvsHET_in_Vehicle"
"Calm2",1.37629981800344,0.460794786049926,7.85313713726356e-05,0.00564935052811897,9.54642828202312,3.96853090691586,1.26665085905962,"Lamp5","WTvsHET_in_Vehicle"
"Ubb",1.37384496728679,0.458219211182301,0.000112118894762767,0.00759110869834972,9.64125992383089,3.88122689345811,0.95222135478999,"Lamp5","WTvsHET_in_Vehicle"
"Rtn1",1.41132848575748,0.497053813320386,0.000147162190389812,0.00863689280283583,10.2885721363444,3.81338218935973,0.74525490902769,"Lamp5","WTvsHET_in_Vehicle"
"Rpl9-ps6",1.28624948888463,0.363170503837418,0.00015057059509064,0.00863689280283583,9.07432285089113,3.80762309702648,0.59840385874191,"Lamp5","WTvsHET_in_Vehicle"
"Snap25",1.37174646269178,0.456013855550005,0.000151685408318075,0.00863689280283583,10.6552083093844,3.80576609058613,0.732840358232935,"Lamp5","WTvsHET_in_Vehicle"
"Eif1b",1.28079378144071,0.357038208355295,0.000157580146706822,0.00863689280283583,9.00143184455598,3.79615587512806,0.536691911027383,"Lamp5","WTvsHET_in_Vehicle"
"Zcchc7",-1.3547591103337,-0.438036348832052,0.000187140867846401,0.00979086994960032,9.78448777878661,-3.75255588740901,0.495631876637931,"Lamp5","WTvsHET_in_Vehicle"
"Rps8",1.33461634385296,0.416425076467868,0.000253147985349719,0.0126149051252225,9.50787454779066,3.67486828176819,0.200969136860571,"Lamp5","WTvsHET_in_Vehicle"
"Eif1",1.31665470460915,0.396877045470266,0.000263038855782223,0.0126149051252225,9.43079036983289,3.664911628988,0.153676651174448,"Lamp5","WTvsHET_in_Vehicle"
"Snhg11",1.22127195750222,0.288384500940668,0.000348416373219501,0.0160410898230258,13.5852544763918,3.59116839557084,-0.157963379893647,"Lamp5","WTvsHET_in_Vehicle"
"Gpm6a",1.33524743259641,0.417107110229681,0.000380241221216112,0.0164699271706633,9.63681695100004,3.56797266447996,-0.154440903360648,"Lamp5","WTvsHET_in_Vehicle"
"Zbtb20",-1.2461506435188,-0.317478482102388,0.000386349290710607,0.0164699271706633,8.80572129546167,-3.56372977055117,-0.382136165111254,"Lamp5","WTvsHET_in_Vehicle"
"Rpl13",1.30901217101906,0.38847851132991,0.000402112402785686,0.0165296919859402,9.45870974151121,3.5530636324465,-0.223504293610882,"Lamp5","WTvsHET_in_Vehicle"
"Snrpn",1.27378399874407,0.349120654076944,0.000420813220198771,0.0167019316016822,9.11755650695882,3.54090589758368,-0.33322924440842,"Lamp5","WTvsHET_in_Vehicle"
"Tspan7",1.32127713893109,0.401933104757772,0.000671176228719889,0.0257507946418864,9.51751284937053,3.41392330668894,-0.678387032200258,"Lamp5","WTvsHET_in_Vehicle"
"Calm1",1.35836835448686,0.441874754347615,0.000721114561590222,0.026025106470136,10.0176145114599,3.39404576467427,-0.694710342415623,"Lamp5","WTvsHET_in_Vehicle"
"Atp5f1",1.23462616780057,0.304074274600901,0.000723547703774415,0.026025106470136,8.95502199641323,3.39311035787705,-0.867953155460228,"Lamp5","WTvsHET_in_Vehicle"
"Vdac1",1.24254412052293,0.313297080221788,0.000770616593618706,0.0268781727047009,8.98869412695788,3.37556828227424,-0.917062537571338,"Lamp5","WTvsHET_in_Vehicle"
"Chchd2",1.25160752537636,0.323782238020744,0.000817975475770764,0.0276908756650632,9.09803957581859,3.35889649483261,-0.940464934792941,"Lamp5","WTvsHET_in_Vehicle"
"Hspa8",1.33206223804104,0.413661491129513,0.00092671837672497,0.0288859069219422,9.73655300602987,3.32377732476744,-0.944255947556257,"Lamp5","WTvsHET_in_Vehicle"
"Gad1",1.34273506090383,0.425174670344788,0.000934063568140162,0.0288859069219422,10.2056270106774,3.32154547474839,-0.911409881616633,"Lamp5","WTvsHET_in_Vehicle"
"Fth1",1.26391760881605,0.337902421405321,0.000951458350321755,0.0288859069219422,9.19973398637542,3.31632432410635,-1.04697070388148,"Lamp5","WTvsHET_in_Vehicle"
"Hsp90b1",1.29183621301767,0.369423167829058,0.000953661566493314,0.0288859069219422,9.36707616446546,3.31566934704402,-1.01841234459011,"Lamp5","WTvsHET_in_Vehicle"
"Slc25a4",1.24895964732592,0.320726865622223,0.00101814762537534,0.0300484081232568,9.09126599171144,3.29709511395951,-1.13843117939734,"Lamp5","WTvsHET_in_Vehicle"
"Fau",1.28126377317243,0.357567513207948,0.00110372026774586,0.031759550704387,9.38329786499193,3.27406383420597,-1.14269382646556,"Lamp5","WTvsHET_in_Vehicle"
"Gabra1",1.33891847328138,0.421068117664862,0.0011463855255883,0.0321002266154923,10.0180971032541,3.26319253815333,-1.10696650342864,"Lamp5","WTvsHET_in_Vehicle"
"Ndfip1",1.28798089076562,0.365111188947725,0.00121648351968489,0.0321002266154923,9.52862607176342,3.2461192646898,-1.21077393195868,"Lamp5","WTvsHET_in_Vehicle"
"Gapdh",1.3250798421626,0.406079291314833,0.00121878757692828,0.0321002266154923,9.67582385266841,3.24557368345316,-1.19411013026119,"Lamp5","WTvsHET_in_Vehicle"
"Tpt1",1.21035174993337,0.275426381497993,0.00122711552656964,0.0321002266154923,8.87652384274303,3.24360962208505,-1.36893576550631,"Lamp5","WTvsHET_in_Vehicle"
"Cox6c",1.24060292056764,0.311041426349479,0.0014578353108284,0.0372881876169664,9.09000253768849,3.19358193292058,-1.46018680251091,"Lamp5","WTvsHET_in_Vehicle"
"Aplp2",1.28226900806664,0.358698957659722,0.00192282960600324,0.0474260958227003,9.55479121045618,3.11178707275485,-1.61151106566943,"Lamp5","WTvsHET_in_Vehicle"
"Ndufa13",1.24840031951511,0.320080631612633,0.00193659991630488,0.0474260958227003,9.19358691490662,3.10965499742324,-1.68605955276912,"Lamp5","WTvsHET_in_Vehicle"
"Id2",1.25837488929576,0.331561787365025,0.00200529540539112,0.0480853127417746,9.19845666544655,3.09922271267036,-1.72022202075028,"Lamp5","WTvsHET_in_Vehicle"
"Brd9",-1.23051970780789,-0.299267763955381,0.00207078608941585,0.0486423426309723,8.96327190060491,-3.08957867516798,-1.83277894196322,"Lamp5","WTvsHET_in_Vehicle"
"Rpl23",1.22314955338148,0.290600811658333,0.0021454388782306,0.0488593237557034,9.06584444058327,3.07892152063292,-1.81277022989616,"Lamp5","WTvsHET_in_Vehicle"
"Rtn3",1.28417349517263,0.360840127472893,0.00216492225155593,0.0488593237557034,9.76296961056932,3.07619623254681,-1.69369374365999,"Lamp5","WTvsHET_in_Vehicle"
"Gm42418",2.29925658193034,1.20116747032903,1.87583015416916e-10,1.99775911419015e-07,12.4310802369324,6.44121631823855,13.1531518003322,"Non-neuronal","WTvsHET_in_Vehicle"
"Calm1",1.61815213669651,0.694347254578347,2.02354145488963e-07,6.72776865362275e-05,9.98889921442929,5.2355243922066,6.77523813576847,"Non-neuronal","WTvsHET_in_Vehicle"
"Ppia",1.63541474749051,0.709656555153882,2.42225616469707e-07,6.72776865362275e-05,10.0831748131819,5.20125409655057,6.60684065309704,"Non-neuronal","WTvsHET_in_Vehicle"
"Kifap3",1.46184050625164,0.547785914989462,2.52686146614939e-07,6.72776865362275e-05,9.17837585308438,5.19316900564601,6.53222944854777,"Non-neuronal","WTvsHET_in_Vehicle"
"Sec62",1.65226764131747,0.724447399545915,3.50164888494465e-07,7.45851212493209e-05,10.2430740226941,5.13040036077328,6.26315891778908,"Non-neuronal","WTvsHET_in_Vehicle"
"Selenow",1.48919399903898,0.574531707728236,5.51388234606112e-07,9.78714116425849e-05,9.44252031291604,5.04190366284682,5.82691786773713,"Non-neuronal","WTvsHET_in_Vehicle"
"Ubb",1.52171096703859,0.605694360143254,1.50908861171116e-06,0.000229597053067483,9.65035543204544,4.84059665069572,4.89933024665252,"Non-neuronal","WTvsHET_in_Vehicle"
"Syt1",1.65530954025605,0.727101023942224,1.94383510481334e-06,0.000250937185663521,11.3911014078619,4.78880960250051,4.67141811700252,"Non-neuronal","WTvsHET_in_Vehicle"
"Atp5f1",1.37488861992893,0.459314750284804,2.12059593518469e-06,0.000250937185663521,8.98788702689512,4.77089117017203,4.49582061828585,"Non-neuronal","WTvsHET_in_Vehicle"
"Hspa8",1.54051503722926,0.623412764837635,2.77459580014835e-06,0.000292277746141539,9.8045902016604,4.71517148943822,4.34188024217934,"Non-neuronal","WTvsHET_in_Vehicle"
"Fth1",1.51200737490798,0.596465176409,3.01883118080463e-06,0.000292277746141539,9.69047404620098,4.69756417637799,4.25977777453621,"Non-neuronal","WTvsHET_in_Vehicle"
"Rpl37",1.40670999431998,0.49232493491361,4.2346717547014e-06,0.000375827118229749,9.26946705578991,4.62633913736711,3.90183974468095,"Non-neuronal","WTvsHET_in_Vehicle"
"Calm2",1.54440519161177,0.627051309107483,5.01048595542964e-06,0.000410474426348659,10.000386508622,4.59057402943158,3.80364801606904,"Non-neuronal","WTvsHET_in_Vehicle"
"Fau",1.44431489658387,0.530385319934242,6.24153821444714e-06,0.000474802728456157,9.42735382022038,4.54349495516877,3.56335780336019,"Non-neuronal","WTvsHET_in_Vehicle"
"Chchd10",1.40743076784896,0.493063957234434,7.31312163498863e-06,0.000519231636084192,9.23627842709401,4.50927369888649,3.38583933693783,"Non-neuronal","WTvsHET_in_Vehicle"
"Rplp1",1.41873988875467,0.504610110468415,8.09138634831173e-06,0.000538582903809499,9.36390293410764,4.48731154006408,3.31384152707924,"Non-neuronal","WTvsHET_in_Vehicle"
"Mdh1",1.45101861102113,0.537066023784876,1.25936759566444e-05,0.000788956758460372,9.58310215392865,4.39010659812076,2.92752191406932,"Non-neuronal","WTvsHET_in_Vehicle"
"Cox4i1",1.41060192327474,0.49631091185793,1.67852393837398e-05,0.000993126663537937,9.4245824245849,4.32595523648514,2.64425462877638,"Non-neuronal","WTvsHET_in_Vehicle"
"Syt11",1.42900826449278,0.515014260106413,1.8106533126212e-05,0.00101491883049557,9.54254258955314,4.30889687935788,2.59028597713608,"Non-neuronal","WTvsHET_in_Vehicle"
"Rtn1",1.48757606124412,0.57296343673941,2.12175788711346e-05,0.00112983607488792,9.9742984107554,4.27300903146341,2.47477854330225,"Non-neuronal","WTvsHET_in_Vehicle"
"Rpl19",1.37022314541899,0.454410860028283,2.31234266178596e-05,0.00117268806419145,9.23158714269338,4.25342935088419,2.31527350154007,"Non-neuronal","WTvsHET_in_Vehicle"
"Cox5b",1.38113989794168,0.465859459961279,2.49531024958807e-05,0.00120795700718695,9.32032135872886,4.2360290393547,2.2633427217272,"Non-neuronal","WTvsHET_in_Vehicle"
"Gapdh",1.47438508218656,0.56011337898119,2.62150964250326e-05,0.00121387294315912,9.81303042281871,4.22472229712789,2.27049510119233,"Non-neuronal","WTvsHET_in_Vehicle"
"Chgb",1.51110398118561,0.595602937788913,3.44877419757629e-05,0.00153039355017448,10.0548876401109,4.16137886115157,2.03278688768405,"Non-neuronal","WTvsHET_in_Vehicle"
"Hsp90ab1",1.42036587766957,0.506262607130058,4.6979215020658e-05,0.00200131455988003,9.6156147936497,4.08896637340888,1.71804946211823,"Non-neuronal","WTvsHET_in_Vehicle"
"Stmn3",1.44606011006756,0.532127523723294,6.26876875605032e-05,0.00256778412507446,9.78345157537095,4.0203665633355,1.46864493210844,"Non-neuronal","WTvsHET_in_Vehicle"
"Ttc3",1.46277034403047,0.548703283122329,6.80735232377192e-05,0.00263166269716399,10.6495419409704,4.00057729120315,1.44205256205404,"Non-neuronal","WTvsHET_in_Vehicle"
"Tspan7",1.37322455478529,0.457567559633445,6.91892540099453e-05,0.00263166269716399,9.36628501078928,3.99666398471031,1.3288670876412,"Non-neuronal","WTvsHET_in_Vehicle"
"Ndufa13",1.34184173237978,0.424214518500879,0.000106100938264642,0.00378277953130953,9.26070713809121,3.8925249424873,0.915619838516972,"Non-neuronal","WTvsHET_in_Vehicle"
"Rps24",1.34696254011843,0.429709729095053,0.000106557169896043,0.00378277953130953,9.30237997078651,3.89146758072936,0.923023210267628,"Non-neuronal","WTvsHET_in_Vehicle"
"Elob",1.33029238640915,0.41174337208923,0.000130717136305537,0.00449076613436765,9.17961010509262,3.84081735123468,0.702625334321388,"Non-neuronal","WTvsHET_in_Vehicle"
"Skp1a",1.35419784405147,0.437438527525019,0.000140770602632217,0.00467979182557767,9.27782965300423,3.82230887069017,0.658649737710508,"Non-neuronal","WTvsHET_in_Vehicle"
"Tpt1",1.30496909378079,0.384015639149808,0.000145007634031984,0.00467979182557767,9.10464214138522,3.81487962231683,0.588160982958775,"Non-neuronal","WTvsHET_in_Vehicle"
"Rpl23",1.3073900868316,0.386689663222971,0.000156982754288555,0.00483887867556821,9.09553713343412,3.79493877720815,0.511936743044633,"Non-neuronal","WTvsHET_in_Vehicle"
"Rpl6",1.32559038155561,0.406635039557669,0.000159024181826185,0.00483887867556821,9.178024975478,3.79168327061234,0.522808228594281,"Non-neuronal","WTvsHET_in_Vehicle"
"AC149090.1",-1.41780016387614,-0.503654201899177,0.000179027561633927,0.00529623203167033,10.2074350302238,-3.76171580491056,0.553836399105841,"Non-neuronal","WTvsHET_in_Vehicle"
"Atp5g3",1.35853136103568,0.442047869857589,0.00020787902772265,0.00598354498715194,9.46997114950356,3.72362813303268,0.339867342409006,"Non-neuronal","WTvsHET_in_Vehicle"
"Olfm1",1.34890483146742,0.431788566215544,0.000217348190878459,0.00605601372857127,9.42450499254139,3.71220819649492,0.291461648906953,"Non-neuronal","WTvsHET_in_Vehicle"
"Ndufa11",1.25886793177364,0.332126937410087,0.00022176951682092,0.00605601372857127,8.91441044992652,3.7070354179523,0.13622145314954,"Non-neuronal","WTvsHET_in_Vehicle"
"Ndufa4",1.37650757603002,0.461012550268281,0.000230492756254937,0.00613686963528769,9.54755896612009,3.69710788354063,0.260261760727725,"Non-neuronal","WTvsHET_in_Vehicle"
"Uba52",1.31519559817658,0.395277375589467,0.000243858118315767,0.00619375411391181,9.25920809094343,3.68256218062447,0.154294610129775,"Non-neuronal","WTvsHET_in_Vehicle"
"Stmn2",1.30078444282912,0.379381908230148,0.000244260725619057,0.00619375411391181,9.09367996002082,3.6821357440888,0.105833289001108,"Non-neuronal","WTvsHET_in_Vehicle"
"Rps27a",1.28369341232422,0.360300681171638,0.000263051002409808,0.00651510040852198,9.0659962801255,3.66293345589277,0.0289720212886513,"Non-neuronal","WTvsHET_in_Vehicle"
"Atp1b1",1.43534952385757,0.521402092256324,0.000308824079632639,0.00734152685327125,10.45691310159,3.62106818856841,0.0713677911598953,"Non-neuronal","WTvsHET_in_Vehicle"
"Rpl30",1.28027246879929,0.35645087862663,0.000310205359997377,0.00734152685327125,9.04847774886458,3.61989761772298,-0.127698387564251,"Non-neuronal","WTvsHET_in_Vehicle"
"Hsp90aa1",1.37935085353103,0.46398946937416,0.000318569666131336,0.00737558031369289,9.77066907732162,3.61291196314345,-0.00468227043938629,"Non-neuronal","WTvsHET_in_Vehicle"
"Pafah1b1",1.3610270836934,0.444695775968569,0.000332906575885946,0.00754352134720283,9.64536640226401,3.6013286557317,-0.0627678050096092,"Non-neuronal","WTvsHET_in_Vehicle"
"Eif1",1.37117262730366,0.455410214353421,0.000346549126316523,0.00768905874014785,9.76130358261001,3.59073255485273,-0.082229840496888,"Non-neuronal","WTvsHET_in_Vehicle"
"Tmsb10",1.42138202463648,0.507294359630885,0.000358695995438983,0.0077374756372726,10.1217289743476,3.58162204084018,-0.0802216489206833,"Non-neuronal","WTvsHET_in_Vehicle"
"Chn1",1.36406403263126,0.44791136972226,0.000369868631694828,0.0077374756372726,9.73423878014201,3.5734938553559,-0.148512173611302,"Non-neuronal","WTvsHET_in_Vehicle"
"Chchd2",1.31459908781971,0.394622889098151,0.000370527002348265,0.0077374756372726,9.27071395138047,3.57302208945531,-0.226532136350123,"Non-neuronal","WTvsHET_in_Vehicle"
"Pcsk1n",1.32798629506293,0.409240258020106,0.000381084702344294,0.00780490784608986,9.34521942152132,3.56556211030942,-0.233567862149738,"Non-neuronal","WTvsHET_in_Vehicle"
"Canx",1.29179327938858,0.369375219673982,0.000404016570244474,0.00797420510692077,9.1600174160737,3.55000343381138,-0.331510551875541,"Non-neuronal","WTvsHET_in_Vehicle"
"Eef1a1",1.30379536513777,0.382717451725412,0.000409475031368489,0.00797420510692077,9.22088280831077,3.54642196577134,-0.326895798227263,"Non-neuronal","WTvsHET_in_Vehicle"
"Atp5h",1.26427124266888,0.338306019268503,0.000411813409277598,0.00797420510692077,9.01139364186887,3.54490133042566,-0.401006557653113,"Non-neuronal","WTvsHET_in_Vehicle"
"Rpl38",1.28078585964287,0.357029285159403,0.000449294028279039,0.00854460964494958,9.133997205971,3.52157028859144,-0.440380042839125,"Non-neuronal","WTvsHET_in_Vehicle"
"Lars2",1.39795910188427,0.483322154438791,0.000477790075974254,0.00892713036688738,9.61286629363913,3.50501962227354,-0.391730716067355,"Non-neuronal","WTvsHET_in_Vehicle"
"Rpl13",1.32279411325841,0.403588530327333,0.000497861332823554,0.00904439119145253,9.37154539240806,3.49390693886301,-0.471850983750655,"Non-neuronal","WTvsHET_in_Vehicle"
"Tspan3",1.27115052758669,0.346134882069183,0.000501050779620375,0.00904439119145253,9.03617943758276,3.4921797143561,-0.571490541576096,"Non-neuronal","WTvsHET_in_Vehicle"
"Hsp90b1",1.31565654914034,0.395782924087878,0.000605967111906029,0.010755916236332,9.36482440928699,3.44041864209391,-0.649033931054335,"Non-neuronal","WTvsHET_in_Vehicle"
"Gpm6a",1.38777596047325,0.472774681170625,0.000646984015488622,0.0112957045327112,10.0625612276305,3.42243250264512,-0.619076638046081,"Non-neuronal","WTvsHET_in_Vehicle"
"Gpx4",1.26466071543487,0.338750389019687,0.000661793708684557,0.0113679080604686,9.05788550650849,3.41619859317613,-0.816625420693129,"Non-neuronal","WTvsHET_in_Vehicle"
"Atp5o.1",1.24617827651109,0.317510473049193,0.000676283149265754,0.0114324056185401,8.94226143693295,3.41022397717972,-0.877121843153215,"Non-neuronal","WTvsHET_in_Vehicle"
"Rps16",1.27500794726552,0.350506239589876,0.000688889654401615,0.0114635544052769,9.161621114632,3.40512195709978,-0.819692175809104,"Non-neuronal","WTvsHET_in_Vehicle"
"Gnas",1.32994801900261,0.411369859115425,0.000762443332748549,0.0124923407596493,9.54511182251706,3.37698100828107,-0.821365819792182,"Non-neuronal","WTvsHET_in_Vehicle"
"Morf4l1",1.30121210547068,0.379856149272565,0.000843618758767919,0.0136129390619369,9.41063488770507,3.34871635288925,-0.937598399804881,"Non-neuronal","WTvsHET_in_Vehicle"
"Snrpn",1.30082361023382,0.379425347994614,0.000861279525195457,0.0136904879751218,9.27960375036987,3.3429032192039,-0.987164815506317,"Non-neuronal","WTvsHET_in_Vehicle"
"Ywhab",1.25339448717941,0.325840552829191,0.000926478693597595,0.0145102913041388,9.01326442186275,3.32236024960865,-1.14009526683779,"Non-neuronal","WTvsHET_in_Vehicle"
"Fxyd7",1.24455827061081,0.315633779337189,0.000962238547233687,0.0148519427942591,8.97063194129731,3.31165621482206,-1.18755221104505,"Non-neuronal","WTvsHET_in_Vehicle"
"Ptma",1.24746331300262,0.318997387564566,0.00115426520176063,0.0175613205696439,8.98473229742127,3.25981354640061,-1.35015327953289,"Non-neuronal","WTvsHET_in_Vehicle"
"Aplp1",1.29201658674536,0.369624591287005,0.00121431003288896,0.0182146504933344,9.369871955848,3.24524023974896,-1.27240177409836,"Non-neuronal","WTvsHET_in_Vehicle"
"Ndufa5",1.2235526133627,0.291076139345751,0.00124970252792257,0.0182438567368436,8.93243899188321,3.23695958633864,-1.44184604501249,"Non-neuronal","WTvsHET_in_Vehicle"
"Oaz1",1.26567681281037,0.339909063470927,0.00126522656853884,0.0182438567368436,9.17404928305045,3.23339572351467,-1.36406882751386,"Non-neuronal","WTvsHET_in_Vehicle"
"Sez6l2",1.24875622699515,0.320491872117898,0.00126764826152716,0.0182438567368436,9.03960876632052,3.23284342358999,-1.41120090626579,"Non-neuronal","WTvsHET_in_Vehicle"
"Itm2b",1.29372076387392,0.371526260261666,0.00138515951426457,0.0196163390933785,9.32902662351558,3.2071503356212,-1.40236529879103,"Non-neuronal","WTvsHET_in_Vehicle"
"Cox7c",1.27611396473612,0.351757176295358,0.00139985142825987,0.0196163390933785,9.34062413532333,3.20408095189711,-1.40918705170146,"Non-neuronal","WTvsHET_in_Vehicle"
"Rps29",1.24577184197625,0.317039868851531,0.00146935866019526,0.0203229477027006,9.07135924547477,3.1899513404042,-1.53483506208364,"Non-neuronal","WTvsHET_in_Vehicle"
"Ndrg4",1.27579989494763,0.351402064835063,0.00156545967154463,0.021374545515321,9.26269416773407,3.17139937872579,-1.52938871522981,"Non-neuronal","WTvsHET_in_Vehicle"
"Rps10",1.24494445523466,0.316081376072374,0.00160920510492724,0.0214403479304032,9.04978036807635,3.16330014631504,-1.62312336160357,"Non-neuronal","WTvsHET_in_Vehicle"
"Ctsb",1.25455586031681,0.327176709573599,0.00161054256754203,0.0214403479304032,9.10905069707982,3.16305573455262,-1.60326040999256,"Non-neuronal","WTvsHET_in_Vehicle"
"Slc25a4",1.23978071507017,0.310084967985379,0.00168849448775746,0.0222005756723666,9.04115106032196,3.14912414467153,-1.66973804353488,"Non-neuronal","WTvsHET_in_Vehicle"
"Rpl8",1.22695023638833,0.295076736228456,0.0018086093920539,0.0233721429066201,8.96998722235224,3.12877606100123,-1.76261891660378,"Non-neuronal","WTvsHET_in_Vehicle"
"Actg1",1.23786372090706,0.307852493878725,0.00182149094953002,0.0233721429066201,9.01868523392251,3.12666830505377,-1.74913655347009,"Non-neuronal","WTvsHET_in_Vehicle"
"Ndufb8",1.22282151961047,0.290213846577077,0.00188534777061728,0.0239035163774691,8.89627052580384,3.11641804705067,-1.8261802771946,"Non-neuronal","WTvsHET_in_Vehicle"
"Rtn3",1.33925304103408,0.421428571980502,0.00191676287435684,0.0240159113081181,10.10329877715,3.11149201784956,-1.57738391528725,"Non-neuronal","WTvsHET_in_Vehicle"
"Mbnl2",1.28512624055835,0.361910085241613,0.00196830581474634,0.0243749499151727,9.34970780651215,3.10356846256172,-1.708628498759,"Non-neuronal","WTvsHET_in_Vehicle"
"Rps4x",1.20469347164197,0.268666106456488,0.00211517712741398,0.0258926855252401,8.87225945690454,3.08199370448477,-1.94095532728331,"Non-neuronal","WTvsHET_in_Vehicle"
"Fut9",1.33675832196317,0.41873865823466,0.00223001065547307,0.0266961120051634,10.1322213798228,3.06606353220446,-1.70990784875963,"Non-neuronal","WTvsHET_in_Vehicle"
"Sept7",1.30868823116594,0.388121444935582,0.00223094269338924,0.0266961120051634,9.77255956724763,3.06593734562944,-1.74785244523922,"Non-neuronal","WTvsHET_in_Vehicle"
"Clcn3",1.28613121287322,0.363037835904457,0.00227546157826456,0.0269262953427973,9.4768335629855,3.05996567191303,-1.81538081155274,"Non-neuronal","WTvsHET_in_Vehicle"
"Cox5a",1.22304814266107,0.290481193572076,0.00245912423123459,0.0287798605084048,8.99797579111332,3.0364111355028,-2.02543091144105,"Non-neuronal","WTvsHET_in_Vehicle"
"Atp5j2",1.22775323993994,0.296020629691946,0.002562829955722,0.0296675424222167,9.08087865835464,3.0238143065252,-2.0294409566406,"Non-neuronal","WTvsHET_in_Vehicle"
"Eif4g2",1.23091800347742,0.299734661159083,0.00267364803348705,0.0304336970985828,9.03422027838476,3.01085944809642,-2.08521714611294,"Non-neuronal","WTvsHET_in_Vehicle"
"Ndrg3",1.25515724944066,0.327868120173363,0.00270947029829598,0.0304336970985828,9.21299313018474,3.00677678970517,-2.03282854607656,"Non-neuronal","WTvsHET_in_Vehicle"
"Ywhaz",1.26792605941854,0.342470615492677,0.0027147429336764,0.0304336970985828,9.29010921149457,3.00618004377559,-2.01264362136979,"Non-neuronal","WTvsHET_in_Vehicle"
"Rps13",1.216779344123,0.283067567392463,0.00275228756276401,0.0305331901494133,8.97293441653393,3.00196122699314,-2.13754673195075,"Non-neuronal","WTvsHET_in_Vehicle"
"Tmem30a",1.25895867076666,0.332230922883243,0.00279994198266825,0.0306335734624766,9.2228485760287,2.99668158017598,-2.05821294246435,"Non-neuronal","WTvsHET_in_Vehicle"
"Pdia3",1.21177555409152,0.277122506578897,0.00283277125034285,0.0306335734624766,8.92538612779327,2.99309202493309,-2.18333983208195,"Non-neuronal","WTvsHET_in_Vehicle"
"Atp5e",1.20795584930525,0.272567725232206,0.00284762795566684,0.0306335734624766,8.94324172435575,2.99148008029773,-2.17860890123788,"Non-neuronal","WTvsHET_in_Vehicle"
"Usmg5",1.23220342335318,0.30124044891958,0.00294168794827553,0.0311272679143421,9.09513638911802,2.98144956063305,-2.15678078407663,"Non-neuronal","WTvsHET_in_Vehicle"
"Fkbp3",1.23531044353858,0.304873648345588,0.00295504442455695,0.0311272679143421,9.06583712787151,2.98004907357503,-2.162678430023,"Non-neuronal","WTvsHET_in_Vehicle"
"Rpl28",1.23631235954645,0.306043292300411,0.00298120312419051,0.0311272679143421,9.11277717320317,2.9773228949375,-2.15332158249448,"Non-neuronal","WTvsHET_in_Vehicle"
"Nap1l1",1.25341199516324,0.325860704908448,0.00332853059709296,0.0333894478081621,9.24594061734849,2.94305740382094,-2.20643842882714,"Non-neuronal","WTvsHET_in_Vehicle"
"Uchl1",1.23358760991512,0.302860180090148,0.00334755337488521,0.0333894478081621,9.10289837586407,2.94127650736455,-2.2590663792732,"Non-neuronal","WTvsHET_in_Vehicle"
"Scoc",1.20881454821448,0.273592928711493,0.00336675844561056,0.0333894478081621,8.92403450770032,2.9394878838627,-2.3405347486536,"Non-neuronal","WTvsHET_in_Vehicle"
"Pak1",1.26727562506232,0.341730336368941,0.00336995147086718,0.0333894478081621,9.39207141496514,2.93919141077915,-2.17928020616227,"Non-neuronal","WTvsHET_in_Vehicle"
"Map1b",1.28863193892433,0.365840257715156,0.00338459997733575,0.0333894478081621,9.56250987775701,2.93783456878224,-2.14497787649351,"Non-neuronal","WTvsHET_in_Vehicle"
"Sntg1",-1.19766224906199,-0.260221113214987,0.00340701515052064,0.0333894478081621,8.84719290881268,-2.93576865780631,-2.37627345223171,"Non-neuronal","WTvsHET_in_Vehicle"
"Ctxn1",1.22965167643186,0.298249701050061,0.00343760831805918,0.0333894478081621,9.03601376725235,2.93296892641178,-2.31074981792257,"Non-neuronal","WTvsHET_in_Vehicle"
"Zwint",1.2337292098328,0.303025773335101,0.00344867536046745,0.0333894478081621,9.10593168170388,2.93196171970369,-2.28318850582505,"Non-neuronal","WTvsHET_in_Vehicle"
"Kpna1",1.22349267156655,0.29100546003908,0.00359281773026041,0.0343673050093049,9.01828111641809,2.91910564061945,-2.35747960788888,"Non-neuronal","WTvsHET_in_Vehicle"
"Epha5",1.32996041209868,0.411383302779898,0.00361421423572032,0.0343673050093049,10.5026951771067,2.91723748727345,-2.09623101520611,"Non-neuronal","WTvsHET_in_Vehicle"
"Serinc1",1.30135188267824,0.380011116362934,0.00365117248135137,0.0344114928552142,9.821869158666,2.91403422182164,-2.17724676224643,"Non-neuronal","WTvsHET_in_Vehicle"
"Atp6v0b",1.29655838147608,0.374687169376488,0.00386059396694474,0.0357811378704125,10.1396693740108,2.89642217102064,-2.18480875208653,"Non-neuronal","WTvsHET_in_Vehicle"
"Rpl26",1.2067578757836,0.27113624241696,0.00387269415044002,0.0357811378704125,8.98479036659838,2.89543135090276,-2.43668749599631,"Non-neuronal","WTvsHET_in_Vehicle"
"Ndufb10",1.19135169150576,0.252599365085437,0.00389728825630784,0.0357811378704125,8.84433022449646,2.89342612005083,-2.49936782572009,"Non-neuronal","WTvsHET_in_Vehicle"
"Rpl9-ps6",1.22253549093089,0.289876348078748,0.00402645993377636,0.0366511096536053,9.08133432199313,2.88307966815763,-2.43211888956653,"Non-neuronal","WTvsHET_in_Vehicle"
"Rps11",1.20305303546316,0.266700243771797,0.00421441560833422,0.0380368866345419,8.96593507933785,2.86855129397351,-2.52112887227421,"Non-neuronal","WTvsHET_in_Vehicle"
"Rps8",1.27589754211476,0.351512481596701,0.00426664609467413,0.0381846898388904,9.53936084388252,2.8646186226387,-2.354791162295,"Non-neuronal","WTvsHET_in_Vehicle"
"Tmsb4x",1.22197721948988,0.28921739020139,0.0043258144632691,0.0383916033615133,9.06690738628197,2.86021604728007,-2.50757153023742,"Non-neuronal","WTvsHET_in_Vehicle"
"Atp2b1",1.29313189172129,0.370869428920958,0.00445303441610793,0.0389900595780402,10.0065937274984,2.85093214971325,-2.32716067436283,"Non-neuronal","WTvsHET_in_Vehicle"
"Acsl3",1.21782073879763,0.284301786543984,0.00446646691879898,0.0389900595780402,9.03927875014122,2.8499660101186,-2.54052067043548,"Non-neuronal","WTvsHET_in_Vehicle"
"Atp6v0c",1.29565044930388,0.373676549182378,0.00464549385180425,0.0402231784729393,9.65109259010289,2.83733502711996,-2.41587814864002,"Non-neuronal","WTvsHET_in_Vehicle"
"Rpl35",1.20205494204744,0.265502838484943,0.00475180961151751,0.0408119131956948,8.97167814047943,2.83004148814345,-2.62480286135792,"Non-neuronal","WTvsHET_in_Vehicle"
"1700020I14Rik",1.23082880517335,0.299630112672999,0.00488900603705893,0.0416543314357421,9.14670128442367,2.82084501458463,-2.57625199411325,"Non-neuronal","WTvsHET_in_Vehicle"
"Rabac1",1.21381087031784,0.2795436458844,0.00508643840776848,0.0429925151132812,9.023903145546,2.80801297983528,-2.66242148604505,"Non-neuronal","WTvsHET_in_Vehicle"
"Ndfip1",1.258485204112,0.331688254973491,0.00538347094403525,0.0451057744728459,9.45697752559456,2.78953251364091,-2.57859629495715,"Non-neuronal","WTvsHET_in_Vehicle"
"Snap25",1.30722255506774,0.386504781346887,0.00542116350471763,0.0451057744728459,10.6443048044262,2.78725373746133,-2.43714555146972,"Non-neuronal","WTvsHET_in_Vehicle"
"Aldoa",1.22778004597105,0.296052128290124,0.00572650252033959,0.0472769394121059,9.2193227257562,2.76930432683972,-2.69383964087556,"Non-neuronal","WTvsHET_in_Vehicle"
"Rpl18a",1.20284916464077,0.266455742207991,0.00589727015334564,0.0483122516408701,9.00035644134092,2.75963940856932,-2.80263223127451,"Non-neuronal","WTvsHET_in_Vehicle"
"Gm42418",2.55006191051008,1.35053227332007,1.74016303510246e-15,2.93043455111254e-12,12.1542513988145,8.02790412584557,24.0594409059724,"Pvalb","WTvsHET_in_Vehicle"
"Hspa8",1.6654916281587,0.735948102109361,2.40002683999602e-09,2.02082259927665e-06,9.62370102954014,5.99761320006512,10.9132961245761,"Pvalb","WTvsHET_in_Vehicle"
"Ppia",1.59532395127441,0.673849411727954,4.14986430595843e-08,2.16586470054018e-05,9.65645837132362,5.50734010266566,8.24516162795706,"Pvalb","WTvsHET_in_Vehicle"
"Chchd2",1.4979905765854,0.583028548258428,5.14457173524984e-08,2.16586470054018e-05,9.09654581377797,5.46876072240562,8.0463387442422,"Pvalb","WTvsHET_in_Vehicle"
"Calm2",1.52062157113452,0.604661162019242,1.66299986003936e-07,5.60098352861256e-05,9.36848940103408,5.25356605783017,6.95105318595829,"Pvalb","WTvsHET_in_Vehicle"
"Gapdh",1.55857324724971,0.640225957953812,2.67612433659825e-07,7.51098897138575e-05,9.86767500177918,5.16398947877629,6.50787548440992,"Pvalb","WTvsHET_in_Vehicle"
"Atp6v0c",1.50278526210898,0.587638872578518,3.61406846339999e-07,8.69441613195083e-05,9.53579169621472,5.10668194654932,6.22882753121834,"Pvalb","WTvsHET_in_Vehicle"
"Lars2",1.56413241679896,0.645362653932042,7.32287380635903e-07,0.000154146493623858,9.27228084324563,4.96964012988999,5.56525175382852,"Pvalb","WTvsHET_in_Vehicle"
"Pcsk1n",1.50686716785843,0.591552247248843,1.02437246579652e-06,0.000191671470266815,10.0484103390427,4.90328572248774,5.26534778021003,"Pvalb","WTvsHET_in_Vehicle"
"Hsp90ab1",1.44474562723614,0.530815503362709,1.26712552462819e-06,0.000213383938347387,9.28716628400748,4.86082081426074,5.05569761096618,"Pvalb","WTvsHET_in_Vehicle"
"Eif1",1.43542955854946,0.521482534289512,2.39146283991598e-06,0.000348288572712424,9.30717581070054,4.731951081351,4.46641624340154,"Pvalb","WTvsHET_in_Vehicle"
"Syt1",1.50411372547922,0.588913652774898,2.48186631386525e-06,0.000348288572712424,10.8907061391626,4.72432451666269,4.44741384290799,"Pvalb","WTvsHET_in_Vehicle"
"Elmod1",1.44187085425039,0.527941950794864,2.8925162493181e-06,0.000374692104911668,9.34809305247407,4.69273535282001,4.2910563480653,"Pvalb","WTvsHET_in_Vehicle"
"Fth1",1.39396528100214,0.479194628961138,3.27342518070837e-06,0.000393746286022349,8.96845631690991,4.66707217306179,4.14925323917273,"Pvalb","WTvsHET_in_Vehicle"
"Rtn1",1.45289073692525,0.538926210731752,3.6025102228615e-06,0.000404441814353251,9.40120367917091,4.64711238845875,4.09087334017628,"Pvalb","WTvsHET_in_Vehicle"
"Cox4i1",1.46040103637941,0.546364597700074,4.11875347382007e-06,0.000433498803119563,9.54199381234836,4.61907853587049,3.97278591793941,"Pvalb","WTvsHET_in_Vehicle"
"Calm1",1.47377030871532,0.559511693836766,4.96942743767901e-06,0.000492265635591262,9.70712389854375,4.57951544946309,3.8047369862719,"Pvalb","WTvsHET_in_Vehicle"
"Atp1b1",1.47278936718727,0.558551116291515,5.47674702231945e-06,0.000510391364343201,10.8355154231439,4.55891100903732,3.72708069566101,"Pvalb","WTvsHET_in_Vehicle"
"Rplp1",1.36781663052313,0.451874835511338,5.75857240054681e-06,0.000510391364343201,8.88131947792386,4.5482421216431,3.6110001890693,"Pvalb","WTvsHET_in_Vehicle"
"Selenow",1.38593428706545,0.470858854897724,6.1102475970822e-06,0.000514482847674321,8.94874836778756,4.53560946142856,3.56481784228839,"Pvalb","WTvsHET_in_Vehicle"
"Rpl13",1.37299763182514,0.457329137096763,1.27020849145216e-05,0.000981586474335535,9.04605027962657,4.37696746315211,2.89785499974183,"Pvalb","WTvsHET_in_Vehicle"
"Ttc3",1.40744394802189,0.4930774675836,1.29520896161991e-05,0.000981586474335535,10.7074508066961,4.37267168724306,2.94451747415346,"Pvalb","WTvsHET_in_Vehicle"
"Atp5g3",1.42803487121044,0.514031208994554,1.34064660984069e-05,0.000981586474335535,9.57139275529383,4.36506309464646,2.88623574120204,"Pvalb","WTvsHET_in_Vehicle"
"Mdh1",1.42479170826327,0.510751025649395,1.56928007246447e-05,0.00107341394213471,9.59325362188112,4.33016383069745,2.74252539606463,"Pvalb","WTvsHET_in_Vehicle"
"Hsp90aa1",1.40834895434967,0.494004842736021,1.59354801385794e-05,0.00107341394213471,9.34493890985524,4.32674919974351,2.7143589884061,"Pvalb","WTvsHET_in_Vehicle"
"Cox5a",1.39328384940874,0.478489203680449,1.94274684029338e-05,0.00125830218425156,9.17827528863091,4.28244286085297,2.51850072374686,"Pvalb","WTvsHET_in_Vehicle"
"Rpl23",1.32016567664857,0.400718994644687,2.56431655338444e-05,0.00159937373181459,8.77589174250738,4.21967312695303,2.20455572619126,"Pvalb","WTvsHET_in_Vehicle"
"Cox7c",1.39020002379034,0.47529247472521,2.95971474759759e-05,0.00174930297981163,9.40489595823697,4.18691826980976,2.14916483881308,"Pvalb","WTvsHET_in_Vehicle"
"Fau",1.35373957503607,0.436950227878534,3.01245762556634e-05,0.00174930297981163,9.06317510556346,4.18286790333573,2.10184638761853,"Pvalb","WTvsHET_in_Vehicle"
"Nptn",1.39121421275982,0.476344576524653,3.19877381394556e-05,0.00179557836756144,9.57596572114829,4.16908058268663,2.0879649570275,"Pvalb","WTvsHET_in_Vehicle"
"Atp5j",1.36129771570683,0.444982618644397,4.70916601539321e-05,0.00255814050642651,9.16216858402129,4.0792355717743,1.70187506069166,"Pvalb","WTvsHET_in_Vehicle"
"Snap25",1.38992905976414,0.475011251482441,4.88328495782684e-05,0.00256982870905637,10.2255977892429,4.07071057429143,1.73051107885214,"Pvalb","WTvsHET_in_Vehicle"
"Slc25a4",1.34308763491596,0.425553442020642,5.72153861919057e-05,0.00283851252482286,9.07673882806639,4.03332655890797,1.513195750134,"Pvalb","WTvsHET_in_Vehicle"
"Uba52",1.33964777590078,0.421853732953364,5.73096352992739e-05,0.00283851252482286,9.06895954160598,4.03293654226112,1.51040479950878,"Pvalb","WTvsHET_in_Vehicle"
"Rpl37",1.28554100368931,0.362375627188913,6.40239866463148e-05,0.00302880704835502,8.64000296654792,4.0066065915566,1.32184136760666,"Pvalb","WTvsHET_in_Vehicle"
"Tspan3",1.31045502339479,0.3900678392529,6.47488442641216e-05,0.00302880704835502,8.81767012996801,4.00392243900726,1.35421792308462,"Pvalb","WTvsHET_in_Vehicle"
"Tpt1",1.28214039537254,0.358554246837896,9.8827539595717e-05,0.00449798855889696,8.6958182153317,3.90192350416032,0.937561036738455,"Pvalb","WTvsHET_in_Vehicle"
"Mt3",1.33730026859159,0.419323435043004,0.000108114395531892,0.00479117479146595,9.21387976727748,3.87995494844141,0.945947871237313,"Pvalb","WTvsHET_in_Vehicle"
"Stmn3",1.3798996773251,0.464563382737674,0.000116018847589897,0.00500963434208685,9.82634628124798,3.8626179459924,0.928171833819118,"Pvalb","WTvsHET_in_Vehicle"
"Ubb",1.34589240317007,0.42856307888013,0.000133551826208736,0.00562253188338777,9.3579848234495,3.82783306417355,0.767497831370287,"Pvalb","WTvsHET_in_Vehicle"
"Fkbp3",1.30839532809589,0.387798513092698,0.000137179364072733,0.0056343914414264,8.9282992230705,3.82117761781545,0.68845746468093,"Pvalb","WTvsHET_in_Vehicle"
"Bsg",1.28886938210723,0.366106064060733,0.000161122955840213,0.00646026327702188,8.82327170687935,3.78100868340645,0.51909813543946,"Pvalb","WTvsHET_in_Vehicle"
"Oaz1",1.28985187200676,0.367205394492124,0.000165649157465312,0.00648728328306011,8.86923035943324,3.77405345549563,0.504220558281282,"Pvalb","WTvsHET_in_Vehicle"
"Elob",1.28692737343465,0.363930638685163,0.00018540306933286,0.0070958811081031,8.83635844728539,3.74565314534813,0.394655580798628,"Pvalb","WTvsHET_in_Vehicle"
"Rps24",1.29802168393703,0.376314484297851,0.000194754593878063,0.0072881496909035,8.86480038485119,3.73318894256552,0.355129489542757,"Pvalb","WTvsHET_in_Vehicle"
"Chchd10",1.31340767223185,0.393314787837431,0.000213884924621781,0.00783004811006695,9.05011392378486,3.7093542525212,0.302522869604488,"Pvalb","WTvsHET_in_Vehicle"
"Tmem30a",1.32342269991303,0.404273930602874,0.000221488188338849,0.00793587466303451,9.18739178096253,3.70043415078543,0.289328311807413,"Pvalb","WTvsHET_in_Vehicle"
"Ndfip1",1.32073055714179,0.401336171713794,0.000231341092676226,0.00811621666805759,9.20467594542767,3.68929336315198,0.25028081959138,"Pvalb","WTvsHET_in_Vehicle"
"Ndufb5",1.27908180275045,0.355108533686705,0.000257046487993649,0.00883400583227154,8.82564903627729,3.66220086774296,0.0930098838905034,"Pvalb","WTvsHET_in_Vehicle"
"Sec62",1.30446839874272,0.383461994726929,0.0005586483917625,0.018327655024123,9.09641611227473,3.45693072330392,-0.561366743042814,"Pvalb","WTvsHET_in_Vehicle"
"Eef1a1",1.24020236420224,0.310575544814535,0.000571460791747878,0.018327655024123,8.65245832241706,3.45077567920043,-0.683412720780437,"Pvalb","WTvsHET_in_Vehicle"
"Ddx24",1.29285599035797,0.370561584067625,0.000575391840805596,0.018327655024123,9.15190288300971,3.44891298679397,-0.580275718999373,"Pvalb","WTvsHET_in_Vehicle"
"Atp5j2",1.27880300991431,0.354794044901496,0.000576820496602445,0.018327655024123,8.99725224337573,3.44823896805248,-0.606696256476712,"Pvalb","WTvsHET_in_Vehicle"
"Rps7",1.23318192233443,0.302385645717609,0.000593017258668849,0.0184933530295989,8.62677938282799,3.44070447500332,-0.725567497757328,"Pvalb","WTvsHET_in_Vehicle"
"Uqcrh",1.27361189047231,0.348925710093879,0.000609372790348329,0.0186578868899379,8.97585316459834,3.43328821125565,-0.66064663801364,"Pvalb","WTvsHET_in_Vehicle"
"Atp6v0b",1.30721621259737,0.386497781565011,0.000652874021348408,0.0192898667008562,9.98484575342457,3.41442981302358,-0.618155914627965,"Pvalb","WTvsHET_in_Vehicle"
"Vdac1",1.27097589753467,0.345936671698568,0.000652923041537295,0.0192898667008562,8.895782329902,3.4144092299743,-0.738729776509418,"Pvalb","WTvsHET_in_Vehicle"
"Gabra4",1.25574642612766,0.328545169084811,0.000744453625881421,0.0213458639994904,8.72255300488716,3.3782787670653,-0.902947281807625,"Pvalb","WTvsHET_in_Vehicle"
"Rpl9-ps6",1.24603099116031,0.317339951377378,0.000749973465691911,0.0213458639994904,8.73822623165679,3.37623438941109,-0.904767080686489,"Pvalb","WTvsHET_in_Vehicle"
"Gnas",1.29054116283221,0.367976158066373,0.000760541472665929,0.0213458639994904,9.19786349910297,3.37235904387113,-0.825012435323463,"Pvalb","WTvsHET_in_Vehicle"
"Ywhaz",1.25419402085543,0.326760546922974,0.000800863347035444,0.0221090799411096,8.81994530017091,3.35801844114633,-0.942771096946486,"Pvalb","WTvsHET_in_Vehicle"
"Ndufc2",1.28091027373976,0.357169420125772,0.000845970679770703,0.022977655237643,9.01059535600385,3.34274986195266,-0.949837241365327,"Pvalb","WTvsHET_in_Vehicle"
"Cox5b",1.30466804039489,0.383682774305782,0.000907954936267898,0.0242697795662721,9.42547872098804,3.32295731543985,-0.957125965943466,"Pvalb","WTvsHET_in_Vehicle"
"Actg1",1.23583583988465,0.305487118069735,0.000969583028140624,0.0251440582137455,8.73589707146217,3.30448408264234,-1.13689528624484,"Pvalb","WTvsHET_in_Vehicle"
"Map1b",1.29688154435964,0.375046711533048,0.000970524812288275,0.0251440582137455,9.30830515633674,3.30421031786381,-1.02996496212439,"Pvalb","WTvsHET_in_Vehicle"
"Ndufb8",1.26047708888205,0.333969895224105,0.00102068630230469,0.0260429656527439,8.88314417495275,3.28997341950173,-1.14445794324933,"Pvalb","WTvsHET_in_Vehicle"
"Ywhah",1.21684525120326,0.28314570912233,0.00104046510849836,0.0261513916822573,8.60298325634164,3.28453734141804,-1.2446002892537,"Pvalb","WTvsHET_in_Vehicle"
"Rpl26",1.20250023660002,0.266037177855315,0.00110379145702986,0.0271259660887651,8.48124325656584,3.26775413024597,-1.34473398963073,"Pvalb","WTvsHET_in_Vehicle"
"Skp1a",1.26510738832766,0.339259852929106,0.00111145585518099,0.0271259660887651,8.9413624839723,3.26578368742511,-1.20897422152376,"Pvalb","WTvsHET_in_Vehicle"
"Ckb",1.29936874082177,0.377810903506242,0.00116037342244402,0.0279152691913675,9.48160086829274,3.25349589035851,-1.17063906169884,"Pvalb","WTvsHET_in_Vehicle"
"Rpl11",1.22390196895654,0.29148800691608,0.00136320897742039,0.0323330129292385,8.65944158103806,3.20717976037743,-1.46862045121703,"Pvalb","WTvsHET_in_Vehicle"
"Atp5d",1.23416887495726,0.303539816200427,0.00149591932630433,0.0349878909096734,8.72822705671054,3.1802101347575,-1.5305124523452,"Pvalb","WTvsHET_in_Vehicle"
"Uqcr11",1.21928666552706,0.286037356731961,0.00152453363740606,0.0351686937724904,8.65618339226105,3.17468553467124,-1.57063444507598,"Pvalb","WTvsHET_in_Vehicle"
"Canx",1.24589435912941,0.317181745712365,0.00159976514408242,0.0364054662518217,8.88622503197362,3.16060403860954,-1.5474957520412,"Pvalb","WTvsHET_in_Vehicle"
"Gria1",1.27862044368344,0.354588066188049,0.00162993349752736,0.0365974401311476,9.14280762383605,3.15512807122349,-1.51607771427489,"Pvalb","WTvsHET_in_Vehicle"
"Rtn3",1.27895186172035,0.354961963856533,0.00173591021278731,0.0384641157675505,9.61055078548784,3.13660459194021,-1.51591628469034,"Pvalb","WTvsHET_in_Vehicle"
"Celf2",1.30244705022813,0.381224722272637,0.00177842041191941,0.0388942853723673,9.3750312146353,3.12946554812554,-1.56237403474685,"Pvalb","WTvsHET_in_Vehicle"
"Kpna1",1.22633150599673,0.294349025854947,0.00185609696626429,0.040072657579347,8.70824094904373,3.11681695936215,-1.73150883738779,"Pvalb","WTvsHET_in_Vehicle"
"Rpl18a",1.20367950275993,0.267451304613324,0.0019439757752965,0.0414386734885988,8.56194577808795,3.10308098367318,-1.82430307256361,"Pvalb","WTvsHET_in_Vehicle"
"Rpl29",1.20874548332047,0.273510498841038,0.00204168351252773,0.0429774379387088,8.60060356301185,3.08846309349548,-1.85351118411726,"Pvalb","WTvsHET_in_Vehicle"
"Atpif1",1.25970833442151,0.333089739127626,0.00215933304770233,0.0448928006460583,9.21162608615839,3.07169112170589,-1.75656947217106,"Pvalb","WTvsHET_in_Vehicle"
"Hsp90b1",1.2537211788293,0.326216535822128,0.00226625495488597,0.0465411383418045,9.12359139949344,3.05716054013804,-1.81432376769321,"Pvalb","WTvsHET_in_Vehicle"
"Rps27a",1.20840942931529,0.273109346687043,0.00238736175512445,0.0481968816627694,8.67584365620828,3.04144277115774,-1.96687699923446,"Pvalb","WTvsHET_in_Vehicle"
"Rplp2",1.20329811943617,0.266994117284786,0.00240411998792911,0.0481968816627694,8.59211041534817,3.0393256445808,-2.00350225859219,"Pvalb","WTvsHET_in_Vehicle"
"Atp5h",1.24539847097284,0.316607413072598,0.00247547397883927,0.048304847418274,9.02590349375662,3.03045993720143,-1.90761757390015,"Pvalb","WTvsHET_in_Vehicle"
"Cox6c",1.27717222449524,0.35295308312345,0.00248153923743087,0.048304847418274,9.29681018636901,3.02971716348018,-1.86759038213161,"Pvalb","WTvsHET_in_Vehicle"
"Morf4l1",1.24495652290487,0.316095360538516,0.00249555921935263,0.048304847418274,9.03402817243211,3.02800656751407,-1.91368923854433,"Pvalb","WTvsHET_in_Vehicle"
"Thy1",1.24757833256662,0.319130401901221,0.00254269865580626,0.0486580060952016,9.02424180257199,3.02231884583948,-1.93192841284772,"Pvalb","WTvsHET_in_Vehicle"
"Fth1",1.71747645877939,0.780290324350514,1.14410426562633e-08,7.8435043551323e-06,9.72257174488404,5.73235621727976,9.4510568459041,"Sst","WTvsHET_in_Vehicle"
"Gm42418",2.38147950625963,1.25185813369257,1.99894279738848e-08,7.8435043551323e-06,12.3865693273784,5.63540479856212,8.81030940260892,"Sst","WTvsHET_in_Vehicle"
"Meg3",-2.23976701198957,-1.16334866615371,2.28896041492188e-08,7.8435043551323e-06,13.5763147228741,-5.61163470563439,8.40896348078376,"Sst","WTvsHET_in_Vehicle"
"Rplp1",1.60812277729195,0.685377557902586,6.82990833201968e-08,1.75528644132906e-05,9.54265400937435,5.41635285769315,7.74409998775968,"Sst","WTvsHET_in_Vehicle"
"C1ql3",1.54519615120694,0.627789989204889,8.6893014068488e-08,1.78652036924811e-05,9.01459226547557,5.3724731466654,7.44588968322396,"Sst","WTvsHET_in_Vehicle"
"Olfm1",1.54029988340356,0.623211258829735,2.6979037266939e-07,4.62240838506889e-05,9.19138770647838,5.16145513562213,6.39104866217846,"Sst","WTvsHET_in_Vehicle"
"Snhg11",-2.37385301416511,-1.24723060797896,5.83150538232456e-07,8.56398219004235e-05,12.4799284818931,-5.01328977573309,5.6920716160321,"Sst","WTvsHET_in_Vehicle"
"Zbtb20",1.57501996277313,0.655370114333998,7.48165945767837e-06,0.000933530904751923,9.45609285455313,4.49155224679612,3.28694097089473,"Sst","WTvsHET_in_Vehicle"
"Rps8",1.53024963692058,0.61376702583901,8.17293593654407e-06,0.000933530904751923,9.69812336661371,4.47250371442718,3.2718488343589,"Sst","WTvsHET_in_Vehicle"
"Chn1",1.48554380489982,0.570991147199564,1.45865858014952e-05,0.00149950102039371,9.44892335169059,4.34579217720161,2.69162942140925,"Sst","WTvsHET_in_Vehicle"
"Rps3a1",1.38049598009658,0.465186686909559,2.22164043838892e-05,0.00207622397333074,9.04323598857428,4.25164607074804,2.20452054761365,"Sst","WTvsHET_in_Vehicle"
"Rpl13",1.47437736787453,0.560105830458784,2.51333544673405e-05,0.00215309069936883,9.509105428887,4.22368560407147,2.19744650638815,"Sst","WTvsHET_in_Vehicle"
"Ntm",-1.52410725574367,-0.607964432939319,4.87012435592801e-05,0.00385114449068769,9.55905315617772,-4.07084457913408,1.62369532608441,"Sst","WTvsHET_in_Vehicle"
"Rps24",1.4188959124482,0.504768759868765,6.88305377382371e-05,0.00492757197569639,9.36540776289626,3.98884773932939,1.23204741178953,"Sst","WTvsHET_in_Vehicle"
"Eef1a1",1.41976026382649,0.505647341428594,7.19003692951808e-05,0.00492757197569639,9.33033945773997,3.97839913251335,1.19266153411726,"Sst","WTvsHET_in_Vehicle"
"Mt3",1.4438758660087,0.529946715083974,7.84926439313559e-05,0.00504315237258961,9.54659843271225,3.95731889939615,1.14911929992942,"Sst","WTvsHET_in_Vehicle"
"Ppp3ca",1.45469501627989,0.540716716967774,0.00014546600103668,0.00879641465092397,9.67904452789544,3.80616366488354,0.595423377511803,"Sst","WTvsHET_in_Vehicle"
"Calm2",1.44376283346883,0.529833770563018,0.000166450830525463,0.00906528403690339,9.60664574726069,3.77243830656315,0.4752392935802,"Sst","WTvsHET_in_Vehicle"
"Rpl11",1.34104648289097,0.423359244307305,0.00016754902402837,0.00906528403690339,9.03566693339623,3.7707857600633,0.322306410799898,"Sst","WTvsHET_in_Vehicle"
"Rpl37",1.3586160460341,0.442137798454751,0.000219088282091103,0.0112611376994827,9.28279828074083,3.70283713843857,0.133010208104541,"Sst","WTvsHET_in_Vehicle"
"Mirg",-1.32688436194098,-0.408042645219246,0.000236382322959745,0.0115714775239342,8.85412870162261,-3.68338906630927,-0.0213150867320113,"Sst","WTvsHET_in_Vehicle"
"Nrgn",1.32220040080713,0.402940857132551,0.000259611767024108,0.011608765884376,8.96999608898937,3.65927000777128,-0.104498461850316,"Sst","WTvsHET_in_Vehicle"
"Elmod1",1.3742583195565,0.458653213264397,0.000259729197802188,0.011608765884376,9.22149201223889,3.65915330926669,-0.0285692120515142,"Sst","WTvsHET_in_Vehicle"
"Rpl23",1.33799345217166,0.420071055783121,0.000319123030508754,0.013669103140125,9.14749622996676,3.60566855266271,-0.238217864155798,"Sst","WTvsHET_in_Vehicle"
"Camk2b",1.31370627372242,0.393642745360684,0.000358706973909946,0.014750030767177,8.94854397506183,3.57499015016976,-0.406604050579465,"Sst","WTvsHET_in_Vehicle"
"Rpl9-ps6",1.34356983150191,0.426071306794589,0.000402820901912784,0.015926918737167,9.21191455628752,3.54433094701186,-0.432336844539576,"Sst","WTvsHET_in_Vehicle"
"Elavl2",-1.43762714237947,-0.523689552278944,0.000419162523230689,0.015959224958561,9.42958520524333,-3.53376600087035,-0.373881242403086,"Sst","WTvsHET_in_Vehicle"
"Maf",-1.36832190616301,-0.452407673054794,0.00047323542499992,0.0168215860789514,9.00110450811245,-3.50135973212952,-0.597527890757548,"Sst","WTvsHET_in_Vehicle"
"Calm1",1.42915589499346,0.515163296886332,0.00047453890689649,0.0168215860789514,9.82038510598435,3.5006220724828,-0.446997404694457,"Sst","WTvsHET_in_Vehicle"
"Camk2a",1.33485981748465,0.41668824285765,0.000537115157631637,0.0184051460681774,9.11842882556805,3.46726204309716,-0.735329043147536,"Sst","WTvsHET_in_Vehicle"
"Tmsb4x",1.34568734238807,0.428343252457122,0.000696464549403633,0.0223218869922914,9.29556563443422,3.39637332715233,-0.930714268154616,"Sst","WTvsHET_in_Vehicle"
"Gria2",1.37135295303806,0.455599933672732,0.00070834885240466,0.0223218869922914,11.321184172869,3.39171234920481,-0.663573114889472,"Sst","WTvsHET_in_Vehicle"
"Uba52",1.34544411561338,0.428082468420313,0.000716558629129978,0.0223218869922914,9.30816255824394,3.38853478834476,-0.929431265579787,"Sst","WTvsHET_in_Vehicle"
"Wasf1",1.27930687834315,0.355362377400645,0.000773444185331908,0.0233853124270942,8.89308453022406,3.36740402953714,-1.13237252432715,"Sst","WTvsHET_in_Vehicle"
"Rpl19",1.32253158419563,0.403302176644259,0.000950612099588179,0.0273684983445689,9.1601769263245,3.30977491483167,-1.22636313765059,"Sst","WTvsHET_in_Vehicle"
"Celf2",1.41269503317518,0.498450056179784,0.0009584299031172,0.0273684983445689,10.1244546789621,3.30746865416947,-1.04953388263193,"Sst","WTvsHET_in_Vehicle"
"Atp6v0c",1.35066805341001,0.433673154646952,0.00111853141825016,0.0310770350800315,9.45032980433789,3.26370959129326,-1.28259948317659,"Sst","WTvsHET_in_Vehicle"
"Gm10076",1.30672872455085,0.38595967030997,0.00124745807372615,0.0337470236786968,9.26872138655547,3.23250167609463,-1.45519190647149,"Sst","WTvsHET_in_Vehicle"
"Rtn1",1.39234152119274,0.477513126774826,0.00136333743337427,0.0351681075421578,10.0991675468157,3.20689920504292,-1.36004416541402,"Sst","WTvsHET_in_Vehicle"
"5330434G04Rik",-1.45701787579059,-0.543018577578287,0.00136840885378046,0.0351681075421578,10.1138352896372,-3.20582523763577,-1.34264166582602,"Sst","WTvsHET_in_Vehicle"
"Dgkh",1.30182024650904,0.380530256972754,0.00147688153488156,0.0370301028745912,9.03925397988265,3.18369185562815,-1.67975956229547,"Sst","WTvsHET_in_Vehicle"
"Xist",1.29527750637496,0.3732612208313,0.00154136298027677,0.0377266938982029,12.2467486153065,3.17123531257635,-1.28847767778406,"Sst","WTvsHET_in_Vehicle"
"Rps7",1.2781523943037,0.354059859288667,0.00167129749502739,0.039858719048702,9.10333482333551,3.14752944757154,-1.76017787032966,"Sst","WTvsHET_in_Vehicle"
"Selenow",1.32983528453045,0.411247562337486,0.00173385367672881,0.039858719048702,9.40783259083056,3.1367160287904,-1.69667976050497,"Sst","WTvsHET_in_Vehicle"
"Rps2",1.32154701455419,0.402227750335266,0.00174478828520583,0.039858719048702,9.338923842014,3.13486284243964,-1.7174815103165,"Sst","WTvsHET_in_Vehicle"
"Rpl14",1.25485386592628,0.327519364830298,0.00235222007275226,0.0497410589733999,8.96995796006696,3.04570780617234,-2.11971005773042,"Sst","WTvsHET_in_Vehicle"
"Ppfia2",1.24292277624513,0.313736663414433,0.00237339721821065,0.0497410589733999,8.81300039693879,3.04299881649677,-2.18316744896972,"Sst","WTvsHET_in_Vehicle"
"Mkl2",1.27475206796352,0.350216678376982,0.00237363838456007,0.0497410589733999,9.00142614571253,3.04296809413667,-2.11631873598625,"Sst","WTvsHET_in_Vehicle"
"Syt7",1.22860302511552,0.297018840680295,0.00240047091395567,0.0497410589733999,8.76803865439223,3.03956761090644,-2.21167405187199,"Sst","WTvsHET_in_Vehicle"
"Map1b",1.33746568549996,0.419501877686424,0.00241931220687743,0.0497410589733999,9.56964698970534,3.03720060436819,-1.9553083581273,"Sst","WTvsHET_in_Vehicle"
"Rplp1",1.40466161713001,0.490222627182573,5.84748925698593e-06,0.00605799887023743,9.29797282146988,4.56042049608033,3.67385428938427,"Vip","WTvsHET_in_Vehicle"
"Gm42418",1.82845982766188,0.87062893016867,2.46738017492095e-05,0.00873864835687885,12.3393796830399,4.24096139739062,2.06169163014596,"Vip","WTvsHET_in_Vehicle"
"Rps23",1.30295456398706,0.381786775806694,2.53049662843982e-05,0.00873864835687885,9.00597928686679,4.23516993485635,2.31499235825094,"Vip","WTvsHET_in_Vehicle"
"Calm2",1.4812780907429,0.566842513329851,5.97736389611759e-05,0.0154813724909446,9.90851928464836,4.0337969571942,1.57673375490574,"Vip","WTvsHET_in_Vehicle"
"Rpl37",1.30492361616209,0.38396536096425,8.00371060194726e-05,0.0165836883672347,9.1136452669486,3.96339563411269,1.27978303660887,"Vip","WTvsHET_in_Vehicle"
"Selenow",1.35226652754174,0.435379530367578,0.00013812261127272,0.0238491708797564,9.44319367040794,3.8288168769386,0.823605845676595,"Vip","WTvsHET_in_Vehicle"
"Ppia",1.43404344155554,0.520088728340696,0.000214377852636318,0.0317279221901751,10.0411648409639,3.71735414089817,0.453817029065297,"Vip","WTvsHET_in_Vehicle"
"Rtn1",1.40914803953569,0.494823183460804,0.000252786446650989,0.0327358448413031,10.3837449606733,3.67481983990772,0.308511266649862,"Vip","WTvsHET_in_Vehicle"
"Fau",1.32292374793975,0.403729908449914,0.000412301039361546,0.0474604307531736,9.3991278271534,3.54599703168102,-0.151446902548547,"Vip","WTvsHET_in_Vehicle"
