"gene_name","module","color","kME_turquoise","kME_blue","kME_grey","kME_yellow","kME_black","kME_brown","kME_green","kME_red"
"Tcea1","turquoise","turquoise",0.170070554184228,0.119259962742782,0.127396595971294,0.0664925785530566,0.0254472685951375,0.110144040167951,0.105760998388442,0.0455117898802272
"Atp6v1h","blue","blue",0.162858094311414,0.171269001682333,0.170588184757794,0.0869212991801367,0.0803766352190043,0.0797828038530718,0.14265227363927,0.0579268065298797
"Rb1cc1","grey","grey",0.0864349986280338,0.09054754480618,0.158415578044785,0.126624672891625,0.10313200965008,0.041695767337004,0.126175861047568,0.107279048566088
"4732440D04Rik","grey","grey",0.0836099645547119,0.0809151122659372,0.116613876858101,0.0508058754422891,0.0584375028183282,0.0135782402161704,0.0761629589881568,0.0344404118674629
"Pcmtd1","grey","grey",0.0738719105868098,0.0532609518498864,0.135047799999315,0.108989594351297,0.0624440249553675,0.0507320007688078,0.0885464653498078,0.116939139447761
"Sntg1","blue","blue",0.127872393215638,0.200215845140129,0.137889655812189,0.0397881401025639,0.0881179085741884,-0.0163970216982081,0.13047408768737,-0.0136359951011797
"3110035E14Rik","yellow","yellow",0.0699335200506899,0.0385984445148385,0.159020619174929,0.251653657232106,0.0878149367707643,0.0189039387754196,0.186608558692182,0.155760769252906
"Vcpip1","turquoise","turquoise",0.144508730017477,0.108021838840327,0.139749754127565,0.0887950848945942,0.0467311441748411,0.0621668165336762,0.124422337702825,0.0608462416547116
"Cops5","grey","grey",0.0848734451501755,0.0774262535416758,0.108933151244148,0.0560938778500395,0.0593328649884603,0.0514809988922402,0.0823456522330153,0.0405231623037414
"Cspp1","black","black",-0.0221285129994839,0.0642258419510756,0.070331840452617,0.0647520487928957,0.187052959808144,-0.0405649844442781,0.0715911608159055,0.0387227124240901
"Arfgef1","grey","grey",0.0444363594296091,0.0552685032551352,0.0831502709045668,0.0512568799549146,0.0632508029839103,0.0487108717420318,0.0588766146542771,0.0587558452626915
"A830018L16Rik","black","black",0.092191389939739,0.152158469109395,0.12131977624803,0.0173257623664973,0.17604095897375,0.0596962768040467,0.105537884180923,0.00246241775115041
"Ncoa2","grey","grey",0.0425095355602683,0.0584302726572227,0.0705356150228921,0.0300036224261599,0.0567050986381124,0.0130130988061149,0.0498659162201091,0.0238286585699891
"Terf1","grey","grey",0.0602211855692257,0.0477971626953827,0.090182951629256,0.0689811887227193,0.0305431815189478,0.0102007958457037,0.0735168225921829,0.0471593675056104
"Rpl7","brown","brown",0.140046538409733,0.0622321702197528,0.0841734132119728,0.0356450960334506,-0.0205946589934133,0.178055931766943,0.0524711979312444,0.0581211266971071
"Stau2","grey","grey",0.0899931654337717,0.115039185534748,0.12130859211801,0.0614324078706852,0.0874286168292085,0.0494196033882938,0.0946055818774362,0.0503862427739335
"Ube2w","grey","grey",0.13176559634489,0.112200570576435,0.168332250683771,0.103983711845891,0.0790030181849951,0.104404013379148,0.116177864370105,0.108418672423521
"Eloc","turquoise","turquoise",0.180428432680725,0.126448771023979,0.141144995885288,0.101358125994242,0.0269674684666493,0.113964470219282,0.133848923062841,0.0675529148170339
"Gdap1","black","black",0.0508532750849074,0.111887456090978,0.102171499382667,0.03743690155452,0.16371466053509,0.0642363182314228,0.0705449966062981,0.0474578143388796
"Kcnq5","grey","grey",0.163095724241972,0.0952559615663575,0.223701744533558,0.258135198739132,0.0350366076455132,0.00928777462940985,0.231987608385402,0.166531857874944
"Rims1","grey","grey",0.0946902933356938,0.132700562176832,0.156196998004597,0.134258410207398,0.124217304497609,0.00342088288676681,0.173140537031304,0.060105517022551
"Ogfrl1","grey","grey",0.115150124026241,0.0992511756957611,0.118535554645895,0.0718025354081945,0.0524387272903652,0.0939451497908527,0.112108351010474,0.0443638209593233
"Smap1","grey","grey",0.128210018417255,0.0945431361364614,0.14571913970053,0.103921693963691,0.059548629527096,0.0735120051266209,0.131005382735543,0.0745174417072902
"Fam135a","grey","grey",0.0428393878581748,0.0672768224216069,0.0551206407281984,0.0188275311011276,0.0472191677947294,-0.0126163710929846,0.0522408892340933,-0.010514068037093
"Lmbrd1","grey","grey",0.14058237592743,0.114619885579814,0.142384681145701,0.10997282979871,0.0488967998366217,0.0344725593384654,0.149530961641635,0.0395693074615716
"Adgrb3","grey","grey",-0.0123823381686968,0.0708006893997852,0.124536661436871,0.0980406484820017,0.143501929891149,0.0474146835984465,0.069116837253134,0.14890034791635
"Phf3","grey","grey",0.109121481422672,0.088897643049592,0.156037892978994,0.092564332045862,0.0669476221812745,0.0327686551333262,0.106673824369588,0.0785379459976259
"Khdrbs2","yellow","yellow",0.0881564560582627,0.0592365689569587,0.20426852634609,0.260224980997921,0.0913175443006612,0.00636278235375554,0.192454119378816,0.200554424615728
"Zfp451","grey","grey",0.0904705067856293,0.0859381326862775,0.149549129039991,0.106931644050925,0.078192147226756,0.0399018811355072,0.110334540277905,0.0957448532583743
"Bend6","blue","blue",0.135994115715953,0.187580460851522,0.120862553460443,0.043463663718766,0.0834499697393165,0.0349557910250091,0.125386760555086,-0.0174392828785701
"Dst","grey","grey",0.0819873289291499,0.13059051188224,0.133808249324466,0.0970655240930363,0.11313871412031,-0.0361435354308501,0.148320605546792,0.0115854856207149
"Cox5b","blue","blue",0.288340915211969,0.259105734373075,0.173052982581973,0.0624345231342767,0.0236723046500461,0.245215824182391,0.158434698305123,0.0406296751277183
"Actr1b","green","green",0.0867158348182136,0.079810647138317,0.122434204876796,0.134600315023554,0.0681255959485607,0.0116218431436424,0.161935334942618,0.0766124838169754
"Tmem131","grey","grey",0.0210728637139098,0.0207483561000215,0.0652746127356782,0.0552110179485424,0.0477599585039354,0.0185739125122079,0.043438750549773,0.0671019310914901
"Inpp4a","grey","grey",0.0628337518144884,0.0509964981536722,0.125671160299718,0.109467016563662,0.0715370983432053,0.0422099101063732,0.0984930642710488,0.103573962815735
"2010300C02Rik","red","red",0.0620606200238559,-0.0588217424002585,0.170778639397689,0.162404054494829,0.0109668638392988,0.179319196264143,0.0314541795123736,0.353824137075547
"Tsga10","brown","brown",-0.0148416579786201,0.010591041256107,0.048895072204011,-0.0128885680068597,0.0727456771768641,0.0677817339912602,-0.0301383716002429,0.0758959154676008
"Mrpl30","grey","grey",0.150529608824237,0.109257782530219,0.135890140636767,0.0684133779703192,0.0212435443390834,0.112097415740788,0.10121358928953,0.0619104749251515
"Txndc9","grey","grey",0.11494110246321,0.0790991815122904,0.125574904748149,0.0757125524858698,0.0320698730784396,0.0486904169352523,0.0919120082309752,0.0611977258664434
"Eif5b","grey","grey",0.103348380234896,0.0816307336559477,0.112813863205395,0.0749833193822473,0.0376447772094678,0.0693993115782862,0.0890829271936343,0.0617113810279731
"Rev1","grey","grey",0.0323410039560605,0.0488950857790654,0.0770262286846038,0.0394724189639692,0.0600880385101681,0.0156250217849058,0.0440140662220484,0.0484015223287283
"Rpl31","grey","grey",0.107968464437003,0.0636104288535348,0.0901889818520936,0.0657166425724489,0.00654691375621436,0.168432287552562,0.0605780478462309,0.0878188256096743
"Creg2","red","red",0.120586317723421,0.0551218785228974,0.178354650311176,0.184345136086179,0.0395686020403518,0.105659132620287,0.143871648146559,0.219334123897701
"Pantr1","grey","grey",0.0538288795392948,0.0079005433903278,0.0546334804491787,0.100983400675721,-0.0351545468432399,0.0361916100142295,0.0555093756889955,0.0833739132096402
"Uxs1","grey","grey",0.073080203972492,0.038469042019188,0.100721526553517,0.10551476474753,0.02929205543897,0.052693444568956,0.088459824045615,0.101204583241993
"Tpp2","grey","grey",0.0748883134979743,0.107287243067255,0.116363028116312,0.0479854844080322,0.0951088798495686,0.038569046234375,0.0790918511140017,0.0424559003890719
"Wdr75","grey","grey",0.0791236247494662,0.0971625793535672,0.0978802433814765,0.0358766829469366,0.0626019038598975,0.0394224446500095,0.0660446463867914,0.0281428998085824
"Slc39a10","yellow","yellow",0.250383236973718,0.0762491169160729,0.315556830006946,0.464255378682619,0.0240853611775225,0.0874320347013363,0.361792949955626,0.313867788536508
"Tmeff2","grey","grey",0.0580933804009697,0.0162871640279774,0.0399758557758621,-0.0313675997660682,0.00029128461529095,-0.012321172519706,0.00380142188125445,-0.0452438720151674
"Gls","red","red",-0.0990146591487929,-0.00757524813478698,0.0846088758003367,0.172685445033546,0.156531870905883,0.0190909245180573,0.0767192972411302,0.238356277513672
"Mfsd6","grey","grey",0.0744408643278744,0.104503318670048,0.0977562640698104,0.0547764785228307,0.0724166309960022,0.0358870157998871,0.0928341323860421,0.0286100804166656
"Hecw2","green","green",0.0757376455727622,0.0660110505123464,0.135268161347464,0.15985017341921,0.0771942804194924,-0.0238678365447638,0.172761718160976,0.0876574048957224
"Pgap1","green","green",0.0828626437149202,0.0444237696192439,0.0874614471647625,0.0868509177711926,0.0108098905765187,0.00180835303024094,0.118913892224818,0.02932098498102
"Sf3b1","grey","grey",0.0217447005994995,0.0818650635609584,0.127885976937435,0.0929596815790451,0.117052901153257,-0.00362253447226699,0.084082797902948,0.103060398813118
"Hspd1","turquoise","turquoise",0.231411502792984,0.14494647121777,0.164001475782361,0.0729219828263136,0.0154138085247618,0.136983752488745,0.132987696319835,0.0522662923244379
"Hspe1","turquoise","turquoise",0.183451373361036,0.146562056488364,0.103601861980174,-0.00311037072379452,0.024306882668364,0.149184394148392,0.0705358466722738,-0.00504723974688996
"Mob4","grey","grey",0.0937877450237278,0.0741684814131328,0.105756369444972,0.0623268534928305,0.0393529252831257,0.0482201592385321,0.0749032854275777,0.0488630173304641
"Spats2l","grey","grey",0.0975885595727551,0.090019425988278,0.144312612837802,0.106160648392697,0.0613620513917697,0.0143834617511416,0.117163110568315,0.0746545955548876
"Bzw1","turquoise","turquoise",0.195265296274996,0.12388707833565,0.143511731763417,0.099181477331232,0.0220381033773519,0.0969295131060688,0.142908432801492,0.0518734825641243
"Clk1","black","black",-0.0609625366190515,0.0327545668590214,0.0255714082015895,0.00576204120328315,0.144023504049501,-0.0440782303773265,0.00140199809889557,0.0242750643123792
"Orc2","grey","grey",0.109463862304105,0.090904507178472,0.13267237171164,0.0916598089766248,0.0491114872157832,0.028682716722648,0.113166766044705,0.0604527407134592
"Fam126b","grey","grey",0.0559776994375168,0.0633088355054949,0.138067480739812,0.12787871611775,0.0942239446088953,0.0728118067075651,0.108677155828976,0.138662598120261
"Ndufb3","blue","blue",0.150690341404935,0.147830215584896,0.10507135621005,0.0421175022279493,0.0339355458468197,0.136813558692201,0.0842395509397064,0.0364319018567166
"Trak2","grey","grey",0.0784090849043093,0.104119311059984,0.124803196696657,0.0761065898041377,0.0885194301504591,0.024248575929286,0.102453209522884,0.0526770772199774
"Sumo1","grey","grey",0.143110416116614,0.102490325764008,0.126778846616876,0.0832026396980863,0.0314133550974055,0.0983940155965383,0.103726126882421,0.0602163572095526
"Nop58","grey","grey",0.113792000195532,0.093882230932744,0.103678434975747,0.0435369196749856,0.0342053745206844,0.0748060992985835,0.0831846062845845,0.0363496829965989
"Bmpr2","grey","grey",0.125302049400287,0.102123839504005,0.143606904803722,0.0943755593449436,0.0641186297792514,0.0981091844278497,0.122602889696094,0.0805063821869731
"Wdr12","grey","grey",0.0736852026693429,0.0808712340120838,0.102246287562671,0.0394642576927146,0.0628812063269288,0.0613855154074527,0.0656483035413427,0.0483986902367115
"Nbeal1","blue","blue",0.0138251547069893,0.101820037538497,0.0473744661116097,0.0106184782866769,0.099434236306769,-0.0252947841776569,0.0492680003611377,-0.0303040722547874
"Abi2","red","red",0.0649381125897502,0.0277831546004096,0.152937580040816,0.158123007002147,0.074011491271319,0.0870482645774611,0.104064935998848,0.209900881198445
"Raph1","yellow","yellow",0.026438244136042,0.0288732114425328,0.131117661259329,0.235584255068069,0.0914265983344683,-0.0309891921073667,0.174282368908481,0.132771202991087
"Ino80d","grey","grey",0.0337123543063053,0.039754782398416,0.0694799354817588,0.0429387008513372,0.0557098724596163,0.0337407135924307,0.0422921138793719,0.0567149207511229
"Ndufs1","blue","blue",0.121734406039821,0.134124827783179,0.119249891012903,0.0507481070182028,0.0655904994851521,0.064076841032893,0.0903681560783707,0.0375891642254108
"Eef1b2","brown","brown",0.200758819829874,0.112674840733268,0.122915457534852,0.0502032239398981,-0.0180590365915697,0.185288677597855,0.0982522027173226,0.0423032573245635
"Adam23","blue","blue",0.0829875162285966,0.167503476375788,0.146067355866259,0.111372853944458,0.145143271481938,0.00156946685993327,0.153035004375662,0.0508096939385103
"Klf7","grey","grey",0.0625342992990842,0.0247832626457999,0.110780726383871,0.118527584212521,0.0474972741709172,-0.00107312482962581,0.10276746023923,0.0705596929673833
"Pikfyve","grey","grey",0.0427884884408137,0.0560798717199491,0.0896278324422345,0.0649933014937077,0.0727801149040836,0.0131066969537889,0.0714166391513451,0.0524581003525746
"Map2","brown","brown",-0.00197050067143226,0.0619252875030863,0.109656640443118,0.0804117070682246,0.11629979540899,0.0781409555554307,0.0518441288164753,0.141385738524211
"Unc80","grey","grey",-0.0186923855829094,0.0904362190437134,0.151843672999327,0.192567405467469,0.192673220953075,0.035565656873399,0.144287495445232,0.200130483744982
"Lancl1","blue","blue",0.176915282041441,0.207376264126569,0.156871886613948,0.0269015692567892,0.0886888622451807,0.0902650947597306,0.115012033210706,0.0151668923170516
"Rpl37a","brown","brown",0.209173643596328,0.162010491593081,0.224201499748378,0.15107834485598,0.0816019176686742,0.226639636867029,0.16739956863779,0.150049543726317
"Arpc2","red","red",0.148092332162729,0.0549614500750856,0.188883348586881,0.137373591132624,0.0365914639105398,0.169193386081332,0.0906839181339353,0.238103746607454
"Pnkd","blue","blue",0.157266026070482,0.162970141818101,0.118621736184543,0.0286644760287972,0.0487227401073491,0.06687254792845,0.10235477231631,0.00309736989719195
"Retreg2","grey","grey",0.138184506739578,0.0856853840279695,0.138615005630645,0.103413762970252,0.024247382240199,0.0698143364714765,0.120174707209532,0.0818622362170931
"Tuba4a","grey","grey",0.241485531084971,0.140460876402934,0.244329915631467,0.221036021465423,0.0371779657483471,0.129503317194129,0.23379173636778,0.159787558488882
"Ptprn","grey","grey",0.082641113423151,0.0742074221095183,0.172800519752318,0.177518913199972,0.0832796081973076,0.0512379331332511,0.157085238425973,0.147211258836207
"Resp18","turquoise","turquoise",0.219420598771717,0.241212624439579,0.135646514931041,0.0394865009851129,0.056779255541927,0.0833330613044163,0.185166188133764,-0.0813363027178215
"Slc4a3","blue","blue",0.128669502991198,0.195283042058541,0.162996808412995,0.074513933698663,0.122178380980554,0.0273458881638434,0.142281812702362,0.0366717436569567
"Epha4","red","red",0.0555130182303555,-0.0533541996158861,0.169910002652767,0.283860798517577,0.0192037784409052,0.100751852860893,0.144984347796376,0.355487019337334
"Acsl3","turquoise","turquoise",0.222324407860349,0.141425448514011,0.0994397829192491,0.0101754305083206,-0.025277067887658,0.0565473943367731,0.106530707323839,-0.0555561460185109
"Scg2","blue","blue",0.18099540482263,0.171519861349157,0.0573786722894212,-0.096296134829543,-0.0397628716362284,0.122454040153761,0.0253365980342191,-0.0796970063022758
"Nyap2","green","green",0.0941134076755623,0.104138478969276,0.163438873588711,0.178157078509284,0.10013651345718,-0.0178205208890285,0.217197031374944,0.090155049726276
"Mff","blue","blue",0.106281345005142,0.136630229249486,0.125008680086999,0.0691865562825375,0.0860891013119347,0.0351635437472202,0.110396467209405,0.0334007888370652
"Sphkap","red","red",0.103377392825753,0.000877796346558035,0.18851277891595,0.176695623179152,0.035267207300125,0.156327187522287,0.101129103233222,0.296046037912485
"Trip12","grey","grey",0.0710632577820182,0.104630286492152,0.120750915763186,0.0567705687209482,0.103590721900857,0.0407300594411182,0.0842324200992565,0.0502414356624119
"Itm2c","grey","grey",0.191307710372451,0.0347589644169351,0.21258454599284,0.182019092443902,-0.00760720918244831,0.157087979763425,0.135741583370215,0.20634973893505
"Psmd1","turquoise","turquoise",0.178362106285815,0.136695690894828,0.158535143578909,0.0917915577574338,0.0448292606987672,0.0972132256248531,0.139919228820136,0.0587936274725837
"Ncl","turquoise","turquoise",0.247357757641127,0.142413234937194,0.174870716421035,0.0884356756570907,0.00456061956003997,0.14868453241156,0.14262333617296,0.0663011313288508
"Ptma","turquoise","turquoise",0.212770150530702,0.0214700574291157,0.0974486802318373,0.040987343208494,-0.092986354561441,0.13581893402435,0.0568635213160529,0.0434419662645137
"Gigyf2","grey","grey",0.0642164212742918,0.1028159995926,0.110093298343214,0.0288660080772639,0.0931839235959487,0.0346734090410019,0.0612244320264152,0.0313745218542749
"Ngef","yellow","yellow",0.117709906420337,0.0234608797490127,0.17449987331932,0.263386709687961,0.0246532893405627,0.0363885733794092,0.182650884939243,0.184277681771268
"Atg16l1","grey","grey",0.0159698100675943,0.0581709575530648,0.0721821123237613,0.0463032002137083,0.0797959000695568,0.00154472704591254,0.0534738109455179,0.0425679317988529
"Dgkd","brown","brown",0.029991311132593,0.0392888932234921,0.0729649972409924,0.0257644588158102,0.0573900399538682,0.0649057804100088,0.0203901272934514,0.0718560545124828
"Usp40","black","black",-0.00279514933543797,0.0495109971184018,0.0292643379382359,-0.0156015128701725,0.101729202460527,0.000691616666826722,0.00436224406557998,-0.0112092216023347
"Hjurp","blue","blue",0.0211694787829261,0.082682532977178,0.0188619011707201,0.00727873518484324,0.0533842928950376,-0.0385896970063936,0.0591964981506519,-0.0579779988713919
"Cops8","grey","grey",0.0626938468813301,0.0625216422253035,0.0841484890060988,0.0314573134171891,0.0414762070798476,0.0508764304924434,0.0470329607572465,0.0404992248905271
"Lrrfip1","blue","blue",0.0897411293660591,0.195930164169477,0.18614137278463,0.0823903295213636,0.181085856592057,0.0580951012712683,0.126199567760967,0.0807167566600295
"Ramp1","red","red",0.100705626094381,-0.0339456558657787,0.102634255915656,0.147636829895586,-0.0533595239475298,0.104126871414235,0.0686322403096748,0.183782864799889
"Ndufa10","turquoise","turquoise",0.192115408913655,0.167489105058106,0.174966342222777,0.0721283102046085,0.0674222038749656,0.095379337030224,0.137154228976739,0.051366394311872
"Cops9","grey","grey",0.0987589333271399,0.092314269946764,0.0626087573560954,0.0336157883377416,0.0176003272549716,0.141863913214659,0.0520642096968427,0.0411625861188859
"Kif1a","blue","blue",0.1618391426327,0.187029760729312,0.165967582239807,0.104083912951574,0.0940966740938714,0.0684145133076586,0.164473035397333,0.0454735723483645
"Hdlbp","grey","grey",0.121356500234595,0.120279554395322,0.150666573163856,0.0819047726631716,0.0790934721798092,0.0520406346403504,0.118915268593477,0.0589452823133912
"Stk25","grey","grey",0.0948647628570115,0.0866194530970494,0.155800412680297,0.128399994746326,0.0875133430606426,0.0514847371409905,0.13189651267106,0.109380026793901
"Fam174a","turquoise","turquoise",0.175419895594609,0.103110164166756,0.108863504773688,0.0227476796725102,-0.00987026284794353,0.102753549088391,0.0778213018053907,0.020474310207167
"Ppip5k2","blue","blue",0.0499778528393548,0.137995449165429,0.0908871958244972,0.0290178596450649,0.121661093957586,-0.029963988938293,0.0845909682744642,-0.0113658030296079
"Gin1","grey","grey",0.0359458513252399,0.0484239855136901,0.0707684625995449,0.0273203871629746,0.0568702462108487,0.0213565553874182,0.0347567901349233,0.0398805599704107
"Pam","blue","blue",0.134445126462835,0.177413076851218,0.151913793231518,0.0698723502587736,0.0742397278029121,0.0334313624400759,0.133422578011571,0.0397986506333157
"2310035C23Rik","grey","grey",0.0533174985130615,0.0661621638295223,0.103743347994112,0.0599794885032178,0.0734658977457989,0.019521994235914,0.0696444456956201,0.0571487146620997
"Vps4b","grey","grey",0.0621816499278325,0.0590401329791654,0.0873153436131991,0.0499567561128829,0.0400462094495169,0.0334807907961163,0.0595881052217298,0.0478957169479226
"Cntnap5a","grey","grey",0.0846900884282721,0.203673436633328,0.176993462250761,0.00441326252039653,0.189068488733013,0.101738407693865,0.0696785671444459,0.0825849275656242
"Tsn","grey","grey",0.096409794709848,0.0869084892996475,0.11432593575236,0.059662753170711,0.0495786038021755,0.0559576138157153,0.0804274884935535,0.0490226795407501
"Clasp1","grey","grey",0.0523292939286577,0.0577589092972844,0.11786066260677,0.119760508681423,0.0804459213993857,0.00864744519101703,0.108508805890251,0.0939261611296926
"Ptpn4","blue","blue",0.110302957800091,0.156261756414635,0.0881961944179591,0.0186606438612523,0.0616077661851992,0.00158226845465264,0.104475761281352,-0.0496452967147717
"Dpp10","green","green",0.108880027192472,0.0936598096159921,0.137739585978905,0.137441369017976,0.0441485166913779,-0.0111772349731202,0.179665141412041,0.0613065744022278
"Gm28928","yellow","yellow",0.151143758248386,0.131940771239456,0.313392219556198,0.412168202180253,0.170618835490887,-0.0292772812428575,0.368840523431678,0.236336896974251
"Actr3","grey","grey",0.104483962591141,0.0501883827718212,0.141783957261604,0.0822172226462887,0.0416484661194096,0.119485114664429,0.0650198683434588,0.140297937429451
"Mgat5","grey","grey",0.129489964672003,0.0687149644532535,0.19769038749824,0.1758452572569,0.0552320766396318,0.0257922619658075,0.157642618077734,0.147016849070343
"Ccnt2","brown","brown",-0.0493374526212997,0.0231101791909587,0.0676519427085936,0.0564973539976531,0.10600660126467,0.014164865130724,0.0157724490256516,0.116427251222701
"Rab3gap1","grey","grey",0.0895306737702297,0.0870849752480705,0.143574140756538,0.10013661102411,0.0772333735386797,0.0511639855287733,0.105521980659957,0.089181065341855
"R3hdm1","yellow","yellow",-0.107001447155641,-0.117252450337234,0.170831835475108,0.541875248552833,0.121921306807376,-0.17717220099591,0.289067318943851,0.375190891649966
"Ubxn4","grey","grey",0.0849334882841965,0.10141279383946,0.0953143345988638,0.00208315030839178,0.0749656887229912,0.0727689380052798,0.0414559367584974,0.0151979297945826
"Srgap2","blue","blue",0.0955998227017137,0.17210879204363,0.113044907108379,0.00555044820899703,0.109133179925574,0.010547374594674,0.0933935315192133,-0.0332236693898267
"Nucks1","grey","grey",0.151116111908208,0.0815444617924573,0.127057578141125,0.0937819152290672,0.00380271988525116,0.118173116685589,0.10791147435033,0.0783238229711679
"Mfsd4a","grey","grey",0.0627979049239019,0.0692838933118847,0.114969779294072,0.095573661643895,0.077060509978844,0.0654495122891889,0.0969519891781596,0.108263189612775
"Nfasc","grey","grey",0.027347600647728,0.0391148300571796,0.0685085407625378,0.0352768341956269,0.0606159742834992,-0.0288123071691953,0.0516232188788833,0.00335303807538806
"Mdm4","blue","blue",0.0254090285428381,0.104912593949423,0.0472899483006683,-0.0416929371844203,0.0921309743182426,-0.0209875058077189,0.0121181127154473,-0.0413500963535653
"Snrpe","brown","brown",0.0912433585744783,0.0380012938279091,0.0584098653068812,0.037789448144625,-0.0136556290767046,0.124914456505565,0.043912328120835,0.0490115837887873
"Atp2b4","grey","grey",0.0684877936337221,-0.0290979872706453,0.200245123727012,0.217554380589943,0.0579289749022627,0.0910911042254929,0.13236389759824,0.237145186573736
"Klhl12","grey","grey",0.0244561141249208,0.0498828295224039,0.0546072523084457,0.018560031697952,0.0597126357037815,0.0162863368968325,0.0327319712168794,0.0197943249538809
"Kdm5b","grey","grey",0.0717554791134429,0.0574620088948475,0.12438140603607,0.0950130588634743,0.0630600537194646,0.0422218594526694,0.088932149985481,0.0935523007162312
"Ppp1r12b","grey","grey",0.0571447995053399,0.0630050045396293,0.0983664950175859,0.053133025161665,0.0621661196745551,0.0178596947965687,0.0642967083165848,0.0538164471486517
"Timm17a","turquoise","turquoise",0.161200492215229,0.126233869788272,0.119943878238982,0.0531726716559793,0.0265022068648051,0.0940561644219559,0.102705241256722,0.0346716810961941
"Shisa4","grey","grey",0.101943526585443,0.00775014825241356,0.14144495805229,0.160722258067012,0.0213434285284464,0.0183676918698173,0.129450380529334,0.107698489874243
"Ipo9","grey","grey",0.0559686802726937,0.0757199171852243,0.0842072682807687,0.0585359031332982,0.0640333810897185,0.0212889504600393,0.0774273957470352,0.0279865589591442
"Nav1","blue","blue",0.0174048312568916,0.16227870381521,0.0546516551771731,-0.110071332537621,0.144570264600244,0.0472881658326146,-0.0289420690723588,-0.046425067557517
"Camsap2","grey","grey",0.128292900380724,0.0956637768076143,0.152635780327598,0.111661468828172,0.0498480700336246,0.05779095763611,0.125743070586629,0.0855031712427448
"Kcnt2","yellow","yellow",0.0496304157834033,0.0232753716286852,0.117251810034825,0.223414729663767,0.0648202286637495,0.00860794527138338,0.172766006270072,0.143591877159267
"B3galt2","brown","brown",0.0623895858542698,0.0896789776646639,0.10134605142233,0.069756304923851,0.094288643767268,0.12830750899084,0.0911273894582095,0.0700291551090317
"Glrx2","grey","grey",0.10316011347058,0.0924163088583249,0.145742588821547,0.103322829201826,0.0803372822895121,0.0865222788122935,0.109222502465881,0.096660048194339
"Trove2","blue","blue",0.105104939121888,0.143761362033186,0.0960911132007489,0.0355990339189527,0.0664974759726629,0.0338479532091745,0.0980030339208766,-0.00969555248182896
"Brinp3","grey","grey",0.0294359643504702,-0.0139993114248167,0.038974712204349,0.202266140833271,-0.0271857264800745,-0.10382006673401,0.162307629836288,0.0295274769219016
"BC003331","brown","brown",0.0706737133840574,0.0671791835530451,0.0844924615325584,0.0011425825050362,0.0472513255030496,0.0976310384424281,0.0154229000674474,0.0498403065291487
"Tpr","turquoise","turquoise",0.205274565116732,0.176243356929354,0.180598315615365,0.0731542865321048,0.0740000444367599,0.108050375095915,0.138322874755255,0.0539827123916917
"Ivns1abp","grey","grey",0.0423141619274841,0.0529529549674254,0.101945538938056,0.108283059737057,0.0674256789075986,0.00298040636846112,0.0888514448509627,0.0776113230440834
"Swt1","grey","grey",0.0290915953841547,0.0679227724392155,0.049753797847059,0.00634386864227626,0.0613282652956025,0.00475496140049432,0.0333271296583443,-0.00513488003838897
"Trmt1l","grey","grey",0.0521447752750844,0.0844392206009163,0.0878225373518056,0.0141352369237476,0.0777861951542017,0.0336558100236396,0.0453843624111919,0.0262780241717709
"Arpc5","grey","grey",0.0748245892800904,0.0289842452446427,0.120234498674649,0.0632927089473395,0.0381711335696636,0.105272342968552,0.0351228012809593,0.127488816106962
"Dhx9","grey","grey",0.134539102054457,0.0917572994187532,0.131164354511517,0.0672502847499077,0.0297967397481225,0.106675620980793,0.0953811967761985,0.072479482608011
"Cacna1e","red","red",-0.0545203984362902,-0.0913040864731181,0.120667435420377,0.12881022530327,0.084534259802096,0.131245158216289,0.000151018774391525,0.307434117944257
"Stx6","grey","grey",0.0545771895878013,0.00340238769326365,0.0930975062462278,0.11098964364752,0.0150632618059353,0.0183659415956886,0.0769240360396729,0.0982427650858586
"Xpr1","brown","brown",0.0246519125374061,0.0307143159281107,0.0356147227309743,-0.00779078108162615,0.0383413678172473,0.0312132118961871,0.012009120201535,0.0139641259166074
"Acbd6","turquoise","turquoise",0.153951246233843,0.119012972742437,0.14596269282908,0.0937424199133706,0.0480001750219376,0.0544255776735131,0.12952554851492,0.0543402573087851
"Cep350","grey","grey",0.0416811795772159,0.0737048570301157,0.075499588177326,0.0345500162364288,0.0775937963610572,0.00996134362034054,0.0607246010503072,0.0208576980157844
"Tor1aip2","grey","grey",0.0649268763961236,0.0928661313494922,0.104366810382056,0.0394392173346502,0.0755024865455618,0.036850676930552,0.0605408241761059,0.0378620646684
"Ralgps2","brown","brown",0.0139253295578727,0.00855214552101451,0.0647011183235408,0.0230044824466222,0.0432553852293779,0.0658163107574834,0.00340496970937749,0.0779461256168393
"Rasal2","grey","grey",0.0438035744471876,0.0414012308781899,0.162733608051424,0.154697545925991,0.101822850061363,0.038781512430263,0.110951197541694,0.183125032001504
"Brinp2","green","green",0.117004450498185,0.105652832342841,0.208354242342831,0.21360215514535,0.120763969409267,0.0103760604230338,0.242321671198867,0.136742022989815
"Astn1","grey","grey",0.0813190491525458,0.0849013475650696,0.127130638901328,0.0794940786050926,0.0681210845952064,0.0413770207656779,0.095644416877867,0.0670665368765403
"Cop1","grey","grey",-0.021513261413741,0.026791462166106,0.0527168610997435,0.0634807193384584,0.0859943031131304,-0.0147816165031257,0.044447667410655,0.0552312253201042
"Tnr","grey","grey",0.0669911184716401,0.0414089264990477,0.120725895762227,0.055350766651118,0.0673873393421191,0.0373892608933338,0.0504096290102307,0.0819527082309703
"Mrps14","grey","grey",0.1452412066623,0.111975127989827,0.140575404794186,0.0830478415956557,0.0326451109449751,0.0964527422713884,0.112893764465244,0.0627667067114126
"Cacybp","turquoise","turquoise",0.217611249671104,0.14327455872524,0.161277120304644,0.0821828659638884,0.0215483661539719,0.139277928776734,0.134778046739838,0.0557856853578508
"Rabgap1l","red","red",0.0374215890496896,0.0178250836476085,0.146681868747133,0.128974016158777,0.0862838693774501,0.0742110624306506,0.0713040002243425,0.203950545966488
"Suco","grey","grey",0.0866461512745421,0.0917341587259591,0.0890570719551878,0.0168688155223703,0.0504314511692492,0.0423241380464289,0.0613373169124211,0.00545554589290571
"Dnm3","turquoise","turquoise",0.139423929132481,0.116142843124485,0.0338364032823415,-0.0212053344395752,-0.0115432013662502,-0.0229250998272222,0.0885199802850403,-0.148401081740603
"Vamp4","grey","grey",0.107609637510325,0.0743543950646752,0.117026328078715,0.0809007599734053,0.0300461872816098,0.0457149414105238,0.10129258937648,0.0545747527726596
"Prrc2c","blue","blue",0.0996369492519546,0.159261294106376,0.128642761009209,0.0366435598185113,0.0930530212418583,0.0637938499213554,0.082933617203668,0.0440054137111217
"Kifap3","turquoise","turquoise",0.287408521343947,0.204688772383225,0.228392263098094,0.154581917781967,0.0495021124808637,0.193988346026335,0.218158191643293,0.108815893119436
"Atp1b1","blue","blue",0.304403850220187,0.368821487397736,0.187065617359422,0.0153672272215289,0.0625382160852692,0.21156437238728,0.182743196001712,0.0123631124522342
"Tiprl","turquoise","turquoise",0.144691283086952,0.129338204132865,0.137140525313814,0.0628721662422696,0.0536277555544083,0.0579634475170991,0.107920680083022,0.0369410800724572
"Dcaf6","grey","grey",0.0636967412176603,0.0412059503037749,0.123731809415405,0.0964606945305051,0.0491317902687732,0.0392082686030348,0.0766410116989407,0.10666993542559
"Mpc2","grey","grey",0.214137642834502,0.166603343577664,0.190029672671286,0.0828675532324274,0.0489433286896895,0.176768636163018,0.129674903642979,0.0954102077839178
"Ildr2","yellow","yellow",0.0405798125356383,0.00225209547788941,0.123171142133004,0.193498768429981,0.0542701532871363,0.0265271807295741,0.124280054419407,0.16155913985038
"Tmco1","grey","grey",0.107222630980956,0.0769687708808606,0.065956059555081,0.00706015684609489,0.0040352743861781,0.0733110991570195,0.0459058118914651,0.00133243647813008
"Mgst3","turquoise","turquoise",0.238772374433256,0.207439443184776,0.16083661172704,0.114192688948851,0.0459786339031101,0.11047585071665,0.200074253762988,0.020495151427802
"Pbx1","grey","grey",0.0466263748404501,0.0446848218333085,0.0876285677182682,0.0422355465579761,0.0579722259196289,0.0135589482865165,0.0598295242932234,0.0272181931441375
"Rgs4","yellow","yellow",0.220434245158807,0.0977588526399934,0.233842622860647,0.385302660113772,-0.0025714576440438,0.0342564978947654,0.31308033758891,0.208048172361011
"Uhmk1","blue","blue",0.120908979321604,0.151636826052059,0.151146038117739,0.0874028266349144,0.0977022325602323,0.0469030968853208,0.13210582549111,0.0595069296632249
"Nos1ap","grey","grey",0.0922641783059013,0.131946761936578,0.212595603439075,0.16531898105176,0.161184697539658,0.0548526351285659,0.159252527898805,0.157238472830283
"Atf6","grey","grey",0.0796942265849785,0.0312407517954046,0.147961242980466,0.124531670626339,0.0448873180570798,0.0746104954433434,0.0842185859885485,0.165576705742808
"Nit1","grey","grey",0.0487021743586435,0.0501017548532914,0.0880208487776886,0.0521832196512038,0.0540294506998008,0.0205171205587079,0.058363033369312,0.0498184420152319
"Pfdn2","turquoise","turquoise",0.187992775153373,0.133554913802651,0.158063980008947,0.116603308470798,0.0332703790157143,0.112057655176835,0.151861411871017,0.0744578702948439
"Copa","grey","grey",0.0717058309343769,0.0920031842828216,0.108161512736752,0.0542020683471605,0.0773495737856645,0.0274432283447317,0.0821816480489465,0.0390320030252214
"Dcaf8","grey","grey",0.053439643308618,0.0636241696762973,0.0899095526356958,0.0302187863607185,0.069991833496536,0.0148119982431023,0.0508010285374808,0.0349187920004691
"Pea15a","grey","grey",0.127311142724551,0.027519293322508,0.171915410919353,0.11681224934447,0.0167136423192999,0.120940220307117,0.0904182021239976,0.157013503894749
"Igsf8","turquoise","turquoise",0.156994240286748,0.128541643013085,0.113842498822587,0.052275664589725,0.0291445893156851,0.0739662226075886,0.125966221891878,0.00865872286659867
"Kcnj9","grey","grey",0.0581728436230853,0.0501220949900413,0.126882564241348,0.163687656737471,0.0614929906772341,0.00435075758217484,0.135953051967815,0.118950412814986
"Cadm3","grey","grey",0.143734890138134,0.0906214405179989,0.185620990233514,0.199357888650099,0.0481782330110318,0.0401522923891071,0.198039218768736,0.130245296842909
"Rgs7","yellow","yellow",0.153731918194976,0.0929920046226308,0.252483243808476,0.274207455828137,0.0837102074860836,0.0205106779297525,0.227328482805096,0.211365948074844
"Cep170","grey","grey",0.050272333317207,0.078573825056095,0.0799812593944705,0.0137478657401562,0.0715934861028043,0.0101852110223115,0.050552982095634,0.00551023077753282
"Akt3","grey","grey",0.0649110756165333,0.0538675222888406,0.0990734339788511,0.0887131881117018,0.0438776071038934,0.024001106027841,0.0882054085699896,0.0691690306875635
"Zbtb18","red","red",0.101645291750413,-0.016475644414205,0.174389020564009,0.200289307460243,0.00655147104923277,0.181357925225265,0.0942772438083306,0.318747776993342
"Adss","grey","grey",0.0729329275329516,0.0939896534228195,0.123200905037805,0.0815813899719263,0.093803966880884,0.0386813615058669,0.0904447876212287,0.0733016473990745
"Hnrnpu","black","black",0.00390958915222385,0.0770446134433456,0.0975912505714196,0.119348110760839,0.174253847059391,-0.0397999791916775,0.111039931167807,0.0916384213915001
"Ahctf1","grey","grey",0.0529621567522274,0.0612644505061728,0.114239861482871,0.0765952862760778,0.0735801792342619,0.0243969323611631,0.0752108678364094,0.081681426803875
"Cdc42bpa","grey","grey",-0.056299991993044,-0.0263978913870038,0.0409321056078358,0.0783489972124367,0.0820933557599522,-0.00614445285040617,0.0325856238391169,0.0916207339224741
"H3f3a","brown","brown",0.163783869032936,0.0308866561952917,0.101067271318215,0.0515916903116724,-0.0479754157146116,0.155451662077431,0.055498194146013,0.072784988219051
"Nvl","grey","grey",0.00668117465126207,0.0383773710909056,0.13690861724769,0.110609548324598,0.118702120544779,0.0366987375234132,0.0700612592376492,0.149088944829554
"Enah","blue","blue",-0.0144427939505222,0.109714966134463,0.0282695598533783,-0.0849689693366462,0.119304092711058,0.0459795700177856,-0.032910784781842,-0.0216635429038096
"Srp9","grey","grey",0.162230717087807,0.106619589159365,0.156039143622787,0.0973948378709684,0.033782638514127,0.109795951748644,0.121579080749194,0.0821235336200293
"Susd4","grey","grey",0.0627190779893563,0.0404628908389938,0.118804653782557,0.0838702920322668,0.0536393352271211,0.0596362631682085,0.0712052031553384,0.11059614186758
"Mia3","grey","grey",0.122282311422429,0.10808959817689,0.121518215469636,0.0682629050673557,0.0462700330811703,0.0620365534085724,0.105997554828989,0.0402082823904999
"Rab3gap2","grey","grey",0.0909158067242788,0.116509174708693,0.137886845890385,0.0945072488495675,0.0906113063791603,0.0276950489903296,0.123440384035402,0.0571738806612832
"Eprs","blue","blue",0.101841411223551,0.1576509211165,0.0659105902000699,-0.0280091046262072,0.0643051475890999,0.0441270297380047,0.0548483722965235,-0.0522837902469539
"Angel2","grey","grey",0.0531444074068054,0.0572777309854921,0.106638430259557,0.0728528281385407,0.063819973641955,0.0274166145500162,0.0714628870871714,0.0756798348508194
"Nenf","turquoise","turquoise",0.192661429682919,0.116495407863802,0.120556089518328,0.0913910200069771,-0.0130199170923198,0.127809352248014,0.137150422307299,0.0392165212015966
"Lpgat1","blue","blue",0.106040776891899,0.149544813890425,0.129762086777828,0.12134069327015,0.102755499102765,0.022369092281634,0.162354223576138,0.036097392822065
"Syt14","grey","grey",0.0184840076118192,0.0263023538079113,0.0739955664267527,0.0791926089486455,0.0553209194713322,0.0229867790044548,0.0544225394888459,0.0898733523718958
"Plxna2","grey","grey",0.0593330400169599,0.0890291941272978,0.134788918588121,0.0994519889752361,0.1134930117335,0.0570593079605024,0.104899342868876,0.0880994451160451
"Cd34","yellow","yellow",0.108170082840726,0.0153137639066538,0.174014818506411,0.289016081254783,0.0133715314017766,0.0312346103653206,0.190191270403822,0.211802266337835
"Cr1l","grey","grey",0.0418571984658573,0.0319567765097479,0.0858506014308009,0.0701793108199133,0.0471819660671081,0.00441592967364584,0.0667524828342997,0.055836384876219
"Nmt2","black","black",0.0619230538740215,0.114245252246563,0.124028285490942,0.0774250036514396,0.17144532484183,0.0235057325099584,0.105535172669421,0.0509800753470036
"Frmd4a","grey","grey",0.0553630262561838,0.0964243841664933,0.0825973869618326,-0.0230514807760331,0.0870838732201171,0.0168901626471363,0.0320949676165419,-0.00829167548709733
"Prpf18","grey","grey",0.03501917928338,0.057196949008264,0.0771575569095367,0.0515222947509532,0.0615574328072896,0.0239050615111465,0.0638084828326349,0.0387955958586223
"Camk1d","grey","grey",0.0937931513092189,0.0652932003383182,0.151127339642154,0.120591852206622,0.0598821916234063,0.0791411126985537,0.106647405958534,0.131377128428881
"Cdc123","grey","grey",0.132073193293375,0.0998791911922571,0.124525118308795,0.0586487594029898,0.040014065220683,0.0808036012152506,0.0948430066130928,0.047422417669576
"Sec61a2","grey","grey",0.0225564485139601,0.048549558819557,0.106477515462961,0.0487526194732044,0.0904581645583694,0.0362059541552514,0.039812964330821,0.0821105786412564
"Celf2","red","red",-0.146865111784704,-0.188922293115886,0.172648346644632,0.360838620092734,0.12075256634601,0.0470149741528246,0.095374302501782,0.517181801319869
"Atp5c1","turquoise","turquoise",0.294908740349558,0.21037598810074,0.191577652117381,0.0471731590094421,0.0213721728748688,0.144005609444149,0.149322802463556,0.0180274599034054
"C1ql3","red","red",0.00634830179092447,-0.164094301693936,0.135360743330458,0.155387700661836,-0.0213325597085032,0.261523157097855,-0.0208275950585432,0.425511440465878
"Stam","grey","grey",0.0962301349572965,0.0764542915126181,0.101667908067837,0.0581509093770688,0.0401087115388747,0.0377388667176471,0.0918127446336702,0.0294364604623336
"Cacnb2","brown","brown",0.052413800826381,0.0255005198652426,0.128634190369379,0.0203863364103212,0.0563561327900863,0.177781947547901,-0.0264241924709728,0.177567308877863
"Nsun6","grey","grey",0.019520418457965,0.0466858525329645,0.0745149758823986,0.0616166062059563,0.0646382730573387,-0.00899286424861317,0.06125813819588,0.0369549911645618
"Arl5b","grey","grey",0.0429272800592305,0.0304533804977703,0.0764269909091192,0.0895525122298938,0.034471307647993,0.0518933096056791,0.0702445832872729,0.0787930639202786
"Nebl","blue","blue",0.0638289846839212,0.17455782376571,0.0827383842839441,-0.115874310966219,0.113677211408453,0.112058976115216,-0.040914254846069,0.0133621186027063
"Mllt10","grey","grey",0.0186822344052379,0.0459130389950088,0.0536124696868917,0.017593807019823,0.0599646103646449,0.00591933217869343,0.0245454943790476,0.0261676234937251
"Dnajc1","red","red",0.0429656772310626,0.00561183873312819,0.140396636867028,0.139533488804053,0.0674121283423996,0.0275609639782616,0.0815911994493699,0.18442691749079
"Commd3","grey","grey",0.118687137102728,0.0765973857103538,0.124519068365148,0.0594481931085177,0.0343681630927223,0.057568771659619,0.0793019703272912,0.0592661519619425
"Etl4","blue","blue",0.167229763057502,0.266090709280616,0.166444685943434,0.0625956182641556,0.144371290910533,-0.0190385323706333,0.203181145488067,-0.0627156482924
"Arhgap21","grey","grey",0.0222895002696539,0.0536103746804067,0.0768385171100849,0.0450618221872,0.077853477828162,0.00968646136240566,0.0428069655552777,0.0606230586587485
"Gpr158","green","green",0.143273139878682,0.108730292902878,0.160763524210264,0.205632136425483,0.0404090443773108,-0.00865525250522683,0.2491820397221,0.0873870730740965
"Pdss1","blue","blue",0.0839086498539833,0.168362858428099,0.096162028230907,0.000696222241013758,0.100187107522114,0.000647445998952334,0.0770585300156877,-0.0335162830252226
"Abi1","brown","brown",0.0708769261569409,0.0182683230830804,0.0932565694007847,0.0419197171564649,0.0162110156727609,0.117876357410067,0.0188236894076803,0.109089412229288
"Acbd5","grey","grey",0.0583389209906095,0.0807551721607423,0.0536498970861541,-0.0219108393787015,0.0523798350519975,0.0416723930996824,0.0213378209368495,-0.014422953181756
"Yme1l1","brown","brown",0.0647402010273407,0.0686110873886293,0.0884562472078106,0.0352625423704117,0.0545802920375609,0.0478180389572178,0.0541710059647666,0.0439457973801192
"Spopl","grey","grey",0.0445000156491847,0.0688755817244414,0.0835576218544795,0.0378913678620283,0.0739075217171592,0.00860714165962705,0.0555060023162173,0.0290289322268162
"Cacna1b","grey","grey",0.0220562086441901,0.0629672926619413,0.100125163420229,0.0826926688310125,0.0962034845486278,0.0257326293946763,0.081350690958736,0.0778668532203124
"Ehmt1","grey","grey",0.0194356600829212,0.0405151084013013,0.049723708064856,0.0186969998646799,0.0483663489283157,0.00194281620085422,0.0303288007099733,0.0224568016933266
"Mrpl41","grey","grey",0.127016068016478,0.139962574660464,0.209792101046811,0.136486002357904,0.124418325705106,0.0948788675077589,0.145486696184048,0.141160431614648
"Nsmf","brown","brown",0.0424694294721548,0.00361093948399497,0.107259104940293,0.0573650423265288,0.060799463833504,0.109217195033033,0.0247491930420138,0.136871001227701
"Ssna1","brown","brown",0.0995722487425004,0.0764479906232369,0.127555113430922,0.0742114609060523,0.059862026892479,0.0753787190142108,0.084734609869755,0.0863672779370083
"Grin1","grey","grey",0.0835937221098248,0.123310350598554,0.169520265103041,0.149574909360122,0.122094294202709,0.0317956274443158,0.15326911615577,0.126330615821794
"Npdc1","grey","grey",0.222009478760161,0.133207536750192,0.232118548965906,0.170618869734448,0.0381566935972611,0.123918650574828,0.186911427529393,0.145711895375247
"Edf1","turquoise","turquoise",0.256731326345919,0.164588438032332,0.207403607849153,0.127668376041694,0.029795913936523,0.142244240207673,0.179092753285222,0.0850087372450646
"Rabl6","grey","grey",0.117896729092786,0.0916702476499354,0.16405887195052,0.111540199703886,0.0618480701863663,0.0425754862961758,0.125320113266121,0.094146647952318
"Bmyc","turquoise","turquoise",0.168329728847197,0.140755303995254,0.161295893319792,0.0832037460706135,0.0650302933661687,0.076651633533244,0.13265989510474,0.0519527739119713
"Kcnt1","blue","blue",0.0297927387948163,0.113408049942103,0.102275481862045,0.0643855172471366,0.130017050452398,-0.00896100926430838,0.0857086540646079,0.038993473061546
"Sdccag3","grey","grey",0.0941237491359526,0.0915610163958709,0.165650380295035,0.110679762872096,0.101077534428818,0.0502120468766037,0.115195376439016,0.104060980083021
"Fam69b","blue","blue",0.145935308046909,0.170942349911879,0.13445711209826,0.0441907242572691,0.0746342836913335,0.0654752615122476,0.114565970114105,0.0162246664500033
"Rpl7a","brown","brown",0.154398263222001,0.0803737705796182,0.0973721647482856,0.0358475728856105,-0.0110670840767357,0.164845981623179,0.0677660455674172,0.0480877577458059
"Olfm1","red","red",0.163171888936022,-0.0172721117710775,0.24972144112659,0.364813226510276,-0.00478214290397158,0.221857931032211,0.233424556205814,0.440697505251403
"Tsc1","grey","grey",0.0217739808869343,0.0428850940995474,0.0614648710107261,0.0492095569647102,0.0593281606683738,-0.0087443702713045,0.0573070995345349,0.0271108929173918
"Setx","grey","grey",0.0915980901748956,0.0993006275895082,0.119398847860062,0.0684608969068912,0.0681310633818567,0.0255893701505758,0.0984041759741545,0.0402056502138856
"Odf2","grey","grey",-0.00909582983652119,0.0422238684400476,0.072344735200067,0.0350856925713707,0.107719037530643,0.0328139515208196,0.0355336404555912,0.0539964813635928
"Gle1","grey","grey",0.0310521370790175,0.0405638398110912,0.0548138573393965,0.0358484919651392,0.0428396826324506,0.0018210267417468,0.0468927168284079,0.0186111430595564
"Sptan1","grey","grey",0.117763642149174,0.165123921010224,0.218669269893531,0.151027042465655,0.152577395126173,0.0795026988826234,0.16357696807402,0.162040182489414
"Set","turquoise","turquoise",0.166527582440125,0.0951454031110608,0.132659817078568,0.0943805141202633,0.0059954545600046,0.108801447209419,0.113200417890864,0.0788345564348198
"Zer1","grey","grey",0.00167674235542312,0.0172411212263038,0.0731485773108392,0.0667249209711413,0.0732307527918787,0.0196695495751314,0.0456554039483696,0.0806932492544218
"Sh3glb2","grey","grey",0.0631868973850171,0.0505379089728667,0.134973134507094,0.094110807892885,0.0757988093892524,0.0611911323990312,0.0775069064819256,0.122495674152807
"BC005624","grey","grey",0.105295012428538,0.110994222356473,0.122572773276877,0.0638948477786184,0.0660511316545026,0.0492009413906046,0.0943374490896718,0.0424318211918649
"Fnbp1","grey","grey",0.0126621883806552,-0.0163136988053896,-0.000301829195096091,-0.0110779566454826,0.000545162546627501,-0.0423166612888207,-0.010326732565588,-0.0367623751408355
"Prrc2b","grey","grey",0.0911085616644786,0.056080781903843,0.124173463093717,0.112503761012574,0.0370040817213538,0.0849855381113774,0.0978808562494356,0.111852250979688
"Swi5","turquoise","turquoise",0.195363305802209,0.140574393777747,0.161549426019077,0.0892843508321113,0.0420983118709502,0.135913535272753,0.130240086284897,0.0716221307090628
"Dnm1","grey","grey",0.235730721453748,0.171436568526572,0.272133958891287,0.25234159892646,0.0840344021455146,0.125107208633359,0.270005413696455,0.186447375309783
"1110008P14Rik","yellow","yellow",0.208279660229655,0.111924055335729,0.259260066567662,0.43218503348379,0.0515679390652038,0.0772560137256415,0.344667773627869,0.257553673017098
"Dpm2","grey","grey",0.125647428009235,0.101764741780258,0.161224146657272,0.114359449996634,0.0639652707750457,0.0552466663332187,0.131741855604246,0.0850872084517851
"Stxbp1","green","green",0.213316915359869,0.186781739400523,0.229116469361387,0.22635068399693,0.10180349044072,0.0750793252252247,0.310294831802465,0.116885077095143
"Rpl12","grey","grey",0.125149625352871,0.0948993053068935,0.107189206350928,0.0744642243971136,0.0271849162710849,0.128045038989612,0.0952250939411131,0.0614995670315476
"Garnl3","green","green",0.0373027863496807,0.116873182305579,0.107256197492639,0.14948757230106,0.138235822407931,-0.0601400492372261,0.208922320151097,0.0128672995561449
"Ralgps1","grey","grey",0.0306281319475453,0.0414938885561824,0.0770574693474773,0.0546261297068736,0.0618798984951659,0.00596179754759791,0.0529172629512438,0.050132200779277
"Gapvd1","grey","grey",0.0525994265771373,0.0764259102105074,0.0910476411459669,0.0503068284294324,0.0802450598561472,0.030445915907887,0.0712460998363243,0.0366583113825578
"Hspa5","turquoise","turquoise",0.263856034683552,0.167146555627573,0.205195232051529,0.0824092055554683,0.0289209123449436,0.114020557047808,0.155881924964293,0.0534003914738572
"Fbxw2","grey","grey",0.0470004153251353,0.0593799690471093,0.105457495634795,0.0735560840452664,0.0745767928518149,0.0334911807093456,0.0657499105604656,0.0758888143949271
"Rab14","turquoise","turquoise",0.22075486572476,0.151126801699953,0.182733345738865,0.118368099220154,0.0443872330524809,0.145605701518082,0.154932970799701,0.0916255942899075
"Ndufa8","turquoise","turquoise",0.23306249892954,0.184761410638603,0.160740281785637,0.0764187169708001,0.0364620055822491,0.140677962900088,0.148077021601028,0.0353923881645491
"Rc3h2","grey","grey",0.00385197174694017,0.0336017166111449,0.0813367566616209,0.0622443941053584,0.0880583408537274,0.0243697240024844,0.0454104095021495,0.0785221710847398
"Rabgap1","grey","grey",0.088294534546103,0.100909185754259,0.128836869546438,0.0639997647604467,0.0804002365985111,0.016444982730111,0.0969018476346569,0.0395539547276376
"Strbp","blue","blue",0.0223910955008898,0.182967638060647,0.120516133612404,0.208154328073194,0.184898225140266,-0.0672472776250429,0.234972532652341,0.0629100506283347
"Dennd1a","grey","grey",0.0379670742618541,0.0428392527858034,0.102616008264285,0.0655188386552141,0.0738037404000213,0.021258093800778,0.0577309103301747,0.0763545923418791
"Rpl35","brown","brown",0.0928622240182955,0.0435651249458126,0.0443348371804162,-0.000167461804211484,-0.0235281830697357,0.262167761285562,0.0035542518615008,0.0712091614702256
"Arpc5l","turquoise","turquoise",0.170258608763351,0.120093876915096,0.151556626373684,0.11132994430055,0.0379579927922137,0.109634418938263,0.130765361023736,0.0853400592225948
"Scai","grey","grey",0.032037793012034,0.0931939868712911,0.105081127071121,0.104304420839024,0.119617259420478,0.0200678469956978,0.117887930751134,0.0701080516382443
"Lrp1b","grey","grey",0.0582968620119999,0.0880053261713946,0.131770335932366,0.0560055887293572,0.104817060806492,0.00234603360531197,0.0857385734062289,0.0682340790357873
"Gtdc1","grey","grey",0.0606323843442379,0.0399559600490257,0.124228913023117,0.181297358418796,0.0526138245594375,-0.0272172660096153,0.157432776076223,0.10642823133241
"Zeb2","brown","brown",-0.0163842711309793,-0.0118639204604698,-0.0143305617361366,-0.124285726026735,0.0090030936359883,0.0653053758285633,-0.114866396616314,-0.00164316464165197
"Acvr2a","grey","grey",0.0708481346995305,0.0530504681902752,0.145030786963033,0.101694776067186,0.0841017414130751,0.0843057774708062,0.0909368925231585,0.119639920310166
"Orc4","black","black",0.0353021605198478,0.0996676950298028,0.0971653692516243,0.0457402004607462,0.164167506173113,0.0102059333238817,0.0684612094477923,0.0343210511876624
"Mbd5","grey","grey",0.0314233928961922,0.0613229285078405,0.086583207144183,0.0312434595366423,0.0925720918341654,0.0434047866000125,0.0401264910865473,0.0547118883051384
"Kif5c","green","green",0.249482060533775,0.194512200180104,0.249096539160868,0.199147834952129,0.0764973873757886,0.11447383997732,0.28847517930011,0.126542118564729
"Cacnb4","green","green",0.138651957196344,0.142976002556614,0.14808964587768,0.16294580017213,0.073854121606071,0.0127464943545833,0.23429794163371,0.0534231380641784
"Prpf40a","grey","grey",0.0499921383389725,0.0616880612032486,0.0860410269125478,0.0443109145778124,0.0703770610865454,0.0110446091995486,0.0591520944334033,0.0343179753867345
"Kcnj3","grey","grey",0.0951034465679161,0.0718870527572397,0.112620873938748,0.0863781177349913,0.0435902038457346,0.0658305223879098,0.093706232688448,0.0864062411248692
"Baz2b","grey","grey",0.0257294623502223,0.0070869398792462,0.0529374580393187,0.0421541468896016,0.0265011826057934,-0.0327028610669444,0.0407972010507297,0.0203427419736474
"March7","brown","brown",-0.00543273511785933,0.0303454194336802,0.0307874352145104,0.0119324464557138,0.0586498387292357,0.0141777491490719,0.0178450311644998,0.0220550113632728
"Psmd14","grey","grey",0.106578806581446,0.088789271370908,0.161745077275857,0.109340722010023,0.0717896446362671,0.070756618029798,0.110994576256364,0.108452576991107
"Slc4a10","grey","grey",0.102861772580582,0.112966915252372,0.178933032175959,0.18539964993968,0.0867827132058214,0.0601843934977092,0.182823682401676,0.149432882267997
"Kcnh7","green","green",0.122537378101796,0.152638539358001,0.248634962798761,0.337876285217225,0.157525625788958,-0.035600536588263,0.34311237939296,0.205561550691614
"Scn3a","red","red",0.00167807034238944,-0.0465384354790494,0.0675999259208222,0.0687973088944872,0.0127790053210624,0.0862647803779435,0.0140890948701726,0.153762679250666
"Scn2a","yellow","yellow",0.0823735289601421,0.0655091091968055,0.181312636596787,0.28322079065266,0.0706787667157538,0.103778233797176,0.215311974243387,0.242343407374038
"Csrnp3","green","green",0.136872557728958,0.159737684629773,0.190463930963695,0.171727601476073,0.105814041974147,0.00769026649921081,0.233538793045378,0.0964408509611142
"Scn1a","blue","blue",0.144142921843309,0.373457636643128,0.134891444830686,0.0353846768647318,0.186924771947316,-0.0210547419554199,0.193658559487196,-0.0730170268579362
"B3galt1","grey","grey",0.109802321376204,0.0701596964959174,0.14087280209711,0.119720237438577,0.0429409304536458,0.0269713211023157,0.125989291182701,0.0839989287612266
"Cers6","grey","grey",0.100741353779946,0.127256156213919,0.126962177935803,0.0163169468076874,0.0845030252419386,0.0581543206540359,0.07658154236229,0.0335138039827219
"Ppig","grey","grey",0.0710325010984639,0.0937148885460301,0.0945333817209768,0.053401659480187,0.0625859730853503,0.0365605121730658,0.0796867390472889,0.0353159564083097
"Ssb","turquoise","turquoise",0.182983138175393,0.116545683053287,0.142824982946991,0.0750502317721508,0.0175128650071723,0.106634646360036,0.1147844680942,0.0522543768221148
"Ubr3","black","black",0.0589193904587925,0.0960848437500209,0.108881516803968,0.0699660735272553,0.13730040149987,0.0373737164740639,0.0870879817312363,0.0646171703424835
"Dcaf17","grey","grey",0.0204729198925657,0.0494696267446792,0.0493667090606228,-0.00332969491269182,0.0592444866741632,0.0136774653825975,0.0158434144782055,0.0138155016073319
"Dync1i2","brown","brown",0.0345031531137965,0.079007878437643,0.13275546652547,0.081855114243362,0.129821718630447,0.0788294471726574,0.0775404624405476,0.112375878243699
"Slc25a12","blue","blue",0.125095376204734,0.160146748941516,0.123372624403021,0.0218913915431157,0.0741055960149778,0.0426797318232686,0.093396270321809,0.000331389625776319
"Metap1d","blue","blue",0.0236223342598323,0.0539513257011984,0.00219473118739509,-0.118849346946359,0.0214379845652734,0.00016160722425829,-0.0635647899108437,-0.0760789075948287
"Pdk1","grey","grey",0.0272990604164288,0.0160877530188062,0.119461035813777,0.1311427489202,0.0654662315481371,0.0216464495137753,0.0838339153253159,0.138002987670099
"Rapgef4","black","black",0.076118710620434,0.119032794167901,0.125582223841404,0.100397671273856,0.15744190814118,0.00911536149240241,0.139400797632554,0.0456590997037826
"Ola1","grey","grey",0.168871247690142,0.123765733886679,0.176667790568026,0.0960725128265321,0.0489929296428886,0.09486802370026,0.128365301990159,0.0844130181282184
"Chn1","red","red",0.228122501442982,0.0934211186555728,0.365708804004205,0.410707888730727,0.0832324079764945,0.238991300067759,0.282162561837839,0.515267653128132
"Atf2","grey","grey",0.0715622931826306,0.0787841489449855,0.118869627978383,0.0853519485224052,0.0726954322959294,0.0498671017482548,0.0916271202036533,0.0742144134286121
"Atp5g3","turquoise","turquoise",0.343769819041473,0.275202735608442,0.198739670978279,0.0786635296229881,0.0227083887576466,0.224349947985037,0.193266946938165,0.0330703717367541
"Lnpk","green","green",0.120721833613613,0.119413247894199,0.177230118362061,0.180819526903196,0.0912473629666307,0.040162130227944,0.212664052724719,0.112525441414042
"Mtx2","blue","blue",0.114921480431025,0.13315659739058,0.12111115525113,0.0322054660855072,0.0713817509808612,0.0388306009019526,0.0839025202219634,0.0226312259697119
"Hnrnpa3","grey","grey",0.165838090160713,0.119525546958024,0.129461653509989,0.0428217140334189,0.025319258304407,0.0918567544982796,0.0945847861822698,0.0295489083044735
"Osbpl6","grey","grey",0.0922571683274166,0.153439026160538,0.179553550855112,0.108433158128292,0.139597774515161,0.0358294632784711,0.128675544434809,0.0998174735797185
"Zfp385b","blue","blue",0.104906019009602,0.232850255027406,0.0460725567249948,-0.110368013120625,0.0936911882893624,-0.0184241661737094,0.0491852027950362,-0.168803212584479
"Ube2e3","grey","grey",0.147432562358439,0.0546413561678301,0.133808613177401,0.057022610466434,-0.0124786596316446,0.0913973746519141,0.058638889217546,0.0834385472669373
"Pde1a","yellow","yellow",0.136849358791576,0.113620006857599,0.320492621018657,0.394672609344867,0.180031511216591,0.110818759063326,0.308103851954934,0.303000686220837
"Dnajc10","grey","grey",0.151164727998631,0.112493513120094,0.171149380176324,0.106553335864971,0.0587530808079624,0.0829001341431586,0.136446601577789,0.0816909279783088
"Nckap1","red","red",0.14674499126252,0.0407815433584346,0.181116718005727,0.147269881739643,0.0247675606815802,0.178412349801583,0.098843867517122,0.246270663550739
"Zc3h15","turquoise","turquoise",0.207577711912032,0.146959119356569,0.186755224060396,0.116454732775953,0.0500876555866734,0.111646987974948,0.154526678701547,0.084588427998159
"Fam171b","grey","grey",0.161580724993175,0.101082988043999,0.168378882118718,0.111619073884165,0.00896462331898184,0.13377495424886,0.112977622962751,0.145730080630971
"Tmx2","blue","blue",0.185885988878197,0.198674115406914,0.155416971017295,0.0482559588492597,0.0643108220875795,0.0964736515471524,0.131876041547032,0.0192436157281528
"Ypel4","grey","grey",0.0662830115884544,0.0962619546833539,0.0999480182514597,0.0397624166983053,0.0724049834582858,0.0317111468693839,0.0756666568630181,0.0343836261457607
"Ptprj","red","red",0.0526445678027761,0.00810772638225528,0.11019987857364,0.137684797718923,0.0237769636062927,0.0461976854328192,0.0889556092900367,0.165324597624794
"Fnbp4","grey","grey",0.0124628171335828,0.0420455105310807,0.0474528249761301,0.0237701826113598,0.0614261778135955,-0.0126135428257921,0.0351089051700051,0.0166452527463598
"Mtch2","brown","brown",0.0756744286381292,0.0860679216720231,0.0917215923769737,0.0403237829561196,0.0675758204989423,0.0489533478816144,0.0702412236445865,0.0331515944312764
"C1qtnf4","grey","grey",0.0873103104067862,0.0490408657274059,0.0651561806710915,0.0570329905079471,-0.00968120341381374,0.0547369931344954,0.0743328123602252,0.0389488091879442
"Ndufs3","turquoise","turquoise",0.212131137589742,0.148038475259137,0.178570338436631,0.105755127694511,0.0361408052636021,0.0947522949536062,0.15013230227019,0.0764905469773921
"Celf1","red","red",0.0305485624807905,0.00968066811196678,0.130786947757488,0.162366935385782,0.0762348458570685,0.0383933497013577,0.101581059380342,0.193885281174553
"Psmc3","turquoise","turquoise",0.227332078736388,0.122222781735786,0.200275281986825,0.146669181944903,0.0194673593546998,0.11169289702325,0.175798514600243,0.111421371496299
"Madd","grey","grey",0.0394377742786782,0.0626467960322679,0.111290780513316,0.119280135005594,0.0947378118967092,0.0202068907368827,0.114223545600235,0.0881331714603898
"Ckap5","turquoise","turquoise",0.174132659857456,0.107564472536763,0.143674493572457,0.0938183463840023,0.0315036170910776,0.0776898556995677,0.130950447933749,0.0530444893210716
"Atg13","grey","grey",0.0719277029284958,0.0823922891731157,0.0931923918784495,0.0632628922851395,0.0589860443324926,0.0129451460010078,0.0890066371830328,0.0316248633668625
"Dgkz","yellow","yellow",0.0426588079255858,0.0343643409929668,0.167829073128038,0.219136879221506,0.10626943606509,0.0452379640879427,0.127075936306057,0.220698854150614
"Mapk8ip1","grey","grey",0.0572117520588547,0.0429308777920836,0.0768231849109218,0.0423971752982609,0.0367853691383507,0.01096394664458,0.0493555921717892,0.0290455144751382
"Cry2","grey","grey",0.0822106020084361,0.0685690596899067,0.163469897309896,0.176044186539895,0.0832897653625274,0.00857969635304588,0.15530256441208,0.133750979865417
"Chst1","red","red",0.0826949100258884,-0.00247377368069574,0.190728007567738,0.199664107030461,0.0503010609532295,0.129786203392613,0.102922557800225,0.296018985434538
"Syt13","grey","grey",0.102379951758431,0.0684406881096312,0.140503408972053,0.178085142019945,0.0513218120636719,0.0230340583454412,0.170402629609103,0.111571987191251
"Hsd17b12","turquoise","turquoise",0.124467176926434,0.112078053397022,0.0446998236588549,-0.0380917121674221,0.014802330127398,0.0278935503260747,0.0529790857001157,-0.0917986103858719
"Ttc17","grey","grey",0.069753072568976,0.0845767645330168,0.0930700101651512,0.0397195875062817,0.0587361172253344,0.0126193406797281,0.0714378908508563,0.025781603233151
"Lrrc4c","green","green",0.136671889384513,0.116991408965871,0.133625594499263,0.170658880626954,0.0390952915688341,-0.0347520634553772,0.230255043556524,0.0377701172039101
"Trim44","grey","grey",0.0875548276780585,0.0734932140051466,0.117559514997712,0.0769131194138587,0.0536157359635718,0.0434216401091273,0.0912036085574955,0.0692616490598794
"Slc1a2","yellow","yellow",0.0707047367917452,-0.0355625381809708,0.135903869319301,0.436448455997258,0.0148599809689658,-0.109053518937046,0.327762294882384,0.1746046995287
"Caprin1","grey","grey",0.161358928190746,0.136915825818922,0.152749917751808,0.05163467996986,0.0592763406904843,0.107790028428017,0.103854614271958,0.0525589545490082
"Fbxo3","blue","blue",0.0805890558952509,0.108301208235772,0.100962994404511,0.069262441622932,0.0690112209961557,-0.00111349205764887,0.100100183092743,0.0240300691595444
"D430041D05Rik","yellow","yellow",0.134520563929441,0.0906114213864422,0.213365019565351,0.255433213164201,0.0827121145143051,0.0366505700205099,0.217081030540322,0.182424316656658
"Cstf3","red","red",0.0525909139463972,0.0332817830459737,0.145483806713879,0.146174365621294,0.0690845033043415,0.0604758154345754,0.0952832531459193,0.183762340545051
"Mpped2","grey","grey",0.0483456710871479,0.0270486457915093,0.0781875244109748,0.0322889084286362,0.0250324461923252,0.0487182161399137,0.0218614566867971,0.0734214131975107
"Kcna4","red","red",0.0766749656201611,0.00289105731426657,0.113987331195848,0.110753500626984,9.60640997420581e-05,0.0767714217289083,0.0679614534161652,0.159913746552865
"Ano3","red","red",0.0653396803303467,-0.0360161995618841,0.202313351749323,0.331609097378332,0.0448511646468701,0.0562384205960337,0.203699694922171,0.343163254796482
"Nop10","grey","grey",0.114180798217157,0.114313803355567,0.0941675841006998,0.0529433072173638,0.0453931435664461,0.118567997751432,0.0877914382282163,0.0376586486276915
"Slc12a6","black","black",0.00799887460187135,0.0387418102735803,0.0547980288521567,0.0343544451897126,0.101007171215889,0.0197679820783137,0.033595894955593,0.0479850498871423
"Emc4","turquoise","turquoise",0.25076755387818,0.154267721672475,0.201201675584396,0.137574945320829,0.0173445295328156,0.10872343846546,0.182726070969824,0.0890051450983714
"Emc7","turquoise","turquoise",0.219497078514172,0.135308619633839,0.156545384450722,0.104873348779052,0.0144408244274467,0.111380776079643,0.152305027333935,0.0501628762244427
"Scg5","green","green",0.301792205271222,0.19535220919223,0.207583246773161,0.19092309199664,-0.0321288891119875,0.0840484145929012,0.299418390021226,0.0519797369422669
"Meis2","grey","grey",0.0279432334819157,-0.0568605325469011,0.0620452470107381,0.0203380206110045,-0.0451577806142054,-0.000983725759769357,-0.0382144838862307,0.0931314415687607
"Spred1","green","green",0.078241914571952,0.0654502621252741,0.128079309545375,0.159169552768946,0.0604682004234338,-0.0053772929437806,0.17059952706923,0.0977673470206557
"Fam98b","grey","grey",0.0933195082628018,0.0509510145282825,0.111857251038175,0.0913181131608683,0.0140780059039918,0.0842517376675953,0.0789186079466337,0.096210616596028
"Rasgrp1","yellow","yellow",0.176271296305076,0.0667181823730428,0.275234712101058,0.352133721983085,0.0668336149537582,0.112361959172913,0.246415635825032,0.305872190396951
"Srp14","grey","grey",0.136088294024698,0.0893309003188734,0.111265012113433,0.040700178137966,0.016130115876006,0.13104643118598,0.071348294352569,0.0542558555919219
"Disp2","blue","blue",0.101227396772763,0.177888830519837,0.118919488007631,-0.00752147104433289,0.114298978879302,0.0934356936456306,0.0696451494875665,0.00815082584566368
"1700020I14Rik","blue","blue",0.182543139287033,0.205108225938716,0.151066949955369,0.114550512684617,0.0715111174340469,0.075500506521495,0.194145205655102,0.0260592024773567
"Rtf1","grey","grey",0.144626464280344,0.0807700194842077,0.152323259468153,0.126386281232583,0.0222423146849875,0.0844093265782353,0.128725762128611,0.105729778901206
"Itpka","red","red",0.121964529355229,0.0136800671588695,0.220600442324312,0.229665461654511,0.0424610800202914,0.126990044582201,0.128631499896152,0.320561174522537
"Tyro3","yellow","yellow",0.0315126900699363,-0.0277106905202944,0.130380039222603,0.231628112413631,0.0505053911140326,-0.00496482952638999,0.12918631950637,0.179323292699208
"Mga","grey","grey",0.0559940156376613,0.0682093607164846,0.0975751427557816,0.0478551869989565,0.0645380988559342,0.036554853384329,0.0661539135923945,0.0559352930331674
"Tmem87a","grey","grey",0.0796278686609741,0.0592192828784504,0.0920947085665614,0.0388192946925031,0.0358101302273718,0.0634150079976799,0.0528342052239285,0.0446230040519368
"Zfp106","grey","grey",0.124139760033063,0.0943805835810697,0.141021058436116,0.0817071168705068,0.0505265486664035,0.0713972461274074,0.103411090340929,0.0773773789112413
"Ttbk2","blue","blue",0.114239605148832,0.168666473765872,0.0971584588811921,0.00307375528679653,0.0769204797182591,0.0342586236941853,0.086535574235407,-0.0299975343267488
"Ubr1","grey","grey",0.0644593664286838,0.0554482864394176,0.0738589623877538,0.039821630499039,0.0343293851075577,0.0316344608802497,0.0528025816758153,0.0272559606133165
"Trp53bp1","black","black",0.0367714834117297,0.0828687858724951,0.0612506395817383,-0.000334702400637884,0.106729755938058,0.0398119835318373,0.0316266276318708,0.0138340742581667
"Map1a","turquoise","turquoise",0.240434110570504,0.165712423604982,0.226123819563224,0.150868273729346,0.0586433158978366,0.0780127417872157,0.197504741890119,0.107794292852631
"Ppip5k1","black","black",0.0147971744228281,0.0713987886534767,0.0627249979312629,0.0348965052001525,0.131807867375808,-0.00996259711910969,0.0545227150521646,0.0207609786374223
"Ckmt1","grey","grey",0.159236725347912,0.1695805977605,0.18252397016817,0.0962090957668274,0.0952589174768094,0.0843925313800537,0.150779043907685,0.0647520093554466
"Pdia3","turquoise","turquoise",0.235385262926628,0.149948373662757,0.166246892948536,0.0769178723707277,0.0177483458693572,0.109345172484644,0.146122765008588,0.0341308912370073
"Serf2","grey","grey",0.157243944523186,0.117038839170598,0.150862886600948,0.1197232306817,0.0436176139198545,0.096909629176496,0.137481147034235,0.0804750146774472
"Casc4","grey","grey",0.0986391166584634,0.107790686742069,0.129157035773611,0.0688765751210383,0.0736043972268585,0.0623660177101347,0.0980696843985112,0.0625938548696521
"Ctdspl2","grey","grey",0.081754997328264,0.0575276146865036,0.101733304791084,0.0698789455619645,0.0317137378003756,0.0443624687994044,0.0789441580622731,0.0543277706766678
"Myef2","brown","brown",0.00885070190420198,0.061575034471687,0.0781336689427289,0.0326982407852306,0.0994247319410085,0.036966403261681,0.0440303835968568,0.0528001266741559
"Eid1","grey","grey",0.141976212448724,0.104122078215509,0.142610316103716,0.117182745402704,0.0459078819016028,0.103040870177676,0.14052808032011,0.0742161039626499
"Secisbp2l","grey","grey",0.128710903574324,0.0419805731791824,0.1462593553344,0.123569224194772,0.0126995160450159,0.0359069406377382,0.10765548503805,0.102480590742002
"Cops2","turquoise","turquoise",0.185846163613264,0.10832126276912,0.140616104930088,0.0824283830175947,0.00925788765150995,0.122040397414554,0.114890101278562,0.0635358828307771
"Trpm7","grey","grey",0.0330773133885436,0.0622079838266778,0.0819967173222539,0.0311039661899575,0.0854235053687421,0.00130684283455759,0.0496255825353067,0.0320342648147766
"Sppl2a","brown","brown",0.0377463148709898,0.0372195893589275,0.0741474936471039,0.0424881458211641,0.0494711091736136,0.0446641529766119,0.0400517756572267,0.0613206262377767
"Stard7","grey","grey",0.0817690834717241,0.0779488741349938,0.120399063606218,0.0793879481217541,0.0681459806543037,0.0229629825309814,0.0963586656183865,0.0597204256444341
"Mrps5","blue","blue",0.112956013525395,0.161072266390871,0.116841896348776,0.0250705277941423,0.0910640840151892,0.0199103024313858,0.0920189292285144,0.000590484479137895
"1500011K16Rik","grey","grey",0.0760338246858361,0.0532008603200628,0.082625580723843,0.0501226324933898,0.0236858223584161,0.085187577094957,0.0496385676596829,0.0650703274262383
"Anapc1","grey","grey",0.0417937043286671,0.0801506390408938,0.0775603618344832,0.00973201235914549,0.0802527156813595,0.0130271103745173,0.0385226607761435,0.0162550754596849
"Tmem87b","blue","blue",0.0543714289188253,0.0938895488880018,0.0700342541846268,0.00970355309672615,0.060731779042639,0.0318657641532811,0.0482128217794275,0.00703411306352696
"Zc3h6","grey","grey",0.0705189465942126,0.0753770231190915,0.104389910387466,0.0578499582529766,0.0593866426468913,0.0548244027780961,0.0696973372353934,0.0642536689417909
"Slc20a1","green","green",0.0584017156170563,0.106247887092138,0.135499194426666,0.130231673506879,0.129646397141427,0.00947953118066712,0.1642332125097,0.0812550189842664
"Sirpa","grey","grey",0.141011950233708,0.0804302271006494,0.188096866474335,0.198046062381462,0.0523335823027421,0.0713129617420852,0.179667353958194,0.157367295250062
"Snrpb","grey","grey",0.10593887847412,0.0738384696830793,0.118678715679762,0.0709660231054718,0.0387618079231708,0.0592927160723939,0.088309035344854,0.0652135353762811
"Nop56","grey","grey",0.0574619546540186,0.10559268916366,0.0883882930929353,0.0188890453404808,0.0915055689394089,0.0310248649059222,0.0621820785365924,0.0154983090467538
"Idh3b","blue","blue",0.163778208313372,0.179424285692718,0.158847767537839,0.0498190165589608,0.0807542690282062,0.0819848726867713,0.115637435762716,0.0439130858194823
"Ptpra","brown","brown",0.104763555246392,0.0518087574954317,0.122227432982922,0.0531789342654626,0.0381495997311393,0.122995359306002,0.0571509615089794,0.0958172681469315
"Mrps26","grey","grey",0.123839209628988,0.100606015326856,0.143657386037778,0.0600685122615713,0.055427681757606,0.0863342522327505,0.0896373755462671,0.075451918163599
"4930402H24Rik","grey","grey",0.0335192498767195,0.0736136619207232,0.094608136016592,0.0244288520890233,0.100626309377847,0.00171024743707024,0.0463182776815439,0.0298729329744331
"Atrn","grey","grey",0.0916081763467632,0.0673052600943107,0.123069249150389,0.0926657918579277,0.0534313215167441,0.0373734475982852,0.10541107232193,0.0734702543900989
"Gfra4","grey","grey",0.155866655461953,0.0983277574403816,0.208374818366521,0.145578472340424,0.0693348424173421,0.103192721233715,0.142576917118146,0.154030875639459
"Pank2","grey","grey",0.081057601752284,0.0495243354958498,0.130055226141592,0.0987301033631073,0.0436254301465104,0.033243884586082,0.0848959980557305,0.0940161922704949
"Rnf24","green","green",0.114599363234197,0.0907812275098904,0.129907931297479,0.131587551193017,0.0503864142733113,0.0401606274184692,0.168685915215495,0.0713769590599199
"Prnp","grey","grey",0.201629899379121,0.0527044964313879,0.19088484497371,0.159865708278765,-0.0136297393404421,0.152211660691962,0.142252334004548,0.163216630486528
"Slc23a2","grey","grey",0.1004815765599,0.130606434424455,0.14253409281468,0.122008545636531,0.0984487142845845,-0.0139288317533889,0.163370446860404,0.036892975613345
"Cds2","grey","grey",0.125731668560952,0.113832201795988,0.121665362824342,0.0664016528136284,0.0428800726981571,0.0746075216917346,0.106870885390915,0.0418910761706131
"Gpcpd1","blue","blue",0.0197234363139592,0.103810528977123,0.0703134092392678,0.0361487966824546,0.116578634395749,0.00262497574786629,0.0630788688376907,0.00868976627509294
"Chgb","green","green",0.282064662751447,0.161346155385984,0.218317206479266,0.239309524334084,-0.0128176149928662,0.103099371507204,0.324148138348526,0.116191719128158
"Trmt6","grey","grey",0.0667534426850162,0.0648702429667158,0.128495118583497,0.0819790761318788,0.0711116755391634,0.0495545511038411,0.0793493524396515,0.0971135136789918
"Tmx4","turquoise","turquoise",0.283683786246226,0.253488018815032,0.226039677011916,0.125133239219226,0.0667161609448501,0.112602689146502,0.228567567230449,0.0482338093722218
"Plcb1","grey","grey",0.180906811950219,0.152694681343557,0.274589297766698,0.242439394007963,0.0929059060608248,0.0324452675410233,0.235264889951071,0.19929128603748
"Lamp5","grey","grey",0.16604227383509,0.0939336637129261,0.265095176487534,0.303496817515236,0.0655147555114256,0.013161786053861,0.24676111315274,0.238481113604093
"Pak7","yellow","yellow",0.0662304090997247,-0.000705591545632494,0.150777678658371,0.276039255170685,0.0440553403147459,-0.0578903510247298,0.202162552955603,0.151400073483989
"Snap25","yellow","yellow",0.160449330782981,0.122796845011188,0.238673033756699,0.411455123946319,0.0845546771281871,-0.0159908652974797,0.369150281367171,0.199985579474846
"Btbd3","grey","grey",0.10154652458888,0.0601325663442521,0.0439408754874037,-0.0276296958921267,-0.0248965088618458,0.0947906590281914,0.0125199897568226,0.0236151474608335
"Esf1","grey","grey",0.0708966210371815,0.0786364084447651,0.115935839987934,0.0710758349780446,0.0733959465147327,0.0566240483431194,0.074469998622793,0.0767986994837928
"Macrod2","grey","grey",0.101799416530963,0.0869025100993674,0.190635964934279,0.133175534840063,0.0859367951459536,0.0690508893938209,0.120445646239126,0.145124819709816
"Flrt3","grey","grey",0.0961118655016378,0.112318918244512,0.105022187297787,0.0216874083418621,0.0518128930033316,0.0622568642338739,0.0664088101258884,0.0331785395032595
"Pcsk2","yellow","yellow",0.0985219963650387,-0.0135589280620676,0.252975956205436,0.406796823398722,0.0638468747021018,0.0520464491331737,0.263068146176332,0.332144337960267
"Dzank1","blue","blue",0.16522668361489,0.197011954303595,0.160537665214996,0.0924541454498146,0.0885801108150406,0.0749520683679534,0.165801353397169,0.0254213588594772
"Smim26","blue","blue",0.046834128175736,0.0997657696790961,0.0175916354074653,-0.0555316563775935,0.0371411923470526,0.0814773000163187,-0.00504508512147949,-0.0416509849317638
"Naa20","blue","blue",0.118393444596903,0.137091737768698,0.103203420069207,0.0342137053413126,0.0624490784632555,0.067185661912682,0.0892410549939867,0.0114996806737563
"Ralgapa2","brown","brown",0.0382267454203045,0.112193922545963,0.110109353599213,0.00717274384358524,0.131836281133255,0.0723842065869087,0.03967072367161,0.0657521748146914
"Xrn2","grey","grey",0.077557283423177,0.0747171960122141,0.101512565494067,0.0498114362517454,0.0503600405012492,0.0264100178020639,0.0661287967040903,0.0443969336034885
"Napb","grey","grey",0.166736476958594,0.152501843339733,0.197631481896891,0.15827570712485,0.0952548114256654,0.115701469476828,0.190788056393939,0.117027062515987
"Cst3","turquoise","turquoise",0.188653677692988,0.0634790646812442,0.0285320559107876,-0.0320998714230605,-0.093417189450306,0.0360867527962827,0.0423104819849925,-0.11192619526244
"Abhd12","turquoise","turquoise",0.198019062259568,0.141315506240447,0.181927463036803,0.105817401882587,0.0595191124864376,0.0912600398247354,0.149102919393982,0.0744391705648562
"Fkbp1a","grey","grey",0.237657781716331,0.0972263279093367,0.243802826352672,0.175465690582288,0.00720465900586802,0.208397464867449,0.142353217575719,0.216141842852717
"Snph","blue","blue",0.114067593145429,0.161157373988384,0.135639103874246,0.044732088848196,0.104460389217032,0.0518352036571656,0.105070178658171,0.037351172791659
"Csnk2a1","grey","grey",0.110466054470139,0.0788756886449931,0.106569565657719,0.0622139373864419,0.0275461738714271,0.0797231607123707,0.0808121860425816,0.0580026704470758
"Tm9sf4","grey","grey",0.111879081744178,0.100670119635304,0.113102085790055,0.0641924267701513,0.0477046679774762,0.0381802315021861,0.0998296596813008,0.0277827288971706
"Mapre1","grey","grey",0.0771247697375385,0.0663889600220326,0.0919742705283996,0.0532408056445077,0.0492848294965801,0.050234917230301,0.0696747877756197,0.0415480150257784
"Eif2s2","blue","blue",0.129803162284319,0.157214225767598,0.0912167966010009,0.00941435562623199,0.050551358670271,0.0969659346050123,0.0734768723961435,-0.0144265784909391
"Itch","grey","grey",0.0253095592201819,0.0274048230041936,0.0348445524661991,-0.0176960208630398,0.0363481613299694,0.0144828561201173,-0.00158729472231908,-0.0112314672550831
"Dynlrb1","turquoise","turquoise",0.211335742219689,0.154407695032887,0.137657346458546,0.0780794104634674,0.028253176779631,0.144033397345806,0.139400099256442,0.0344040302809779
"Map1lc3a","green","green",0.291330729180468,0.218108548621756,0.230632142275731,0.177492507628896,0.0418047187623581,0.142556573149301,0.292427724547869,0.0719631820587713
"Ggt7","blue","blue",0.0650548325595996,0.130677649519908,0.10964478107291,0.0600285707893578,0.100483449034131,0.022738951967001,0.0897583313185475,0.0389872820554017
"Trpc4ap","grey","grey",0.0899547225652488,0.0806883341193821,0.100159337904446,0.0368043899434002,0.0507901508672348,0.0474047833928346,0.0583710753201105,0.0296308021698906
"Romo1","grey","grey",0.12775784961093,0.104616125318354,0.0994064086251316,0.0448208356964422,0.0240175589435124,0.128485059967886,0.0785595347761149,0.0423864397605662
"Rbm39","brown","brown",-0.119563206601453,-0.0679899687499489,-0.0545521088507319,-0.0978484805851527,0.0283297887593761,0.0298506318601355,-0.135399465454253,0.0143798668661322
"Scand1","grey","grey",0.12598332898043,0.0789835699999304,0.112892317352176,0.07622459487306,0.0130656422661466,0.0996417788661569,0.0879210644526088,0.0682979910873211
"2900097C17Rik","green","green",0.205413905475192,0.167812451113808,0.206760886906076,0.170311111917225,0.077121441054886,0.158137888391668,0.239903401876133,0.128829245215961
"Epb41l1","grey","grey",0.0570287917047342,0.0966068847640726,0.0800295795345178,0.014481421263872,0.0763067112048947,0.0437443868196578,0.055550378733281,0.0149642835898747
"Dlgap4","grey","grey",0.0638635213123378,0.0630815528858287,0.108823015887097,0.0977465370073924,0.074378394910186,0.0395924035583949,0.0963453916403732,0.0775246028202773
"Ndrg3","grey","grey",0.135280837823784,0.125807488467672,0.195972505672435,0.176454779996743,0.101300875607591,0.0889571335305736,0.177524759974815,0.140574698438178
"Snhg11","blue","blue",-0.245807126169599,0.158336557410419,-0.21224531442927,-0.28792598039708,0.226825053518674,-0.295035965481741,-0.127808315413111,-0.38645193715563
"Ralgapb","black","black",0.0457201014121248,0.0831186916216265,0.0760032600841995,0.0496574811053395,0.108589613270566,0.00805718179064445,0.0755731065643728,0.024895221931327
"Top1","grey","grey",0.119804372979486,0.107808220151234,0.149907370293349,0.0971519483102394,0.0728512387122399,0.0619248013284635,0.115838675624485,0.0763086460293381
"Chd6","blue","blue",0.142573036539765,0.224666263998017,0.159041916915669,0.0587650049706767,0.134497927590033,0.00162427207586228,0.153252159375616,-0.0156340479674948
"Ptprt","grey","grey",0.0882597028687953,0.0738632359033248,0.097498389806541,0.104669655258727,0.023760884907128,0.00802021905680126,0.128339901667883,0.0288601895871077
"Srsf6","grey","grey",-0.0095898983268268,0.0185107085386448,0.0327797988044955,0.0142295678063989,0.0678658745208524,0.0169407125649791,0.00834833974929187,0.0274136975020565
"2900093K20Rik","black","black",0.00852027543397757,0.0559591033561077,0.0538907570223026,-0.0104465153245435,0.123540376568944,0.0442054819396392,0.0101510659251759,0.0196253105593862
"Serinc3","grey","grey",0.0918805991423982,0.0553310836670273,0.0972728431694322,0.0979160653365289,0.0254477970106756,0.0546281322554953,0.105017253441385,0.0593391050724499
"Pkig","red","red",0.0816518477185259,0.000689513891016061,0.14489616321531,0.155586767367938,0.0158764383774982,0.0896271392489612,0.0924948490146702,0.207061606025638
"Ywhab","turquoise","turquoise",0.343786853596643,0.200861535265827,0.277412713680098,0.175211590082942,0.0312198979072779,0.233671316206291,0.236068413738582,0.1487941516446
"Stk4","grey","grey",0.032199649481211,0.0284058736112553,0.0866706269760981,0.0618939444690526,0.0561632239075089,0.0459357636478877,0.0416306880938787,0.0821848642218526
"Slc12a5","grey","grey",0.133513820859146,0.125674595110673,0.171212406168821,0.145152261921729,0.0640834400490424,0.0729513701919981,0.155027272976299,0.115104349982474
"Zmynd8","grey","grey",0.0643997034740163,0.0751526307662591,0.156921633882194,0.159504574311934,0.0988997624486787,-0.0043054404801035,0.137876710355425,0.114777243215306
"Kcnb1","yellow","yellow",0.0744173872707339,0.0445191855112121,0.167681619325052,0.271612630974276,0.0721044896838822,0.0174144584622914,0.199910402610014,0.1868158550784
"Dpm1","grey","grey",0.0188866315169549,0.0496847001148253,0.0804704946282994,0.0571348027380775,0.0810963744682257,0.0126962090801342,0.0535018638775035,0.0596754921885579
"Atp9a","grey","grey",0.103468886818498,0.0784027120359457,0.135981393855444,0.117005168834224,0.0467308201536209,0.0633716655329402,0.122635450235403,0.0854870518688442
"Vapb","turquoise","turquoise",0.166268917410168,0.129736623581951,0.142567874283324,0.0738172937660281,0.0465317966895076,0.0797579205612333,0.126616295635001,0.040337880825926
"Gnas","turquoise","turquoise",0.341387012926129,0.264694316045671,0.222929675700074,0.143436932304592,0.0356676244089018,0.187764916061551,0.261526202298838,0.0395243126814991
"Atp5e","blue","blue",0.150669146182795,0.134951661150269,0.0795636286014771,0.0439471608263713,0.00369801563814312,0.173732034293634,0.0819732393957256,0.0327506012838455
"Gm14325","grey","grey",0.100508621689949,0.10655288789317,0.128276126703998,0.0398123553897173,0.0790793334779923,0.0436756726960934,0.0749216174897167,0.0437583314527923
"Phactr3","grey","grey",0.0896546300801964,0.0779240696718744,0.103712431806919,0.0526255389161729,0.0499268238222997,0.00219156312713766,0.0796602844662083,0.026678864159532
"Psma7","turquoise","turquoise",0.177992559780196,0.12336299299583,0.141575818512764,0.0955031579268202,0.026168087354132,0.0904699051896672,0.129883075187925,0.0573626172215393
"Rps21","brown","brown",-0.00291655478556173,-0.0240795480195193,-0.0873504779478649,-0.0774219606504563,-0.0723825615069924,0.251083925762266,-0.0878338400928367,-0.00280449690048168
"Dido1","grey","grey",0.0752432682569519,0.0605031544649532,0.103012266350282,0.0583391789331066,0.0507622659434539,0.0221995752833828,0.0715631079634706,0.0484545967132371
"Gm27032","grey","grey",0.143776795273812,0.171865883033955,0.233684479716591,0.154724766919823,0.148526211823075,0.0435509033159788,0.189137751468342,0.12463867802047
"Arfgap1","grey","grey",0.077764070112759,0.0824477835250273,0.137322913841241,0.0874102741294954,0.0799242535249004,0.0337424315253099,0.0956540670648513,0.0835034682476988
"Kcnq2","grey","grey",0.0348487840272354,0.0599653045834145,0.149511144494012,0.13231334261607,0.124150041208987,0.0459710422097339,0.0998116663079358,0.152368742442197
"Eef1a2","turquoise","turquoise",0.240228410597737,0.163874499385155,0.215767717550404,0.165874999331076,0.0501513303743654,0.107048029994025,0.21788451728607,0.104191291878626
"Stmn3","turquoise","turquoise",0.415982751826641,0.366845181236465,0.290606273283936,0.181834614881606,0.0645665962033703,0.202387578872713,0.330516830891637,0.0678394713155697
"Dnajc5","grey","grey",0.142187777340708,0.121548595881293,0.143964989778267,0.0920077719924138,0.0463976195869336,0.0860685162489005,0.128553413825298,0.0630522485064452
"Pcmtd2","grey","grey",0.090550777272198,0.0699233091982001,0.101789208211773,0.0605796946204962,0.0392908535741894,0.045404941941303,0.0825730639758928,0.0439911183511655
"Syp","turquoise","turquoise",0.230315176098193,0.202002543486936,0.201148022942718,0.153048661354916,0.0734380281963297,0.146362042654765,0.225100961733681,0.092832873192885
"Gripap1","grey","grey",0.0890686187012316,0.0967802705748356,0.112168077236023,0.0455741173133442,0.0584035652936506,0.0289860187505745,0.077283059905403,0.0343661519902856
"Pcsk1n","turquoise","turquoise",0.305022386269524,0.210073317760835,0.18220911063351,0.0938306076665701,-0.0197950234805774,0.193544153491849,0.186743818422335,0.0563653401906332
"Rbm3","grey","grey",0.113947499959256,0.100282868902808,0.140402989460233,0.0702514243809455,0.0620617132618839,0.0433958535156043,0.102839321492262,0.05572058941014
"Tspan7","turquoise","turquoise",0.370144644632283,0.16365362682238,0.267792912807998,0.196202761889566,-0.0320847023582828,0.166494935828328,0.263556720996301,0.110453469624405
"Atp6ap2","turquoise","turquoise",0.23051820787628,0.190551029217627,0.14098796886261,0.0565896784187264,0.0198877057778145,0.0823700804050146,0.174837417769279,-0.0309622528674063
"Med14","grey","grey",0.0676157155098471,0.0659160851233882,0.0976077121217268,0.0718188777788234,0.0454040674129752,0.023837572582079,0.0806682140919296,0.049750960257655
"Usp9x","turquoise","turquoise",0.206478024361071,0.155634328855817,0.190103596122859,0.127451044664966,0.0526498661651122,0.111020384683234,0.173021278357221,0.0869008197921309
"Ddx3x","grey","grey",0.0949376090783997,0.0975193498470104,0.0649258637747742,0.0255089467353106,0.0226753352539138,0.0610852127765594,0.0742332883475083,-0.00396325040237817
"Kdm6a","grey","grey",0.0378104830349388,0.0165831755898952,0.0692341031898967,0.0401369031885728,0.0331024728806231,0.0110413958319242,0.0298415836532949,0.047088776885677
"Ndufb11","brown","brown",0.172708292202386,0.104849618094918,0.0824550131671363,0.00586204310706687,-0.0205641095141527,0.175625606354745,0.0563364023575543,0.0121604123114277
"Uba1","turquoise","turquoise",0.153414055997625,0.108667258826527,0.119870685251792,0.0758909206585044,0.0246755146037981,0.0884378939845394,0.112597865710016,0.0483475526456236
"Usp11","grey","grey",0.118506055837407,0.0823386397456817,0.125935050945605,0.0385318628336556,0.0285205548505046,0.084633021796642,0.0657939845717019,0.0514499719912672
"Araf","blue","blue",0.134126176778387,0.13834648703862,0.0932088083662589,-0.0228585022929629,0.0320705924151044,0.0911391877030347,0.0580828547328131,-0.0162270418234406
"Syn1","grey","grey",0.151908791678279,0.0988396097496796,0.187583271995878,0.193277116652578,0.0519860434194642,0.0880696929043926,0.192871102755366,0.142195268657714
"Pgrmc1","grey","grey",0.194590922139064,0.116311160072665,0.157814332275783,0.0684294686727999,0.00568173559772638,0.155092205986298,0.118073746578262,0.0642729198071781
"Slc25a5","turquoise","turquoise",0.255443500892236,0.176544900700242,0.152574753563419,0.0437137661939848,0.00676592631754158,0.140372799323194,0.124234487187651,0.0189157954048862
"Rpl39","brown","brown",-0.0270129984355153,-0.0168090948294353,-0.114029808107802,-0.0908731464278306,-0.0588660969061219,0.217703377096692,-0.0887890720123727,-0.042552117830547
"Upf3b","grey","grey",0.0286901069860529,0.043017330193094,0.038070889035583,-0.0123019621280996,0.0383337184942942,0.0139650284087093,0.00491713538813758,-0.00543129613033995
"Ndufa1","brown","brown",0.12235961085223,0.084316044911435,0.0489370990697616,0.00738202299198171,-0.0283322382738489,0.194969012279264,0.0338875788691924,0.0250185739257394
"Lamp2","grey","grey",0.075308069543875,0.0738972005293377,0.0564659990883192,0.00300269935961518,0.0321055395673566,0.00854232019012848,0.0438864533167342,-0.0271171884874124
"Mcts1","grey","grey",0.102314066450673,0.106999089417114,0.110025108606345,0.0438116290144932,0.0589913502868281,0.060143827024106,0.07902217956866,0.0358206423853521
"Gria3","grey","grey",0.0336869667129553,0.14084092347239,0.249759298235614,0.171466085043905,0.229271099983597,0.0964213986177293,0.119810918569472,0.268354194834196
"Thoc2","black","black",0.00391791888176045,0.0457180797834248,0.0479378306086916,0.00593336054522257,0.108010933251378,0.00759413275080912,0.0148085708656202,0.0185939799872236
"Tenm1","blue","blue",0.10856849081061,0.227475908249134,0.114642971770536,-0.0487617766271815,0.153492775819324,0.0690189155322886,0.0943684891113934,-0.0665678865337857
"Smarca1","grey","grey",0.0590821386324585,0.0676191037956155,0.117394081053539,0.0663286530913426,0.0688353173254152,0.0558892399563109,0.0705368274412922,0.0794491767062516
"Ocrl","blue","blue",0.0385359075089514,0.108580279747764,0.0739364579210283,0.00599211579373678,0.103481533069229,0.0196328893052574,0.0500997736446194,0.00107830173891664
"Utp14a","grey","grey",-0.0135156067536188,0.01066565453953,0.0448540629551954,0.0357063429994422,0.0603121720830134,0.0206436465085065,0.0173602631390432,0.053621472933337
"Slc25a14","grey","grey",0.146408666026471,0.0929850702721682,0.166671384139999,0.120613270169402,0.0363276148688306,0.106806431637126,0.125455169240925,0.114796550705643
"Phf6","grey","grey",0.0803778819435171,0.0825500045655056,0.104856052990668,0.0377272260765378,0.0524037075698942,0.0448599142805142,0.0613631096777987,0.0412787447544694
"Hprt","turquoise","turquoise",0.20614247069879,0.142655119997582,0.160424126961458,0.112257644244179,0.0202616411113071,0.103581306701967,0.161259517631893,0.0576885435416573
"Rtl8c","turquoise","turquoise",0.286802626278266,0.178609824981006,0.215319132569213,0.123944069550195,0.00367483499856419,0.144432324017396,0.193585660036569,0.067842706158136
"Ints6l","blue","blue",-0.00581407416605374,0.12289135225298,0.020151661823028,-0.0681725899175016,0.118055268453617,-0.0155264309481002,-0.00346964352917498,-0.0586336150902036
"Rbmx","grey","grey",0.0134267658846641,0.0366263884362794,0.00860744238166655,-0.0780211106455993,0.0366760698892682,0.0229899771402164,-0.0467821251159253,-0.032243569965764
"C230004F18Rik","grey","grey",-0.0831976137444248,0.0565294479802197,0.127145155775123,0.160476906454791,0.19260958270579,-0.0161028468380806,0.101351843880007,0.189209353540276
"Slitrk4","green","green",0.128588428394344,0.11537165763724,0.154284217195415,0.13796580655774,0.0569123370683269,0.0637209070587331,0.17646176240329,0.098756104802184
"Fmr1","grey","grey",0.0700123732621981,0.0441569462072489,0.102563880027135,0.0881721080638909,0.040540151716295,0.0287621010940414,0.0839571662670452,0.071951865386176
"Mtmr1","grey","grey",0.0479105804570118,0.0558097352374932,0.0939511585589015,0.0615587895509163,0.065484689089315,0.0433318015670058,0.0646531834426934,0.0628781663363511
"Idh3g","grey","grey",0.0758748909809427,0.0869647600737264,0.102377078343498,0.0715637832012379,0.0686644097398915,0.031271860995494,0.0942400705455281,0.0453646502779428
"Ssr4","grey","grey",0.129774419008785,0.132080335803277,0.158096941783506,0.0773224284080704,0.0851884167402272,0.0718223507734395,0.112941994541549,0.0597039276570085
"L1cam","grey","grey",0.0582935350862468,0.0785541955132282,0.116376404269871,0.0765200621016141,0.0827151711252357,0.0501384485863055,0.0878717829016732,0.0634828928791182
"Mecp2","grey","grey",0.0338763314774146,0.0378761076849913,0.0438013897504586,0.0227405074876096,0.0307673329620264,0.040363141560556,0.0266806882122352,0.0208897504915925
"Rpl10","brown","brown",0.0659776567507498,0.039662671824329,0.0548939925146631,0.0267461727401687,0.00766260404038837,0.105390812791828,0.0352984752562789,0.0365787864954149
"Taz","blue","blue",0.0593601379448564,0.118531696769105,0.0919641202201935,0.00735668802114181,0.0912722162951259,0.0195084781416116,0.0529450009681204,0.00824584232094157
"Atp6ap1","turquoise","turquoise",0.144020208470429,0.128309678040473,0.0917233097157901,0.0267097376635371,0.0269155152246334,0.0735301576005337,0.0985418277339721,-0.0175216714145371
"Gdi1","turquoise","turquoise",0.182084353334169,0.15645054835393,0.190218136768962,0.0918563786221873,0.090261148304491,0.0946107891930394,0.145883836418303,0.0678519508409684
"Lage3","grey","grey",0.0711890714879037,0.0794785723781723,0.0965478547154732,0.030376520824746,0.0569432288396049,0.0495630997844681,0.0569207326841955,0.0386461931417405
"Pls3","brown","brown",0.149165872975696,0.0912790645407362,0.155237221379251,0.0712151488664327,0.0446572457701849,0.184691746383687,0.0841385531813135,0.117200394308861
"Dmd","grey","grey",0.0184648994424735,0.0487584581075734,0.111661301038724,0.116346137256863,0.103179819809496,-0.00868301804397271,0.102213834875265,0.0854319425260791
"Il1rapl1","grey","grey",0.0539045408093535,0.0876545714710785,0.189173950796868,0.162614825861683,0.117329698189799,0.0176807125159824,0.121232125399299,0.198124726532688
"Apoo","blue","blue",0.104151012032081,0.130785521776471,0.105033835090721,0.018199178991435,0.0566752977501015,0.0644845285928731,0.0605955650002639,0.0260963348616414
"Maged1","blue","blue",0.144670513538343,0.157660840697582,0.108864866224026,-0.00155286761159739,0.0487397827482906,0.134089997750384,0.0733497254578091,0.0119307710181574
"Arhgef9","red","red",0.0986305763226536,0.0506559274206502,0.185363630473053,0.1638491780978,0.0783783370916303,0.118432117440269,0.113759122397143,0.234495884961305
"Las1l","blue","blue",0.052107431101972,0.138543655080847,0.0543736223849161,-0.0242770410984033,0.0831965065872733,-0.00193024266913752,0.0421388868426834,-0.0504910452658205
"Ophn1","grey","grey",0.0158476498758382,0.0383849099024185,0.0545020774654003,0.00991799587883978,0.0540820508447961,0.0269827665026492,0.0144688547726771,0.0300477326596089
"Nlgn3","brown","brown",0.0512945752322143,0.0318643783277915,0.0633665637164269,0.0301041742990448,0.0230067593756586,0.0672549630951421,0.037013725182185,0.0500011487694201
"Taf1","grey","grey",0.0658178558225858,0.0859718604108778,0.0768996699615164,0.0368344039883732,0.0613014237792305,0.0236590415677226,0.0690604391583014,0.0108115561342612
"Ogt","black","black",-0.0674498787495246,0.0791758470039163,0.0112447175788363,-0.0056779124935861,0.17502894232588,-0.0577701672206574,0.0179074112726036,-0.0126877272401394
"Rps4x","brown","brown",0.17430021640717,0.080634497501958,0.108570921312891,0.0365446774236216,-0.0244679604567447,0.250133122580995,0.0647839877658898,0.0759759693018299
"Chic1","grey","grey",0.0708265684141445,0.0842941384977597,0.101540958657288,0.0324220343458284,0.0623345932923015,0.0486485657208709,0.0528568055106628,0.0461363309208676
"Xist","brown","brown",-0.34927862377727,-0.358981548003329,-0.303788623693849,-0.163604351414429,-0.140442835286803,-0.126328614577973,-0.293706115590526,-0.0549577145999257
"Ftx","grey","grey",0.0108728039090676,0.0428431792820477,0.0798151899872062,0.0390597340029739,0.0739185182680113,0.0138340235856734,0.0448173904508069,0.058797368551483
"Rlim","grey","grey",0.0670525677655382,0.0634956483793115,0.0803642113446295,0.0335524978015151,0.0488127750753987,0.0402782959894154,0.0552002669153001,0.0256026209171292
"Nexmif","grey","grey",0.101641530023063,0.0628714051560446,0.163467843786637,0.114635248097347,0.071026678966268,0.111108604567297,0.104177927280424,0.145925505535244
"5330434G04Rik","blue","blue",-0.0173101762335295,0.293858117268188,-0.0122203215595529,-0.189150397219105,0.19419986018608,-0.0121226193899525,-0.0181870053684652,-0.193556974180336
"Atrx","grey","grey",0.0657425963562187,0.0754389345200752,0.141206750481294,0.138255603657183,0.0726392889528179,0.0489550529940902,0.117678644823297,0.143492525980665
"Cox7b","blue","blue",0.165368847226232,0.239497576255827,0.084655032055889,-0.00136050486735517,0.0683385820160204,0.140689904445861,0.102571136506934,-0.0436401114220646
"Pgk1","turquoise","turquoise",0.269180562623093,0.182560457580513,0.19891269978788,0.119400041082143,0.0258943347067353,0.156351985635729,0.179665780528747,0.0741345580491854
"Chm","blue","blue",0.0957630347071066,0.121900556879917,0.104203745295265,0.0452581546422128,0.0697672855531708,0.0321199331633673,0.0897183922407986,0.0212871635012196
"Diaph2","red","red",0.0598358969525852,0.0160567886820999,0.111206983285074,0.120305156771603,0.0344917753731436,0.0346797198652141,0.0842893365728868,0.14758603414828
"Cstf2","black","black",0.0236017336729144,0.108794160528389,0.0865557296712557,0.0497960748714704,0.175083593315919,-0.00716181851978567,0.0836935001045283,0.0179631461500621
"Rpl36a","brown","brown",0.0752681256984546,0.0354499278632288,0.0276678239846931,-0.0082237520528718,-0.0269193194584018,0.220104945059247,-0.00146820244739905,0.0460362613396065
"Hnrnph2","turquoise","turquoise",0.138832765337685,0.107844032213845,0.117058348657687,0.0670373014091161,0.0350972198457841,0.0470107358448341,0.103240915167965,0.028885536246249
"Armcx1","blue","blue",0.0892203195203972,0.137368959677493,0.0957404242037247,0.0527100496160469,0.0726085619626048,0.0345630531241933,0.102998652120616,0.00909470012290894
"Armcx3","blue","blue",0.125150353185632,0.155105058262673,0.11566704464276,0.0371977264139218,0.0641445582048925,0.0555010150562875,0.0926726291480105,0.0148013884183905
"Tceal6","turquoise","turquoise",0.238800076095141,0.150094538671374,0.192511164097614,0.130505166622967,0.0122600200688153,0.117176433348267,0.174614178579222,0.0900854564931884
"Gprasp1","blue","blue",0.128859985242406,0.166795920458531,0.140756068779238,0.0765033395995933,0.0775873559722212,0.0998971174239535,0.128781792805077,0.0610531151110873
"Gprasp2","blue","blue",0.0934731341962775,0.189281740519685,0.0800171631986453,-0.0411639724642341,0.0862852384007558,0.0398627026992843,0.0600736774186519,-0.0637306331328543
"Bex2","turquoise","turquoise",0.282400790743219,0.170995975746894,0.221686913675971,0.15486297556067,0.0171736572580367,0.205950246978341,0.200791839107822,0.127650415576401
"Tceal5","turquoise","turquoise",0.184348532555333,0.154690316130913,0.203961867543333,0.138052103473821,0.0781148264965806,0.108234391141519,0.171143124960651,0.111631474411619
"Tceal9","turquoise","turquoise",0.153467276320782,0.0939234370919103,0.101068493432183,0.0735027068938857,-0.00667484197591697,0.103954043806012,0.11109301917226,0.0365424138621402
"Bex3","turquoise","turquoise",0.207821870743927,0.140842767270422,0.163953287353797,0.0944039296338744,0.0184268346280062,0.120062199671313,0.139665777910503,0.0690623673010004
"Tceal3","turquoise","turquoise",0.26897378517478,0.150236236088083,0.208474800301886,0.126900617431336,-0.00474299750100928,0.163215278582633,0.170364495141505,0.108242969611009
"Morf4l2","grey","grey",0.104787050061719,0.0871258136633186,0.151043867059619,0.075940365806578,0.0663859846533378,0.104318865508259,0.0842652333318749,0.0932406618571605
"Zcchc18","blue","blue",0.162688944390007,0.218283677247917,0.167834091571202,0.0608935747823615,0.103198906933922,0.111403681054581,0.146426088732468,0.0237484178784482
"Acsl4","green","green",0.167504526354346,0.115627819870263,0.174651714025435,0.156505753748722,0.0428547289610014,0.0930060870245357,0.201779032374794,0.107107536449355
"Pak3","brown","brown",0.143617930336304,0.135245016927523,0.16751427251803,0.073131681809437,0.0800776978400034,0.162970402865951,0.104435323026073,0.0980041274950365
"Dcx","green","green",0.0209663901923158,0.0800286706338694,0.0572641366617524,0.0793979814771093,0.0813485734034898,-0.0766453512403577,0.133585058466201,-0.0154436830694982
"Tmem29","grey","grey",0.0555460844432945,0.0591899130104368,0.090545240418785,0.0382036333072716,0.0518107256712771,0.0222067832654411,0.0547277596976881,0.0385982659911646
"Tro","grey","grey",0.114710627292416,0.134060175909199,0.142411534777216,0.0220114043989148,0.0846007987768513,0.10929549950879,0.0733403288219413,0.0460254831558202
"Gnl3l","grey","grey",0.108696941665357,0.131616440927882,0.135491761968124,0.0647973157174669,0.0885847404756772,0.103242097235608,0.106762441487888,0.0504858984828853
"Huwe1","grey","grey",0.0665782595778368,0.0934538779694135,0.109395567245099,0.061450554165304,0.0842490643527921,0.0200650732381066,0.0881609968707038,0.044388647774128
"Tspyl2","grey","grey",0.0813848611959645,0.090930963873637,0.113069781628965,0.0405287470013301,0.0648497602391825,0.0300942176825971,0.0767965309806979,0.0295110105936122
"Sms","blue","blue",0.100920341085361,0.128362453698147,0.104193405120004,0.0336769648185762,0.0682025505602377,0.0811029877177138,0.0764943331040968,0.0363746894760784
"Cnksr2","red","red",0.141824833914508,0.0140365317466717,0.303160778068498,0.41338813466559,0.0701684700896383,0.126205953853439,0.25258820116861,0.457709792042956
"Eif1ax","turquoise","turquoise",0.186619093143891,0.126218147596541,0.13698059573664,0.087554274463056,0.0159627938652434,0.108838980996676,0.135614268401436,0.0467803379712138
"Map7d2","turquoise","turquoise",0.181024451847963,0.150710140419307,0.145931589800011,0.0709780528029181,0.0486884799148162,0.0757800572302051,0.132199646253184,0.026532865096797
"Phka2","grey","grey",0.0663821546759052,0.109544960143727,0.126740706822946,0.0448595071948637,0.105201367852883,0.0323730543903149,0.0757727991045372,0.0536184089609689
"Cdkl5","yellow","yellow",0.172392399995631,0.0941653916578795,0.213990298395343,0.268685971846855,0.0530228452431878,0.072850085419673,0.232917826525725,0.181161364025615
"Reps2","grey","grey",0.12368107079394,0.142643569412413,0.157391245034185,0.0820697012395729,0.0945233426001587,0.0876932948842938,0.121015444209674,0.0765594969188807
"Rbbp7","grey","grey",0.167866328242176,0.0753999895400737,0.164166392724103,0.119708866216024,0.00582077242162503,0.128499077782783,0.112612978916434,0.126340644245331
"Gpm6b","yellow","yellow",0.0243882517345861,-0.104110202023695,0.173438430385472,0.337363885374705,0.0102584684220575,-0.00530713233731993,0.137514078701009,0.331067177203966
"Tmsb4x","brown","brown",0.0765247993341121,-0.015896387186666,0.0614877816386577,0.0575564847563421,-0.0240023871296748,0.390139920206309,-0.0311831066738684,0.219221304840431
"Frmpd4","grey","grey",0.0763961697296878,0.0913236337699738,0.102908625864635,0.0424140893677347,0.0692234459096733,0.0536774759801921,0.0824559838910292,0.0244121235877048
"Pkia","grey","grey",0.0885065686477306,0.074143667030369,0.0969861292768197,0.0638266949001861,0.0260717060672558,0.0592945591822183,0.0845754051707209,0.050748366253145
"Stmn2","green","green",0.338298827338856,0.273885721045166,0.313619035380736,0.260777807144827,0.0963572110529983,0.171665311033446,0.390345924622612,0.125944889779685
"Tpd52","green","green",0.105635288216197,0.0772369249821845,0.127511397813563,0.141043701562745,0.0475800524938137,0.0134504586040036,0.170159730765405,0.0674986725686777
"Ralyl","yellow","yellow",0.153066940328005,0.119527106554948,0.272985521280082,0.299828042420724,0.111673830169868,0.0331571319189223,0.247542087767364,0.222490302617581
"Lrrcc1","grey","grey",0.0294919958598313,0.0351328091995832,0.0855304729175551,0.0695074186012759,0.057920932281813,0.000830176093883303,0.0621169380193662,0.0596160423101154
"1810022K09Rik","grey","grey",0.063924423915,0.0915891564888278,0.0902960579789052,0.03212803342312,0.0673958267786603,0.0387939099764312,0.0611723907977995,0.0258452662203292
"Ythdf3","grey","grey",0.0519058365994184,0.0685377869071368,0.0847303619720438,0.0493397940000121,0.0625182552905798,0.0144185037619695,0.0641748526468081,0.036931249498384
"Mir124-2hg","blue","blue",0.110351918548267,0.241755510916478,0.145326080002935,0.0803036845025238,0.170705360867209,-0.0434043705102236,0.179774616872253,-0.0413175759192453
"Armc1","grey","grey",0.118269439014054,0.0815430758906854,0.122863183157711,0.0673401863636401,0.0357719672953935,0.0783316859532519,0.0824244110793671,0.0674306507318602
"Tbl1xr1","grey","grey",0.090371249332453,0.0500400182976253,0.124032134600951,0.100921895990869,0.0368140747256688,0.0572945812032265,0.09104467948309,0.101220666183948
"Nlgn1","yellow","yellow",0.13143631056137,0.0994307658707877,0.252327094441953,0.267343778197861,0.112384613183658,0.0583545446772773,0.205570690454677,0.238512565909979
"Nceh1","blue","blue",0.161986928247893,0.184737603484474,0.136219107760835,0.0574255923651321,0.0691905194547417,0.0619128607011791,0.139837792204023,0.0131579201751545
"Tnik","grey","grey",0.0168956215220952,0.0310909048259135,0.132414573945022,0.107470482668152,0.10253321891825,0.0528384362743874,0.0659586306207749,0.15861153746466
"Rpl22l1","brown","brown",0.093311256007176,0.0698817436450894,0.0438703386272634,0.0171459053331472,-0.00999217804466726,0.249256726137968,0.0239538755704352,0.0570248275002911
"Sec62","turquoise","turquoise",0.187441856214359,0.137359696622484,0.0963275574581541,0.0984245480550017,-0.00668791222397275,0.150169938850164,0.140317689453024,0.0304248656627445
"Phc3","black","black",0.0264282485151564,0.0724988411871853,0.0717390780020819,0.0258653573638259,0.130012719329637,0.00394484980167381,0.0477314150901137,0.021140015371994
"Skil","yellow","yellow",0.0809382405478742,0.0453242503164702,0.135443791262335,0.161293568965418,0.0493507641889266,0.0686494504492323,0.11518211893463,0.146765177772036
"Slc7a14","brown","brown",0.0267763128202158,0.0342850722766941,0.0627177219794797,-0.057579166007006,0.0482212001748509,0.177252646978463,-0.0435733307619296,0.083645868594621
"Ndufb5","blue","blue",0.20016703725001,0.197911444046269,0.109574760236032,0.00612344278843551,0.0226717503270539,0.160166622906756,0.0981985703705402,-0.0120731914469083
"Pex5l","yellow","yellow",0.115381339652439,0.0892252725409575,0.239157263082529,0.27206478414566,0.132592430065448,0.0267218987501897,0.20055776618038,0.216549343980188
"Ttc14","black","black",-0.159789362871258,0.0155602104197342,-0.0043523177374674,0.0321906624932456,0.261053500761272,-0.0696989916397927,-0.00492245922911823,0.063249641702676
"Fxr1","grey","grey",0.0937232297312789,0.0886694516031549,0.132994527365891,0.067555913981608,0.0669276148535818,0.0478485293261443,0.0832769006363509,0.0655719527345605
"Dnajc19","grey","grey",0.0836667833104215,0.0624350930237155,0.0571026586682523,0.0103480418508114,0.00945386182854975,0.0695802579979657,0.0381730343868995,0.00940435601806193
"Atp11b","blue","blue",0.0371326325612057,0.190132676301067,0.115878877451905,0.0446295998512997,0.195823871986347,-0.0158708390962571,0.118196426482799,-0.00668365846791388
"4932438A13Rik","blue","blue",0.0763185001994083,0.184835169346139,0.120637122672044,0.095775853388271,0.126721477660282,0.0218225556330294,0.150132275202618,0.0438404424436239
"Hspa4l","blue","blue",0.143219860005335,0.203540703852597,0.149255923298492,0.0824168262945669,0.11949384140812,0.0519693297824026,0.14994898606594,0.0266582442838453
"Abhd18","blue","blue",0.0431701399969444,0.125637737914798,0.0930517912061847,0.0284541242262953,0.116480428821315,-0.00808455879155466,0.0766534411846942,-0.00605301294346683
"Sclt1","blue","blue",0.0581184615576019,0.140560694487705,0.0934169927824115,0.0374229332413418,0.104080547805636,-0.0191360960004348,0.0918667691867985,-0.00769246609190968
"D3Ertd751e","blue","blue",0.0460597901477698,0.0990634938242747,0.064545714868569,-0.0109855836456051,0.078684102933144,0.00049199045617764,0.0316566305768362,-0.0223864213755416
"Pcdh10","turquoise","turquoise",0.180893766381851,0.162947960525492,0.123339412554656,0.0884735551176258,0.0302599196629973,0.014822801707942,0.17060447842355,-0.0312342500524947
"Ndufc1","blue","blue",0.0871095603973304,0.120478102327433,0.0111803588660025,-0.0468449296310319,0.0114413449509469,0.156060220874342,0.00854279297837444,-0.0391666317076838
"Naa15","grey","grey",0.047059173563288,0.0717671500713983,0.0780169237637715,0.0344983213536443,0.070751587738061,0.0322071214246169,0.0524861619215138,0.0331006193643229
"Supt20","brown","brown",-0.00443679613247097,0.0282223797966156,0.041012196377458,-0.000602554803849896,0.0626563986065391,0.0369345490406086,-0.00312468562230014,0.0310151062629743
"Dclk1","yellow","yellow",-0.0151925284479898,0.00888431288276938,0.126205878766524,0.254522307213836,0.113822452192557,-0.0186518355853479,0.154184329797326,0.201556791651751
"Nbea","brown","brown",-0.031793926746054,0.0204823632789124,0.0911703572457555,0.103957199700504,0.111766199260214,0.0778121279600986,0.0504080589515485,0.175885837169987
"Rnf13","blue","blue",0.0573580246945781,0.0453891438579805,0.00807609796393153,-0.0590216861593944,0.00224539880665989,-0.0166948894853126,-0.00474819039140965,-0.0923854020456273
"Pfn2","grey","grey",0.224994572174231,0.142528431938754,0.229375864893792,0.174306270653014,0.0473904299000713,0.143319413364863,0.19206418998305,0.143746578968324
"Eif2a","grey","grey",0.0452248482076449,0.0380293130664671,0.0722760631895937,0.0452829313105733,0.0374392653536433,0.0364830881151774,0.0435399711016909,0.0512015661379933
"Selenot","turquoise","turquoise",0.132011753751673,0.109647766409977,0.0962795920304646,0.0225313480595738,0.035073416695578,0.05506776777078,0.0798832674490103,-0.00140266490236741
"Mbnl1","grey","grey",0.0451507898358509,0.077482676612082,0.0840155969708343,0.0250241440726496,0.0825306341645779,0.0111285236635299,0.0409298911860409,0.0230367792487035
"Dhx36","grey","grey",0.0757048748927083,0.0651549697523636,0.0800554804402792,0.0303782745150604,0.0367637487253418,0.0585722431909149,0.0457186733924135,0.0386508216277673
"Gmps","blue","blue",0.160778640906156,0.160783933659717,0.133158728305801,0.0413137881657425,0.0488501985180523,0.0803826184463335,0.112989316770072,0.012668384533485
"Ssr3","grey","grey",0.112001089796515,0.0596598383223565,0.0772948079727646,0.0101674119155405,-0.00063342595049697,0.0718130688136276,0.0412390150321676,0.0130532657404168
"Ccnl1","grey","grey",0.0025536965536924,-0.00712064920844751,0.0696241827972326,0.0576190702246186,0.0507874866969986,0.00935643052108618,0.0295956930408456,0.084953430118825
"Rsrc1","grey","grey",0.0674594408526442,0.0723917616815601,0.0826903071911661,0.0314122027065887,0.0546098837418691,0.0119673305123919,0.0631861911226325,0.0154900924777245
"Schip1","red","red",0.0870237634364061,-0.0405407553777387,0.243006027514639,0.312320672240625,0.0501144055636562,0.0900169249652873,0.166087339448749,0.376135760031235
"Ppm1l","green","green",0.135459885979806,0.119270268439885,0.115480193664579,0.164284549211318,0.0411930836514915,-0.00369840288903861,0.234808873033371,0.036586829201426
"Pdcd10","blue","blue",0.13930841807432,0.147877685999791,0.137849193990954,0.0723316738322035,0.0694802821163444,0.0725492150760811,0.113386517568625,0.0466265534248565
"Serpini1","blue","blue",0.201501211370832,0.291416594209048,0.112015007951403,-0.0198040692792666,0.077036479769124,0.079144944724618,0.153253089373592,-0.106565409511244
"Rapgef2","grey","grey",0.0571023938162777,0.0388323591164823,0.107031002291976,0.0663769438249159,0.0348620737011725,0.0672166481087798,0.050023414187865,0.107030550821999
"Ppid","grey","grey",0.0715589208043303,0.0731770237482215,0.121882000545766,0.0535985845210755,0.0718965539742947,0.0526925090863222,0.0647560417252561,0.0720473231733091
"Gria2","red","red",-0.191423470207505,-0.176578984901667,-0.0424742908261729,0.0313148351438348,0.0197099723092345,-0.0531380700014688,-0.124166446751976,0.189309514469601
"Glrb","turquoise","turquoise",0.189933124296322,0.145080250535473,0.161201644329529,0.120707092396781,0.0429451559374995,0.0611085157352436,0.170098367148025,0.0536646755264362
"Gucy1b1","grey","grey",0.20965149131195,0.0921626428718431,0.234186973341157,0.197553807958314,0.00633590547118825,0.125249209775724,0.172458561672383,0.198748071923415
"Map9","grey","grey",0.140525014551623,0.0736246220099349,0.180466250679169,0.171518965870825,0.0313614802902395,0.104306989004943,0.143043334917415,0.161847784618739
"Trim2","brown","brown",0.0644454576099826,0.110669259818009,0.141467524746951,0.0245844527410359,0.133128859434812,0.119809467739699,0.0416850755817458,0.112455422890276
"Fbxw7","yellow","yellow",0.122866847607548,0.0749532771517053,0.281146646809401,0.419917669905751,0.113169765962818,0.0441661063951187,0.289284367779337,0.34208243027425
"Rps3a1","brown","brown",0.204006878982681,0.0758471826535731,0.130174784169383,0.0639512275047839,-0.0495174598209636,0.301924523763067,0.0794619954775387,0.115806604805489
"Hdgf","grey","grey",0.0876191575525866,0.0823824115373279,0.100722993287449,0.0778684128249583,0.0502075574265356,0.043318417775706,0.0962634135759643,0.0454027880158104
"Rrnad1","grey","grey",0.0428192945050113,0.0641068090366303,0.0937778198552047,0.040409780295921,0.0754348604463647,0.0163550321228543,0.0543412158550749,0.0465879009707069
"Gm3764","grey","grey",0.0396865983012119,0.0589611086560045,0.0630218580449494,0.0776588525808999,0.0499433300724651,-0.0535022303927682,0.086730946659102,0.00751322818989783
"Cct3","turquoise","turquoise",0.157610256876184,0.114481406783757,0.114967453854776,0.02322895658105,0.0224065022167065,0.0834571678170208,0.0801293861182057,0.0111399466975843
"Lamtor2","turquoise","turquoise",0.170536511186781,0.140005808242743,0.133471579538622,0.0693960599335075,0.0399805514346905,0.0889325412391117,0.120015824684106,0.0361672039425521
"Arhgef2","grey","grey",0.0103727522197854,0.00736239411501504,0.0806588036080347,0.0682920217616734,0.0531063585379966,0.0360006096306474,0.032977993618605,0.111896892445736
"2810403A07Rik","grey","grey",0.0275941733796232,0.0740379398444991,0.0704348672623078,0.0288761932741926,0.0798159507669674,0.00355837379378465,0.0474422534587274,0.0187785742640458
"Syt11","turquoise","turquoise",0.238975016417237,0.166956379835464,0.169162088816635,0.139239937141418,0.0159896780391806,0.0967175032042794,0.198361735530337,0.055266011866025
"Gon4l","grey","grey",0.0962479541433474,0.111621930688982,0.153723813447682,0.0978020925483622,0.0942952103237823,0.0281475612573344,0.117782310882045,0.0722629139861215
"Ash1l","grey","grey",0.094700024449751,0.0814078744961682,0.153106198156461,0.106582422170524,0.0847935302397763,0.0774369994482161,0.103901577113966,0.117872702985276
"Trim46","grey","grey",0.0498688861442094,0.0369028812525556,0.132740879370532,0.100662063256158,0.0759359106897273,0.0582569724839305,0.0726530268523694,0.132146025709505
"Krtcap2","brown","brown",0.107600929301604,0.0467457364681295,0.0531215467397498,0.0208674657458729,-0.0244556967991645,0.116137828292844,0.036786707821831,0.0235566319017157
"Dpm3","grey","grey",0.0457314963379298,0.0441124987005341,0.0089175190062573,-0.0275842123098332,-0.00499544187538599,0.0470725552560294,0.00124265471777455,-0.0287366256434344
"Slc50a1","grey","grey",0.100084193810213,0.0824173585172562,0.160416283758267,0.100849669036428,0.0791332113840388,0.0420430281552753,0.107108421246431,0.0934879412241844
"Adar","blue","blue",0.104291804294526,0.133578801991669,0.1277964000238,0.0798684734248865,0.0777253039944312,0.0322996197840281,0.121089390000495,0.0414005606987832
"Ubap2l","grey","grey",0.070213853663773,0.0747930363250589,0.132913010433524,0.0803417594238971,0.0867120697422349,0.0316026824761435,0.088061227662749,0.0830049559694907
"Tpm3","grey","grey",0.143873748525996,0.0846499511532936,0.172827952378672,0.156958007863717,0.0505060194934071,0.0725260237115442,0.163897893093225,0.113854270957206
"Rps27","brown","brown",-0.00650740003158746,-0.0258491968737611,-0.0836481062374368,-0.089544602799411,-0.0672036207919758,0.242490468576263,-0.0927688042418386,-0.0136666071283049
"Gatad2b","grey","grey",0.0563227421336679,0.0286384749240548,0.107858127220345,0.0836008427133094,0.0462989499584573,0.0602193136983231,0.0662159060773085,0.106737793004196
"Ilf2","grey","grey",0.0631504409102391,0.0694607999011381,0.0813205258094138,0.0330251091956299,0.0457937056549842,0.0215674387840213,0.056837014392851,0.0209721274692089
"Celf3","red","red",0.000270542907056317,-0.00271169666439828,0.0821258782598979,0.0814707239979454,0.0632766673457292,0.0612008490408899,0.0382735946608763,0.14131489792387
"Snx27","grey","grey",0.0608942472026644,0.0729792877960188,0.0738195681718867,0.0165996519302191,0.055302804454968,0.028372976837178,0.0446170380719479,0.0126315910683098
"Psmd4","turquoise","turquoise",0.196574688248793,0.149015881595374,0.163943823210133,0.0882370728111745,0.0465588375846595,0.0675131267722303,0.150981177723338,0.0410000307594117
"Pip5k1a","grey","grey",0.049149186487122,0.0300495237675795,0.112097479508429,0.102616562998376,0.0573446684745588,0.0464355315455805,0.0771115385565047,0.116811675045992
"Mllt11","green","green",0.220897938944688,0.180735166768695,0.254844367495618,0.189998647241699,0.101448839964237,0.120778168562518,0.260618545423808,0.138841680785508
"Setdb1","grey","grey",0.0312765221158195,0.0518684531515034,0.0725343284989785,0.0365821005246982,0.0627719790214164,0.0215210352195622,0.0458900099680592,0.0406924599835427
"Arnt","grey","grey",0.0449926772306201,0.0690731482862352,0.0997811613659699,0.0617609139833803,0.0782612786960597,-0.010121816160717,0.0791824490423404,0.0427808826510302
"Ensa","grey","grey",0.128129393174923,0.0856252455573019,0.184516674945647,0.175059458029882,0.0647080759681669,0.0661708049813548,0.158294050752242,0.142982900274999
"Rprd2","grey","grey",0.0622885262086383,0.0534816218211879,0.0874142155241614,0.0479898803732785,0.045036533641513,0.0387490679633732,0.0566175438822237,0.0533948307629551
"Mrps21","grey","grey",0.105299108095336,0.0812865856308071,0.086048152524009,0.0647366891334852,0.0168355128814032,0.09324687916921,0.0766981704231254,0.0526334540199382
"Otud7b","grey","grey",0.0469270561222427,0.0137070446954498,0.0553413005003311,0.038359226281554,0.0159454945061931,-0.0327600077420332,0.0455326738215802,0.00969224335500004
"Sv2a","blue","blue",0.154302301932735,0.240730000770608,0.0927719782640672,-0.0102410585956904,0.081804380358292,0.0651394722693421,0.12279144862253,-0.0847147484689029
"Gpr89","grey","grey",0.127680256706803,0.0938556660817104,0.144191299717336,0.081852151057681,0.0475596058686087,0.0566827629344728,0.102433483444226,0.0717954001556679
"Prkab2","yellow","yellow",0.0293602305392904,0.0471897831379567,0.13024900697329,0.158331503189666,0.0958174118982446,0.00619289835602087,0.109877443028849,0.135894516631895
"Pde4dip","grey","grey",0.0881940549824313,0.0868744797330344,0.141975393137949,0.0758054323895457,0.0802076799211933,0.0385640184504806,0.087328841037441,0.0854267729851512
"Man1a2","grey","grey",0.104573682822076,0.113923613545315,0.175132087523659,0.109424351747159,0.109942403881542,0.0441961176451446,0.121260681941507,0.104857550975898
"Atp1a1","yellow","yellow",0.213861653362021,0.00363791775126491,0.267688924569348,0.434336060497685,-0.0346678487748766,0.0624163171692177,0.304245974957737,0.317247340819533
"Csde1","grey","grey",0.0940192319315439,0.0884605641019481,0.116099957260676,0.0566798015932597,0.0656391943656782,0.0861922003157612,0.0758863692111335,0.0668063101204548
"Bcas2","grey","grey",0.129074849308098,0.124166601667759,0.122716469025032,0.0513021330114498,0.0499612104642861,0.0488966460159773,0.101795576573025,0.0224254697137136
"Rsbn1","grey","grey",0.0612388337340874,0.0583348274645684,0.079800818724086,0.0541548086004898,0.0434245053544545,0.0136926578035757,0.0710213497731791,0.0383800919671961
"Phtf1","grey","grey",0.100017649734216,0.109225958343207,0.149421077350382,0.0934037392971798,0.0891483210720282,0.0441100409127803,0.114872791153747,0.0767392395413267
"Lrig2","grey","grey",0.0786320573295459,0.0791130355397878,0.106395069508744,0.0590363553959099,0.0547691227031092,0.0277793589820018,0.0806898433712787,0.0437485799518723
"St7l","grey","grey",0.0427902550590655,0.0412994288189008,0.0733999327594372,0.0319245645081821,0.0457235930097797,0.0178433294792376,0.0459076097184568,0.03225863368014
"Fam212b","yellow","yellow",0.138652917422389,0.035330729146058,0.225137153728392,0.306475692631658,0.0375996839755029,0.0375121971747524,0.213012053201403,0.243553891168025
"Atp5f1","turquoise","turquoise",0.292151042735617,0.221895226412085,0.194616766258848,0.0672634206245742,0.0372412900487735,0.180549048537384,0.163446362633623,0.0388798462411651
"Lrif1","grey","grey",0.0702309788991765,0.0908112614136584,0.0807286989329221,0.0315174485798669,0.0615063547568289,0.0280835874919508,0.0668079503916491,0.00782606575618346
"Kcna2","blue","blue",0.124528481466347,0.212268289186103,0.111000812820684,0.0957032971487552,0.104091878346703,-0.00403230630181812,0.176517914453712,-0.0147663234089617
"Slc6a17","green","green",0.0714528227027694,0.13111363272092,0.122003953509167,0.148348531868057,0.11802722462699,-0.00411083072668594,0.206589486797908,0.0543255940891012
"Ahcyl1","grey","grey",0.0410399040028929,0.0661750429425094,0.0814889506604425,0.0487484862255458,0.0752111139391741,0.0208681520489084,0.0552195143306109,0.0424480288195316
"Gstm5","turquoise","turquoise",0.160147431670985,0.0378142420382627,0.0510260740054437,-0.000934910514067343,-0.0633431388586805,0.105541663843162,0.0269506552093489,-0.00948227081507851
"Gpr61","grey","grey",0.066710452419535,0.0980718878841637,0.0958518029435389,0.0449646088618875,0.0710370701191409,0.0292013505124401,0.0819442187035317,0.0307564583925936
"Psma5","grey","grey",0.151492526176696,0.0997522364628258,0.139712851693174,0.0973129892004066,0.0199615848189824,0.0785958634362737,0.123085016812041,0.0647927350711669
"Sort1","grey","grey",0.0946385336987146,0.0418440082691999,0.147839528242422,0.149616599801206,0.0393856185719178,0.0654401685904598,0.112495955677936,0.15656217367435
"Celsr2","grey","grey",0.0692962146141534,0.0612396982379565,0.104732939591137,0.096885742062088,0.0561021182323579,0.0503040114492863,0.101788464565168,0.0763528819664275
"Sars","blue","blue",0.178186654726737,0.248448718777496,0.141069210324268,0.0226128171380295,0.0927562635947138,0.0520220792808268,0.139192189928266,-0.0434806137873739
"Wdr47","grey","grey",0.126733814275698,0.0913560742588786,0.174280430369719,0.152350195086981,0.0620807857159974,0.0843283671037138,0.148038599258093,0.132720213324668
"Prpf38b","grey","grey",0.0144391620166413,0.0323043747954447,0.0770692054678629,0.0449781068139361,0.0730549689955506,0.00353277995388573,0.0353212596289441,0.0613508645966719
"Ntng1","brown","brown",0.0307277998063949,0.0687573613670051,0.103906321310126,0.0364225649586689,0.0998624380410608,0.125453213824104,0.0367095992517428,0.129215300323616
"Rnpc3","blue","blue",0.0111301951414494,0.144092052645242,-0.00400274841987795,-0.126787977868824,0.0883259992563564,-0.0408476056323366,-0.0140848870216701,-0.148380780691164
"Extl2","blue","blue",0.182445497580954,0.166971546409194,0.126883192800137,0.0350207497100126,0.0315014717326824,0.0870520784858167,0.114635538458989,0.00529420894931278
"Trmt13","grey","grey",0.0142969933688951,0.0547370077523001,0.047125509325743,-0.000648744155938337,0.0703571315943314,0.00609702238763276,0.0185221812544161,0.00356541767005924
"Plppr4","red","red",0.0928148517313192,0.0422562977737448,0.162057397096718,0.119515481461101,0.0582332993297707,0.176410874594463,0.0769877549396791,0.233379784692807
"Ptbp2","grey","grey",0.029463116801084,0.0565837702108957,0.0835464920732767,0.0206969654293314,0.0832248779038408,0.0305342061757298,0.0392043291894678,0.0397650960145905
"Fnbp1l","green","green",0.0431982239550411,0.11479486451097,0.171140705568556,0.211006682203137,0.159454231024601,-0.0405344703601747,0.236657472495755,0.0969747429072952
"1810037I17Rik","green","green",0.0982887249953022,0.0563966413171928,0.0811468688558909,0.0921942902022097,0.0161514311873598,0.0487838146726192,0.12544795181086,0.0223830564851634
"Ndst3","blue","blue",0.0744309362100472,0.18998852868293,0.16992246902786,0.0684971386950946,0.182383810920191,0.0764794634390349,0.0997045391443772,0.0977468454365991
"Camk2d","blue","blue",0.0647375490483984,0.149251267513317,0.101324558375763,-0.00760021374135951,0.117397686850641,0.011404719967237,0.0687771126972133,-0.0251409919150813
"Ank2","grey","grey",-0.0330950606210884,0.00162514090018157,0.0632251381053475,0.0751700497836631,0.0916603320343355,-0.055000261397432,0.0468379734796262,0.0655635517003521
"Ap1ar","grey","grey",0.0592466811611874,0.0606107993861896,0.116784795611954,0.103597668220685,0.0665320527416788,0.0301334664675168,0.0896295561705486,0.0916805570960052
"Sec24b","grey","grey",0.0774066996301022,0.0877265891788331,0.11626062050689,0.0641861386634711,0.0688994223785799,0.0155563621043459,0.0916115881161921,0.047192523286407
"Ostc","grey","grey",0.128630975787258,0.0786705282418596,0.114443603198321,0.0498625030690167,0.0159594131662324,0.079865178046578,0.0785550463672176,0.0418154491435404
"Rpl34","brown","brown",0.0430748452906982,-0.0169988179839874,-0.0219495968649834,-0.0294193814900675,-0.0624782771136854,0.263375253948791,-0.0445861111643686,0.0520856608422152
"Aimp1","grey","grey",0.115853612358209,0.0885745177919328,0.110480065246617,0.0505573954814876,0.0327180502901298,0.102473805867813,0.0710638681062543,0.0579695644694313
"Tbck","grey","grey",0.0563551009745545,0.0572926369653894,0.0987104019158976,0.0630017171018903,0.0561617201628589,0.0308477470035024,0.0660273794098043,0.0653173102807874
"Tet2","blue","blue",0.0150420293501683,0.127652116833846,0.0472219578912277,-0.0197514750270558,0.112172068440986,-0.021764206913079,0.0369521578691898,-0.0424675706800493
"Cisd2","grey","grey",0.0902656802160016,0.0913560489632597,0.114455004840072,0.0599790893448312,0.0632511811230967,0.0302743566763057,0.0854089859138049,0.0421675196002476
"Ube2d3","black","black",0.0342729946507237,0.0650287511219238,0.0845867476427047,0.0509912177122504,0.123236181773591,0.0439898256430177,0.0560119389575047,0.0549237839027377
"Ppp3ca","red","red",0.048509430086957,-0.102630432119029,0.167483037892222,0.262864059772598,-0.0171610207054995,0.229819608954931,0.0662521105393795,0.460542809607803
"H2afz","turquoise","turquoise",0.259231140620425,0.155463188315627,0.157773288465271,0.104449945631309,-0.0207709364557829,0.164078829166542,0.157427723648106,0.0621100844317662
"Dnajb14","grey","grey",0.106691195708531,0.101944459939853,0.102422042470879,0.0369766333503758,0.0439702595511306,0.0735225130957087,0.0772857979605615,0.0338996985874218
"Lamtor3","grey","grey",0.0997608416386506,0.0974059698100252,0.110345912822669,0.0529854669813607,0.0523458622948973,0.03663062141802,0.0881541528993724,0.0305802154275967
"Eif4e","grey","grey",0.10672455302902,0.104860663666552,0.122953010541538,0.0788686447084236,0.0614390362621341,0.0644250745885786,0.101447031277973,0.055568881768773
"Tspan5","green","green",0.209805392766363,0.165384784735835,0.228952522630937,0.191039227113971,0.0809030217555075,0.0678298258287786,0.25707119481792,0.123709972376609
"Rap1gds1","green","green",0.191985489901887,0.149771882833712,0.177652353748884,0.155247149756664,0.0588051437978248,0.068254495049864,0.231503538860921,0.0638618881371087
"Unc5c","grey","grey",0.072079520307633,0.114114353306894,0.0923857426347713,0.00998887968858536,0.0953904418752404,0.0334156626397587,0.073417517945469,-0.00865078693072551
"Pkn2","grey","grey",0.0518140945564403,0.0801257767943177,0.0893703353446512,0.057620698402946,0.0727148231670624,-0.0130902800579917,0.0796479957389077,0.0228102287215007
"Lmo4","yellow","yellow",0.12656644435108,0.0284809393427581,0.224099991992264,0.362307631995134,0.0571292246647283,0.0671838928784239,0.255112198547097,0.26397776907303
"Selenof","turquoise","turquoise",0.214197825667332,0.116492032727359,0.139353759377525,0.0540543106666334,-0.00422480741415028,0.099122900678623,0.108734169774422,0.0275305908698611
"Sh3glb1","grey","grey",0.0816394375941633,0.0940666363396752,0.0938167087859601,0.050133696837309,0.061820131786853,0.0147239019512348,0.0837770388447721,0.0118152062985496
"Prkacb","blue","blue",0.184285860434509,0.185816995681831,0.192445669967653,0.160445032493885,0.0835826782388275,0.0661935557573977,0.213431086599367,0.0774592629220185
"Ttll7","blue","blue",0.188834541586958,0.199097898225671,0.164521100412909,0.0815044476373921,0.0834690433390513,0.0376819356086561,0.154318109011464,0.00240082928567003
"Adgrl2","yellow","yellow",0.0683232205540816,0.0948011835128128,0.171098546513197,0.240766246669604,0.111768840766596,-0.0352960183028774,0.197863733976937,0.143551093174039
"Gm30382","yellow","yellow",0.0625721486170661,0.0769104274769419,0.152524982122557,0.192965847827054,0.0808403642919644,-0.00650651780803605,0.148909621040364,0.141173450512195
"Dnajb4","grey","grey",0.128097447941717,0.119674945615126,0.182637317415772,0.112665848035894,0.0866108980027807,0.0603288319212549,0.125611310446397,0.106045837477705
"Fubp1","brown","brown",-0.0655785422404576,0.017712290301568,0.0466549450406185,0.0474484131816006,0.10338224485534,-0.0076153979996361,0.00987323867631799,0.0979822982640518
"Miga1","grey","grey",0.0700520163732487,0.0917450345014182,0.0998747627922487,0.0548850374699152,0.0723999941450028,0.0347205233817935,0.0873703320575197,0.0340390109931537
"Usp33","grey","grey",0.106654954815984,0.111738329539577,0.122595742582934,0.0720513209455643,0.0671959365230946,0.0548840668555722,0.10290176868188,0.0495037355821241
"Zzz3","grey","grey",0.0371083596883265,0.0188045813268542,0.0739155680575477,0.063402609410098,0.0341287998870353,0.0208371025401214,0.0438015081544285,0.0647159260233909
"Ak5","red","red",0.13529578803183,0.0139145064485948,0.207626144485911,0.222932242439382,0.0315232552415079,0.118099611685837,0.154737652990984,0.269613857995171
"Rabggtb","grey","grey",0.0926232883954791,0.0792084318258009,0.0954082052565399,0.0289994042322321,0.0345338061737591,0.0599286509086414,0.0597173725413264,0.0325013868498925
"Negr1","grey","grey",0.0938304113971497,0.0621725879498246,0.158937087925468,0.160762774539008,0.0551611002557411,0.029068359199336,0.152517910048182,0.118355890308068
"Zranb2","blue","blue",-0.0345394795192096,0.152002251102794,0.0841237928628503,0.0775061486136351,0.187477800160928,-0.0717206671492432,0.105494717859552,0.0345575045448366
"Srsf11","grey","grey",-0.0882312727995086,-0.000238280667850288,0.0638791256544321,0.0723624523474488,0.111566943448363,-0.0727457330336142,0.0232289225858509,0.103143537525642
"B230334C09Rik","red","red",-0.0337844287597156,-0.00401322870381637,0.113945206473135,0.145969785478997,0.125474426334701,0.0691736449053135,0.0621489127344188,0.222932818551365
"Lrrc7","red","red",0.0266133345244612,0.0176415129752735,0.220298922632683,0.246032419299834,0.124699675166728,0.0822120249937958,0.134309526633978,0.355752358209579
"Tgs1","grey","grey",0.122886053667881,0.110859325545987,0.137836878151221,0.0728391487915604,0.0521319173758995,0.0520789041781267,0.112864259773502,0.0509115109919977
"Rps20","brown","brown",0.089877784521311,0.0629383951349169,0.0521308110243147,-0.00233738273249067,0.00774775247160471,0.213971333828691,0.0214620458342601,0.0456067971852842
"Chchd7","blue","blue",0.0816412508889248,0.119711022825054,0.0797692988876179,0.018751457238323,0.0574941012756803,0.0180965033797889,0.0685328949479759,-0.00724251443102831
"Impad1","blue","blue",0.131571090401546,0.139991353220244,0.092441581042687,0.031641363766405,0.0398857444277397,0.0672653379534647,0.0996009766306568,-0.0117839644522238
"Rab2a","turquoise","turquoise",0.290716664641383,0.12656735974342,0.207591807208907,0.139962555045919,-0.0287955278335703,0.195005372404177,0.166089955787159,0.126328440952976
"Clvs1","blue","blue",0.116996554275324,0.15087743573365,0.132355104041736,0.0367326549683006,0.0829295506201427,0.0475081301521449,0.0878890150166911,0.0352426961176934
"Asph","grey","grey",0.160522523590234,0.123157858264469,0.158614376398808,0.117970354642861,0.0440309126103216,0.0422855550969073,0.164477895925066,0.0523422420335756
"Pdp1","yellow","yellow",0.108690107932208,0.0135878982425888,0.187654726428525,0.286788761107106,0.0142576685140857,0.00821184863882932,0.185009596074062,0.224590967282674
"Fam92a","grey","grey",0.102122009172253,0.125161524291457,0.13517527739885,0.0521345061632143,0.0872307815811704,0.0576753572222718,0.0938347713692499,0.04190164146471
"Runx1t1","grey","grey",0.0668429062767698,0.100044965055278,0.0752305228331199,0.0392972323588346,0.0543940883739912,0.0471795988987752,0.0729901116717209,0.00468388317390979
"Necab1","green","green",0.159583286669445,0.0959842879148814,0.166287699501918,0.158265617988931,0.020449855632078,0.0631669209971598,0.204486814883944,0.0903238083427872
"Calb1","brown","brown",0.105974408636404,0.0318607166124205,0.138573033707273,0.0394998848103821,0.0106647299012587,0.182871772590885,0.00332578106192322,0.167849389748657
"Mmp16","brown","brown",0.0213822466451598,0.0282542898875021,0.0803986242275857,0.0408271350564478,0.0775035893352178,0.0673814870506631,0.0503171361530552,0.064884762023638
"Rmdn1","blue","blue",0.0429608784431133,0.126070359521922,0.0674392361372247,-0.00826910447552166,0.100352947310777,0.0126755765143599,0.0459830527088641,-0.0252925920470462
"Wwp1","blue","blue",0.0675569650439413,0.13202618922725,0.0291648724178515,-0.0598907518300015,0.0496750135052203,-0.000446853327638088,0.0290609058025986,-0.0903566399696112
"Ccnc","grey","grey",0.0945201898239214,0.106165756844146,0.135417488248708,0.0721528135541596,0.0807938406923868,0.0405537289374094,0.0998328059558024,0.0554438123614634
"Usp45","grey","grey",0.0683794981852528,0.0873315305295486,0.0988724476654214,0.0519961249811635,0.0680200630725763,0.0361023789584691,0.0745800613969582,0.0445440633123926
"Pnisr","black","black",-0.0727228792487177,0.0188240038082772,0.0396454320909106,0.045387174968917,0.161583948502332,-0.0884347200481728,0.0226441819727301,0.060110064797575
"Ndufaf4","blue","blue",0.0725831392374019,0.154379890961356,0.107897286111363,0.0137111444630148,0.120597101089108,0.0473456244779307,0.0614378093273737,0.0194277360844915
"Fut9","green","green",0.13859062846568,0.136247386986598,0.158235841771662,0.240257484844648,0.0747753955754658,0.028010948117677,0.298758806728992,0.0897638815874106
"Epha7","brown","brown",0.000762200267047394,-0.00589236890774557,0.077185721861653,0.00745240387093368,0.0664401889179134,0.184429593733014,-0.0334644555323184,0.185906465381933
"Mdn1","blue","blue",0.0280730766469519,0.0909527814331516,0.0757719416663357,0.0218340987416629,0.0919763840412596,0.00440667594313188,0.0557604239348855,0.0169032187737076
"Cnr1","grey","grey",0.128574484096225,0.146303956378095,0.121345189731997,0.0133452308347379,0.0383224028791725,0.086055701957435,0.0764457297546896,0.00267905636439875
"Rars2","grey","grey",0.0599567429825143,0.0704214861008468,0.0934144145533818,0.0221690261908124,0.0591726361380723,0.0464362625767286,0.0431546551715594,0.0451123825011893
"Zfp292","grey","grey",0.117872904859332,0.107858634406993,0.143390084594212,0.0823857611289169,0.0620420957901496,0.0401780798769025,0.112493522733305,0.0592631497363784
"Lingo2","grey","grey",0.119632522765801,0.040268772666573,0.236502974305881,0.251677012019453,0.0414603011665411,0.034684750825453,0.190991901627546,0.235886759882446
"Ndufb6","turquoise","turquoise",0.195859504444339,0.141227185289813,0.118196523398139,0.0539661991048166,0.0118465710097161,0.1541709018882,0.107172590713816,0.0331396494788504
"Dnaja1","turquoise","turquoise",0.274241799257938,0.18836845121552,0.213835854829435,0.123502621199585,0.0450573391309496,0.185497932215311,0.185590918303582,0.0911926047330515
"Nfx1","grey","grey",0.0652833708652706,0.0863885541404825,0.106638630358824,0.034894719034984,0.0791160325293256,0.035471804434321,0.0621629663137733,0.0445603545591342
"Fam219a","grey","grey",0.114550209123919,0.116960265353743,0.157570981492812,0.108555809523384,0.0791896264296786,0.0294008432285815,0.133568453999754,0.0723891249754244
"Cntfr","grey","grey",0.132990330314176,0.0962953542990786,0.161010993636376,0.139035307139484,0.0550621590021432,0.0165479226373264,0.155326127356051,0.084916771695272
"Dctn3","turquoise","turquoise",0.2395150787206,0.137353628802684,0.184221225873743,0.136860013498619,0.0137560287194182,0.142020654740165,0.168682414639359,0.0977800537193681
"Sigmar1","green","green",0.142753388438247,0.123190341119039,0.179608036677633,0.156525800246895,0.0837141400842715,0.0258477359657196,0.209349799909834,0.0916380018680698
"Ccl27a","yellow","yellow",0.11220728737162,0.124386980886921,0.176221343897009,0.260457792177903,0.110496165566964,0.0168137260798029,0.241599378734303,0.126975471650317
"Phf24","yellow","yellow",0.0624230623343735,0.0504966487302614,0.16611781571634,0.288580521315022,0.100977093047587,-0.012510427250575,0.217042236566012,0.179601468605234
"Vcp","turquoise","turquoise",0.193071942708733,0.144883005565592,0.160588730367442,0.0716911963252686,0.0433964144715513,0.0919687400619914,0.133888367865616,0.0415083951708756
"Unc13b","yellow","yellow",0.0108283119227531,0.00561005526750971,0.123841831102216,0.233852077360669,0.0888560136758027,-0.0147993496319783,0.151355827570134,0.161168877188803
"Ccdc107","grey","grey",0.10128493551676,0.0906044686923806,0.0977975287535012,0.00576195887546222,0.0322139855686008,0.0984748022662816,0.0429654421096912,0.0318781537621413
"Clta","turquoise","turquoise",0.281124033029581,0.165671449088414,0.221510231871907,0.126642376806511,0.0164700175607589,0.139603835537239,0.182725635707726,0.0910871667404992
"Zcchc7","black","black",-0.0635767646377569,0.0659117129166143,0.0682909613519964,0.0450538313297953,0.215736163264389,-0.0924379476260769,0.0382086023370893,0.0623608356685889
"Tomm5","blue","blue",0.118856957640376,0.130681816975692,0.103150316297293,0.0480298225796648,0.0504329581882877,0.079073206250365,0.0942266162854844,0.0261952492953323
"Ncbp1","grey","grey",0.113125727209959,0.084564712462238,0.140177264456532,0.0768805999491643,0.0541005993385825,0.0840943556820716,0.0819925413535932,0.0907846033119671
"Gabbr2","grey","grey",0.113994099319835,0.120064978419263,0.151944336714385,0.12266768084301,0.0808895152510559,0.0636168887540041,0.158134817580947,0.0820353300204102
"Alg2","turquoise","turquoise",0.16092183473863,0.123718075787319,0.113339551431691,0.032256936652966,0.0272846988074514,0.0919418070473198,0.103291872708482,0.0136091197102478
"Tex10","grey","grey",0.0552582673629894,0.0740537801126731,0.106294558704608,0.0526174180922488,0.0735028346048211,0.0375366891710726,0.0659658731776715,0.0556695163358038
"Rnf20","grey","grey",0.0590604822280034,0.0620397546659621,0.108919701350985,0.0526417363029492,0.0702928818022468,0.0174045972068111,0.0641319589550073,0.0529100901120382
"Slc44a1","grey","grey",0.0512575531100539,-0.000432087566691579,0.0686610647628994,0.0311800480786144,0.0111746925349092,0.00484041189240139,0.0204416753656499,0.0409656866921869
"Fsd1l","grey","grey",0.0332178708200644,0.0665020152086939,0.064308066238841,0.0148913977841513,0.0705933990256212,0.0170272146059111,0.0374892200850125,0.0125937564779386
"Fktn","grey","grey",0.0427161335894782,0.0409242282838736,0.0511652485687459,0.0145244053627948,0.031243566473851,0.0198481990883518,0.0276747158283546,0.0127500018248921
"Rad23b","grey","grey",0.140964962842828,0.109026815556871,0.160605642557251,0.110849141650129,0.0516498245959443,0.0784480863718755,0.129464826726681,0.0854292074177232
"Tmem245","yellow","yellow",0.0844354994345509,0.0446062665435187,0.162851127580903,0.214471336056096,0.0712588223953026,0.00667822124840271,0.170728839746365,0.141081692857861
"Frrs1l","yellow","yellow",0.0933518195400371,0.0178810398221542,0.149268940131165,0.279653225970144,0.0291467088112766,0.0831320509156376,0.196730094196561,0.214265404810628
"AI314180","black","black",0.00620638995041132,0.0721399653963141,0.0801305494543068,0.0569767435412518,0.162974378131276,0.00375760142883493,0.0604374346591735,0.0555757590445162
"Ugcg","grey","grey",0.0956518395107714,0.0939356647482047,0.0999195167718268,0.0698784595188572,0.0495102225275779,0.042898640397208,0.102769747456752,0.0336091935777607
"Atp6v1g1","turquoise","turquoise",0.225153511208021,0.125467951299179,0.149362476013096,0.121343314802488,-0.00740034619728053,0.111256456328356,0.163713125086742,0.0535198266387803
"Brinp1","yellow","yellow",0.162557005986305,0.0563871800305746,0.241641138827108,0.327017234629866,0.0353191657487068,0.038621292826435,0.241630032856006,0.249868377274611
"Megf9","grey","grey",0.122489088064615,0.0683332133239468,0.179826540337647,0.149916995800584,0.0571819085102389,0.0776560990407299,0.132336601040283,0.149290956808536
"Kdm4c","grey","grey",0.050055995997084,0.0558587178893182,0.088521299212568,0.0388769665402826,0.0501356344068855,0.0250180639423343,0.0478245121325058,0.0482051550807452
"Ptprd","yellow","yellow",-0.00173678374681205,-0.0543313970115901,0.188049763452244,0.538474756305266,0.0817137520715669,-0.215365002878591,0.377783896260697,0.262941206737739
"Nfib","brown","brown",-0.0219047797644166,-0.00118215077221776,0.0849631367311385,0.00888252519627795,0.114872671561198,0.128248058566151,-0.0172365856985062,0.130124592338825
"Zdhhc21","grey","grey",0.0439068053029543,0.0757452016144571,0.102424655152438,0.0853153314974066,0.0938193267624645,0.0134620871115966,0.0963485469800067,0.0634306297305665
"Ttc39b","blue","blue",0.0899203726956646,0.201551231372317,0.13041720385724,0.0697994078308082,0.148940393186401,-0.00575324771432602,0.136618668783417,0.0074424039396012
"Snapc3","grey","grey",0.0509365434525045,0.0869838614238979,0.0827946584925682,0.0246596520274124,0.0750913510064432,-0.00485755690568144,0.0594517319326285,0.00658454505379788
"Psip1","grey","grey",0.188896212232222,0.115283518390227,0.198032454001117,0.110456047890784,0.0410766022433099,0.129694492167003,0.134219609657929,0.116942950340325
"Sh3gl2","yellow","yellow",0.175498595994877,0.110335428813589,0.242959308657305,0.278223520248709,0.0868615288321463,0.0443342646645391,0.24973913745757,0.17066689177974
"Rraga","turquoise","turquoise",0.241074516275296,0.149293701476706,0.188160352024991,0.113731870679412,0.0196547021314593,0.109799954739632,0.168496228873767,0.0671181354851053
"Rps6","brown","brown",0.210425283558682,0.11919854240721,0.149273813461041,0.0650011653224918,-0.00571721021651229,0.197792864706683,0.109934387257096,0.0655793471062601
"Slc24a2","blue","blue",0.135578140480528,0.191406878848199,0.140345916583395,0.132305255935692,0.0919064615865701,0.0532067909225565,0.171375955329388,0.089045797070714
"Mllt3","grey","grey",0.0686457226664686,0.0860153809280981,0.106985456227177,0.039011006305503,0.0754229400530595,0.0340597180599116,0.0597392402385923,0.0448148978086115
"Elavl2","blue","blue",0.121657304668168,0.387189675353976,0.0673823594955318,-0.117836331437829,0.208150643057794,-0.0103296687322219,0.129224101423193,-0.244085810481632
"Caap1","grey","grey",0.0899982807517923,0.10017325974759,0.126307334313185,0.0601460213574627,0.0735496820367054,0.0162452238620902,0.0889774652381493,0.0368517938975899
"Plaa","grey","grey",0.0959971732476783,0.113575406991878,0.133090336824088,0.0656481191140372,0.0816580436810098,0.041832602737609,0.0977949230872946,0.0440916294266104
"Mysm1","grey","grey",0.0343266892302336,0.0567944039480598,0.117944864828954,0.0891904325062791,0.0938189175024024,0.00588399633294249,0.0801920991033907,0.0830673602389324
"Hook1","grey","grey",0.0251366103335578,0.0615862312390693,0.140762387166224,0.140450998877279,0.123898796097973,0.0180220332353338,0.120469548791855,0.124548191926256
"Tm2d1","grey","grey",0.0939161414488387,0.0595962460387674,0.0863011172748208,0.0392708685424811,0.014510589359392,0.0719168946066297,0.05320351087594,0.0405329927087617
"Dock7","blue","blue",0.0246721930356001,0.102839402270319,0.0718217583821307,0.0546431809920744,0.0989505109176068,-0.0355802873124072,0.0893651256432556,0.00878720420107068
"Jak1","grey","grey",0.165528093962583,0.11228464580407,0.159084072765663,0.110881901452986,0.028349476744087,0.0950692233470959,0.140041254818183,0.0864224734330001
"E130102H24Rik","grey","grey",0.0666487725726173,0.058544173549242,0.105153653201652,0.100709638787119,0.0418142630827974,-0.0146526295288558,0.112324676463551,0.0444351009085681
"Dnajc6","green","green",0.16141047464779,0.159674987403702,0.180322482196372,0.143553832307675,0.0930049978536964,0.0479811280852318,0.227378145976537,0.0677353285292231
"Pde4b","green","green",0.0676858285681907,-0.0694596725695724,0.0311862658316628,0.0683172277251361,-0.0770207715890833,-0.0981625176485918,0.0482668610321612,-0.0231153564143738
"Sgip1","blue","blue",0.0360992806325091,0.186553218016737,0.0698305870479766,-0.00743952751571363,0.13029446288832,0.0434077408600327,0.062070051758653,-0.0070474267027419
"Mier1","grey","grey",0.0455077477024616,0.0845373001106083,0.0915502648789044,0.0273093492965934,0.0871889032903409,0.0241820150747514,0.0560002085478285,0.0299324915739527
"Dab1","brown","brown",0.12111134182288,0.09986942997657,0.189105244599438,0.0620387518080505,0.072936951703569,0.145472762130715,0.0611586737640578,0.166385519237023
"Prkaa2","green","green",0.0730385722904208,0.0926190760611932,0.114590298532462,0.122973219893425,0.0796968682827775,-0.0102950726388879,0.160399234931639,0.053700389885027
"Tmem59","turquoise","turquoise",0.197777143002949,0.0978146635611427,0.127506422049127,0.0620231253604486,-0.0139515264605249,0.0734999851046421,0.1111867318833,0.0246276574246911
"Zyg11b","grey","grey",0.120309019595422,0.126296710841279,0.137570777146735,0.085920697494119,0.0747106095022191,0.0791942847345813,0.124365713886617,0.0624783046420761
"Zcchc11","grey","grey",0.0346396838086195,0.0480897413735466,0.0962028472726183,0.0870526619965982,0.0704180097096871,0.00216282351138264,0.0805672630820256,0.0703930624108769
"Zfyve9","blue","blue",0.135773447310357,0.178332857451216,0.12882241265266,0.0504131529230146,0.0769567982348789,0.00885967210133167,0.124769301081583,-0.00789668243127771
"3110021N24Rik","blue","blue",0.0120058281152587,0.107478847601688,-0.040113532188575,-0.0721104157839842,0.0297801899350011,-0.0566102359795071,0.0140913351633847,-0.151900799045217
"Btf3l4","blue","blue",0.126995605105683,0.163067070684022,0.122555428171144,0.0217530258765681,0.0745403305643096,0.0355992662317384,0.0953802841798118,-0.00651782590628863
"Nrd1","grey","grey",0.0629997259376831,0.0690836427660876,0.113652794962098,0.0731944757898964,0.0772171924695668,0.00732943398053273,0.0876485346330803,0.0474335478229169
"Osbpl9","blue","blue",0.0393600761401562,0.180497783366672,0.0185419785571207,-0.120643915814334,0.107574717007151,-0.0123469836091513,0.00713879466290565,-0.149933702567945
"Eps15","blue","blue",0.113078085665105,0.132874823910298,0.0935678926982608,0.0323933048441856,0.0593188157835814,0.0441600466321369,0.0915696588652211,-0.0102120440730645
"Rnf11","turquoise","turquoise",0.160639746702267,0.134669251300444,0.128090235248873,0.0809850682726104,0.0368601473057483,0.0780216968451376,0.13843988069518,0.0343193955522845
"Faf1","grey","grey",0.0946937054634385,0.105036833247161,0.105921965592326,0.0332948470928767,0.0580259133265047,-0.0044247256238616,0.0829778150984918,0.00407841175066485
"Elavl4","blue","blue",0.13105058050529,0.209542607603936,0.14905569004631,0.134222317550737,0.126002710216181,0.0171545249128525,0.202360097193065,0.0125138404150811
"Agbl4","green","green",0.128637436129115,0.184622075937205,0.213155165653514,0.213833788187008,0.164628424041235,-0.0206076838803445,0.294867410181646,0.0823250978785304
"Faah","red","red",0.0299140073070777,0.00138895230969577,0.129324106048098,0.136650219288195,0.0677646533196859,0.071044865054505,0.0766230876828981,0.21172274719044
"Uqcrh","blue","blue",0.172949368332789,0.185742176005234,0.0814878837618805,-0.00836446422951898,0.0203847014991129,0.172375182370096,0.0787953284787668,-0.0200033473006339
"Akr1a1","turquoise","turquoise",0.216509870698673,0.131234089879118,0.161320510942725,0.106494709605519,0.0125912701225614,0.119399517384301,0.151202352240265,0.0623687866350895
"Prdx1","turquoise","turquoise",0.151667984113381,-0.00676674333533263,0.041461420191114,0.0229263537007347,-0.0976975855949385,0.0668903111306638,0.0298919886462318,-0.0103327196192465
"Rps8","brown","brown",0.114475294140852,0.0624557148198608,0.0255206247844051,0.0100799337295148,-0.0594848303550966,0.292645960704251,0.026200083520455,0.0644170434241676
"Atp6v0b","grey","grey",0.0975216168857693,0.100614384549776,0.163671621936832,0.128234719220938,0.0822136420385257,0.0365774770846204,0.1316544418914,0.106083380436334
"Ybx1","grey","grey",0.089019595447713,0.0534588088862058,0.124340890919281,0.0535448170618963,0.0417299830245164,0.0704850301101548,0.0540375016160202,0.0821097966485916
"Foxj3","grey","grey",0.0491436074150052,0.0545163015101395,0.0799850008162942,0.0380831514458684,0.0523961046497539,0.0251733456742144,0.0506019450470645,0.039225958575561
"Hivep3","grey","grey",0.0849206478453366,0.0939212437744791,0.16996387849654,0.152550009976523,0.105044132022579,0.0136114858509775,0.150125316489359,0.116492676656966
"Scmh1","blue","blue",0.0528916783857933,0.107621565426157,0.0894780619424218,0.0119443540531263,0.0786564105039047,0.0161450361395243,0.0545176289590593,0.00734886497656613
"Rlf","grey","grey",0.105428846738412,0.0794859039625898,0.142206518642487,0.0811999244821559,0.0555885318509307,0.047559269867004,0.0953212693290215,0.0845414498020079
"Ppt1","grey","grey",0.0426313853175565,0.0618560225068064,0.0694608630229458,0.0405588185983294,0.0561844143585806,0.0133766277636047,0.0571285445247306,0.0239658308865688
"Macf1","blue","blue",0.0345362894064502,0.151207205605507,0.0859753503817529,0.0309522863396536,0.130703509665491,-0.03180850524188,0.0805493870846297,-0.000581881790859034
"Ndufs5","turquoise","turquoise",0.247667407059255,0.168793685946259,0.144416553934389,0.0703146698109159,0.00442836142236029,0.183331051359409,0.134226199924667,0.0360097867408693
"Epha10","grey","grey",0.0337393405396816,0.0764751356455021,0.105359078566067,0.08592666261382,0.0897509985733963,-0.00530753136196698,0.0799327300677797,0.0788544080313735
"Gnl2","grey","grey",0.0840010987893027,0.0851469807758472,0.114896480193576,0.0716022137432324,0.0613944726616437,0.0106674167299092,0.0916705650018856,0.0472068129723802
"Meaf6","grey","grey",0.113810497428998,0.0940918448218797,0.129227422122778,0.0798225776939968,0.0461701674698401,0.051041069318691,0.106767634107234,0.047487886426722
"Mrps15","grey","grey",0.117589148678244,0.0922495027767841,0.124682005750622,0.0619806788156699,0.0404500804398265,0.066642232520309,0.0901282994200792,0.049724996759164
"Thrap3","grey","grey",0.081283564739726,0.0829667982272429,0.11050776597986,0.0560328663439828,0.0640994165215962,0.0173888692293255,0.0779336627388767,0.0443535785905285
"Ago3","black","black",0.0226852000696755,0.0900756274718082,0.0703086589891189,0.0123095587054909,0.160690337965686,-0.00168729065293715,0.0468875822005931,0.000113409969835797
"Psmb2","turquoise","turquoise",0.186668669506526,0.122099448248285,0.166078803985012,0.0788384628236475,0.0278883878738185,0.082995807340301,0.119662478501024,0.0594783813295153
"Ncdn","brown","brown",0.14439274866242,0.0542999035568111,0.134662696871965,0.0365055164371246,0.00608095790988843,0.233759015034027,0.0326141394669933,0.157588623863406
"Zmym4","grey","grey",0.0432372188884959,0.0668496331954065,0.0608741933859122,0.0176750626449093,0.0549808764969671,0.0279478039570481,0.0432976047803536,0.0123853053673963
"Sfpq","brown","brown",-0.00528552580625547,0.0182930421740803,0.0749176501830725,0.031057895033619,0.0886764955843787,0.0124053291405109,0.0177176272258667,0.0733390819552407
"Zmym6","grey","grey",0.0368382765835499,0.0714096915094012,0.0901755952309469,0.0258005176535371,0.0868680632855484,0.0136941685743533,0.049328139206001,0.0318642958931246
"Csmd2","grey","grey",0.00216609677054592,0.0132099994782312,0.0993959987422116,0.119967464269266,0.0847801524709516,-0.0133758375483873,0.0853210909922613,0.101923788462467
"Hpca","yellow","yellow",0.277841446335436,0.0690331507834336,0.303199638201513,0.318106977605098,-0.0189443624985872,0.214343342763035,0.212682210060908,0.342532364459776
"Rbbp4","grey","grey",0.0918917970439733,0.0518771832391012,0.106028144545016,0.0936060841486025,0.026044853383993,0.0319537105838085,0.0946235483978719,0.0657181297343405
"Tmem234","grey","grey",0.0907416750453445,0.0819614849521161,0.114650710763507,0.0593975758832773,0.0545957376077935,0.0393125392869599,0.078568358880979,0.0466643177193504
"Khdrbs1","turquoise","turquoise",0.142780256094787,0.100135038357515,0.120823937893194,0.0641986377822453,0.0213733913186493,0.069357031297514,0.101375457820613,0.0420629148380441
"Adgrb2","red","red",0.00854881098640365,-0.040935300188129,0.121386741248036,0.165945600643004,0.0532883474420616,0.0798929158704132,0.0690906960236779,0.251403205688647
"Fabp3","green","green",0.238340476574184,0.185804262914011,0.192002564555596,0.156953723504523,0.039628085419772,0.123058037536334,0.252797996938094,0.0747204169232671
"Pum1","grey","grey",0.0786182379036806,0.0501867311711326,0.112592816616488,0.0769618147383881,0.048936015705877,0.0479494863895415,0.0754729268424201,0.0776044695413904
"Mecr","grey","grey",0.088031421762359,0.111999203386668,0.134152752625095,0.0426253538929193,0.103934473294837,0.0463778787968855,0.0812842852816442,0.0472496176684137
"Epb41","blue","blue",0.00767811265436927,0.0874248010386243,0.0130942129703475,0.00614265194231029,0.0729638512023003,-0.0575121057723216,0.0534472820964629,-0.0467419428793905
"Snhg12","brown","brown",0.0284862519832376,0.039984364628915,0.0456783962975856,0.000445984267809469,0.0376558433163271,0.0685332483384168,0.0115450822129308,0.0289529642645509
"Atpif1","turquoise","turquoise",0.223383652185213,0.220255718120651,0.197470834413643,0.148823776483354,0.0860304279123808,0.17983353137141,0.203391581565594,0.0981693977031276
"Dnajc8","grey","grey",0.129376393646297,0.103438968813753,0.117648640443736,0.0759615958916839,0.0327138855637556,0.0758167855589474,0.104724787016177,0.0474927535930338
"Fam76a","grey","grey",0.103945742855661,0.0525592204527726,0.128344069776098,0.119483953124576,0.0297482640785544,0.0626696229537384,0.103397549307208,0.0995227384298076
"Arid1a","grey","grey",0.0496527287615179,0.0417641250703164,0.0932934315528067,0.068882401956783,0.0501634528346047,0.0354040979469301,0.0607150088673096,0.0711868161568449
"Hmgn2","grey","grey",0.0864208169895025,0.00661065504665083,0.0732155374616597,0.0534023805756749,-0.0269411915436074,0.0409348259078037,0.0460943432685984,0.0448639855118824
"Sh3bgrl3","red","red",0.149829164935947,0.0433742414632338,0.152101419870164,0.141030147054323,-0.0059795340296085,0.191744960475448,0.0978317388090054,0.207561115353309
"Stmn1","yellow","yellow",0.219378520371035,0.11472538321473,0.183556028897119,0.270643633254951,0.0141320970493748,0.0648865789369616,0.279471407889929,0.0858738035099702
"Tmem57","grey","grey",0.0650987883880285,0.0718606107414885,0.107567249115476,0.0849403053826832,0.0615051980733661,0.0178259588766583,0.097674543923673,0.0581950906449348
"Tmem50a","grey","grey",0.221051769571677,0.085224626997622,0.198018756591895,0.16716700140236,-0.0229028562413568,0.115959331266684,0.173159051303287,0.123487305793121
"Rsrp1","blue","blue",0.0600370754816782,0.192039043830178,0.141058118525154,0.0426288293406525,0.172436885404014,-0.0999098463064717,0.124327188433414,-0.0203010051936624
"Srrm1","grey","grey",0.056647858428644,0.0847022336151359,0.126576405203106,0.0532775427204221,0.0929487031427421,0.0110570514105894,0.0669425616386519,0.0562073672632955
"Srsf10","grey","grey",0.0302809638615265,0.0550212616837353,0.124185747000065,0.0681739013002393,0.10804931487595,0.0380068291330125,0.0540874055088087,0.102412369862059
"Rpl11","brown","brown",0.174730760318438,0.0711431439470263,0.0901824520292645,0.0267942849970143,-0.0487874098523411,0.284669978943305,0.0493250791793833,0.0716062352911536
"Hnrnpr","brown","brown",0.0060977383194677,0.0311475560306586,0.0633906443242388,0.039534780802766,0.0773411521748548,0.0256933960254545,0.0299659287220537,0.0563128939328146
"Cdc42","turquoise","turquoise",0.21941872139857,0.168987453001069,0.189135232702391,0.131613063591098,0.0421603728921729,0.143932899993642,0.163821600897885,0.107643983221693
"Usp48","black","black",0.0159187760783202,0.0653261949193435,0.0749215674839862,0.0462889089772604,0.144533209030742,0.0020031300790454,0.0527777890779995,0.0415669094647104
"Rap1gap","grey","grey",0.0496427440294835,0.0837077281269529,0.0817212020189224,0.0400981231838947,0.0740609700631582,0.0264039555324648,0.0623331078810942,0.0243117325030415
"Eif4g3","grey","grey",0.0946184431446196,0.109412983373261,0.140943206156407,0.100002903762929,0.0985484259425882,0.0440406913057539,0.123321909428967,0.0720640006772299
"Hp1bp3","turquoise","turquoise",0.160416278664122,0.121706003432009,0.140944139884627,0.0792510917926862,0.0414505205172666,0.0744993288616131,0.11961268338559,0.0517411684539233
"Camk2n1","yellow","yellow",0.144377799037239,-0.0338422363520732,0.236673245704939,0.450210723255193,-0.0239109700957049,0.0625366387629778,0.272133877790475,0.367015544934978
"Minos1","blue","blue",0.110140723464643,0.129658408402223,0.0722005896930505,0.0193816144372747,0.0420581696746277,0.111873350837935,0.0613475909880923,0.00894592253753013
"Emc1","grey","grey",0.0469037759486516,0.0596090443209362,0.0737308602088343,0.0401480965148054,0.0533283492763256,0.0215640012646358,0.0579902212874874,0.0324788034201186
"Sdhb","turquoise","turquoise",0.239846100766858,0.162393664593127,0.172045541506631,0.0821312251932792,0.0206544530578196,0.126452682922175,0.146359413819868,0.0517269468166638
"Atp13a2","blue","blue",0.0644014874099944,0.139587176509241,0.0756694548714969,0.00731293585985942,0.0937420731552788,0.0182049265978232,0.0727515812300685,-0.0176068862933943
"Efhd2","green","green",0.185973153355822,0.127615119753485,0.173815502138784,0.194608819938046,0.0357508851951692,0.0547584146028967,0.25458642888998,0.0873259852735996
"Vps13d","blue","blue",0.030729059399118,0.084633936818576,0.0633351616480448,0.0125045687707993,0.0806449335793309,0.0176571357112691,0.0424410975463708,0.012006881816169
"Tardbp","black","black",0.0138779229653527,0.0662084712467595,0.0754971354495793,0.0350402662556586,0.153910538165297,0.019536994733921,0.0487318765412093,0.0475453997547761
"Kif1b","grey","grey",0.0895756841402155,0.0658817474106618,0.142122502987326,0.161781503477037,0.0535020043458082,0.0556316436361328,0.133171491299492,0.135176934954873
"Ube4b","grey","grey",0.0767629401958561,0.0764710225229034,0.111458512837305,0.0778582106331825,0.0634861582685862,0.0245474912938725,0.0945655070753591,0.0554623883669214
"Clstn1","yellow","yellow",0.176658249408082,0.114171583408098,0.185921576519267,0.269239381986883,0.0366317772755544,0.0665137164227441,0.259831857937961,0.133346200823378
"Eno1","turquoise","turquoise",0.277245021387687,0.161942448661012,0.254518986009447,0.188149271781606,0.0500436213574023,0.129103158352052,0.223892745494892,0.133720142706164
"Rere","grey","grey",0.0621838275241554,0.0778645594069127,0.113014515051785,0.0480083810803434,0.0722597038521767,0.0423263913903392,0.0587832589832158,0.0604008989183037
"Park7","turquoise","turquoise",0.221337848167427,0.149858940738349,0.153007731653034,0.0629596259841923,0.0200352374091823,0.132393202147408,0.126732750046547,0.0426034735867164
"Camta1","grey","grey",0.104215814683718,0.102453277245074,0.107110474260995,0.0687502258392265,0.042039107112283,0.0550791151728214,0.10663868731683,0.0501745248796646
"Per3","yellow","yellow",0.0187280260955426,-0.0908473021464363,0.0858715372600013,0.187003045749461,-0.0246527003273972,-0.022120088551873,0.0851285167538179,0.160442997685446
"Thap3","grey","grey",0.047759535864995,0.0505344623220975,0.0265337464789091,-0.028938758912935,0.0167220106119996,0.0413099157600808,0.00952008678685555,-0.0248848251683106
"Rpl22","brown","brown",0.0724599557140926,0.0401967960508846,0.0484696325773471,0.0265042475360816,-0.00335615981978833,0.139217627456245,0.0290066853457914,0.0441046823211185
"Chd5","blue","blue",0.129103260216974,0.177883566267937,0.143758683446328,0.111421982271255,0.0995332795536952,0.0281287653233357,0.174149962032023,0.0278503939715
"Gnb1","grey","grey",0.113288731990803,0.0928516383264042,0.124888101644893,0.106365627843221,0.0500820508020905,0.0767108990830593,0.120690983856609,0.0719164190971818
"Slc35e2","grey","grey",0.0588718584693713,0.0823600044957877,0.089778749989876,0.0414988768139481,0.0648798533621858,0.0170183668867022,0.0622060602965532,0.0301061110174403
"Cdk11b","grey","grey",0.086831737372273,0.078921195102255,0.114357772580437,0.0754940172685321,0.0515975335631866,0.0203416607096691,0.0899430309274302,0.0472157886745311
"Mib2","grey","grey",0.0583087693746976,0.0685338117857834,0.113727609195381,0.0868446119475184,0.0724059015890083,0.0190177502922746,0.0929072407124671,0.070059178479479
"Ssu72","grey","grey",0.169313172478465,0.107486862885773,0.167604350307697,0.106314629864687,0.0345269956684435,0.0886144503601663,0.13028725550171,0.0840116969674502
"Mrpl20","grey","grey",0.157561081038188,0.100931244914774,0.13275698260798,0.0851809177504231,0.0191882308736756,0.113346618785371,0.109894265921807,0.0687871568238135
"Ccnl2","brown","brown",0.0326057726269481,0.0493731196464271,0.0710895483195801,0.00594181435231799,0.0651828121447049,0.0230020979825508,0.0184001036123722,0.0342098565545994
"Sdf4","grey","grey",0.133102547661424,0.0947478544794265,0.127707250692356,0.0727727863762101,0.0250815483058826,0.0623003370091608,0.105515901677397,0.0515432948795201
"Agrn","grey","grey",-0.00746272154349607,0.0247329184891871,0.0515560932552399,0.0405634582972478,0.065541966135834,0.00924928126932278,0.0253492552627919,0.0491661001328126
"Fam133b","brown","brown",0.0375432004026308,0.0334913900410335,0.0517062774864548,0.0236783001808265,0.029822479640091,0.0359927206401473,0.0312405208823359,0.0346422919794269
"Krit1","black","black",-0.0184734191983695,0.0751379372448794,0.0900616947937866,0.079258958240947,0.19921357220301,-0.0273579202881796,0.0683383746638117,0.0786903481992637
"Akap9","blue","blue",0.0864637425524309,0.121254725120047,0.0703987987965346,-0.0330297206520738,0.0418997936161956,0.00411080586233431,0.0333252303187058,-0.0490193831684246
"Cyp51","turquoise","turquoise",0.150052833377326,0.115324484959042,0.109141709672085,0.065214350267911,0.0209110792634616,0.00827500828964098,0.130743699915205,-0.0127043730633913
"Cdk14","red","red",0.0827999211790934,0.016851861738544,0.188392569544907,0.204934821423176,0.0625662592103608,0.0846049918396884,0.145196630755221,0.248711052461878
"Cfap69","grey","grey",0.0445822368337781,0.0609628346365963,0.113100384807837,0.0793311011358019,0.0801862902655792,0.0202315411655136,0.078133010687778,0.0690821445169858
"Adam22","grey","grey",0.124680929906627,0.15038976896638,0.177845420252679,0.112746982214268,0.108359963237219,0.0408047009628809,0.149769829501746,0.0792683903130161
"Dmtf1","grey","grey",0.000949808033593618,0.0214603202672634,0.04304158564256,0.0187345652809668,0.0576878002672425,0.0145097977241759,0.0140304443159623,0.0324511097036375
"Pclo","green","green",0.205345757005966,0.219560909848731,0.228849223314404,0.164800021883849,0.121609434839722,0.0770847683236854,0.279088680029787,0.0814728328126837
"Cacna2d1","red","red",0.0547503348814602,-0.064317036335736,0.233089564319408,0.385908833351343,0.049339894331458,0.0426513238408016,0.217092030021447,0.424126297389451
"Gnai1","turquoise","turquoise",0.222431243399521,0.119708643244456,0.172045883292146,0.113534689073037,0.00800439595059334,0.0715040325270882,0.15955589298435,0.0593013629726636
"Magi2","grey","grey",0.0998733116950982,0.105168782616135,0.181627016447225,0.113345292204728,0.108167133961355,0.0142442042500845,0.121410425272084,0.101958812588552
"Tmem60","grey","grey",0.128605203514514,0.0964863397360078,0.108555828099434,0.0672945501480928,0.0241973064322686,0.067213781169102,0.0965077634819674,0.0350506413013798
"Rsbn1l","grey","grey",0.062726649315632,0.0637803329563987,0.0828530795544332,0.0540295057440039,0.0444740345715203,0.00674813003392496,0.0740391158841741,0.0250403519818183
"5031425E22Rik","grey","grey",0.0845969498561646,0.0659867236962183,0.128117238450853,0.0604009236709128,0.0600220410623971,0.020837483251137,0.0747984575392979,0.0624080563003349
"Kmt2e","grey","grey",0.0707252696524166,0.0735842315360708,0.124463258364447,0.11263315304215,0.0700700107430988,0.00428638030600033,0.120731996242017,0.0702090629593164
"Srpk2","black","black",0.00120416977599074,0.0933976854249641,0.101627961487893,0.137354451712088,0.176611925413408,-0.0127768333114563,0.126966207051396,0.102569710510048
"Tomm7","grey","grey",0.070967899823876,0.046844907441372,0.0320984988296752,0.0407526537389193,-0.00999020734894068,0.145922134200219,0.034346505964021,0.0486599200075992
"Klhl7","grey","grey",0.126095428124844,0.10634600138596,0.1826411567205,0.0906266098765246,0.0749754068360395,0.0783796341693876,0.0982090518260676,0.115057928402125
"Cdk5","grey","grey",0.114648136160642,0.0984045650975634,0.134940323753995,0.076974147688099,0.0646869745069497,0.0566982491822354,0.101069810250528,0.0591072364274548
"Rheb","turquoise","turquoise",0.228168162831299,0.152461217990453,0.178852211802019,0.123685754304911,0.0332460572544765,0.131548272146945,0.16944785489696,0.0764235828482488
"Galnt11","grey","grey",0.0462357968992581,0.0524208784206499,0.134101819218801,0.104760403347555,0.0949080429633937,0.048339223481727,0.0890320025493249,0.117480521309254
"Kmt2c","brown","brown",0.011140162585998,0.0236168414209004,0.0610862729827266,0.0198599607222263,0.0657857865828154,0.0228849401557459,0.016680917027048,0.0484049394725871
"Dpp6","blue","blue",0.146669562754415,0.169534401284549,0.10219415840097,-0.10558477849541,0.0410092879599637,0.14501296834012,-0.00613561841236493,-0.0115613195644153
"Rbm33","grey","grey",0.0399233589351007,0.0555531658037799,0.0863743846065503,0.0542346870140592,0.0696817940691178,0.0162242141991942,0.0600509938582287,0.0482701526831875
"Ube3c","grey","grey",0.0206576201890649,0.0576079033980545,0.0708071544531805,0.0384817386739281,0.0834021043115519,0.01880213757666,0.0482789041976014,0.038997485493769
"Dnajb6","turquoise","turquoise",0.214289453146967,0.115761664212619,0.17375484959515,0.135609930151038,0.0111466428439013,0.112902448124477,0.16277579693646,0.0938552381812424
"Selenoi","grey","grey",0.0617816981104899,0.0764571860323386,0.103294782692288,0.0605747369777557,0.0671910922724709,0.0137466897398172,0.0783880940799147,0.0473177745073263
"Mapre3","turquoise","turquoise",0.209497112719308,0.169305498707097,0.184593424355934,0.0887551351503384,0.0657328018779822,0.074504767966586,0.165923611005339,0.0442616883032948
"Preb","grey","grey",0.0511409039678079,0.0620881869733984,0.0920894892271911,0.0487483877235441,0.0671671200615383,0.0193838971525766,0.0629628746543901,0.0422729341829825
"Atraid","grey","grey",0.114866522871746,0.0677565553981315,0.0791412810047937,0.0100731852704672,-0.00230266955650493,0.0604196802339898,0.0468067307727116,0.00456095975133832
"Slc30a3","grey","grey",0.0713565829099091,0.00636070972381801,0.159398888060678,0.205416035944978,0.0406447312156184,0.0401839502910513,0.140416886065142,0.198750831788778
"Gtf3c2","grey","grey",0.00437867214001948,0.0271265587176993,0.0374942186364594,0.00804836645296788,0.0509746678969826,-0.00347072610557558,0.0107560808065904,0.0130447518834836
"Ppm1g","grey","grey",0.0952008850811518,0.0997182846016958,0.125418662773737,0.0632320496547356,0.0656683049493465,0.0332408093359506,0.093664079544129,0.04233598390325
"Fndc4","grey","grey",0.117784251586965,0.125589372014744,0.147949881498621,0.0754922767344625,0.0775786601529301,0.0590916157039029,0.107351751696416,0.0599166368793359
"Zfp512","grey","grey",0.0502593938185058,0.0578348811769021,0.0854897755500125,0.0441614553088865,0.0556978650390047,0.0108951799003583,0.0596872833007687,0.0338669284236384
"Mrpl33","grey","grey",0.0578117576824202,0.0408527208810635,0.044954362949253,0.0255611794037835,0.011419935400713,0.0790293191337701,0.0318454478410771,0.0317520768357754
"Babam2","brown","brown",0.0832868724229152,0.0597038932445315,0.101066733518391,0.0481441700733603,0.0378293801270021,0.0572949489128177,0.06149283167702,0.0601883593424009
"Ppp1cb","brown","brown",0.14146671992402,0.0820517471877021,0.130114897714225,0.0741107411766204,0.0194045095616711,0.127108554875944,0.0890906177069455,0.0924475641468785
"Prr14l","grey","grey",0.0849296042584987,0.0772662487984807,0.129642522408599,0.0631293447878921,0.0672959759001616,0.0419905628901184,0.0764200653183313,0.0718551324702713
"Ywhah","yellow","yellow",0.377038976144573,0.178432128607915,0.363652023854027,0.371766481734732,0.0152768778970741,0.221905977751072,0.348963269930952,0.283107277889746
"Nsd2","black","black",0.0366688969022209,0.0820585104489581,0.0903162630431846,0.0621085009895104,0.14200583748128,0.00749428269779265,0.0762288763469728,0.0424280328906167
"Gm1673","blue","blue",0.153514170623593,0.15336491110824,0.094002158164855,0.0342643548965143,0.0164977651982706,0.117930335347915,0.0996062729312093,0.000799978118909944
"Add1","grey","grey",0.122502117944675,0.0587449805016938,0.132781945779965,0.101553979936947,0.0275521584565297,0.0505195382037775,0.103771418895588,0.079120524057937
"Htt","grey","grey",0.049689710185469,0.0686260483228688,0.0924198623937894,0.0611877496562744,0.0708943353073807,0.0322055413650156,0.0720368565804112,0.0587002807501355
"Lrpap1","grey","grey",0.179573596041565,0.10193206705871,0.169291976128425,0.0820049759637141,0.0145651440957814,0.120449880858926,0.115090144987118,0.0875029545804161
"Ablim2","grey","grey",0.0336238710295479,0.0160008113364676,0.133025981604978,0.0886386716308652,0.0703564609834086,0.0304613407788607,0.0428323809723136,0.138625197225707
"D5Ertd579e","grey","grey",0.0910350269010808,0.0968802350312067,0.137767725983171,0.0825716084984782,0.0814314230840086,0.0301303255582345,0.0973124110322672,0.0737471768614965
"Mrfap1","turquoise","turquoise",0.229572414505409,0.112427036023707,0.184133802636719,0.103425267823811,0.0034269763036386,0.167761463191737,0.132230222699286,0.115269715827351
"Ppp2r2c","grey","grey",0.0969789677411685,0.0594213989722397,0.132546704777074,0.141504725209017,0.0381546230103678,0.0692392884051696,0.127367770687812,0.116457026015576
"Jakmip1","grey","grey",0.0957905423762516,0.0938924190903476,0.1666986574525,0.106961968823344,0.0967319085303152,0.0540273070566787,0.113182435213275,0.10783322121774
"Nsg1","turquoise","turquoise",0.283530747187586,0.185906915438602,0.22368941642693,0.110207260788428,0.0294435216772119,0.161198426398127,0.173258435972517,0.0922524108626641
"Rab28","grey","grey",0.0751768954238652,0.0804728984756959,0.102406602898893,0.0490663602083901,0.0579724254831513,0.0351068420245383,0.0674949063787513,0.0431284521633107
"Bod1l","grey","grey",0.0961990883515151,0.0816884089218234,0.115188975650386,0.0680470880690879,0.0500492350203103,0.0388134833681406,0.0886524390013606,0.0492292188230509
"Cpeb2","grey","grey",0.0438598706290991,0.0746643420174402,0.0646434144837654,0.0656034116126282,0.0614548294538982,-0.0240103637059754,0.0897371611305365,0.0108984611279477
"Fbxl5","grey","grey",0.0491451357714889,0.0496937148775727,0.119678297776595,0.102833859984892,0.0798586936954987,-0.0123135289224936,0.0909218688480799,0.0782643019157246
"Ldb2","yellow","yellow",0.115122971106841,0.113687785520361,0.204798326943873,0.223935494710314,0.100871206140682,0.0525777716513328,0.197962133660689,0.159112574376846
"Lcorl","grey","grey",0.0372820079904229,-0.0159402036127973,0.0438789916620357,0.0810773829949769,-0.00501313410842901,-0.00744210582937776,0.065038588755696,0.0241705932928155
"Kcnip4","grey","grey",0.110414059638789,0.0876617582113826,0.31261463437067,0.314385852857095,0.130664047049212,0.0996769644867798,0.220443020788053,0.379723480543144
"Dhx15","grey","grey",0.0393261348400193,0.0607771189060401,0.0687079736805635,0.0125150844760028,0.0635051036836995,0.0257016543279459,0.0303532397988924,0.0266636417585891
"Anapc4","blue","blue",0.0977232268704427,0.125951287326631,0.111991774422037,0.0303048323295925,0.0770532882484538,0.0367966517451133,0.0828058434053907,0.0186952905788009
"Sel1l3","green","green",0.0267789476306946,0.0885656681790778,0.0722547722526647,0.104661920262843,0.0989627746849614,-0.0522161136544404,0.145493290435501,0.0127700436251651
"Pcdh7","green","green",0.139839731326146,0.129522207914675,0.180191632014341,0.201558997118611,0.0805501638749959,-0.0188662118902411,0.251275366970409,0.0893274381889464
"Arap2","yellow","yellow",0.0820012830094823,0.118529144339389,0.14636632568431,0.238564165519835,0.125816377003059,-0.034679814098855,0.228804741645642,0.0854308218664103
"Rpl9","brown","brown",0.0913709349119162,0.0576320338794848,0.0694346909277928,0.0229846186859172,-0.000345892084251589,0.177711239095839,0.0392656263919467,0.0570943330191152
"Lias","grey","grey",0.0684489710841752,0.0706420477960982,0.096637152317031,0.0582075444798794,0.0544982155830084,0.015580560723109,0.0749341596198209,0.0434988291413937
"Smim14","grey","grey",0.120289884811565,0.122099314803598,0.160061299713883,0.0946165835349238,0.0869218889485782,0.0523834914024857,0.124372897600306,0.0681879435975303
"Ube2k","grey","grey",0.130018887203959,0.11703937187024,0.144471008851393,0.0764409826340939,0.0653884608822966,0.0627522018294322,0.114474291155101,0.0549581239885998
"Pds5a","black","black",0.0145310099783483,0.0541012416041559,0.0667567748332223,0.0226662744467235,0.119272986688541,0.00957111825995651,0.0350727544251717,0.039252908469829
"Apbb2","grey","grey",0.0943817989692558,0.104162480440234,0.131224147535961,0.0829645853301326,0.0830504603861812,-0.00011938864622117,0.108025587270721,0.0447271628692388
"Uchl1","grey","grey",0.314406325247197,0.229540100628373,0.325454149343018,0.241120000522972,0.0832905944796669,0.189044420817019,0.290005957841295,0.174419490825973
"Limch1","blue","blue",0.0234348997497337,0.108433846004853,-0.038035145709902,-0.18963645020226,0.0228344212126137,0.00131815007156532,-0.0852927525215108,-0.143915284594719
"Tmem33","turquoise","turquoise",0.133074222683392,0.0943718736065501,0.0963618541822695,0.0453966012971062,0.0264908952887882,0.0526689227524492,0.0872845633933509,0.0110084032928702
"Slc30a9","grey","grey",0.105461310679099,0.118353717439839,0.12373769142481,0.0593702058114074,0.0749836024268774,0.0444020779760283,0.103468280899602,0.0358946514364329
"Atp8a1","red","red",0.0465252922255648,-0.0549439467282764,0.116930606763602,0.190171049707471,0.00185861922654363,0.0168846071917815,0.11123454167194,0.186430327460592
"Guf1","blue","blue",0.0303581356510084,0.117726976354595,0.093093813692228,0.0196076969429485,0.117623759508635,0.00688213994865579,0.0563727092790279,0.0240402836473591
"Gabra2","red","red",0.00758124782936573,-0.0774482775538943,0.130347135235653,0.0980860932185632,0.0186728502481817,0.173090481061552,-0.0266279306037881,0.307109174405344
"Gabra4","grey","grey",0.126415651945549,0.0662611264434502,0.192546407631264,0.161308580695338,0.0567287967785386,0.100650298713472,0.136503946401162,0.186249277412146
"Gabrb1","red","red",0.0564630355420034,-0.00835995952510002,0.132485561061642,0.157940336553053,0.0412010152670254,0.115235909896488,0.104580889345582,0.206492352377459
"Fryl","grey","grey",0.0230661857446815,0.0474242470411347,0.0419010224477009,-0.035377915782231,0.0600608202144313,-0.0128643767534726,-0.00167578115406503,-0.0271596579738144
"Ociad1","turquoise","turquoise",0.275101572413837,0.212996670150431,0.202178600799098,0.0758217076454798,0.0432230163650048,0.122466408812698,0.174606691734888,0.0333273516558708
"Ociad2","grey","grey",0.0778731380708789,0.0707471953768573,0.193668844746843,0.191558200734741,0.110027974411443,0.0524235825566509,0.134898420834214,0.195479060666034
"Usp46","grey","grey",0.115842724405449,0.0826893442174876,0.164712232920776,0.114804903923662,0.0787254928551881,0.11530350166681,0.113765210271894,0.120541067213687
"Fip1l1","grey","grey",0.0696227709086085,0.0862028132999745,0.103719368584142,0.0479845595103412,0.0655088960130022,0.0128362848651041,0.0747502734952888,0.0295341809536432
"Clock","grey","grey",0.0383687644142086,0.0589240072780088,0.103851826309562,0.0750204743865049,0.0819107446833941,0.0257661201370267,0.0656688041407305,0.0737947838860147
"Exoc1","blue","blue",0.0322615065355882,0.0788527617720495,0.0553309096401038,0.0117655721385757,0.0678946894213338,-0.00749553700917196,0.0430635022000664,-0.00624811409911199
"Adgrl3","grey","grey",0.0877288683473384,0.11132540577561,0.176313703931691,0.0883722269455146,0.112113497254841,0.060611878476046,0.097092678933144,0.110246372594249
"Epha5","brown","brown",0.00898728913810915,0.104363174721373,0.11586637548068,0.0632096213978478,0.139533974620191,0.13289720828695,0.0600761265236783,0.153802130553077
"Cenpc1","grey","grey",0.0343794342690485,0.0674018789781403,0.0686488891659715,0.0350674541905076,0.066960822653046,0.0120702451178408,0.0517126165289488,0.0164586038411585
"Uba6","grey","grey",0.0618926592881106,0.0723048468651238,0.0779092848301691,0.0468545241246862,0.048013194926714,0.0238569101387048,0.0747653840354681,0.0243890964321093
"Ythdc1","grey","grey",0.0503964013173924,0.0563027367796066,0.0805649202032484,0.0418136963887983,0.0498229356495165,0.0304190098015963,0.0516114537465946,0.0410685483659686
"Rufy3","blue","blue",0.0286079616312477,0.169627271774868,0.0662706924521691,0.0156183601917174,0.125440892685146,0.0540344655080441,0.0700167777404806,0.0121167831559468
"Mob1b","grey","grey",0.0602031062683267,0.0991870588238851,0.0931611030840233,0.0290142295011853,0.0912100704094181,0.0302385154360156,0.0645351271760136,0.0242274717679088
"Ankrd17","black","black",-0.0117457368481667,0.061709099162126,0.0721317009101306,0.0522016627940438,0.185911089186095,-0.000888935988622193,0.0451582958662212,0.0552296934162551
"Rchy1","grey","grey",0.0799039155795094,0.0935506717091755,0.0962466324479947,0.0014133596451862,0.0642609019577267,0.0448504554513387,0.0418613979070725,0.0211463872711624
"Cdkl2","grey","grey",0.0582121611888588,0.099247555686114,0.136192744164914,0.0830200236394958,0.110919270517585,0.0462658639643768,0.0971849744228162,0.083104057781942
"G3bp2","turquoise","turquoise",0.191078061145772,0.166046436681564,0.167242088302658,0.0770346809594836,0.061207681537592,0.123865025383096,0.138239364136037,0.0565568000334625
"Sept11","yellow","yellow",0.0352695356325717,0.0288290826158263,0.190250749998958,0.261584562384085,0.126850595128065,0.000288388027454338,0.172480572770933,0.221480175262073
"Ccni","grey","grey",0.0910404285460854,0.0680847495994391,0.10586780122186,0.0715417745914883,0.0386903708740403,0.0483427606019403,0.0855530347588595,0.0595574696168
"Cnot6l","grey","grey",0.0168275016255642,0.0149323766732792,0.0538534203035328,0.0484091193569424,0.0358903794459992,0.0238943264483531,0.0321541588689638,0.058856475232532
"Hnrnpdl","grey","grey",0.103631392673467,0.084399054054871,0.149262845762772,0.0746021273651584,0.0701005517424716,0.0575339382400903,0.0818722444600096,0.08466783991231
"Coq2","grey","grey",0.115040307913182,0.10266861033565,0.159356435820777,0.0931712698101002,0.0731933330498566,0.0594108042131818,0.108381786065185,0.0962290987222203
"Wdfy3","grey","grey",0.0506229825844244,0.0669771387912284,0.0740065008604791,0.0558358022809197,0.0551504900446172,0.0103537568033338,0.073050883571822,0.0259583184254095
"Mapk10","grey","grey",0.12390394397106,0.144981330682002,0.232191911002294,0.2030544338802,0.14779882719947,0.0468433383347761,0.205887793715876,0.154257488683959
"Sparcl1","blue","blue",0.222998058274085,0.201645283216185,0.0423430890787988,-0.0413888991394663,-0.047219502332934,0.050998072283205,0.113139186846581,-0.141696209824491
"BC005561","grey","grey",0.0927075756757602,0.107541038895225,0.153428731288699,0.112972890103359,0.0951103735731684,-0.0190459512314675,0.135179750307498,0.0588136629076466
"Zfp326","blue","blue",0.0423460852160164,0.10923790369597,0.074148924107769,0.0228889608894827,0.0959940774513268,-0.016989041741059,0.0624117385631638,-0.0148760507062473
"Zfp644","grey","grey",0.0910299939417602,0.091641895746079,0.117091508562317,0.0706776388041765,0.0601467547830671,0.0326540568557328,0.0935999092753942,0.0502337110794482
"Ephx4","grey","grey",0.117748423082835,0.10614524123264,0.156969735362407,0.184999516715987,0.0577579607680065,0.0331775296725975,0.181814691269838,0.116900699586005
"A830010M20Rik","grey","grey",0.162209320499057,0.100630654883448,0.191213530083884,0.215054742824718,0.0476565305205639,0.0544857909606764,0.212482787015204,0.13462310247825
"Glmn","grey","grey",0.0463094854212197,0.0772720488323004,0.0756260642693547,0.0712443357567975,0.0661367340853635,-0.0289510651401557,0.0933646804049982,0.01182437569757
"Evi5","green","green",0.0743537075270241,0.0954365251793354,0.140533400731689,0.178491701324463,0.100501639924744,-0.0228556911253539,0.209722623079725,0.0822079976438253
"Rpl5","grey","grey",0.158323334920943,0.0949382793816958,0.127740669233717,0.065968971406667,0.00427572235079335,0.127615218377137,0.0938582521633917,0.0630177191960483
"Mtf2","grey","grey",0.0326728091994736,0.0577002985230544,0.137534507468123,0.136406601552969,0.107111098377531,0.00574223870679382,0.108881247610134,0.123474492779647
"Gm10419","grey","grey",0.00969695228757564,0.0669056451480182,0.118554807185364,0.0860021682335619,0.132208143914661,0.0410271490301959,0.0585915115974876,0.127839525579324
"Atp5k","blue","blue",0.0706932187521398,0.13441478078467,0.0236956151169101,-0.0142429412157167,0.0448798251063836,0.157644955161772,0.0292328860956502,-0.0067907005602309
"Cplx1","blue","blue",0.272978958086948,0.356111308197492,0.185129797723783,-0.00854707762942966,0.120842329826991,0.0946013115072022,0.185261913076795,-0.0821287352013539
"Zfp932","grey","grey",0.0130163047494664,0.0221788208385669,0.0577968627384663,0.00652368637059749,0.0387063448327351,0.0272609746221183,0.000203984695251989,0.0462609025897249
"Chfr","grey","grey",0.072551313085194,0.113053355301639,0.154717201537293,0.0758622791185156,0.116791083012816,0.0220334810781761,0.0951939935487078,0.0747431367545068
"Ep400","grey","grey",0.0436606093976074,0.0633862166726255,0.0903494627593365,0.0578747607625121,0.0726552978340601,0.0139653050179162,0.069040033503495,0.0475274234408788
"Miat","red","red",-0.0258389782655702,0.0146995692613978,0.186479306134343,0.250872202360562,0.187768354345169,0.0577345804432313,0.147968938812841,0.301041765282719
"Hps4","black","black",-0.00417209599086139,0.0779645846546454,0.029901357783982,-0.00324756085325442,0.130341151734899,0.0213852734360658,0.0219723298315325,-0.00556479640176812
"Iscu","turquoise","turquoise",0.216850795217218,0.180927340883837,0.148375204392019,0.0470150848496731,0.0436587691567348,0.110630956726931,0.131531927340958,0.00954950385927636
"Svop","grey","grey",0.128515153838217,0.0818176066499132,0.185293373503133,0.166117033974165,0.0567182350610993,0.0519772047702901,0.159174814835394,0.136663509045413
"1500011B03Rik","turquoise","turquoise",0.177049437970969,0.127481520012167,0.161989030844338,0.0936537658283975,0.0411039594385449,0.103568032502633,0.131082873115044,0.0753185173527115
"2610524H06Rik","grey","grey",0.0823920230057939,0.0489889225908083,0.121820362400341,0.0861577183281341,0.0302312177170414,0.0661410468638677,0.0778745384694361,0.0955815586209011
"2210016L21Rik","turquoise","turquoise",0.233825547917405,0.157237823056429,0.200513275868153,0.123367303467703,0.0407276821505748,0.100415482452732,0.173703840045749,0.0741078914917062
"Cabp1","green","green",0.0299454294498547,0.0565800518700173,0.0976308050625412,0.14261629058453,0.0814177992484238,-0.0293509092161252,0.138188215040611,0.090130767214083
"Pop5","grey","grey",0.130552059948186,0.0726021639155441,0.163204752608486,0.136763944265447,0.0395051837458533,0.0937222902745352,0.117532672397623,0.142725594726647
"Rnf10","grey","grey",0.122355888671549,0.0943768617145512,0.136740980413431,0.0838729560048734,0.0470469685063104,0.0519148119941653,0.110470640821671,0.0641905684018497
"Dynll1","red","red",0.200047390182729,0.0158289863461294,0.234558064440655,0.261208149184073,-0.0030430970770361,0.286032743686313,0.155786690304347,0.349666496659036
"Cox6a1","turquoise","turquoise",0.229019287656241,0.159279518901502,0.138613211129685,0.0700387301613377,0.0150863482508547,0.182637566083945,0.12919029729747,0.0461508339783322
"Rplp0","brown","brown",0.13722381348289,0.0630500611810326,0.0874705190520496,0.0291883781203962,-0.0169696585499408,0.14683053055741,0.0571610981714492,0.0424543398025425
"Cit","blue","blue",0.116068463860628,0.273420771082969,0.15299053209449,0.095538554588824,0.159481895107438,-0.0698606268225323,0.203270651681331,-0.0427017236930365
"Srrm4","blue","blue",0.0831297903258589,0.151013001135923,0.0898004193794813,0.021222088597178,0.0874620360776439,-0.00896520969994423,0.0905565626181457,-0.0269569216466833
"Suds3","grey","grey",0.0983221866124796,0.0886457700642286,0.138940419111702,0.0858628124913187,0.0665992277748923,0.0473501131607792,0.0969693844211454,0.0789238879152449
"Taok3","grey","grey",0.0805975248678828,0.076972384828015,0.132016625991847,0.0891974955490785,0.0712830381933612,0.0322761252342661,0.0932955926511172,0.0829426698023268
"Pebp1","turquoise","turquoise",0.373279311191691,0.22242165566117,0.281794657762982,0.16071867222318,0.0200528602163519,0.196989904113304,0.240906263117429,0.112014337285776
"Ksr2","grey","grey",0.096904883335743,0.0759770546577719,0.165243864306559,0.11484360654804,0.0703350843598192,0.0585829658084502,0.107439123608746,0.128917440542988
"Med13l","grey","grey",0.00517512173162724,0.0170601280580154,0.0648748193831796,0.0828522744220559,0.0610669637991494,0.0112526879560018,0.0600809459777602,0.0729520267274539
"Rph3a","grey","grey",0.082247598321038,0.0892246760973166,0.103214969587204,0.111047975191473,0.0550261149916554,0.0231836840803019,0.149009997349328,0.0377661600218514
"Rpl6","brown","brown",0.183324302285659,0.105821204067836,0.144995044020285,0.0580505817747713,0.0173339100248231,0.269345684067043,0.0831034222513734,0.102450062170484
"Hectd4","grey","grey",0.0466806069187115,0.0546218137591542,0.0973013420654124,0.076910921983118,0.0700886380596608,0.0453635478699657,0.0761562689641487,0.0720776842281197
"Erp29","grey","grey",0.150451855910684,0.0987830129023498,0.136755957960697,0.0719281893947283,0.0260340861320837,0.0855194453856885,0.108042327689083,0.0510667456476189
"Atxn2","black","black",0.00563199780188911,0.0676271848281344,0.0586341568307028,0.0418837897586528,0.146522616039501,-0.00615811640197499,0.0528835600108261,0.0214199542070042
"Ppp1cc","turquoise","turquoise",0.146586143102663,0.120976341533764,0.0825259316642,-0.0271846481701116,0.0167984271688316,0.0693326135023412,0.0424981645555824,-0.0291417358794196
"Vps29","grey","grey",0.156929073515549,0.111510603244127,0.141394840543205,0.08107416115816,0.0384631268043875,0.114041243257292,0.110076259251286,0.0701516853231542
"Arpc3","grey","grey",0.212422512672462,0.116417275587451,0.220820100616222,0.164855451480333,0.0322763655500677,0.162084315277625,0.16752520715247,0.16248995257599
"Atp2a2","blue","blue",0.175324161007963,0.203774379691619,0.185027947913638,0.180193624893962,0.0906085961007209,0.0741932325456647,0.220878576950863,0.107805721522307
"Camkk2","yellow","yellow",0.0886169274329563,0.0493332395286652,0.188258013163704,0.275510519815276,0.0828532147741046,0.00991224987778835,0.197505880525123,0.207043326536389
"Anapc5","grey","grey",0.0365314110707528,0.0521794113353025,0.0900368964928001,0.0640097273523004,0.0740523840862447,0.0228802159762116,0.0675471430549907,0.0548087762376582
"AI480526","grey","grey",0.00185912742482158,0.0159444183192062,0.007694440574035,0.0265940561341618,0.0206219455901008,-0.0640383778024883,0.0420882625516031,-0.0409840135673713
"Bcl7a","grey","grey",0.0836325494203911,0.0393748748988911,0.106918569856726,0.0904222035599445,0.0242215836762377,0.0652383372372343,0.0848275857348604,0.0865024107788481
"Clip1","black","black",0.0383916525612865,0.0821507160432922,0.0935320436436469,0.0722049698279543,0.13924409020278,0.0243049179894855,0.0836996728996253,0.0577293569446264
"Zcchc8","grey","grey",0.0744251556585712,0.0685037837806924,0.0964550941316094,0.0386198444307138,0.0499841128418699,0.0117081763791722,0.0617502814389207,0.0336906645274828
"Rsrc2","brown","brown",0.0223003322575203,0.0317656335902871,0.0593516711558473,0.019111027784767,0.0590064049052014,0.0553001808360886,0.0165101527265716,0.0501389019145516
"Pitpnm2","red","red",-0.0165633101554881,-0.0774397773401104,0.0834483518818791,0.114170013223572,0.0194589163877378,0.070332723406677,0.0180007514687571,0.225539288626833
"Mphosph9","black","black",0.00107654733990414,0.0524509680454112,0.0518233419963572,0.0436843577690312,0.119695937891321,-0.011123939337235,0.0529254844788135,0.0233448700934596
"Sbno1","grey","grey",0.0735776802787553,0.0664492022202971,0.177068238143014,0.166881386457072,0.107600772132579,0.0429397509713472,0.133233331767661,0.164663207977916
"Tmed2","grey","grey",0.141833161535319,0.0759047126746192,0.130948852662632,0.0758007585767104,0.0137207111554406,0.0768876847370594,0.0935190571427363,0.0650579381978409
"Ddx55","grey","grey",0.0346703134725809,0.0821320820504992,0.0974558891769721,0.0553875502893686,0.0972906097787685,-0.00130361786062626,0.0722631135838508,0.0391674479612968
"Ncor2","grey","grey",0.0736900934488177,0.0669959628878664,0.12977725382545,0.0883589631359959,0.0730220476691321,0.0559510017765069,0.0826450334737143,0.102481387164084
"Ubc","turquoise","turquoise",0.221977409005293,0.12716159598024,0.136924666727919,0.0640597948601918,-0.00291989237470503,0.096730878149902,0.127257786282103,0.0111068136141084
"Bri3bp","turquoise","turquoise",0.136493162781735,0.129855342240805,0.111651614549017,0.0574226938968021,0.0513218369282735,0.0631779847954985,0.114965229314228,0.0225212076789839
"Tmem132b","grey","grey",0.0563333909069378,0.0649515956544245,0.099118861739888,0.0694129683692464,0.0551445260613602,0.0550252160549556,0.0729730923949343,0.0740006684762987
"Rimbp2","grey","grey",0.0529576091516231,0.069930266343636,0.144534859366482,0.0971193114789448,0.111068627041845,0.047612303351007,0.0982551107754643,0.115414836445501
"Ran","turquoise","turquoise",0.244407038553876,0.148571390936585,0.175563002170871,0.103526472319288,0.00853127632655684,0.141567330184227,0.156537425637531,0.067688802466446
"Sfswap","brown","brown",-0.0145316042638163,0.0237730508851112,0.0671134045985241,0.0480332761252861,0.096343039769114,0.0165516935869633,0.0285823649209866,0.080042866219234
"Mrps17","grey","grey",0.114873179613382,0.0990116111169407,0.170109184543576,0.0994365489570863,0.0848940548501432,0.0615913202491001,0.108779504459461,0.0960227720900715
"Chchd2","turquoise","turquoise",0.353200306594058,0.219369133874879,0.198812741275488,0.077123065240612,-0.016180414624531,0.257316175153805,0.164459060113697,0.0507565116297286
"Sbds","grey","grey",0.126154730548065,0.086409072612975,0.131148927547888,0.0969003806115909,0.0323740385453153,0.0567117484232038,0.117299262583671,0.0606706686105552
"Caln1","grey","grey",0.108843952573155,0.101437050588809,0.147769189751216,0.0630941143617195,0.0685293938670714,0.1078097161974,0.0770482186526139,0.0912295555491286
"Auts2","brown","brown",-0.0122938169976764,-0.0599071302923604,0.0374160642997203,-0.0464815002720088,-0.00976081951677225,0.079251634586286,-0.0925589495477122,0.111478864554237
"Gtf2i","grey","grey",0.134100049277107,0.106063082840212,0.164130350158702,0.0991623912512374,0.0721043822982878,0.0764329413437504,0.117319136501964,0.091578705362733
"Eif4h","grey","grey",0.13564356586688,0.0835643203370402,0.116026225675299,0.0817023714846629,0.0143318538044402,0.0594578904540619,0.107643286504925,0.0450690124117089
"Stx1a","yellow","yellow",0.112241888182218,0.0382318504817302,0.199614835602388,0.361796056668588,0.0599416842506674,-0.0229151074570916,0.281829547757542,0.199904407691535
"Baz1b","black","black",0.0507591841108581,0.0872791823811312,0.108440827610878,0.0568193476935516,0.138808920759168,0.0229930856586259,0.0776578241271345,0.0634470129157236
"Mdh2","turquoise","turquoise",0.269317236595889,0.183989950790437,0.198799982641929,0.101987372033888,0.0262374667414052,0.120220682873609,0.176500223473814,0.0590079721518766
"Srrm3","black","black",0.0138827727434137,0.0649653437279827,0.0692644566815787,0.0602420824911699,0.151317623305146,-0.0150994530854321,0.0732927041985776,0.0331631818924285
"Ywhag","turquoise","turquoise",0.239032105814234,0.206485466986782,0.246497436336918,0.185422942998071,0.106767010880806,0.144908670257472,0.238547086553344,0.127232514323761
"Cux1","grey","grey",0.0774791915235601,0.0137682812137644,0.0987513076845892,0.146337506753094,-0.00298382352835283,-0.0409188810824449,0.111328244724985,0.0778631351541528
"Fis1","turquoise","turquoise",0.182756574023067,0.114851658962755,0.122599529064147,0.0684052723611558,0.00528123211779443,0.11355750743882,0.113488566738244,0.0403948716725848
"Znhit1","turquoise","turquoise",0.135627978643692,0.0984585938963397,0.115964958880837,0.068801960191697,0.0339274793291281,0.0803822414085108,0.0943270961671846,0.0474771793260299
"Vgf","green","green",0.14625088074701,0.169006176941457,0.151259887259976,0.113384373377385,0.0758053075231859,0.0393403180070373,0.19030799243323,0.04073229602689
"Ap1s1","grey","grey",0.201239624772698,0.119622113432726,0.235478227923529,0.183333923686369,0.0438719125152975,0.116206415115838,0.176907461768283,0.171783673235712
"Srrt","grey","grey",0.0525663858273003,0.0550603241827598,0.109663323516571,0.0678181457413427,0.0672591634448944,0.0170310990134813,0.0709550056692007,0.0707691084553815
"Gnb2","grey","grey",0.150000884088496,0.0745420136579482,0.16066783295256,0.129893380005895,0.0299016317903832,0.0975720454165337,0.127633791737797,0.115360242902855
"Actl6b","grey","grey",0.093384719613795,0.0734077142284304,0.14325149458346,0.10670873276468,0.0646333800742654,0.0602872999651939,0.104728247975627,0.11120429332196
"Lamtor4","blue","blue",0.145135410007762,0.184236706014662,0.129632297094142,0.0328403825741292,0.0807897468146895,0.0759543287289606,0.112924296696882,-0.000329627405434863
"Zfp157","grey","grey",0.0346186052067853,0.053206271459849,0.0758675835667845,0.0252864537023756,0.0623892543817198,0.0206733348580807,0.0417419987155894,0.0377836972642534
"Prkar1b","green","green",0.256769645538245,0.184985138493007,0.259953842733071,0.235781962480758,0.0675993334913077,0.113288131354305,0.313869733879137,0.1454601580131
"Sun1","yellow","yellow",0.0620268750896724,0.0338459937595839,0.142598155361396,0.20636068935191,0.0650867673397816,-0.0190969530595981,0.153595884683337,0.136606268936305
"Actb","turquoise","turquoise",0.350364354050108,0.102851155069366,0.258695635871671,0.177819595607197,-0.0531878567583014,0.203551024174392,0.179785190853161,0.171598438526283
"Rac1","turquoise","turquoise",0.184823954372232,0.0744913631601075,0.144043774878964,0.110728899638375,-0.0144107930497402,0.100584682997207,0.124625827295119,0.0828000805996036
"Lmtk2","yellow","yellow",0.144802689143521,0.101205821053191,0.197461003010375,0.240909891496657,0.065830382662905,0.00294103362482563,0.216324621837702,0.14070514440498
"Tecpr1","grey","grey",0.0267667628337498,0.0340484060773291,0.0959357727759209,0.0955939847136745,0.0711378423105152,0.0188780129599295,0.0678485794842777,0.0965067062273488
"Bri3","grey","grey",0.142954896408148,0.0747903839260722,0.129098359416279,0.110833641577444,0.00642281968902636,0.11165650832752,0.112170526605698,0.0867327781431548
"Tmem130","blue","blue",0.100454021233853,0.149839098040683,0.0631627374333174,-0.0370006991835012,0.0378852550837429,0.0658820356850256,0.0616381334371432,-0.0680894718194808
"Trrap","grey","grey",0.0431319370201013,0.0482281137098578,0.127780048838277,0.0911384820639329,0.0896648574391849,0.0518112513487024,0.0707761662046741,0.117955047369807
"Arpc1a","grey","grey",0.155499738525388,0.0769801737470135,0.161128817621862,0.0919171211806866,0.0198493570834709,0.102063140856769,0.0953761070829219,0.106611712192939
"Pdap1","turquoise","turquoise",0.19607759394634,0.118670792588608,0.159572018283636,0.117433608281293,0.0154784591574168,0.123361591201092,0.139331480263375,0.093197423205204
"Atp5j2","blue","blue",0.180567273607216,0.197464245024172,0.0963985118401995,0.0152922516926749,0.0368563839670004,0.188348408120357,0.0899548111064142,0.00254315320951623
"Cdk8","black","black",0.00161978066937117,0.0505574035483904,0.0526170157830617,0.0153357743974148,0.115685862779924,0.0182888529519756,0.0226163201671088,0.0316654760264151
"Rpl21","brown","brown",0.130759476297939,0.0853805755772687,0.0822949610771758,0.0123002548177119,0.00189387214856673,0.240496410650466,0.0425859030970868,0.0587527642697101
"Polr1d","grey","grey",0.154299610817311,0.0943250612077823,0.143036727978071,0.0925607171261188,0.0281134030216701,0.118497453951674,0.112796925056394,0.0800667536432507
"Pan3","brown","brown",-0.0490913623515518,-0.00444993805081802,0.0210941333807402,0.00593406119237061,0.0743916320586335,0.00210955421530669,-0.0134014605050038,0.0454017647072311
"Pomp","turquoise","turquoise",0.181019230127875,0.115078533437862,0.130819631457454,0.10495737362162,0.0134301456230344,0.0920953326415786,0.135726161907243,0.0526319455967447
"Ubl3","grey","grey",0.0832035252383041,0.067831930934455,0.0715546105075705,0.0175393987956743,0.0248668892249112,0.0493377647122492,0.0433356076352337,0.0199892913658739
"Hmgb1","turquoise","turquoise",0.285391369081847,0.0791570093965998,0.194945859437131,0.168019345554443,-0.0645113943220219,0.18497358205613,0.165982717992738,0.145552219504755
"Hsph1","grey","grey",0.214831866165649,0.135764137971007,0.224565630610186,0.184139399532598,0.0439065980038556,0.123691031264346,0.197361363682579,0.144233633872869
"Fry","grey","grey",0.0518335518153349,0.0348891985773036,0.13501034610872,0.119914211385202,0.0795840954420877,0.0585884077960754,0.0890576901713209,0.140171389174532
"N4bp2l2","black","black",0.0386888857492504,0.110510580903899,0.12421309246965,0.0852340395653228,0.180778455778795,-0.0407045891148923,0.10751228168278,0.0567085772995423
"Pds5b","grey","grey",0.0807464985350222,0.0605015118452624,0.0948319693926869,0.0302690843718926,0.0374411584791836,0.0869903815287674,0.0489313077999459,0.0630274862241208
"Vps50","grey","grey",0.0526505219316759,0.0592849925246019,0.119143953129501,0.104297781924816,0.0748008302738148,0.0346285718728337,0.089143162788115,0.0976547964588066
"Casd1","brown","brown",0.11301245733333,0.0641222088203029,0.0953237611322061,0.055023342834163,0.00224710916225134,0.115140902554713,0.0667335593619484,0.064067199058041
"Ppp1r9a","red","red",0.203309506685712,0.0635819346597558,0.250737824807832,0.260044206631587,0.0199708451062954,0.109698510188987,0.203005129120322,0.270860926120939
"Dync1i1","grey","grey",0.147356169782527,0.134092069464701,0.178482086522442,0.0764521084858582,0.0659693819882727,0.0783011554295158,0.121134331130924,0.0784296861506197
"Sem1","blue","blue",0.126344722982564,0.105239531283721,0.0677974761403406,0.019862979639746,0.00174622189935067,0.102167882053165,0.0596799720288253,0.00106278936175112
"Ica1","grey","grey",0.110968663677293,0.115975157442123,0.161601250225311,0.104387997933738,0.0870403925738765,0.0441379032596124,0.124546074165993,0.0898909552873644
"Ndufa4","blue","blue",0.251665313753851,0.211316401265665,0.103239792734892,0.0422788864540949,-0.0335807585282219,0.280998639601833,0.118940289834839,0.0270183487055908
"Phf14","black","black",-0.0146033677554451,0.0562475274112005,0.0364456206945954,-0.0238037490396726,0.144039480755489,0.00799409654163544,0.00380019487988723,-0.00959803145109683
"Tmem106b","grey","grey",0.129956400869111,0.0978487563243823,0.0878731446947725,0.0124945723350846,0.0201380136213367,0.103419027061952,0.0607342639351015,0.0138378680901932
"Capza2","grey","grey",0.205461623421517,0.111906826114191,0.214831379331264,0.14536478753281,0.0368494738953444,0.175422795534289,0.143354526927799,0.1633187725642
"St7","brown","brown",0.0485641696051376,0.0915010359343478,0.0997518247677892,0.0203837445951053,0.0946472555421015,0.0524269404949054,0.048013128507771,0.0470693295791798
"Cttnbp2","red","red",0.0118676258821788,0.0290092403516653,0.135329274241939,0.098992515335811,0.0981284678552879,0.0905678156380776,0.0354346437420495,0.237364564976288
"Lsm8","grey","grey",0.104212188695866,0.0377909789635566,0.121611367802629,0.107716346932178,0.0145235562270785,0.0786551707992138,0.0848689873079424,0.112324138909138
"Kcnd2","grey","grey",0.0595009063484463,0.00292991898069841,0.055155782515079,0.045110618862859,-0.0243775213860134,0.0806650913661478,0.0228228050785195,0.0830823519054799
"Ndufa5","blue","blue",0.169427808583942,0.146736348008007,0.0805821528809975,0.04247445450564,-0.00608051482903078,0.178861549080766,0.0844640089743342,0.0280740677787948
"Wasl","grey","grey",0.14796362243272,0.111293394487381,0.180429845764141,0.121668838516538,0.0737985822531319,0.0926295478941719,0.141760717434284,0.105972624836993
"Arf5","turquoise","turquoise",0.218595673143388,0.136142238041984,0.210348674415732,0.149533167967569,0.0439541165143877,0.0743028044937017,0.177008299102863,0.115582627566592
"Rbm28","grey","grey",0.0415875514952177,0.0697359949052855,0.110461829297297,0.0585952658819517,0.100750813906311,0.0344997498210028,0.0610817108238157,0.0741239342037908
"Atp6v1f","turquoise","turquoise",0.253120088347364,0.166349319777128,0.179095791275418,0.116672947235452,0.0191418790634409,0.174598815007456,0.169343858522089,0.0725505802219108
"Tnpo3","grey","grey",0.0569597686540345,0.0787216770289297,0.108875204961506,0.055227413014574,0.0838454974095487,0.0265551966788594,0.0718566745123521,0.0548963977720036
"Ahcyl2","brown","brown",-0.0614539294764652,-0.0726228860506496,0.0121060057283667,-0.0616856176239335,0.0403461264846225,0.149136747568437,-0.10984694996622,0.138320640284261
"Klhdc10","grey","grey",0.0278518261552977,0.056338739001261,0.0637148626384701,0.0373190381846667,0.0581229798561934,0.0152274628094695,0.0508477241911441,0.0258209840157431
"Mest","green","green",0.130476962288103,0.0774263852084965,0.176503822033956,0.200493834701901,0.031422431607303,0.0239030338427144,0.211884873130322,0.130740473543534
"Copg2","grey","grey",0.0892088102991783,0.0803267847366098,0.10804942249997,0.0566913293742542,0.0476154097128515,0.0372319737024091,0.0839066637618291,0.0468037025337666
"Lncpint","grey","grey",0.0563180697620295,0.0889455260269182,0.172009264841307,0.150790088336169,0.131966734140649,-0.00521334916587513,0.133661697884971,0.126653366764228
"Mkln1","grey","grey",0.0390425267505604,0.0720990443892919,0.0785429870890265,0.0374394354642097,0.0752765936572174,0.0262458466764148,0.0516403781466585,0.037848964264311
"Chchd3","blue","blue",0.110063284191161,0.144654439813431,0.102032278088724,-0.00415705372016481,0.0718803008630892,0.0329926193167406,0.0624967741974084,-0.00888803221520329
"Exoc4","grey","grey",0.0611626448966974,0.0777899041387176,0.101187384290164,0.0394678030358955,0.0795080883484338,0.0375648356378412,0.0619701893907578,0.0470197657491417
"Cnot4","grey","grey",0.0432804869893815,0.0500353341830687,0.10866336629089,0.0682075775364772,0.0724952137094511,0.0321971061036459,0.0591171532111082,0.0896825083236348
"Mtpn","green","green",0.15736330371759,0.090809401236277,0.149781864538288,0.15222155592994,0.0156794926254389,0.069138495986452,0.185881733644276,0.10158752396705
"Ptn","yellow","yellow",0.188739019198846,-0.0354159247456568,0.184453490153167,0.324263409661642,-0.0794783450933901,-0.0397036825489022,0.214593349882858,0.175074459787433
"Dgki","grey","grey",0.098697992634611,0.0593478817801476,0.168716978991034,0.100062053140469,0.062331004871655,0.0562323254620616,0.0846812830850479,0.135641130626063
"Ubn2","black","black",-0.0400139799698046,0.0437582356894606,0.0312769760114938,-0.00281629573631296,0.157369695758209,-0.00463249959439419,0.00727857774317268,0.009743158744878
"Luc7l2","black","black",-0.150304915880121,0.00653216657389626,-0.015523247117433,-0.0868934890242451,0.219460003800998,-0.0208724326586962,-0.0972359155502283,0.0256426711203768
"Kdm7a","grey","grey",0.0415156504374766,0.0178462396955803,0.12371992610482,0.106904147319902,0.0594170172879758,0.0615763762887845,0.0534411115608258,0.156324108204967
"Mkrn1","grey","grey",0.103297174865089,0.0892668263793191,0.11195183117851,0.0720650225245425,0.0407072808751618,0.0364677564952285,0.0941522286776169,0.0459764336442003
"Ndufb2","blue","blue",0.154259423528971,0.138407952524313,0.077955709493109,0.0202385544490308,0.00572771504069475,0.15352063908654,0.071624725303339,0.0130589627321536
"Braf","grey","grey",0.0110372686221445,0.0512706215576171,0.0710834151355107,0.0550352588700248,0.0844535722707267,0.028724185206804,0.0464662528123031,0.0646059225471449
"Mrps33","grey","grey",0.163983195755604,0.0755291974758561,0.117698812935624,0.0860237813532904,-0.0188737413032123,0.15080440408782,0.0864800615030448,0.0873099788613453
"Tmem178b","green","green",0.0673424949763833,0.0574438967419741,0.106790012676144,0.120735280951561,0.0597561738205122,0.020935243174903,0.132112076067222,0.0809874433226602
"Agk","grey","grey",0.06386966936247,0.0809265292510737,0.103994193580184,0.0481457967219477,0.0723812808477381,0.0326585748386361,0.0668803577205517,0.0446625624151678
"Ssbp1","grey","grey",0.0491005941445143,0.0531820697628103,0.079423843054528,0.027724032818251,0.0518478901449734,0.0298228063592872,0.0399511107694285,0.0275549770474802
"Tcaf1","grey","grey",0.106396374095377,0.12427103013539,0.181616242710638,0.116788449591154,0.1105009213731,0.0598221197432592,0.132001930719448,0.105802695024515
"Cntnap2","blue","blue",0.157644465187766,0.301993045841989,0.0977070227757981,-0.122360891387342,0.108890963896189,0.0671661823326687,0.0484270782342901,-0.130415748902023
"Cul1","grey","grey",0.110022867484811,0.0885417313957619,0.106371007121596,0.0410753171444781,0.030652153342429,0.0545393847216352,0.0788865698494403,0.0306295800613453
"Zfp398","blue","blue",0.0594803122878986,0.148378346834351,0.0851985940221779,-0.0138162937176897,0.105322546753884,0.00387892786815351,0.0541064703796466,-0.0201462677212787
"Atp6v0e2","turquoise","turquoise",0.277242918206917,0.166739113687261,0.234316554786297,0.153793200731092,0.0329571099503447,0.128290435079775,0.213911415638516,0.103305977942038
"Malsu1","grey","grey",0.0963438908798162,0.0977722770510457,0.101863825731591,0.0263991294605651,0.0568782422593992,0.0303040946266536,0.0656192639193892,0.0160495719895176
"Tra2a","black","black",-0.0344347357609447,0.061106440709337,0.0622210498912305,0.0407210949703051,0.172301579782648,-0.00386169498483022,0.0337268722804114,0.0570305274138222
"Gsdme","blue","blue",0.0852674559511127,0.170547028694778,0.0920297759113435,-0.0117103031594362,0.104763889483949,0.0528463104411208,0.0626616498850643,-0.0149119497046949
"Osbpl3","blue","blue",0.036798037614089,0.16893992228741,0.0384803815037925,0.0188815757071858,0.105598210440402,-0.0763931475970089,0.103696937457058,-0.0883063013955897
"Cycs","blue","blue",0.254712498899779,0.243200928442248,0.164571583078367,0.0719159464896446,0.0403260166215201,0.166268018857836,0.164201976040331,0.0176757149666366
"Hnrnpa2b1","blue","blue",0.085490296450593,0.105393626494115,0.0729341132793542,0.0034562843103336,0.0283712996204824,0.0241853378908031,0.0449701276852986,0.0022509966727194
"Cbx3","grey","grey",0.138554445728399,0.0923586600657245,0.120371280959053,0.043320164748338,0.0205175602720815,0.100401335943845,0.0775429796597858,0.0416542654881524
"Snx10","grey","grey",0.139749621023367,0.108107502372267,0.179568791957761,0.113610289579409,0.0669590331459544,0.124320839952972,0.129464285961685,0.116096573613596
"Tax1bp1","turquoise","turquoise",0.235484237394463,0.155701195600117,0.182982448877313,0.115171770260717,0.0310969610290595,0.10910973646568,0.169473019896282,0.0599624883022231
"Wipf3","brown","brown",-0.0104541312532469,-0.0504326987984398,0.0635831502609427,0.0032518449629818,0.031302704389483,0.171432686509062,-0.0767273804008873,0.196959990653667
"Scrn1","green","green",0.111941307565655,0.0896745991889421,0.10922205528136,0.0997605999668008,0.0343228687794954,0.021225101397605,0.151672481444672,0.0306326796901563
"Gars","blue","blue",0.174355059443993,0.190348698099419,0.128887015512894,0.0370642307476643,0.0564384321655506,0.0783065817229864,0.126108812663362,-0.00435624592000894
"Neurod6","yellow","yellow",0.0664197000782143,-0.00489044520013487,0.126396323272109,0.247278316301347,0.0239585694570248,0.0841086441952621,0.148767995195662,0.199225555460891
"Avl9","grey","grey",0.0741359600323234,0.0682122708037865,0.0826977922443117,0.0518182772592468,0.0415662543300029,0.0174055560935091,0.0740065336764834,0.0213416919600973
"Vopp1","green","green",0.0992020485912005,0.0927041787222026,0.137700068312436,0.128637236059955,0.0657948183760593,0.018586720971044,0.163549391616362,0.0743680094225773
"Herc3","grey","grey",0.118129612687864,0.10236059800085,0.188722706326553,0.200908495988928,0.0780070084595218,0.0311940040732654,0.187205955986055,0.148135812033771
"Nap1l5","turquoise","turquoise",0.325497807729675,0.309026495264448,0.202353969744919,0.0660262743889457,0.0549822613425862,0.0664334994041686,0.244726228314146,-0.0843895711949779
"Tigd2","grey","grey",0.0994118196186159,0.0811009415079653,0.144916104752557,0.0859212639009781,0.0616734800572257,0.0502768596370492,0.0924018277121623,0.0861012975610814
"Snca","yellow","yellow",0.239503457453822,0.083953373287071,0.25274802927341,0.26245649484141,0.0148005534740824,0.16320783867374,0.213934744208154,0.229680179524145
"Smarcad1","grey","grey",0.0507113093595434,0.0493132995910001,0.0876883915746553,0.0466083777118215,0.0508952291729555,0.0203439585083929,0.0516914631506818,0.0503744057981391
"Serbp1","turquoise","turquoise",0.192420874881149,0.123818377246213,0.166546249606457,0.108061504729259,0.0401611702805513,0.11581025051668,0.14091700608702,0.0875826351550064
"Rnf103","grey","grey",0.0889631366313815,0.0950899969010935,0.109299807738393,0.0551891471497849,0.0579761940363449,0.0249879393230995,0.0901060392904415,0.0316517338623069
"Reep1","turquoise","turquoise",0.199309267033646,0.173658317827136,0.178125933554032,0.101126619832017,0.068594020017335,0.113520087579058,0.166226501724024,0.0601372439787119
"Immt","blue","blue",0.133643417842912,0.151554981412843,0.133569621186648,0.0525078175659942,0.0699603992185345,0.0518985054274467,0.108170851085815,0.0264749418296841
"Ptcd3","black","black",-0.000561254061886057,0.0645178813613236,0.0554420581530629,0.0224400788416007,0.1298690228837,0.0026922956334066,0.0369923319219952,0.0222605854122721
"St3gal5","yellow","yellow",0.194963301606217,0.0923728599354463,0.241216879957262,0.280389491221235,0.0493829171426997,0.0825048832803123,0.238233602057168,0.201658442820754
"Mat2a","blue","blue",0.0457476219373077,0.120973531703928,0.0707535078962915,-0.0492022505603846,0.114372996444769,0.00841262521700252,0.00904916481170243,-0.0314942731426582
"Tgoln1","turquoise","turquoise",0.152224356723205,0.120448419357023,0.109543704679788,0.0523968122363,0.0307067208593241,0.0739602803619194,0.108291779949466,0.0162146717195581
"Tmsb10","green","green",0.184512073134039,0.168382281857226,0.146861623253344,0.17531722162495,0.063825039947186,0.154315731939757,0.255605182061455,0.0231252696835492
"Ctnna2","grey","grey",0.139823805705135,0.158743382698797,0.177427081614184,0.0953138079575346,0.10211612220514,0.0237707654542265,0.152657478128215,0.047380596079281
"Lrrtm4","brown","brown",0.106476785799182,0.086186469758606,0.201289670665655,0.0739253191438465,0.097201913240187,0.124816536907348,0.0665691848245851,0.186813486702382
"Aup1","grey","grey",0.104596258080707,0.0820366172976675,0.119344867515789,0.0692538604336227,0.0483420631756948,0.0379924852889616,0.0925997769531375,0.0504157630143262
"Dctn1","grey","grey",0.118630425027969,0.0994879215696435,0.135516198098752,0.0783808247635688,0.054955375592665,0.0818899404353638,0.107261388367554,0.0755948339387936
"Tet3","grey","grey",0.045565511086297,0.0258790952054194,0.107192946023777,0.111948191882947,0.0531795007475978,-0.00175506980511621,0.0841531534176166,0.0993390083216567
"Zfp638","grey","grey",0.124117342692833,0.102419753487342,0.1662202504806,0.0897808483756892,0.0751871558069393,0.0432387920675685,0.115165387707145,0.0786541246045077
"Exoc6b","grey","grey",0.0664286677025541,0.0630784118484264,0.100078853530006,0.0345627111664182,0.0621285210343733,0.0180175473927713,0.0469325865913982,0.0372114831537038
"Cct7","turquoise","turquoise",0.200242154260932,0.12548584762292,0.166307728185639,0.103139452860274,0.0251115574300152,0.0968990071182111,0.141225593725185,0.073368369634055
"Dusp11","black","black",-0.00119044372684789,0.054481736850552,0.0417743878050227,-0.00851564908656839,0.120870776092159,-0.00776072536416904,0.0101303874278218,-7.00722851917731e-05
"Add2","red","red",0.0986343816205311,0.0365305460325406,0.19343416768196,0.179624179392488,0.0620230537677423,0.104357609623209,0.120811593569823,0.25834092589405
"Snrpg","grey","grey",0.0666389662187354,0.0385623548591728,0.064818741151225,0.0564717947982223,0.0124629152187643,0.0926690644399217,0.0458392191434265,0.0657895719485934
"Tia1","black","black",-0.115103499738485,0.0498106312916552,-0.00286760072913603,-0.0475225713613885,0.220098707477076,0.00384006473823328,-0.0448293135888058,0.0268337107186557
"Gmcl1","blue","blue",0.0952955086462139,0.128797997334896,0.137730506502827,0.0706805059859247,0.0893160976305258,0.0291232916831442,0.0995176103638159,0.0479585561515552
"Aak1","black","black",0.0510877999374632,0.14465335295808,0.132066938022755,0.0976464512787781,0.224579538529985,0.0448346700226718,0.129647016667957,0.0799279612476737
"Gfpt1","blue","blue",0.0963832627799709,0.123116425384516,0.0839881256366102,0.0193645654761834,0.0577047402789742,0.0366498604713237,0.0728063272820412,-0.0127948981474751
"Cnbp","turquoise","turquoise",0.21098540240733,0.116455539106606,0.160980334635222,0.0912647047755595,0.012153728918155,0.098883837326782,0.130522300422573,0.056877763776971
"Copg1","blue","blue",0.115522430531061,0.152189615371448,0.127862712738817,0.0517859402445766,0.085885305077521,0.0585142723918995,0.10204406807451,0.0361178263149613
"Rpn1","turquoise","turquoise",0.174961235870989,0.115975128371768,0.140756300790472,0.0714663288928937,0.0237100009664395,0.097386087621093,0.120163149737345,0.0462108958598155
"Mgll","grey","grey",0.0826023068036512,0.0621545730119483,0.0923446483715188,0.0836778956298308,0.0347943628898949,-0.0100089930373385,0.10451305856138,0.0212046762313814
"Podxl2","turquoise","turquoise",0.157967112996825,0.173634261764919,0.0921835634458385,0.00430066685404942,0.0338496687419154,0.0172890179261207,0.121366093755744,-0.0788707337069895
"Chchd6","turquoise","turquoise",0.233356965202065,0.150487528015154,0.206786782295325,0.153110178037922,0.0356249174408977,0.103051122254869,0.193148632432328,0.10488533461981
"Iqsec1","blue","blue",0.124947723229792,0.157172899538194,0.159749407385343,0.0976938873769286,0.105117912247919,0.0334609594136817,0.14158072027757,0.0603340056652067
"Slc6a6","grey","grey",0.0275584249123698,0.0234324928224129,0.112715768041521,0.0693724560534696,0.0708389427690036,0.0464604845442423,0.0368218929625508,0.115886212197689
"Ccdc174","blue","blue",0.0553783678023594,0.107691480242912,0.0760294642992827,0.0254141606059018,0.0774075518576198,0.0101426053452071,0.0637369827321119,0.000726557876109963
"Nr2c2","grey","grey",0.0266050093839621,0.0348128203904762,0.0585660292980333,0.060088134929669,0.0453310718104569,0.0209353546540281,0.0605761110443045,0.0469793035225737
"Prickle2","grey","grey",0.106257321165585,0.0787369662284604,0.195387368705541,0.154125367069357,0.0860679497235334,0.0781876818727509,0.123584300917612,0.176552951043834
"Magi1","blue","blue",0.069448767113625,0.176503708372999,0.08287182288982,-0.022284736742344,0.11242204760931,-0.0252824465964253,0.0764926992845652,-0.0600676752616053
"Fam19a1","red","red",0.0311196612394086,-0.0165160669327072,0.283855910070999,0.294760210164105,0.15195898512494,0.138381707987275,0.116087626706765,0.478033237986211
"Arl6ip5","turquoise","turquoise",0.280655401385425,0.109882046180254,0.225588837183883,0.165451928090842,-0.032514108256588,0.147028995307349,0.182385344841367,0.149694054373333
"Foxp1","yellow","yellow",0.0824480914352004,0.0255614680293407,0.13574912444979,0.248129403487894,0.0244083238332123,0.012288115642441,0.167582968241555,0.162222461687945
"Chl1","grey","grey",0.115339382301126,0.148363502320589,0.0912793574507085,-0.0670387204563769,0.0539463605711109,0.180168648917002,0.030692658526115,-0.0161007874708297
"Cntn6","blue","blue",0.1017690049514,0.246887048828941,0.0449114404792924,-0.0946050678354827,0.106380896773896,-0.00659323863301344,0.0727240663833183,-0.171788563189959
"Cntn4","blue","blue",0.153220616766916,0.232749240940473,0.183386234109635,0.117485672504061,0.114057099063165,-0.0132918128340304,0.195020257548628,0.0157164343833144
"Itpr1","grey","grey",0.1042235956138,0.0921560846034975,0.214911490574346,0.213556170386234,0.110750431638344,0.0433006557276206,0.171788768641029,0.207116878326377
"Bhlhe40","yellow","yellow",0.11257421613613,0.0468984837995329,0.182680587948664,0.257206656182647,0.0443480144046383,0.0296685814392834,0.178605585416365,0.202129717257531
"Arl8b","turquoise","turquoise",0.19526749655187,0.121375384976817,0.148250706850664,0.0929630493167903,0.0199637872999917,0.116407897037227,0.13295793066277,0.0632620951891066
"Grm7","yellow","yellow",0.0911060569330005,0.047358807732369,0.172958049906962,0.218179484343896,0.0544957529039498,0.0180958864630802,0.167097149306677,0.167122963966195
"Srgap3","grey","grey",0.133222658649533,0.137143925088951,0.165130325562088,0.0461916483192175,0.0816302024743936,0.0958007142565978,0.0943672301210604,0.0747791424377873
"Gt(ROSA)26Sor","grey","grey",0.0736659300321421,0.0762306028327661,0.130213550748286,0.0820642346405829,0.0786148671380824,0.0240901047563711,0.0889534476683341,0.0747663583799187
"Setd5","black","black",0.0314835343170962,0.084334320499149,0.0967576682724058,0.0497190170905262,0.158820317524102,-0.0165725057131917,0.0733440619314271,0.0290582187943937
"Camk1","green","green",0.0883645058365413,0.107024619008444,0.113716601072017,0.0894684298895861,0.0830905358315604,-0.0115039820867461,0.155960815619484,0.00556363053727923
"Creld1","grey","grey",0.0641814201625636,0.078743334312973,0.0934096257379072,0.0528224774796912,0.0631743873888093,0.0241729548966937,0.0759478621079883,0.0382545754032991
"Emc3","grey","grey",0.115224662515983,0.0662201530373061,0.11565229835059,0.0680869781342964,0.0238174256104403,0.060824452514403,0.083777319921048,0.0512746134097417
"Brk1","grey","grey",0.166024431062995,0.0803156040289317,0.187624277366104,0.162315202988204,0.0351801775055852,0.139814383559174,0.142781637129843,0.15352244228692
"Atp2b2","yellow","yellow",0.19677526409628,0.131754638501378,0.247108990150367,0.341343426857944,0.0640571193874326,0.0347358411300945,0.299976316835944,0.21990008025839
"Syn2","grey","grey",0.176673035880265,0.148251633108806,0.211556185125649,0.10530773139713,0.0841741037722987,0.126994551256411,0.150702871483409,0.110597332927586
"Raf1","grey","grey",0.041982880610595,0.0800067276339214,0.0678530442787368,0.00715493590490191,0.0726251580070406,0.0110287991028154,0.0417307106930755,0.00199692172786158
"Rpl32","brown","brown",0.13489976204334,0.0592221249978797,0.0792182327975589,0.0317784195458327,-0.0258917481620866,0.275837222743943,0.0414757645305661,0.0863928500341032
"Tmcc1","brown","brown",-0.00175575033740429,0.0241341206970328,0.0111221674443677,-0.0588240320106661,0.0425908020128113,0.00955290610108034,-0.0324816058097242,-0.0240234968363292
"Rasgef1a","grey","grey",0.0310331099488427,0.00950384388064677,0.119413341803694,0.0982230094055532,0.0711256503409552,0.0927073810468165,0.0444402639364663,0.159187707000054
"Cacna1c","brown","brown",0.0339803617732572,0.0313119975509195,0.0919590929148268,0.0284335285845906,0.0585967318800329,0.0641568672843347,0.019681759963897,0.0846760580718229
"Wnk1","black","black",-0.0382269717898984,0.0229776151166444,-0.00178050661851798,-0.0447357514500623,0.103102237716691,-0.0496369445019017,-0.0339146663230472,-0.0411965846404742
"Kdm5a","grey","grey",0.0484892641227258,0.0626512716878324,0.0770102581471439,0.0399568171371275,0.06345766790588,0.018084291000228,0.0519723034499993,0.0340280000266634
"Atp6v1e1","turquoise","turquoise",0.289890121923245,0.188490807049844,0.208813545926268,0.120586122261374,0.0229162760216507,0.220071279169946,0.181009058738759,0.0911918577959714
"Mical3","green","green",0.0525271001582304,0.0594353011765309,0.126634011521455,0.137757460785009,0.0793271534204093,-0.0280843772807184,0.146945507815963,0.0835618598354673
"M6pr","grey","grey",0.113225743680248,0.0696833008447739,0.104649429579035,0.0609138322459976,0.0220879451014719,0.048599411753209,0.0850306371984871,0.0398206876930438
"Slc2a3","grey","grey",0.0928564284153539,0.0866272415043332,0.147912855832415,0.109822595142713,0.0762757126244144,0.0625728546162158,0.115914669091517,0.102213622293272
"Clstn3","blue","blue",0.159672394058935,0.236540404120543,0.145043105332581,0.0694719233032222,0.101646921168903,0.0201361740404851,0.181055486672264,-0.0267877936550569
"Phb2","grey","grey",0.0847439318011453,0.0884816048425561,0.114966362530701,0.0496405917483053,0.0680749924154796,0.0396586746626294,0.0731987923104452,0.0500319977256307
"Grcc10","turquoise","turquoise",0.250638952305283,0.136150982011802,0.18253763287032,0.144211312420534,-0.00773477660138698,0.21363555215007,0.16185484367081,0.130331350504433
"Eno2","grey","grey",0.184158358262037,0.175071845119026,0.214739276389017,0.132438982255563,0.0935973048696886,0.0892399617461776,0.177458151351313,0.106978282472945
"Tpi1","turquoise","turquoise",0.345139612895859,0.236731536909684,0.276173937432294,0.176075247147837,0.051007595545906,0.174652610234253,0.258874878881592,0.109891028594298
"Gpr162","grey","grey",0.10626963742526,0.104852292933346,0.143989512098351,0.11296132006082,0.0747434672907495,0.0413486513378286,0.134144331064816,0.0757131795645014
"Ptms","yellow","yellow",0.329555263085099,0.133075245976261,0.339310601785084,0.324144132664601,0.0167039442030822,0.225404455413005,0.279655127254937,0.291784134011057
"Mlf2","turquoise","turquoise",0.247257725272472,0.146739855432482,0.24257413362648,0.182928147244854,0.0516362728407923,0.118836581834484,0.194165030859864,0.152665464283157
"Pianp","grey","grey",0.119054461652978,0.0885859368440624,0.148012106839458,0.128503292805325,0.0471123562957834,0.0513238608706094,0.135259657605517,0.0929754262042333
"Ing4","grey","grey",0.0638990831524588,0.0629337763965962,0.0861243931913152,0.0504143292079572,0.0462043334827647,0.00096236889052619,0.0642476925067997,0.0256576503224463
"Chd4","grey","grey",0.169976850651955,0.109062416522616,0.245691510309004,0.168804052231831,0.0839614552326184,0.111069726820504,0.15040608484906,0.200491220848799
"Gapdh","turquoise","turquoise",0.539023842937711,0.327395294803523,0.364338223910441,0.229651004669846,-0.0149649248202888,0.256566085623135,0.349290073262412,0.135732529605495
"Kcna1","blue","blue",0.0738064925942941,0.132646112734703,0.0613038301745841,-0.0346442383246259,0.0786962914323042,0.0173878559622767,0.0355238485817005,-0.0299577496139267
"Ccnd2","grey","grey",0.0270032137241337,0.0360990606818194,0.0989734666292217,0.0598718863832933,0.0677129861023887,0.0857166645631756,0.0327747087076781,0.113270941319267
"Gabarapl1","turquoise","turquoise",0.305050518348363,0.191146493961423,0.24550280096732,0.185583966238978,0.0245294746492944,0.191535498183999,0.229033389510705,0.137875772162562
"Smim10l1","turquoise","turquoise",0.207435228046639,0.151757585878637,0.157139373942404,0.0972023205460679,0.0259343197201695,0.0686601981426814,0.157165602764474,0.0331631214962099
"Lrp6","grey","grey",0.0212124856128122,0.0336596027975999,0.0628969567771103,0.0394023216200962,0.0473605462498255,0.0156744218319658,0.0368661811516745,0.0449193715746405
"Grin2b","red","red",-0.0122856057792361,0.00167490617420836,0.200535792044276,0.211696272222737,0.143845613565909,0.188458259640412,0.0763633717784953,0.411721312689095
"Atf7ip","grey","grey",0.0581190731054105,0.0362161497652491,0.0730388496412386,0.0486021489179886,0.0291778765726073,-0.0100594577434332,0.0576926999200334,0.024547415598453
"H2afj","grey","grey",0.100827601745606,0.0301685242805373,0.151614890853352,0.136440581690739,0.0409580451515573,0.0714483596148125,0.100611057529974,0.13099950779026
"Wbp11","grey","grey",0.110546656767727,0.0711698620574654,0.112521121630311,0.0642769516735258,0.0256201968989597,0.0924817542185872,0.0711415339980921,0.0716599567379031
"Plekha5","black","black",0.0279393246131344,0.0795997275382013,0.0963810142311523,0.0485082020737625,0.152609452424363,0.00983110498055815,0.0588877565939919,0.0607762704241124
"Ldhb","turquoise","turquoise",0.357164289790979,0.265194942574419,0.247866567516003,0.0956545076791853,0.0384610115498791,0.114933747891851,0.224532122894711,0.0210752225717952
"Cmas","grey","grey",0.157059620219092,0.134371397069796,0.161133224928282,0.102105870490812,0.0533584781535987,0.074615961409299,0.146815000154109,0.0634797574234354
"C2cd5","brown","brown",-0.0142592324910393,0.0421164720840046,0.0777506528406861,0.0373460224020828,0.115530424580143,0.0315035068829567,0.0249568531826652,0.0818966073335947
"Etnk1","black","black",-0.0497893955821126,0.0906230985898376,0.0633375143589432,0.0553792520001391,0.23197088057953,0.0259333186592004,0.0507708356503617,0.0826765300696894
"Sox5","blue","blue",0.0921416683552485,0.162534080334181,0.156458689406894,0.10860252414426,0.150872421394757,-0.02816666694336,0.158796553130412,0.0324838330755014
"Kras","blue","blue",0.129769763210895,0.146274425193486,0.132215001579462,0.0790870734651355,0.0642060331797401,0.0680957838512228,0.119931987584505,0.0488953100793562
"Ints13","grey","grey",0.0173055350756253,0.0365844457964512,0.0830230806287939,0.0628925415550171,0.0698619073518375,0.0026048573208477,0.0537581642839879,0.0622217022851291
"Fgfr1op2","yellow","yellow",0.129120904791099,0.0468329961830394,0.189787798817387,0.234499775186571,0.0397298716355423,0.0476743118557494,0.164967511946665,0.188730503650311
"Ergic2","grey","grey",0.0741106862984813,0.0907658365781639,0.114919617224,0.0651129592624063,0.0747578745478596,0.0261191966733337,0.0852788193546278,0.0481559633197599
"Dennd5b","green","green",0.0896943100899714,0.117545084414176,0.12206742875536,0.115513585448662,0.0806918425491806,-0.00322629405377039,0.165847694976734,0.0460159397063954
"Amn1","grey","grey",0.0177945683866294,0.028484857482774,0.0511518455120269,0.0228033552439615,0.0502363172615862,0.0199292567919245,0.0256586489862406,0.0252954105935599
"Bicd1","black","black",0.0357913427503945,0.115658147033663,0.103699187415304,0.0346217811276112,0.193384020068968,0.00117244979499047,0.0801328111851187,0.0224880826683394
"Prkcg","grey","grey",0.0901989035181233,0.0995488687977626,0.232412422796242,0.10931764694268,0.153914026110385,0.185602416288304,0.0718891660274722,0.222784775797392
"Ndufa3","blue","blue",0.108835471778098,0.124726267019862,0.02348708057596,-0.0519689390833846,0.00438438119629001,0.161050090100176,0.00805847431406227,-0.0320255943336389
"Rps9","brown","brown",0.175216020889031,0.0843487523499143,0.100210510974419,0.0088024721740785,-0.0280277912047073,0.202215348695538,0.0520658944065052,0.0383957226869231
"Ttyh1","yellow","yellow",0.0681413759144548,-0.0170621532645502,0.146090652697133,0.240277046656635,0.021935723695691,-0.0130222321499932,0.146125032305807,0.171635035815611
"Leng8","black","black",0.00391086286322169,0.0792642335183856,0.0662531170776798,0.00693725836889816,0.176069964680635,0.00236208804762972,0.0331717533283541,0.0180895636210812
"Syt5","yellow","yellow",0.169106263012776,0.058295113107486,0.193365890796993,0.222522476127343,0.00881990604263014,0.100231559230324,0.184121897423314,0.176305199723894
"Rpl28","brown","brown",0.180727277723102,0.101792044867649,0.0997439091501781,0.0290249892643891,-0.0167423472911175,0.260191038794802,0.0659783803045356,0.0603912455434872
"Ube2s","turquoise","turquoise",0.154099040453333,0.109630095942314,0.118606477520188,0.0589707199589981,0.0262588029278452,0.0870449917164756,0.100922231800442,0.0374920039888696
"Epn1","grey","grey",0.0858232624686862,0.0695900637500347,0.117685385318426,0.0832343076012982,0.0482219756760775,0.0634430740145911,0.0880565008628479,0.0797505184776539
"Peg3","blue","blue",0.0782025402228277,0.363426909750745,0.114178435713966,0.0271976069728984,0.223953009904394,-0.0667813542025875,0.175378730207606,-0.0933095944415209
"Usp29","blue","blue",0.0483677203785221,0.151580599263316,0.0168829856271219,-0.113817550048421,0.0549939967777211,0.0298418089543727,-0.00371861177930912,-0.120425883550108
"Clcn4","grey","grey",0.088889325065172,0.0757684069577334,0.0759339333807568,0.0391195780342988,0.0241193823496806,0.0511584794737629,0.0698844975056899,0.0202807795355441
"Zfp329","grey","grey",0.0347007274742863,0.0681290633877561,0.137907945733108,0.115606224339738,0.100983182412147,0.018425756114285,0.0916955982139911,0.12587021245901
"Rps5","brown","brown",0.158981131816348,0.0727866050776353,0.0705082643656442,0.000369486637490396,-0.045741816732615,0.23806030859959,0.0387754275148248,0.0376438739517947
"Selenow","grey","grey",0.20464944435837,0.115727771369571,0.236803042348791,0.240857208474792,0.0475342550184121,0.266717194020956,0.188813995888763,0.275588186794331
"Napa","grey","grey",0.150523372371827,0.0853419335299528,0.164528455027205,0.146100477988105,0.0287202883034651,0.0677316235136215,0.145920550484973,0.111467829536954
"Slc8a2","red","red",0.0711626197663221,-0.0397764887489468,0.161014212084148,0.20829358760796,0.0170986519178814,0.121206383449659,0.11130063436088,0.284891460529759
"Ap2s1","turquoise","turquoise",0.201487234683643,0.124902653383538,0.161514720686137,0.119386757370315,0.026156887106867,0.111030884020806,0.159781191950893,0.0738832683892543
"Strn4","grey","grey",0.0129747663396278,0.021297441203752,0.0895361416081447,0.100944149366135,0.0780600771065949,0.0272307568495874,0.0671821421625713,0.1065742219032
"Calm3","turquoise","turquoise",0.282934709141022,0.15112768578873,0.246239162753966,0.183744116155287,0.0237800484841644,0.156625870302138,0.204893141358517,0.161618766702432
"Pnmal1","grey","grey",0.178940940159114,0.0918463195204162,0.199876841235967,0.149599397465544,0.023826992554097,0.114417752309699,0.149516095105753,0.150257662537217
"Snrpd2","grey","grey",0.131741751436647,0.0784210012229418,0.102175244223419,0.0723962126986516,0.00472387558109307,0.110778141243362,0.0852024225912819,0.0582221917912765
"Rps19","brown","brown",0.0883158877408572,0.0126011818879105,0.0583545114516162,0.0104096841411438,-0.0301108105633715,0.273041900658399,-0.005335460878276,0.107792338603099
"Rabac1","turquoise","turquoise",0.286069561912326,0.190988984622418,0.176722616128825,0.100269997565485,0.0067118851014054,0.140196937423013,0.190527680245156,0.0199812065909679
"Atp1a3","blue","blue",0.17857418654449,0.310805733589132,0.159367592526772,0.037800577124513,0.136389867258141,0.102620553882289,0.165038211668762,0.00833549784043185
"Grik5","grey","grey",0.0153417875995514,0.0185772688991092,0.0850695143288413,0.0757678050498762,0.0679393385961239,0.0523378923220818,0.0480255734076081,0.102131570876686
"Sptbn4","black","black",0.0100930090094352,0.0712681656151286,0.0886170689771337,0.0643526195189108,0.165513048892993,0.0238300132327619,0.059486943982339,0.0770082635893349
"Pld3","yellow","yellow",0.196228513028837,0.110305245234121,0.204768618584956,0.236009010359047,0.0199405863037702,0.0843202789247941,0.218738458160257,0.153343679433349
"Ttc9b","yellow","yellow",0.203793240536583,0.0930559687387059,0.217328275722221,0.290700310202522,0.0347115497156513,0.116102512475024,0.247247928289444,0.181916741949562
"Supt5","grey","grey",0.0491237178568136,0.0717632444884331,0.085791751332255,0.0471411282873668,0.0702113230682002,0.0308791702852179,0.0626158725832641,0.0403230868418071
"Rps16","brown","brown",0.123818757868573,0.0574558665919634,0.0624047857129272,0.0122332340501015,-0.0262536867038612,0.281445558942619,0.0244621027463504,0.0738122630569587
"Mrps12","grey","grey",0.14447689500078,0.115343649790209,0.142856577072813,0.0914896345872528,0.0562110420634773,0.101242712068073,0.118758299703585,0.0661594987326511
"Hnrnpl","grey","grey",0.0578507268934469,0.0562227032919721,0.104482151260107,0.059394622518437,0.0568775523771117,-0.0127212413891101,0.068585798899562,0.0483886982657271
"Eif3k","turquoise","turquoise",0.18933322979881,0.110771465034413,0.139333269170615,0.0807912800131232,0.011267892005515,0.132484472284384,0.112254622196869,0.0667654643472051
"Zfp260","blue","blue",0.0763036969269955,0.142146692260679,0.087051281849471,0.0144430209621727,0.0902828355768567,0.06368113603605,0.0574750125770317,0.0127970346387925
"Aplp1","red","red",0.145472404624099,-0.0552031825512304,0.136987315468196,0.16653112231543,-0.0792385975316398,0.114234133046962,0.0938645828748785,0.202759419735449
"Psenen","turquoise","turquoise",0.130456426822829,0.0721124141123983,0.0832780329255396,0.042744581627529,-0.00708704252834489,0.0793806342790528,0.0648118677471603,0.0229171314388555
"Cox6b1","blue","blue",0.258145047544518,0.215584408422631,0.140368727694134,0.0431272026499859,0.0106702319534122,0.234720742275873,0.122476948204928,0.0243056235109458
"Tmem147","turquoise","turquoise",0.15199695768773,0.133844084164384,0.112714089074314,0.0361637653671895,0.0376186587177405,0.0721006895787808,0.098100270405473,0.00566706377848607
"Fxyd7","yellow","yellow",0.188541445366179,0.0814276661621466,0.216493743844549,0.328235592861803,0.0297335340581034,0.0880022921074496,0.280439328085507,0.184042709346866
"Scn1b","green","green",0.205933587132681,0.19543182571249,0.211993040769807,0.19131749233368,0.0921510256284625,0.0570576306672254,0.275032916930883,0.103941752396655
"Uba2","grey","grey",0.0735762975944354,0.0645897476971226,0.0902810543863136,0.053769598212909,0.0443250215271491,0.0364630485751874,0.0744595665593797,0.0396128633026008
"Gpi1","grey","grey",0.160145603588001,0.154135541178779,0.201735085064263,0.09700236347774,0.108994861985736,0.110996880092355,0.136180437993559,0.0990063384931413
"4931406P16Rik","grey","grey",0.0477449983205961,0.0728053995640995,0.081847005995418,0.0574674584593438,0.0678680152943446,-0.0254082794132228,0.0773993009480594,0.00786069263631441
"Pdcd5","grey","grey",0.116423425484477,0.083770452798471,0.0994975415095904,0.0591552223581972,0.0182082511394398,0.108041592748138,0.0787981262199951,0.0551348568634313
"Uri1","grey","grey",0.0993134538935859,0.114796365250359,0.117867525254871,0.0527741865738268,0.0724879823129947,0.0218160439829576,0.093910587858875,0.0286449165224839
"Shank1","black","black",0.0141072896283588,0.0716676580456201,0.0904399930289042,0.0692955269560808,0.160200228564722,0.0204938155882142,0.0654875252470056,0.0714386858633626
"Josd2","grey","grey",0.0697947612956825,0.0172777047619385,0.0650275361617409,0.0188421526647153,0.0126538702363343,-0.00458482520861587,0.0293425482594936,0.00037563533888385
"Emc10","turquoise","turquoise",0.176333866079972,0.118087068409029,0.151886630089889,0.0871547416288161,0.0261506537250183,0.0715959540229665,0.126822317324081,0.0597892262314143
"Ptov1","grey","grey",0.127118677466231,0.063474099265909,0.126733736935605,0.0880168223385615,0.0131800918698903,0.0694943461806443,0.0968275097012037,0.0741952077775089
"Ap2a1","grey","grey",0.107176718888707,0.0672042245919622,0.102572959295662,0.0695088546117408,0.0269808031942001,0.0427394078279853,0.0893448262168674,0.0409809098346149
"Cpt1c","brown","brown",0.0596606207737952,0.0581597576499261,0.10277761307094,0.0650607372687101,0.0635801519860373,0.0615003594845166,0.0647036738154276,0.0798710009967556
"Rps11","brown","brown",0.118067164604844,0.0781937887674838,0.04378562544683,-0.011296099207568,-0.018089447855583,0.253059002743874,0.0184860958396923,0.0297594728175637
"Rpl13a","brown","brown",0.145137634765591,0.0984931942796869,0.0958164463477788,0.0304495919793343,0.0108944303795587,0.198621806680088,0.0678119079805984,0.0452351783827855
"Slc17a7","yellow","yellow",0.0187673644305519,-0.0707176596279762,0.237040041411877,0.442769030068273,0.121959815101892,0.073770181695681,0.243325790752531,0.409302435792553
"Lin7b","yellow","yellow",0.159969256095163,0.105463533250091,0.235264452145111,0.241673884800689,0.0870138607346603,0.0903913215332953,0.206083445685515,0.20319599241412
"Snrnp70","black","black",0.00607566143683342,0.0877765684753315,0.105561097899919,0.0840242411392541,0.185327758106323,-0.0388333302372387,0.0895842843312064,0.0803869562339778
"Ftl1","blue","blue",0.131210608402774,0.115027625451485,0.0668691668528056,-0.0191610025736574,0.0115535324112743,0.110472274888645,0.0415875498155194,-0.0266633008333151
"Bax","grey","grey",0.140644247317304,0.109827655585045,0.13847314659551,0.0739874383815895,0.0432152736212004,0.0601641278998993,0.107158158384126,0.0460906686749524
"Car11","grey","grey",0.120714204461806,0.0672502474949566,0.170747404419979,0.151109852915317,0.0449472346823645,0.0656912850704104,0.127041506001734,0.146008488142999
"Rpl18","brown","brown",0.174668454616936,0.0626162726083801,0.0784631818912398,0.00275708041560068,-0.0534110614176165,0.185216950305354,0.040659757873723,0.0206546929711323
"Lmtk3","grey","grey",0.00706995328282839,0.032415608376704,0.0865808701632772,0.0739138472364067,0.0867499491932347,0.0377870898830822,0.0571772777325792,0.0919628091643179
"Kcnc1","blue","blue",0.112366882158597,0.301312174959616,0.0243794337565904,-0.199220482725229,0.127870255204096,0.00928206911207729,0.0157153868676303,-0.224405426342906
"Ldha","yellow","yellow",0.216345054802769,0.102636804971126,0.221952573247163,0.238742815733962,0.0208181911907568,0.140596119282134,0.207438689584815,0.180940699138482
"Ptpn5","yellow","yellow",0.0838824251077584,0.0603793017333148,0.167475890381764,0.227005730584327,0.0671335881569764,0.00137152696015355,0.168557296310921,0.152132877968991
"Nav2","black","black",-0.00420449079389369,0.0651550269039468,0.0555655225520904,0.0162092504576815,0.15815495108694,-0.0359437489862102,0.0458497228471122,-0.00206955171490981
"Cyfip1","brown","brown",0.0415520485550218,0.00776662260507554,0.0713991665171856,0.0286250269602251,0.0253901871704252,0.0857484008304944,0.00816254824622169,0.0877081688386803
"Nipa2","grey","grey",0.0893019887109147,0.0892975544172621,0.111581287563587,0.0626404593047616,0.0622420892219107,0.0556519071400741,0.0855995422544875,0.0520633645954367
"Herc2","grey","grey",0.0352088033072664,0.0484352772955256,0.0947604632555148,0.0894522296013494,0.0722379039854168,0.0255943146035022,0.0836320856510453,0.0796519471895562
"Gabrg3","blue","blue",0.14284090790276,0.284497251868952,0.148645846312908,-0.0282181858155702,0.16160327432135,0.0283208779420934,0.118883356483607,-0.0657878451876181
"Gabrb3","red","red",0.13007350650069,0.0657255373383853,0.225499050821383,0.17721990777289,0.0891547898974697,0.152077972185833,0.135860742706113,0.262148112370736
"Ube3a","grey","grey",0.082195374623394,0.125663761770695,0.16736489550893,0.128978766398029,0.116288034460256,0.041303727855616,0.133337601067536,0.124648041023173
"Gm38393","black","black",-0.0531041591937049,0.0866241845872765,0.0183292213887667,-0.00189317759419529,0.192317628739345,-0.030152935087933,0.0226941388147814,-0.00729096296425886
"Snrpn","turquoise","turquoise",0.369814409388127,0.322075325905031,0.287560625813081,0.162464582828905,0.0932782651910713,0.180933289641314,0.286081273014952,0.0671201540315393
"A230006K03Rik","green","green",0.127991617603328,0.166067633970708,0.214861207686196,0.144924468077467,0.13832881116277,0.00327686870645159,0.214984759750913,0.0921277954355958
"B230209E15Rik","yellow","yellow",0.128232830053276,0.10188357794273,0.215318216059452,0.227940776063537,0.0979034717310677,0.0556993753988479,0.202353435575493,0.167545584070345
"A230057D06Rik","blue","blue",-0.0248428905227934,0.106163797004779,0.0157816058727601,-0.0497581722896656,0.124774102394911,-0.0157994498117396,0.0148734715261564,-0.069419071862537
"Otud7a","grey","grey",0.0642075612834309,0.0491648476858653,0.133700029372825,0.100376463271046,0.0689809547740299,0.0507738190807385,0.0846663330923633,0.110927457195146
"Apba2","yellow","yellow",0.128690297550672,0.0933670804250653,0.22382406785107,0.27055048479756,0.10491278125176,0.0225796964247457,0.230975710271194,0.184263210102033
"Tjp1","grey","grey",0.114164617454371,0.091750273664595,0.172934639907361,0.125430643364573,0.0762408934264437,0.00265696063955365,0.133878244758126,0.0980198128565248
"Tm2d3","turquoise","turquoise",0.184050531297596,0.123589032255153,0.107959592129688,0.0442527990218456,-0.00829032950984255,0.0810438212860683,0.110088648767723,0.00268578110056528
"Selenos","grey","grey",0.145424766510677,0.0358321014106918,0.105642033343243,0.0781634956298153,-0.0341321570896441,0.0719620749341558,0.0791368440923875,0.0580355979720484
"Mef2a","black","black",0.0632840836757727,0.114121337114308,0.0674056718858634,-0.0105513778649758,0.127350355760111,0.0312285948385985,0.0518275826164525,-0.0247160159462707
"Igf1r","grey","grey",0.00584151114132262,0.0109024880558619,0.0534962319275082,0.0658585044448904,0.0459018299717686,0.00432782948207981,0.0520266731393814,0.0504625987418954
"Chd2","grey","grey",0.0511835540185876,0.0918579378825779,0.088900585875298,0.0413349471671983,0.0846134570578905,-0.010429318809848,0.0766987096728911,0.0177004882892365
"Sv2b","yellow","yellow",0.194522589024439,0.0733309964097348,0.37066058342051,0.533997519680084,0.124280542288379,0.0901080292051731,0.382905191036462,0.399167884768168
"Ntrk3","brown","brown",0.0150665668537124,0.046803713527692,0.146264889549007,0.0520750669335574,0.125090102578658,0.137000368415563,0.00640809915584796,0.195865097951611
"Man2a2","blue","blue",0.0143157090591055,0.0887940804754024,0.00710883578928525,-0.0785512900994736,0.05349330867324,0.0260292831183447,-0.0243812665041219,-0.0512064165863284
"Crtc3","blue","blue",0.00586461205991316,0.0655467511686008,0.00232959223653046,-0.0878442020299977,0.0517805922023972,0.0233349182774537,-0.0346863181853932,-0.0469281697921411
"Rps17","brown","brown",0.109840608932576,0.0552355737957226,0.0452331833303674,0.0135781767795464,-0.019709596629018,0.180897299789241,0.0287977021428406,0.03218380300597
"Cpeb1","grey","grey",0.00504932816261152,0.0482610678785115,0.11979558974755,0.0877274378082974,0.118172940208452,0.0310923203791026,0.0622483929958252,0.122429478341917
"Ap3b2","grey","grey",0.0837273936364978,0.103962686085771,0.125882884334371,0.0637667673172924,0.0808287940508855,0.056548725748016,0.0874866230783751,0.0651222530335064
"Fam103a1","turquoise","turquoise",0.187147119152048,0.123797132885787,0.167840750872493,0.122824844171858,0.0304906814108016,0.0965446486565087,0.15203922571499,0.0839454067484377
"Btbd1","blue","blue",0.12984375554456,0.140762364943086,0.116267378622354,0.0245326611145568,0.047746965701479,0.027166263722801,0.0927026289435953,-0.00554301977106819
"Hdgfl3","grey","grey",0.111143298065631,0.0915099305761187,0.118293020198347,0.0579818323525638,0.0390086685872504,0.0557273662870463,0.0979602950859351,0.0275516793857464
"Arnt2","blue","blue",0.0924253583007395,0.145634835991387,0.107718019678473,0.0513771839159115,0.0895615471891564,0.0046679148046252,0.111510706848916,-0.0050847795104879
"Zfand6","grey","grey",0.0794813006631536,0.0350974834963078,0.0863233392629736,0.0577802511936465,0.0154437196045048,0.0470668668971962,0.0560459709501099,0.0602748647556799
"Grm5","brown","brown",0.0691452562053293,0.123613850965473,0.196644176778799,0.108462324104334,0.143881445380318,0.186251003789578,0.0778423628621786,0.234095995568533
"Tmem135","grey","grey",0.0782320998961222,0.0859152315071713,0.106196455751272,0.029677075403687,0.0656260349882942,0.0433931172103341,0.0586732466955126,0.0370303026408495
"Me3","blue","blue",0.0541312855431385,0.169566460543131,0.118144672996521,-0.0220069593305008,0.156743380229813,0.0229528453800558,0.0452478443020474,0.0137412753706083
"Sytl2","green","green",0.0480062754037506,0.0148568106256965,0.0893904553401566,0.178108368731798,0.0211984193907735,-0.0734255064970495,0.169773901969463,0.0679972497491354
"Crebzf","grey","grey",0.0431136249577229,0.0727897399998292,0.0810411452492941,0.0304044010243588,0.0747989039985253,-0.019761389797284,0.0601778749606705,0.00437016596840025
"Dlg2","grey","grey",0.0826183192431218,0.112163363352643,0.232904234180121,0.229123051103521,0.129519133503579,0.00551974797788666,0.191290355162271,0.210118920053341
"Gm45159","brown","brown",0.000973844540045789,0.0335321209826293,0.112168588456406,0.055050840866293,0.104991505843973,0.0448201409152654,0.0336847357171977,0.113130152636237
"Pcf11","grey","grey",0.0511468480988847,0.0650230032539035,0.0834269856659885,0.0349841257024504,0.0599281710803637,0.0284082122061434,0.0510909898851581,0.0381395459924381
"Tenm4","green","green",0.0855363732904058,0.0807179672108888,0.147058632924203,0.170732299320882,0.0812766667350795,0.00685014815730735,0.188046835749757,0.1063129499251
"Ndufc2","turquoise","turquoise",0.274597531121295,0.187242201860213,0.121030616691595,0.0168441207315419,-0.0263100422677853,0.187233045943695,0.121830129220441,-0.0253050771505283
"Rsf1","grey","grey",0.0834684217395709,0.0683394101785821,0.126921342166363,0.084448456565366,0.0638459494663202,0.0489564202248902,0.0846991099389785,0.0822689844289986
"Pak1","yellow","yellow",0.235590238673458,0.168617860330511,0.23548526948373,0.287965619165292,0.0722344223336275,0.0490933992386898,0.299200743460321,0.116291324681791
"Acer3","grey","grey",0.0531535442030868,0.0849613053487046,0.0770275092461087,-0.00351527694851189,0.0748803156254485,0.0314979949413491,0.0395440538501219,0.00731181497346292
"Emsy","grey","grey",0.00891339304697742,0.046914499607275,0.0874999402998027,0.0658954379428242,0.0971293171397633,0.00733683427518298,0.0499442602501626,0.0762100404938194
"Uvrag","grey","grey",0.0723921273236794,0.068217698078115,0.121217550180919,0.102248292378812,0.062288991348879,0.00373514767382556,0.104779305086668,0.0743013086031102
"Rps3","brown","brown",0.220140453001238,0.10386619932227,0.131447387156498,0.0512757042807453,-0.0403997692923604,0.255455044986334,0.090786347750649,0.0739699783551929
"Spcs2","turquoise","turquoise",0.192513514857189,0.101356803192357,0.12255690502032,0.0380982687576808,-0.0141838102926009,0.109626105661908,0.0912210101623283,0.0256668565449267
"Pgm2l1","yellow","yellow",0.18712483151578,0.117742816264751,0.258027750378143,0.317358933128394,0.0901503664817633,0.133576695134818,0.269859409639603,0.238067940177022
"Ppme1","yellow","yellow",0.180696978010484,0.0932134869096857,0.218286676427216,0.256269387587358,0.034936304151536,0.0306419185903593,0.220958482105454,0.168907449301572
"Mrpl48","grey","grey",0.106588136198611,0.0496623686170655,0.0978657077809857,0.0797943628369037,0.00430545836427119,0.0520781976059672,0.0826941211998795,0.0530827571234622
"Rab6a","green","green",0.265750078879067,0.195142604736237,0.247999844036893,0.203005517109301,0.0637721580128705,0.12533160552177,0.289394789755033,0.116149317407318
"Fam168a","grey","grey",0.106528452487631,0.134449124111015,0.140275843758082,0.0573292624003018,0.109856187797527,0.053611670061802,0.114565912573709,0.0394998563312947
"Nup98","grey","grey",0.025729435004663,0.0598260326103415,0.0847344009153299,0.0509544818881059,0.0767423915719889,0.00227070321209938,0.0534719496843196,0.0459002256264178
"Hbb-bs","grey","grey",0.0043993795064006,-0.0146754960934904,-0.0226150251218275,-0.0833141688809647,-0.0246305684211824,-0.065955452677893,-0.0577877346153625,-0.079540993177198
"Fam160a2","grey","grey",0.0470745341191057,0.0427506735213086,0.108739750163416,0.0914765013665833,0.0667636219729569,0.0189188697392311,0.0866830865076932,0.0789732708624651
"Apbb1","green","green",0.175278329304658,0.109076337590248,0.182379389735545,0.175008221852359,0.0438066373543412,0.0793622597314644,0.220112589459853,0.113974960765439
"Trim3","grey","grey",0.0482333110075747,0.0547453435691963,0.111845884292621,0.105765268269827,0.0777796188667648,-0.00436914138852068,0.101093150343761,0.0737434067421705
"Timm10b","grey","grey",0.0786681928747341,0.0977232229076252,0.100845490132768,0.044916246397736,0.0709020414313138,0.0445293816724534,0.0724209147602613,0.0348546554182184
"Tub","red","red",0.0262845329945671,0.0262116119529986,0.126256813910744,0.133595444081794,0.088523752707698,0.0604800234958,0.084328540195894,0.18228137445406
"Ric3","grey","grey",0.0981816984453428,0.0987925656951014,0.104761996547451,0.0463967528734978,0.0429742955622364,0.0564403628611543,0.0795883596984607,0.034597691495999
"Rpl27a","brown","brown",0.107297639453917,0.0385110044204984,0.0523938355098387,0.00469834178305178,-0.0252658365572435,0.26066449098421,0.00902435486864118,0.0691722950588694
"Tmem9b","turquoise","turquoise",0.174165274672338,0.100947530149436,0.119963786835535,0.0600567613496591,0.00469128585847066,0.0895510067952138,0.105212717485766,0.0300893248957027
"Tmem41b","grey","grey",0.0515429461215672,0.0567592269037122,0.0673335587400111,0.0207610095005754,0.0447272712991925,0.0177544319819876,0.0432664485869337,0.0110224551885835
"Ipo7","turquoise","turquoise",0.173982893423315,0.145345161974736,0.165646712789303,0.0853868906314218,0.0665128976970289,0.0863658540809746,0.132829869653169,0.0625253801291477
"Sbf2","black","black",-0.000907242981487258,0.0645132021049622,0.0473442413883393,0.008559570771924,0.132821180281742,-0.0129318644557592,0.0306041403160907,0.00227729354674549
"Ctr9","grey","grey",0.0624157030015647,0.0503643994578944,0.0599183894799955,-0.0059593682910023,0.0327384250382163,0.0215542680929584,0.0230345992931291,-0.00174385801550652
"Eif4g2","turquoise","turquoise",0.251685679024648,0.173420518313032,0.191391348384609,0.110892464793938,0.0326299139578248,0.120977423236321,0.177226052793758,0.0591058503759708
"Usp47","grey","grey",0.0411854503335167,0.0448760873637979,0.0609336557990291,0.0288220707906233,0.0359307709470807,0.0220298074758658,0.0418847050012282,0.0214726665954566
"Dkk3","yellow","yellow",0.0981925175992794,0.0231483654777483,0.151872210709703,0.278650275722956,0.0278479380056063,0.0589545564218223,0.197766486111367,0.190442317839189
"Mical2","yellow","yellow",0.00616202934287165,0.0501994855116044,0.165617663100943,0.255697161878003,0.152040234990966,-0.00474521462868397,0.165004328183774,0.220437471400691
"Arntl","grey","grey",0.0519458413063921,0.0542905874896475,0.120033373388674,0.14878689667785,0.0619768022636999,-0.00758100402880203,0.12198265259133,0.103600877042591
"Btbd10","yellow","yellow",0.11195541401556,0.0871062958867423,0.20760948839891,0.248521597628383,0.0999461768241888,0.0125689881350981,0.202279388595524,0.181379397019866
"Far1","grey","grey",0.0102467213062727,0.0682166458564407,0.135017983860177,0.100174049148872,0.147445680163547,0.00390321314141123,0.0793774554934444,0.106741124261105
"Copb1","grey","grey",0.120236904824364,0.0766762981361117,0.0948879350149998,0.0315319338577665,0.0148179345854578,0.0722764039166827,0.0645506196369522,0.0264982047895068
"Psma1","grey","grey",0.0940879445588746,0.123783193397665,0.126012145476132,0.0539125878161912,0.0856988980117536,0.0470045297392273,0.0988751147269072,0.0341119647724093
"1110004F10Rik","turquoise","turquoise",0.191024805565498,0.127393740448991,0.145835208215536,0.0608721291129018,0.019591006409339,0.0892515019700249,0.115613204979291,0.0401491201628302
"Rps13","brown","brown",0.128793014873268,0.0937172075166341,0.0645493658201191,-0.0133174299171215,-0.00724982003607566,0.216025174097168,0.0312176256505905,0.0218352982018509
"Rps15a","brown","brown",0.0563883576597764,1.51838411435457e-05,0.0179254809625945,-0.0105175166397653,-0.033870830565727,0.245243089160782,-0.0237532792308609,0.0703776258761508
"Arl6ip1","turquoise","turquoise",0.284136481098027,0.149092575259129,0.223302023263116,0.163660697115789,0.00349475297579965,0.213817622750999,0.186436670885708,0.147839989937625
"Smg1","grey","grey",-0.00247670896121507,0.0594517954042068,0.102905074664616,0.0727557832973936,0.134908655213371,0.0155307198109388,0.0651286250314439,0.0919944062036606
"Gde1","turquoise","turquoise",0.247356223924577,0.157467092201307,0.20519875339613,0.148656017973947,0.0382396155304491,0.0991522553482187,0.202724334960817,0.0834481563638209
"Uqcrc2","turquoise","turquoise",0.181873975293102,0.139370458928944,0.126689659450814,0.0485491119877778,0.0333872280743087,0.112817204285673,0.109385973895442,0.0280935631425273
"Ndufab1","blue","blue",0.213985950881364,0.194820064206478,0.135192284165115,0.0358645159671319,0.0307611409216215,0.152229103326428,0.111990953029139,0.0137067409752195
"Prkcb","yellow","yellow",0.152025929350309,0.151689849776306,0.256613481095965,0.290652533234759,0.141277384509872,0.0659559357022147,0.244898985968342,0.215018805682581
"Cacng3","yellow","yellow",0.162736995667642,0.0787286953694672,0.299988685721257,0.328145639715668,0.0790793824799853,0.0758896352117985,0.23080675721763,0.301692215320391
"Rbbp6","black","black",0.00185022877833258,0.0439493998557996,0.0423832590218002,0.00910540852077273,0.109410106112852,0.019222442917312,0.0169539541704362,0.024219126691043
"Tnrc6a","blue","blue",0.0318887774143924,0.152229208106798,0.0261828029435174,-0.0718585791859795,0.100952937688548,-0.0227687467090357,0.0215948010290522,-0.104065066614014
"Gtf3c1","grey","grey",0.0660340530796519,0.0625837662806919,0.112566985088324,0.0594839800239473,0.0596054760902431,0.0458849817654318,0.0659050282826933,0.0698221560166199
"D430042O09Rik","grey","grey",0.0358052592300779,0.039197408952732,0.101222553200099,0.0670403402598401,0.0740697813630018,0.0360427792051848,0.0524581164478443,0.0867542257952966
"Atxn2l","black","black",0.0151258058412293,0.0799390157370284,0.0495041816305755,0.00803554259453647,0.143305166603597,0.0109431648609608,0.0320687902285741,0.00092817345798751
"Eif3c","turquoise","turquoise",0.269651311524258,0.164406326253888,0.169368477751335,0.0911437754832087,-0.0111956811133172,0.145724023482429,0.159720039761264,0.0434206264474613
"Ypel3","turquoise","turquoise",0.271742139507462,0.161492451666267,0.219545093196255,0.181615707588095,0.0140966772481228,0.120519012624385,0.228650905734036,0.110478020213949
"Aldoa","turquoise","turquoise",0.447607979865878,0.246880514905082,0.343775390346992,0.238031635508488,0.00436621476910153,0.26423194700914,0.306934037245953,0.186859282410274
"Sez6l2","grey","grey",0.194203297130057,0.106700268413085,0.205744105595106,0.137597676953272,0.0262729930142501,0.144038465445281,0.147191626581656,0.157290245694344
"Srcap","grey","grey",0.0172173959648636,0.0381511405959944,0.0706878601102174,0.033360911752244,0.0691334073046849,0.00994843122148167,0.0307840369907088,0.0470573200267267
"Phkg2","grey","grey",0.0618280087899583,0.0877201918704702,0.0995676755689371,0.0353220782437311,0.0857460314576675,0.0239010841244696,0.0602135655455005,0.0282978495423694
"Stx1b","grey","grey",0.149395085223093,0.122359103135481,0.15838493114262,0.123906083965461,0.0533028809041268,0.0571809811704935,0.155861538786201,0.0730607635187462
"Fus","black","black",-0.0580034359389732,0.0663293516264248,0.0522451452315049,0.0200516100252858,0.218269076488852,-0.0395885586477951,0.0129168807528769,0.0548646129533737
"Tial1","black","black",0.0372930923882454,0.0778884301148172,0.0678387664174207,-0.0135378403195552,0.126203336141839,0.0156468758416583,0.0251230450666136,0.00536707746156743
"Inpp5f","blue","blue",0.051481286480475,0.144875851181463,-0.00715572564752143,-0.115186002242709,0.0435546002113597,0.0300006352577775,-0.0205947834497586,-0.121557073656319
"Ate1","grey","grey",0.086566524860203,0.0826296371078875,0.102741177969655,0.0340938651122994,0.0561225177984014,0.0232104307155543,0.0673282001107967,0.0213704603251038
"Plekha1","grey","grey",0.0105222324129947,0.012472249337267,0.0359462099022883,0.032186079762095,0.0339392928790893,-0.0615714267900237,0.0343442870251833,-0.00853077026942035
"Pstk","grey","grey",0.0648110024968414,0.123443272645218,0.12423770152545,0.0380442883468906,0.117547025228745,0.0370923666438105,0.0704950641061715,0.0450343274918413
"Glrx3","grey","grey",0.131763910483475,0.114675472305885,0.135439053672106,0.0633017914237393,0.0472852611623285,0.0779053636836085,0.0996015222993802,0.0507638030916899
"Mapk1ip1","grey","grey",0.0493792206465573,0.081615469195346,0.0955530568887129,0.0286694694036447,0.0793007425716962,0.0445717255414134,0.047902178270581,0.0441114387787844
"Bnip3","turquoise","turquoise",0.259994160010862,0.166600300456946,0.193405707609309,0.140546958159339,0.0195664792304933,0.138828135212063,0.198520729248213,0.0757485362544853
"Adgra1","blue","blue",0.135000949004394,0.25090733301187,0.169208662603988,0.105747421279619,0.17059351793246,0.0323332008194704,0.203928600610118,-0.00298040532182583
"Caly","brown","brown",0.235344213964384,0.139014207045084,0.187041224943012,0.0478164094905705,-0.0025031839721621,0.247267119368016,0.0993707529240248,0.108256439496697
"Sirt3","blue","blue",0.0894536179448663,0.138076836087951,0.107564562466091,0.0302381085072343,0.0959257212995117,0.0320363692194215,0.079620061541592,0.0164293739177875
"Psmd13","grey","grey",0.0826438194477435,0.0572161382722442,0.116974575380911,0.0883077640687069,0.0406143576158827,0.0394260894876809,0.0846703346454991,0.0815185724058301
"Cend1","turquoise","turquoise",0.25843094225756,0.254343015577139,0.201105285017943,0.0582422898142902,0.0922781149652047,0.0978871083363449,0.186511432197436,-0.000771760980461771
"Rplp2","brown","brown",0.146301713238644,0.0566173976841594,0.072889772139007,0.0425038668240978,-0.0350495734870679,0.257922986264562,0.0445331512328988,0.0799608367246383
"Polr2l","grey","grey",0.0954062079350358,0.0832077500860281,0.0790815892096675,0.089605516302913,0.0227313110140453,0.101264441307767,0.097236450451074,0.0510175198440611
"Ap2a2","grey","grey",0.0702131202827632,0.0553725926025245,0.0939385863452656,0.0586383245541656,0.0454284625626403,0.0783665150431018,0.0676347835074681,0.0604100991068164
"Cd81","turquoise","turquoise",0.175943633589202,0.031391537785616,0.0211746234772286,-0.0557151478900036,-0.0978253947346192,0.00278804215177881,0.0200463113864173,-0.125194823187493
"Kcnq1ot1","black","black",-0.137149329183211,0.0595157899672462,0.0289894970038151,0.0221368660363766,0.284645707994863,-0.0632577265598197,0.0124092601180735,0.0520778538609283
"Rmnd1","blue","blue",0.0576621624666872,0.127964574945463,0.0941032470522091,0.0153826107793879,0.100678711223976,0.00203451231361714,0.068078111226704,-0.00281104882148421
"Syne1","red","red",0.00248411809809674,-0.00398066649353966,0.128219142356743,0.220980573597656,0.0582877708335241,0.0110429572334086,0.116934389781749,0.265213241009741
"Rgs17","green","green",0.149926326732369,0.140911536455447,0.155510460474982,0.122290768603376,0.0673007488975143,0.0567883630751649,0.192894667610945,0.0621406511803901
"Ipcef1","yellow","yellow",0.078935437621584,-0.0126751340749288,0.137876806240838,0.236264521771914,0.0134637800380127,0.0459130748855346,0.159987463912612,0.172416956273097
"Lrp11","grey","grey",0.142452237484425,0.10660699648365,0.1554823929692,0.10698325405523,0.0530462213567951,0.0882812576373857,0.136210220127056,0.0878941450675678
"Pcmt1","grey","grey",0.166865871977018,0.124274132559929,0.187001968022867,0.137893021776105,0.0586966263451304,0.0806806489480154,0.163181854192847,0.102537359224362
"Stxbp5","grey","grey",0.000110816417087633,0.0161597320981485,0.0865199275659396,0.0631308526144823,0.0799786377502488,0.0515027717861299,0.03794479017309,0.108774199764022
"Shprh","grey","grey",0.0569377099174849,0.0572438698252326,0.10488703241302,0.0594778907323778,0.0668362851298154,0.0298673148333425,0.0633085068128343,0.0664408766932071
"Sf3b5","grey","grey",0.15472417543459,0.0984475881074788,0.139740346388897,0.102370571836496,0.0173167890415508,0.10395831689031,0.122408732140019,0.079079963215324
"Aig1","turquoise","turquoise",0.184078790613323,0.154721720174908,0.141841925199377,0.0760212875908264,0.0468520910893243,0.0255351647594619,0.150564468514563,-0.00966646695182923
"Hivep2","yellow","yellow",0.0765772623472359,0.0625387868730946,0.202813994683992,0.28799682596486,0.114131295693895,0.0118752840246762,0.206819979062707,0.221830770699527
"Arfgef3","grey","grey",0.0578845402747708,0.0448112330395462,0.143191679953022,0.176128315711016,0.0661816517361216,0.0480050764848053,0.140028785446447,0.155424389238301
"Map7","grey","grey",-0.00808808103414708,-0.0423405506273649,0.0403206163870624,0.0600625775189902,0.0196065141291149,-0.0446545885150511,0.0223451907673727,0.0456940555580428
"Bclaf1","brown","brown",-0.0288983329000224,0.0429894719100211,0.0527888768245423,0.0389410844113967,0.087392396480124,0.012086769948389,0.0239359204953556,0.0770573285233893
"Ahi1","grey","grey",-0.0661332076700656,0.0304468242225874,0.102693182117311,0.134680908797917,0.127318283957334,-0.00394407551972843,0.090819581505028,0.15570799691087
"Hbs1l","grey","grey",0.069829422187128,0.0758734725239409,0.117629601307254,0.0760028165321524,0.0833126067718817,0.0143917985081878,0.0851004826988543,0.0593153863621433
"Sgk1","grey","grey",0.0699958561085877,0.0333931337786247,0.0331932782648045,-0.0217208938873085,-0.0101134196453263,0.00223906174166353,0.0099349692564193,-0.0362144774355513
"Rps12","brown","brown",0.0298555647380995,0.0153911361792336,-0.0153282411366544,-0.0411837660913602,-0.0208618093887699,0.181521720728361,-0.0336412465471797,0.00816038523510303
"Stx7","turquoise","turquoise",0.142488822994104,0.128215111902189,0.123107438051565,0.0527346418299187,0.0483193158420219,0.0713795913347223,0.104075545401542,0.0204113146849453
"Ptprk","yellow","yellow",0.0492441337891348,-0.062991406063366,0.145467638267942,0.262112631638236,0.00707121818295749,-0.0330086213257152,0.150332405682639,0.202541893639463
"Soga3","grey","grey",0.150284948571023,0.120772086379307,0.209841947126174,0.148190726816297,0.0809386663298547,0.049314494458457,0.164414637838891,0.125245297818623
"9330159F19Rik","grey","grey",-0.0172689294890368,-0.0108504951783955,0.0291981232782122,0.0377755519079749,0.0426407703276181,-0.00784169768164672,0.00996381794296267,0.0409944806973684
"Hint3","grey","grey",0.0791428009050665,0.0811311725406083,0.0896605080505323,0.0525636848718726,0.0513252470613033,0.016762061283634,0.0848182809837563,0.0139330737358106
"Ncoa7","grey","grey",0.120140455138188,0.136990836979816,0.196624311053351,0.147200722571877,0.118691103328415,0.0734577682416701,0.163343010823442,0.115496240918862
"Nkain2","grey","grey",0.0940716276794801,0.0492633844278108,0.181586077394326,0.0908651924479402,0.0843030996985121,0.0639834869231593,0.0917796287994327,0.132585512081571
"Zufsp","grey","grey",0.0577923426874529,0.0818110035710607,0.0933193461287482,0.0428174599144269,0.0702454659993176,0.00656696568402176,0.0640626534058523,0.0282179395856941
"Rwdd1","grey","grey",0.144775967161366,0.0962824991912048,0.120778828565036,0.0592053918862716,0.0190458617144774,0.113664997505614,0.0855975399106704,0.061012873515132
"Tspyl4","turquoise","turquoise",0.342194165716099,0.280446085587184,0.218031433888697,0.0827837069145513,0.0321188259648421,0.15228419951598,0.229918065245576,-0.00474583015606716
"Hdac2","grey","grey",0.0979960109390794,0.0717448486194273,0.114559573901575,0.0677081871043125,0.0349140959251862,0.0830883795185647,0.0757176495860938,0.0740247339868682
"Fam229b","grey","grey",0.0359130603997006,0.0673486734907662,0.0918083770579393,0.0544021825386582,0.0770341105613407,0.0159647109414064,0.0639971790149655,0.0480975751548849
"Rev3l","blue","blue",0.0589777823056905,0.128773360709303,0.0269150189723583,-0.110178652573528,0.0600576947634392,0.0260695249331052,-0.00964296981223037,-0.100480694811128
"Cdc40","red","red",0.0776405492291785,0.0152747741777397,0.170151374033434,0.159505986103731,0.0518269849413197,0.0894487282852885,0.0850890871070224,0.244432769151784
"Wasf1","red","red",0.211072115258697,0.0433842368991039,0.283169192071209,0.260482162059257,0.0190621757114583,0.23448693916189,0.168224463474873,0.380641519558487
"Sesn1","grey","grey",0.0336605892116484,-0.0403822387676876,0.0666410869309341,0.0943429743234587,-0.019215022240814,0.0173621620263518,0.044123813735278,0.10261342541699
"Snx3","turquoise","turquoise",0.198178306992087,0.107613409805741,0.16802311237889,0.109185800789591,0.0106259855689317,0.0973084461217339,0.137389948187653,0.0818925878224273
"Hace1","red","red",-0.00325695563600092,-0.0183765762183971,0.108502356929652,0.1390082087969,0.0729167928181296,0.0215698615035592,0.0752221407121611,0.1788920302386
"Grik2","blue","blue",0.0286866608255815,0.1464877507653,0.025830870322831,-0.157066668743518,0.0920628776766062,0.0770891745210121,-0.0483983845292482,-0.0795270168563337
"Ascc3","grey","grey",0.0658355015759003,0.0732553120982855,0.127050238623149,0.0785435611115068,0.0749165877067696,0.015312284420627,0.0836956501137978,0.0748993639537093
"Slc35f1","turquoise","turquoise",0.115572467429387,0.1217443386633,0.0931179048751762,0.052973841867955,0.0536795778059254,0.0235617899197894,0.125741814973589,-0.036356747965977
"Serinc1","turquoise","turquoise",0.221113944072891,0.13100551708353,0.140141675455965,0.131439543864071,-0.0191318154290003,0.147308670207545,0.171331299329551,0.0909962372984141
"Gcc2","blue","blue",0.146183601350619,0.158786897865033,0.139296761524034,0.0583549570238225,0.0728531740649792,0.0874039455643672,0.112149645217516,0.0431728321610107
"Ranbp2","grey","grey",0.201265546289273,0.161651601840793,0.269103350390476,0.180336059477585,0.125853573797315,0.0933074602928055,0.205173042794966,0.148619205599253
"P4ha1","grey","grey",0.0581410266087212,0.0108379798161642,0.0936216157545707,0.113130401668315,0.0190876433122832,0.0219531157914388,0.0830398845334012,0.093798434714858
"Micu1","grey","grey",0.0620786609198342,0.0443893171671707,0.0877264086006681,0.0804198097842383,0.0394714293893505,0.0265866856436444,0.0769425393567436,0.0595218683759048
"Spock2","blue","blue",0.153946618118352,0.197164699184085,0.135966109112366,0.0613467000176224,0.0845436321314664,0.0793327988168235,0.147598005374302,-0.000864468586750987
"Psap","turquoise","turquoise",0.244764035587358,0.162017738673899,0.132955080490178,0.0494087368467739,-0.0130305874604598,0.112389295001471,0.151964571813853,-0.0141556347207595
"Hk1","grey","grey",0.172608855385049,0.11318772165454,0.197950477246672,0.161061659732088,0.0513821662330726,0.0890298534282133,0.175431284565858,0.127621923010832
"Ddx50","grey","grey",0.063886026375073,0.0891395817523545,0.142631665687849,0.103047914000776,0.108246783156292,0.029484892649856,0.108352634131223,0.0895085944154947
"Ccar1","black","black",-0.0126945883042791,0.0351196902803379,0.0306487972703298,-0.00251956893079284,0.110896735481691,0.00320445664251332,0.00559482418546546,0.0126825327864941
"Rufy2","blue","blue",0.0736471047292986,0.14548527706133,0.10941925916171,0.067786481421973,0.114532507636872,-0.0034425655510097,0.125904034212359,0.00382232176920175
"Hnrnph3","grey","grey",0.0961496614661595,0.0877192654816121,0.103860843670378,0.0196996249495565,0.0382771785598858,0.0109151784182746,0.0642414019190372,0.00375893707651278
"Herc4","green","green",0.0425991849448978,0.0528399337944394,0.106348731543188,0.111875703392436,0.0867825733064578,-0.0239088969019418,0.132289129152672,0.0532503360611791
"Lrrtm3","blue","blue",0.117319000026641,0.181926803894111,0.152158752627252,0.066208200171935,0.110363072242938,0.0284843531974763,0.127653632631977,0.0200878021352581
"Jmjd1c","grey","grey",0.0525175311144233,0.0588217995323772,0.140603908829671,0.100158274174532,0.0982773145892972,0.0207739516391315,0.0842460860181529,0.12215079054797
"Zfp365","yellow","yellow",0.130069728481795,0.0825467596846835,0.166272872633937,0.205220491947227,0.0496524932816704,0.0393676679403518,0.184505800371226,0.128589421877014
"Arid5b","grey","grey",0.0909700812101922,0.0897223770798831,0.132938628687297,0.115715240259898,0.0630656533026096,0.0129252742802309,0.128599691883436,0.0757018510448347
"Ank3","grey","grey",-0.0139699718346447,0.0313378213273463,0.0462294686351821,0.0882032968231224,0.0592401515782585,-0.0617600722065635,0.0727991733751123,0.0585779710660421
"Fam13c","grey","grey",0.0652446673224785,0.0589348173561841,0.0883963169209162,-0.0115429280658502,0.0545020129287331,0.0551189710130307,0.0101735899307891,0.0380993609355581
"Phyhipl","turquoise","turquoise",0.181461799701911,0.0939160689165051,0.113505734144711,0.039912586713434,-0.00619011566363606,0.0673023503512832,0.106958993151906,-0.00654437039033852
"Ube2d1","grey","grey",0.0677465378184417,0.0542929186016941,0.0486655716467223,0.000948007691966733,0.017831576969809,0.0189944332794052,0.027076283027042,-0.00462669855402715
"Cisd1","brown","brown",0.236594990399551,0.145808946532388,0.157054609186796,0.0606936856764646,-0.00939831383815663,0.198946622970337,0.127020767666002,0.0564662380032059
"Zwint","turquoise","turquoise",0.283146359847244,0.227346097600456,0.217999922312689,0.127786443228026,0.0643345799143881,0.16340822317834,0.224453516381302,0.0549202476524958
"Pcdh15","grey","grey",0.0712961844424783,0.0690948168043854,0.062336619848109,0.0637012520052821,0.0216997718591855,-0.0600040900339606,0.113042220446179,-0.0433037874319107
"Snrpd3","turquoise","turquoise",0.171134410103976,0.0797767744911994,0.121060638546677,0.0849180717682307,-0.0161302915078548,0.130201698717787,0.0993368845404908,0.0736244851711791
"Cabin1","grey","grey",0.0593618508523916,0.0749426140341847,0.149915405205531,0.106819713459232,0.10477394161108,0.0282061273841887,0.101098610327341,0.105624521715531
"Mif","turquoise","turquoise",0.305845315216295,0.217263088888504,0.18683264717194,0.0889473405429194,0.0189849947614705,0.218935378704015,0.176790878004613,0.0372652845445466
"Chchd10","turquoise","turquoise",0.370676949567141,0.266442831797504,0.236265468962984,0.142855107598756,0.020049791009017,0.216720220424245,0.236588882803078,0.0668601903735017
"Adarb1","blue","blue",0.078288120426536,0.144653309065828,0.100291547013053,0.0110706186607854,0.106349657805671,0.0200965070064032,0.0781560958989448,0.00013990371088843
"Rrp1","turquoise","turquoise",0.199723962145319,0.127871864158569,0.159777524371953,0.0883817945499723,0.0128321424117414,0.103685828216193,0.13309864486727,0.0672562868379921
"2610008E11Rik","grey","grey",0.0444672216755203,0.0319437257969065,0.0695633206206238,0.0200941345653817,0.0302743041847693,3.43544956391307e-05,0.0337233829688363,0.0237079105238494
"Bsg","turquoise","turquoise",0.306924493860862,0.216164963307418,0.190336014998328,0.0690470906041464,0.0109385013989902,0.134986395903064,0.182290190461612,0.00625547545171655
"R3hdm4","grey","grey",0.110328614113923,0.052554486468001,0.163044260019905,0.130726916713083,0.0395676968360908,0.0776215933410508,0.10405643185146,0.151397319815462
"Gpx4","turquoise","turquoise",0.292046841097186,0.191137495888251,0.166997055383878,0.0948939061982945,-0.00285495902325542,0.169686990791823,0.180773774778044,0.0157953844975544
"Cbarp","green","green",0.0900533184450128,0.104241314971644,0.0910849517043286,0.090633622807132,0.0503692479267506,0.0514436390122609,0.148350167449001,0.0298589876857077
"Atp5d","turquoise","turquoise",0.302913962904888,0.226324906339685,0.22561616492885,0.116433266654843,0.048634039121345,0.150657642723244,0.203302951403557,0.0589716439449672
"Ndufs7","turquoise","turquoise",0.270311451992325,0.174095974870221,0.159922484371008,0.0674943958094589,-0.00796292453136764,0.140159983634491,0.147470867156607,0.0186354315007856
"Rps15","brown","brown",0.141871613618426,0.0975298302158976,0.10257895229505,0.0391257245289892,0.0153378341355399,0.197140596890435,0.0674779785011018,0.0629278022315297
"Uqcr11","grey","grey",0.190385124464418,0.140183845402095,0.12890751539202,0.0620360995827724,0.0105631099564757,0.210163064528277,0.10054453059438,0.0686672139429887
"Dot1l","grey","grey",-0.0188523160523008,-0.0134047193552132,0.0370088943067915,0.040086450182,0.0454952046935712,0.00656066303715308,0.0146861254840108,0.0631402256943464
"Plekhj1","grey","grey",0.108483331711618,0.0799613199029682,0.117016422976062,0.0573786753345134,0.0312108870712706,0.0503337447135496,0.080782128660521,0.0485365106677049
"Oaz1","turquoise","turquoise",0.289068083023928,0.171060536107694,0.18960478663438,0.101319576924152,-0.00858470408148033,0.163206181079447,0.170027609778034,0.0562408051445896
"Lsm7","grey","grey",0.121530592320001,0.0906809024622899,0.178690854212977,0.15621224146324,0.0664566041030476,0.084061685888375,0.141135751877777,0.143327898634014
"Timm13","turquoise","turquoise",0.183007453153021,0.132280127539054,0.14447824041495,0.0909168029966739,0.0264196188964604,0.116939607416275,0.123663757554914,0.060436286174288
"Map2k2","grey","grey",0.11699906766832,0.100009319235035,0.155929501936689,0.0951242028784374,0.0677734247242088,0.0309757528572491,0.119004635438744,0.0673468310737065
"Eef2","turquoise","turquoise",0.185326240608898,0.127849371843414,0.138657369866299,0.075559672497411,0.025674087647756,0.077951401420506,0.128854635423232,0.0344881716370734
"Atcay","blue","blue",0.131574418254265,0.149985653551273,0.14285233900014,0.092043135170013,0.0760012745068599,0.0454702606886155,0.139552541266573,0.0465018256731453
"Matk","red","red",0.0948727963570541,0.0728096350883454,0.220566973882948,0.216719190113073,0.122578894809959,0.0589527542045086,0.175368362942738,0.234792698492775
"Pip5k1c","yellow","yellow",0.07951547193683,0.0357356188904453,0.132808973406375,0.207702143451845,0.0479512565182802,0.0194612913344973,0.160105458216705,0.134913849777416
"Celf5","red","red",-0.00959726738445221,-0.0243723355010891,0.122302294490018,0.153011476691772,0.0913168917694187,0.0649755508223003,0.0613128310232761,0.227065983747767
"Aes","turquoise","turquoise",0.204677223841281,0.152788187335155,0.165593378108646,0.100454944130865,0.0428733020520183,0.112298253600986,0.15448288028722,0.0555993741280398
"Zfp938","grey","grey",0.0487980223245698,0.0803169384558937,0.0664326688629681,0.0298146395296306,0.0578076792012207,0.0236188733550579,0.0577483407050561,0.0184120771430159
"D10Wsu102e","brown","brown",0.00987200361594826,0.0500747067547815,0.0933518817648984,0.0678214714174672,0.101638139141179,0.0435342136277718,0.0572849371590436,0.0997876982084352
"Washc4","grey","grey",0.0459934439801016,0.0563066177335305,0.0654865898365395,0.0252985435927528,0.0555544601599871,0.0242279088872664,0.0504586786038619,0.0137554332394011
"Hsp90b1","turquoise","turquoise",0.259731899015171,0.173654699452929,0.177505526615313,0.0957901731979226,0.00698954178126879,0.104187218269301,0.174152629099206,0.0364504677245803
"Chpt1","blue","blue",0.00442234011514173,0.0542894785094778,0.00887811641061569,-0.0609166996852443,0.0558994509077753,0.0161988051693774,-0.0289545373316384,-0.0288812078434318
"Arl1","grey","grey",0.147208455548845,0.0787660434420914,0.137895771645272,0.100766276284894,0.00894914973095232,0.0908124473459089,0.109937238865471,0.086244869267573
"Uhrf1bp1l","grey","grey",0.118998191684991,0.124552073038915,0.161378096428511,0.0975981504535695,0.087714405293897,0.0486731336578842,0.126756307132614,0.0759351020347723
"Anks1b","brown","brown",0.0548819814304009,0.0795462660517619,0.166801639416456,0.0759740440646954,0.0995254762150488,0.125586898022356,0.0421429308974239,0.187693178069491
"Slc25a3","blue","blue",0.184741879326963,0.290903809687796,0.176679018099831,0.0731019880543106,0.123705911557058,0.0612211770101595,0.167377528237855,0.0236949573873416
"Cdk17","grey","grey",0.125289950040715,0.0583466313133821,0.178742090188383,0.159053517605523,0.0354052059335073,0.0839889700268284,0.120900805653015,0.173814516705992
"Metap2","grey","grey",0.0748972089392983,0.0755586967435255,0.0963535387956776,0.0430495678875729,0.0572591072412062,0.0380348673567421,0.064325612631626,0.0407527574675707
"Vezt","blue","blue",0.0407312618323633,0.140217304727106,0.100209548108395,0.0252705679559884,0.137534928296862,0.0110984287805171,0.079675705058222,0.00383586927915692
"Ndufa12","blue","blue",0.185907657848616,0.211738930159392,0.104350340672912,0.00716094946087923,0.0493386082717834,0.135795661629792,0.0997660967090219,-0.0252822842054822
"Cep83","blue","blue",0.086384415222419,0.160617427691895,0.132484236602872,0.0753669534961436,0.119362227803091,-0.00730431431187215,0.117666032060885,0.0355910015720005
"Socs2","green","green",0.0426457592917013,0.0478663784706164,0.0673659931107402,0.11770682205002,0.0496996923689066,-0.0231013160279854,0.139528714665512,0.0253477426285972
"Mrpl42","blue","blue",0.131504311493801,0.160352300668575,0.075238515558736,-0.00183367850181902,0.0378525367040464,0.0910526235804035,0.0714377087622664,-0.0260701649368771
"Ube2n","grey","grey",0.143864886233374,0.110602667901804,0.126326444292369,0.0700209264015286,0.0303367439127807,0.0873029281454187,0.105153214408274,0.0496263296914023
"Eea1","grey","grey",0.0832290727853166,0.0895985965462011,0.0792423858401985,0.0158758448052461,0.0539804367198609,0.0469737594734969,0.0570356340532362,0.00188518865764181
"Atp2b1","red","red",0.0403004050193512,-0.0531480521879727,0.255367682793514,0.32609102962147,0.0747992205334532,0.163898019865992,0.118099247585183,0.514834354474544
"Cep290","grey","grey",0.0556742061904204,0.0848919077349183,0.0934878883929439,0.0649595712576018,0.0782596211093686,-0.00141139169248212,0.0882228106778407,0.0316118042473035
"Mgat4c","blue","blue",0.0716792594891922,0.22543703072651,0.0556900558576544,-0.123694422839593,0.130558886060836,0.0408110620263512,0.0327691172041008,-0.143064197929023
"Ccdc59","grey","grey",0.101413495196526,0.0645845868813564,0.0902903626670926,0.0349335735640586,0.0179353387004395,0.0439937379485759,0.0599052561607822,0.0203975555535793
"Ppfia2","brown","brown",0.0388936359748301,0.00303170671374818,0.109682858262152,0.0393183798484266,0.0350309915149315,0.125851470471766,0.0006563718719931,0.17565145894496
"Lin7a","green","green",0.12476440588394,0.072750962272519,0.161085976308503,0.183022151937564,0.0350956981635332,-0.00784298758619991,0.201270252252325,0.112681373807464
"Ppp1r12a","grey","grey",0.0889940758486021,0.07003510716481,0.17676602497714,0.145672111463017,0.0827012044555553,0.0369097418556091,0.124645839383433,0.14167017498637
"Syt1","green","green",0.322230945418845,0.224227718750933,0.199187311835751,0.271750588365696,-0.0404962405614368,0.0813464269656125,0.405714099014532,0.0466323543237071
"Nav3","green","green",0.0645799470808219,0.0846395439282751,0.160972883137343,0.178164939640315,0.127259504996338,-0.00368584254624812,0.195417103350213,0.120313500031847
"Zdhhc17","grey","grey",0.0785373484697247,0.0880054168584862,0.0889509955095056,0.0506990905703044,0.0471172541575261,0.0169409258635692,0.0819565462288149,0.0208981692961294
"Osbpl8","grey","grey",0.131310986268923,0.15592022142585,0.18749330837325,0.118744854978768,0.106236083327967,0.0374117884448076,0.149091461785434,0.0852342611472091
"Nap1l1","yellow","yellow",0.205141806951573,0.117624538471462,0.194696056240162,0.266521745988969,0.0218992595045545,0.092253946998813,0.243599948895252,0.143586888916067
"Kcnc2","blue","blue",0.108317117004732,0.272052839691581,0.0514621035889974,-0.12604567753835,0.122141737011319,0.0119588584457572,0.0439675788671398,-0.162122590836936
"Atxn7l3b","turquoise","turquoise",0.210784067503607,0.127399424185887,0.163758026971819,0.0979463635359752,0.0108252887113196,0.108883765202937,0.146300152613816,0.057895719957144
"Zfc3h1","grey","grey",0.0731477162829393,0.0934458800029294,0.124784617480428,0.0532268907810558,0.0888720821526554,0.01462452281318,0.07614886969241,0.0512380665891106
"Cnot2","grey","grey",0.0254177803923348,0.0357750190435243,0.0576653722443274,0.0262579227538946,0.0508321391056469,0.0115526809065343,0.0335177879335853,0.0370501031197257
"Cct2","turquoise","turquoise",0.218214690881743,0.125104292903241,0.16123228287236,0.0894103698837873,0.0110675475328673,0.139466909143926,0.130880054032121,0.0690389073072514
"Cpsf6","black","black",0.00950180102180036,0.0895566022599246,0.0576539631343539,-0.00102584980248939,0.162099394378469,0.00308173375114747,0.03371203737096,-0.00379994430435133
"Tmbim4","grey","grey",0.119766035353737,0.0568731046641447,0.0861160618190348,0.0525689762187848,-0.00512084630663957,0.0350569467448372,0.0767104397843026,0.0142009812102671
"Llph","grey","grey",0.165799748989012,0.0995674486457759,0.153152370370352,0.13437160531353,0.0168934795291454,0.0860944895071208,0.148935288708197,0.0929588253795997
"Gns","grey","grey",0.109722422581624,0.120308579502919,0.136730300256674,0.0627750494772289,0.0801979250030043,0.0341880372735246,0.112009095812612,0.029873042332522
"Mon2","grey","grey",-0.00613532505163178,0.0154376663452411,0.0244557904808373,0.0154107078435948,0.0531086373373254,0.0178170909180156,0.0115523767057128,0.0241855903163709
"Usp15","grey","grey",0.0912689039956791,0.0826487387488371,0.154493487033025,0.139542644582157,0.0850252274506193,0.0241272262919354,0.134346681860133,0.109530923170199
"Slc16a7","yellow","yellow",0.0587519504719664,0.0232139306773095,0.12512370649567,0.162006554244667,0.0485680697460157,0.0296954010370758,0.115798429521372,0.141519685179945
"Arhgef25","red","red",-0.0166667474039432,-0.0426521994297561,0.0676729167805438,0.1084595331449,0.0395161555802894,0.0577359090295623,0.0334062173149125,0.182056946085533
"Dtx3","grey","grey",0.125290971157117,0.112306830486152,0.193327780037683,0.115165767903606,0.0996907630205076,0.0599071711186734,0.130667308651683,0.116490651717095
"Pip4k2c","yellow","yellow",0.141342425391122,0.055959223396727,0.178983862055506,0.23534895980925,0.0348435644742961,0.0645428217293129,0.179541868636291,0.171084962815183
"Kif5a","blue","blue",0.131920101275632,0.194026729004516,0.146497741379319,0.079219245632203,0.115324441859662,0.0409694637199151,0.153844148194782,0.0184089059550886
"Dctn2","grey","grey",0.0950987252687584,0.092624699271784,0.119924878172125,0.0717531059600182,0.0624254347015337,0.0406085342284365,0.0993432273044105,0.0477211852065152
"R3hdm2","yellow","yellow",0.0924790168669106,0.071831373065866,0.184043572846195,0.361839443523097,0.0802622662219254,-0.0714446500820603,0.291977497604432,0.167343665331041
"Lrp1","grey","grey",0.0455046197498081,0.0331207472333501,0.0598179189000752,0.0730702616717178,0.0290987671400819,-0.000312445869629291,0.0772177164576901,0.024866959020806
"Naca","turquoise","turquoise",0.218625467748019,0.126495095526649,0.139459501190658,0.060972938905652,-0.00731612210252454,0.176857012771956,0.104888860317875,0.053543336661942
"Ptges3","turquoise","turquoise",0.180680921309196,0.113462248375173,0.143698357861251,0.064860226208751,0.031835393414698,0.105252709521118,0.110258098877076,0.0502915354588739
"Atp5b","turquoise","turquoise",0.278840919377039,0.232235465679218,0.206236428636169,0.0755073633836665,0.0590409864717937,0.139470905463532,0.174387554041367,0.0339063589892179
"Smarcc2","grey","grey",0.116401126982838,0.0966001511486301,0.127782495680679,0.0785328510978109,0.0540806896769028,0.0507319688508228,0.108393719969807,0.048100698685572
"Myl6","turquoise","turquoise",0.227086695541304,0.161822595753754,0.168845427311394,0.0945194381749664,0.0373353773144732,0.16047160056162,0.146154516346994,0.0591237349302784
"Rpl41","grey","grey",0.1113895447829,0.0582634563371142,0.110053025889585,0.104156428070003,0.00692486102495135,0.189264708092902,0.0862237930319825,0.121885140971788
"Rps26","brown","brown",-0.0068488892299129,-0.0409606002286793,-0.0940276808149178,-0.120481750906909,-0.0773752217665608,0.254736200879984,-0.123546497397364,-0.012599531732202
"Insr","grey","grey",0.0384144908332172,0.0535506196288571,0.0613015823569298,0.0237324173718413,0.0461033132394668,0.00447668150086447,0.0438447551382179,0.0133156086183698
"Pet100","grey","grey",0.0506451110476133,0.0626373459041861,0.0887668116322857,0.0412310321120782,0.0664258566578039,0.0746751619229711,0.0442269017947622,0.0638693516437177
"Ctxn1","red","red",0.216069558358903,0.0179330666071219,0.325966667960289,0.351257764282732,0.028906745643667,0.241137733748198,0.214899938358811,0.450107038842591
"Elavl1","grey","grey",0.0707668817218193,0.063587875431419,0.0888112899561439,0.037495569228632,0.0471948066320767,0.0218827603656827,0.0546564150718756,0.0315175331770982
"Ccl25","grey","grey",0.0785164111476247,0.0860536944433061,0.127972204009529,0.0494350615731879,0.0760419739448772,0.029157409533886,0.0761438373964771,0.0533843047501409
"Cers4","grey","grey",-0.0177058755225133,0.0484227301358637,0.0518032523258639,0.0480218669193572,0.0922878480744463,0.00534801824416548,0.053825689971217,0.0316445047247308
"Arglu1","grey","grey",-0.0542842379704874,0.0316820767361471,0.0620767775261343,0.0576881475437509,0.134882860774954,-0.0157613042238933,0.029961473339341,0.0712033090863919
"Naxd","grey","grey",0.0472398892508338,0.0548753138107702,0.067387878476738,0.0259904109511976,0.0514846464501465,0.0253916692558813,0.0425439155752691,0.0219159833618165
"Ankrd10","grey","grey",0.0395316483573503,0.0685023880812811,0.103303990242857,0.0342509361660052,0.0933826960859113,0.0335846974132104,0.0453619907705971,0.0603460105133056
"Mcf2l","grey","grey",-0.00276362980595845,0.0487326334321895,0.113705650917488,0.100955306342602,0.134617225228571,0.0116432553033107,0.0777541647198895,0.11062605357931
"Lamp1","turquoise","turquoise",0.184559632777414,0.081746254581755,0.0827070338559672,0.032463350303563,-0.0307188718807011,0.0360399196500512,0.0927413575811059,-0.0432354023334888
"Dlgap2","grey","grey",0.192957905175352,0.175322852272687,0.308405804826805,0.200785191644216,0.136832263825219,0.0676368027750662,0.215300772445261,0.206361443229986
"Csmd1","grey","grey",0.102798389816897,0.105335915915046,0.291084421758912,0.305011778247126,0.147296806632818,0.0302563436965228,0.242072138164609,0.291239888208555
"Vdac3","turquoise","turquoise",0.24139497902765,0.176656199073898,0.165892359648423,0.056965111265781,0.0230803670167546,0.14569923966063,0.137503027852905,0.0325711960282427
"Polb","black","black",0.030960357407108,0.0815161878005703,0.0716935966038635,0.0236987175588839,0.133612769516305,0.0201796440581053,0.0465139802883145,0.0240511187703682
"Zmat4","grey","grey",0.0958138080850431,0.123387717664181,0.0443884903843053,0.0389422020751559,0.0176229430651227,-0.0273165244704824,0.125451726366602,-0.0705695476920418
"Tacc1","yellow","yellow",0.0355039478177903,0.0133194956286643,0.135811981462956,0.218703148813908,0.0763287474500714,0.0146048908599389,0.139319399198729,0.174740644199464
"Letm2","blue","blue",0.0475080194174305,0.122604967860849,0.0708321843072177,0.0159654141888166,0.0810675405109259,-0.00410549228827942,0.0666700438206196,-0.0196766789349539
"Nsd3","grey","grey",0.0561630843492912,0.0905330051602581,0.139469248796163,0.0993207401115018,0.105352169978793,-0.00104487883096471,0.101317302349078,0.0814739008979889
"Ddhd2","grey","grey",0.0580033932350404,0.0925850179001826,0.111787024441754,0.0343950187419211,0.0915583316366612,0.0474574783873518,0.0596722527053324,0.0469206689066843
"Bag4","brown","brown",0.0621738549848484,0.0391647781560554,0.0787272244238482,0.0410535356030484,0.028334186006253,0.0804607808252879,0.0400869436223418,0.0686166183795147
"Hook3","blue","blue",0.0316404750568836,0.0997558199249097,0.0583527262410181,0.0133366206248381,0.0951257833512944,-0.0115696677772137,0.0594411318508065,-0.0267988407619355
"Plpbp","grey","grey",0.0546664037577627,0.0876517144301751,0.106575281129756,0.0752961576878639,0.0848807131135602,0.00279976551039978,0.0859709942429997,0.0514937390439562
"Unc5d","green","green",0.054042404803185,0.0142536283721848,0.0997080315559547,0.188704949051507,0.0108786205841259,-0.0279214826502515,0.171917733335994,0.102982544013719
"Saraf","grey","grey",0.164338878073312,0.096787720202091,0.168872653319619,0.126528651647774,0.0286796492323733,0.0780955569881014,0.146033937057176,0.0982249736564487
"Tnks","grey","grey",0.0831580756492547,0.0933638898834332,0.091081535282953,0.0220946494864473,0.0462597133453931,0.02113209588837,0.0670726378853771,0.00732567000664202
"Sgcz","green","green",0.122999261141365,0.17685776123248,0.260217831275509,0.290354703313667,0.186844014847669,-0.0695552126564325,0.334022103870496,0.15099503460433
"Tusc3","yellow","yellow",0.255133365998224,0.109437565537395,0.287212426880024,0.322333216757458,0.0260379522735667,0.138679854487785,0.274141697586118,0.244744331702587
"Micu3","grey","grey",0.139764274775401,0.114112146478422,0.144901165102428,0.105558020052505,0.0435299733116144,0.0894228149556566,0.133549442557387,0.0753623159923183
"Cnot7","grey","grey",0.075696992560214,0.0942847310422501,0.10841122241282,0.0494016717441792,0.077209779403253,0.0345454909051066,0.0767848693881364,0.0399018955479977
"Vps37a","grey","grey",0.0498760214504479,0.086631766405823,0.0901459195220846,0.0442860666634348,0.0831304486325946,-0.00283294365973376,0.0708462994234646,0.0164390070087459
"Pcm1","grey","grey",0.136470443523104,0.11411984164424,0.159130917747542,0.0898709196761699,0.0646008242670785,0.0484867977077444,0.122913718823807,0.0617940970185422
"Asah1","grey","grey",0.0951691840467609,0.088110814403613,0.126400395809474,0.0799029474412901,0.0579742261709028,0.00606755469430695,0.109692686044321,0.0394738688883621
"Sorbs2","grey","grey",-0.0663788804311105,-0.0208540267958008,0.180402485401591,0.293852825535833,0.153176768290433,-0.0435006756292304,0.149891063188395,0.306780845003498
"Ufsp2","blue","blue",0.0961460350311527,0.126095180338922,0.0988904113122122,0.0366235703888211,0.0722370250197871,0.0647996638944756,0.0784683262598877,0.0224319496703163
"Slc25a4","turquoise","turquoise",0.316137583425102,0.230364315754612,0.199393221868652,0.07086355820963,0.0197721406366893,0.186293918300341,0.173209344269134,0.0270930291679247
"Irf2","grey","grey",0.0291009125057125,0.00211908340927559,0.0746184996940411,0.111934606985879,0.0327143496830144,-0.01115547746292,0.0760839513493958,0.0785789993428199
"Stox2","brown","brown",0.0250225378990805,0.0369324707401196,0.0338638892429862,-0.0316097705354277,0.038634900338358,0.0491033993909001,-0.00740504526197246,0.00989028506785307
"Tenm3","grey","grey",0.0956132224879765,0.068254483338982,0.0983557621613313,0.0741680800222114,0.0177593653520467,0.0521486030132604,0.0835742338620309,0.0620615030751391
"Spcs3","grey","grey",0.112434234888793,0.0718528749577043,0.145322919173653,0.151543299313148,0.0356893607527909,0.0429334107724169,0.14213172745512,0.110830566909612
"Wdr17","grey","grey",0.0803967108183747,0.0744944186123567,0.163330675734734,0.120949581656615,0.086467347390365,0.0513527341902357,0.101207857133806,0.126323720085175
"Gpm6a","grey","grey",0.274932957477615,0.0784378272595583,0.244446819273128,0.281134599822694,-0.075590749549051,0.204411474282551,0.249567541956665,0.244213325793032
"Cep44","black","black",0.0103208869158156,0.055064497276432,0.0507644686761451,0.0245525606243515,0.114420076255812,0.000311152194250353,0.0374613629298621,0.0153453387406632
"Clcn3","blue","blue",0.133306045292736,0.16521096470598,0.114610044095511,0.090977116760006,0.0487291908641418,0.0648485826030661,0.140677110511306,0.0447496715683247
"Nek1","blue","blue",0.0306929111837637,0.149407829951439,0.0678436362316574,-2.65793249626094e-05,0.124075051132372,-0.0113852072905672,0.0645774122054651,-0.0350843774060511
"Spock3","blue","blue",0.125633817865024,0.186150990103737,0.010563992064209,-0.160008842354056,0.0179482252336294,0.040971543108684,-0.00248575523488077,-0.172654486531161
"Cpe","green","green",0.221048722598708,0.153751730562124,0.179328518549862,0.142461987456009,0.0318843067033028,0.131260214788971,0.216657793650839,0.0694263385603732
"Msmo1","green","green",0.130488841014385,0.064518881708439,0.0684575927045203,0.0641777515178872,-0.0115091045005387,0.00209480958694634,0.121800838444074,-0.029942956607936
"March1","grey","grey",0.0873717738015714,-0.00439317309432505,0.169112110651444,0.166930907728531,0.0241555395823044,0.0563848552640262,0.103245957990856,0.17434330369991
"Npy1r","grey","grey",0.0591816487251241,-0.0225412312347605,0.097010937190434,0.140685874492034,-0.0259721282114463,0.0823791464867191,0.0811073143182611,0.162360089050634
"Psd3","yellow","yellow",0.0960745623815945,-0.00049929337820386,0.269114299573159,0.475697573453024,0.069932286506007,0.0397361503448086,0.290923454326205,0.387598607363255
"Ints10","grey","grey",0.0355642028573992,0.0471291136313879,0.109605919403021,0.0690132711812664,0.0810458184933264,0.0365751061380123,0.0586918684228312,0.0919843238837997
"Atp6v1b2","turquoise","turquoise",0.202858048706826,0.170575689368481,0.207377016504011,0.122296729203193,0.0903086775239038,0.115741463760552,0.17171759028955,0.0953687607259267
"Ndufa13","blue","blue",0.241357352618349,0.185852471127302,0.138093414183339,0.0327921111245233,0.00398963106412678,0.227789262411319,0.100285852880527,0.0321102461641959
"Mau2","grey","grey",0.0243903534821076,0.0510158321511448,0.0525658168557642,0.013471840228369,0.0531703809327678,0.00512287602500031,0.0324343793522273,0.00969894027556524
"Sugp1","grey","grey",0.0363720485543664,0.0777007162288464,0.0699982937410071,0.0131134342648671,0.0766704016683677,0.00808042877846158,0.044177289521699,0.00863084193153832
"Cope","turquoise","turquoise",0.192125579402198,0.124837589104325,0.145284408247099,0.0703359667733132,0.0243899202653352,0.0774543691376948,0.121457976957386,0.0364374059811357
"Tmem59l","grey","grey",0.250634445832704,0.147824427138373,0.245512655128033,0.213538313669318,0.0166647404589644,0.106023164945075,0.233722987752628,0.152744113840656
"Uba52","brown","brown",0.171989787766145,0.0868826853021402,0.0926351770714836,0.031241817525339,-0.0303815122612213,0.320481592049456,0.0524398309533908,0.0926417006505266
"Fkbp8","grey","grey",0.135367384124942,0.102392690976899,0.148949105140469,0.102553150132107,0.0526705175947426,0.0760399702962734,0.117599353173705,0.0808367319748918
"Jund","grey","grey",0.158188428961039,0.0606070053239163,0.165562225045462,0.166334552738447,-0.00731681622224025,0.0780805081863262,0.150982182077585,0.126089952579076
"Rab3a","turquoise","turquoise",0.420243571519074,0.293393559115302,0.304827718098867,0.198956356025042,0.0376043987328867,0.187056719468778,0.319002049249651,0.0922792601308737
"Mast3","red","red",0.0013425112901112,-0.0705221189272842,0.083198781064581,0.155643244965423,0.0122228002415643,0.0377052305138827,0.0446375187144703,0.213659543409335
"Rpl18a","brown","brown",0.185163630543133,0.0907534651433844,0.0958736709514583,0.0336738149277769,-0.0406043439229503,0.241131307203297,0.074268650451088,0.0563045332196325
"Colgalt1","grey","grey",0.0390462098111612,0.0642471136287784,0.073514372979664,0.0143806518336963,0.0721957313354352,0.0356704625742744,0.0413850180178953,0.0215817998231005
"Unc13a","grey","grey",0.0281400590155071,0.0500605227468686,0.132559785797396,0.141740560940489,0.107072605357805,0.0254568710649114,0.106975345547845,0.144210629724303
"Tmem38a","grey","grey",0.111867637017708,0.0861230994973616,0.163199950572412,0.110583296437014,0.0694614457039031,0.0735631673995482,0.120386851747684,0.110425627391754
"Large1","grey","grey",0.0874186498175044,0.0797616982555318,0.151932449297436,0.0969254653639757,0.0788934767061657,0.07886856300578,0.095653959570054,0.113466514524249
"Otud4","grey","grey",0.0211400177779531,0.0423238516695444,0.0740756673452335,0.0553646464840186,0.065685473885366,0.00110388972674085,0.0520814611826014,0.0496029195517128
"Abce1","grey","grey",0.112531386647036,0.0911348832282514,0.131372834682709,0.0678352151968409,0.0542119174557641,0.078767642254738,0.089077967120292,0.0729698544319831
"Smarca5","grey","grey",0.139533853311512,0.0815809236723586,0.14310593519231,0.12210935510553,0.0259682855747656,0.0543175921676655,0.127855379340956,0.0801624534687022
"Rnf150","grey","grey",0.0528537715404908,0.0703403964482132,0.126970863039756,0.0882980183585668,0.0930143632233406,0.0600434857928716,0.0753774812447212,0.10757093004161
"Scoc","turquoise","turquoise",0.210018684816318,0.191987365083303,0.125526798381173,-0.00730445159394315,0.049484714607331,0.141260594739334,0.102129043823762,-0.030074940216552
"Ndufb7","turquoise","turquoise",0.210705840032743,0.148799611508491,0.131008935679033,0.0630664740289517,0.0135859241050901,0.132479065990444,0.123937731693704,0.0233152086481157
"Tecr","turquoise","turquoise",0.28307864044661,0.225993739230611,0.189556769240845,0.127946843481516,0.0250147536720424,0.0734001319761624,0.222519437259941,0.0220325784311652
"Adgrl1","grey","grey",0.0647958320394779,0.0532511074684054,0.124970658902188,0.146780706932041,0.0728172042965302,0.0559295843067219,0.125407677247946,0.124712251274526
"D8Ertd738e","grey","grey",0.119259495878526,0.0858293302220701,0.0921520869710179,0.0619069385306625,0.0177446931001034,0.079604221767884,0.0880221716559841,0.0345332906998693
"Mri1","grey","grey",0.0655982880498785,0.0793317249380916,0.112686521857596,0.0383373089637992,0.0734938674567451,0.0438392911677472,0.0584007996293872,0.0531910390405042
"Cacna1a","black","black",-0.0172394964806737,0.073155565666711,0.0666590285285345,0.07987555460121,0.190064117966427,-0.033545438485146,0.0806345659343565,0.0477448042812256
"Trmt1","grey","grey",0.0509745680357061,0.101279555567201,0.114017240123959,0.0598757064960059,0.109588732642087,0.00804400878555916,0.079066219000128,0.0480318249419508
"Nfix","yellow","yellow",0.074369363804963,-0.00547563429910694,0.0891219424380897,0.169142950871613,-0.00514034219741697,0.0227903784773854,0.12679531020483,0.103441974942117
"Calr","grey","grey",0.13008198422535,0.102367196523013,0.125934054974446,0.0485777496999158,0.0425665273329359,0.0699067375471896,0.0900342504048406,0.0398999241620255
"Prdx2","turquoise","turquoise",0.24195034854777,0.173400825078835,0.154947325578914,0.0344287699248216,0.0187926629675124,0.129469342221886,0.121027014473525,0.00900595752548862
"Junb","grey","grey",0.179852066626129,0.088974907328618,0.218375006629183,0.257698452359601,0.0260256849828274,0.0736934689024345,0.221206007847478,0.18557820492481
"Trir","grey","grey",0.152595313635372,0.101711019757829,0.132078745348957,0.0702272973067271,0.0170397189445582,0.0817340221021989,0.104438098671513,0.0448803797159966
"Dhps","grey","grey",0.0652543268416767,0.0725564363349094,0.101032966470815,0.0792788982257926,0.0586372496507282,0.0159233343543579,0.0944585245751417,0.0461690175497883
"Wdr83os","grey","grey",0.133220586679712,0.0603200773567789,0.11503650246073,0.0649697947225377,-0.0034762659549923,0.135103492089295,0.0702835671979109,0.0877945766087093
"Vps35","turquoise","turquoise",0.210962730993902,0.131820629393917,0.153087427872189,0.0738042686676498,0.0117792528657093,0.135151991837074,0.126785773099031,0.050543867534846
"Dnaja2","turquoise","turquoise",0.194156106208208,0.124955147034373,0.160995710862644,0.105690294803058,0.0339611761798589,0.104725362252806,0.139453684293268,0.0750403759833908
"Neto2","blue","blue",0.133643729041988,0.23569263797001,0.0902662397581193,-0.0823702818359867,0.0954160917476075,0.064113560895898,0.0565062295511062,-0.100214743204545
"Itfg1","turquoise","turquoise",0.158574368836666,0.122120547438653,0.13219998597994,0.0565709548263483,0.0414925759017873,0.100590715511269,0.106952028170721,0.0409034133737954
"Lonp2","turquoise","turquoise",0.124959786076875,0.102667652954874,0.115545223863152,0.0623896267661004,0.0458399492821439,0.0258698376187268,0.101246262694384,0.0256214932161944
"Cyld","grey","grey",0.0972353055016818,0.0458982489198033,0.149559607582166,0.0926527071206946,0.0415400558417865,0.08059965002881,0.0634365757611191,0.132245624347956
"Chd9","grey","grey",0.0519961743316279,0.0725052387910223,0.145482998495766,0.157028200679895,0.0899097622893732,-0.042490060015068,0.138130526213933,0.112690942525451
"Fto","grey","grey",0.0493748168105692,0.0460286136234712,0.0701295632542977,0.0336372627145031,0.037841911799193,0.0176829734316843,0.0484214845222619,0.0332566072666803
"Gnao1","turquoise","turquoise",0.185703103379507,0.0981081844611875,0.152795591688199,0.092728008418713,0.0184006133131182,0.0876472018302398,0.12181630345218,0.054696213113692
"Ogfod1","grey","grey",0.132397231832704,0.104500268930736,0.178499292892325,0.130536974848737,0.0655733330072884,0.0541892181661134,0.14626747902087,0.103877207409524
"Mt3","brown","brown",0.0991913607218064,0.0481721152668624,0.0852637198459222,0.0718430543828085,0.00772013652997767,0.256527556567091,0.0348335839991147,0.167432974813228
"Mt1","brown","brown",-0.00225988921949552,-0.0533300368354448,-0.105591152521754,-0.140593863098382,-0.0900651700613747,0.0825121903205314,-0.131441138289853,-0.0904068741777844
"Nup93","grey","grey",0.0521876382154157,0.0908526081343273,0.157020257873782,0.0352175689117133,0.125967100399933,0.0701757951196641,0.0295162145885704,0.12204378462771
"C78859","grey","grey",-0.0144621065693197,0.0701686466591448,0.132580680135297,0.035223720716057,0.164837627322522,0.0761362662841112,0.00188931574607473,0.146329885808035
"Cx3cl1","yellow","yellow",0.216884839725567,0.144913989973743,0.273690180527263,0.304513146641703,0.0746930543645417,0.0914618501701749,0.267675708400618,0.225032705218254
"Ndrg4","blue","blue",0.139444854084446,0.211253195658023,0.173461476614339,0.125183212982642,0.122975126098521,0.104619117427439,0.170812899740653,0.115486355014386
"Cnot1","grey","grey",0.0318565866821142,0.0628790045764515,0.078580813862571,0.0339929992734685,0.0810201961190501,0.0200968741449651,0.0465942498485745,0.0356010612284938
"Got2","turquoise","turquoise",0.212463631733007,0.173836517643818,0.179828549443454,0.0912852852661788,0.0576178835037546,0.101536892930662,0.156450557051807,0.0608335547984612
"Cdh8","grey","grey",0.11205135238986,0.0657201105596667,0.163507879446324,0.152572953363235,0.037584388399459,0.0893986669846128,0.129001691660608,0.175298963130541
"Cdh11","grey","grey",0.0606139517663497,0.056957060180742,0.133635320777339,0.12641193666987,0.0845594647605147,0.0322715178698182,0.119578151436121,0.0960113915532038
"Dync1li2","grey","grey",0.103885728575962,0.0873078746562734,0.130252797331418,0.0914204518794473,0.0586412618466465,0.0163504596917073,0.111700679947433,0.0492074899591386
"Nae1","grey","grey",0.0899216817792124,0.0903837571502469,0.127935151178204,0.097826602287984,0.0742136364259391,0.039669613271678,0.110431246357809,0.06584460381287
"Tmem208","grey","grey",0.0943716979004027,0.0819362815991222,0.105567277191562,0.0487044889761984,0.0455432059928357,0.0392854708829559,0.0748948878135227,0.0346583762791558
"Atp6v0d1","turquoise","turquoise",0.231056774294748,0.142978032146118,0.197455478323547,0.150085969324359,0.0306613952949567,0.0905449255245922,0.192255344868561,0.0873870447428963
"Sntb2","red","red",0.0246473072229995,-0.00717400824694898,0.117625386886885,0.137989884299821,0.0448607867167101,0.027165755991688,0.0705553171519219,0.19747768112176
"Nfat5","black","black",0.0223942460773955,0.0776345693108159,0.0781627790993907,-0.000766010998286549,0.155240768465091,0.0262623194052194,0.0298295168013441,0.0239192439093067
"Psmd7","grey","grey",0.138410370478092,0.110979058661119,0.15362673235021,0.0930424581876756,0.0499981643436632,0.0598876436821196,0.121790346351762,0.062828620579904
"Ist1","black","black",0.0258221448112705,0.0645427649040177,0.0420119277358685,-0.0330324987743544,0.0881929824524592,0.0391582113949741,0.00407986111626819,-0.00713721232164071
"Ap1g1","grey","grey",0.119836503733517,0.0948116097241572,0.133009681840474,0.0770839889576355,0.0531898506351492,0.0555328516984418,0.104229042273168,0.0603812604556152
"Zfp612","grey","grey",0.0774657444159709,0.106178650924132,0.110186334000405,0.0708732956055275,0.0646854026273248,0.00683908448292558,0.100056674313658,0.0281929239898433
"Sf3b3","grey","grey",0.0480484279852709,0.0585793732898472,0.105611495974513,0.0605574725399576,0.0741933043790628,0.03810440814608,0.0600967560483812,0.0707799208931712
"Glg1","turquoise","turquoise",0.162342074667601,0.117114448616522,0.124706131454476,0.0486291858723407,0.0194491415540624,0.0661525586102788,0.107969525373383,0.0284890692224615
"Znrf1","grey","grey",0.055935442663259,0.0620032761241872,0.102619269609953,0.0772990964944014,0.0690556302947215,0.00715807617590427,0.0838836263764703,0.0537226494665824
"Gabarapl2","turquoise","turquoise",0.279541027121656,0.163598694359981,0.170217880954897,0.077678423732696,-0.00962199430312853,0.190458324484157,0.142661886536683,0.0506175675102222
"Hsbp1","turquoise","turquoise",0.205096887499344,0.117367030063886,0.160338450166201,0.0924126245762155,0.0211705010739767,0.152723163600143,0.126440357911404,0.0832161861390949
"Cox4i1","turquoise","turquoise",0.35864081763307,0.225829584185798,0.200550862907144,0.135460716550951,-0.0232930858766875,0.237009416963085,0.215439191132079,0.0689179034135737
"Map1lc3b","turquoise","turquoise",0.218060873310204,0.141538998558425,0.159068256990779,0.102950776263561,0.0191484662855938,0.0961473081265774,0.158101124571446,0.0471450345331796
"Trappc2l","grey","grey",0.132982512803102,0.0820300524150834,0.114149182713422,0.0641324839790171,0.0105212262590928,0.126545875938306,0.0769125520205592,0.0758861891629951
"Ankrd11","grey","grey",0.0602092754905764,0.0539660234429234,0.121560258073004,0.0920919665571893,0.0683203244292183,0.0279282982313394,0.0808408186410631,0.0933981069644854
"Rpl13","brown","brown",0.144579595949587,0.0546913521489819,0.0637581573263326,0.00930231120791411,-0.0583220201912385,0.297849560258314,0.022520770758359,0.0861213455992065
"Vps9d1","grey","grey",0.0387002820102169,0.0578589748690205,0.104695978573902,0.0751114705751984,0.0796780209648931,0.0138402992430121,0.0652358064663264,0.0731261188793465
"Tcf25","green","green",0.208053141266554,0.208742234102553,0.21379258397005,0.180944837727506,0.0964139368156821,0.0462861144150954,0.278265412426496,0.0766017555981718
"Tubb3","turquoise","turquoise",0.268903519543717,0.201687927308192,0.221852927370925,0.137506405195332,0.0462216445806919,0.108920708889989,0.21493234524652,0.0698196413953556
"Tsnax","grey","grey",0.0898086944152681,0.0622110980315074,0.175869086635419,0.147491654506954,0.0737232178353426,0.0505689054284406,0.113527361852195,0.156813541657764
"Pcnx2","green","green",0.116338325840065,0.151781248926737,0.197845909686577,0.174302602150666,0.141371487591671,0.0246179986708793,0.224515444224115,0.113500012979036
"Tomm20","turquoise","turquoise",0.221890674998073,0.140208938081193,0.15185447213777,0.0700962498327222,0.0106835080716711,0.163410580197106,0.125150681975603,0.0580681649130475
"Itgb1","grey","grey",0.0784875032901515,0.0591107212822717,0.0891796949576933,0.0655986768685586,0.0345734611968645,-0.00621374379363049,0.0821493444410475,0.0134105021995124
"2610044O15Rik8","grey","grey",0.0717282455301286,0.0735710721190919,0.121047906835431,0.105981059005891,0.0671287658092421,0.0106474243856245,0.107878139406236,0.0739158086324136
"Pdhb","blue","blue",0.110815293374986,0.147959220814103,0.117921144843511,0.0224690650484064,0.0767144944667437,0.0397017264059571,0.0779549361547791,0.0216158651337727
"Ptprg","blue","blue",0.0953073525543672,0.135049905255723,0.131719630891252,0.0399257403857754,0.0987552587327646,0.034143627516292,0.092671135259604,0.0261233419490991
"3830406C13Rik","grey","grey",0.0598497506890186,0.0763320692935441,0.0839514535983124,0.0380163396094196,0.0673197663722092,0.0114624141848831,0.069237506322364,0.0111715443314274
"Cadps","blue","blue",-0.000888132490769979,0.156133224008151,0.126652724279385,0.117539404011743,0.197973261508942,-0.00850235407562819,0.131660345174037,0.0850378525322147
"Thoc7","grey","grey",0.0740868017650913,0.083518794103253,0.0564997931401674,0.00827160269429121,0.0388829148607057,0.0649194074022776,0.0477732383355469,0.00200582263846506
"Slc4a7","brown","brown",0.00797137822866144,0.0658002944522162,0.0332417481098998,-0.103038233097741,0.0819161821055632,0.104741152612187,-0.0680246134354167,0.0132132714379449
"Top2b","grey","grey",0.111049101183106,0.0805274192454677,0.126887005802878,0.078213508331184,0.0417848745599563,0.041611651463442,0.100837674416913,0.0609595990147919
"Thrb","blue","blue",0.113346143288031,0.183423618262828,0.1262596636793,0.0757510859303181,0.0943722138335757,0.023720699108324,0.143606224517296,0.0130602900676996
"Nr1d2","grey","grey",0.0800601954670128,0.0837057611475308,0.0864294701656249,0.0723242830288398,0.0468292390246842,-0.00660148611099238,0.104470071810828,0.0131730654269931
"Rpl15","brown","brown",0.197245275780914,0.0996052906470041,0.141451276509958,0.0675966122357936,-0.0105424145562579,0.222830967926817,0.102950348326378,0.0891038110965759
"Nkiras1","grey","grey",0.1578602689554,0.142433589680103,0.163096787932916,0.115718723251925,0.0677644416500283,0.0653102508014538,0.156151707744417,0.0627917504184248
"Ube2e2","grey","grey",0.0890578816766894,0.0563920374509932,0.150313196079803,0.122497602032307,0.0580437047049372,0.0371504124554078,0.107983504731484,0.125796444883939
"Rtraf","grey","grey",0.154549327100031,0.10591850930929,0.121937858579902,0.0519052632464373,0.00904748729638269,0.114158781738664,0.0876413295608789,0.0468304286394021
"Gng2","brown","brown",0.12137566235147,0.0760642561118828,0.122082157980609,0.0639094122189156,0.0246997578686552,0.143481416135851,0.0866790806578848,0.0831116345819261
"Ppp3cb","grey","grey",0.0847217640443977,0.0854679933098327,0.12610370541682,0.104349462243546,0.0731491967809429,0.092975219685993,0.0998312199972537,0.109789108835996
"Zswim8","grey","grey",0.0015731253416098,0.02997328339045,0.0525714988732587,0.0356617791584581,0.0736720169301054,0.0167977201233752,0.0275270426886677,0.0468056677558017
"Camk2g","grey","grey",0.116984832413217,0.105939443723239,0.132033813389968,0.140032692034573,0.0630101190366653,0.0209251110581783,0.170414544987066,0.0631320907807928
"Ap3m1","grey","grey",0.0497752174272,0.0657077393054645,0.088996513816703,0.0424278680597716,0.0696588104793106,0.0138286171161766,0.0533845001526455,0.0366891628411946
"Kat6b","grey","grey",0.039702710741762,0.0542497135700262,0.113193439118108,0.0703453747341833,0.0879368398320137,-0.000172897010634007,0.0709115803488884,0.0718384317956372
"Samd8","grey","grey",0.0973279547852127,0.064969392505821,0.147611354539852,0.124411195321701,0.0567133796770281,0.0518537080208302,0.116173772809966,0.116474377471253
"Vdac2","turquoise","turquoise",0.241954779962681,0.174581314151015,0.170019974792735,0.0620003313318412,0.0303135447177073,0.113655389882617,0.141510967130797,0.0296812686292077
"Kcnma1","yellow","yellow",0.0557802365530948,0.0945876822111044,0.179076437909834,0.301645587884577,0.136134721667124,-0.000377068396615113,0.241211388210931,0.199171280049791
"Polr3a","grey","grey",0.0545469822423997,0.0622667957310406,0.0961098595504439,0.0468945491374934,0.059611345248024,0.0367188362089505,0.0546147228323435,0.0548037831735184
"Rps24","brown","brown",0.124032642248883,0.0699279133973931,0.0426998460770878,-0.0398636186834657,-0.0218485962574137,0.307735180642393,0.00203901485132234,0.0206258860551738
"Dennd6a","grey","grey",0.0623749983239318,0.0712544193501816,0.0981776909097139,0.0435777372489109,0.0643356928423389,0.0177601497106161,0.0683261747629171,0.0334534810920164
"Arf4","grey","grey",0.119521379743444,0.0748320991427562,0.11314346107287,0.0606927973543176,0.0110263215259464,0.0805406190588247,0.0789557047154213,0.0550654824808923
"Appl1","grey","grey",0.120438699163179,0.0932758247678901,0.169242794568577,0.136166337436554,0.070862242350409,0.0747522761021774,0.135678880659363,0.118106876194994
"Fam208a","grey","grey",0.0404091421730549,0.0469309837851425,0.063128576294675,0.0262396524015382,0.0508752615242268,0.00249055643330083,0.0461387735024965,0.0182917508384875
"Erc2","red","red",0.0675628294196542,0.00446415532337098,0.212468105017553,0.209121991163666,0.0837854055184412,0.0956990656092939,0.117480449320499,0.313572845659529
"Cacna2d3","yellow","yellow",0.0769617985720848,0.0573021247550472,0.147378964591389,0.217220546236084,0.0395158320982618,-0.00256289366504875,0.154884323051458,0.147538140817615
"Selenok","turquoise","turquoise",0.301471383218775,0.152452097453983,0.19932219500538,0.130874415337969,-0.0247982030724356,0.127041250838264,0.191374960582841,0.0615420450956185
"Actr8","grey","grey",0.0903232286674522,0.0699133059783509,0.11896837887928,0.0733911308255822,0.0390356849583149,0.0302327829665971,0.0818135941582048,0.0677563084488144
"Cacna1d","grey","grey",0.00726427537565266,0.0448279134797938,0.0808342359560226,0.0582161703619849,0.0891009498016225,0.0103319522429079,0.0534935340691975,0.0640286783010417
"Spcs1","brown","brown",0.181592060978308,0.0819363673405012,0.11484479758027,0.066577059904516,-0.0312849350660782,0.187926731203768,0.0903374826768178,0.0710970926371278
"Glt8d1","black","black",-0.00179991136503613,0.0286821682627451,0.0192863419513626,-0.0450084561042521,0.0622100928659961,0.0300012611955647,-0.0282958036086945,-0.00335798789056046
"Gnl3","black","black",0.0345270213353665,0.102308855473242,0.0818233827137955,0.0252164619943379,0.142973164715664,0.012470451174922,0.0602998106244507,0.0109742627108019
"Pbrm1","grey","grey",0.0640660088117336,0.0692605180653363,0.0863498999909435,0.0288996310194221,0.0616493567471395,0.0667683856678479,0.0482444133461809,0.0373457185768995
"Nisch","brown","brown",0.0375479653177231,0.0409661062934924,0.0769568292324909,0.034602279720281,0.0603551094088322,0.0661645447547413,0.0354233015998347,0.0610497416854721
"Capn7","grey","grey",0.0498860412307262,0.0573670899641886,0.0780156434724285,0.0236031829368863,0.0474330944629383,0.0370925418208409,0.0360153617374609,0.0362110318830274
"Ankrd28","grey","grey",-0.00588980994184208,-0.0722860519324217,-0.0330683001726294,-0.0549747070158989,-0.0385208663631282,-0.0626133615233671,-0.0672972806372261,-0.0649175694420618
"Timm23","turquoise","turquoise",0.138885026863036,0.11386290098864,0.120941127791904,0.0554859285414252,0.0368717895740763,0.0632159476063011,0.101479128063378,0.0375779769832787
"Mapk8","blue","blue",0.0607535660784136,0.16224108392281,0.107364731802449,0.0503109179730657,0.14172484801497,0.00656755519024439,0.113234478964104,0.00135970423138839
"Ccser2","blue","blue",0.0962945133536552,0.119264433748894,0.108505394609697,0.0399754824922171,0.0766787522484915,0.030597662111794,0.0880679673880652,0.0122124158621266
"Ghitm","turquoise","turquoise",0.302553809623482,0.221303998653823,0.196156014012004,0.0888726175992785,0.0232465016162666,0.165569612932544,0.18317513094071,0.0400083152523846
"Nrg3","black","black",0.0425623262321695,0.0951588557985399,0.120490506594487,0.107541768865472,0.18667237614649,0.0025912252784222,0.120077290906302,0.0758966934234146
"Txndc16","grey","grey",0.0495532710776052,0.0359372737641249,0.0337976089315153,0.0101036792005999,0.00723915948777997,0.000567960121064363,0.0345519947914763,-0.0230114625890107
"Psmc6","grey","grey",0.105290260187394,0.118596017457153,0.120051639237053,0.0444583708949481,0.0716704268150502,0.0388938037727727,0.0906925191269233,0.022054558070046
"Styx","grey","grey",0.00618163530312183,0.0198481206301855,0.0456127443602633,0.0184393364959384,0.0452023418419965,0.0152156353471194,0.0130641269531347,0.0348005161419994
"Ddhd1","grey","grey",-0.00565777932592102,0.0396991754149425,0.0283302610236521,0.00435313116644805,0.0585962940126897,-0.00815718396588103,0.0134325311180842,0.00304344443137191
"Cnih1","turquoise","turquoise",0.163035316502611,0.106758777262155,0.10716674966312,0.0412194028753666,0.00894864317303073,0.0776239561488454,0.0933856604014468,0.00306200947001379
"Ktn1","blue","blue",0.0268901729670429,0.136391289764801,0.0846726655748206,0.0699836684100718,0.119618080715541,-0.0272474293943707,0.0936493619032067,0.0255744941525447
"Tmem260","grey","grey",0.038316839639559,0.0378784057096918,0.0749841720242348,0.0369369788355404,0.047167926191573,0.00175599126151134,0.0424156911335232,0.0376423694215366
"Exoc5","grey","grey",0.0435075606262724,0.0669645990682948,0.09776386620698,0.0569243749178784,0.0829564552369219,0.0125445386738137,0.0661624863131491,0.0532531037571419
"Slc35f4","grey","grey",0.0685345697345729,0.0783783483486113,0.113076803065265,0.10226920495904,0.0728590320856523,0.00324942784897862,0.124949951843697,0.0465362680193473
"Ttc5","grey","grey",0.0421920495148821,0.0304163821966237,0.111710713087846,0.0707803951891449,0.0658717866913357,0.0350280866707599,0.0531733474468455,0.0976187541267361
"Gm26782","green","green",0.0921342811598075,0.105767978335535,0.0965252359197007,0.097151144447295,0.0481931254403115,-0.0322810163834222,0.157141359928775,0.000846223582136888
"Tmem55b","grey","grey",0.0858117564523405,0.0918174570254309,0.10252459233956,0.0538826830297281,0.0531775247075063,0.0114136813749306,0.0977140466181153,0.00885207009666276
"Mettl17","grey","grey",0.0623334984682084,0.0909623703749715,0.10010411831007,0.0378493642859027,0.0752798010504635,0.0042134501318483,0.0664895911667594,0.0277898370115791
"Hnrnpc","grey","grey",0.0818756003809818,0.0571532913481978,0.0725729442568345,0.016539298029568,0.0214444298120474,0.0792277998409744,0.036863132695434,0.0298436220551563
"Supt16","grey","grey",0.13800723329811,0.0926116774731383,0.130819288527715,0.0777952166124705,0.0227928649819908,0.0687571486147874,0.10488640013363,0.0580629748693692
"Chd8","grey","grey",0.0620243919269002,0.0901215733086604,0.125115589323194,0.0739779180251854,0.102100721485065,0.0281093668788808,0.0909369321335998,0.069727877451658
"Tox4","grey","grey",0.076801959945413,0.0745860767498607,0.113660284455039,0.0731850028448571,0.0605895682774467,0.0431860470638502,0.0834358222223073,0.0645009692675936
"Dad1","turquoise","turquoise",0.209042028931993,0.10178626243046,0.145191890381322,0.0638343584096391,-0.00814934116548857,0.14634184810764,0.0965733653960881,0.0652263097371792
"Mrpl52","blue","blue",0.0815441963884238,0.0791693881772385,0.0234577378247562,-0.0501344595551143,-0.00396357505903851,0.0932574506543461,-0.00344241138832158,-0.0357752809335064
"Psmb5","turquoise","turquoise",0.248504488800561,0.140460399079954,0.176875267670989,0.0983477236155438,-0.00309556093793866,0.143076073885137,0.143691910804609,0.0764375067427085
"Acin1","black","black",0.0464059847904892,0.089198988545771,0.101508290544173,0.0489754233100619,0.150216079815969,0.00167128874968865,0.0701129568436877,0.0384240868612215
"Pabpn1","black","black",0.00523456533680321,0.0693699645956871,0.0573832999190781,-0.0136133316425104,0.158229789773154,0.0210545566503803,0.0140939414590215,0.0054432666409917
"Slc22a17","brown","brown",0.155998232741947,0.124087774284407,0.149596369403182,0.0567548889765346,0.0565792119161272,0.140693437709691,0.10632490010906,0.0589956789936661
"Zfhx2","grey","grey",0.00728269743890471,0.0303865762055203,0.0674729637502734,0.0511167599540228,0.0634231447892319,0.0259998217219461,0.0354425634564204,0.0748896055866435
"Jph4","red","red",-0.00998518195488142,-0.0202439598941499,0.0862646539998024,0.0813505868754612,0.0646731871415599,0.11404372412865,0.0172634142060196,0.182185684921163
"Cpne6","brown","brown",0.0376401373982165,-0.0159816406477902,0.111701936537997,-0.0038884991007537,0.0407069014278121,0.214794765525246,-0.0575743028351157,0.200612988186507
"Nedd8","turquoise","turquoise",0.216941265209872,0.128756324831072,0.14571923646678,0.0986474637023042,0.0035542226344839,0.155496111679746,0.141397148950028,0.0653062971441426
"Mphosph8","grey","grey",0.120503279242669,0.0971329504719701,0.14061561166709,0.0816511551852615,0.0531058347960505,0.0593660031873166,0.104195078499086,0.0719872874381482
"Pspc1","grey","grey",0.059262276521314,0.0640857337535092,0.0939111170554495,0.0387271755093089,0.0565270284900509,0.0130607874615698,0.0542614164809109,0.0355464913610312
"Zmym2","grey","grey",0.105914694641701,0.0827232513557891,0.153338056188549,0.1016155722397,0.0609342394559234,0.0557063420649991,0.10703886996806,0.103227492105959
"Ift88","grey","grey",0.0624720171659342,0.0760539913699,0.125148597034586,0.103577586024818,0.0855136347103842,0.0184355480955859,0.0996600435225384,0.0819189980882121
"Sap18","grey","grey",0.166170284103041,0.102175832903029,0.134466636303655,0.0716765328243565,0.0103943797935251,0.117637913469676,0.100067896300282,0.0633317179543825
"Zdhhc20","grey","grey",0.0604512808674023,0.0644256743091432,0.0741105023341793,0.00829192613504215,0.0509958014257113,0.0112217528496877,0.0300882304370602,0.000112018051525324
"Micu2","blue","blue",0.0510510071190696,0.0792287556176925,0.0669118847617388,0.00499897595980592,0.0533367938552588,0.0184245639785763,0.0342873460994741,0.00429803386466433
"Cdadc1","grey","grey",0.0731110912531059,0.0794970859280543,0.1180613617017,0.0733655066051211,0.0681242464310973,0.0323847468494733,0.0841250238311696,0.0616642350737296
"Atp8a2","blue","blue",0.0948927967137755,0.158577858551664,0.140183643661207,0.0719467193097245,0.122183783632887,0.00946540590731107,0.124592365409375,0.0327357762458149
"Mtmr6","grey","grey",0.109030383515728,0.0753676146389074,0.137422276810706,0.116436483200645,0.0449714572472701,0.0576495533588911,0.112669777599318,0.0958105170552325
"Sacs","grey","grey",0.134748251001217,0.157300179113942,0.195750939274111,0.113337224466684,0.124723757387729,0.0745415659486312,0.144794513251586,0.121424250982955
"Ints6","grey","grey",-0.0146058463540538,0.0239238711356848,0.0411243403594294,0.0145801104535466,0.0732470880717563,0.0161612208074074,0.00932227547897033,0.0385447717935635
"Ctsb","turquoise","turquoise",0.244116796562079,0.174715442557747,0.154137586239491,0.0819519015564728,0.00669193971663031,0.100856864244694,0.165451947022847,0.0113482145453406
"Mir124a-1hg","blue","blue",0.0307679156270946,0.199135305651537,0.163097205411834,0.148887380371325,0.207751267715878,-0.041931988427382,0.174920183270303,0.0980898707524254
"Hmbox1","brown","brown",0.017598534828826,0.0469992376665696,0.0544149805655507,0.00277732411186926,0.0649229611503639,0.038707391771558,0.0114241825707123,0.0352167499082274
"Fzd3","yellow","yellow",0.0956468577395848,0.0215145444914723,0.150593747981573,0.227283458381014,0.0231232065849475,0.0440388432228806,0.161875158443829,0.166134635037055
"Clu","turquoise","turquoise",0.165366745202959,0.0750074050597215,0.0705722220493893,0.0216788646000735,-0.0476758048309792,0.0375948455476669,0.0803936293843438,-0.0468419054153411
"Ptk2b","red","red",0.0665506489736836,-0.0468606203829433,0.182433807868276,0.185608453258925,0.0365942739544515,0.168203838718634,0.0555412753289284,0.354459611829814
"Trim35","brown","brown",0.0628408228384292,0.0690884119934307,0.107492293538779,0.0218701932100749,0.0776837532755167,0.0891128966586323,0.0288973709139142,0.0782393624163406
"Stmn4","grey","grey",0.252661765425956,0.0638183877902471,0.214410640725162,0.216286506296391,-0.0422439412729058,0.0807391242755926,0.202867229530933,0.142139482711897
"Dpysl2","turquoise","turquoise",0.20624478953797,0.122905456305353,0.158914680514845,0.114975961101385,0.0179068258241123,0.114123096693153,0.155194219361133,0.0637137663506376
"Bnip3l","turquoise","turquoise",0.187566282296847,0.0940731087991902,0.141363202632598,0.102781224986332,0.00404388410881293,0.0812791309183449,0.130953727530712,0.0546772732736334
"Ppp2r2a","grey","grey",0.162294545538344,0.0819106901882214,0.165396166269216,0.136505663554106,0.0159140393530873,0.0701165897823058,0.142233569861793,0.0978902574470941
"Nefl","grey","grey",0.221605818775047,0.140325423387237,0.242813932388458,0.206547309179504,0.049593157750038,0.126951153830428,0.202788673944051,0.187186834771637
"Rhobtb2","grey","grey",0.0414689860529071,0.0719750748971481,0.122020883870383,0.130594383036115,0.0960596431292786,-0.00589197085598394,0.112426164764022,0.101218027061427
"Phyhip","red","red",0.183221448908535,0.0482770450260634,0.210605303012004,0.218114626594343,0.00379879340823686,0.151397347070058,0.16363203377899,0.256802587689733
"Dmtn","yellow","yellow",0.0654159513704689,0.0333188590279364,0.151765034293211,0.201087262929314,0.0697096124644901,0.0485718867066372,0.130362260842795,0.182567597013582
"Xpo7","grey","grey",0.0542291180575297,0.0628151498300326,0.0689210458105157,0.0409689613816479,0.0448357254172194,0.0259224948914894,0.0622755938964467,0.0250145394578549
"Fndc3a","grey","grey",0.0613930789283698,0.0446959695476237,0.0826504362718192,0.0636097606723614,0.0362582668837016,0.0125137009665784,0.0720735056486483,0.0452886633738252
"Itm2b","turquoise","turquoise",0.308384099250104,0.111594324585046,0.186157130498634,0.155442428821565,-0.078376202548605,0.127595282961114,0.182650978994824,0.108916766244334
"Sucla2","turquoise","turquoise",0.170794078371068,0.145537100913174,0.146352133860971,0.0662202041013938,0.0563521679310368,0.08580758510818,0.119613520179335,0.0423609615418721
"Zc3h13","grey","grey",0.12776071158923,0.138960656790765,0.180204902394272,0.0902739973419594,0.0959812112840695,0.0557034812587779,0.127255482397391,0.0784413171467319
"Tpt1","turquoise","turquoise",0.276877488452473,0.133714093308577,0.18269903067119,0.159848385469884,-0.0210476819101296,0.213707666279158,0.179065972737927,0.118357508725975
"Tsc22d1","grey","grey",0.196744318081699,0.126364253724716,0.231704554381003,0.16732955341282,0.056938500681309,0.137949223842747,0.169075307674097,0.164662504810136
"Serp2","turquoise","turquoise",0.217531266101808,0.154578324838896,0.179630537482793,0.132371565757208,0.0336577125846243,0.152957796157213,0.169147919090406,0.0986699560723349
"Enox1","blue","blue",0.110737261848247,0.149496032048002,0.131794736168727,-0.02514078879197,0.085085781475018,0.0798380587993531,0.0342515629250423,0.0321307985321527
"Dnajc15","blue","blue",0.11440392476191,0.145538740136541,0.094029055301568,0.0238401073894915,0.0537348203423542,0.0682861133045158,0.0754546999615092,0.0102731222229316
"Akap11","brown","brown",0.194086347733782,0.121569271912094,0.192345476791118,0.120045454263733,0.041038811141865,0.1569901571385,0.145461297031623,0.129272405253406
"Dgkh","red","red",-0.0272784767984407,-0.023082667594199,0.0978518672189247,0.132954996161925,0.0858190846246353,0.0707870314579483,0.0607827715699532,0.243727131747107
"Sugt1","grey","grey",0.168819697121327,0.122091852422356,0.157340945395043,0.0929701554515462,0.0416486356566585,0.103569549886576,0.128387036746999,0.0731147553720923
"Pcdh17","brown","brown",0.014391318747344,0.0430367693055415,-0.00150975690789438,-0.110691112197082,0.0223221516368133,0.0965886152294081,-0.0620488735356246,-0.0367596181786277
"Pcdh9","green","green",0.126734360510206,0.0574454033908862,0.130165955030662,0.197579941558222,0.0282570547527978,-0.0691076973502377,0.236511366381423,0.0359315714612244
"Pibf1","grey","grey",0.0378314789598508,0.0506203839934906,0.0717506865483597,0.0143867688520692,0.0556054766186763,0.00886154574220189,0.0280056963092072,0.0266058129902477
"Lmo7","red","red",-0.00310211145816846,-0.0509800536459254,0.119638601190602,0.0808146412219086,0.0455263656227636,0.147426022340628,-0.0285196232320235,0.277405590910662
"Mycbp2","brown","brown",0.00547345192173643,0.0659526374129765,0.121742144959822,0.105566665835552,0.128496349661855,0.0506515739241816,0.0837361243108424,0.155795115979505
"Rbm26","grey","grey",-0.00533895195431971,0.0201873034309358,0.0744275276718026,0.0648204755885073,0.0780656730404752,0.00996996458208421,0.0405580122631648,0.0831061044108059
"Ndfip2","green","green",0.156075767282182,0.141088270146195,0.186116647488812,0.181347742896826,0.0858490775864923,0.0332863072570454,0.233107508484088,0.0996750574769435
"Gm10076","brown","brown",0.0723707761042778,-0.00813949289050832,0.0117787221849476,0.0159040231409453,-0.059010036701191,0.303663205396939,-0.00892999596402587,0.081572859501657
"Slitrk1","yellow","yellow",0.0597922810250519,0.016044691734001,0.134656528457965,0.195191732029242,0.0556237500976715,0.025472973816097,0.139442627636342,0.150433550326253
"Slitrk5","grey","grey",0.0560759312241056,0.0494727588565255,0.125480488769148,0.0932604297514942,0.0763759544171262,0.0830526785799845,0.0689599184482025,0.134100121715485
"Dzip1","blue","blue",0.00410648069046369,0.109917920388146,0.0417083821809592,-0.0328193264696896,0.109795150832435,0.00448474831206194,0.00847785711502227,-0.0252567399540048
"Uggt2","green","green",0.0496163065720368,0.084257021072531,0.12953099188592,0.123845628751536,0.10100588391095,-0.0219856005398156,0.137746476883818,0.0822731450610632
"Mbnl2","red","red",-0.00734652421619815,-0.0390019386523539,0.113906914663544,0.169006403600981,0.0517018297177257,0.0572170218751789,0.052389101007064,0.254333525921018
"Dock9","brown","brown",0.00893428367738547,0.0265717695806956,0.0566119101327464,-0.0313373520679777,0.073493032242655,0.0763277623931881,-0.036435470685756,0.0501126541993216
"Tm9sf2","turquoise","turquoise",0.2085164804929,0.120237905212218,0.138408890664889,0.0725799706419034,-0.0111377330836895,0.095053597886659,0.131010716266583,0.0297578486872678
"Nalcn","grey","grey",0.0880288545631996,0.108621416614083,0.110456229969021,0.0197766828206311,0.0730305098947355,0.0530124857222659,0.0712007503088773,0.0134112625481556
"Cwf19l2","grey","grey",0.0128343526921264,0.0556850042503415,0.0157234277427957,-0.0279666426599611,0.0482999794274753,-0.0119205247436771,0.0154198746614972,-0.0451311076113542
"Gria4","blue","blue",0.162288524303894,0.23133757032651,0.139807224134014,0.110098859608161,0.0937250833563657,-0.0800397590316881,0.229231026661399,-0.0719319837498482
"Dync2h1","grey","grey",0.0319893897768448,0.0297269991503579,0.0967433244482713,0.0791567055358671,0.0639263837270067,0.0328841715529774,0.0581120312475424,0.0931871443488815
"Dcun1d5","grey","grey",0.110978600379745,0.0926906100737177,0.13786228159964,0.0654579142385599,0.0591498212054459,0.0647187518659644,0.0872830477933685,0.0568759429244898
"Birc2","grey","grey",0.0532752296678327,0.0604801058575616,0.0886584750649322,0.0411588387329729,0.0605844101161062,0.0055716194737668,0.0577843079193131,0.0336530620324708
"Cntn5","blue","blue",0.0784659497864816,0.214228865847516,0.0849867236970066,-0.00614518462459863,0.124739227331898,0.00024458928345421,0.115711550395856,-0.0644465179833621
"Sesn3","grey","grey",0.122328902590258,0.108666092869478,0.135721202707521,0.0576481734280244,0.0525167410569179,0.0470530554950322,0.103190850199563,0.0314702137730853
"Cwc15","grey","grey",0.108033620726399,0.0670365409012214,0.0889351265886411,0.0408556965535968,0.0123234632087593,0.0589670617530201,0.0681424522013208,0.0266888989496652
"Taf1d","black","black",-0.0638251617882255,0.0829190273718468,0.0263416860795633,-0.0208128890225244,0.211319942904877,0.00447943945102898,-0.00257848229119086,0.0191022195476546
"Cep295","black","black",0.028486868765101,0.0688200942957534,0.0826473963824279,0.0470433110268601,0.132071307155561,0.00473405502746292,0.0615048650135027,0.033778222538966
"Fat3","yellow","yellow",0.0608234901561643,0.0707078779421214,0.127090059474595,0.202830588252812,0.0863385515621014,-0.0294937524146735,0.176786336727668,0.105753934651302
"Chordc1","grey","grey",0.108243089662374,0.119025665596332,0.140057381222935,0.0590481689722649,0.0853986622066313,0.051872938056015,0.100057862866319,0.0459044544032236
"Zfp426","blue","blue",0.0516567511031227,0.0830312072752964,0.0490036982972292,-0.00535763492648486,0.0403084846345682,0.000308572259392615,0.0369816668522211,-0.0267843992307141
"Zfp266","grey","grey",0.0410861669128706,0.0634333043824259,0.0751222551752034,0.0157191087719654,0.0628568121260002,0.0231772001074893,0.03614278207086,0.0194989395221622
"Zfp846","grey","grey",0.0315055560074714,0.0742258470687439,0.0575293553531474,-0.0104461127898753,0.0704198160607406,0.0391343003107258,0.0187027958961811,0.000274432584867832
"Fbxl12","grey","grey",0.0594916711715942,0.07914943330855,0.0857509357741463,0.0269793794499789,0.055666352955345,0.00287566974791885,0.0626169086766503,0.00447456654564374
"Ubl5","grey","grey",0.162044137704684,0.0948241435631744,0.11079759949806,0.105234099692915,-0.00943299678905606,0.187393009698903,0.115950721268898,0.0873063121195842
"Pin1","grey","grey",0.187283646120582,0.117651616513513,0.183798783929468,0.146100998594489,0.0231650857192438,0.106637361467898,0.154203791987382,0.114086244785473
"Olfm2","green","green",0.130132445397636,0.0746075304375118,0.124824575766743,0.181041460536895,0.00408376619484753,-0.00273559501599688,0.216243635845402,0.0627616165734144
"A230050P20Rik","blue","blue",0.0920789386980128,0.170404933614593,0.135356650802169,0.0568175142054633,0.117212208022194,0.00698842495286964,0.116494261271343,0.025882590130512
"Mrpl4","grey","grey",0.114485497187842,0.116007315745941,0.129895019205653,0.0559019835202173,0.0659814504390541,0.0462523080696437,0.0952074590468319,0.0358227578919842
"Icam5","red","red",0.042143043190689,-0.0433715710735858,0.15315657336081,0.149891388375155,0.0416677994136946,0.125879905666605,0.0473604054160936,0.282150981502806
"Pde4a","black","black",0.044465597675343,0.116041379004333,0.0914733704824509,0.0630958659078565,0.168947668236817,0.0189077939958251,0.102483821244138,0.0335019176856783
"Plppr2","red","red",0.0432978099567481,0.00887199532510253,0.115758687636701,0.104379062944473,0.0487459847494535,0.0888871323408757,0.0598313500923518,0.173352192211257
"Elavl3","blue","blue",0.0309883010018799,0.0914651389022221,0.0567690593985305,0.00123944501510777,0.0905770668135317,0.0256733702548602,0.0380039399244638,-0.00452762751344912
"Rp9","turquoise","turquoise",0.142115265149142,0.112792557176693,0.125170862062498,0.0793276249651915,0.037179788865807,0.0516808187802078,0.123043214469819,0.0288897054580073
"Sept7","green","green",0.191284950077645,0.0945277817300659,0.139406245259503,0.19467495708298,0.000481215951574844,0.00609411305581646,0.242461153445817,0.0399209529790148
"B3gat1","grey","grey",0.0302250324444262,0.0472899261049424,0.111316052434112,0.0447852779613839,0.0915364383707538,0.0725239872965733,0.0312441178044878,0.102604620643339
"Ncapd3","grey","grey",0.0456321868502194,0.0687131117128581,0.0932826160512829,0.0439919908242496,0.0764565827308679,-0.00287237313990466,0.0614588008725022,0.03297978984653
"Igsf9b","yellow","yellow",-0.00683771160837555,0.0118924235496279,0.117227007278112,0.280930152825229,0.0961378619083366,-0.0937123142616635,0.191199019875203,0.141382647357343
"Opcml","grey","grey",0.0605172918126745,0.130161473177482,0.251864021873525,0.209562518697174,0.19427383415561,0.0743720275310129,0.165122957450836,0.262152151449855
"Ntm","green","green",0.107411483266287,0.188957824478336,0.217053494504346,0.24887960716355,0.153616953182043,-0.0632823150695094,0.270198236184443,0.131128613766973
"Aplp2","turquoise","turquoise",0.250708942967967,0.190753894568261,0.14239340362499,0.0456962100604692,0.00922978370999288,0.0485025365273658,0.168759474801136,-0.0511975332102405
"Arhgap32","yellow","yellow",0.190529409183428,0.105142675898045,0.364333012572095,0.495437369803337,0.127313286375959,0.00873576516805223,0.371980125501108,0.346479964374257
"Srpr","turquoise","turquoise",0.163946581108918,0.11477347861668,0.13832177221234,0.070975461174397,0.0324547602953136,0.0611464911949496,0.116125480924196,0.0391099054403341
"Ei24","grey","grey",0.0610897107841862,0.0739796361986496,0.0946257362199531,0.0485559890349846,0.0627361756889429,0.0305556501345736,0.0665559575188678,0.0440736429142414
"Fez1","turquoise","turquoise",0.185940759168661,0.0960502996569735,0.108699114987109,-0.00436786841251794,-0.00980087412380333,0.0919893929419123,0.0564266545819514,-0.000563549358924588
"Nrgn","red","red",0.18823606581325,-0.0325144891189242,0.308755588546211,0.525260355875807,-0.0202034961992617,0.186166953047725,0.304520233895177,0.550714709039855
"Scn3b","brown","brown",-0.00887462984693538,-0.0595218842752818,0.0779180941137974,-0.00420383170377355,0.0206258672528331,0.216069757466825,-0.0791529349748505,0.202627189680301
"Gramd1b","grey","grey",0.0784959364170252,0.106933549186174,0.132329547306819,0.0992932536627436,0.0976639559830418,0.0271805404107171,0.115252372750571,0.0713833106039971
"Hspa8","turquoise","turquoise",0.500387570029258,0.295623354685638,0.333790815641228,0.227471297935556,-0.0225255820568963,0.273260526748104,0.331771096457028,0.139125992079343
"CT025619.1","blue","blue",0.0253818424725229,0.128363401241281,0.0409066452423794,-0.0344546383484204,0.0973455920385183,-0.0138395889986824,0.0427900359487501,-0.0761887280011073
"Sorl1","grey","grey",0.121725296783698,0.119708137999906,0.208923636086113,0.227794726890169,0.108753541122518,0.063088622297004,0.207619923820782,0.191170406784647
"Sc5d","grey","grey",0.0894238314791405,0.0803141910639478,0.094886588109479,0.0525592415851092,0.0471657201543057,0.0148876720651306,0.0876103154689296,0.0157180479914916
"Arhgef12","blue","blue",0.026555365330556,0.0891719993383017,0.0409994194167138,-0.0129628659178576,0.0747760585054616,0.0269467048518176,0.0223306886493447,-0.00890535089102543
"Thy1","turquoise","turquoise",0.293231586699809,0.255684211555508,0.267579641181481,0.175385592458595,0.103950846036747,0.179915573495638,0.255411292633039,0.12577305522409
"Usp2","grey","grey",0.118459928982746,0.0562145854858154,0.147163164148959,0.155842930953456,0.0182195661587094,0.0556348153232383,0.131442271903662,0.128009950789595
"Cbl","grey","grey",0.0395119791331487,0.0317883187934568,0.0910029722864006,0.0413798393168319,0.0591862789098063,0.0554738574078565,0.0328086449263833,0.0796844131732871
"Trappc4","grey","grey",0.134597233852716,0.0952141731760778,0.121013701256718,0.0502897150379435,0.020606791918737,0.0789862322350576,0.0855048082363898,0.0403003726912141
"Rps25","brown","brown",0.116965726633752,0.0514762704511298,0.0651668913610869,0.0298469846713291,-0.0305233445619017,0.215892888403284,0.0384405319129603,0.0663353774248529
"Ddx6","grey","grey",0.107123443042457,0.0758779853923084,0.115332784331089,0.0834781345729681,0.037618168854403,0.0719813185193298,0.0952781272506614,0.0671501949542863
"Arcn1","grey","grey",0.0753487251721472,0.0725162506288101,0.0954211360479966,0.0422611122482763,0.0515079101502282,0.0405706894920373,0.0651585123756047,0.0361824338079323
"Kmt2a","black","black",0.0693072549014693,0.118955369427821,0.140663909479753,0.0836423951835258,0.180673932448743,0.0390671788544689,0.108849915955673,0.076627680033038
"Atp5l","blue","blue",0.122493841174318,0.138522448386252,0.0519103943717081,-0.00414618660004495,0.0200552367868537,0.179297867312707,0.043524612499043,0.0101795695744624
"Ube4a","grey","grey",0.06530434071876,0.103242601151941,0.0926460951597008,0.0240359450226662,0.0830323907361248,0.030023591210966,0.0607436841446526,0.0151749677465649
"Scn2b","grey","grey",0.147773436598804,0.129863704255329,0.136180664274565,0.0928750600768545,0.0419237590627813,0.0966275781024214,0.133500077677088,0.0630955105313697
"Pcsk7","grey","grey",0.039453748312177,0.0602675140223059,0.103856384828158,0.0622068778208473,0.0779058834391726,0.0178930201318408,0.0548814743249427,0.0683896210864731
"Pafah1b2","grey","grey",0.129063440277464,0.0958753130038256,0.126137181673175,0.0695268697637095,0.0349015523444491,0.0717090915295629,0.10022509052963,0.0500526827533473
"Cadm1","grey","grey",0.0445549490641576,0.0182780354477527,0.0832813297426627,0.0873797940205152,0.0292202877643499,0.0527955240091382,0.0747219166720213,0.0756395718051575
"Rexo2","grey","grey",0.112446636839028,0.0956220227436639,0.130860257535332,0.0729591163266812,0.0545660010415925,0.0472189704319221,0.100843987448137,0.045146842275879
"Ncam1","brown","brown",0.0472138704380883,0.0578619392508131,0.0191813225912081,-0.111335692888038,0.0248995130994803,0.0518867277803822,-0.0413737358805059,-0.0700675910273278
"Rpl10-ps3","brown","brown",0.123848763925955,0.0512497354305366,0.0717973671855006,0.00763139473967934,-0.0254012023508153,0.219044982922277,0.0230490601202337,0.057244055010034
"Timm8b","grey","grey",0.117860737408677,0.0894247589522395,0.10002546616028,0.0640828165639248,0.0192178508047698,0.135327828724427,0.0795640126435965,0.067358758617033
"Dlat","blue","blue",0.115406757572271,0.166443778362633,0.122018948969874,0.0212092323347834,0.0945781813952558,0.0501964216353485,0.0907498601548448,0.0116339002584686
"Dixdc1","grey","grey",0.0508964968484453,0.00154920181790404,0.0566029970566424,0.0608059846569647,-0.00242502614814237,0.00121233201257971,0.0522960003675784,0.0391868608589837
"1110032A03Rik","grey","grey",0.0721050093524899,0.0728991886004654,0.099692097666284,0.06037454558672,0.0531664157176223,0.0377403496527111,0.077192736334901,0.0438204567623691
"Sik2","grey","grey",0.0688555385407281,0.0717164816282276,0.113525543613511,0.115740516768682,0.0601107866717683,-0.0274959031114183,0.119042091661482,0.0529835377040342
"Arhgap20","grey","grey",0.13177749390882,0.0701390093614385,0.18957286739529,0.225387015763824,0.049900644626806,0.0586847728440868,0.191282643475438,0.186320872610622
"AI593442","grey","grey",0.154689878681128,0.114685155215119,0.173112573361259,0.201209879980894,0.0366864782435726,0.0512277948323131,0.195395091031724,0.140390021458277
"Acat1","blue","blue",0.136020859068819,0.164286518998932,0.141848174746985,0.0489275662454577,0.0799648545393812,0.0489108947898443,0.109457008491339,0.0235796276671448
"Cul5","grey","grey",0.12717748694667,0.0935460560270199,0.131980722242351,0.0738086826164073,0.036619048595187,0.0736943534120442,0.0915340077358972,0.0650192262298643
"Elmod1","brown","brown",0.160620388975963,0.140395457862384,0.188737521788762,0.149755792219094,0.0520762851566027,0.186407608652344,0.145397652173773,0.194416108133454
"Dmxl2","red","red",0.108901713149918,0.0741999778372617,0.197856902911987,0.181822749752917,0.0949087211235899,0.076174620018934,0.156101900772517,0.205459231100665
"Idh3a","blue","blue",0.173511427655576,0.191617302245108,0.149003858012112,0.0651511765516584,0.0730725620184778,0.0704972914871291,0.138111292423997,0.0234835940612466
"Ireb2","grey","grey",0.0387182723746576,0.0487103239294335,0.0768518561607381,0.0355737545059205,0.0565155186391021,0.0339444079694394,0.0438315917825373,0.0470411869270735
"Psma4","grey","grey",0.132700349152029,0.0945865773832978,0.113400188909309,0.0522940414127346,0.0318302310302786,0.0810647276354219,0.0851566879510266,0.0369407706179455
"Rcn2","turquoise","turquoise",0.147283476883829,0.123622947269212,0.0925658452405696,0.00319049714415171,0.0261786302020408,0.0550543213580831,0.0811854012306725,-0.027277733750964
"Tspan3","turquoise","turquoise",0.291813826319625,0.169775642630208,0.173151398546704,0.0591674161874007,-0.0237684143680331,0.140234352937504,0.14625793940439,0.0131375870296596
"Hmg20a","grey","grey",0.0370675947777841,0.0675134364259552,0.0562403009463183,-0.00522264340737759,0.0570268637205113,0.0249885887973932,0.0207784699311567,0.00265015262698991
"Lingo1","yellow","yellow",0.142295322947664,0.0328124121494377,0.229808058380142,0.363331580494081,0.0479099710163765,0.0592058978578532,0.255271154053183,0.262436180952952
"Commd4","grey","grey",0.112548064048049,0.0945335369314696,0.136217155662799,0.0811927995879734,0.0596229269799538,0.0542961387072336,0.10169364189219,0.0668555714381981
"Scamp5","blue","blue",0.138054328245301,0.172256205182904,0.102116097543902,0.00912463619136108,0.0660104425112748,0.041801602459885,0.0964300224657059,-0.0346880004374759
"Cox5a","turquoise","turquoise",0.337841973988246,0.265655477843497,0.191357173946147,0.0761800275446319,0.0253877564552265,0.210413030021763,0.190573764624244,0.0155263838078887
"Nptn","turquoise","turquoise",0.270217557782407,0.189128621349972,0.241683840257758,0.213602479350104,0.0294156322369233,0.126704066534941,0.248856950524739,0.168202527991729
"Neo1","grey","grey",0.0452072520947362,-0.00516051871732381,0.0719841524671673,0.073369861291276,0.0129168212477436,-0.00416098498293789,0.0498594379589224,0.0532264087267676
"Bbs4","grey","grey",0.0371117541820541,0.057854000599144,0.0761435203412545,0.0541382391614321,0.057538342451355,0.0211699932387364,0.0606212522597743,0.0433303951499773
"Arih1","grey","grey",0.0483473145842659,0.0611100653432498,0.0765036307470929,0.0421626478768959,0.0583555844724498,0.0149775149199465,0.0572752464738673,0.0337300426144534
"Parp6","grey","grey",0.04126655390368,0.0718191708402662,0.101975113136705,0.0644898254698414,0.0938087307044414,0.022346105397537,0.0699830357015048,0.0647651192959315
"Pkm","turquoise","turquoise",0.280854169283336,0.215806247717092,0.222917431518171,0.11544590551153,0.0627304393910123,0.153974965233837,0.203189535407408,0.0719673867757688
"Myo9a","grey","grey",0.069506807238106,0.0756558320767345,0.151890762644473,0.135322315643557,0.0977702474267658,0.0263612079623305,0.1306543946169,0.10998296629291
"Lrrc49","green","green",0.119126482908196,0.129200390604265,0.135578269503826,0.0990873935328831,0.071933889044993,-0.00901186353550743,0.164994209380721,0.0345054206554334
"Rplp1","brown","brown",0.107495446100327,0.00516586063456707,0.0311729892903617,-0.0142372874876021,-0.0623248407628498,0.386198664445047,-0.0335814984846121,0.112650405211584
"Anp32a","turquoise","turquoise",0.20642085277115,0.109172722994911,0.168967207138166,0.0988417317201819,0.0053488177629075,0.13267909475418,0.127440078081568,0.101637798779557
"Pias1","grey","grey",0.0800628271320313,0.037051021451036,0.124123620365249,0.0997203197344303,0.0402248506271977,0.0268889783724101,0.0783978856815467,0.0963782613059798
"2300009A05Rik","grey","grey",0.086642727363429,0.0911305871204195,0.101264226771696,0.017546108093903,0.0525954949063179,0.0580306235647157,0.0527923256180883,0.0327484924132185
"Rpl4","turquoise","turquoise",0.218741912616317,0.113392282178071,0.149056010869623,0.0866044571156131,-0.00943678636425229,0.134953194582021,0.130497596121652,0.0590647271824751
"Rab11a","turquoise","turquoise",0.148384714146846,0.113431038286028,0.136882231173774,0.0817768637053373,0.0401957453219295,0.0637331268902125,0.120636933517077,0.0474761707922877
"Dennd4a","yellow","yellow",0.042604161375375,0.0213753737762687,0.127370244348756,0.173521501338235,0.0690613061919164,-0.00561269588962342,0.123654617880492,0.126614862063287
"Hacd3","grey","grey",0.144191724408584,0.118349445375432,0.156903658207764,0.0898111526689172,0.0552436874140456,0.0636153750885635,0.123421715947839,0.0621284698847614
"Dpp8","grey","grey",0.0700224711713953,0.0752339967648391,0.135177272173131,0.0848350599630384,0.0800699417388536,0.022775400476562,0.0865533657141039,0.0876486466962469
"Csnk1g1","grey","grey",0.0342627628938175,0.0307857938933092,0.12117691153773,0.105748679015148,0.0742719111357942,0.0180493201957501,0.0745114764585981,0.113780929663328
"Ppib","grey","grey",0.139518056597808,0.146133785826653,0.19205048098134,0.106844114970495,0.122055602713437,0.0277863339878852,0.147283528764215,0.0712720027289098
"Herc1","green","green",-0.00585689742683641,0.0866402868893301,0.111833194648853,0.168177802792907,0.140985382128282,-0.0376951680666948,0.165796921035688,0.120115490821073
"Tpm1","grey","grey",0.202592606472591,0.0962216329243917,0.229232163501057,0.16127225315846,0.0329910160599594,0.116128259544113,0.153474004802854,0.173327929444597
"Vps13c","brown","brown",0.0302619639778699,0.0343261313381968,0.0841969519434408,0.0128814434766337,0.0675399307698145,0.137142676320528,0.00935119552123519,0.12071374429916
"Rora","green","green",0.127655885776925,0.155198370834372,0.0933537293289257,0.103339381002314,0.0544798665199792,-0.0443954835490266,0.196698894271463,-0.0339139604848679
"Gtf2a2","grey","grey",0.0760481296754663,0.0724298752442067,0.0816383819281989,0.0306595454051977,0.0442631091817765,0.0380005275425514,0.0559310406947491,0.0192691803906498
"Fam81a","green","green",0.127828234268425,0.118888992583865,0.191633626316433,0.200043656850732,0.100511261097095,0.0283456360401138,0.233140762426792,0.135356619529982
"Rnf111","grey","grey",0.0606449456933055,0.0716371279235234,0.106161689771964,0.0534052204839208,0.0726516720234877,0.0136597278427709,0.0670796797912691,0.0480488122753721
"Sltm","black","black",0.0247489598868139,0.0852738162135434,0.0790001239476684,0.0114905412829638,0.160322493934508,0.0105277745297862,0.0392231380521168,0.0224128536065881
"Adam10","grey","grey",0.087229144671412,0.0493903156431408,0.0847348537535015,0.0455852261760219,0.0160840413990172,0.0387063778200984,0.0674593823836121,0.02846565199851
"Tcf12","grey","grey",0.0057883017595195,0.00515332833082551,0.0160556068229141,-0.0300649946651248,0.0124019189226168,-0.00819760743777077,-0.0220293347578581,-0.0136773436985804
"Zfp280d","black","black",0.0117763382592675,0.0513078624285618,0.046769380843312,0.00137669888012218,0.104174428621595,0.0162436710896164,0.0182754224054356,0.0162738798331693
"Rfx7","grey","grey",0.00882920661882039,0.0594968801323071,0.0445155891671218,0.01231116410842,0.0765308641909151,-0.0129293876596409,0.0351627953575464,-0.00630300205486842
"Nedd4","grey","grey",0.203144158336348,0.128897072578248,0.171917255533993,0.0723173794052901,0.0269950912790887,0.138149755963622,0.12131470495602,0.0712259715122305
"Arpp19","yellow","yellow",0.16576668716133,0.0613904114599592,0.279602011491811,0.447404282022197,0.0614260878375539,0.0142431290587501,0.323682143744522,0.292763775904132
"Myo5a","green","green",0.191375616338339,0.171694312554987,0.200905825040589,0.186378274986858,0.098011679831093,0.0563778993351911,0.273130199357845,0.0850670675254427
"Gnb5","grey","grey",0.144312696730696,0.112153683915458,0.166015187625566,0.117739390725432,0.0474158202128571,0.0680239312484438,0.12813086437608,0.100050028759958
"Tmod2","grey","grey",0.149859747139105,0.105260498550085,0.164445148360768,0.0879650977397313,0.0618176706984017,0.0984551881189657,0.116682356624781,0.0772172848655738
"Scg3","turquoise","turquoise",0.138976263198291,0.103271347965152,0.0773101326485764,0.0416721736017254,0.00783545549409596,0.0489125924804782,0.109234993093924,-0.0326611426622342
"Eef1a1","brown","brown",0.27320774443593,0.114297252706775,0.173644252375275,0.0538491995730888,-0.0453940265983019,0.332758320532782,0.0945020892322887,0.107487173204395
"Cox7a2","blue","blue",0.294722714116273,0.259465260490125,0.26643511983698,0.136418073811189,0.110026807806676,0.210598518361146,0.216282115174845,0.0927471679196415
"Tmem30a","turquoise","turquoise",0.277905680242469,0.171393484317304,0.223663059384661,0.195619844381346,0.0136836979096708,0.141273789337216,0.238970738488601,0.132710449202672
"Senp6","grey","grey",0.0372012302610435,0.0500172910779502,0.0654523614075822,0.0366500514986874,0.0542782083395467,0.0289487389892781,0.044596946832492,0.0362478289836953
"Phip","grey","grey",-0.00738052668525222,0.0307880585084924,0.0630053146177228,0.0635542720139552,0.082848985805954,-0.0150104672186231,0.0524737156790986,0.0505372692858655
"Hmgn3","blue","blue",0.158179686162857,0.21131214066191,0.162457631860254,0.0416506323911652,0.105795681677036,0.0541814645074776,0.128871899214513,0.016436241312485
"Dopey1","black","black",-0.00755685940662475,0.0561970493244696,0.042698726997428,0.0103163664986759,0.13515877142978,-0.00715798356609353,0.0313540269248194,0.00975147949046695
"Snap91","blue","blue",0.122526102523253,0.158481837018485,0.13650570811461,0.0878319822522709,0.0930407462468641,0.0452454407475643,0.141871036155527,0.0396891888024354
"Snx14","grey","grey",0.127503163229692,0.108470804569436,0.132467290726832,0.0831265156438247,0.0470841261767418,0.0478814065898182,0.12230145732883,0.04165711736573
"Syncrip","grey","grey",0.066057871848797,0.0494760166708721,0.0918723960457331,0.0525588626044794,0.0394334675915791,0.0471355951516751,0.0613190011692434,0.0587053938709116
"Rasgrf1","brown","brown",0.100010344901296,0.113574870976548,0.14107428178766,0.0459254068650702,0.0846839984298473,0.162751659410177,0.0607785955840315,0.129531846515475
"Morf4l1","turquoise","turquoise",0.281729085672218,0.17380530827988,0.205742451730943,0.130762113199059,0.00454694151465847,0.181414210438263,0.185184987799009,0.0976337846999554
"U2surp","brown","brown",0.0532125522425583,0.0737265695541063,0.105007516051457,0.073987580973134,0.0787676314503626,0.0764237318249118,0.067692819349779,0.104500098937931
"Trpc1","grey","grey",0.0930643797276902,0.0952630512229962,0.168016674214875,0.118089958264239,0.100067691112445,0.0382864459876405,0.120220981927334,0.107862148405452
"Atr","grey","grey",0.0155032840108117,0.0448652622816663,0.0492496182726901,0.0260846894782432,0.0619285930926835,-0.0121166163641441,0.0361891376586983,0.00954499428617922
"Xrn1","grey","grey",0.0575985938350978,0.056544766992251,0.100350194852609,0.0627978291568052,0.0582349201988695,0.0235379444451815,0.0690886085211786,0.058050961048991
"Tfdp2","grey","grey",0.0569276962837424,0.066019476515491,0.102946453722018,0.0423420749727299,0.0736459787934619,0.0360532881559073,0.041545457862974,0.0681700236838622
"Rnf7","turquoise","turquoise",0.138190656428646,0.0724173348587335,0.0825132948887891,0.0401026463180693,-0.0172644672894135,0.0723154885819976,0.0703837404190507,0.0147619783454711
"Rasa2","grey","grey",0.0101095701031351,-0.000109125255478132,0.0421985726765632,0.041525365766002,0.0223062423725769,-0.0193350458692724,0.0268665873164473,0.0405927366885197
"Zbtb38","blue","blue",0.119317970034086,0.144552245142153,0.134430617631796,0.0878103057039627,0.0720304936117466,0.0401231311248947,0.133731205776561,0.041328901024955
"Slc25a36","blue","blue",0.0354800886622177,0.135168418440426,0.083886071288611,0.00561941148780147,0.131174079488736,-0.0204875092032236,0.060358141304137,-0.0140565786787014
"Clstn2","grey","grey",0.0682858393036967,0.0869301148901728,0.0909402594253256,0.0240999474832275,0.0690116230362285,0.0609493438315364,0.0626264689214988,0.0491113266396051
"Cep70","grey","grey",0.0594630326962197,0.0802328259732701,0.130157298324218,0.0902194411109372,0.0869510206875569,0.00834274984446668,0.0944350149608132,0.0854975920803952
"Armc8","grey","grey",0.0510922993076786,0.0694133372731747,0.0860691174135775,0.0337792921684488,0.067852503233591,0.0335983474767473,0.0502476058792705,0.0376511099920848
"Stag1","grey","grey",0.024913432199752,0.029496417521321,0.0416969101451536,0.0244427268060574,0.0282331233658741,-0.00232046056370283,0.0313223290567062,0.0185483250301988
"Ppp2r3a","grey","grey",0.0684375663558699,0.0389625024845243,0.0298587311761756,-0.00872028917280065,-0.000696612310490624,-0.0197847201779208,0.0326121660167992,-0.0489723230845303
"Rab6b","green","green",0.247426859140488,0.211569207487816,0.244956840583505,0.200161531821384,0.0901547599195722,0.100108796551222,0.299676495097011,0.109659971387879
"Tmem108","grey","grey",0.0521762907887397,0.0734500285120889,0.103097069945037,-0.00030062215595053,0.0885024637809678,0.0533348351266449,0.0261185439540766,0.0720607531156317
"Uba5","grey","grey",0.0367102712428723,0.0621682448959018,0.0737663756401865,0.0220774559725426,0.0664807681571223,0.0280459984629841,0.0397612184335926,0.0217134577113833
"Dnajc13","grey","grey",0.0616883814885586,0.0744162032051499,0.108931070792491,0.0816281093181049,0.0742842035887296,0.0221479303978149,0.0911156443238863,0.0618240261513215
"Mrpl3","grey","grey",0.0896750843559651,0.0838273871399695,0.116824854955546,0.0672010982787489,0.0652663429902076,0.0454873586869639,0.082453834448371,0.0586035666524478
"Atp2c1","grey","grey",0.0140637654237088,0.0225930453100734,0.112123660475438,0.0977315775876374,0.0670808387050515,0.0620569267985774,0.051089240346527,0.15576714941614
"Wdr82","blue","blue",0.0892062159636286,0.116146005634002,0.0973634345081564,0.0512545403952357,0.0637465040941284,0.0320839483251351,0.0876035976075829,0.0221485072260941
"Rpl29","brown","brown",0.168009869051713,0.0877687914918004,0.137023465427064,0.0972600628200248,0.00116955857225378,0.202501207850137,0.10575744981732,0.109302490155351
"Manf","grey","grey",0.131562756899829,0.0762168675549271,0.103263283110636,0.0464368534281828,0.00661570857812353,0.0806285806056816,0.0702713969503382,0.0364187036565323
"Dock3","green","green",0.132558277158618,0.138082113380481,0.197147334057295,0.157152139117533,0.11056948236187,0.0176549289110305,0.211023561671776,0.106060256626066
"Rbm5","grey","grey",-0.0323792451271027,0.00867844541384176,0.0793446366168327,0.10476474266959,0.090278192515847,-0.0185702585822652,0.059006475065251,0.111267978024137
"Rbm6","black","black",0.033063712152252,0.0843914923015236,0.0988816668545566,0.0525003474771205,0.157072588891621,-0.00798121035107064,0.0666291161634733,0.0411083572483452
"Camkv","red","red",0.0513175831298438,0.0150190850053146,0.169097652544218,0.123417228720903,0.0886711727723415,0.141127245202443,0.058306276006219,0.251473422764538
"Ip6k1","grey","grey",0.0404166793609921,0.05880206675593,0.0716177371900674,0.0228554879814635,0.0540557627474427,0.0322454027084215,0.0369251551037574,0.0340767364038215
"Bsn","yellow","yellow",0.12560201569603,0.0742273762109191,0.192744670818716,0.24008811761428,0.0631531745238011,0.0473152466840581,0.197340913945687,0.176471594347941
"Nicn1","grey","grey",0.0880556995300556,0.0852397387524509,0.115001967012633,0.0689786336321362,0.0558413995043742,0.0351457439253127,0.0914916379287469,0.0475527430864753
"Rhoa","grey","grey",0.0900138131313123,0.0468828504478177,0.0903945690741285,0.045803074757235,0.0207042782688529,0.0378834837293987,0.0595509911006002,0.0375156238796025
"Usp4","grey","grey",0.0382193262673965,0.0475940580040083,0.0944898019270863,0.0727085879834019,0.0687940819715638,0.0249920897357685,0.0665244516841692,0.0705994000660282
"Usp19","grey","grey",0.0466357641572717,0.0568776144958264,0.0994484047451401,0.0748939789233868,0.0713133089078508,0.026483850909049,0.0694874531223614,0.0717896152871545
"Qrich1","black","black",0.027769639517867,0.0687842287170844,0.0762436723662165,0.0319735703424087,0.129985293365212,0.0229852086245072,0.0447827610673852,0.0434267719075103
"Dalrd3","grey","grey",0.0488582792311852,0.0417151507196247,0.0944141726173819,0.055541294795057,0.0552257853983976,0.048599217994555,0.0517979046408532,0.0719154080124587
"Uqcrc1","turquoise","turquoise",0.208214548083912,0.175370478537499,0.16365045368072,0.0758052981698358,0.054560509513933,0.0799159782310802,0.15189391867963,0.030906179195272
"Tma7","grey","grey",0.118541459527443,0.109430943745518,0.115927560481544,0.0920626427500035,0.0530517423285381,0.126826935935794,0.110111537879739,0.0731080805891885
"Map4","blue","blue",0.134344505843163,0.132077233159483,0.0974624314110475,-0.0112398036902408,0.0436203200458085,0.0765695645454896,0.0516967305993027,-0.00369943449324371
"Dhx30","grey","grey",0.051866709896352,0.0787801886066418,0.112919087035664,0.0566696943871983,0.0887335643209736,0.0358653136790571,0.0661804541676107,0.0655318834454546
"Cspg5","turquoise","turquoise",0.113864208205615,0.0630068425168293,0.0696122011215596,0.0981926482081483,-0.00608761321302939,-0.0369594002825894,0.133298265875035,-0.0263975035260032
"Setd2","grey","grey",0.0847859172729261,0.0758505111606758,0.146991020059682,0.109968071284032,0.0807683045675862,0.0427012040672616,0.109120026989759,0.102779571440648
"Lrrfip2","grey","grey",0.0805282818316739,0.0929785609824987,0.106618635859372,0.0535432772536513,0.0608290978816678,0.00845534111781665,0.0867413039806063,0.0317720330965673
"Epm2aip1","turquoise","turquoise",0.143741311966108,0.121102389613776,0.111156515475893,0.045034538757407,0.0489682171595427,0.0762481434334253,0.105732158778417,0.0145105857220156
"Trank1","red","red",-0.0324658927638224,-0.0122620574814939,0.136464346904374,0.177470547762083,0.107217835307945,0.00229499307295185,0.089144307019007,0.229577641116709
"Arpp21","yellow","yellow",-0.00692982633392876,-0.0982513858388401,0.248559806360115,0.575778862935448,0.0733135678574497,-0.073888766354987,0.322272910573777,0.444625163381534
"Clasp2","grey","grey",0.0324815107528451,0.0543691756751247,0.0490591345085832,-9.68884970951369e-05,0.0538191482999454,-0.0425786428730265,0.0343397428388063,-0.0359695179006813
"Ubp1","grey","grey",-0.020276120763589,0.0260689160461364,0.0479384508321215,0.0372899247773088,0.0815116287707104,0.00378749088397087,0.027462413568637,0.0500168320431953
"Fbxl2","green","green",0.0753784173799027,0.0841281242457499,0.123193060379517,0.119364778187657,0.0812785590720621,0.00844885028948656,0.152790191274243,0.0681361126405269
"Cnot10","grey","grey",0.0270864924255013,0.071105107164333,0.0654912891911516,0.00988449112480135,0.0808932292599666,0.00778537093450155,0.0360392949059182,0.0100689400227434
"Stt3b","grey","grey",0.084733004244246,0.104038379512712,0.104263343889132,0.0671875839627989,0.0649592703797044,0.0248585381186649,0.102188700300524,0.0245537592989077
"Golga4","black","black",0.00975590445312797,0.0486898053949545,0.0662071452033946,0.0637636975879962,0.124483136991944,-0.0172341218535461,0.0667982419244602,0.0315953553155965
"Rpsa","brown","brown",0.223334185617942,0.123848370782983,0.12190718181078,0.0277988348913937,-0.0367750833854244,0.211480018882311,0.0904198991810871,0.0255574084637282
"Eif1b","turquoise","turquoise",0.208178534016609,0.144068124330402,0.157041001009628,0.0729744812991569,0.0358429464514798,0.129258825932759,0.131611406958048,0.0525112706281556
"Rpl14","brown","brown",0.142613530051192,0.0523189252927338,0.107922957798519,0.04292317064317,-0.0187565793045427,0.252328412698093,0.0487468198398254,0.104985200076395
"Cck","yellow","yellow",0.232157681047327,0.0203639583909539,0.329311735824386,0.503888577929834,0.0057964074314298,0.141114450199958,0.340315040051023,0.411576723161116
"Ss18l2","blue","blue",0.112388975931952,0.141685281148828,0.102180077505659,0.0337510754502791,0.0645997950814119,0.0511873515579557,0.0866114311591853,0.0062417091072437
"Nktr","black","black",-0.0874325371938147,0.0726506526096275,0.040844613883924,0.0394580126372907,0.243011114810998,-0.0454234122028864,0.0316784720754276,0.0437555214504514
"Higd1a","turquoise","turquoise",0.184488558676535,0.154593545672769,0.150220656927643,0.0933438605677979,0.0466943585565724,0.0944497591073235,0.145215355116896,0.0476604686276498
"9530059O14Rik","grey","grey",0.0504273578026398,0.0582585325527381,0.265738127099905,0.148142636211357,0.186856626786782,0.0875645565668355,0.0720961139877358,0.275474126403162
"Zfp445","black","black",0.0150444912492336,0.074784329088198,0.104350399744996,0.0646211735936089,0.173978934006307,0.0155651453815068,0.0660110175573942,0.0758500120801086
"Exosc7","grey","grey",0.0596966155334781,0.076696070414057,0.078122115325007,0.0219489070241356,0.0541042864275199,0.0280064052917769,0.0484983944062616,0.0187027353837483
"Lars2","brown","brown",0.0688977624240671,0.0545281589514939,0.0627168530236994,0.0564911293184607,0.0251243811029884,0.277969500778277,0.0405309634747649,0.111572667505665
"Sacm1l","blue","blue",0.123555223851797,0.157050958994858,0.122233877054248,0.0451315801800668,0.0778607203023969,0.0488908604995569,0.112803815572906,0.0137283435222817
"Lztfl1","grey","grey",0.0614992345583507,0.0817819523029495,0.132806535540887,0.101966452209149,0.101650702695431,0.0439087334321661,0.103682731690535,0.0887357306523728
"Fyco1","brown","brown",-0.00682422626433669,0.0106563364421475,0.0769840133410705,-0.00935750059662754,0.0815003334869893,0.143053278148038,-0.0302842269853176,0.122683706515661
"Gm39469","grey","grey",0.0385843678371643,0.0359070722775804,0.0813774399480589,0.0485666609219177,0.058584330327138,0.0459160625760265,0.0396116636763972,0.0652379966947958
"Selenom","blue","blue",0.178285238821046,0.173849752828424,0.0648109119697768,-0.0829268362535043,-8.01681377494444e-05,0.133766020212158,0.0313847321692936,-0.0715892300293686
"Uqcr10","blue","blue",0.136063393808788,0.158243028224925,0.0766008211073172,0.0256981130693289,0.0369793147793423,0.159082929942033,0.0786960429870119,0.012891517398968
"Ewsr1","black","black",0.00862490717830465,0.098720145645261,0.0977867322079425,0.0603784015366269,0.181378082431028,-0.000999193508259157,0.0721315144231717,0.0730791652498615
"Xbp1","turquoise","turquoise",0.144680730105322,0.0778111309139223,0.124488617540259,0.102935884526179,0.010782520452131,0.0558087029022989,0.119598230768475,0.0634557644605369
"Mrps24","grey","grey",0.103571068210646,0.094403279825532,0.0916351063403868,0.0364868483267476,0.0392676884763229,0.0788917166559366,0.0692155395396829,0.0274374706703461
"Urgcp","grey","grey",0.0715325619133516,0.0833754163441849,0.0944167406844297,0.0216931738423523,0.0618327883630992,0.0326190692147588,0.0498585651636317,0.0263153472631321
"Camk2b","red","red",0.0644414974949359,-0.0133187983511253,0.160136891650521,0.128079657890758,0.0544835293089051,0.181287513914031,0.0472699194576015,0.302371053347781
"Nudcd3","grey","grey",0.0999579044611532,0.101606083323612,0.124588319167335,0.0788890858789957,0.0680230549368024,0.0480900758266169,0.104519883782377,0.056408334471315
"Tmed4","grey","grey",0.114051458797831,0.0797042602076561,0.1140408473539,0.0549803526249485,0.0303137232073765,0.0454790999704719,0.0802363992522402,0.039028038130476
"Ogdh","blue","blue",0.0886471058603197,0.131376075326461,0.108095370678527,0.0497653223248432,0.0797528545122663,0.0187547943252174,0.0978730929181148,0.0237775352189376
"Ppia","turquoise","turquoise",0.416718929412079,0.214959832344041,0.234713091727395,0.197968863001281,-0.0584898847951274,0.321055654495244,0.250713454229205,0.137979281187013
"Purb","grey","grey",0.11318193376282,0.0938146899635392,0.092510859234707,0.0701740605971514,0.0276285816411777,0.0890016195487014,0.0972047453183196,0.0376167346001227
"Adcy1","brown","brown",0.0403128944245566,0.0408609019999496,0.0918351870976956,0.0781757288143018,0.074588143342671,0.148850000186619,0.068670658947452,0.139512307910588
"Cobl","yellow","yellow",0.150786381849996,0.0458257915817044,0.249939578754624,0.372878131938431,0.0537920410122825,-0.0136781238553528,0.280216227257661,0.232837951480989
"Vstm2a","blue","blue",0.193754376692567,0.263335664173488,0.0827949333476564,-0.114577336673969,0.0425947555511638,0.125651118693879,0.0721663022222439,-0.134436728515319
"Sec61g","brown","brown",0.0598654152020132,0.0515173158899247,-0.00450842340287496,-0.0195827929351255,-0.0199256146044423,0.164827807384337,0.00183330717582545,-0.00535330949568718
"Cnrip1","brown","brown",0.0921428425754399,0.0818633518554468,0.146026125041097,0.0900469626237964,0.0831084955562028,0.0988786115288906,0.0950966342180604,0.106114229984686
"Ppp3r1","yellow","yellow",0.261155580266556,0.1082773180817,0.292045507837024,0.287545793006639,0.0238986095227896,0.199422407291483,0.227219978715743,0.283195779662078
"Actr2","grey","grey",0.1194185421251,0.117826570499636,0.180163656178598,0.138790228997999,0.0937824104870225,0.0938514702496496,0.138405122842352,0.136062386589205
"Rab1a","turquoise","turquoise",0.156330955412105,0.100083488265423,0.119365358196078,0.0778059998436597,0.0141903212130359,0.0816685590064186,0.115384627272131,0.0492396533354697
"Aftph","grey","grey",0.0657416536269912,0.0672134843295941,0.103169475579858,0.0692424557338776,0.0634633272164318,0.0303871212242938,0.0793320792733268,0.05414381800959
"Mdh1","turquoise","turquoise",0.471079726193348,0.369131105542137,0.333785667441046,0.168036404720355,0.0715023142174277,0.203450603778377,0.325072747456383,0.0573143846459995
"Xpo1","grey","grey",0.0756763873843653,0.0643590101797865,0.0824766142220814,0.030325579187056,0.0443933026898889,0.0662799574417417,0.0556723902931453,0.0340777321300424
"Usp34","brown","brown",0.0428948680361469,0.0794229838119414,0.096691772119049,0.0625069822991144,0.0918270225963964,0.0498986164936153,0.0750492223827242,0.0592434308672947
"0610010F05Rik","grey","grey",0.0826464716481894,0.0905484545995958,0.120191601398357,0.0817522493849924,0.0736637361883895,0.0254561951343298,0.104627428429638,0.0525248275101508
"Pex13","blue","blue",0.12861611297299,0.143424526690503,0.128871318412377,0.0394863937118592,0.0681739918081245,0.0222265444086445,0.101258555138524,0.0119988991795744
"Bcl11a","grey","grey",0.0104801789029001,0.043516993263702,0.133527717250564,0.152331138635545,0.120073667862875,0.0369713253767692,0.11297999451464,0.15594588483377
"Ppp4r3b","grey","grey",0.0682221919395999,0.0664674569110208,0.0851974672336112,0.0272016037590981,0.0401732114945353,0.0230252167949285,0.0541416184401333,0.0208674062005607
"Cfap36","grey","grey",0.151170468630544,0.101910753725746,0.144288926402036,0.0727861637920428,0.0275736052319629,0.0992470413806951,0.102972577208153,0.0673235324717628
"Ccdc88a","grey","grey",0.00295146555574059,0.0548338396995149,0.0770921220812124,0.0560092886734169,0.0981978318126061,-0.0218683577678438,0.0513412778194928,0.0513935130463036
"Mtif2","black","black",0.0329822087842596,0.0943318402992851,0.0757188904398825,-0.0158155248270794,0.142371972138446,0.0374202424744621,0.0217402174605028,0.0156981939690645
"Rps27a","brown","brown",0.123076878409631,0.0429066102010367,0.0263203906895663,-0.0343876947096766,-0.0590695016647017,0.273983128520025,-0.00751530750956245,0.0267667970665213
"Rtn4","yellow","yellow",0.19491401197079,0.016642687227917,0.234369663113255,0.353554744155566,-0.0217178815189513,0.0743396667964881,0.240007707982939,0.278350326716804
"Eml6","grey","grey",0.044228188389298,0.07121087870876,0.0961187418562804,0.0146939031622721,0.0820746259911021,0.0417096545814964,0.0250662785947895,0.0445421220808651
"Sptbn1","red","red",0.0868268779280274,0.0354340601947369,0.175343626097674,0.153996694437481,0.0737206264531219,0.0901728253618164,0.105154180042185,0.217338444947907
"Psme4","grey","grey",0.000804533792985206,0.0396637887177427,0.067895753088209,0.0596294408965268,0.0922530315210653,-0.00139265209439838,0.0486859632973474,0.0585774189675199
"Asb3","grey","grey",0.0647136548276271,0.0561309959219052,0.0710136321207387,0.0182738121219756,0.0268608730362526,0.0241189301859369,0.040251072177461,0.0194568142701851
"Erlec1","blue","blue",0.111353980738752,0.128864070030005,0.0950557773786104,0.0129384126200513,0.0522568689434415,0.0670786590405395,0.0662448369699244,0.00408321485785701
"Cpeb4","grey","grey",0.042022249891674,0.0365691538991091,0.0992534425460531,0.10972644734184,0.0611131712301524,0.0312014048974158,0.0871276636331426,0.103334575683885
"Nsg2","brown","brown",0.184114994863669,0.114222076314292,0.187487279226771,0.100677177428883,0.0319921774334325,0.223315820434745,0.111556953708946,0.154488194342339
"Npm1","turquoise","turquoise",0.265401211466896,0.182309826604813,0.172671977342067,0.0533021355694403,0.0137885753727056,0.171317560176564,0.13646713581054,0.0376050854292645
"Slit3","red","red",0.0514815322283928,-0.0110287373444081,0.193908107254876,0.143900967577309,0.0721053776274769,0.15092340745098,0.0391353017780988,0.331981298267038
"Tenm2","grey","grey",0.0786203273279274,0.0623367364667458,0.14511695130576,0.155731962550681,0.0555826790109017,0.0707060438959832,0.129059713072829,0.142541006326318
"Mat2b","grey","grey",0.219522275719289,0.104025814142252,0.220930462347815,0.214504738594938,0.00615387396592386,0.11335560092558,0.209080290323104,0.16039420845886
"Gabrg2","grey","grey",0.141265904271427,0.153087389546163,0.1491113940896,0.168688971647665,0.0611514150377032,0.0683604544172434,0.205729168050692,0.104455060805683
"Gabra1","blue","blue",0.216940049342155,0.282052812574385,0.199641736315106,0.21469569233805,0.0901466294422038,0.0436807363545821,0.29503348471961,0.0749288141811692
"Gabrb2","grey","grey",0.153307282793318,0.168324238920859,0.203981066471651,0.141836857105613,0.104783400612632,0.0288983134978849,0.191685629773386,0.0874399152230177
"Cyfip2","yellow","yellow",0.231710892656821,0.143337698280762,0.274180221232499,0.314793780013584,0.069624215427111,0.114996059972453,0.276126901580654,0.232831318273123
"Zfp62","grey","grey",0.0633935167210594,0.0747109488872657,0.0862973297263741,0.0407082534650353,0.0598230471655853,0.0060709908216484,0.0706260125159626,0.0167997104802654
"Mapk9","blue","blue",0.147531177673203,0.171520864530536,0.146956846976435,0.0806646512756429,0.0774360321883911,0.0443126854601434,0.147527150102268,0.0234828964040813
"Sqstm1","turquoise","turquoise",0.237055187854545,0.135878216782221,0.212891419277131,0.14952200674941,0.0309240424647177,0.0976575645067932,0.183145247107687,0.102022372874128
"Canx","turquoise","turquoise",0.247844516984217,0.17588579383121,0.141357763432459,0.0224628003213109,0.00438800182362802,0.12767553816854,0.125950438197653,-0.0199826881558143
"Hnrnph1","grey","grey",-0.0329792227053255,0.00711262970122582,0.046353481737821,0.0439027286777613,0.0769159076905129,-0.0114061470173094,0.0208767233471687,0.0573672280442844
"Clk4","black","black",-0.0718409926018189,0.0426423028943738,0.0182921246437245,0.000274879739978833,0.153142498460077,-0.0193853089010611,-0.0143824349705219,0.0282838486083889
"Sec24a","blue","blue",0.045446256182243,0.108702218921635,0.082167972990239,0.0254869981658317,0.0981282554240718,0.00333711075821119,0.068070292718792,0.00495119666637607
"Ube2b","blue","blue",0.140230613223261,0.187895601966527,0.178343666855834,0.122509670909739,0.109122256494719,0.0789143769745657,0.154167090373298,0.0974736554481465
"Ppp2ca","turquoise","turquoise",0.164599250828124,0.106288920324035,0.127448120677126,0.0827496836962323,0.0165794882303559,0.10769102236187,0.113637807375608,0.0578263830707491
"Skp1a","turquoise","turquoise",0.392884615268325,0.210573317758105,0.264988158635441,0.1790777513936,-0.0165870777840597,0.270594042517121,0.238038711733453,0.132312624189833
"Vdac1","turquoise","turquoise",0.364000416960372,0.248433086213638,0.278987146505965,0.146581519360522,0.049900993772694,0.226150789860071,0.233261208863344,0.111653207744229
"Hspa4","turquoise","turquoise",0.294856048702413,0.195330447676693,0.246093990342164,0.156465768291802,0.0431577633959459,0.146637822298647,0.212985708861988,0.108880155420452
"Aff4","grey","grey",0.119310097292782,0.110248520769318,0.149536461251149,0.0806859460987,0.0728906828610975,0.0745894747501313,0.107766416908838,0.0696395220452963
"Uqcrq","blue","blue",0.214297219130837,0.205621807007759,0.125107057020158,0.0453692544084933,0.0235963288925691,0.169236946792044,0.122073673832314,0.0103457627337626
"Sept8","grey","grey",0.0527070164350243,0.0392809819277945,0.110230855754585,0.154787377450081,0.0624851887783014,0.00189038604771768,0.126289450655482,0.0985614529193577
"Kif3a","grey","grey",0.111905767011646,0.0944479772758544,0.139007528214448,0.074757466097686,0.0682038812154769,0.0560242296492259,0.101078105162631,0.0616094533101539
"Acsl6","blue","blue",0.0652186297058502,0.142220394756962,0.0536086804305621,-0.0118461300686427,0.0769809434576389,0.00530835650333268,0.0572785604147385,-0.0440726637059397
"Fnip1","grey","grey",0.068600001747162,0.0655319369120196,0.101712075704048,0.0658014449900196,0.0561348066154471,0.0265400522358301,0.0686395766832373,0.0563488736465538
"Rapgef6","brown","brown",0.0293550826375442,0.0580412419187811,0.0941748847779973,0.0349017332103121,0.087747953373678,0.0743124131904883,0.0319629976288302,0.0801759360951795
"Hint1","turquoise","turquoise",0.253623512078048,0.191056824974176,0.152540294225049,0.0399432040574635,0.0212245315632911,0.179680046487185,0.129619585418592,0.0141954686103555
"Atox1","grey","grey",0.124832093746894,0.104957172302101,0.077667507036058,0.046298224139155,0.0184820043937438,0.0951801866954494,0.0827317721440317,0.0141035826725801
"Gria1","brown","brown",0.0586685092638729,0.110512470088798,0.0955479762678949,-0.134434557088239,0.09961703718654,0.279394221417234,-0.0953759470855329,0.0979993315069906
"Zfp692","grey","grey",0.0782915874567564,0.116595747501643,0.122460948509462,0.0650974360112375,0.0893768680619399,-0.000786767602513684,0.105500677532613,0.0234586600964739
"Rnf187","turquoise","turquoise",0.229195302633177,0.161024433168742,0.181996820041454,0.117819058327893,0.0267166342356575,0.0899694106061471,0.180287969002072,0.0607883512175882
"Hist3h2ba","brown","brown",0.0547159294418644,0.0294493814234456,0.0583650484485314,-0.01927236824958,0.0172703731432338,0.105028871746427,-0.0115939373505646,0.0411827024341556
"Guk1","turquoise","turquoise",0.202763124413154,0.1482644171805,0.165061417301663,0.0983044305574562,0.0343195738066538,0.116370201514388,0.145418856226267,0.0680254772182323
"Arf1","turquoise","turquoise",0.250029608342262,0.136456163531108,0.203395840079827,0.129663919004798,0.020164623683101,0.169445474352156,0.15590501653336,0.124909139523426
"Snap47","turquoise","turquoise",0.310624394561793,0.216988668087609,0.245934291611747,0.155638019381379,0.0453038656297162,0.161334260645563,0.234016095333784,0.0932441451217196
"Mprip","grey","grey",0.0662505746012424,0.0557451954215552,0.124302729808604,0.0914480912891573,0.0693635737722452,0.0682280990587687,0.0775290291537065,0.116390781834493
"Usp22","grey","grey",0.119471336901969,0.0951059885064889,0.110126639510428,0.0605139256931165,0.0325983265197086,0.0709390649866889,0.0964033890443198,0.0394939627288815
"Rnf112","red","red",-6.09149887682715e-05,-0.000354224633744147,0.189470633415998,0.208296448515532,0.146838059706091,0.0729302666591935,0.0977951024850202,0.31692103546967
"Epn2","grey","grey",0.0183431663246979,-0.0473148526860612,0.0450204621879645,0.0198169132333651,0.00311009368723152,0.0355428403380634,-0.0174296466436295,0.0579804466530971
"Ulk2","grey","grey",0.0797716868545113,0.0764464284209778,0.111160457438996,0.0579543455875637,0.0634311896739242,0.0390863888268753,0.0836712420559272,0.0449650745173412
"Specc1","grey","grey",0.0653820028782846,0.0515054223565647,0.0729056883147401,0.00856867995882067,0.0360746544883415,0.000525021449741401,0.0256227473071906,0.0137058577383138
"Ttc19","blue","blue",0.0436816482084532,0.148179024797504,0.107732497275638,0.052413060554098,0.14237757124187,0.0351751476969888,0.0877444468045715,0.0419456297232837
"Ncor1","grey","grey",0.0985243652334537,0.0582341272468157,0.152024166938581,0.117310071051957,0.0671042988927816,0.0807949848161424,0.101531210274541,0.13532706665577
"Ubb","turquoise","turquoise",0.46807368867267,0.252174483682799,0.312743024754528,0.213442980004974,-0.0401678192933197,0.23660028411606,0.293122847028082,0.139554307559925
"Map2k4","grey","grey",0.138529350268376,0.147198065894651,0.170939691900357,0.122278171202387,0.0964696620366759,0.0961746317960204,0.162871973485767,0.083031436400051
"Gas7","yellow","yellow",0.18651290488891,0.0729044991522911,0.249186184786948,0.286518162996363,0.0438742975728708,0.128758829229985,0.217241654286303,0.245568132669187
"Myh10","grey","grey",0.146723634143145,0.120388818832804,0.20914415423706,0.1603132306035,0.0820602590438096,0.0702734562796265,0.160507144810792,0.148018731352799
"Rpl26","brown","brown",0.114512409336597,0.0436682849879618,0.0344080229697569,-0.00168689141822825,-0.044537583388896,0.251298074006943,0.0124989075438326,0.0461083525970903
"Vamp2","green","green",0.266716739431256,0.201867697380988,0.238375940233582,0.19637875993998,0.0641844803411864,0.124507041815167,0.301858396089872,0.0974341122608838
"Chd3os","turquoise","turquoise",0.255376285825354,0.218921074475127,0.18107150015837,0.118857817819769,0.041414530499533,0.10384029112971,0.216118987376531,0.0174550521787722
"Chd3","brown","brown",0.0848866485845724,0.059941952820949,0.118745392981114,0.0353830353638601,0.0697089890234688,0.141471913989574,0.0458621387494079,0.0926057631267878
"Naa38","grey","grey",0.109837091943172,0.082040980157282,0.0959819616718474,0.0524603853659081,0.0222372942278932,0.124165890372649,0.0690073882141601,0.0635194700364893
"Eif4a1","brown","brown",0.0807532502488534,0.0426463636971417,0.0956469816685314,0.0620851874449278,0.0395141722485273,0.0967317658297559,0.0610445712022506,0.083917637646397
"Nlgn2","grey","grey",0.0529730055592817,0.0600135058637252,0.0800926019829687,0.0698122455638104,0.0578093932802037,0.0266122642856506,0.0819941276993373,0.0466302725594605
"Tmem256","blue","blue",0.102043442157917,0.123973101737225,0.0791921749932779,0.0562134706397448,0.0475374849338532,0.0750020550544286,0.0989785239596683,0.00949565282571187
"Eif5a","turquoise","turquoise",0.256033538859355,0.151319782330781,0.202406657563148,0.1390123043456,0.0194089237700314,0.149065030217648,0.181406091055397,0.102402425318286
"Gabarap","turquoise","turquoise",0.16392849314083,0.0989829726209497,0.103811747759877,0.0368765878065234,-0.00027105808201988,0.111677017618018,0.0820017042780352,0.0191586454586125
"Dlg4","red","red",0.0221144095757871,0.0218936212038647,0.127810975443988,0.117085922312931,0.0923535792797923,0.0744350820677828,0.0595439293430161,0.186548890784246
"Psmb6","turquoise","turquoise",0.204570328444469,0.119035966395616,0.134770268701894,0.0646187731204496,-0.00406665850360052,0.114198332496452,0.112099329026662,0.0394550579504134
"Mink1","grey","grey",0.0998502059195118,0.0306195396179514,0.164188639068128,0.103405430628606,0.0429858884139085,0.0915278920330779,0.0653234364440993,0.159468021398574
"Rnf167","grey","grey",0.0938103809228261,0.0566826778753225,0.0975208450714337,0.0581868488036462,0.0213341587290609,0.0426270774791454,0.0734942661607727,0.0447314360573515
"Rabep1","grey","grey",0.128885065640042,0.106768596306345,0.150733658374205,0.101917637348676,0.061574677707752,0.0703669118695571,0.126496472997826,0.0752490512995782
"6330403K07Rik","yellow","yellow",0.210089859200034,0.102549494562109,0.18715697031199,0.212880309645123,-0.015043694096177,0.0995510235504984,0.211559735596928,0.116462711283715
"Ube2g1","grey","grey",0.0802998469289022,0.0758157566290959,0.132977835876248,0.107109700371656,0.0644494676142305,0.0112028469989745,0.10351839072932,0.0849835000795742
"Zzef1","grey","grey",0.0519263864903075,0.0859438681338972,0.0893265382443664,0.0285407811876388,0.0820495937144713,0.0110751552094988,0.0625031442927438,0.0215271407651761
"Pafah1b1","turquoise","turquoise",0.264532402777201,0.197919948138557,0.233732897908624,0.203712888452684,0.0607328012619129,0.145721374440834,0.241499337873148,0.139896181086841
"Smg6","grey","grey",0.0822128190122299,0.0633116926773821,0.120621082975984,0.0841791498201657,0.0472538257223791,0.0211514942266211,0.0856886132650344,0.0704688121989055
"Prpf8","turquoise","turquoise",0.170388183481121,0.105342853136033,0.157552528483836,0.120788171991712,0.0255536273203117,0.0667389152858156,0.143120718484598,0.089363609117471
"Pitpna","blue","blue",0.126822797030478,0.153421512559831,0.138886886831323,0.0971140329335497,0.0797874712351664,0.056856192184332,0.142993907401828,0.0504594156553257
"Ywhae","turquoise","turquoise",0.329174999966828,0.15469814922846,0.248104861017085,0.160274285138687,-0.00694120130132334,0.235981486537752,0.193372982667933,0.14993343860015
"Abr","brown","brown",0.0585134705776862,0.0516062128107492,0.126917368526445,0.0598565385960575,0.078409847090649,0.119615293204119,0.0431967179519807,0.145562632058102
"Cpd","grey","grey",0.0452687176591009,0.0188717146478963,0.0828454658092565,0.0570481443860101,0.0392345474049117,0.0430098078174476,0.0453695779124832,0.0716543044227787
"Blmh","grey","grey",0.0925296813604095,0.0713855678744559,0.0826049386738018,0.0315808620277901,0.0163061822218048,0.0414033370149998,0.0641751087814068,0.016578069100144
"Ssh2","grey","grey",0.0493869869290216,0.0848163297261642,0.0900768809177846,0.0157548516311893,0.0859891023713297,0.0269582559487745,0.0463004481910569,0.0202004043274935
"Taok1","grey","grey",0.06310548675218,0.0703812782264625,0.104487745100101,0.0626868559170533,0.0731249321104249,0.0774593901734827,0.0649724630831875,0.0825097409910132
"Nufip2","grey","grey",0.0766776444591226,0.0901252158715025,0.0983850314739785,0.033816097246678,0.0655509680799554,0.0416841578489343,0.0610051490687,0.0292076043428278
"Supt6","grey","grey",0.20562512261077,0.124269606655509,0.264182945078209,0.190862382436911,0.0767300217719786,0.130171329709745,0.181893646117368,0.196177583090637
"2610507B11Rik","grey","grey",0.0725832750437191,0.0729042710623302,0.091037845786706,0.0308370952661607,0.0546788850707348,0.0464440104315692,0.0540760111435082,0.0413212483965953
"BC030499","yellow","yellow",0.0298969438175509,-0.0861281851307858,0.139366747265876,0.332924588406465,-0.00960475621817022,-0.0675624797461095,0.184241586255984,0.235462898699772
"Ift20","grey","grey",0.111809691205656,0.0873011603090349,0.139918933084157,0.0747760829954557,0.0531382308064627,0.0791055427003972,0.091370922758902,0.0856563333132811
"Nlk","yellow","yellow",0.0732879078371801,0.051269855448162,0.159147963765753,0.253109250079345,0.0753382880828385,-0.0088724345933647,0.192206358496382,0.15744154145601
"Wsb1","blue","blue",0.0199426930574982,0.16061219350968,0.0362686815183416,-0.0947010628670389,0.130703303467934,-0.000409852862035755,0.00702661290224013,-0.097599888488018
"Nf1","blue","blue",0.0746914075662038,0.111826163514127,0.0881253798378521,0.0307172050971992,0.0759768227142028,0.0158962468976824,0.0726576538490901,0.0048051574937331
"Omg","green","green",0.171720728143265,0.105034895856415,0.142644788351635,0.145714648524895,0.00771416293336769,0.04105171385849,0.199848854480645,0.0488050508247783
"Rab11fip4","grey","grey",0.0771986213834003,0.0589361493955893,0.130034538321538,0.131893154561555,0.0571693703517587,0.022058823476437,0.119987844684475,0.102109383553589
"Rhot1","grey","grey",0.0878381182148232,0.0742848883561114,0.117226106487733,0.0606605733533794,0.061653998970916,0.0476893519755179,0.0721703397853277,0.0562634809479553
"Zfp207","brown","brown",0.00253184516093487,0.0303327151547082,0.0515558761910888,-0.00309349094959609,0.0702785184527724,0.0403470456682007,0.000355955217327526,0.0477780958191956
"Psmd11","grey","grey",0.0953778582737751,0.0820044850741951,0.108932778292164,0.0578204634377243,0.0482383079762155,0.0368622282762872,0.0856781170141778,0.0367999319710703
"Cdk5r1","yellow","yellow",0.161111868136425,0.083777607906756,0.200943380864523,0.226360981236344,0.0405930268084864,0.0919076498244673,0.189634254321832,0.179616892518415
"Ap2b1","grey","grey",0.117793254345656,0.129043532332837,0.157333024313377,0.0844462130596237,0.0916713548828448,0.0867103869579459,0.106922004175296,0.086126856655742
"Taf15","black","black",0.0238327833777151,0.0808504635207479,0.0599637394130223,-0.0136588386430896,0.127132123745341,0.0144132190309404,0.017293398226544,-0.0012914744517868
"Acaca","grey","grey",0.0406274866080116,0.0363915605355586,0.0529284638950099,0.0182130438109856,0.0376799127218959,-0.0156623532323022,0.0418835309410694,-0.0117007709752134
"Ggnbp2","grey","grey",0.101777840082021,0.111052148860633,0.154924124369644,0.110624140006344,0.0964678847145366,0.019399029662086,0.129180357162618,0.0708208996579534
"Usp32","grey","grey",0.069907134814684,0.0593273867426451,0.0999093905340527,0.0834462108386958,0.0537003038958199,0.0250977073668073,0.0896511789977337,0.0571886174700517
"Appbp2","grey","grey",0.0840274880521921,0.0928858426555453,0.0994633009529484,0.0461018457416758,0.0635261041969027,0.0410573651077301,0.0796554236667492,0.031025836140407
"Med13","grey","grey",0.0384654110213322,0.047969979654906,0.0671201649167837,0.0575096410604679,0.0503975951961851,0.0174740650711046,0.0627593189770443,0.0474009157410641
"Rnft1","grey","grey",0.0493362402188082,0.0711309154455598,0.0928784190622391,0.0445393857371009,0.0623561915341143,0.0290082103316015,0.0537013569532573,0.054718805289829
"Rps6kb1","grey","grey",0.00841852755911143,0.038068821249067,0.0486050475392484,0.0316191785026838,0.0652290784186695,0.00357289588862318,0.0386378573272102,0.0243908602394524
"Vmp1","green","green",0.119198341365913,0.0604847865958717,0.100973627337825,0.098109212412763,0.00441539544768375,0.00406289304089293,0.12060887328567,0.0346410919299094
"Cltc","turquoise","turquoise",0.322644167922914,0.239668279833612,0.266025383254134,0.173246910006055,0.0693238260208861,0.157314793527519,0.25512365661017,0.100157300998003
"Trim37","turquoise","turquoise",0.189397653084816,0.148409455577635,0.179761935756425,0.138132045227812,0.0631408302278253,0.0861401134631019,0.178380426099241,0.0872104105556775
"Ppm1e","brown","brown",0.120491692200242,0.116101624548615,0.185904710546443,0.050389457069285,0.104920843722966,0.134545932757261,0.065482846874477,0.143229210072742
"Sept4","blue","blue",0.0583937991972201,0.0585161180111592,0.00580327278597359,-0.0421185760999041,0.010300945014598,-0.0907466270092434,0.0162059097925831,-0.112331375704907
"Tspoap1","black","black",-0.0154512583567172,0.0423467435700593,0.0798678202260594,0.0655180400062851,0.15890559308438,0.0015203057903561,0.0449912718408423,0.0884913591834864
"Dynll2","turquoise","turquoise",0.284096498783776,0.219225089337361,0.21156416813756,0.126014822727574,0.0476007935223551,0.137850034947723,0.215815035285411,0.0506846565043061
"Srsf1","blue","blue",0.0392102885447198,0.0975568846021625,0.0635701754516815,-0.0145347725724575,0.0815369692665264,-0.00153664354857388,0.0337165254441614,-0.0150177611592712
"Msi2","blue","blue",0.0274586717999769,0.129887220992138,-0.0100254809798422,-0.089634556409568,0.0683545010011364,-0.0512406860877937,-0.00140421108993029,-0.133009510977343
"Dgke","grey","grey",0.116106546293997,0.115273240185684,0.158648719494888,0.0980408641809352,0.0851248143648675,0.0607640597174237,0.122667593156112,0.0831560407577816
"Hlf","grey","grey",0.115804786543815,0.0538187534922537,0.123521465592315,0.174197615022572,0.00900849751891667,0.0535842097427767,0.152130673804607,0.115409212462479
"Car10","yellow","yellow",0.129870892183036,0.0356821458735937,0.235009965228937,0.383263068795703,0.0567727204942355,-0.0505070040420504,0.290459249554631,0.231111688616098
"Mbtd1","grey","grey",-0.0198345026525702,0.0200918916603906,0.0508510947572299,0.0332368851259912,0.0749833354902783,0.00438929094096678,0.0178454717015922,0.0541221884112006
"Nme2","turquoise","turquoise",0.186597734729342,0.125044580052134,0.119313304495394,0.0459259009563154,0.00917176561567055,0.150137617483666,0.0941162897398562,0.0419735002868019
"Nme1","turquoise","turquoise",0.18615571923181,0.138875494037936,0.142890967560289,0.0879167326745975,0.0338956662285049,0.121368779330894,0.133184396524786,0.0547161288397604
"Spag9","grey","grey",0.0961580775984032,0.0893085872179634,0.118980045496593,0.102427835002379,0.0528681175373751,-0.0103216109793149,0.121879388710685,0.0373983002588357
"Luc7l3","brown","brown",-0.0670213509935527,0.0137994165222686,0.0476392599043332,0.0734220706165508,0.108672277530883,-0.0363242670869525,0.0363738136213256,0.0953404410320371
"Slc35b1","grey","grey",0.0847896160350203,0.0619350152270886,0.104992539743998,0.0505537236311819,0.0476105393418842,0.0490938202271575,0.0660681836982348,0.0495170739723848
"Spop","grey","grey",0.130775289911719,0.0872543163876162,0.147305202593875,0.0943116597370543,0.0421364591176064,0.0645703107023872,0.116997065737024,0.0798546086914572
"Snf8","grey","grey",0.107084831196383,0.0934908938824169,0.126933994028008,0.0725831749024495,0.0566989790964466,0.0618585385871028,0.0892884277263962,0.0664766295604236
"Atp5g1","blue","blue",0.225377594776448,0.247066230046871,0.151714829324078,0.0461560628531562,0.0720929007167662,0.179115666096506,0.134798670042929,0.0169830703765118
"Nfe2l1","turquoise","turquoise",0.186348326128312,0.155000649906976,0.163706150167,0.100232535000249,0.0580080977734979,0.0839105348943949,0.162848095170583,0.0474758672058116
"Kpnb1","grey","grey",0.1125872403103,0.117495479803847,0.178774136165186,0.112551697704045,0.115686501686171,0.07633494535923,0.129972938505969,0.111715654291169
"Npepps","grey","grey",0.0626182203890979,0.0858759051554196,0.0887339188159769,0.0202028540909872,0.0772120246858283,0.0288869635025355,0.0553646002134404,0.0170862720807999
"Srcin1","black","black",-0.00268393359759455,0.0595037785879231,0.0774596731847377,0.0848506805611991,0.171446893339473,-0.0258653749543195,0.0903908470006632,0.0370760447381021
"Psmb3","turquoise","turquoise",0.218112534376468,0.111937254333659,0.151263084529784,0.0989926488062952,-0.0146829772438607,0.115488323868416,0.128734395154167,0.0667799782722369
"Rpl23","brown","brown",0.188218306645347,0.103119658385032,0.0821978580235568,0.0141893495770349,-0.0347155930730673,0.309735249051017,0.0597149986181465,0.0429104957227488
"B230217C12Rik","grey","grey",0.102330764546766,0.122963048855147,0.110650748388098,0.0535992057291474,0.0678063481763084,0.0534692297905107,0.094534307836016,0.026324070764486
"Rpl19","brown","brown",0.243821167730563,0.119991808998858,0.170865812876628,0.0930485670449749,-0.0173564769385237,0.299000251238824,0.118703144267993,0.115448805151855
"Fbxl20","grey","grey",0.0487167492698108,0.0609370526965024,0.100669509881275,0.0723897283255834,0.0758656249886842,-0.00021716530520293,0.0849479951744751,0.0527682107662488
"Cdk12","grey","grey",0.0239536952270337,0.0580574431741253,0.0730481184229059,0.0313424455639325,0.0780782641840047,0.00813310937913841,0.0451994395784752,0.0319060495946433
"Mien1","grey","grey",0.130016999588428,0.0839002266359395,0.12058782774635,0.0955101140673891,0.0229335052429921,0.100227132189912,0.110210355402893,0.068936628660883
"Thra","brown","brown",0.177898624660081,0.0698330730477476,0.171122129809008,0.0672948463176521,0.00773837808695176,0.215533204029311,0.0762777292522767,0.129732167169049
"Msl1","grey","grey",0.028181271290718,0.0292910344849989,0.0660246401362872,0.0542142100253411,0.0525888932993099,0.0390554845861638,0.0444901350069831,0.0583603266500856
"Casc3","grey","grey",0.073081218557794,0.0754184075908404,0.10386226876445,0.0673952094416407,0.0551842847242072,0.0133596999089743,0.0857851085995837,0.0398875750230811
"A830036E02Rik","yellow","yellow",0.058639878629763,-0.0340010338124086,0.212148516079472,0.424587776562747,0.0552328857183709,-0.0847839699802173,0.275784144833497,0.293591240185266
"Eif1","turquoise","turquoise",0.268613090776373,0.143297643893175,0.1744667124677,0.160191438863887,-0.0316864749650857,0.216315437432485,0.172813696882366,0.133736261475962
"Dnajc7","grey","grey",0.110053422428139,0.0722402303831364,0.122384731413465,0.0703854437066717,0.0356614711709085,0.0502618601550011,0.0851509386082566,0.0610270555915539
"Atp6v0a1","grey","grey",0.143904803829853,0.163651787892914,0.206978343484817,0.157638875321807,0.109004741775908,0.124582695369472,0.172125151327109,0.160577778098874
"Retreg3","grey","grey",0.0512522912147316,0.0397316930393927,0.073232235328463,0.0230722072829913,0.035989746428973,0.0264705537882984,0.0357195778626662,0.0333034055390964
"Coa3","turquoise","turquoise",0.208981751269841,0.138505950426054,0.151983586223612,0.0821236375561567,0.0133747655886121,0.158377867749085,0.127740533124869,0.0646750841601798
"Becn1","grey","grey",0.0834874707456018,0.0927890306907231,0.123891036188386,0.0625270779848407,0.0757856590081631,0.0481314308012809,0.0811524766041929,0.0576767261778751
"Aarsd1","grey","grey",0.118344879151029,0.0935976630584465,0.128752622092698,0.07053820397039,0.0381003936547623,0.0532986722606025,0.095139329837452,0.0535433778869914
"Rpl27","brown","brown",0.175872634273231,0.0974750219602493,0.0798154152896118,0.0180360341098836,-0.0316804439566241,0.241438089877283,0.0615401024597585,0.0313198470296227
"Nbr1","grey","grey",0.0348605876080438,0.0569623794145679,0.0513570152453007,0.00385864299926683,0.0521631492958777,0.0264988177110947,0.0265143500652181,0.00610461106741201
"Dusp3","green","green",0.117250192314504,0.106455682335242,0.15308316279852,0.192210087565844,0.0630349855227396,0.0152887226764383,0.224967718323641,0.0960818595877608
"Hdac5","blue","blue",0.0390219906112287,0.105153767127446,0.0484380902449692,-0.00608357011053546,0.0710328454871776,-0.0109064535315214,0.0511517501170091,-0.0439803696168924
"Rundc3a","grey","grey",0.058642631239042,0.0509221902612086,0.111765109315212,0.113798908840939,0.058917017151799,0.0389674230937659,0.0999084038637634,0.0929114635415383
"Gpatch8","blue","blue",-0.0818283040369273,0.0689710835261064,0.0396335864146107,0.0514184624443937,0.140478371457129,-0.0764517195278367,0.0365337078414319,0.0343613769332277
"Eftud2","grey","grey",0.0551400157075978,0.0319770263237578,0.125286211582158,0.118147048074712,0.0554991383695401,0.0410435150480716,0.0891077308405451,0.12023895641959
"Nmt1","grey","grey",0.073417913376076,0.0332896047937941,0.114700266482941,0.0838215621372524,0.0381700158013561,0.0581890086315204,0.0716167898092018,0.106039049118298
"Fmnl1","yellow","yellow",0.0435013681768276,0.00999338539543993,0.117378690898154,0.208924742380859,0.0519664831601512,-0.00436985329051635,0.134780873962514,0.140285597794573
"Rprml","yellow","yellow",0.130943823480349,0.0427041975119521,0.261861132185293,0.371454042044945,0.0879605342980981,0.0692214715582327,0.246419722441228,0.305832200980475
"Nsf","brown","brown",0.212824068562551,0.15516497948792,0.211319771708628,0.133505309621117,0.066378688464134,0.210968274450331,0.165520510390818,0.159687428493088
"Mapt","grey","grey",0.0943061411994402,0.048255052651745,0.150746536871825,0.170163894992646,0.0544891171210207,-0.00408433600918719,0.145133020974841,0.113087761132555
"Kansl1","grey","grey",0.0736221581635321,0.0803833595051855,0.119517502545749,0.0815588258024278,0.0809403569985378,0.0201947397814814,0.0973915564296282,0.0590857898441785
"Tanc2","grey","grey",0.0660142410655522,0.0680683567737604,0.160605624048697,0.179290667682301,0.100250040472137,0.00320617597462259,0.15816060687742,0.124474392456986
"Dcaf7","grey","grey",0.10221783807691,0.0930622094610059,0.128358112355252,0.0530274719184378,0.0551209829706522,0.0692220779410336,0.0777714884515963,0.0615187295846152
"Strada","brown","brown",0.0172605710498956,0.0335715377346955,0.0739207602406518,0.0304975072747686,0.0641781013148719,0.0298823457946501,0.0247610164950036,0.0690219671051276
"Ccdc47","grey","grey",0.116904014736688,0.0965532175721378,0.128483995742536,0.0520254030913902,0.0487849017320892,0.0583930419731414,0.0876840896329562,0.0515044900551649
"Ddx42","grey","grey",0.118318736899717,0.0888798815765936,0.134670885898574,0.0778698360157026,0.0476996401681985,0.0771669791202483,0.0970605047132833,0.0758554912891001
"Ddx5","grey","grey",0.0462438776830564,-0.0426743681848874,0.0929176063298822,0.108516903169336,-0.0125045531616913,0.0862027899185039,0.0310295070752069,0.16986316418371
"Bptf","grey","grey",0.0183379741776605,0.0364425008384392,0.0610768459835798,0.0466239241965673,0.058730585725373,0.0312029789947086,0.0388539183541139,0.0562233530182563
"Psmd12","turquoise","turquoise",0.170236336402471,0.127249215358062,0.129863700386313,0.0712630232889278,0.0270973347405634,0.0778072694625508,0.11896927268207,0.0312184636829507
"Helz","grey","grey",0.0629819037948529,0.0817918172108447,0.0983113690675895,0.0610458221843041,0.0699212196969908,0.0357047898762979,0.0838835491121556,0.0449523472553519
"Prkca","grey","grey",0.0675442695697042,0.0458688695773811,0.125362461125521,0.083443072566063,0.0494400909780798,0.0503951767836814,0.0551776626679694,0.13158771307113
"Prkar1a","grey","grey",0.191890075067317,0.135294678158298,0.208210045943726,0.136609635200192,0.0622269095870312,0.12858343059908,0.167153861675427,0.122929258321833
"Abca5","blue","blue",0.116550743486715,0.201677142643212,0.135278938382458,0.0399396385871553,0.123226990746782,0.0346649770347403,0.12185381188645,0.00902602706934305
"Rpl38","brown","brown",0.0465512102788472,0.0192175330152774,-0.0442217537354557,-0.0344826614767053,-0.061615095463904,0.28100170773775,-0.0344528616092522,0.0145075589167706
"Atp5h","blue","blue",0.274585568080938,0.229122680261879,0.163573748984215,0.0621725968639821,0.011485620227898,0.212130374306428,0.146345032623168,0.0342376067892475
"Nt5c","grey","grey",0.0991142119594277,0.08114413270586,0.150821803323893,0.129832365825586,0.0624172909045653,0.0302740719994602,0.131546371524803,0.0913913878709375
"Jpt1","red","red",0.099142390826393,0.0334597290371911,0.151677985060669,0.148769149112788,0.0304711159552159,0.0919254255675412,0.105978557257099,0.184370863082299
"Sumo2","grey","grey",0.23324927078351,0.107399400404179,0.204564371716525,0.169861388874254,-0.00345627555505457,0.160012779966127,0.169135256780762,0.144281165329246
"H3f3b","turquoise","turquoise",0.259074564496979,0.104805474065643,0.20149957295211,0.127115551286236,-0.0283260271172938,0.120045481689169,0.153459562455469,0.106251714855305
"Wbp2","grey","grey",0.125281432170897,0.0693263456699945,0.118195778188388,0.0930067943749274,0.013313580377448,0.0840047008170871,0.104679934397184,0.0746733438835708
"Acox1","grey","grey",0.0486065216112753,0.0582099978624612,0.0731577138258531,0.034399030982042,0.0555392201465688,0.017590676262117,0.0547624196058749,0.0177823646638851
"Srsf2","blue","blue",0.0418999050305061,0.0818014467453601,0.0574853441318085,-0.020485306281217,0.0778280487191723,0.00449459662902376,0.0260983832432626,-0.0217841400306611
"Snhg20","blue","blue",-0.0208590156371647,0.11525421993907,0.0553237169152525,0.0072756815892816,0.134508719141774,0.027599497355132,0.0207362548654066,0.0377112526396
"Sec14l1","grey","grey",0.144966476493019,0.110470301206528,0.18071576676418,0.14335094749635,0.0481849565525878,0.0759513397815924,0.137538686155284,0.136529248442303
"Tnrc6c","brown","brown",-0.00950061387006459,0.0282047905907515,0.0562392681957248,0.0344951413416468,0.0842069437184883,0.0467020504049588,0.0195002884081786,0.0724403757367791
"Rbfox3","yellow","yellow",0.101218850543487,0.0422662190736974,0.170062367125461,0.20674385582068,0.0493595565936626,0.0539118061158954,0.154370032438335,0.178183907906552
"Gaa","blue","blue",0.108429557800959,0.161466202179717,0.0578663261613069,-0.0554687905685994,0.0418567666644215,0.0808761083466895,0.0402634177914694,-0.0648450299128176
"Nptx1","red","red",-0.011276496244483,-0.0867388649516903,0.0734217089335735,0.146328193217342,0.0125264884044155,0.065919056922513,0.0606041149057235,0.209755455910859
"Baiap2","red","red",0.0754883445993063,-0.037638344328907,0.218524473966363,0.253266630786514,0.0521677906499302,0.118025192225904,0.11980875957415,0.36621084012664
"Actg1","turquoise","turquoise",0.376763723355852,0.196905088305324,0.291386491817925,0.177966346059303,0.00160224713149071,0.211928968405366,0.235960204673929,0.141712764406287
"Anapc11","turquoise","turquoise",0.147757139998424,0.0968052922651466,0.0875175368117927,0.0345148239997235,0.00307569931301339,0.0832114290016557,0.0821446273108606,0.00265374289476968
"Pcyt2","grey","grey",0.0451098364491245,0.0649920130756284,0.0547051391320539,-0.00691704870959747,0.0520389191251096,-0.0166699096245249,0.0343536812689487,-0.0329095225303466
"Sirt7","grey","grey",0.0613951326908787,0.0766931694266074,0.126263719242828,0.0711146906619826,0.0947471880494521,0.0172705756316708,0.0805213623938152,0.0669388849896744
"Gdi2","turquoise","turquoise",0.214415533382103,0.145009170507137,0.172641564116261,0.103637731703187,0.0376403690065922,0.0991029312125309,0.158774988332509,0.0635729355501093
"Fam208b","grey","grey",0.0966816446795667,0.105756353094125,0.143761549980717,0.0842779927624204,0.0854577621540497,0.0236732826110184,0.111019373558232,0.0600781971064215
"Pfkp","green","green",0.0536604493271353,0.111826235381788,0.121970039874654,0.152587298462541,0.130634539851114,-0.0280911923158047,0.201871184361175,0.048276174057809
"Wdr37","grey","grey",0.080870805985933,0.109743066575929,0.131906437603355,0.0685208851886363,0.102494159511534,0.0416367216077556,0.0924187413456939,0.0662228375732484
"Gtpbp4","grey","grey",0.0802968402278696,0.0860326181011917,0.0942144740211006,0.0520681886839859,0.0602061399694769,0.0472512631719447,0.0762596378117449,0.0390018283536611
"Larp4b","grey","grey",0.0667286358610641,0.0818327660546159,0.0832169723543965,0.0408261005139793,0.0578786772859235,0.0236550770863406,0.0740932348729696,0.0131838719932159
"Zmynd11","brown","brown",0.0116169607335538,0.0269595577765891,0.0782352547523008,0.0560887562501122,0.0756804972834759,0.0604575261085501,0.0335848412812454,0.0919194113366334
"Chrm3","grey","grey",0.127531468851108,0.101816672884255,0.238218001314763,0.203620365710534,0.0933939972332259,0.0323593069642207,0.170530580295101,0.186238661802294
"Ryr2","red","red",-0.038220598191273,-0.0445889181752647,0.147790790891292,0.235203111931808,0.0994011024349832,0.0582541506639309,0.105430454330059,0.34290336382681
"Lyst","red","red",6.85552331033416e-05,-0.0709284340137993,0.0819104872060106,0.0995664404520193,0.0122785022359483,0.058983225095,0.0182024813203384,0.207604433639827
"Tbce","grey","grey",0.0188438519293281,0.0623452023644755,0.0895262854798003,0.0547371965056087,0.0930842961182462,0.00425061408072049,0.0568960214379314,0.0558935081258858
"Ggps1","grey","grey",0.101315562107707,0.0889277769998011,0.131688736103539,0.0696080670639629,0.0563956774948942,0.0520466196695849,0.0869534405861012,0.066322339628633
"Arid4b","grey","grey",0.0520144281926182,0.0464899746764194,0.0999789907369726,0.067391865329021,0.0640645243634994,0.0176825269236561,0.0661160715682113,0.0641559833709376
"Hecw1","yellow","yellow",0.0547718529412918,0.0323209918138896,0.159083957059626,0.284642734840249,0.0741080107770011,-0.0314165007465881,0.21012220310154,0.171951542059271
"Psma2","turquoise","turquoise",0.189369392704678,0.115675309723727,0.129954354848753,0.071259812682473,-0.00091723803330088,0.109497268517996,0.116703100128136,0.0382989024807892
"Mplkip","grey","grey",0.0548346547760919,0.0497076010825267,0.085094777522218,0.037167519174019,0.0428592005847826,0.0199616444831356,0.0503499867246691,0.0380948382807915
"Cdk13","grey","grey",0.0294780076874299,0.0501057623609784,0.0706478837863959,0.0555361504662509,0.0624727509939096,0.0154751526625876,0.0557747135583719,0.0514058955135511
"Vps41","grey","grey",0.150625330108047,0.125361846988925,0.174446066942794,0.109422767818749,0.0714345358983524,0.0733114388635139,0.141813855379309,0.0816282973715297
"Amph","grey","grey",0.113693631996132,0.110443010333211,0.152363525314159,0.0848671898379069,0.0801319741146141,0.0570431141853251,0.112786663674857,0.0727838858866184
"Stard3nl","grey","grey",0.121761039623902,0.0925168210775622,0.121899247181558,0.0632335778193208,0.0413108570304473,0.0762790029209325,0.0932486866815785,0.0492948682952713
"Elmo1","green","green",0.0940460299747673,0.0619237573477839,0.0966391383450301,0.074241755437091,0.0192776985494193,-0.020732852067706,0.104014907688355,0.00965527175597343
"Zkscan3","black","black",0.0114343322264618,0.0580273090561312,0.0322004203000726,-0.0136377508927559,0.0967257689870245,-0.00463324101255017,0.0110061134959006,-0.0127374881759806
"Zscan26","blue","blue",0.0845848404855154,0.121591910377277,0.101552233987348,0.0393852644823568,0.0720036481293376,0.00597905173158975,0.0872584660143666,0.00423543745895229
"Zfp322a","grey","grey",0.0915908605678634,0.0939690579321734,0.119838531644431,0.0551361208613297,0.0754219173029951,0.0608025699582598,0.0818680748644461,0.0511170223448973
"BC005537","grey","grey",0.0233528009886444,0.047394838755491,0.0751864647766824,0.0690071928054606,0.0771620913985212,0.0459031009921964,0.0614054012928011,0.0671113833837621
"D130043K22Rik","yellow","yellow",0.0547160348453649,0.0551095904844619,0.131034139165444,0.152001606950187,0.0772199592462401,0.0276351280955361,0.120786603861728,0.121406744973752
"Nrsn1","green","green",0.187699520915679,0.163751752914759,0.13485488657287,0.128418012664537,0.0308916033205622,0.032261835038218,0.235851766312748,0.000725570249743663
"Gm40841","green","green",0.136446854762485,0.146502958416819,0.178747247019072,0.162369178702774,0.0924070884014335,-0.0534788440698225,0.233148254538709,0.0642895493209833
"Uqcrfs1","turquoise","turquoise",0.230044251782096,0.155634214997531,0.153278625636957,0.0494872802996201,0.0140545556943144,0.116380942636174,0.123771537422649,0.0219330700932457
"Tubb2a","turquoise","turquoise",0.252147586588998,0.200162757324895,0.193082853658267,0.0326082129499334,0.0563249314957259,0.167585663046177,0.138121314754092,0.0342029725606756
"Prpf4b","blue","blue",0.0439647460556008,0.116492976414112,0.103081746128472,0.0493993600480234,0.1070038891854,-0.0281377809228534,0.0795316528246511,0.0359491095783051
"Nrn1","red","red",0.181157832793016,-0.00754361620021854,0.282853450100266,0.444526597261255,0.0155504485471656,0.127846490411974,0.302721476938435,0.432649891151157
"Ssr1","grey","grey",0.0741746130401455,0.0402613473849655,0.0786613168740253,0.0595003625849408,0.0185208614734322,0.0725340344529331,0.05928097345901,0.0657915674353024
"Riok1","grey","grey",0.0244401715520449,0.0428240052082843,0.0637628882842309,0.0298696153525439,0.0555899549953797,1.08811325733307e-05,0.0368815579278155,0.0266966765736945
"Snrnp48","blue","blue",0.0169036062376846,0.11711117038442,0.0647133948124187,-0.023093258595556,0.119802257148358,-0.0046669462583194,0.0183932469821835,-0.0223110115757824
"Smim13","blue","blue",0.187350707923164,0.220588256225525,0.187016159609678,0.109731399294671,0.103452073417236,0.106833381186224,0.181760556717256,0.0587267411288322
"Phactr1","yellow","yellow",0.160610667294533,0.103595226355834,0.29149578233693,0.371363788472928,0.0991923123393265,0.0306360162266479,0.282386179201224,0.28382636783457
"Atxn1","grey","grey",0.0528802576374499,0.0685132812446985,0.127816561494396,0.127379482980043,0.0871676048571014,0.0398082104479856,0.114323892695281,0.112163709348761
"Cap2","red","red",0.149259434542196,0.0839215467670762,0.238830094435524,0.255930472419404,0.0800426052476493,0.0831788390778188,0.205976065368366,0.2679422557211
"Cplx2","grey","grey",0.196971290510152,0.0573181101907151,0.224826632038658,0.168382993635927,-0.00515910766619539,0.177564289326391,0.127535834447763,0.229915507899765
"Higd2a","grey","grey",0.143840769681217,0.10607332146398,0.149728794208276,0.077306138235882,0.0451927061953169,0.136300144935965,0.09658242478952,0.089750238159445
"Cltb","turquoise","turquoise",0.202756710654841,0.174730640811141,0.181307882363162,0.0982075530621213,0.0731878926510836,0.0709930378282931,0.164670128731049,0.0433252577797444
"Faf2","grey","grey",0.0976772522630079,0.0751845493107845,0.102185738263798,0.0424461366430483,0.0307526532984476,0.0386041252354057,0.0762684943577738,0.0282181662276145
"Sncb","turquoise","turquoise",0.403478175589345,0.323662524630717,0.313587566962956,0.207615850083733,0.0817360917329127,0.175125479192484,0.337458900510266,0.0863215718339555
"Nsd1","grey","grey",0.12087464681959,0.100356564499411,0.157283885875633,0.0796619954685036,0.0683836390511703,0.060833153455347,0.104024220588533,0.0796963329448831
"Rab24","grey","grey",0.123694080457204,0.0985488598495322,0.171806148945061,0.0965039453429338,0.0746035443022584,0.0613852127092041,0.116174895312903,0.0972760966477806
"Dbn1","red","red",0.0470036032120547,0.0303259924678386,0.146431212420414,0.132753860696304,0.0825988082848432,0.0665254561530148,0.0750851060193206,0.195859174370326
"Pdlim7","yellow","yellow",0.0874007231647841,0.0848939942627638,0.199722661693617,0.242677691814583,0.109506267511772,0.0355271784416924,0.184374427109757,0.192879914101211
"Fam193b","black","black",-0.0235337373679987,0.0346185500372824,0.030440234812776,0.00546705612118653,0.128914829070104,0.0100355346386721,0.00766770090729037,0.0191485348938282
"Tmed9","grey","grey",0.152649041780327,0.101232322421361,0.186423733320034,0.140463976782651,0.0544228692391539,0.067889234006154,0.149507120777014,0.122020428016337
"Ddx46","grey","grey",0.0641898398379664,0.0691193771875769,0.111143310470371,0.0769067226237207,0.0727920372050159,0.00692664577540359,0.0834300544041947,0.0630322317876759
"B230219D22Rik","grey","grey",0.149112185249807,0.0986582903205325,0.143979770357206,0.0906087650993387,0.0323278535613398,0.091714064487321,0.114062590408066,0.0729362660734765
"Txndc15","turquoise","turquoise",0.151851713530066,0.0987190111644384,0.122001594735923,0.0656900395487894,0.0184640124809992,0.0596852970613588,0.101468372387383,0.0428968732182257
"Spock1","green","green",0.135188679501335,0.160765458990913,0.159385121752577,0.157377702237834,0.104684322441588,-0.0296029421192873,0.2591629142221,0.0182244808793999
"Hnrnpk","grey","grey",0.158920610699514,0.0954312344020095,0.123659477463301,0.0378825047387081,0.0138064134362067,0.125958982943554,0.0725426554286644,0.0502078629331534
"Ntrk2","blue","blue",0.106000345241247,0.188525521312457,0.144276659097264,0.173894535016286,0.111682516913827,-0.0313254789373093,0.218477682273201,0.0400485503261284
"Agtpbp1","grey","grey",0.0474502593491113,0.0551511970529206,0.105000527516961,0.0762702740630049,0.0783394315366121,0.0650369835428621,0.0700731090805729,0.0975738221963876
"Naa35","grey","grey",0.0606235701266738,0.0799296380851065,0.0790526376656183,0.0176872523925665,0.062663009586985,0.0420295542483806,0.0461684556820814,0.0234231800927718
"Isca1","turquoise","turquoise",0.200272580693444,0.165514913708442,0.169222368907168,0.0919004226018404,0.0520982044611742,0.101568345228288,0.146337816082785,0.0537541578534118
"Zcchc6","grey","grey",0.0410478076428514,0.0686326647785419,0.0836141183616713,0.0484492504460818,0.076344663883464,0.00713278047451625,0.0605456081260953,0.0352081925593359
"Dapk1","grey","grey",0.0622042449930146,0.0404782044314814,0.124043232334844,0.0603327950783372,0.0502273907263793,0.0956325682930877,0.0415497083950881,0.130542801551854
"2010111I01Rik","yellow","yellow",0.10538142489015,0.0223430003953994,0.214871994227012,0.290442458572021,0.0472651164092007,-0.0161585774148164,0.192573446271308,0.218602634294834
"Habp4","blue","blue",0.134978538431704,0.163812513612733,0.143206781653044,0.0759312017616961,0.0864829994137457,0.0491504079027109,0.134463937249135,0.0377226255259039
"Uqcrb","blue","blue",0.164190290409376,0.148187374956201,0.0503888815458835,-0.00233793137827727,-0.021812764488338,0.195057708506909,0.0563809224540672,-0.00691518169165627
"Zfp738","grey","grey",0.0668004208216506,0.0808020104641278,0.136005896221062,0.0883034126191815,0.0967497186493093,0.0264912957753321,0.0942453435250703,0.0865553261264051
"Adcy2","grey","grey",0.0788371003208489,0.061076137402195,0.129001555380379,0.135932219246218,0.0455830342648592,0.0269146865955884,0.132731957779686,0.0997897121316578
"Ice1","grey","grey",0.0355067143450995,0.0669393132324122,0.10661591263855,0.0798244263566525,0.092847263137721,0.0119937672466856,0.0830132494552303,0.0660050931311594
"Ndufs6","turquoise","turquoise",0.155445047260067,0.118453261987156,0.0951319461742442,0.0443609928751895,0.0140445620826105,0.120376981295572,0.0946215733071254,0.0190266063710367
"Brd9","grey","grey",0.0190006551323569,0.0654703819871577,0.151174838742647,0.141943381879101,0.148289334577868,0.0154156787993573,0.0997498225041999,0.140469322366547
"Tppp","grey","grey",0.100207435785252,0.0403375940343558,0.111524252789823,0.131003664328541,0.0140647172785045,0.0518367485405598,0.119166538996527,0.0833205345346184
"Exoc3","turquoise","turquoise",0.137940880254347,0.12737149673582,0.116942109970647,0.043467870133221,0.0547539635610306,0.0626743995010081,0.09696751134254,0.0181898904081034
"Sdha","blue","blue",0.124056222528164,0.146969632315667,0.116074603716015,0.030985476770361,0.0706431069613137,0.06072745504396,0.0918526556188129,0.0114439427932805
"Ccdc127","grey","grey",0.120354687484059,0.091107447887644,0.113744035101092,0.0628844091075988,0.033835923300163,0.0720709151186232,0.0926550122522373,0.0461299421364095
"Pcsk1","green","green",0.128867854528216,0.103373674365328,0.138337017659757,0.218233558936183,0.0361450536970772,-0.0063922314102666,0.25998720274253,0.0706590219205038
"Ttc37","grey","grey",0.0507220337857943,0.0801854841111931,0.109981056584588,0.0740248419624751,0.0869014211655162,0.0393866571771656,0.0782778926822352,0.0693515763361448
"Mctp1","brown","brown",0.0343708423968201,0.0246603190835365,0.0564725117270585,-0.012344134881371,0.0334008908052287,0.0939086277724285,-0.00761082524965174,0.0445139067314801
"Slf1","grey","grey",0.0517890973774753,0.0771943663537522,0.102360390673594,0.0741637409237171,0.0771882625501802,0.00250426929594449,0.0870625643691527,0.0424057187816381
"2210408I21Rik","grey","grey",0.113884221477846,0.102694853144312,0.154500531946811,0.109602165996304,0.0761417493994546,0.0222334334536912,0.1353605488739,0.0670479428534017
"Mblac2","grey","grey",0.0981542714259096,0.124017048690535,0.160998964464723,0.0663316839832479,0.104118533159035,0.0559968332862895,0.092816534758588,0.0867146695465415
"Cetn3","grey","grey",0.0696887101467289,0.047448518176826,0.1027215725496,0.0702008242130765,0.0384357177061812,0.0390002701340207,0.0704682895412588,0.066986257552981
"Mef2c","green","green",0.12329701388537,0.117099734694141,0.213074599324865,0.473913815386332,0.0684855756293892,-0.0906475824055337,0.445313996496788,0.228163479093271
"C130071C03Rik","grey","grey",0.0542403603722289,0.0950202670053188,0.0963434844414217,0.0302117147481944,0.0929640841491571,0.0254199361260187,0.0689505341783949,0.0207041538716
"Tmem161b","grey","grey",0.0571324135234305,0.0932712616986518,0.0961933131662705,0.0141066566041967,0.0870082184672863,0.0382743495866786,0.0444588582369717,0.0328454841308335
"Ccnh","blue","blue",0.136872648331092,0.147583725047674,0.0980665382043608,-0.0136240386934356,0.0484726008821458,0.0928571463347294,0.0621579626215218,-0.0109053099697515
"Rasa1","brown","brown",0.0298175294654678,0.027398918574375,0.0528948535037793,0.0105380798082005,0.0307904660834009,0.0637969996432571,0.0125040954960954,0.0515011320768125
"Cox7c","blue","blue",0.128979539907037,0.136344551651366,0.0546986915803937,-0.000831983717974421,0.00355404924924681,0.235502525627387,0.0334641702867706,0.0416592079279901
"Edil3","grey","grey",0.14030996164264,0.106121578631521,0.120313832789418,0.0440743913067169,0.0228025156910185,-0.0146202812339305,0.102259177449927,-0.00877581352543121
"Tmem167","grey","grey",0.09686681901768,0.06655786624829,0.139213808448298,0.0875669076746079,0.061015145125451,0.0723582612134939,0.0822534581838436,0.101965761705257
"Rps23","brown","brown",0.11803373612885,0.0416334695831925,0.0527594533961704,0.00244087345579001,-0.0376652194907197,0.269441225904031,0.0137732895525676,0.0617124341500215
"Ssbp2","black","black",0.0635169879167003,0.0938268206822835,0.0749296782078624,-0.00349436873231293,0.0967048093839343,0.0549225323964578,0.0462574220924378,0.00569985106245239
"Rasgrf2","grey","grey",0.0564572231482395,0.0563255383599353,0.11301124537449,0.0610423310374301,0.0500970013364867,0.0389687616341076,0.0605556542143511,0.0918749806536678
"Zfyve16","blue","blue",0.0592928250232294,0.120408167339605,0.0605143394135604,-0.0232537767134943,0.0694099717733556,-0.00346013803115439,0.0405482838236762,-0.0402691321434831
"Papd4","grey","grey",0.0374997910420613,0.0483946415971238,0.0946884866926886,0.0802503537456214,0.0585667714938867,0.00133852034325995,0.0719294198264322,0.0648108742709728
"Homer1","yellow","yellow",0.0614248979406494,0.0245700313542271,0.214397214041922,0.395527471656465,0.103268872155238,-0.0577402815021027,0.26502786521751,0.258044497296792
"Scamp1","grey","grey",0.148349521298826,0.107669771657869,0.140100810190959,0.0869501769931618,0.0260000129115,0.0831059339820833,0.121871189936529,0.0625996596204012
"Tbca","brown","brown",0.103606169282287,0.0791396073567887,0.0458446957481205,0.00756863045180779,-0.00636477590724958,0.157414720341366,0.0436881350234059,0.0149264210301515
"Col4a3bp","grey","grey",0.0705029163880446,0.091769283600174,0.0929291054627805,0.0317369934286309,0.0658017718900163,0.0307031818495697,0.0702882670790847,0.0219643289666567
"Hmgcr","green","green",0.150323939650822,0.13352585076501,0.167721679545449,0.18013165519955,0.0781181152615473,0.0329948951962394,0.244163555593927,0.0713553820765828
"Enc1","red","red",0.191285179564475,0.0529856212813258,0.315202489763019,0.303590903057414,0.0626744455683961,0.181905787680699,0.196703951789338,0.404799095700492
"Ankra2","grey","grey",0.0587175796760129,0.066075853140035,0.0851715824942686,0.0291446530564568,0.0536531450515381,0.0434521512354248,0.0482254147789319,0.036384319137003
"Btf3","turquoise","turquoise",0.187371331160351,0.0851157405444278,0.107775663480062,0.0365585192302104,-0.0202099753180546,0.124156189854182,0.0783081987663738,0.0308915040108709
"Fcho2","grey","grey",-0.00317290415946061,0.0264049170690049,0.0718500025276593,0.0771456528754773,0.0795667763730108,-0.00686095380842851,0.0593157769015983,0.0643607365031982
"Tnpo1","grey","grey",-0.00165195521609132,-0.000272602914203878,0.0595240612945135,0.0586558284588479,0.0476413772090129,0.00286314276694424,0.0310661580411219,0.0720676035313074
"Map1b","grey","grey",0.210690145410354,0.183721884562379,0.291780810415612,0.219999069591319,0.127764970626539,0.202911587547754,0.229895622878026,0.255589401382886
"Bdp1","grey","grey",0.0491992068020864,0.0755343283939829,0.109327968917387,0.0793215384762959,0.0792340777040743,0.0122410498973197,0.0875937988291599,0.0677977773263991
"Pik3r1","yellow","yellow",0.134016528231341,0.0295142553604585,0.132915194815579,0.204058199956018,-0.0181494716401901,0.0236163823902384,0.164708057273828,0.105623469969383
"Mast4","grey","grey",0.010899057677882,-0.022026953957868,0.090987223181035,0.0922609894940241,0.0637713552055096,-0.00973807918852892,0.0437849922282435,0.116015649161865
"Srek1","brown","brown",-0.112809904384094,0.00104400060093908,-0.0158972532387745,-0.0666705376608568,0.0915320664580115,0.0178887286363003,-0.0881769247889183,0.0429953253827233
"Sgtb","green","green",0.18451112756531,0.127757967472959,0.180521018688797,0.163383690713637,0.0472575161377401,0.0815195446152548,0.214778877618476,0.100885256598565
"Trim23","grey","grey",0.114131300194126,0.0935965262859033,0.13048364128042,0.0744444840916232,0.046339317291657,0.0448180541417895,0.101672274069979,0.051813484115321
"Ppwd1","grey","grey",0.0219041648070373,0.0429340846444944,0.067628446264352,0.0206772675386778,0.0611320522843901,0.0339466285070539,0.0236323365429175,0.0443684264489653
"Rgs7bp","grey","grey",0.228840654507643,0.213396482017926,0.255945028217623,0.132596130620106,0.108251765111482,0.13768316280412,0.190483400819375,0.130414519872834
"Dimt1","grey","grey",0.0598603917058957,0.0704232708632127,0.106536581578504,0.0539688407998321,0.0723719391098698,0.0294198321027005,0.0637146922725118,0.0586532854925937
"Kif2a","grey","grey",0.0808169557849941,0.0849092390081832,0.0783007221916094,0.0329057899932887,0.0454362630490397,0.0573175130253808,0.0625775118068868,0.0241801306680165
"Pde4d","green","green",0.0894795998358396,0.119161881824241,0.178474602395251,0.177813592893317,0.134047483582723,-0.0149860293761139,0.217531699056771,0.0910146014428669
"Rab3c","blue","blue",0.2086149369482,0.365399962979854,0.17246429842351,-0.0626759277225327,0.162705560076602,0.129353902343438,0.12936760319049,-0.0923887293598536
"Plk2","yellow","yellow",0.169107708815123,0.0773891124232217,0.260631329547073,0.297364975021504,0.060494605420533,0.11559031924377,0.206670072648442,0.277489328767146
"Gpbp1","grey","grey",0.164169916951332,0.0977278984359693,0.169920066531799,0.115364055214304,0.0253057293591426,0.0705422454122775,0.129511625914739,0.092108494676975
"Slc38a9","grey","grey",0.0490448818538147,0.08090642559571,0.0825471314010596,0.0240024320166918,0.075317195263361,0.0136157849602967,0.0592206180678462,0.0178789621837206
"Skiv2l2","grey","grey",0.0709091032225066,0.0612845574090467,0.0935604552505709,0.0554017244685305,0.039714078424121,0.0629252995525993,0.0621745199963928,0.0596302422048407
"Arl15","grey","grey",0.1318070715711,0.109174861132122,0.219207681443637,0.111980245969211,0.0911714402615003,0.0973151597336118,0.0915142731451831,0.173476290342419
"Ndufs4","grey","grey",0.142934027335732,0.121815445400634,0.132512884356664,0.0570627819084345,0.0432515503628713,0.0974522372351702,0.0905725050142635,0.0479494193127491
"Mocs2","grey","grey",0.104400717723158,0.0842475986368889,0.107302038103988,0.0498319973298688,0.0446714720168964,0.0571697166485171,0.0768392476090776,0.0406258604768459
"Emb","green","green",0.093020584449315,0.122321156549166,0.143813527411604,0.123080813928017,0.10846273093507,0.0201685691182496,0.170357416174813,0.0648491299833709
"Hcn1","blue","blue",0.138152142212302,0.38006192382432,0.109150023005531,-0.0986907150449674,0.210305597802851,0.0467185879323942,0.100979351512336,-0.145419788012818
"4833420G17Rik","grey","grey",0.0834729086974854,0.0868213721093301,0.121983499876675,0.0525988760467322,0.0724820772157347,0.0286099414055143,0.0799940334638356,0.0451310341952447
"Hmgcs1","green","green",0.16287085939479,0.0970324305094648,0.132117919700323,0.118900236657392,0.0244483962575409,0.041547912633757,0.183801644563795,0.0358577465705498
"Zfp131","grey","grey",0.0408129093753946,0.0419800668574168,0.0789160298596766,0.0780274917509561,0.0456753629214533,0.0340242463420392,0.0699157230090188,0.0640751171257962
"Rab10","turquoise","turquoise",0.140436321124281,0.0739844186318657,0.107790236417129,0.0518737200755106,0.010828213198311,0.0668373560913121,0.0792428063502852,0.0428011272192136
"Asxl2","grey","grey",0.0204878994499762,0.0423302765142109,0.0727011092606575,0.015862174982523,0.0772199534068564,0.00842212701647808,0.0283712492170359,0.0286126701857585
"Dtnb","grey","grey",0.0457089420249781,0.0601609790288136,0.107158653610374,0.0446650813982545,0.0793627619685248,0.043560164497548,0.0525997819624757,0.0645312812012841
"Dnmt3a","grey","grey",0.00702127912570663,0.020424585418235,0.06560868235284,0.0557160067556715,0.0612452043485648,-0.00743249771625727,0.0439622089982622,0.0562656370566889
"Itsn2","grey","grey",0.00305474722075419,0.00380043554092535,0.0438947175761863,0.025924443313916,0.0364086880442217,0.0181256892340235,0.0154585069841441,0.0460118740028966
"Sf3b6","grey","grey",0.127995380541384,0.0900667716496348,0.10568756445754,0.0453438051311896,0.0198801922353814,0.082947090616165,0.074286802117561,0.0322963906599507
"Klhl29","grey","grey",0.0527446383157622,0.0598886674875003,0.121397777909349,0.0980262384756458,0.0695330763459808,0.0175578850926861,0.0893348232133031,0.0945465041146565
"Pum2","grey","grey",0.0506865026572602,0.0432373728179784,0.0684957166331793,0.0590012248573647,0.0448823401204004,0.0362978081715626,0.0619987266552904,0.042852614133332
"Laptm4a","turquoise","turquoise",0.192229965638941,0.109818245185361,0.128469739864617,0.0498896657532993,0.00518559109509839,0.0681733505117409,0.101361486717726,0.0226828426573796
"Smc6","grey","grey",0.085681074103556,0.0720291294736354,0.108433186127677,0.0805288738511017,0.0465856906035453,0.0369272675558663,0.0914750232855808,0.0592488980880759
"Vsnl1","green","green",0.333848706226303,0.240554209122649,0.303901360686934,0.269838463269423,0.0521603396744831,0.127768620817799,0.379934297493128,0.13532981082533
"Rad51ap2","yellow","yellow",0.0707347178355524,0.0200013145926973,0.181528062529163,0.245374268047377,0.0653742590393954,0.0157986187120599,0.163712999746845,0.20909046994436
"Fam49a","grey","grey",0.11793581126926,0.110482357936705,0.163436562127589,0.101308623957055,0.0804729872390108,0.0888322720946121,0.119049689994449,0.102274540695607
"Ddx1","grey","grey",0.134789540555753,0.12090390676871,0.140101536381727,0.075188378846834,0.0435285937297234,0.0706918368254883,0.107037852453881,0.0549199026265712
"Rock2","grey","grey",0.0571908000052393,0.0970896754755661,0.161866690766319,0.198977765356498,0.123297740667066,0.0357853958917353,0.16864504298552,0.155296884566115
"Pdia6","grey","grey",0.152907200391496,0.086038315207699,0.156479130653959,0.0921415038475661,0.0253096187363925,0.0823200327940159,0.112177990545862,0.0834645114258513
"Ywhaq","turquoise","turquoise",0.248125262704582,0.102566868400999,0.15732781337548,0.0967820126917408,-0.0262915024109217,0.123004290808177,0.138971129608996,0.0523072623961421
"Kidins220","blue","blue",0.10129983085488,0.152125378239776,0.115445607113063,0.0253986080242876,0.0921735286787836,0.0742121247871774,0.0868863132102067,0.0154662436757532
"Id2","grey","grey",0.169983030820801,0.0767848072464491,0.187019376619002,0.214773986017245,0.0164612051513612,0.0703026480680358,0.197819249558739,0.135796135651108
"Rps7","brown","brown",0.167884417291545,0.0819519698355173,0.117325850202741,0.0486618642372465,-0.018689757650692,0.297118633423669,0.0667183006908057,0.110905388346317
"Myt1l","red","red",0.0683478206369325,0.0817788064884535,0.188518512564382,0.189088661235459,0.0985649969522409,0.104479924991185,0.140742018388928,0.248594086917539
"Dld","blue","blue",0.11303964075619,0.147031905218737,0.118076979575884,0.0438820852577921,0.0815766062592537,0.0569855747600912,0.0978821537753566,0.0236785315021653
"Bcap29","turquoise","turquoise",0.179679137547051,0.124376811518233,0.131104101878798,0.0793987447546419,0.0193153421019126,0.124669322356924,0.120929772369543,0.0544678234193617
"Gpr22","brown","brown",0.15085660689525,0.113960842610121,0.242453921544878,0.168406607538234,0.110220766583341,0.265442995771038,0.123405909534199,0.280381746357075
"Sypl","grey","grey",0.0450233066533903,-0.00954235401431203,0.0627706248465077,0.0418999921675313,0.000310215882594675,0.0109738151457825,0.0246748839610489,0.0494710647701598
"Hdac9","grey","grey",0.0931718729585663,0.119248692882294,0.136409228440121,0.0475069575946873,0.0854960005168245,0.0331368836050645,0.0928280910850722,0.0434301459545139
"Snx13","grey","grey",0.112811076640736,0.0994226230044644,0.136923619975884,0.0938912118072165,0.0618346114584274,0.0530775648760307,0.120329598745193,0.0675358428046815
"Tspan13","red","red",0.208498095922344,0.111371545448232,0.26913218803057,0.223533361293241,0.0613718557866498,0.189298062793196,0.177643722566659,0.286610782269357
"Dgkb","brown","brown",0.102775687730083,0.000425778072488241,0.216882089587206,0.103426685553253,0.0385841873142484,0.172706940590025,0.000606523314732776,0.282181228277056
"Etv1","grey","grey",0.12147955909989,0.15258008999255,0.108232677702766,0.0362023266518886,0.085386330947655,0.104100275432751,0.0906317190044506,0.0315694672481751
"Ifrd1","turquoise","turquoise",0.137158683387471,0.0941026059005833,0.15109084737226,0.13238435431652,0.0521886395424592,0.0324882490296246,0.138775068016779,0.0867298881012863
"Dock4","grey","grey",0.0401260981786921,0.0742900225103656,0.106527283218913,0.0136222229456347,0.0945463512273306,0.101012373596947,-0.00843651259900832,0.119529817707104
"Pnpla8","blue","blue",0.144019383413564,0.170929520464252,0.144977882192979,0.0927647579881133,0.0779990337319408,0.0451981674312384,0.14988862938128,0.0322564069600371
"Nrcam","red","red",0.0446301188243527,0.0506305807326527,0.193517373142483,0.258271828730085,0.123996524755044,0.0763674309715064,0.181763436721337,0.301143916106662
"Stxbp6","brown","brown",0.0682032402253027,-0.035048487565108,0.0637163102242197,0.00692937814876967,-0.0601237889511646,0.114053237378753,-0.0184166892699606,0.117489709984043
"Foxg1","grey","grey",0.0243305310225372,0.0264621441499704,0.0699626805346716,0.0564559340998916,0.0349534542616079,0.0615489223862517,0.0331768101944756,0.0829849583181214
"Scfd1","grey","grey",0.0598354974764054,0.0617960508887681,0.09177974699677,0.0415511428258909,0.0600200990115193,0.0268068130555725,0.0572644530850012,0.040006325689897
"Strn3","black","black",0.0227889851307048,0.0638940413229974,0.0732601321419861,0.0436887757714079,0.124304187947784,0.0198295090410827,0.0508845288808519,0.0442853772727036
"Hectd1","brown","brown",0.114308138785049,0.0823216828300132,0.125910515395688,0.0636270950877549,0.0444279306818559,0.0833409822839055,0.0777935243620988,0.0773886558988087
"Arhgap5","blue","blue",0.152379310787742,0.15128100990393,0.107913264492735,0.0130897005777353,0.0458077921018953,0.0413262427912388,0.0862173705491699,-0.0181747364780276
"Akap6","yellow","yellow",0.184635098721439,0.121788624571084,0.299671714785984,0.30958994718477,0.117333519340153,0.0503586765189047,0.259684585847045,0.248264774385653
"Cfl2","grey","grey",0.0833115348566088,0.0809718274529021,0.0706001383340985,0.00816779948108816,0.0298259681825985,0.0134298659965598,0.0537548046731801,-0.0212520270734582
"Ralgapa1","black","black",0.0475266591575107,0.0977258036916293,0.11945847852461,0.0780757703198928,0.16452342972126,0.0373846632962735,0.0899438604650475,0.0808572021771426
"Mbip","grey","grey",0.0961258233042831,0.102906326281625,0.1329094517815,0.0747730911153537,0.0751323651947262,0.00391110102466694,0.114998697980653,0.0332560225894694
"Trappc6b","turquoise","turquoise",0.188686066858675,0.129422213715867,0.158217431166111,0.0877144835974927,0.0284045214938563,0.0915494818910149,0.127146785778084,0.0590575720388063
"Pnn","grey","grey",0.101795497345161,0.100031195645566,0.151334936528956,0.0660359958651806,0.0855355974623763,0.0276278236946421,0.0957407705660777,0.056783732177282
"Mia2","grey","grey",0.110243758272897,0.100508555104916,0.11785452860614,0.0375312572432178,0.0547529946372104,0.0618184667199102,0.0769245585001783,0.037471728194823
"Lrfn5","grey","grey",0.127317611278634,0.120826189715675,0.274535856746053,0.242352480270515,0.140995754463973,0.0761238928426907,0.20974702823973,0.2404116171757
"Prpf39","grey","grey",0.00882273450766613,0.0479818582468931,0.0848162250235121,0.0638534945029111,0.0876972810406237,-0.0248420751561614,0.0635734808618918,0.0500003254953325
"Fkbp3","blue","blue",0.274656538803174,0.267034282278224,0.197770676622425,0.0836388850049388,0.0627284929787311,0.18701549065426,0.187268186782258,0.0350004204763104
"Mdga2","blue","blue",0.0313509455261001,0.109578754852764,0.0691298534621127,0.00497873099462546,0.11301273826057,0.00443510668439194,0.0535308351721737,-0.0186050715690402
"Rps29","brown","brown",-0.0634588280796556,-0.0666428172338605,-0.151546946441233,-0.110392980451328,-0.0907876867732083,0.254332796473018,-0.133397702577977,-0.0268799447708796
"Rpl36al","brown","brown",0.169493596797,0.123934259732862,0.129331956373551,0.0706407942573892,0.022134766436918,0.193179011335734,0.108237840756687,0.0657911180972966
"Klhdc2","turquoise","turquoise",0.154445464179668,0.111178350106177,0.134193641182547,0.080115088887475,0.0343494564238043,0.065135906143005,0.121192263653459,0.0475292923019242
"Nemf","black","black",0.0250859610222125,0.0646506563205381,0.0487725901350165,0.0134981949113494,0.0901361721414218,0.010492085149821,0.0351173472891716,0.00635151474372357
"Map4k5","grey","grey",0.0275872832301884,0.00890517683814562,0.0927414455509696,0.0685986869106701,0.0531761682645108,0.0176270750605109,0.0401781520493057,0.0906796963245737
"Atl1","yellow","yellow",0.14896732897861,0.106663192624254,0.211273717745392,0.220583375102602,0.0780636359189509,0.0549164867976534,0.200991769690389,0.158615035528582
"Nin","grey","grey",0.0388187864134669,0.0538287195483794,0.166056643212475,0.136906115840224,0.120051636052911,0.0316133399739506,0.0975087760084564,0.157081450466787
"Trim9","grey","grey",-0.0355770349518925,0.0203808421141287,0.0715159706942822,0.0774358595554274,0.112938033922543,0.0135535890577584,0.0399878530528531,0.113663425845876
"Tmx1","turquoise","turquoise",0.141837487807507,0.112092676631109,0.103570453282027,0.0238857286846124,0.0221351317671231,0.0665653121943741,0.0838790811139831,-0.000982275268148352
"Frmd6","yellow","yellow",0.0579859394065875,0.0159047760003982,0.126133630781039,0.2323435377393,0.0415471735009164,-0.0277225576734703,0.15559442581288,0.144044237332419
"Actr10","grey","grey",0.120073810987594,0.0917992985902963,0.12957187153236,0.078551365827191,0.0412029446612013,0.0537585120254762,0.10404558274262,0.0560338916701601
"Psma3","grey","grey",0.0503000721514051,0.0897813454218382,0.11001304364182,0.099247556300409,0.0887386704979533,0.0325473510125796,0.0965838777821829,0.0793262263862976
"Arid4a","grey","grey",0.0833963475413025,0.0740864171704538,0.128943962446892,0.097264321166052,0.0673021883012761,0.0722191582697324,0.095203133503004,0.0997335114743338
"Timm9","blue","blue",0.0951654819082486,0.180436125822915,0.162955415615743,0.0567161177940143,0.142898363569289,0.0518781310159852,0.104500433406058,0.0665817581900582
"Rtn1","yellow","yellow",0.338957090177358,0.169736024879981,0.304932724753326,0.354675882119541,-0.0191820844291159,0.2576718914839,0.334906299991364,0.272325586639615
"Ppm1a","grey","grey",0.0612523181350723,0.0824428898933057,0.0906562982579824,0.0798074486509636,0.0721808181696102,0.0320499412091143,0.0974165088209658,0.0442579616697293
"4930447C04Rik","green","green",0.0152512505724221,0.0917868872077059,0.132217229512286,0.167154540400533,0.15200204856213,-0.0649996517834327,0.18323750775105,0.088982311808734
"Hif1a","grey","grey",0.127044340004623,0.0759775512657431,0.133306832865934,0.0779913618130183,0.024371578536984,0.078459893370916,0.0922956151271479,0.0785641216208127
"Syt16","yellow","yellow",0.11597530018319,0.0524463132550775,0.20471402908159,0.234511514830706,0.0664678675209785,0.0846701900588435,0.170195449764366,0.211645864460186
"Rab15","yellow","yellow",0.0811744851808279,0.0415539168820109,0.153532919535209,0.203516323901701,0.0607529294618759,0.0202665422804737,0.148467175404576,0.147532006969511
"Fut8","brown","brown",0.0905297023980162,0.0667643733910122,0.0795385253821379,-0.00597391642459485,0.0194007118892672,0.0518697819628661,0.0334088225041003,0.0114239816491774
"Gphn","grey","grey",0.0929754727692914,0.0804659712284885,0.0758733771597366,0.00900403100891243,0.0194483257159072,0.0203691017637435,0.0498308166389402,-0.00999889227941072
"Atp6v1d","turquoise","turquoise",0.30824804992548,0.188889649677183,0.255842107010904,0.190048170798526,0.0291629166423525,0.171258098637532,0.231363461852384,0.143358068554916
"Eif2s1","grey","grey",0.128385574095136,0.095487278393607,0.124279871497155,0.0679665029533472,0.0303080354101303,0.0893830741384449,0.0968144821071663,0.0558224309504796
"Vti1b","grey","grey",0.153241135877945,0.105697108633934,0.189768566425467,0.140924242528053,0.0679550894681282,0.0992915981199157,0.141540650979178,0.123944592635385
"Actn1","grey","grey",0.0255607136857814,0.00417148262598179,0.132147880783725,0.109899033024252,0.0660304032683613,0.0661505688509378,0.0454943692581287,0.173314851372397
"Exd2","red","red",-0.0033407240194373,-0.00615702498604671,0.113878613877745,0.141289850476601,0.0885404845374192,0.031474801263489,0.0769949333307516,0.178953021237418
"Erh","grey","grey",0.178173987167975,0.115655415704415,0.151251526141912,0.0834758146752009,0.0189798776112224,0.129422424214748,0.109386012938708,0.075210007595215
"Srsf5","grey","grey",0.0156239155142319,0.0709611562622187,0.110059215713953,0.104239391179583,0.107658159937524,-0.0192920580270994,0.0856958504520923,0.0936554290791686
"Cox16","grey","grey",0.0551735744417366,0.0455747893819858,0.044699773164019,0.00762564340418462,0.0107888703381938,0.0154597418997895,0.0278171179954909,-0.00712206172535708
"Pcnx","grey","grey",0.00605943355692919,0.0145178119917856,0.0725197910260515,0.0642737914027802,0.0650393713380345,0.0446754361137106,0.0415937977961281,0.0931361668940424
"Sipa1l1","red","red",0.0955900656358002,0.0374425649451282,0.209420707828464,0.20478924246735,0.0747692487183648,0.0585688083960363,0.135531183690869,0.259206151346326
"Rgs6","grey","grey",0.0986724062039436,0.0479480497265197,0.211721500392825,0.226758404158717,0.0684961453341451,-0.00897023924369091,0.17184824139852,0.188657380935934
"Rbm25","black","black",-0.0648254715324633,0.0579803298751252,0.0399492581936765,0.0459896422424257,0.201231865558171,-0.0518131325462601,0.0444972481296891,0.0436693858844243
"Numb","yellow","yellow",0.0492170436727486,0.0221610358439206,0.158879866264555,0.273284637121317,0.0872846369457392,-0.0820546133406862,0.201639288737421,0.143978083060849
"Isca2","grey","grey",0.127378939905797,0.136057451899702,0.147991233766434,0.0369299839445515,0.0842544815278188,0.0497015641078712,0.0883457477845573,0.0302934340352782
"Ylpm1","grey","grey",0.0172023003167411,0.0615923112661742,0.0983825239027068,0.059787266568661,0.106657100322746,0.0265015015622221,0.0513789548110468,0.0819213165833941
"Dlst","grey","grey",0.0378154273101371,0.0816037225060782,0.0680577578598966,0.0157287367224931,0.0772790277230232,0.0067264650491701,0.0466284065784428,0.010321836885704
"Tmed10","turquoise","turquoise",0.155806710114408,0.0609059665486102,0.0848422100914706,0.0359662393691021,-0.0325118998960484,0.0511834060052115,0.0731298280519059,-0.00212312118942365
"Erg28","grey","grey",0.104111996527526,0.0508457272370577,0.108187837887164,0.0738305508774307,0.0126134130780664,0.0710735569641887,0.078574028931906,0.0673426233471699
"Cipc","grey","grey",0.02055249616534,-0.0249220422438086,0.0501877170801379,0.0303820429460448,0.00470533327144669,0.0134169731742128,0.00145228554256147,0.0572819709754954
"Alkbh1","grey","grey",0.0191599922027398,0.051276188601926,0.0665317110224914,0.0212596312937012,0.0698914420973003,0.0143662752700122,0.0300794463980613,0.0315241033879261
"Snw1","grey","grey",0.10462007138124,0.0474749338207922,0.11941088914498,0.103154587976843,0.0145531815976491,0.0644292220065723,0.0865097241394296,0.0949939009741792
"Nrxn3","blue","blue",0.0525932368781208,0.17534257925125,0.108727215101867,0.0679501570772296,0.103715925286887,-0.0155397927623092,0.114416698835173,0.0263702264129683
"Sel1l","grey","grey",0.0987412306249528,0.103304212768111,0.148669063535311,0.0879233522423953,0.0894001891003443,0.0546196938549586,0.10280013976925,0.0836471118077563
"Flrt2","green","green",0.0950018320987968,0.0874961317782671,0.146621829754282,0.199616261806747,0.0632858544546299,0.0101192644999625,0.215038456169533,0.111675190315802
"Spata7","grey","grey",0.060534552077245,0.104286758437516,0.127292250487934,0.0892749188417867,0.11309223918709,0.00499922242867956,0.108422453941945,0.0564981674859929
"Zc3h14","grey","grey",0.0252630671699555,0.0469484476566917,0.0705824971276642,0.045194016059925,0.061886752938906,0.0208591548205274,0.0477806827873165,0.0507044083972261
"Eml5","grey","grey",-0.0338089451394889,0.0144725947754759,0.0539627708676535,0.0338671478387458,0.078941865948007,0.00857179337038529,0.00544161569637648,0.0913049462724467
"Ttc8","grey","grey",0.0368466249489113,0.0623535913013451,0.097235142215947,0.055126627629119,0.0781107366434477,0.0296230185640264,0.0524738615901301,0.0679079508352193
"Psmc1","grey","grey",0.164428032625594,0.115875751279588,0.155252374055654,0.0866982141963188,0.0394359731276807,0.0931096302483823,0.118985210316889,0.0645200150500641
"Calm1","yellow","yellow",0.406772796247107,0.195346570263722,0.365963148584226,0.404400035661413,-0.00145652154029683,0.277389731835105,0.369871881229161,0.322810118185334
"Ppp4r3a","grey","grey",0.0405716988658302,0.0484610312337161,0.0730615795484302,0.0420904749684009,0.0603065811694296,0.0080465662327805,0.0539487977982925,0.0326481828050035
"Trip11","blue","blue",0.0616089773564765,0.0961490162876479,0.0735293171756761,0.020134453148006,0.0670951705923954,-0.000381027273505764,0.0585017578051753,-0.00371304621574155
"Chga","turquoise","turquoise",0.232270064853939,0.227456798530179,0.188518814461056,0.0882546002964202,0.0869765642014504,0.0488069574760264,0.202265353527867,-0.00228033301993756
"Btbd7","grey","grey",0.0213776359645732,0.054430619936777,0.0748129911060853,0.0507163300208979,0.0815070583827254,-0.00106477986571581,0.0563737207012293,0.0338344089438813
"Unc79","grey","grey",0.0502575445629871,0.0596163464873976,0.150874322696315,0.114499655759337,0.108872340979953,0.0379495319930455,0.0888383693440388,0.13746524424431
"Ddx24","turquoise","turquoise",0.322772793323398,0.266747579451679,0.305621466260711,0.192467445804671,0.114881977546604,0.143956790886794,0.26971343541206,0.129168573540987
"Dicer1","grey","grey",-0.0148180347377172,0.0175569040786372,0.0265590870703218,0.00912540390500323,0.0495649108820347,-0.00437218711790788,0.00784170488492889,0.0220804411787315
"Papola","grey","grey",0.0296244194750511,0.0628690515530448,0.0673493355525196,0.0305782296975524,0.0690026873301123,0.0268880157180132,0.0417950905279028,0.0354358726884028
"Setd3","grey","grey",0.0931105617560304,0.0823319860573155,0.128457750580266,0.0827452923769322,0.0667681433861582,0.0442751853310352,0.0930229044381978,0.0725304991919996
"Cyp46a1","grey","grey",0.116895712584147,0.114717457144879,0.180709572552454,0.107710649761522,0.0950683421223122,0.0749069650821833,0.119994725941349,0.123666737480664
"Meg3","blue","blue",-0.301518959181647,0.161426150775992,-0.190662768018116,-0.247109329608033,0.284894854907949,-0.285296754829042,-0.130129907757116,-0.33997329842524
"Mirg","blue","blue",0.00227496953057572,0.170937090866245,0.0535797503859473,-0.00567344302047834,0.154505833192033,-0.0273685514058059,0.056202865639078,-0.043480166070973
"Dync1h1","green","green",0.239459448728712,0.184415508563659,0.247365457753972,0.179237662497513,0.0803627806957264,0.0976508026994008,0.264833760471976,0.112575236791843
"Hsp90aa1","turquoise","turquoise",0.358980086596982,0.220332451660198,0.234370837647057,0.18606250293557,-0.00893327858107738,0.215803780062748,0.255642352028528,0.108594749123091
"Eif5","grey","grey",0.151348938769252,0.117335106079367,0.144499482444234,0.0894350351230653,0.0504999850938038,0.0821077410619387,0.123509879743176,0.0559865934931901
"Mark3","brown","brown",-0.0287453951593363,0.0134837596087443,0.0438301866928046,0.0371500071465132,0.0866016911165419,0.0122665053894334,0.0192962769015251,0.0561896700059713
"Ckb","turquoise","turquoise",0.315407819966545,0.185274585698776,0.23832689954375,0.205085349973725,0.00267041330975035,0.0377295513606101,0.247672945266179,0.0907653466212371
"Klc1","grey","grey",0.148511242391967,0.129762296936145,0.17092989870739,0.11799223020961,0.0792786959017577,0.0748930421169929,0.152874383669932,0.0794526938473736
"2010107E04Rik","blue","blue",0.0576672663551834,0.0936901783924401,-0.00682901947064856,-0.01779513741607,0.012920492692175,0.1877335800505,0.0048060105493449,0.0108738109762855
"Esyt2","grey","grey",0.0633379343404149,0.0830303145820204,0.139043238485448,0.0822042568957855,0.0982641974336498,0.0443151442374672,0.0891425730179153,0.0897458659973141
"Ptprn2","green","green",0.151084787459671,0.16716982940399,0.199154799827351,0.117794067511994,0.107915692493671,0.0512636266754194,0.196196743049967,0.0798386047649513
"Rapgef5","grey","grey",0.105081404329544,0.0912036692679498,0.20971292297902,0.147202185025504,0.114593349149158,0.109505191029396,0.12164546318573,0.207209496935641
"Oxct1","turquoise","turquoise",0.206430303816007,0.16190020829749,0.186352360546347,0.119837384697839,0.0624448921469538,0.0847748987003125,0.174428807486405,0.0690787236406431
"Rpl37","brown","brown",0.109572635966201,0.0245343992794908,0.0149623954241462,-0.035844725284615,-0.0508487514019528,0.320486945083385,-0.0184051821344458,0.0246836257036611
"Rictor","grey","grey",0.00461244699667064,0.0314652091643252,0.0445883676394357,0.0150179179552878,0.0633971398022481,0.00560743258966872,0.0214971231989359,0.0191012212740699
"2410089E03Rik","black","black",0.0133919579644699,0.103012009554038,0.0804041189115273,0.042353283233487,0.16637996167171,-0.0138904711697298,0.0748301735239609,0.0169600527585292
"Nipbl","grey","grey",0.062306201127931,0.0487882607492873,0.0998026517985886,0.0511583789004404,0.0535065913023518,0.049122041125059,0.047027370424826,0.0709777062755327
"Lmbrd2","green","green",0.159362292558362,0.125021874920495,0.155350843667093,0.139416476313216,0.0490100515819183,0.0663427614404318,0.198572664541486,0.0708310768880584
"Dnajc21","yellow","yellow",0.0499069949665085,0.000491126743706421,0.117786032554822,0.266885458821826,0.025176417003635,-0.0473399226820633,0.178234503278684,0.150582171829869
"Sub1","grey","grey",0.221224573595766,0.0979092819799939,0.221812497554697,0.191929993385863,0.00246329577381738,0.200063608455807,0.167740912080835,0.192915207104891
"Zfr","grey","grey",0.136493277821181,0.0965434440094626,0.165150917338508,0.117964328247667,0.0521654516723856,0.0950027811825973,0.120730396338959,0.116044573671769
"6030458C11Rik","grey","grey",0.0459040166850578,0.0506049000571916,0.105519558638528,0.0669307282703818,0.0699844363557846,0.0372422606832113,0.0576524995095887,0.0861119783269555
"Cdh9","brown","brown",-0.0526789660348543,-0.0203344449452912,-0.0469504338747523,-0.208675302375148,0.00951566196232701,0.20802450424464,-0.18135795886864,0.0278431130204724
"Cdh10","green","green",0.0961970301806737,0.0703545705009698,0.176375351114715,0.217853917822958,0.0816829171615285,-0.0256070885581944,0.221880083043088,0.120507967547947
"AC124561.1","yellow","yellow",0.120758211377484,0.0362863806121774,0.187439219820336,0.339992937824092,0.0138379443340163,-0.0591404366511878,0.262307065376356,0.187558790961344
"Cdh12","green","green",0.0897885651847084,0.0522436558148369,0.111938544369416,0.198261047865546,0.0101237415239663,-0.0540058599378106,0.202070689215659,0.088488854188777
"Cdh18","blue","blue",0.0947015328812977,0.150809527349789,0.109461175582996,0.0515450262621363,0.102303649626052,-0.0308621380308834,0.138098932681866,-0.0385342652007936
"Basp1","yellow","yellow",0.171488340371121,0.0896319469356631,0.195719634619985,0.238365741984646,0.0399114321270332,0.122028726820238,0.209622970998686,0.167514520169282
"Ank","turquoise","turquoise",0.145878027424556,0.0864786757754231,0.130459237750609,0.123436025427333,0.0288470810377987,0.0275750080722058,0.149152622781063,0.0575764266861865
"Trio","black","black",0.0289095689647936,0.0773953026826286,0.0957671859714944,0.0523065248044283,0.149091253617164,0.0172488818808175,0.0569229263625665,0.0615456598379607
"Ctnnd2","blue","blue",0.126673658384363,0.177007935684289,0.144814426915118,0.0388243329779141,0.0994194941036433,0.0355629293232371,0.107561922913252,0.00927385205007635
"Ankrd33b","yellow","yellow",0.0809973015153581,0.0208628463777501,0.196506368560758,0.303180859297647,0.0675641630414555,0.00806102707053226,0.197387688022447,0.234296208934627
"March6","grey","grey",0.127770907056747,0.105379650192898,0.148494458517977,0.0930160111587586,0.0490781889755248,0.0821287858970959,0.117340356635251,0.0815837465890308
"Mtdh","grey","grey",0.112711429049292,0.0862919196679615,0.132533604643163,0.0758718031814132,0.0478959777731302,0.0344608306287954,0.102975416491663,0.0588432331909364
"Rpl30","brown","brown",0.0711054893949046,0.018665457015629,0.00487225846628284,-0.0263194299799098,-0.0525828178263261,0.254945580433116,-0.0251385397213673,0.0431877897892456
"Vps13b","grey","grey",0.0629722694080282,0.0840356910239997,0.140216789936267,0.100112881493008,0.102362673467795,0.0201179070316721,0.104296636522826,0.0903517703908109
"Cox6c","blue","blue",0.19601908519215,0.173229701426922,0.11187773997302,0.00991341444319138,0.039185346173441,0.24221576302581,0.0819851390575077,0.0115507211584584
"Polr2k","grey","grey",0.0582284864897773,0.0431591936935646,0.0515747309096701,0.0376458728058112,0.00595247193986926,0.0828376994376911,0.0352548542129187,0.0435487475484386
"Pabpc1","brown","brown",0.0632155916882024,0.0425461398949351,0.0778333566320877,0.0437083358322817,0.0308442075013198,0.0704891891581378,0.0432957452383334,0.0612897832937061
"Ywhaz","yellow","yellow",0.275102110046481,0.138026018456323,0.303230931012488,0.30735436377267,0.0387581955317274,0.212887650835414,0.260552026514319,0.28536075064659
"Zfp706","grey","grey",0.168919278371851,0.073231670354846,0.152169480473639,0.105714649287511,-0.00136452102076952,0.13584576910516,0.0986613239678386,0.114077751492627
"Ncald","grey","grey",0.213170129365713,0.107748017871405,0.212051194636812,0.167766992148106,0.0385413930096605,0.143162871141705,0.201700722583396,0.123582590470379
"Ubr5","blue","blue",0.0585377305502427,0.150100982338288,0.127419562614551,0.0497686270267548,0.147254685020412,0.0297131134833127,0.0934082231778343,0.0372033498297296
"Azin1","turquoise","turquoise",0.152356086974594,0.121570621588913,0.127134975778823,0.0845777367037641,0.0460288461307409,0.0581616696768536,0.131170372269743,0.0341026902540179
"Atp6v1c1","turquoise","turquoise",0.268373370109306,0.18030137261681,0.219535546524528,0.149058021356581,0.0396555155012427,0.13162437835712,0.207285817613207,0.0929496681808509
"Rims2","yellow","yellow",0.010239151664691,0.0950701469523146,0.130887783399449,0.275876175596047,0.126362354044396,-0.0959779360933751,0.230621264324051,0.109660855265537
"Oxr1","blue","blue",0.126894371264911,0.239717573978637,0.189797092651881,0.166572348838467,0.167738886242161,-0.00560172579400127,0.231748781274166,0.0623810397373818
"Eif3e","grey","grey",0.0930957806633459,0.0723628220135545,0.10445982863897,0.0671929408673414,0.0373389704575197,0.0751094388977367,0.0749641939593114,0.0621701068410829
"Emc2","grey","grey",0.107218835163595,0.103782107247357,0.130569737119551,0.0652245641288211,0.0712933136106553,0.0793738417237247,0.086733891353596,0.0616348820059971
"Eny2","grey","grey",0.0749909384366486,0.114613385833238,0.121538469056471,0.0356864471728101,0.0988687395615878,0.0461678969740349,0.0683923479032695,0.0440807689070989
"Sybu","brown","brown",0.0765975933805611,0.0676795115536623,0.100804382741561,0.0331213424483221,0.0487329213696038,0.0679987817921923,0.0531585351559303,0.0606051018313702
"Kcnv1","yellow","yellow",0.11217144454955,0.00329157037741394,0.216681556846919,0.344732609748165,0.038096973545173,0.0152562499446536,0.227782304610353,0.256451327975011
"Csmd3","brown","brown",0.0203540968268442,-0.00285958365559091,0.0687828366783743,0.00766579809225581,0.0239290987913288,0.0511953093426187,0.000174530765464379,0.0541573891667213
"Eif3h","grey","grey",0.138340539146398,0.0942488144855845,0.123856209406375,0.0659211909213452,0.0190722651100165,0.0905690993709631,0.0950163316036726,0.0563120119765422
"Samd12","grey","grey",0.101868494613448,0.077464689679896,0.203317549320415,0.187093203181525,0.0915405671568941,0.0355117456956786,0.168125938283823,0.162103177191775
"Mal2","yellow","yellow",0.127848691754322,0.077926545506744,0.172821059016498,0.197840359753904,0.0531345827032968,0.106122174539679,0.151948831925229,0.177203460283416
"Enpp2","grey","grey",0.044615462607724,-0.11502211780379,0.116562128480898,0.193860200123125,-0.039731628849977,-0.101209247092382,0.0666411706144513,0.14998061191572
"Tatdn1","grey","grey",0.0511917907330816,0.0994418688845218,0.102805685766521,0.0465904805820165,0.0950568228405964,0.00310444100816258,0.074201415502702,0.0307990912649076
"Ndufb9","blue","blue",0.206129944643539,0.187590856048743,0.131175554320881,0.0440463031674491,0.0303269430884892,0.15730680110603,0.117522934895307,0.0171175681878783
"Nsmce2","grey","grey",0.10009169568292,0.0838397233189686,0.130673654608262,0.0875659655001254,0.058312007735362,0.00510298590737911,0.111307066110902,0.0510756268502397
"Fam49b","blue","blue",0.145341578516324,0.179309020306446,0.149749992087667,0.0843413746221349,0.0922314540156971,0.0417707857507336,0.142200765542025,0.0276376646638999
"Asap1","yellow","yellow",0.185333585690746,0.164516746543243,0.242052576205504,0.302753651435526,0.114041199022011,-0.000648702118147723,0.299100592454964,0.132281025514299
"Efr3a","blue","blue",0.113362209057909,0.224347065800376,0.133641542184268,0.0765323202735058,0.152352825988789,0.020080686727004,0.174218462603707,-0.00609391240986959
"Kcnq3","grey","grey",0.0751455115207192,0.0703991575697957,0.126990767870086,0.159023785634257,0.075418613290766,0.0528654897856353,0.138794124666374,0.123610800588783
"Phf20l1","grey","grey",-0.0241799155001626,0.0528133619607617,0.117506748280495,0.138031997507547,0.136611179456429,-0.0249027729864861,0.100038063073356,0.142392740086494
"Khdrbs3","yellow","yellow",0.0601169320680372,0.0678844014401457,0.138382293962901,0.192997036508398,0.0895699477918813,0.024325636937209,0.15689935218145,0.121778310563022
"Fam135b","grey","grey",0.057329869064805,0.138025077218787,0.141171749391002,0.0786823338855421,0.159503970651128,0.0777170778279144,0.110828413750052,0.101935302402213
"Kcnk9","red","red",-0.0209187572677827,-0.0374418627888205,0.124442103376158,0.17128106458666,0.0963782205753548,0.0181939680640303,0.0853561204462466,0.211217570283236
"Ptk2","yellow","yellow",0.0253023180948636,-0.0173373868326201,0.134281946993532,0.19873712494734,0.0743060517579922,-0.011182265996019,0.122680349312353,0.161100504307297
"Adgrb1","yellow","yellow",-0.0298523729013012,-0.0302093863634267,0.105787505625995,0.225958824850784,0.0853800319665283,-0.0159783845227996,0.106719904983556,0.200712853462825
"Arc","yellow","yellow",0.120207815238705,0.0369909148687255,0.156413287704038,0.310092394563335,0.0127297678731735,-0.00256146463195214,0.233742540506919,0.168611672262833
"Lynx1","blue","blue",0.115583569459615,0.192661389690105,0.116561993647669,0.0769389246145978,0.1034738219012,0.0197419415861198,0.141404115602463,0.0126729436631987
"Ly6e","yellow","yellow",0.193766409778159,0.12376518066505,0.239681027494698,0.324124360392386,0.0734699215235081,0.0523322803370363,0.29163572979179,0.187686420287383
"Ly6h","grey","grey",0.218065593931619,0.19779960043619,0.267935289409479,0.105310339278106,0.108077683506002,0.2306968653954,0.158517659749992,0.152520841386928
"Nrbp2","grey","grey",-0.00924793072250815,0.0473267344651054,0.0197657609469705,0.00597199908500109,0.0728318369798068,-0.0188967456474309,0.0342064943277256,-0.0389888126416907
"Grina","turquoise","turquoise",0.23519850501094,0.178149477746705,0.203661342938094,0.0906478289659804,0.0575933202143221,0.143467965022996,0.153595128194438,0.0870605819589631
"Cyc1","blue","blue",0.233779425980858,0.224238803896132,0.170668258290428,0.0441227175723557,0.0611223392233116,0.101306565832675,0.147210940409772,0.00300146573426004
"Cyhr1","grey","grey",0.0853299914028319,0.073182647716529,0.0870552802485029,0.0479069847072007,0.0280693299940062,0.0350188183665603,0.0676030120866943,0.0277139810859742
"Kifc2","black","black",0.0513488599753668,0.115669236466147,0.110178541640432,0.0839993859489532,0.176147201430664,0.013229504447518,0.111489782780526,0.0497517837940884
"Arhgap39","red","red",0.0186492064824102,-0.00270802467483844,0.0890720450905139,0.0581555176352414,0.0501327132062701,0.0859370296516848,0.00701602226161992,0.164875025490856
"Rpl8","brown","brown",0.226604292642035,0.117523502228018,0.13728269741929,0.0518541650143666,-0.0238778890322571,0.247297024859205,0.104783997925539,0.0639905830518704
"Rbfox2","grey","grey",0.0850513883766383,0.0882593851277824,0.185127895824038,0.149029217672661,0.115337330420505,0.0503281414129818,0.130194489051178,0.149298242473582
"Kctd17","grey","grey",0.0820658327257476,0.0759329202757574,0.134649089235599,0.106237032874211,0.0667885135857619,0.044255137168213,0.100967480564952,0.101345666416142
"Ddx17","black","black",0.00855576159500541,0.0627808442814401,0.0743988130610103,0.0151795762056507,0.167690067719283,-0.00906792424501874,0.0308697824964806,0.0224540917596337
"Tomm22","turquoise","turquoise",0.18510114807245,0.112522091841475,0.147499165628524,0.0863305553244147,0.0203297466242779,0.112151942684565,0.11326223618596,0.0754863349726241
"Nptxr","yellow","yellow",0.102631022335868,-0.0151753649801376,0.198620380824489,0.294364646649302,0.0237001971481734,0.0836985451582849,0.17717373929693,0.277031567682923
"Cbx6","grey","grey",0.073188716537923,0.0527171931648953,0.123447094258228,0.114900672554179,0.0557000253551801,0.0592100827483722,0.0965523590174711,0.111000649579481
"Rpl3","brown","brown",0.227626001095645,0.126492975088271,0.180775043892145,0.0659114509281423,0.0110336787973869,0.258397682200617,0.111550747004935,0.102069889848522
"Syngr1","green","green",0.16066747368392,0.163024246236089,0.151031916614727,0.121675879983416,0.0781243505856676,0.0398762072242264,0.222796774461205,0.0273855728505197
"Tnrc6b","brown","brown",0.0232128601646791,0.063962467374622,0.0668250060261745,0.033565534719897,0.086114438062445,0.0454795198780073,0.0454885926060487,0.0481191527687738
"St13","turquoise","turquoise",0.163212062425953,0.136262043630741,0.123661775424374,0.0341254089903965,0.0382153511022946,0.0805999415975218,0.101119250145216,0.011824024974839
"Rbx1","turquoise","turquoise",0.181692855050202,0.125502208933219,0.134510803960715,0.0681614147429637,0.0230648586914954,0.135066371672368,0.114124702951411,0.0515967368777059
"Ep300","grey","grey",0.0400164534604605,0.0635811204046361,0.0969728484883161,0.0649183704636689,0.0913629267497189,0.0179553852108241,0.0714676881078616,0.0563414860813743
"Tef","grey","grey",0.0875022149151647,0.0423183905832198,0.158474635128686,0.13484012080876,0.0541301105466369,0.0282034313153739,0.112198676612689,0.128964897737835
"Aco2","grey","grey",0.12241793438079,0.117848124824213,0.116328472047008,0.0449952596028179,0.0505746025193806,0.0594539096496456,0.0920111259574358,0.0283255422951572
"Pmm1","turquoise","turquoise",0.19193355411484,0.115621235419509,0.14828574098548,0.088330755106781,0.0143751513367343,0.097933805956723,0.125057026121928,0.0653725097123533
"Snu13","turquoise","turquoise",0.221659630490187,0.106289282039681,0.176738699858907,0.14185685224296,-0.0114027514630061,0.141194102053685,0.154084401595334,0.114319130122186
"Srebf2","green","green",0.0468327334758543,0.0119656811189581,0.0713782308688084,0.123412858331203,0.0183155149336375,-0.0222873207724544,0.125880522191707,0.0570338381657597
"Sept3","brown","brown",0.0219816570805569,0.0918284009406516,0.0762364585692864,0.0457916333814999,0.118301354739217,0.0685193803707451,0.0681377214465726,0.0476906130903564
"Smdt1","blue","blue",0.163165012916647,0.157770382816121,0.104401997955389,0.0313724193039233,0.0362599670016221,0.117456422624089,0.0921099190773558,0.00475600207210362
"Ndufa6","blue","blue",0.203281739372303,0.203503337716652,0.107037020014004,0.00834817784390315,0.021666272950177,0.156859407187048,0.0998294191906161,-0.0205543494560825
"Sult4a1","green","green",0.214842562396776,0.175717647313722,0.2134798492977,0.180039206018103,0.0695170400896582,0.0755254533832743,0.262230694206831,0.0976656914949534
"Atxn10","turquoise","turquoise",0.262542703062196,0.176260426479055,0.204624739005098,0.0961152830248288,0.0293296967441808,0.137132844562854,0.168272827650425,0.0667068020921915
"Dennd6b","grey","grey",0.0508873041593279,0.0844855461844956,0.0927242158484304,0.0632345849472706,0.0812147077242448,-0.00230201727704737,0.0885406318676981,0.0297903840892136
"Ppp6r2","grey","grey",0.0437846863769787,0.0622764378560697,0.0826829065556723,0.0315432588610706,0.0627854415820724,0.0293006731268654,0.0497297134003309,0.0379429974182031
"Rabl2","green","green",0.0820336656187565,0.103404546909929,0.123641434816292,0.0979507526050654,0.0795380217559247,-0.00969972159477435,0.144926756989628,0.0413753278842194
"Kif21a","green","green",0.0783538965628049,0.121260109484323,0.142063594814222,0.161239164605834,0.0980994893265937,0.0180853983801962,0.188050340220972,0.0987788513630025
"Slc2a13","grey","grey",0.123978919393649,0.141080827039147,0.0975072170801429,0.0588569917020153,0.0420041420688121,0.0203829024937533,0.134397713962057,-0.00958744255308217
"Lrrk2","yellow","yellow",0.0465375791040447,0.040199495734148,0.113903843480643,0.21070550030082,0.0475186082902098,-0.0453625259543282,0.153556185410586,0.112176574750193
"Cntn1","grey","grey",0.141347677960388,0.111049058203603,0.126189987353178,0.0511475225987535,0.0356543660996468,0.105301823238706,0.109194580496121,0.0365923872262054
"Zcrb1","grey","grey",0.124656916178414,0.114813460392646,0.125555227626187,0.0804572230729134,0.0532927119722946,0.0773982391510052,0.115236877576006,0.0497897204038571
"Prickle1","grey","grey",0.117786294612667,0.0708732383317904,0.171940547184732,0.175337899057524,0.0644057418667245,0.0171661727784233,0.160858981229036,0.116083805533609
"Nell2","red","red",0.126683942497698,-0.0202536347220238,0.257012034508945,0.298989953087254,0.0364976255554644,0.171348358763694,0.169236456163094,0.411874467538973
"Scaf11","grey","grey",0.121752996643094,0.0833997629730874,0.0961074395122786,0.0417790229055332,0.0168951325145867,0.0562794499581415,0.0792182279367526,0.0175924705535864
"Slc38a1","blue","blue",0.114431519106916,0.233561763566402,0.0536052426257211,-0.0531142810285622,0.0891094248783277,0.0223985384269174,0.0907991403699895,-0.129182081710492
"Slc38a2","blue","blue",0.030989724473237,0.0975185474301177,0.0146906683061687,-0.0310727130665998,0.0568197330475963,-0.0290881587519699,0.0339261394699088,-0.0807427337479251
"Slc48a1","grey","grey",0.119697643687199,0.0427252147935642,0.104127238588205,0.0929261610690301,-0.00534271605111789,0.0109721844318693,0.0981330543848137,0.0381726934395661
"Pfkm","grey","grey",0.110499592890765,0.120595322651407,0.121129840077485,0.0753744773968553,0.0678815809891976,0.0622140883200169,0.106102620372558,0.0516851788573979
"Ccnt1","black","black",0.034339114153738,0.0567321353882107,0.0661053376710204,0.032980621332373,0.0909917451099987,0.00614717308132597,0.0461741173408766,0.0272544326130847
"Arf3","red","red",0.15187859511468,0.0603517562994719,0.185550671346825,0.173936958602128,0.0287238844962434,0.155439088340838,0.136589009758185,0.220684170733808
"Tuba1b","green","green",0.257819448439,0.198216416697829,0.204135617296704,0.145239323004245,0.0417401557379699,0.115778966984165,0.262288384608539,0.0585630229097672
"Tuba1a","turquoise","turquoise",0.192260314187314,0.0759514047853915,0.126678144273758,0.114725076794474,-0.0215711931174151,0.120838971914977,0.141482515821397,0.0554384431055615
"Tmbim6","turquoise","turquoise",0.199870402453814,0.0872036542655114,0.113766303483706,0.0534030492044973,-0.0275365096018679,0.0718488599522668,0.095894367362615,0.0075046722653167
"Faim2","grey","grey",0.18419427846164,0.119674802220232,0.18367921176467,0.175685441464327,0.0368837427708063,0.0697559888197157,0.212098630439888,0.0954678739666832
"Smarcd1","grey","grey",0.125965690579649,0.0894420395243779,0.128029745276044,0.0944865622602567,0.0319324899689338,0.0501256132077441,0.116050905797688,0.0568357411083582
"Cox14","blue","blue",0.14685135453952,0.149389371226598,0.108359697713286,0.047824911534199,0.0413736864108405,0.102759292805611,0.0986264933578922,0.0225319363831339
"Larp4","grey","grey",0.0729929515724898,0.0800548409236921,0.0941688930902791,0.039816546061311,0.0599200656974856,0.0449403134759702,0.0630925154363645,0.0352088414159774
"Dip2b","grey","grey",0.0759696008925194,0.0458050581959665,0.132293930629155,0.136511769724578,0.0553275388278736,-0.0130233207899698,0.121235882055644,0.0836980867205221
"Slc4a8","blue","blue",0.0863992639182602,0.139475317106838,0.107872464626483,0.0367901136503226,0.09353583729285,0.035527429451498,0.0902509516494068,0.0177477639065859
"Scn8a","grey","grey",0.0891707439321393,0.131021285826872,0.189394332800247,0.164493592756517,0.153519749746914,0.0598054906665884,0.162585978750771,0.151009829438247
"Pfdn5","brown","brown",0.14486034087874,0.0688891944880343,0.105465816842852,0.0646020988334234,-0.0113285169441889,0.194268866268761,0.0732254778145434,0.0881293940823563
"Pcbp2","grey","grey",0.123996078111281,0.0863700416539212,0.140685753055922,0.0632152276099229,0.0477010540804493,0.0745926247625824,0.0803658406510516,0.072123120983259
"Atp5g2","turquoise","turquoise",0.212728140058014,0.10313318205193,0.135949408921125,0.0813097058744233,-0.0184185334844181,0.160218684708232,0.108993688100324,0.0733845630485808
"Cbx5","grey","grey",0.131202922807867,0.0938400384505987,0.122473490708404,0.0644259306747699,0.0408479429113803,0.0980737182193534,0.0987776366718368,0.0542228932060965
"Hnrnpa1","grey","grey",0.0784416908535594,0.0691928665688894,0.0868554903126857,0.0352696762143488,0.0341989634467883,0.0540116278079407,0.0620664151949198,0.0321808045122911
"Ppp1r1a","red","red",0.107322455360189,-0.0183542121997097,0.155519112537774,0.139049202631846,-0.0144630952841215,0.176465317823452,0.0524487298088184,0.269899970705322
"Crebbp","grey","grey",0.0983817245274767,0.0742113936535135,0.149045650096471,0.134084139925297,0.0628583394786051,0.0613999205911172,0.131529538448536,0.116023540532806
"Pam16","turquoise","turquoise",0.168051262737654,0.11712738734981,0.0863956091790827,0.0299710253773885,-0.0131046297916402,0.123590326368356,0.0886344712415931,0.00169551126020513
"Cdip1","grey","grey",0.094802927220919,0.0917485268989198,0.112655394515111,0.0388115839965258,0.0616309289264573,0.0592601921048,0.0674300459224451,0.0490082609831817
"Mgrn1","grey","grey",0.0632567243708279,0.071383136300336,0.0677215971228231,0.0271760988236513,0.0463184745509573,0.0208062567244394,0.0587150267489992,0.0120637261438178
"Rogdi","brown","brown",0.0526027529422595,0.0455646905133734,0.0938305124300737,0.018096431126109,0.0620346131465643,0.140893675201809,0.0132625976731217,0.101830864896145
"Glyr1","grey","grey",0.0822493355589358,0.0885466605551415,0.109832827385655,0.0755262908732582,0.0650187584063546,0.0432237264967848,0.098719649802207,0.0510814387737904
"Rbfox1","blue","blue",0.132699627868596,0.250838992135616,0.20030567811899,0.0106935596523396,0.182568327255402,0.0941059356058692,0.0875879636829141,0.0711819586257783
"Usp7","grey","grey",0.0106179627011291,0.038346932131434,0.0540657219010453,0.0520900838192688,0.0687728417949726,0.0228236894374718,0.0476246728093531,0.0527910812628232
"Grin2a","grey","grey",0.0374751722704822,0.0655665965657915,0.211957507625776,0.212335244508676,0.145208167013509,0.125484153451736,0.125986870666209,0.330445105074941
"Clec16a","grey","grey",0.0929902761512433,0.114355744102003,0.128421736677253,0.0656499677938622,0.0807236067292309,0.0395567555767329,0.0995191311176975,0.0529482482277123
"Zc3h7a","grey","grey",0.0269481905562538,0.03162509553321,0.107308065583742,0.076478410396123,0.0732868098762532,0.0205415794798141,0.0566834844063335,0.0937269347032742
"Rsl1d1","grey","grey",0.125238112789219,0.0776517213153118,0.104634160086137,0.0418731981912294,0.0156058935445614,0.085349555480061,0.0689012700443009,0.0401162036944898
"Gspt1","turquoise","turquoise",0.148112961137633,0.102491480040952,0.142406122126823,0.0810463358566929,0.0442432550258685,0.0496200045888163,0.112850250026303,0.0587252597705292
"Mkl2","red","red",0.0155268949077636,-0.0523482605302003,0.219057622909624,0.32844723319181,0.0796091514702281,0.0646147153832554,0.161422050684112,0.42312447889236
"2900011O08Rik","turquoise","turquoise",0.233239326712335,0.174746693470442,0.197556471703263,0.131977471223264,0.0568326845788088,0.10900211083506,0.199797118490012,0.0694059303514256
"Marf1","grey","grey",0.0031502137653958,0.0317715422224917,0.0380866644247887,0.0272398063910385,0.0611614410743657,0.00773106405224323,0.029608443608972,0.0177614591761973
"Fopnl","grey","grey",0.10178442000721,0.0839140362105942,0.121650279653164,0.0716639947600932,0.0472021316498974,0.0488632133261796,0.0891843067897563,0.0588908191204803
"Ube2v2","grey","grey",0.127005058120422,0.113847931811505,0.132249617685111,0.0758950306720876,0.0528810644916781,0.0755424423931666,0.107418999269248,0.0516947492691219
"Dnm1l","blue","blue",0.132983203007763,0.184404274908194,0.161123220185421,0.0889973233381405,0.110745399197016,0.0743939090045772,0.140621483379876,0.0553549190784643
"Fgd4","brown","brown",0.0167145986349119,0.0071050327017106,0.0654562978099128,0.00621516157713662,0.0469257331910259,0.0832270675167351,-0.00394175822700599,0.0803816251923486
"Mapk1","grey","grey",0.153240577719445,0.0671417968337115,0.224272472883708,0.141190699468962,0.0473151159605121,0.152020005543017,0.109693285944117,0.217323771883238
"Ppil2","brown","brown",0.0470679744279393,0.0424344874874449,0.091421022764533,0.0420417746000239,0.0563016326062328,0.0607487716638801,0.0397292773289131,0.0791433780788897
"Tmem191c","grey","grey",0.134290985749966,0.0905522720689302,0.219215333528542,0.162265747169644,0.0847416430033902,0.0740545435791054,0.151452773821495,0.167979541029652
"Pi4ka","grey","grey",0.104161965790456,0.100544340867597,0.167925016824756,0.154722376322702,0.0855193264072391,0.0450440015651887,0.152701328861594,0.12246151258914
"Aifm3","yellow","yellow",0.0106314769316657,0.0296046327094033,0.0995141713022777,0.230826328872516,0.0835162182296198,-0.073544918315019,0.165842060040803,0.119428659983259
"Lztr1","grey","grey",0.0830308813290702,0.0784627475456562,0.149967532219111,0.120312321970986,0.0887406484755442,0.0426313193065785,0.119456566037396,0.0999648881009305
"Med15","grey","grey",0.0324903623245388,0.0366512937948589,0.0884837437977919,0.0531792212471344,0.0631848186044627,0.0129023055210475,0.0456357781146772,0.066224210818095
"Ranbp1","turquoise","turquoise",0.206214089712809,0.140405841931452,0.152310958380588,0.0869728921225072,0.0203203433400731,0.104230627878826,0.144188751842532,0.0436729102334671
"Tango2","black","black",0.0515014264151154,0.125613517791331,0.120850921617677,0.0752339437343459,0.20188177228881,-0.00185975821469057,0.109982806381246,0.0430761065890322
"Comt","grey","grey",0.136603502211721,0.0685880454828502,0.139854691952943,0.105200108572386,0.0122370065104542,0.0658751843457258,0.114879389812202,0.081533460999423
"Klhl24","grey","grey",0.0912728687325689,0.11878633934682,0.106310764294314,0.0354517686336422,0.0804093765734058,0.0286725457446888,0.0899267035516149,0.0064918446100558
"Yeats2","grey","grey",0.0105432819866793,0.0460411016178092,0.0846264933996252,0.0550697910289392,0.097490876845022,0.00374196077168431,0.0513700685869381,0.0584445364723996
"Abcc5","grey","grey",0.0307817982616521,0.0987792126991124,0.142940908180693,0.0978889691273173,0.148301746108874,-0.00106213836599527,0.102665170403385,0.0897650224473073
"Ap2m1","grey","grey",0.272345120053807,0.175704502297167,0.261811391586394,0.202781654372822,0.0495659817704751,0.152870667296383,0.244930667950861,0.137549142880108
"Vwa5b2","blue","blue",0.0364536341534434,0.142248368955118,0.0862421515718888,0.0788596245745819,0.120191048197389,-0.0670183340156629,0.124593492397467,-0.00314099377779757
"Eif4g1","grey","grey",0.117760839870273,0.100118178716252,0.126427511890158,0.0679203404602348,0.0547587176609237,0.073644503933468,0.102641976071581,0.0532802540065496
"Fam131a","red","red",0.128375254176799,0.0730598657298894,0.2397583599048,0.207321581816206,0.102551254567263,0.137726888871145,0.152657197142724,0.289581751987722
"Senp2","grey","grey",0.0954096325038992,0.0827227724027084,0.123710460277751,0.0761363513685944,0.0572407747909309,0.0419259518548893,0.0895089726992128,0.0632045830940358
"Tra2b","grey","grey",0.0527809206991258,0.061723250888247,0.0954612273165908,0.0559821745533703,0.0663772193332189,0.0247268323443116,0.0614126270270105,0.0500511365717591
"Eif4a2","brown","brown",0.198021622329165,0.141979438252222,0.168637912456152,0.0860394291432532,0.0435119421815599,0.182424876890572,0.132186490249854,0.0848625418706857
"Il1rap","brown","brown",-0.0275491267495094,-0.0767063191410493,0.0178449170095165,0.0323764203619784,-0.00465938675185822,0.0380735273682498,-0.0141106980837936,0.0992907406236684
"Ccdc50","blue","blue",0.0618294379403793,0.0665856384217578,0.0430859280170668,-0.00293027332225857,0.0314034899356098,-0.0171215644146884,0.0404900107222096,-0.0387630649708672
"Fgf12","blue","blue",0.186600905232698,0.261556664369927,0.192822332067748,0.10903186725342,0.127855461955708,0.00556305615186973,0.210094199422973,0.00597447911655081
"Opa1","grey","grey",0.149628212090791,0.113636095244116,0.174968149826216,0.117037680598216,0.0610655216012793,0.0749950288961717,0.133685357675647,0.103608183621629
"Acap2","red","red",0.0720219506356833,0.0105815458393837,0.169934878432161,0.123655295583566,0.0701842807360255,0.102848479285367,0.0549220921558784,0.237306321511301
"Ppp1r2","turquoise","turquoise",0.158764355214686,0.127642891951385,0.138007966433875,0.027699006358203,0.0437111033494095,0.107086143060324,0.0757390288602371,0.0407037793712122
"Dlg1","yellow","yellow",0.0416628410284646,-0.0068165147644255,0.162564899329175,0.313494166827053,0.0645270876317366,-0.0513250144125929,0.211867588988744,0.195425736047785
"0610012G03Rik","blue","blue",0.126241041840093,0.147058134150851,0.124736935033148,0.0554910422262116,0.0722006498439693,0.0757506938458392,0.0995573389919502,0.0297197748128105
"Cep19","grey","grey",0.0980725818619251,0.101271292192094,0.131664664173224,0.0815594597375637,0.0689217362420262,0.0714132539050249,0.0929337125435068,0.0812747320341763
"Tfrc","blue","blue",0.109665975136662,0.152750537015318,0.118901292247945,0.0629147696633823,0.0915480601117797,0.024976821959889,0.116222359138377,0.0219770306915844
"Fyttd1","grey","grey",0.0913228455375791,0.0891159453986678,0.131713707164802,0.0814641623144678,0.0726978321290134,0.0690051935843747,0.0936172037522005,0.0801538735096255
"Rpl35a","brown","brown",0.0446974409589247,0.0175605000211842,0.00920601552027595,-0.0112540846460196,-0.0140439247916278,0.204217362784285,-0.0185462514659434,0.052447130886382
"Zfp148","grey","grey",0.116654033629537,0.0780259859743059,0.14588775003313,0.128180895615752,0.0436726701239173,0.0634181013455062,0.124405735657625,0.112385160693973
"Kalrn","red","red",-0.0651537650902746,-0.104393294981659,0.167233186872168,0.409827313238091,0.0929031974784229,0.00575128084619685,0.199821217792155,0.442288816775519
"Sec22a","grey","grey",0.0744627839413681,0.062159914934495,0.105306133835553,0.0549671689113515,0.0429840078389331,0.0301748178567872,0.0701490614971354,0.048784521717461
"Kpna1","grey","grey",0.212288352339719,0.161356239092841,0.300497298780442,0.262987671824904,0.127646383554395,0.145960765485679,0.244565192419265,0.240705992501281
"Golgb1","grey","grey",0.0905670362567073,0.104604573934316,0.161460990312977,0.104730999351035,0.100825025038101,0.0613149022121094,0.107064928349813,0.110869353460716
"Stxbp5l","grey","grey",0.0789179678483046,0.0824687060084072,0.188575969620845,0.177994954635989,0.113898702074365,0.055850971929554,0.151720849699205,0.167304904594959
"Ndufb4","brown","brown",0.159918073376972,0.11192662823757,0.0997248251879916,0.061669299180772,-0.00695452387636446,0.203754444755055,0.0848615630615924,0.0594006870457566
"Lrrc58","grey","grey",0.0834946137383389,0.0611871985636838,0.0909639929142635,0.0660043619070579,0.0309229047902314,0.019535575555276,0.0817946387756592,0.0330007234618989
"Gsk3b","turquoise","turquoise",0.20609039803583,0.180179394181191,0.163292912273492,0.0481667000469606,0.0632559019488301,0.0849619782935899,0.136342160084088,0.0045438613094472
"Cox17","grey","grey",0.0452959285997091,0.0658970909784327,-0.00127947175623054,-0.00990794268121635,0.00430539425983865,0.0925455406259354,0.0121672125358967,-0.0128289967495829
"Timmdc1","grey","grey",0.0503334881149005,0.0831618683079584,0.0764167318302063,0.0217684189525828,0.0698249163917977,0.0111092850833399,0.0535755536056857,0.0137907356453442
"Lsamp","blue","blue",0.0671013025463489,0.158375572293911,0.0228810393809231,-0.157589734121882,0.0544621978373397,0.112557427747267,-0.049554242559295,-0.0762534346336309
"Gap43","green","green",0.205140634596972,0.170052754041343,0.229902684619936,0.151045927116114,0.084867748441044,0.152081758823724,0.220019294086076,0.117490211652237
"Zbtb20","brown","brown",-0.163605134499544,-0.262364098399894,-0.193236015743945,-0.34928716617979,-0.138926045432578,0.249246257356515,-0.442144117978661,0.0719693118913902
"Zdhhc23","yellow","yellow",0.0488268754230633,0.0564668273398508,0.146632583061547,0.173511120137195,0.106465029944845,0.0531293995238335,0.121501932375853,0.15924047991817
"Atp6v1a","brown","brown",0.194489212484901,0.134798523798819,0.16935855231513,0.120256437471373,0.040002743377931,0.187110989007603,0.156617083356079,0.111176686812199
"Sidt1","yellow","yellow",0.0488851448210288,0.0227621578997459,0.137544407716187,0.21737764679265,0.0640675852409318,0.0176778958860583,0.156073942528029,0.166258954182556
"Gtpbp8","grey","grey",0.105784868405354,0.104488433456992,0.138808433593586,0.0648600316173989,0.0705183811591178,0.0206383772657864,0.0997314995902656,0.0465147693129392
"Slc35a5","grey","grey",0.117355949348403,0.067894262894371,0.116944349676838,0.0702988390696953,0.0264194576381731,0.0673944714242951,0.0902917526623497,0.0584943637000328
"Cd200","green","green",0.154877043958065,0.11547007019811,0.135549779067842,0.0951917613629332,0.0216715654485792,0.0785827424811927,0.172049366935845,0.0353309353619036
"Tagln3","grey","grey",0.27514124895476,0.135934284805897,0.236847845799929,0.24368402524745,-0.0114640641722003,0.124121186131001,0.260279988564567,0.138516901859304
"Dzip3","blue","blue",0.0674152932819348,0.138427147150524,0.0979378779370291,0.0179885007966575,0.101497912573954,0.0393142498790583,0.0727292273835301,0.00917025463370251
"Cd47","grey","grey",0.134497315175664,0.111637583598084,0.144368502293981,0.125305193268825,0.0490237007771998,0.0777024058486241,0.149773877396664,0.0872654507384602
"Alcam","grey","grey",0.0696422430962581,0.0428581954979022,0.074011159068207,0.0487017518822049,-0.00221210289882891,0.0444928141648776,0.0320160754201213,0.0411427377969513
"Rpl24","brown","brown",0.148069535929737,0.0731091220467538,0.0487325100189389,0.000694937634662357,-0.0466316503057013,0.25475825122846,0.036749454432857,0.0287782659531763
"Zbtb11","grey","grey",0.0743097746446714,0.0867997805356524,0.106132939191328,0.0658137364051349,0.0712565279315153,0.0374061362420567,0.0851202772697402,0.0499909456015315
"Pcnp","grey","grey",0.0387113877365602,0.065013343038463,0.0647188531542174,0.038578592783422,0.0579611196201267,0.035809271005195,0.0551250114514065,0.0261106410704918
"Senp7","grey","grey",0.0366226126983119,0.0688052853558792,0.0613151330275225,-0.00678717614326294,0.0635907944742702,0.030645119878358,0.0256123404951821,0.00792099286473618
"Tomm70a","grey","grey",0.18422669746689,0.119913102414556,0.177391852886994,0.0976027492823529,0.0260380888955813,0.126741090746136,0.12114387888963,0.100860563212859
"Tbc1d23","grey","grey",0.0439676861380075,0.0792460566119824,0.0721258218266929,0.0319391299129924,0.0684170854510751,-0.000644715341460318,0.0659564491794958,0.00395193037290525
"Epha6","brown","brown",0.0644908524647464,0.0885163702627289,0.134412078414769,-0.0421626228122768,0.0917835257855866,0.209068524190679,-0.0499693389473159,0.153521085596864
"Htr1f","grey","grey",0.0760550850447471,0.133941181157057,0.125968400219588,0.0901422523127724,0.121576208846553,-0.0155490877025006,0.145391117418761,0.0140477755561682
"Cadm2","grey","grey",0.0840029150452225,0.0284249981305492,0.17502644851061,0.194619925083834,0.0204845480958423,0.0448820298792341,0.128097860567094,0.224701598545654
"Robo2","blue","blue",0.07736085139176,0.167781260540894,0.1049542030692,-0.000402413895343948,0.117704491308895,0.0644238539431557,0.0675997621318056,0.0156108591669517
"AC129186.1","grey","grey",0.137520087878922,0.122109778106803,0.299594264677819,0.236895635386809,0.168750157532418,0.105040560874644,0.193981618770414,0.259618986866496
"Nrip1","grey","grey",0.10017946900583,0.062056803368912,0.146988735989482,0.0997750231345592,0.0482663460000858,0.0660843546384396,0.0822975832818753,0.119264219061362
"Cxadr","green","green",0.0457330383300097,0.078549846453414,0.0952214471609218,0.0997560511035801,0.0838911357734454,-0.00620867921052754,0.131585235706808,0.0441138565021232
"Ncam2","grey","grey",0.0942152393362329,0.0601939606486036,0.0965270650037105,0.133720437592755,0.016516774964812,0.0161890814798415,0.149703521976777,0.04494487933793
"Atp5j","blue","blue",0.260488237715736,0.24158636424442,0.141496484546953,0.0418757690194958,0.0243698799063623,0.20457801997776,0.143316211817919,0.00236445899192874
"App","turquoise","turquoise",0.187537648260707,0.149922268313507,0.107858781332792,0.098668808030715,-0.00858592246275459,0.0518278019468971,0.170449914575057,0.00537688041212477
"Ltn1","grey","grey",0.0616550982304522,0.0671399515319494,0.0861513918533851,0.0401108517003486,0.0579530252417965,0.0342963172526121,0.0590433664952432,0.0360453056634027
"Usp16","grey","grey",0.0192477032762296,0.0497389619991707,0.0543350082711903,0.0193220685537112,0.0687695006194855,-0.0105436259042049,0.0338246247645554,0.0100446635574976
"Cct8","turquoise","turquoise",0.176097105385498,0.132625812831285,0.135986934283132,0.0573900293724368,0.0355764867044526,0.0807063891326333,0.120103320813916,0.0228428663846592
"Synj1","grey","grey",0.141823289268517,0.116909447583177,0.196616981856262,0.144335687264082,0.0964730237170876,0.132424148755074,0.150328349134952,0.148221249067099
"Paxbp1","black","black",-0.00665494141912337,0.0475328846497188,0.0418738093856191,0.0129903117638608,0.105808938979706,-0.00836398149275694,0.0217774278908743,0.0166823910643348
"Son","brown","brown",-0.121192860599807,-0.0860946224957839,-0.0614294432639586,-0.052591268784829,0.0177947016949812,-0.00462101414794253,-0.118699397072962,0.0298148194334411
"Cryzl1","grey","grey",0.0527767956858857,0.0695598981528345,0.0856675087563385,0.0373326783518132,0.0638607266338584,0.0379102886582129,0.0534875725410551,0.0414657214030071
"Atp5o.1","blue","blue",0.258483990955389,0.230915055370133,0.16191635054643,0.0587843153816714,0.028057633204692,0.182223671302122,0.147181404588594,0.0197362836926332
"Ttc3","blue","blue",0.158843284606864,0.155367140506541,0.130888227904401,0.108011204781961,0.0150002973216476,0.115957258955153,0.156054783680763,0.0717543475924548
"Kcnj6","red","red",0.104225414470714,0.0260281843267225,0.2212452696496,0.206865263936039,0.0723814574355845,0.0854614995767443,0.137163890477317,0.288598857258963
"Brwd1","grey","grey",0.0356825512221782,0.0559512852908041,0.104090754505583,0.0785515565352169,0.0868556060130924,0.0153419585806662,0.0718187221413607,0.0786089404113882
"Pcp4","grey","grey",0.0834245432362874,0.0540534864900494,0.0382660691337821,0.0574572470694013,-0.00362407760644685,0.132069372930898,0.0712498314203621,0.0420513741460402
"B230307C23Rik","grey","grey",0.0345168007039777,0.0662943142732653,0.106801773255875,0.0512752364933448,0.0857871608916898,0.00467544246450177,0.0606745440672734,0.0634226752680695
"Scaf8","grey","grey",0.0434878685200631,0.0509693539630574,0.0827081159879971,0.0461360891801865,0.0610300325142511,0.0208506554302387,0.0550317433834773,0.0455849496927543
"Gtf2h5","brown","brown",0.136701169768557,0.100892336931489,0.142096202156112,0.0736170717494087,0.0456516922443513,0.148965202102949,0.089113849419022,0.100645676205815
"Tulp4","grey","grey",0.0570034392752263,0.026871971402308,0.0400486759396847,0.00285836695757435,0.00608645012803182,0.0150446391400464,0.0262684750708535,-0.0239125709270085
"Tmem181a","green","green",0.104543764163036,0.117868963393619,0.189548272557582,0.157916776784604,0.11600250873754,0.0219889178469253,0.191714220222797,0.119209817665319
"Mpc1","turquoise","turquoise",0.208180738170554,0.168725769021548,0.146817974172849,0.0803186241320778,0.0386121373203337,0.0896392464305402,0.151953568729435,0.0209292895692997
"Sft2d1","grey","grey",0.0685612910078101,0.0420601521031831,0.0820133786893277,0.0473020398988415,0.0350398747391162,0.0207876315576668,0.0485725506150718,0.0347753334687087
"Pde10a","grey","grey",0.0622665045031892,0.0808000088264246,0.128347706208418,0.157654145365772,0.0572948649510271,-0.0099068130220203,0.124861097264568,0.101624258027821
"Qk","blue","blue",-0.0570679333318872,-0.0667663255355453,-0.168948296156419,-0.264946656172171,-0.0656855361508331,-0.0839852580340664,-0.199450789854931,-0.249947821030383
"Agpat4","grey","grey",0.0550362627691233,-0.0212129633281042,0.0978433902188851,0.0614802778276698,0.0109569625563543,0.0611858535334548,0.0341525966432353,0.0990845902701606
"Tcp1","grey","grey",0.163054161972385,0.112967300938585,0.1747582068347,0.101819015828891,0.0444567406175951,0.101449590570127,0.124593089110693,0.0921927220755067
"Sod2","turquoise","turquoise",0.176624652609605,0.157782047201874,0.153544211914141,0.0741098826811979,0.059936034903767,0.0744871264604553,0.132477218480659,0.0360383454888035
"Afdn","black","black",0.0119080360646014,0.0731894501797582,0.0598803888280573,0.0425878444964576,0.147386566382512,0.00357905779791621,0.0682662285159893,0.013475452121154
"Fam120b","grey","grey",0.0790641964081496,0.112427219923594,0.127894007628578,0.0288236527430235,0.0951791655543742,0.0309423045227219,0.0712082312028703,0.0367923176482181
"Psmb1","turquoise","turquoise",0.219415005844521,0.14174455834524,0.16567421036613,0.0773076625688545,0.0166522585224664,0.119996703476401,0.133854288310376,0.0532350896707979
"Lnpep","grey","grey",0.144292005497894,0.137037247127595,0.145983973593499,0.0797992619003063,0.0677693508289642,0.0594262169408668,0.131244412548557,0.0390730334676201
"Spaca6","grey","grey",-0.00608699793924633,0.0335884494569907,0.0614580022574429,0.0438297748733919,0.0813891404566969,0.00642632400958815,0.035552046119932,0.056472093277397
"Ppp2r1a","turquoise","turquoise",0.202267162105728,0.12736583078627,0.146811739933685,0.0858532968177535,0.00564423187102721,0.10377778895608,0.139360377519811,0.0475938812016639
"Zfp160","grey","grey",0.0486897843519257,0.0664024543373505,0.0689662033094288,0.00729172794534908,0.0561381783351309,0.00602768809380621,0.0407383897764507,0.00495278612507305
"Zfp945","grey","grey",0.0448385097905291,0.0172675173955196,0.128627578016977,0.144703360636767,0.068002387063829,-0.00925661106044856,0.0990273247988843,0.120524682031242
"Hcfc1r1","turquoise","turquoise",0.179216620057444,0.149031349366471,0.131374636133137,0.0809743760136344,0.0443827696401845,0.111184442738607,0.139981709149867,0.0306336957991955
"Flywch1","blue","blue",0.162574634104812,0.171056304412112,0.143492380225574,0.0766916241858006,0.0621487562445418,0.0733390733544331,0.139328531087436,0.0307606391632514
"Srrm2","blue","blue",0.103688792124196,0.174376270029205,0.166693127922922,0.121824331554138,0.116764441231348,-0.0140834221974172,0.159088261772811,0.0817637781261026
"Elob","turquoise","turquoise",0.270831098060579,0.164976262697159,0.162502698181278,0.103538389320973,-0.0107087574597929,0.224452022273268,0.152276085464845,0.0763370504548087
"Pdpk1","grey","grey",0.0936007382890837,0.0597195074813178,0.123008291903718,0.103881450287737,0.0428409385995921,0.0555675911048834,0.0982038283204779,0.095737275844753
"Atp6v0c","turquoise","turquoise",0.475698267557186,0.297444544037912,0.326388575000285,0.224790821221311,-0.0176865913943941,0.20380649766536,0.334357519243116,0.121297734954683
"Tbc1d24","black","black",0.0519333338244232,0.0763146099598082,0.108430818953119,0.0877613644856469,0.141636171713049,0.0200109706477747,0.101490485862174,0.0659669637033863
"Rnps1","grey","grey",0.114983542432322,0.0900714950015847,0.164710077317031,0.140991417711178,0.0725112907695047,0.0653125687876769,0.139438344893359,0.114927921472398
"Pkd1","black","black",0.00946120902589189,0.0605284737134193,0.068999829076309,0.0447467845214452,0.140811782543896,-0.00389900582796917,0.0518196377058705,0.0371871366579731
"Syngr3","blue","blue",0.160624402840327,0.16885680023398,0.154831228885677,0.0758770744787555,0.0599676892363775,0.0838276845821298,0.13794627756823,0.0424887486318791
"Rps2","brown","brown",0.140065834379692,0.0721772507228367,0.15173724388331,0.0879619535819747,0.0238978803484335,0.258762731123666,0.0791270970575871,0.172720046659837
"Ndufb10","turquoise","turquoise",0.238861907637275,0.178779916324828,0.151535077948071,0.0502908802413853,0.0228581313751396,0.16841596771749,0.12127325086629,0.0314685694887693
"Hagh","grey","grey",0.133788948089819,0.117512147836483,0.143591059471035,0.074364396408625,0.0545675600857934,0.0665147681943392,0.107178544983395,0.0589845123964343
"Mapk8ip3","grey","grey",0.142572889785435,0.133691987547848,0.175153873167022,0.0988207875840269,0.0850001856223974,0.0802793386025359,0.130539983766288,0.0870561263316529
"Gng13","green","green",0.0414471032837791,0.0527742390714231,0.0826030368656534,0.148345516788607,0.0584215530932914,0.064672599945474,0.137008546490265,0.103221987705825
"Haghl","blue","blue",0.176188277281208,0.276791882241088,0.180955531237825,0.00935032185693229,0.152051001696681,0.0380103910148458,0.13496158891297,-0.027263456072366
"Fam173a","grey","grey",0.16210019827123,0.156395643191841,0.190285503745439,0.0733961539868717,0.086603073929858,0.0925046295362141,0.130504335160201,0.070025421378533
"Fbxl16","grey","grey",0.0852977814684045,0.0478349383891891,0.139022095199629,0.132495366821054,0.0521831638921028,0.0892481083612332,0.102269649854163,0.142385601371111
"Stub1","turquoise","turquoise",0.224998642243236,0.151465276529927,0.191433507058682,0.110445375321345,0.0372257275041737,0.102461677849693,0.161958917187948,0.0704244774589129
"Rhbdl1","turquoise","turquoise",0.176249883641619,0.179222642995681,0.185185759735955,0.080048567645481,0.102443040585987,0.0512147124173397,0.163733871548991,0.0333115902068991
"Mettl26","grey","grey",0.0888516352052009,0.104672181074384,0.100334464207924,0.0196742145863804,0.0650661106174965,0.044971213055913,0.0665790546470232,0.0107095497067093
"Luc7l","grey","grey",0.0976687227532196,0.10420607258579,0.131434168881045,0.0514080030429195,0.0745823063118999,0.0551487331156428,0.0858998385303179,0.052584241363921
"Atp6v0e","grey","grey",0.059212694791563,0.0306051596221915,0.0502206280398997,0.0177572727416966,0.00723263171202243,-0.00485411714198492,0.0303995718397897,-0.00402521056575435
"Crebrf","grey","grey",0.0761332162444476,0.0769385965253184,0.0774973586332759,0.0448023679923961,0.040971387521258,0.0276330682149545,0.0761839127922891,0.011984420949297
"Uqcc2","grey","grey",0.099135378282347,0.0820198170576716,0.0556820217556277,0.0956126050677074,0.000991472840859757,0.0983604294734329,0.0985622284009976,0.0447999505070594
"AI413582","blue","blue",0.133047213862439,0.16711675718787,0.133366109078017,0.0864504303206055,0.0884753559746301,0.0682732847489237,0.15532873121157,0.0179566889799773
"Nudt3","grey","grey",0.133599606357115,0.0996479067008819,0.150723356824123,0.125293136387284,0.0409750055396981,0.0561687175245807,0.140787015457438,0.0914254158995854
"Rps10","brown","brown",0.155602432926374,0.060519635019228,0.0762593910319705,0.0188073858285793,-0.0346201411529799,0.265912540268364,0.0399226892303725,0.0674672020152575
"Pacsin1","grey","grey",0.153368437344109,0.135479457915227,0.226556853482197,0.179403828154388,0.105734438556084,0.0555352618811201,0.190958613208973,0.145647798482286
"Rpl10a","brown","brown",0.145077849400002,0.0929648890216895,0.120517278081413,0.0327079597706525,0.0185644525871337,0.192099400876505,0.0644340652525243,0.0682016007562409
"Srpk1","green","green",0.0767183031803907,0.0793271362940723,0.120604821703008,0.118340077648217,0.0731592054718995,0.00399569557754273,0.148032786611012,0.0747382605252985
"Stk38","blue","blue",0.0334364925960103,0.11625176475541,0.076962157038713,2.05354456581933e-06,0.104097572981647,0.0129874835805366,0.0440054486637262,-0.000991265278839317
"Srsf3","grey","grey",0.0790031685623357,0.0401553513577278,0.081838311169785,0.0409138816668986,0.0219718868604767,0.0413140389653894,0.0480091340390852,0.0348402109725765
"Mtch1","grey","grey",0.160002407250358,0.113979903106819,0.161916025841159,0.0933829637523212,0.0443344224975145,0.119855842923125,0.122834913933302,0.0928357260154823
"Ndufv3","blue","blue",0.131479077454329,0.148618729471714,0.0724371284090736,0.00739764630793883,0.0343491068504333,0.121632282780612,0.0710562958323017,-0.0139134862227041
"Brd4","grey","grey",0.0663347507475419,0.0760743631232113,0.102120401375833,0.0613007116955701,0.0657512339899379,0.0289306820563295,0.0770007703272184,0.0552669296181518
"Akap8","black","black",-0.0128189617088448,0.0479348890602306,0.0246216899261586,-0.0110877418473251,0.112369401620603,-0.000977089776983656,0.00460402954116172,-0.00382771605669834
"Akap8l","black","black",0.0724567266962568,0.109375112326538,0.163583586587948,0.103496478154606,0.177495042852652,0.00618855171373521,0.115360667575627,0.0961847684874944
"Zfp871","grey","grey",0.0718575592717408,0.0571285970835376,0.123933802868563,0.0877581519751707,0.0678805849853365,0.0525926589409095,0.0820900570402348,0.0949921503397564
"Zfp799","grey","grey",0.0487143739398661,0.0720391145971262,0.101265259046165,0.0616357442983933,0.0673231712028778,0.0250294788485733,0.0649064686849004,0.0634497035342508
"Hnrnpm","grey","grey",0.0366152049858757,0.0394745650795037,0.0636222642902285,0.0237684485908484,0.0392449513339802,0.0189294389854072,0.0236911053391385,0.0435313677340006
"March2","blue","blue",0.0810239108700765,0.118026832801814,0.0909400223310582,0.0276312393473821,0.0811664569820224,0.0214143021469564,0.0779882933296208,0.00332218576867057
"Rps28","brown","brown",0.0212948919148019,0.0200456034043683,-0.0364020047959148,-0.0617055473419023,-0.0201147177799521,0.229455813185334,-0.0476027426283866,0.00562682112197584
"Ndufa7","turquoise","turquoise",0.162261167349839,0.0981185498756982,0.0776449381723722,0.0286366227300896,-0.018381993851363,0.152561359099137,0.0693879939420571,0.0172335308415326
"Rps18","brown","brown",0.129655105495256,0.055731226041866,0.11505194276683,0.0705755817520695,0.00531537181379709,0.2082189198805,0.0612563667412489,0.107823773626141
"Prrt1","red","red",-0.00149688173181451,-0.0237867053811829,0.0594346751600767,0.0472434808033919,0.0344536353644559,0.077202109788563,-0.00636653139104228,0.137752191419947
"Stk19","grey","grey",0.0661468441937135,0.04448196904113,0.140675662522208,0.11294649761506,0.0631982023278996,0.0462542433052384,0.0886410755697957,0.122926119640453
"Atp6v1g2","turquoise","turquoise",0.274868733049922,0.211450930722699,0.267112978893114,0.171863561066358,0.0884356979221442,0.164899202688442,0.223770793330561,0.141642865597032
"Ddx39b","grey","grey",0.0772851269064732,0.0805568981615279,0.113542952718693,0.0553715366463439,0.0599441106116257,0.0283807702270197,0.078631897048659,0.0385757197728283
"Tubb5","grey","grey",0.239681548062968,0.13788040271012,0.234619616360771,0.186717532433065,0.0255716507198341,0.122464853209018,0.211050758406563,0.130827327111322
"Ppp1r10","grey","grey",0.0616309070775401,0.0655415212699472,0.0896201636522808,0.0454634992073233,0.0622647192602761,0.0185400337641647,0.0678474600681903,0.0355756612874929
"Rpp21","grey","grey",0.0634101674009146,0.071220666238255,0.0699953574917795,0.0103023223656131,0.0490134257149438,0.0583546987567763,0.0357722095332392,0.0157558486819288
"Ppp1r11","turquoise","turquoise",0.165308193356328,0.115221576924246,0.133045473424839,0.0753649503723321,0.0286472601729616,0.100522314585612,0.112460421007149,0.0512773122385002
"Gabbr1","grey","grey",0.173443665171692,0.104788906308976,0.194737590497919,0.183859704491775,0.0389773230662633,0.0751411955619673,0.187743303871603,0.124820496242241
"Gm26917","grey","grey",0.0745536955634796,0.0777784290286519,0.0936855373371386,0.0273314172956051,0.0623846183912204,-0.018086135849342,0.0669812659884918,-0.00110354874025182
"Gm42418","brown","brown",0.148846942710288,0.0706237081848696,0.0762728523890373,0.070567321851437,-0.0172509044602043,0.354466743854362,0.0734475364321905,0.109802342268978
"AY036118","turquoise","turquoise",0.148199535889877,0.0972711533583318,0.124085823403253,0.0873596447145529,0.0189936921388422,0.144779891070177,0.117523563277666,0.0760369019149335
"Ptchd4","grey","grey",0.0501877083610204,0.13001877826626,-0.00682321946280907,-0.0936414963134936,0.0397173122619169,0.0185291965999221,0.0221685504314604,-0.111442355185565
"Rcan2","blue","blue",0.155428744878412,0.195248150937088,0.0682828892290643,-0.00801629993429992,0.0442388198421056,-0.00990995203702653,0.119343563071741,-0.122856758642191
"Enpp5","blue","blue",0.179698985207024,0.197835158011685,0.135160165699136,0.0406812072959009,0.053684274316672,0.0814708376782938,0.1332389994241,-0.0110067112857756
"Hsp90ab1","turquoise","turquoise",0.435782493133086,0.233930982333073,0.305169642783769,0.203894776327346,-0.0216618030412767,0.235250192879044,0.280810708518589,0.148879149704202
"Tmem63b","grey","grey",0.107053932799595,0.117836025815669,0.133064586456628,0.0782336186014493,0.0798262070941017,0.0376031014305644,0.114793930763214,0.0467300104663146
"Gtpbp2","grey","grey",0.0363452738273395,0.0699173677819618,0.0829444290562053,0.044392267626854,0.0810520848153137,0.0128719929629124,0.0577610035804603,0.0359648411210504
"Zfp318","grey","grey",0.0765490797033095,0.0939860895167184,0.125093187866789,0.0725138592491263,0.0902945359981568,0.0347113854115615,0.0935764862476008,0.0636583911681491
"Ubr2","blue","blue",0.0607268691671856,0.0971586806474057,0.0671889940757637,-0.00403573449323247,0.0590956444787685,0.0138071255463042,0.0406819658493301,-0.00899562550456302
"Mrps10","grey","grey",0.076413959666061,0.096540420057588,0.095190520349859,0.0280728535281918,0.0647357549798405,0.0301057762254164,0.0610988284847168,0.0212329141209036
"Satb1","blue","blue",0.0658242918413088,0.162937540196829,0.0276202728958477,0.0725128743336124,0.067859252916611,-0.0555514065445387,0.158599713086163,-0.0895675185160535
"Rab5a","turquoise","turquoise",0.157982562338719,0.117089475046713,0.136952252073928,0.0812958743672724,0.0392509031133401,0.0783891916517869,0.118910277721647,0.0465512244059291
"Sh3gl1","brown","brown",0.0289849809575359,0.0225647524114327,0.074552648606459,0.0479022555310895,0.0471361686399053,0.0569943359157452,0.0326960100435973,0.0847853186156813
"Ptprs","grey","grey",0.0951022374212435,0.148315531538309,0.199143289866678,0.141111574421833,0.160007327354242,0.0210732148927627,0.163268934610939,0.110684860193854
"Safb2","brown","brown",-0.00764594236100824,0.029262473682405,0.0324322728667212,0.00438453394581609,0.0667175567469777,-0.00240426530408588,0.0126138859019172,0.0164851711610137
"Safb","grey","grey",0.065036298298902,0.0628330484954478,0.0957299058081074,0.0468796612274614,0.0492451392457979,0.028790729303734,0.0570963385567919,0.0472196489687638
"2410015M20Rik","turquoise","turquoise",0.166278134531047,0.111466071097874,0.0997620748469581,0.0339982887113449,0.0113910373129886,0.121659108221024,0.084043923418358,0.0180352108235626
"Rpl36","brown","brown",0.0861010880343689,0.0490286315306435,0.0144445830411483,-0.0339282176047457,-0.0273399407747684,0.228544995550567,-0.0149207843223807,0.0191572645847475
"Ndufa11","blue","blue",0.248812122591793,0.242620511161722,0.149523460818386,0.0299746373684592,0.0398088986633259,0.177210495639212,0.132455492908369,-0.00220946885465964
"Clpp","blue","blue",0.0994473133470508,0.136421175365423,0.0868182688231643,-0.00672935239096118,0.061472081511644,0.0603279073968978,0.0571220156826355,-0.0110547125913961
"Slc25a23","black","black",0.0345024781149163,0.0816618499760941,0.0973791166985029,0.0296534129956825,0.147903922675186,0.04377299413673,0.0401153449215076,0.0652547734801017
"Tubb4a","turquoise","turquoise",0.151725213854262,0.0383112028493066,0.0901608499733612,0.0601672331941102,-0.0317978424213015,-0.00205337876358374,0.0865375294344738,-0.0178972289723793
"Pja2","turquoise","turquoise",0.30592991572068,0.187658393496158,0.262140356646598,0.174343640865696,0.0378102053638987,0.232198303350777,0.209823099593066,0.1733065001773
"Vapa","turquoise","turquoise",0.227266905477799,0.118707796167427,0.194384727126738,0.143071884268575,0.0116360837390316,0.119146771087073,0.166562595234125,0.113188559321479
"Ralbp1","grey","grey",0.110089171921494,0.0861559432672948,0.116176719504639,0.0938890804399449,0.0328345205511719,0.0337934520485097,0.118197710231728,0.0437791298846119
"Ankrd12","blue","blue",0.157896984428629,0.195570228570205,0.180930238451502,0.116111495885502,0.113610428562489,0.0592318028340246,0.175836141628401,0.0444752482729225
"Ndufv2","turquoise","turquoise",0.245224307175795,0.175068020172497,0.149581749459666,0.0507739678884524,0.0105641706776102,0.155865522124058,0.127404748390256,0.0241245008344826
"Epb41l3","blue","blue",0.110658547520126,0.132901758516443,0.0853226545240887,0.00951642690746976,0.0531167198209439,-0.021961400719402,0.0712128355226681,-0.0421140008505637
"Dlgap1","brown","brown",0.0565777046370151,0.128961102875799,0.157826120518223,0.0780466974098595,0.137616798998219,0.0931734776560129,0.0862609228330146,0.165238748684019
"Myl12b","turquoise","turquoise",0.369294175923488,0.217859846065167,0.28863440107221,0.205986990357588,0.0171536720745067,0.20860031077019,0.269425294679691,0.139550376466866
"Lpin2","grey","grey",0.0893416185451823,0.0992189151127513,0.126358973814235,0.0685001036574188,0.0764151822626987,0.0620688360974018,0.100879345865104,0.0585107676916531
"Smchd1","grey","grey",0.0457630421086289,0.0581523506846916,0.0882317474462168,0.0524535793096286,0.0614604510937738,0.0190083854631065,0.0580126529569888,0.0494085538144118
"Yipf4","grey","grey",0.120380696765422,0.0848791954993787,0.106705473652581,0.0597231625200682,0.0126389198442066,0.0543181898128144,0.0877975616151317,0.0368849514623577
"Birc6","black","black",0.0649434690271005,0.102032901072932,0.12750890003116,0.091013230524402,0.157838826820868,0.0277347027929637,0.102210206518657,0.0795561478874253
"Fam98a","blue","blue",0.0793908056373888,0.144925636796076,0.10831553801926,0.0309236911158324,0.10264176626825,0.00984234108537915,0.0876456655665939,0.000392301888223616
"Cebpz","grey","grey",0.0660390215846638,0.0387148133108278,0.106091026057341,0.0849501717013719,0.0346193921553658,0.0405795252571399,0.0710461217376395,0.0853497995347854
"Ndufaf7","blue","blue",0.0679434945879067,0.110266806006347,0.0797739609893305,0.0181750769453595,0.0689067704663055,0.0233047712221121,0.059765180654273,0.00310444677986441
"Hnrnpll","grey","grey",0.0404865624202402,0.0585484329516405,0.104083781634536,0.0921841582724633,0.0874024693591121,0.0240048061723545,0.0955991786854497,0.0647534382713824
"Srsf7","grey","grey",0.0416617431247773,0.0583025626719178,0.144704215424927,0.120983967006273,0.0776959476129703,-0.00215371635630744,0.0907786727128206,0.132924056298638
"Tmem178","grey","grey",0.128969844381231,0.120758448299887,0.145667335816087,0.100016352173671,0.0637380291320484,0.0552775476347274,0.142219481710686,0.056410019845948
"Slc8a1","grey","grey",0.140060702159642,0.132494008352951,0.164557769644432,0.105960297249782,0.0782719422753212,0.0710714482922981,0.138537177088054,0.0777731704624993
"Eml4","grey","grey",0.0899242547598019,0.0924529655048346,0.143712506671094,0.113481367401864,0.0720339211341431,0.0134688226642501,0.123876243401075,0.0843645740292312
"Cox7a2l","turquoise","turquoise",0.196198953742285,0.139128608964777,0.148572070070775,0.0758367292853421,0.0249606692955992,0.133216189283504,0.122193507431731,0.0641298601082956
"Lrpprc","grey","grey",0.086487386223749,0.120047719756353,0.119589618544789,0.0388384066037404,0.0947078107719351,0.0352874780390731,0.0835048835908037,0.0304530327208352
"Prepl","turquoise","turquoise",0.196869008571376,0.205920468671155,0.219667011134662,0.137371968327673,0.120355047557204,0.0842153701313421,0.195742567609805,0.0896337295873917
"Prkce","brown","brown",0.141254055449874,0.101036443216999,0.165668972848894,0.0976900449399409,0.0631066339987322,0.180616359476546,0.110510640006697,0.147351201965464
"Calm2","yellow","yellow",0.395626204436657,0.176824979491169,0.353728567361951,0.379363303951196,-0.0233701632206973,0.339146360764065,0.313868134530155,0.354919142769116
"Nrxn1","yellow","yellow",0.0421427583768186,0.0367456456335694,0.141113261572836,0.303316883617171,0.0570538387919556,-0.108847138253411,0.246421588639295,0.125332323160839
"Cul2","grey","grey",0.130157413617578,0.102506272752916,0.14508284645943,0.0970051657065986,0.0477431916562447,0.0647257124643828,0.120406775059161,0.0685487166545693
"Kif5b","grey","grey",0.111034790740377,0.0932306474348839,0.120350665540036,0.0372408372887124,0.0529661069422074,0.0809361132683565,0.0640057515330419,0.0576187865508589
"Epc1","grey","grey",0.0330912952363592,0.0280873904838591,0.0725074992542612,0.0350531717227801,0.0445195263124471,0.025359683506851,0.0283443726005341,0.0502508603618742
"Rab18","turquoise","turquoise",0.195001278780697,0.11576463786331,0.160497587615246,0.106256627531656,0.0177349630363814,0.0874190325164445,0.139865311819738,0.0692564327662315
"Wac","grey","grey",0.0933247660585246,0.0837107044325294,0.100286098213547,0.0489081964191996,0.0446981827418053,0.0403286256830062,0.0772973889503637,0.0301900695062552
"Ccny","grey","grey",0.105437432875747,0.0941602721939749,0.149524321737526,0.0856854594989128,0.0757596441626274,0.0470120098749913,0.100540532623333,0.0799904789631568
"Usp14","green","green",0.236788626287697,0.182776899256461,0.242131159162284,0.176075633268007,0.0829525439111995,0.121397463978859,0.250843465787837,0.123546207254976
"Esco1","grey","grey",0.0739577562087429,0.0891287404953067,0.0985529235169209,0.0633664930744875,0.060954831189217,-0.011687982463707,0.098340834729767,0.0136687841083403
"Snrpd1","turquoise","turquoise",0.168419086973438,0.104018243966914,0.11871939165117,0.0703590532509877,0.00658449423570112,0.112352638001853,0.105261278898935,0.0465461176796978
"Mib1","grey","grey",0.0498136772138181,0.0416482868135497,0.083494336327977,0.0768979047351266,0.0432036099091426,0.0398618354861095,0.0750603203342909,0.0720579046492349
"Npc1","grey","grey",0.0351156113586919,0.0140151409944857,-0.0187110316930288,-0.0815039174924535,-0.0125312360186064,-0.0198973612030852,-0.0407080651404491,-0.0979129099960531
"Osbpl1a","yellow","yellow",0.245933997316131,0.156287008421832,0.291952229085073,0.41733965636418,0.0805193043985739,-0.0308279482171947,0.386356888453559,0.181561752685735
"Impact","blue","blue",0.193301549097872,0.226098318437932,0.137441079904425,0.0479177409146385,0.0570319348416302,0.106120874618722,0.15317685532335,-0.0229949328614622
"Cdh2","grey","grey",0.0827347651568153,0.0399635172102068,0.120579711190722,0.110520003738491,0.043998153309245,0.0320063440405517,0.109658453782708,0.0747549407146359
"Nol4","grey","grey",0.122596790381526,0.0870841250961834,0.161170078229582,0.15261569289527,0.0516064745445454,0.0259090895957363,0.159583133766578,0.0991050996701622
"Dtna","brown","brown",-0.0111166919835127,-0.00970804703366677,0.0173762491113756,-0.0117807207797816,0.0258253005926296,0.0100805764482101,-0.0245596150500661,0.0352378747087366
"Mapre2","grey","grey",0.138450369513949,0.0896002668938699,0.161124625780452,0.125417849525756,0.0377100113535508,0.0530252931207427,0.13705264923187,0.0897932786764734
"Zfp397","grey","grey",0.0458601669177449,0.0699297634713282,0.0772129459257372,0.0107669275007461,0.064529266130086,0.0283754219430528,0.0371998143258791,0.0185944371540998
"Rprd1a","grey","grey",0.0907459671547576,0.0805896369852769,0.109446380932497,0.0448106770490136,0.0483178219755375,0.0673022249189562,0.0683497650349486,0.0576024216194078
"Elp2","grey","grey",0.0486169941641553,0.0620879120275741,0.0763936606016428,0.0374093959065031,0.0469538777265142,0.0304091185906203,0.050973637883255,0.0324399941008904
"Celf4","grey","grey",0.0636223189758697,0.0947588090846121,0.16653519810409,0.14991827199319,0.125541088005448,0.0835133107350978,0.158754418657956,0.126889455246763
"Rit2","grey","grey",0.130202842242291,0.107279679111917,0.133898116528549,0.0716647581392115,0.0386139569692492,0.0740455932694691,0.107145029525932,0.0563798023598019
"Syt4","yellow","yellow",0.239847809063186,0.164054516136799,0.259704291339838,0.302144917130202,0.0484285143701513,0.109969667659684,0.291366023744713,0.176952278195423
"Slc25a46","grey","grey",0.0969814306167006,0.101185589703081,0.102540449995632,0.0594422713031013,0.0523981462110429,0.0437839545814799,0.0892353036497406,0.036766278787836
"Wdr33","grey","grey",0.105806356797008,0.0958882587534846,0.134668202325499,0.0638731248438432,0.0623767056612915,0.0244199450930001,0.0930998894450926,0.0465085721320135
"Iws1","grey","grey",0.0451889214955392,0.0694058540913912,0.0839525951078378,0.0428839317177831,0.0673393838443386,-0.00651506608816444,0.0604136107983032,0.0254940189291256
"Map3k2","grey","grey",0.0638113179090371,0.0763433873557885,0.102869239495286,0.0424114098359887,0.0670662261881855,0.0338036158836517,0.0615514210888465,0.0438531135882848
"Bin1","grey","grey",0.0307276123726422,0.029157879093404,0.0542011238790375,0.0115620412717698,0.03899399946578,0.000600082707345705,0.0206620313605541,0.0138495140596495
"Camk4","yellow","yellow",0.135632419403099,0.0551388059420542,0.213707446917953,0.34936205372877,0.0514335201795384,0.00568239751334483,0.263819454648894,0.207820511995725
"Apc","blue","blue",0.0949529632608489,0.156138471300624,0.0848256775786397,-0.0158188519272155,0.0822001678722508,0.00897273550425708,0.0680503436666633,-0.0392246540472237
"Srp19","grey","grey",0.117664586667985,0.0855805948111215,0.100165388642141,0.0548644368611385,0.0223848510716186,0.0865926515479622,0.082286471548957,0.0416198817998588
"Reep5","turquoise","turquoise",0.217836754642305,0.119165222097358,0.136287198303358,0.0898976430260302,-0.00434645040136355,0.0894299401080783,0.151011954612497,0.00978238179983154
"Fam13b","blue","blue",0.0980150602950904,0.145552642029076,0.107084201094823,0.0295085385466176,0.0852007239716347,0.0062456061655965,0.0939844703025073,-0.014317366296383
"Brd8","grey","grey",0.0570350421305615,0.0523986737828549,0.0726073109447256,0.0392215555568795,0.039217078718602,0.0359090402396493,0.0492381891518944,0.0321634692230458
"Cdc23","grey","grey",0.0187049219626079,0.049149224690636,0.0592843096333612,0.0254802081903978,0.057653182799088,0.0168649491301692,0.0378950565472245,0.029890285969044
"Reep2","grey","grey",0.142123214929417,0.107199735537488,0.187053076697364,0.185645445201487,0.0678697114452457,0.0339530489801192,0.195077011736684,0.120898097974592
"Egr1","yellow","yellow",0.171894485948796,0.0623830646961065,0.185318953307198,0.35295584791409,0.0013739514793911,0.0334947983213552,0.285127214340714,0.17792255309593
"Hspa9","blue","blue",0.151178551819116,0.172060512457346,0.126909404881732,0.0322082608805517,0.0656290489266219,0.0758727243748565,0.104574233286009,0.0101593974178796
"Lrrtm2","grey","grey",0.0752194347323291,0.0841182147279517,0.0947280421515787,0.0634631445160033,0.0696727729567797,0.0435130035294128,0.0930021103803546,0.0282273429544003
"Gm28285","blue","blue",0.0861511081304747,0.203591553469646,0.0928968577870602,-0.0630926024942102,0.132827835428575,0.0552570323170724,0.040990663675101,-0.0528406867397369
"Matr3","grey","grey",0.146378758364044,0.108370428338074,0.170484036631288,0.136870802510056,0.0348001668712057,0.115333921468553,0.138442001657856,0.141225443013558
"Paip2","grey","grey",0.119444034560096,0.115890942525057,0.121920717188583,0.0354305604655958,0.0579370424339087,0.0424941887545628,0.0878973763565214,0.0124057088145836
"Ube2d2a","turquoise","turquoise",0.16279843531343,0.111221968245812,0.154646981970284,0.0903482214118302,0.0435802766335267,0.0814640203022464,0.121910612947589,0.0672095921842152
"Pura","grey","grey",0.0792464885534768,0.0797842736159597,0.111767515104902,0.0675547055044465,0.0661425419268202,0.0524197341367301,0.0845943742448655,0.0596236200728449
"Pfdn1","grey","grey",0.100494234468724,0.109034084856024,0.0833529914312945,0.0369526075421076,0.047152409050902,0.102044354314988,0.0750118857239998,0.0191070087605177
"Ankhd1","black","black",0.0188776463564596,0.0634185399109744,0.0624206080392486,0.0326878364459224,0.122886885229595,0.00136447836904282,0.0474988188186632,0.0221632463952921
"Sra1","grey","grey",0.109474431447549,0.0908512217194842,0.114711135144791,0.0637432442759621,0.0449256093253178,0.0561057229439787,0.0869355643832427,0.0474542726323748
"Ndufa2","blue","blue",0.132751444821051,0.134103326153536,0.054330501144562,0.00769144275411095,0.00200813118009992,0.154768448891885,0.0575909903093849,-0.00755597977044951
"Ik","turquoise","turquoise",0.166679230463848,0.106674327188897,0.120203525647349,0.0555072506537845,0.0127018365506347,0.106650283800734,0.096958692732873,0.0387725179670158
"Zmat2","grey","grey",0.244310439798971,0.112973359242022,0.230552786374145,0.183718422119246,0.00704822709630037,0.169557702945971,0.183737365945407,0.166931381992902
"Rell2","blue","blue",0.150310725038544,0.231756204342533,0.162778473415085,0.0619062236491289,0.128726017939775,0.0469817288462431,0.14658978343049,0.0186622650465315
"Rnf14","turquoise","turquoise",0.191638868691648,0.177353945219067,0.180180828254954,0.0999731717534655,0.0821642109305189,0.0854187672194705,0.163501460569081,0.0483987724595121
"Ndfip1","turquoise","turquoise",0.359231730041918,0.260401457831703,0.282192384569001,0.242908616906274,0.0335450684232708,0.110457794426443,0.330576138182444,0.10649497043172
"Arhgap26","blue","blue",0.140013027250426,0.171441115939484,0.165576765799333,0.138577114671362,0.103847474474154,0.0273671949688192,0.195277465683579,0.0584480701152978
"Nr3c1","grey","grey",0.143155117712117,0.0724841455628874,0.159972376302436,0.161326957549146,0.0232118723312292,0.0311765187427463,0.158551262300038,0.0995961322978402
"Yipf5","grey","grey",0.0488034732586475,0.0605246168049115,0.0943144795394507,0.0583892338656717,0.0626479442879287,0.0345131532592068,0.055476966954781,0.0633458387802819
"2900055J20Rik","grey","grey",0.0317702962669524,0.0227534222753377,0.177635903414195,0.222035104243942,0.0776232879914696,0.0351358896576185,0.138079124754169,0.246842803474865
"Lars","blue","blue",0.101246297211423,0.140904983045492,0.105737218323287,0.0225376269288158,0.0712120291077324,0.0518155231532379,0.0791163977936324,0.00722223645657331
"Ppp2r2b","green","green",0.229107403748892,0.210114153533722,0.254788256361301,0.185899935205932,0.102948128691659,0.0594063830690473,0.280320999122186,0.0985509891580749
"Jakmip2","grey","grey",0.138208959776595,0.120687083726465,0.175047793920866,0.103582491968246,0.0765385958856372,0.0393924671942513,0.138519381728186,0.0774256604561833
"Ythdc2","grey","grey",0.0794564935673839,0.0894348816620076,0.127407796646838,0.0866073772661945,0.0780087770420237,0.0233819045474988,0.105182276167665,0.0623189829180026
"Kcnn2","grey","grey",0.0641303963892546,0.151097374881595,0.105981648587095,-0.0175711409606968,0.125744927096899,0.0644106697687421,0.0415233963493608,0.011425701768411
"Tmed7","grey","grey",0.0944903522106039,0.0564261268930374,0.0866713014805896,0.0408441362655463,0.013156881296552,0.0447163676824219,0.0580291600372737,0.0369225683680384
"Ap3s1","grey","grey",0.1048557743557,0.10469372586693,0.12730202925268,0.068358389712377,0.0597440130429243,0.0517340771486448,0.0941909800555378,0.0486026919856182
"Dmxl1","blue","blue",0.0563047969482745,0.12941134053463,0.0982949188608429,0.0292971778989495,0.110076703123389,0.0207448316064318,0.0693741357606495,0.0234324090365353
"Csnk1g3","grey","grey",0.126983107876413,0.0780597727065229,0.149890619470094,0.125896206592776,0.0288593824316652,0.0451042191602447,0.129554734890847,0.09588443267091
"Dctn4","grey","grey",0.0585847410301906,0.0624428825587575,0.0857966423965268,0.0301212362332395,0.0554032587646416,0.0374435618081885,0.0512844293773069,0.0301684264655588
"Synpo","red","red",0.0681956818409414,0.00301235166052945,0.175495218820385,0.207611416368101,0.0544559442157629,0.0593435455823155,0.119517347709668,0.252269810582248
"Rps14","brown","brown",0.118158879172757,0.0364865955944382,0.0746174419975685,0.069560000000353,-0.0294379103712229,0.244005875400261,0.051800391659132,0.102138522556943
"Camk2a","red","red",-0.00354956758426748,-0.0893715826128634,0.242118934599083,0.402810283197338,0.0881369997827239,0.0899522301206678,0.174301776228512,0.535072418111447
"Csnk1a1","red","red",0.00648159230315491,0.0160862792242152,0.116033776698173,0.151258787576912,0.0889398496461446,0.0629293682419046,0.074774355291347,0.211022116439616
"Napg","blue","blue",0.142214003002347,0.169376429176399,0.164768750106201,0.0898355255690415,0.099001985514576,0.0743294669355093,0.140161806888215,0.0630496722313537
"Txnl1","grey","grey",0.14731529459689,0.101944870631139,0.163708471852669,0.106015701695505,0.0413285557798098,0.0908519664372559,0.122877966175009,0.0923877994753144
"St8sia3","grey","grey",0.145713264734812,0.0995616587342006,0.168757603930149,0.131290831058483,0.0330049316209624,0.109833991876441,0.130177134878936,0.12462479536221
"Nars","blue","blue",0.20319700296249,0.238658133226152,0.114152264175664,0.00910268012850966,0.0509840783669106,0.11459733508353,0.127776918958738,-0.0528297753242649
"Nedd4l","red","red",0.0486745570114701,0.0229123164506066,0.172147048099168,0.17357572224408,0.0856282400047707,0.0672063820809655,0.110149597162129,0.250594795598084
"Sec11c","grey","grey",0.103173970392148,0.0408668368533755,0.0308244230272949,-0.0414911900146934,-0.022793277332677,0.0744715995674663,-0.00692776197533145,-0.0291537436769203
"Spire1","grey","grey",0.0509920359489653,0.0648418549321757,0.0891449136391566,0.10361298334022,0.0555716434576103,-0.0181689750264549,0.110829251797951,0.0432023565887868
"Rnmt","grey","grey",0.134068114986725,0.125691089290428,0.150012388160632,0.081348439530401,0.0707282338089082,0.0755803636466399,0.121459713395349,0.0599320430401738
"Tcf4","blue","blue",-0.0457022608317628,0.123463264021156,-0.0584275627153932,-0.150742673866968,0.0736075359952472,0.0350030196658841,-0.0636716745603469,-0.0870806729628823
"Rpl17","brown","brown",0.100444785668033,0.0613519953335786,0.0624843383180058,0.027336933161597,-0.00256333797484683,0.200111294457213,0.0404699056831891,0.0603891839790815
"BC031181","turquoise","turquoise",0.179866066154947,0.135123785927513,0.14523512874285,0.0695830701237607,0.0366462002889514,0.106329984620951,0.11634832569133,0.0467643435059798
"Ier3ip1","grey","grey",0.0951592366200071,0.0816121180640857,0.102932376022618,0.0673350166143247,0.0498965411615844,0.0929110656657251,0.0814085220437347,0.0586391785795456
"Pias2","grey","grey",0.0487767582995042,0.0563861609735818,0.0887560975640276,0.0533680339829197,0.0652421105536976,0.0239305503766667,0.0619265243872955,0.0530519294543379
"Rnf165","red","red",0.00711967969367756,-0.00188485684896876,0.121065339610661,0.124587065670645,0.0813991307145893,0.0528612415478783,0.0469332066951841,0.202553525841888
"Atp5a1","blue","blue",0.216398714227936,0.22563846548634,0.16634642906785,0.0351256835516466,0.0759402980629136,0.118942793867096,0.127325852729296,0.0179307153101741
"Atp9b","grey","grey",0.0727226742224093,0.0774476590745165,0.166337807680943,0.130702942897354,0.10327123110254,0.0245768798886531,0.118235268450067,0.122521281797618
"Cyb5a","grey","grey",0.15353265573066,0.0916631372086274,0.156614975007643,0.16053374922491,0.0230674677659178,0.0381178119060434,0.172234149644317,0.0749493402858739
"Neto1","grey","grey",0.124912238271811,0.143185192246965,0.170828597092606,0.0664030973803799,0.0974741257384743,0.0664670429908791,0.109397523254217,0.0645788805374192
"Dok6","grey","grey",0.11435092910657,0.0911052699015642,0.190903092443393,0.0909623817437167,0.0863363320859851,0.0823981328285111,0.0920458753261287,0.136520826709323
"Tmx3","blue","blue",0.0935951959976328,0.133882142808887,0.0675081475405837,0.0136029901903307,0.0563283535733325,0.0163783184620999,0.0804624053837734,-0.0411840202594227
"Ppp6r3","grey","grey",0.00536674882248932,0.0427625371605513,0.0364284714925892,0.00962146987797013,0.0593689939298148,0.00245367170749517,0.0212252222483797,0.00609059551359747
"Kmt5b","grey","grey",0.0353329589081453,0.00810001859473564,0.060462482056482,0.0383942427735309,0.0290878810824283,0.0289799851788988,0.0262490103127119,0.0504428462565216
"Chka","grey","grey",0.0156904615521979,0.0757696580438539,0.158681951256473,0.123786344847798,0.159617326323829,0.0291906228727148,0.0971602305601358,0.138410931960277
"Ndufv1","turquoise","turquoise",0.15627919912665,0.130713363339645,0.146450654851086,0.0697496637196243,0.0567762185813676,0.0543385023077059,0.119167883551806,0.0451052172810149
"Gstp1","turquoise","turquoise",0.211940417073483,0.0349898167211465,0.116473094583919,0.0831391906460454,-0.0758858893167664,0.119235354217939,0.080151936153768,0.0602161638807977
"Kdm2a","brown","brown",0.000795572894968246,0.0226534998177523,0.0356747483124875,0.0131410237445955,0.0481526315212929,0.0127932659733905,0.015622214077169,0.0252169060388382
"Sptbn2","yellow","yellow",0.0319143297852244,0.0254302738541915,0.136556355262903,0.169264320861942,0.0880392778674656,0.0366226537556506,0.102759073564862,0.166790159042519
"Tmem151a","yellow","yellow",0.149570591601926,0.0798431321771107,0.174387672495284,0.199248224396637,0.0375841117579226,0.0435865404937451,0.182548455562543,0.128143680374893
"Cnih2","red","red",0.117640834446851,0.0392456714785089,0.150051528337414,0.084315776282857,0.0288232102191016,0.213437579451307,0.0371159860666022,0.218789000561379
"Klc2","green","green",0.0866927129290306,0.109303168896207,0.114249426010967,0.104236963049902,0.0803492351676281,0.0123016032300743,0.153314837800322,0.050605260042331
"Sf3b2","turquoise","turquoise",0.152958442984419,0.100333527158855,0.123966468157208,0.0636758464198747,0.0214950664504352,0.0689456400750804,0.100703805138728,0.0415469725257413
"Ccdc85b","turquoise","turquoise",0.206948739938736,0.140010581191642,0.178557389410097,0.11972610759346,0.047051931775801,0.117090365722413,0.161309689164391,0.0836308694479792
"Cfl1","turquoise","turquoise",0.37728794619113,0.20675364549468,0.282222634852783,0.20950994992799,0.011011680646433,0.191957978709849,0.266421423556575,0.135892193762297
"Snx32","blue","blue",0.0866717043608247,0.122225799488641,0.0904691871616155,0.0186235513567059,0.0645570932968083,0.0121661653893497,0.0790037942746066,-0.00915061730215974
"Malat1","red","red",-0.463457391400003,-0.343129161389939,-0.137787265129913,0.0660152298320122,0.0711696812009626,-0.251354039564812,-0.216502193606186,0.244912552108972
"Fau","brown","brown",0.172381685484018,0.0755628944342582,0.092097976701224,0.0554883593720027,-0.0448176680649071,0.315871184551434,0.0630150115889118,0.105883130347998
"Sf1","grey","grey",0.0513113576275442,0.0598328088593668,0.109494466681048,0.0618419694133937,0.0787293091401765,0.0228256146586694,0.058597554337998,0.067035193586073
"Nrxn2","grey","grey",0.0844650296609536,0.0890341793290249,0.12011118428287,0.0703542886924702,0.0692060260410711,0.042803423724185,0.0978071492243888,0.0539454998544342
"Prdx5","turquoise","turquoise",0.28780448267999,0.192771463660025,0.213882793057201,0.120730967432414,0.0271669857572743,0.154550366544276,0.193166583106322,0.0777346489580373
"Trmt112","grey","grey",0.112477655201018,0.0607673206728339,0.0938655875846912,0.0598072978910499,0.00463137969539875,0.0982136072270684,0.0764972986828519,0.0489800139865401
"Fkbp2","turquoise","turquoise",0.242371744728837,0.188072387080878,0.168390017594477,0.0946115118387298,0.0352398057327454,0.112983677261399,0.172488418501606,0.0282586748003623
"Cox8a","turquoise","turquoise",0.233358745270194,0.156608238218359,0.131929479810751,0.15408666486552,-0.0246902741163464,0.224459758310715,0.175143029671747,0.105513590708045
"Rtn3","turquoise","turquoise",0.306808635466703,0.233176457737862,0.244693920198084,0.216801875027605,0.0414717419886662,0.136594183338303,0.293238050484223,0.118703609743078
"Atl3","grey","grey",0.0411046540724223,0.0285386303869737,0.0698569269454077,0.0431441922972286,0.0345010728483457,0.0138490983960915,0.0425613466169196,0.0410261645480673
"Slc3a2","blue","blue",0.137129204632881,0.185086726537455,0.110691891826515,0.0288282508585861,0.0768015604475149,0.0229336831028577,0.115918446879861,-0.0353353170182882
"Stx5a","grey","grey",0.02863974568713,0.048923851234604,0.0784214255381912,0.0473809876682032,0.0711916958154797,0.00400239901503615,0.051949731644482,0.0462498739915531
"Nxf1","brown","brown",0.0583867906059373,0.0525871795699809,0.0541533500659783,0.00112515023666897,0.0352557835537362,0.0647009853744313,0.0220948005242907,0.0195198606458128
"Hnrnpul2","grey","grey",0.129170910237975,0.0834596997389639,0.125520157151663,0.0877668152757457,0.0234716487358522,0.0642591358391766,0.109558885421111,0.0667542765528631
"Gng3","green","green",0.280341796937627,0.233683611618354,0.242644208463233,0.176103039936995,0.0708892298400571,0.156150417821029,0.290662606402673,0.0767225134651655
"Bscl2","turquoise","turquoise",0.138278186486053,0.130562848527371,0.131461087891499,0.0769809003319531,0.0616038415273659,0.0447035189900229,0.129984794026661,0.027407565988145
"Eef1g","turquoise","turquoise",0.169037765980786,0.128246440021562,0.128417320118557,0.0485690947223983,0.0332987295247597,0.100083067451165,0.107916725419163,0.0226918557502451
"Fth1","red","red",0.147697040277092,-0.0556734733873433,0.14709207068097,0.185194530869523,-0.0818130106411077,0.300048685100326,0.0581061884235596,0.338767408329454
"Tmem258","brown","brown",0.0532125579780957,0.0184979220321614,0.0115229537310739,-0.0208510896913242,-0.018590600993647,0.104367582587232,-0.0163006340873643,0.00152487314088106
"Syt7","red","red",-0.056921878111352,-0.0362050364308154,0.0804655664235898,0.0997823416899642,0.110034001008618,0.0993234264512651,0.021150976852241,0.214199816279881
"Cpsf7","grey","grey",0.0233233835919201,0.048987341775414,0.0531014064016722,0.0265322861441958,0.0577993739110198,0.0134747189977096,0.0397319366236308,0.0226341634882814
"Tmem132a","yellow","yellow",0.0905268068127533,0.0540525422020316,0.156358385972431,0.214113142320203,0.0638794463361658,0.0386924858021773,0.181221457320725,0.138011759932762
"Stx3","grey","grey",-0.00502166616922419,0.0222732417266495,0.0620904310884613,0.0748548366038817,0.0673637215232543,0.00826907857038568,0.0487202911029024,0.074239864441137
"Zfp91","grey","grey",0.0428241502077128,0.0467350226985054,0.0688811775755574,0.0435574217093333,0.0466279593600282,0.0510861058771751,0.0462239161449304,0.0542834575157718
"Tle4","brown","brown",0.0114885461947541,0.0293805051697381,-0.00420627338813748,-0.028978042644253,0.0299627714675381,0.0289864106620756,0.00561742518787768,-0.0410425936513851
"Gnaq","grey","grey",0.0858317561832091,0.0487041923642729,0.120466028050374,0.0999981858835732,0.0426835565587736,0.0957336425577126,0.0845764527190394,0.122319331930643
"Vps13a","yellow","yellow",0.0215808144659652,0.0321228089668931,0.174782451364706,0.290491868760924,0.123969864190848,-0.00165838054292869,0.193918831416624,0.231012600001527
"Prune2","blue","blue",0.0528450525098126,0.10351679991776,0.0287907779895044,-0.0299090232012861,0.0465974098829185,0.00132589418400833,0.0460324750415792,-0.0702441313533606
"Rorb","yellow","yellow",0.0262425731197263,-0.0642795564260413,-0.000245861826460388,0.289180110502614,-0.0713148690695668,-0.181875737531365,0.22089443807674,0.0204772818162665
"Zfand5","grey","grey",0.171449839444077,0.108970553437211,0.194378218610232,0.129295420782943,0.0538668287762331,0.0915663078256268,0.138536973164671,0.118932111429427
"Gda","red","red",0.170490266636904,0.067148551345713,0.291599585455567,0.308609608109228,0.0849309795662083,0.166258521763232,0.230160497643251,0.346357716016597
"Klf9","yellow","yellow",0.116140497944496,0.0226771969680755,0.12424686679342,0.172621374913157,-0.00711702991182341,0.0665064334963967,0.128668229650077,0.13392406961628
"Smc5","grey","grey",0.0419662863759413,0.0599130942311782,0.0757438055668212,0.0662286916870497,0.064998667591659,-0.0217060805624077,0.0811112381524195,0.0244804048607951
"Smarca2","grey","grey",0.129276833927608,0.0559232317181605,0.181794490975935,0.150272408164532,0.0413647067313978,0.0834169853470512,0.123847600131566,0.153916072573885
"Vldlr","grey","grey",0.0515809780403855,0.0384328928245077,0.042636298055919,-0.0110018021517367,0.0212632409067537,0.0399079643370261,0.00768676573153121,0.00420643783049127
"Rfx3","brown","brown",-0.0424138987283237,-0.10185847498772,0.0404833485082831,-0.0125913127277869,0.00623227206666017,0.157013871059597,-0.0956601619499728,0.186448145397581
"Slc1a1","black","black",0.0602940385637516,0.116379837544303,0.11460984447671,-0.0107480405059939,0.164502087450963,0.0877428906148085,0.0192938679852693,0.0643107375911012
"Cdc37l1","grey","grey",0.0667775530683626,0.0570983100856858,0.0667050018716928,-0.000320877142874969,0.0482648138464834,-0.015899815161949,0.0339059260915336,-0.0287033295978963
"Ric1","brown","brown",-0.0235418218369033,0.0263696225608254,0.0255823753700535,6.80848833704026e-06,0.07049407256485,0.0119567446224127,-0.000794643299493337,0.0240505172966426
"Uhrf2","brown","brown",-0.00169932880545545,0.028814207036052,0.0259150115058881,-0.010509263759589,0.0480457200107139,0.0207855410374396,-0.000370286078385169,0.00818740386713868
"Sgms1","grey","grey",0.0716769718025463,0.0606251663199491,0.135094800574121,0.0809797188014457,0.0709832592275685,0.0376081230869061,0.0729600443393934,0.0934126654215389
"Rpl9-ps6","brown","brown",0.156419656351863,0.0673365247536799,0.0943468491463927,0.0313259522234828,-0.0275036314999859,0.295569682682768,0.0453270834363046,0.0937208623206425
"Atad1","turquoise","turquoise",0.206709684852801,0.137151426168505,0.154072093878065,0.0925692636526168,0.0201426792113213,0.0890557883305159,0.149143440687267,0.0474071888352827
"Pten","grey","grey",0.0611457897353002,0.0575226380630386,0.0830507497538437,0.130550770035211,0.0409608873196431,0.00936841615137404,0.131375754464549,0.0552249484467958
"Pcgf5","grey","grey",0.0553474962514232,0.0940636008743318,0.0831443936636258,0.0508247963856132,0.0741630702533076,0.00784410785851078,0.0848385727305687,0.018338094675175
"Hectd2","brown","brown",0.0266863357936751,0.0563074991978132,0.0959189659566669,0.0464177160433154,0.0899523512932162,0.0617726611876532,0.0352904682613447,0.10207650405458
"Tnks2","grey","grey",0.113729308711176,0.0748566920278193,0.142026478008101,0.0967779496993447,0.0440124789772482,0.048690699697532,0.106902863113342,0.085703067452272
"Btaf1","grey","grey",0.0197912826224089,0.0323451531067197,0.0958395031302723,0.0858274760670968,0.0664396216101774,0.00438829018922239,0.0673344835652316,0.0872295849164398
"Cpeb3","blue","blue",0.0805547912880289,0.132297961234734,0.10636028807265,0.0599942471515336,0.0928453453587696,0.0023785228222738,0.108073150926944,0.0110873325551512
"Lgi1","red","red",0.115595270694981,0.0422764550374336,0.158396858398944,0.167681681536062,0.03551069531265,0.12053251723238,0.142578519714382,0.193954211532582
"Sorbs1","blue","blue",0.0527933750410527,0.172592409876318,0.0524448236399844,-0.099002569480103,0.108431370055802,0.0634697383032319,-0.00120919416047799,-0.0564595486061365
"Tm9sf3","turquoise","turquoise",0.18320946782773,0.112496482455348,0.142546181303526,0.0912067856436184,0.0183526934747898,0.106276519986711,0.128204445922406,0.0657114708461674
"Lcor","grey","grey",0.0162612789492575,0.0402838453628573,0.0486182678846866,0.0056863751705215,0.0579400477094633,0.0128072947547829,0.0208206019871254,0.0167129506000234
"Pgam1","turquoise","turquoise",0.349902182512537,0.246784303286623,0.260427646345962,0.143946601383331,0.044543855514216,0.165451013992903,0.248034195172802,0.0758756424564732
"Got1","blue","blue",0.225997627212825,0.242764456894882,0.181501901078774,0.0837225856447025,0.0772540496204036,0.0931434715241936,0.178604369547095,0.0246381040123639
"Chuk","grey","grey",0.0126431170583156,0.0479861395516426,0.0952425255861075,0.0682459740503254,0.0954074514435467,-0.00309048965082764,0.0618555044100145,0.0649017842028141
"Scd2","grey","grey",0.068923481121625,-0.0289559112577851,-0.0219458886875208,-0.0452802048022091,-0.0666495173632861,-0.0329188015702999,-0.0172032237176975,-0.0906930036449539
"Ndufb8","blue","blue",0.246456888144206,0.237640926882631,0.153415449118623,0.0410778504424527,0.0391474584863893,0.18120224217269,0.13267310533666,0.0104231958035307
"Slf2","black","black",0.03760081669188,0.0913561796540402,0.104950007590747,0.059233696879265,0.161303666154151,0.00726322243021551,0.0816129463902179,0.0502118979724522
"Btrc","grey","grey",0.0837996825006181,0.0910319968226749,0.13961406497705,0.0735852114807638,0.0838283386609582,0.0233955119735956,0.0906227502984583,0.0689136364539923
"Mgea5","grey","grey",0.104177748229683,0.0700346605520827,0.150915925486574,0.122414869495552,0.0612041766212883,0.0616054149934216,0.116947799734651,0.114010874915403
"Gbf1","grey","grey",0.0830034402871002,0.0982497758943192,0.103064329716258,0.035852280814661,0.0754834202910259,0.018806418880128,0.0753237350986351,0.0123928566644358
"Psd","grey","grey",0.0391786038909568,0.0299651272090916,0.0875925265490756,0.0800411369445776,0.0440051710494896,0.0621109986444027,0.0529260334218871,0.100258366564825
"Arl3","turquoise","turquoise",0.193188128969743,0.136455946718954,0.149439174283755,0.0727455682492385,0.0293590765920664,0.131479710465882,0.113323317049514,0.0576856160661345
"Nt5c2","grey","grey",0.0766043211341619,0.078415430571172,0.0758488639020691,-0.0137514448193314,0.0367168123513249,0.0297280381639849,0.0260880547811916,0.00444237118977956
"Ina","grey","grey",0.150588705264602,0.14908545948061,0.163345107136857,0.0903948359377159,0.0808275440123845,0.0952645930531112,0.13151184176538,0.0694779890951886
"Usmg5","blue","blue",0.041756014721318,0.102733906109202,-0.0508435537232736,-0.0455752824872892,-0.00811926488483481,0.258825988089654,-0.0231279003629992,-0.00748795305340644
"Smc3","grey","grey",0.106036936385116,0.0633345254419933,0.0987652301773209,0.0533489506349475,0.0144217393210256,0.0441540105201058,0.0744621721248013,0.037772667595543
"Bbip1","grey","grey",0.0761472338978483,0.0684013659575775,0.109377953444252,0.0811115682925983,0.0477131889734762,0.0586269591264987,0.079369055193921,0.0804901729688161
"Shoc2","grey","grey",0.119966314547141,0.10175167242465,0.134239466926488,0.0753510445219775,0.0487206283615658,0.0612383577030914,0.0982929497341635,0.0556429272303757
"Ccdc186","grey","grey",0.119914375259669,0.100540588926542,0.115613430023517,0.0808673620837125,0.037921011279794,0.0358066091275843,0.113664743493973,0.0334327424431405
"Ablim1","grey","grey",0.0533289509182991,0.0662136942047206,0.102054768688953,0.0944316652309598,0.0704771118479054,-0.00967136539710432,0.103852230576175,0.0488258246162984
"Atrnl1","grey","grey",0.0805030945392287,0.116335555194898,0.124399473361866,0.0585036684952653,0.0959362851114974,0.0270880329117692,0.09740780922659,0.0523891553036552
"Shtn1","black","black",0.0213532169340999,0.0623437486348825,0.0274706406452746,-0.0451119800579269,0.0836625997949172,0.0329254528052355,-0.00729065758500108,-0.0242437560280977
"Rab11fip2","grey","grey",0.0280777058890676,0.0215948646105245,0.0689029487119048,0.0495757484629052,0.0316006109027154,0.0446492981600365,0.0349146868478284,0.070257837376033
"Eif3a","grey","grey",0.110757514490502,0.0972562044826444,0.12341631762272,0.0596389179095976,0.0485887793086731,0.0659198267851207,0.0933236525980379,0.0553252248843685
"Zfp950","red","red",-0.0416298969208432,-0.0196407263509758,0.115625176934945,0.11540595688884,0.118194742617096,0.0473661279159352,0.0280491857301356,0.216583337562088
"AC149090.1","yellow","yellow",-0.0633946177830952,0.0218229549741197,0.141722594852941,0.201576596192653,0.165614386558394,-0.0789600215909382,0.116163175859355,0.186385003842032
