"","logFC","AveExpr","t","P.Value","adj.P.Val","B","Cell_type","SYMBOL"
"Tecr",0.697183716622691,8.82288159118347,5.5423579879783,7.20454677349834e-08,0.00026181322974893,6.13052199081951,"Glutamatergic","Tecr"
"Nap1l5",0.66210234578759,8.6552069042204,5.38958694728764,1.56208411619365e-07,0.000454129094259818,5.7264067168687,"Glutamatergic","Nap1l5"
"Fryl",-0.59946142922383,7.92976225909453,-5.25332107409831,3.07312864975122e-07,0.000744516634213061,6.09900539451217,"Glutamatergic","Fryl"
"Ndufb5",0.563709571871975,8.13366214968047,4.17988277210113,3.96600017926466e-05,0.00923079733259279,1.79707816049911,"Glutamatergic","Ndufb5"
"Osbpl1a",0.563302246889091,8.95580295479497,4.49706821421426,1.03149494431896e-05,0.00535493232522158,2.28253475483881,"Glutamatergic","Osbpl1a"
"Slc1a2",0.560768765266307,9.09586076678951,4.04908987686607,6.75644422722473e-05,0.0122764591608673,0.828360932068748,"Glutamatergic","Slc1a2"
"Sparcl1",0.534535453766155,8.55791493766374,4.14666642157625,4.54630470655046e-05,0.0101669361868335,1.3868159816782,"Glutamatergic","Sparcl1"
"Snx14",0.532564662952433,7.98170008050824,3.67659768143646,0.000286143984849384,0.02557997941654,0.20312566113128,"Glutamatergic","Snx14"
"Akr1a1",0.529576476019566,7.94608955414331,5.64216426022248,4.30828216529697e-08,0.000208750631849189,7.90806998333351,"Glutamatergic","Akr1a1"
"Gm47283",-0.516803513078288,7.6413753246824,-5.72908788620687,2.73814065075277e-08,0.000199008062496711,8.56471862967172,"Glutamatergic","Gm47283"
"Pcdh9",0.508420732504117,8.94752570435324,3.67597480035374,0.000286808933069038,0.02557997941654,-0.180030307903373,"Glutamatergic","Pcdh9"
"Dgkb",-0.497462731867833,8.37808222605231,-3.70682321356906,0.000255567745095103,0.0252740352155005,0.15048081900114,"Glutamatergic","Dgkb"
"Prepl",0.496455499597872,8.67425591420951,3.87924977537967,0.000132271908112523,0.0184875428492658,0.500185999682897,"Glutamatergic","Prepl"
"Peg3",0.4909698566877,9.16127743029201,3.62137267348,0.000351101737665552,0.0270728463193963,-0.391149665631812,"Glutamatergic","Peg3"
"mt-Nd4l",-0.489164893220543,7.54618210922966,-6.8143503237122,6.36118588842205e-11,9.24661980741029e-07,14.3245720118354,"Glutamatergic","mt-Nd4l"
"Klf6",0.48698551468387,7.765995672913,4.66175750698502,4.97404923361905e-06,0.00354149872739044,3.81713699548861,"Glutamatergic","Klf6"
"Fgf12",0.477204959905727,8.37409062075608,4.17777065889701,4.00068954288212e-05,0.00923079733259279,1.60659008457455,"Glutamatergic","Fgf12"
"Ppm1l",0.475015192925136,8.0645358623749,4.48401638890559,1.09192211089354e-05,0.00547316544963742,2.9384872718767,"Glutamatergic","Ppm1l"
"Stox2",-0.472530519935717,7.92811989830894,-4.88371490980722,1.80285018662057e-06,0.00232212623793627,4.5420129805167,"Glutamatergic","Stox2"
"Tmem59l",0.472013230396087,8.59103265289021,3.77306952544477,0.000198988389274695,0.0220064633997915,0.224029180801938,"Glutamatergic","Tmem59l"
"Sec61a2",-0.470942048582321,8.0757763911358,-4.2172796585477,3.39733459260551e-05,0.00866379923475679,1.9458529448146,"Glutamatergic","Sec61a2"
"Secisbp2l",0.464530979620569,8.09523543079967,3.91542832980703,0.000114854648127713,0.0173909079706712,0.929210058464737,"Glutamatergic","Secisbp2l"
"Scg5",0.460179878798538,8.6438627981581,3.49360181311668,0.000558343144604619,0.0332626063523473,-0.584519073684992,"Glutamatergic","Scg5"
"Anapc5",-0.459186900921837,7.95742570568378,-3.74419214201474,0.000222018402416297,0.02338593838785,0.412543038092527,"Glutamatergic","Anapc5"
"Exd2",-0.452722088270693,8.0020594271514,-3.58098500251915,0.000407131986737045,0.0287284978602412,-0.113391244715006,"Glutamatergic","Exd2"
"Micu2",-0.447960492272889,7.79390275485608,-4.38897572542836,1.64641697592991e-05,0.00630073160123854,2.71300245187201,"Glutamatergic","Micu2"
"Fgd4",-0.447403619980229,7.90011301195355,-4.02451941764192,7.45649464356654e-05,0.0128462442721802,1.36026051057596,"Glutamatergic","Fgd4"
"Mrpl9",-0.444566548353419,7.81242963345465,-4.33051621658009,2.11231103660697e-05,0.006816242050402,2.49121607661009,"Glutamatergic","Mrpl9"
"Ramp1",0.443471764701924,8.14817416843625,3.51828717906912,0.000511004240823563,0.0319375493267798,-0.332242424502069,"Glutamatergic","Ramp1"
"Smim12",0.443452372049624,7.84028514203745,4.34844770332967,1.95742174316011e-05,0.00661699592059893,2.57712496359096,"Glutamatergic","Smim12"
"Epb41l4b",-0.43908012494158,7.72343950567031,-4.69367278464785,4.30831257674727e-06,0.00354149872739044,3.94143531186903,"Glutamatergic","Epb41l4b"
"Ttr",-0.435485455172284,7.63834553593748,-4.32557223129805,2.15703862354494e-05,0.006816242050402,2.5128891313005,"Glutamatergic","Ttr"
"Dgkg",-0.435318097065158,7.76888042420939,-4.94293867624051,1.36680601790172e-06,0.0022075435862466,4.92423573299524,"Glutamatergic","Dgkg"
"Cpne7",-0.430324339914866,7.64851444705281,-5.21266579325645,3.75117332275848e-07,0.000759991113451936,6.17541561056996,"Glutamatergic","Cpne7"
"Gprasp1",-0.423168023857102,8.7243891332488,-3.29452426912478,0.00112028485718404,0.044811178948631,-1.12762327387187,"Glutamatergic","Gprasp1"
"Sdf4",0.419359749404189,7.9467872740687,3.78134039627849,0.00019282009814186,0.021897132395235,0.553290097089722,"Glutamatergic","Sdf4"
"Kantr",0.418406427975797,7.73292683981288,4.42242831998625,1.42595009999275e-05,0.0062810941374226,2.8800100358805,"Glutamatergic","Kantr"
"Trhde",0.417778580014449,7.91135042084662,3.28725690878365,0.00114842488583997,0.0449217710076645,-0.975790607405109,"Glutamatergic","Trhde"
"Dctn3",0.417428125869725,8.03906399025574,3.7957799605781,0.000182482188370845,0.0210420437818829,0.568822653002303,"Glutamatergic","Dctn3"
"Adgrl2",0.409950550057408,8.35154058426335,3.23209465232524,0.00138442413719585,0.0483893638412738,-1.18895655061665,"Glutamatergic","Adgrl2"
"Ccdc124",0.408491057135394,7.84017120551826,4.65547183113223,5.1163644245459e-06,0.00354149872739044,3.76839654746911,"Glutamatergic","Ccdc124"
"Rcan2",0.406997481569028,7.84607775248889,4.03081608849386,7.27079175014219e-05,0.0128462442721802,1.41730889545673,"Glutamatergic","Rcan2"
"Asph",0.406742092276911,8.1473910625715,3.57561375514887,0.000415187114589186,0.0289123785553522,-0.166136776211793,"Glutamatergic","Asph"
"Kif13b",0.402413953175135,7.74049521833661,4.62136148136035,5.95967820676901e-06,0.00376651662667801,3.66037858066678,"Glutamatergic","Kif13b"
"Lamp5",0.40219391265062,8.18288506819867,3.35397547462253,0.000913029008967259,0.0424018839436041,-0.818238307610128,"Glutamatergic","Lamp5"
"Ube4a",0.402152542424442,8.01069451070936,3.30373972295074,0.00108552338990227,0.0445663560715244,-0.923906099652184,"Glutamatergic","Ube4a"
"Gtpbp2",-0.401807649566816,8.01275078513517,-3.33380370040405,0.000978971525508197,0.0431222124084459,-0.839101103034642,"Glutamatergic","Gtpbp2"
"Srsf3",-0.398956145398937,8.05483039607082,-3.47484285135197,0.000597031058604818,0.0348531866179905,-0.438019697380728,"Glutamatergic","Srsf3"
"R3hdm4",0.39518250416377,7.93173136143361,3.30838528603806,0.00106838279639108,0.0444986026600023,-0.912273595216818,"Glutamatergic","R3hdm4"
"Galnt1",-0.394861087203076,7.6193642645136,-4.90913506606201,1.60132733698808e-06,0.00232212623793627,4.88192957162932,"Glutamatergic","Galnt1"
"Adcy2",0.393894773128894,7.99946151962606,3.28094005460433,0.00117341676328388,0.0450929669256633,-0.988771190029069,"Glutamatergic","Adcy2"
"Kcna1",0.393610744130028,8.01533020460772,3.29848151763082,0.00110523287389594,0.0445663560715244,-0.939336204140053,"Glutamatergic","Kcna1"
"Galt",0.392867409367691,7.7863553803364,4.67260523373091,4.73736419228449e-06,0.00354149872739044,3.85559935028454,"Glutamatergic","Galt"
"Msmo1",0.390552113771627,7.94061580750978,4.06177467561997,6.41997421746597e-05,0.0121195773019591,1.50443392371741,"Glutamatergic","Msmo1"
"Shisa9",-0.389622590475325,7.68554929000295,-5.19036233041202,4.18266985939425e-07,0.000759991113451936,6.05359029073972,"Glutamatergic","Shisa9"
"Hpca",0.388409064006291,8.40774301264538,3.34086800225679,0.000955389147190297,0.0429254124739534,-0.919256093473466,"Glutamatergic","Hpca"
"Mrs2",0.387303859303387,7.83600618618085,3.52153946560564,0.000505055640867488,0.0319195165028252,-0.274771938145443,"Glutamatergic","Mrs2"
"Hnrnpc",-0.386457650185764,7.96538725589241,-3.95824508492701,9.7050554167753e-05,0.0156144410595655,1.10581095734778,"Glutamatergic","Hnrnpc"
"Togaram1",-0.384536301570649,7.79656279276705,-4.23381239586917,3.17156674725821e-05,0.00866379923475679,2.13430423334625,"Glutamatergic","Togaram1"
"Ociad2",0.382388776388671,8.31703298698168,3.29834302283722,0.00110575646805617,0.0445663560715244,-1.00656497425727,"Glutamatergic","Ociad2"
"St6gal2",0.382001581088336,7.82292177330307,3.9564234936926,9.77513852793385e-05,0.0156144410595655,1.15928398498555,"Glutamatergic","St6gal2"
"Khdrbs3",0.381884894912241,7.89898656023187,3.62988894679269,0.000340252336591919,0.0268615976336117,0.0677333891211376,"Glutamatergic","Khdrbs3"
"Exosc9",-0.379970568320104,7.74755597814193,-3.66967694950154,0.000293614391091859,0.02557997941654,0.195067237508312,"Glutamatergic","Exosc9"
"Tbc1d30",0.378705455600494,7.7472777544114,4.74487987678061,3.41584477540937e-06,0.0035409715842837,4.15863216540304,"Glutamatergic","Tbc1d30"
"Psmc3",-0.376448994383948,7.95781952484902,-3.31748262592202,0.00103554361642535,0.0437839831109326,-0.884698497524275,"Glutamatergic","Psmc3"
"Rfx1",-0.375027652120118,7.65140054963418,-3.80115399872151,0.000178770247297047,0.0210420437818829,0.610348251471701,"Glutamatergic","Rfx1"
"Timm8b",-0.371152829548292,8.00612115551098,-3.37726905427323,0.000842039425768859,0.041533989326101,-0.712952209672412,"Glutamatergic","Timm8b"
"Pgam5",-0.368913308864578,7.74210189141457,-3.45002316488417,0.000652082094299464,0.0370290867902443,-0.504802189359596,"Glutamatergic","Pgam5"
"Hltf",-0.365232216564066,7.75693087672717,-3.55014802308783,0.000455456184833372,0.0299176999733711,-0.187700396633135,"Glutamatergic","Hltf"
"Agfg1",-0.364192169344896,7.74155573486829,-3.8192152361821,0.000166811438671535,0.0210420437818829,0.69011581477448,"Glutamatergic","Agfg1"
"Tomm5",0.363907034269297,7.9166290540586,3.61982664262641,0.000353105892805213,0.0270728463193963,0.0353735951036223,"Glutamatergic","Tomm5"
"Larp1",-0.362807392831711,7.61237216164758,-4.39731132661165,1.58860889551435e-05,0.00630073160123854,2.78880951899563,"Glutamatergic","Larp1"
"Nr3c1",0.36036597186664,8.09185229909694,3.22240778953335,0.00143024527832964,0.0490331258627352,-1.16021317497318,"Glutamatergic","Nr3c1"
"Arpc3",0.357190170203758,8.07471749987851,3.52207866903927,0.000504075706390831,0.0319195165028252,-0.295043245681642,"Glutamatergic","Arpc3"
"Nr2f1",-0.356061422126343,7.77717365539542,-3.89292830021546,0.000125411330781536,0.0181929575607991,0.93641681318439,"Glutamatergic","Nr2f1"
"Sox11",-0.355310871179086,7.72181144396147,-3.35454739376357,0.000911221173903076,0.0424018839436041,-0.798257143429145,"Glutamatergic","Sox11"
"Nrg1",-0.354157366809973,7.76731995324831,-3.56164525541892,0.000436841725267207,0.0293978301781672,-0.14977309846975,"Glutamatergic","Nrg1"
"Ssbp1",0.349378075948837,7.88838952079655,3.38354758415375,0.000823805392249164,0.0414272909949387,-0.692876151980268,"Glutamatergic","Ssbp1"
"Fbxo31",0.348539218407175,7.67537332702191,4.8705093315742,1.9170001964251e-06,0.00232212623793627,4.69503427135125,"Glutamatergic","Fbxo31"
"Plekhb2",-0.348525587325888,7.67826028083266,-4.35024405385126,1.94251896654958e-05,0.00661699592059893,2.60661186810462,"Glutamatergic","Plekhb2"
"Dock10",-0.345184724752579,7.59035376006688,-3.56303368933651,0.00043464276705409,0.0293858942413872,-0.205370500093037,"Glutamatergic","Dock10"
"Nln",-0.344944727569443,7.79720847592503,-3.72108952838076,0.000242231543905974,0.0246229211343863,0.362436015014416,"Glutamatergic","Nln"
"Ip6k2",0.344769580107989,7.7692718323119,3.56651334512647,0.000429177368950013,0.0293060862020844,-0.141286989451935,"Glutamatergic","Ip6k2"
"Mrpl42",0.343104955901731,7.89893156947854,3.34148732591253,0.000953347122572225,0.0429254124739534,-0.815601223739825,"Glutamatergic","Mrpl42"
"Specc1l",0.342601084882078,7.72538859501967,3.89731445841276,0.000123283800286506,0.0181015486966126,0.954283416265928,"Glutamatergic","Specc1l"
"Pdcd11",-0.338361018267938,7.60846226696142,-4.50999407039509,9.74823744821962e-06,0.00524816220545631,3.23286686507773,"Glutamatergic","Pdcd11"
"Btbd9",-0.338267633511298,7.85550700368244,-3.36070636931358,0.00089196294124329,0.0424018839436041,-0.757536476325671,"Glutamatergic","Btbd9"
"B230217C12Rik",0.337939795012625,7.98442500556464,3.29129997851404,0.00113268960645928,0.044811178948631,-0.958808262618501,"Glutamatergic","B230217C12Rik"
"Kcnh1",0.337733836580348,7.77516638084636,4.2604465493494,2.83772087431567e-05,0.00859356471438595,2.25930291432016,"Glutamatergic","Kcnh1"
"Tjap1",-0.336388206229785,7.55084208413357,-4.4604000149896,1.21000396137204e-05,0.00567374760725935,3.02812803311148,"Glutamatergic","Tjap1"
"Cd200",-0.335439186723482,7.90556404959497,-3.3010708628628,0.00109548593433015,0.0445663560715244,-0.930725506992373,"Glutamatergic","Cd200"
"Ddx18",0.334086570907152,7.77263034571063,3.21109714052639,0.00148552498793383,0.0496404395967956,-1.22111385113914,"Glutamatergic","Ddx18"
"Ranbp10",-0.332066313337435,7.59911579686576,-4.2544430226052,2.90990302672459e-05,0.00863231640744257,2.23599560054716,"Glutamatergic","Ranbp10"
"Clcn2",0.32924623090965,7.67276324406755,4.60933686034785,6.28769403292895e-06,0.00380824668594397,3.62297238155086,"Glutamatergic","Clcn2"
"Tnks1bp1",-0.327121055857029,7.55983370750349,-4.38280805803176,1.69048247419031e-05,0.00630073160123854,2.72372650476857,"Glutamatergic","Tnks1bp1"
"Plbd2",-0.32685963326803,7.58491536776951,-4.13353188707702,4.79740927634869e-05,0.0102762246337774,1.77894419857733,"Glutamatergic","Plbd2"
"Mettl22",-0.326229669900056,7.5687394303446,-4.64098419691261,5.45947130612577e-06,0.00360722158662928,3.76088137158643,"Glutamatergic","Mettl22"
"Fam105a",-0.326200827175923,7.65892874666267,-4.13647215338531,4.74007432854193e-05,0.0102762246337774,1.80360277459818,"Glutamatergic","Fam105a"
"Smarcad1",0.325989159539505,7.91436506452425,3.63229690597368,0.000337242372293682,0.0268615976336117,0.0751508319413325,"Glutamatergic","Smarcad1"
"Agl",-0.324573293820728,7.55828734910025,-4.66585226189489,4.88339815852236e-06,0.00354149872739044,3.86222537272391,"Glutamatergic","Agl"
"Zdhhc9",0.324291758881823,7.65643605389067,3.76945398991251,0.000201742957543941,0.0220064633997915,0.507391470860836,"Glutamatergic","Zdhhc9"
"Cldnd1",0.323211899222263,7.76508735180718,3.69266162652242,0.000269488648321899,0.0252740352155005,0.266455761194793,"Glutamatergic","Cldnd1"
"Wapl",0.323078051961868,7.78367971181581,3.40426385972109,0.00076622124360074,0.0406488759013882,-0.645526467441317,"Glutamatergic","Wapl"
"Vgf",0.32238702608393,7.89554307435879,3.44875225725236,0.00065502499384836,0.0370292175701558,-0.495397715304805,"Glutamatergic","Vgf"
"Smc2",-0.319897122654962,7.63377580673887,-4.12505950108256,4.96634107502851e-05,0.0104624251980601,1.75792555111327,"Glutamatergic","Smc2"
"B4galt6",-0.3185509679768,7.69941182018193,-3.2531457456178,0.0012895027618592,0.0470593987842178,-1.1134217931274,"Glutamatergic","B4galt6"
"Focad",0.31847817708452,7.7318489925912,3.83373707768553,0.000157749236221533,0.0201144113834755,0.736044592337,"Glutamatergic","Focad"
"Dag1",-0.31825456982101,7.76775186447134,-3.37087771596079,0.000860987208746994,0.0418572243021616,-0.739523295008476,"Glutamatergic","Dag1"
"Nov",-0.317128025077762,7.63435380100045,-4.4136416576883,1.48094682273852e-05,0.00630073160123854,2.85309391407058,"Glutamatergic","Nov"
"Cdc7",0.315682870526911,7.64820961841747,3.41909226653513,0.000727335533555508,0.0393031573076686,-0.632351807757507,"Glutamatergic","Cdc7"
"Sdc3",-0.31500895836778,7.63152006422358,-3.57604829599867,0.000414529920054557,0.0289123785553522,-0.147511261504318,"Glutamatergic","Sdc3"
"Ripor1",-0.314913788542562,7.6388219058213,-3.64730735122539,0.000319036815111563,0.0264230365798286,0.0876520160972678,"Glutamatergic","Ripor1"
"Pot1b",-0.314465063451298,7.59624728695645,-4.1330301083479,4.80725973511879e-05,0.0102762246337774,1.77967188108877,"Glutamatergic","Pot1b"
"Nnat",-0.313853737848688,7.57806490641803,-3.74099187565437,0.000224720153272689,0.0235002312803727,0.380742764337779,"Glutamatergic","Nnat"
"Akap10",0.312767344587339,7.66462206437391,3.51162395821396,0.000523397324865642,0.0322377267552838,-0.336858379590891,"Glutamatergic","Akap10"
"Ubr1",0.312304456045837,7.83973355253633,3.66943288793162,0.00029388116143108,0.02557997941654,0.194923427674439,"Glutamatergic","Ubr1"
"Zkscan14",-0.311964520739631,7.47669217554027,-4.71226157275467,3.96104529138592e-06,0.00354149872739044,4.04476399056188,"Glutamatergic","Zkscan14"
"Ppp1r37",-0.31117706985855,7.81566654340678,-3.77078630366093,0.000200723742327483,0.0220064633997915,0.522627497641307,"Glutamatergic","Ppp1r37"
"Smg9",-0.310710246109052,7.55834419760928,-4.73005555341952,3.65400204762353e-06,0.0035409715842837,4.12908848873046,"Glutamatergic","Smg9"
"Rexo2",0.308358914284262,7.8938034313947,3.42109287081277,0.00072223263662703,0.0391730358433228,-0.579761577402875,"Glutamatergic","Rexo2"
"Fap",0.307346841364072,7.55453378108858,4.24747435726377,2.99589062735497e-05,0.00866379923475679,2.21160292718932,"Glutamatergic","Fap"
"Elf2",-0.307193486966668,7.5750544466061,-4.23738445432791,3.12470703334968e-05,0.00866379923475679,2.16626154912819,"Glutamatergic","Elf2"
"Mphosph6",-0.306702782607214,7.55181591739775,-4.06680714606223,6.29095623421996e-05,0.0121195773019591,1.52210615061092,"Glutamatergic","Mphosph6"
"Gm31793",-0.306397771366981,7.6232487631237,-4.06193833564051,6.41573911267234e-05,0.0121195773019591,1.52415856345336,"Glutamatergic","Gm31793"
"Gm44643",-0.306009538949466,7.68832461485567,-3.90159671859102,0.000121239710015125,0.0179830655589782,0.9689676434291,"Glutamatergic","Gm44643"
"Pcdh20",-0.305856024906211,7.5404414440822,-4.40204296796862,1.55666562289415e-05,0.00630073160123854,2.79472342652668,"Glutamatergic","Pcdh20"
"Ccsap",0.305726554559651,7.80626800148799,3.24290217160034,0.00133491091424149,0.0476560529027784,-1.11798105714897,"Glutamatergic","Ccsap"
"Grin2b",-0.302806803621628,9.80312133170592,-3.31646302783787,0.00103917681434175,0.0437839831109326,-1.31339040999511,"Glutamatergic","Grin2b"
"Baz2a",-0.301092618325539,7.69858286483002,-3.36989105410316,0.000863947454701645,0.0418611340051437,-0.766423228515899,"Glutamatergic","Baz2a"
"Igfn1",-0.300307209541379,7.53073295583889,-4.22458878347995,3.29569146303406e-05,0.00866379923475679,2.10518677520887,"Glutamatergic","Igfn1"
"Bcl9",-0.299863679095685,7.59971771176361,-3.38946632904129,0.000806954183394217,0.0414272909949387,-0.753579530008786,"Glutamatergic","Bcl9"
"Ccdc82",0.299592337041042,7.66726883092622,3.5812634460516,0.000406718440602141,0.0287284978602412,-0.110762714827303,"Glutamatergic","Ccdc82"
"Fam57b",0.299544292083822,7.75272237687969,3.32170361050036,0.001020628125762,0.0437839831109326,-0.900926669828905,"Glutamatergic","Fam57b"
"Olfm3",0.297688807984582,7.8104312851634,3.63776624011691,0.000330498493674449,0.0268386933187251,0.0908768392457571,"Glutamatergic","Olfm3"
"Arhgef28",-0.297596191682516,7.52238817140434,-4.3886298775487,1.64885850362966e-05,0.00630073160123854,2.73772874121411,"Glutamatergic","Arhgef28"
"Vhl",-0.295962307496582,7.63404677553327,-3.61052695197154,0.000365390139491486,0.0271915113338755,-0.0305991303489046,"Glutamatergic","Vhl"
"Rps6kb2",0.295955317940283,7.73010575408649,3.21374803485196,0.0014723941845971,0.0495280585001402,-1.22393754048077,"Glutamatergic","Rps6kb2"
"Inpp4b",-0.295691562386054,7.6371852464185,-3.55632721394626,0.00044536125825912,0.0298330472352745,-0.199998242671001,"Glutamatergic","Inpp4b"
"Ankrd34a",-0.295610064023871,7.546866815563,-4.53375853636789,8.78342956959891e-06,0.00491061277783422,3.32128577911299,"Glutamatergic","Ankrd34a"
"Trappc2",-0.294957662162481,7.6808972946529,-3.39891878263212,0.000780707827897061,0.0412667963138607,-0.680628210266577,"Glutamatergic","Trappc2"
"Dus4l",-0.294541454624967,7.5963604642987,-3.90432934788397,0.000119952159317562,0.0179755112148461,0.952015722232153,"Glutamatergic","Dus4l"
"Vgll4",-0.294375315302302,7.58260074086045,-3.49826396924943,0.00054909918232606,0.0329822550177339,-0.419425596811009,"Glutamatergic","Vgll4"
"Cherp",-0.293661152583795,7.61910848321592,-3.71253080447312,0.000250151241183471,0.0250772306333995,0.298019241678922,"Glutamatergic","Cherp"
"Ctsd",0.291374397792152,7.75746542527448,3.24757996963179,0.00131399396829806,0.0472777631761897,-1.11913659688001,"Glutamatergic","Ctsd"
"Fhl1",-0.29131734522467,7.57580951118199,-3.67000558990581,0.000293255532638022,0.02557997941654,0.139305571127649,"Glutamatergic","Fhl1"
"Fdft1",0.290841667722751,7.76962288630344,3.85027957256294,0.000147994147741961,0.0192075261747959,0.794856486622883,"Glutamatergic","Fdft1"
"Kcnd3",-0.290138024631181,7.65176824113413,-3.3265954856476,0.00100359219577117,0.0437839831109326,-0.920922291374699,"Glutamatergic","Kcnd3"
"Tmem183a",-0.288951944411983,7.58457949701068,-3.65888719434099,0.000305628603782134,0.0258141855646249,0.106592684332152,"Glutamatergic","Tmem183a"
"Sppl3",-0.287521605602688,7.61163197315356,-3.85449789742315,0.000145599594371982,0.0190813757082412,0.78236895164626,"Glutamatergic","Sppl3"
"Slitrk3",-0.286797065320575,7.73215189331499,-3.22048272952851,0.00143951710452638,0.0491192972567969,-1.19656609761947,"Glutamatergic","Slitrk3"
"Nipal3",-0.284066516679149,7.59130009151457,-4.26557131239508,2.77746164426707e-05,0.00859003882150344,2.27722757536561,"Glutamatergic","Nipal3"
"Fbxo32",0.28373351228691,7.575514233409,3.38049741777643,0.000832617142824859,0.0414272909949387,-0.768484230710599,"Glutamatergic","Fbxo32"
"Nicn1",-0.283099191566359,7.82398505803611,-3.23305961024215,0.001379935014978,0.0483893638412738,-1.13036512460861,"Glutamatergic","Nicn1"
"Ica1l",-0.282846071953536,7.6430043309892,-3.72584019205054,0.000237938287051265,0.0243568376096985,0.352704826625892,"Glutamatergic","Ica1l"
"Cope",0.282778155217899,7.84502138061159,3.54901907103139,0.000457323595852329,0.0299176999733711,-0.189082572090411,"Glutamatergic","Cope"
"9230110C19Rik",-0.282171972932804,7.61048496852741,-3.83931464000914,0.000154394086635522,0.0198608180826013,0.728972540244754,"Glutamatergic","9230110C19Rik"
"Cntn2",0.277467552999812,7.66089571514894,3.2086537124092,0.00149772415866778,0.0498422215522071,-1.25902222647312,"Glutamatergic","Cntn2"
"Pttg1ip",-0.277431504852076,7.6125095939977,-3.39442338700023,0.000793089077851589,0.0413512740371272,-0.731366897111559,"Glutamatergic","Pttg1ip"
"Pitpnc1",0.276394561521961,7.59602574771749,3.24157526658067,0.00134090022270476,0.0476560529027784,-1.18353720070766,"Glutamatergic","Pitpnc1"
"Fbrsl1",-0.275305826105507,7.62226849306225,-3.76876933043591,0.000202268619557719,0.0220064633997915,0.490543834995614,"Glutamatergic","Fbrsl1"
"Trappc1",-0.274980403618505,7.75802274771468,-3.3406943254806,0.000955962522677773,0.0429254124739534,-0.827596331421113,"Glutamatergic","Trappc1"
"Med17",-0.274773432235794,7.67959789328575,-3.32269413249319,0.00101715705458991,0.0437839831109326,-0.915974304587982,"Glutamatergic","Med17"
"Mmd2",-0.274759775716737,7.62810067259865,-3.2762552939112,0.00119227685144531,0.0453585363807382,-1.08299631358785,"Glutamatergic","Mmd2"
"Arhgap6",-0.274397998430523,7.50181965334612,-4.2187734731953,3.37632067453978e-05,0.00866379923475679,2.0750602560458,"Glutamatergic","Arhgap6"
"Kmt2d",-0.273172155700733,7.61201794781894,-3.70608019310062,0.000256280953677428,0.0252740352155005,0.276372613871051,"Glutamatergic","Kmt2d"
"Glra3",-0.273065102477415,7.48745888243685,-4.73620121938688,3.55338869587147e-06,0.0035409715842837,4.14668271164915,"Glutamatergic","Glra3"
"4930453N24Rik",0.271290294683676,7.75096316690345,3.4994773474089,0.00054671695935228,0.0329822550177339,-0.356339628423267,"Glutamatergic","4930453N24Rik"
"Slc35b3",0.270708552704269,7.77148331087141,3.27609931181622,0.00119290962848937,0.0453585363807382,-1.03162961935771,"Glutamatergic","Slc35b3"
"Syt17",-0.269706248940665,7.59390996054252,-3.9978487416129,8.29427244306881e-05,0.0135466903631964,1.28600312015604,"Glutamatergic","Syt17"
"AI837181",-0.268303524761331,7.49391462172249,-4.37101251243007,1.77792456454307e-05,0.00631995254297834,2.66233733167876,"Glutamatergic","AI837181"
"Morn1",-0.265364569507174,7.61048731852315,-3.38753324445883,0.000812422153370117,0.0414272909949387,-0.756542526237835,"Glutamatergic","Morn1"
"Crat",-0.26536237440897,7.57265574901817,-3.51708589369427,0.000513218016815209,0.0319375493267798,-0.36386093353189,"Glutamatergic","Crat"
"Mt2",-0.265175215729776,7.48464602750796,-4.59797112557398,6.61365930854453e-06,0.00384544606836013,3.57194100303192,"Glutamatergic","Mt2"
"Donson",-0.265064567855619,7.53551481347411,-3.94095518187988,0.000103899317614947,0.0164160921831617,1.0597884729296,"Glutamatergic","Donson"
"2510009E07Rik",-0.263843583440123,7.58493372754523,-3.2451624025932,0.001324765931215,0.0475476483361513,-1.20152086860337,"Glutamatergic","2510009E07Rik"
"Adat1",-0.263689799881291,7.50885783403095,-4.47301032445504,1.14550603046159e-05,0.00555035855292987,3.0692706441535,"Glutamatergic","Adat1"
"Gm42722",-0.263588684883108,7.46765538170112,-4.42356699591893,1.41896802613042e-05,0.0062810941374226,2.86419881542754,"Glutamatergic","Gm42722"
"Gm44257",-0.263259744260186,7.54274573188279,-3.67273633498987,0.000290289638362547,0.02557997941654,0.134221822481843,"Glutamatergic","Gm44257"
"Cyth1",-0.262205025576594,7.62365136579172,-3.28636259493099,0.00115193281150736,0.0449217710076645,-1.05895852864273,"Glutamatergic","Cyth1"
"Dcn",-0.261546174010378,7.466979702596,-4.01943640474148,7.60968563592046e-05,0.0128621384190395,1.32102243577288,"Glutamatergic","Dcn"
"Zbtb17",-0.26136899046617,7.61211420893559,-3.21398652440924,0.0014712181517334,0.0495280585001402,-1.28018555987919,"Glutamatergic","Zbtb17"
"Prrt2",0.261038112760472,7.84383043987758,3.75445419681727,0.000213560257509893,0.0228258228173809,0.473736041914306,"Glutamatergic","Prrt2"
"Diaph1",-0.261022310294438,7.60447731280727,-3.35665555908243,0.000904586041566634,0.0424018839436041,-0.855132671167953,"Glutamatergic","Diaph1"
"mt-Nd2",-0.260898816919719,7.45103698675339,-4.33833023049691,2.04342437427086e-05,0.0067507310691821,2.52548690375072,"Glutamatergic","mt-Nd2"
"Nsun7",-0.260221179101386,7.6080650729981,-3.62482971616565,0.000346658939498158,0.0269467077248408,0.00352481684222283,"Glutamatergic","Nsun7"
"Cacna1g",-0.259980444492483,7.66873403428014,-3.21246123997092,0.00147875463601134,0.0495280585001402,-1.24322670408417,"Glutamatergic","Cacna1g"
"Gtf2ird1",0.259573904944068,7.5525166968969,3.38677124418205,0.000814587050792544,0.0414272909949387,-0.763990806696307,"Glutamatergic","Gtf2ird1"
"Islr2",-0.259432166132952,7.58187108887812,-3.42695230812143,0.000707478885867817,0.0389542162309643,-0.64595597970875,"Glutamatergic","Islr2"
"AI987944",-0.259066847140432,7.49619308128037,-4.01472645193236,7.75430093649322e-05,0.0129008824833119,1.31424980846578,"Glutamatergic","AI987944"
"2900026A02Rik",-0.258889020148179,7.614880056676,-3.72785605880506,0.000236138298127639,0.0243568376096985,0.34931989619246,"Glutamatergic","2900026A02Rik"
"Thpo",-0.258744549781282,7.50385165444506,-3.69609737162328,0.000266047083857789,0.0252740352155005,0.200028670439858,"Glutamatergic","Thpo"
"Efnb3",-0.258476528136783,7.51344412025532,-4.19613402941314,3.70852906592648e-05,0.00923079733259279,1.99152173412425,"Glutamatergic","Efnb3"
"Dbt",-0.257512586226779,7.50778311997537,-3.87143632220849,0.000136348868947962,0.0188758777050245,0.803501707171237,"Glutamatergic","Dbt"
"Mthfs",-0.257455304699616,7.53303411897052,-3.6976184731042,0.000264536676429173,0.0252740352155005,0.214682421411713,"Glutamatergic","Mthfs"
"Frmd4b",-0.254776124521079,7.50121262280416,-3.79720504337483,0.000181490821587613,0.0210420437818829,0.540199962550869,"Glutamatergic","Frmd4b"
"Pcdhb16",-0.253629465165516,7.49288758184159,-4.07627802366061,6.05481490561916e-05,0.0121195773019591,1.53843930894853,"Glutamatergic","Pcdhb16"
"Rab1b",0.253174833272952,7.70702282564152,3.33988086569762,0.000958652342997541,0.0429254124739534,-0.858655425140602,"Glutamatergic","Rab1b"
"Fam19a5",-0.252971603618409,7.54218922864046,-4.23531907529598,3.15172021069015e-05,0.00866379923475679,2.14933540538261,"Glutamatergic","Fam19a5"
"Gabra5",-0.252744804162476,7.64257503888991,-3.33662270244609,0.000969496743242942,0.0429254124739534,-0.896499595671461,"Glutamatergic","Gabra5"
"Trp53rkb",-0.252631004409968,7.61156840648058,-3.4416300494635,0.000671748247880475,0.037555894350733,-0.587252639505048,"Glutamatergic","Trp53rkb"
"Tex9",0.249149603888293,7.55035874515618,3.63204241544688,0.000337559299048919,0.0268615976336117,0.024531942456794,"Glutamatergic","Tex9"
"Lpcat1",-0.249141445573444,7.54669847360118,-3.67001970098506,0.000293240133318639,0.02557997941654,0.126678244603402,"Glutamatergic","Lpcat1"
"Orai2",-0.24891925111901,7.51780645872554,-3.87980940237292,0.000131984379022506,0.0184875428492658,0.837750651274855,"Glutamatergic","Orai2"
"Zdhhc3",0.24815468871375,7.74766787161366,3.38077224013578,0.000831819607468987,0.0414272909949387,-0.723876327293204,"Glutamatergic","Zdhhc3"
"Mcts2",-0.246768704721684,7.6106349625899,-3.54802486424102,0.000458974070862806,0.0299176999733711,-0.243650054583976,"Glutamatergic","Mcts2"
"Hcn3",-0.244836485596046,7.46931319016458,-4.37039819920012,1.78259531000352e-05,0.00631995254297834,2.6541747830382,"Glutamatergic","Hcn3"
"Sfxn2",-0.243967414211109,7.53231885160619,-3.62709552114629,0.000343775801453296,0.0268662637092748,-0.0233896266579885,"Glutamatergic","Sfxn2"
"Ubxn2a",0.243845263954908,7.68292243838366,3.357645234886,0.000901486742967118,0.0424018839436041,-0.807144628363383,"Glutamatergic","Ubxn2a"
"Hist1h4d",-0.243532699911558,7.54932891078049,-3.52186225751813,0.000504468792784707,0.0319195165028252,-0.361002675297041,"Glutamatergic","Hist1h4d"
"Cln8",-0.242703730219949,7.48190289953835,-4.18861954701643,3.82553338777684e-05,0.00923079733259279,1.95515084727051,"Glutamatergic","Cln8"
"Bud13",-0.242227221191168,7.56415537943691,-3.6892191116686,0.000272979053992404,0.0252740352155005,0.198354741953189,"Glutamatergic","Bud13"
"Ccdc130",-0.241565899619522,7.54281085267079,-3.22134910110276,0.00143533745341829,0.0490919181715019,-1.29800531353765,"Glutamatergic","Ccdc130"
"Nudt10",-0.240845976357578,7.47361781149961,-4.10486298877482,5.39220841223924e-05,0.0111973059257585,1.63914695621188,"Glutamatergic","Nudt10"
"Gm3055",-0.240011982245238,7.50987629103265,-3.64655512365886,0.000319926694967655,0.0264230365798286,0.0297641924880283,"Glutamatergic","Gm3055"
"Iqcj",0.239822582413113,7.63004141299542,3.44780224117014,0.000657232948066881,0.0370292175701558,-0.542392465047178,"Glutamatergic","Iqcj"
"Fgf5",0.238846460978355,7.4978042661124,3.55078339162747,0.000454408364664025,0.0299176999733711,-0.269719565266423,"Glutamatergic","Fgf5"
"Gpr45",-0.238404248879285,7.60346264541013,-3.35778363469599,0.000901054115630126,0.0424018839436041,-0.8489319005231,"Glutamatergic","Gpr45"
"Ctdnep1",-0.23575295861388,7.49354662756547,-4.02266942645441,7.51190673593366e-05,0.0128462442721802,1.34113900828704,"Glutamatergic","Ctdnep1"
"2700062C07Rik",-0.235473020958084,7.59778638509874,-3.27959080675081,0.00117881999392901,0.0450929669256633,-1.09274342757601,"Glutamatergic","2700062C07Rik"
"Hid1",-0.235160013589297,7.60159414299491,-3.57527181578536,0.000415704947583146,0.0289123785553522,-0.16186018293909,"Glutamatergic","Hid1"
"Sh2b1",-0.235029618403913,7.51880022031989,-3.64133353003539,0.000326168505389708,0.0267409431797471,0.0177353849577599,"Glutamatergic","Sh2b1"
"Glra2",-0.234570729833714,7.50726344237494,-3.80376197043496,0.000176994716759309,0.0210420437818829,0.565136531929569,"Glutamatergic","Glra2"
"Mov10",-0.233078631961563,7.5026229704025,-4.18196748859121,3.93204241439342e-05,0.00923079733259279,1.93551245729913,"Glutamatergic","Mov10"
"Dpyd",-0.232951544183569,7.55494407180336,-4.07960159186729,5.97396615207279e-05,0.0121195773019591,1.56993224360087,"Glutamatergic","Dpyd"
"Clmn",-0.232570175671024,7.52467596893294,-3.33992603524756,0.000958502798800389,0.0429254124739534,-0.949842352097487,"Glutamatergic","Clmn"
"Smim4",-0.231744551205453,7.51731960107098,-3.29044865747436,0.00113598612086068,0.044811178948631,-1.10222693259275,"Glutamatergic","Smim4"
"mt-Nd5",-0.2284503548007,7.45377854391807,-4.14687571898981,4.54240671247676e-05,0.0101669361868335,1.79204329071344,"Glutamatergic","mt-Nd5"
"Slc26a2",-0.228283081377484,7.49807204905365,-4.07424927604044,6.10467695149512e-05,0.0121195773019591,1.53215515732553,"Glutamatergic","Slc26a2"
"Gpr180",-0.227744533516779,7.52680356939997,-3.2320062767666,0.00138483594922743,0.0483893638412738,-1.27182519049339,"Glutamatergic","Gpr180"
"Sema6c",-0.226684494042738,7.48181028696949,-3.23366280942049,0.00137713570747683,0.0483893638412738,-1.29260167055553,"Glutamatergic","Sema6c"
"Gm10570",0.226470352567772,7.54609336161393,3.28006769042124,0.00117690761784405,0.0450929669256633,-1.09073920411583,"Glutamatergic","Gm10570"
"Dhrs4",-0.225758917424884,7.45613494387927,-4.03067725128841,7.27483851570931e-05,0.0128462442721802,1.36007184355345,"Glutamatergic","Dhrs4"
"Rfesd",-0.225702715740045,7.59811961526631,-3.24824474824022,0.00131104619271875,0.0472777631761897,-1.18533657307229,"Glutamatergic","Rfesd"
"Pbx3",-0.224942765027448,7.53424010047654,-3.27992354561649,0.00117748535622233,0.0450929669256633,-1.12579592732083,"Glutamatergic","Pbx3"
"Pnck",-0.224759191810506,7.54178058469117,-3.59118630680882,0.00039223595194426,0.02822545444288,-0.138791218282029,"Glutamatergic","Pnck"
"Ptpro",-0.224575468516294,7.50693524396477,-4.22636911000362,3.27137728599981e-05,0.00866379923475679,2.10482979016375,"Glutamatergic","Ptpro"
"Car12",-0.224322256034636,7.45330104312907,-4.01293110474501,7.81011047421193e-05,0.0129008824833119,1.29446167391214,"Glutamatergic","Car12"
"Pigl",0.222642657477717,7.55262551701932,3.48443632519226,0.000576942649586837,0.0342303606301807,-0.4540117233017,"Glutamatergic","Pigl"
"Nr4a2",-0.222190182600704,7.5424109817558,-3.46117544061473,0.000626783216329087,0.0360115447927257,-0.558738094335832,"Glutamatergic","Nr4a2"
"Ece2",-0.222120393608854,7.48968417433762,-3.86186847574183,0.000141503467493161,0.0190092251515883,0.76320877878733,"Glutamatergic","Ece2"
"Lpl",-0.221121611530684,7.48535959878329,-3.8004696369857,0.000179238949027325,0.0210420437818829,0.54725769245878,"Glutamatergic","Lpl"
"Tbc1d10b",-0.221024601383211,7.51928826820577,-3.36658215706842,0.000873944449069888,0.0422048389092355,-0.865484922820378,"Glutamatergic","Tbc1d10b"
"Ercc1",-0.218669775318413,7.59308681685086,-3.31851144304606,0.00103188955274783,0.0437839831109326,-0.975315702253802,"Glutamatergic","Ercc1"
"Gpatch11",-0.218472776935585,7.55568699736885,-3.51561316488476,0.000515944286580803,0.0319375493267798,-0.377337781886655,"Glutamatergic","Gpatch11"
"Bpnt1",-0.216864184440372,7.53282878794129,-3.30282753068336,0.00108891897937389,0.0445663560715244,-1.05667696164518,"Glutamatergic","Bpnt1"
"Gpc4",-0.216446054557696,7.47118122440624,-4.1831728339205,3.91253544923137e-05,0.00923079733259279,1.93156016348236,"Glutamatergic","Gpc4"
"Me2",-0.215868575074551,7.5625492730849,-3.48130906266754,0.000583420438836169,0.0344739817029372,-0.484141563857726,"Glutamatergic","Me2"
"Gadd45g",-0.215705601448813,7.4656075808384,-3.38732196304128,0.000813021880477063,0.0414272909949387,-0.825966512482728,"Glutamatergic","Gadd45g"
"Cdh13",-0.215652341639843,7.59753710551696,-3.2972579738542,0.00110986660002008,0.0445663560715244,-1.03610325192176,"Glutamatergic","Cdh13"
"Mrps6",-0.215547000854732,7.58555993589428,-3.21833315897673,0.00144993608585551,0.0493589483465942,-1.28157528558006,"Glutamatergic","Mrps6"
"Isg20l2",-0.214370183468651,7.49469541657609,-3.47017577689835,0.000607038767625457,0.0351550419370663,-0.550792493356136,"Glutamatergic","Isg20l2"
"Itgb3bp",-0.214298732235911,7.48763246129462,-3.4617169991757,0.00062557838570395,0.0360115447927257,-0.581049734652537,"Glutamatergic","Itgb3bp"
"Pias3",-0.21399069954781,7.4643667855933,-3.71592588450423,0.000246980862333465,0.0249313459366615,0.249309136616251,"Glutamatergic","Pias3"
"Suv39h2",-0.213223973035372,7.48413121812799,-3.70034734532638,0.000261847230645634,0.0252740352155005,0.204669399788499,"Glutamatergic","Suv39h2"
"Isoc2b",-0.212979100846626,7.4639714211793,-3.79575277820774,0.000182501147604868,0.0210420437818829,0.52393823475537,"Glutamatergic","Isoc2b"
"Trpc7",-0.212760329966208,7.48100366383961,-3.86143109955451,0.00014174345693463,0.0190092251515883,0.757760245551323,"Glutamatergic","Trpc7"
"Pcbd2",-0.211222712230074,7.4750008707302,-3.55331676538371,0.00045025289446186,0.0299176999733711,-0.291635615931288,"Glutamatergic","Pcbd2"
"Dgcr14",-0.210930749080474,7.49432071886,-3.31238924365427,0.00105381189226753,0.0441446964438062,-1.04582496857942,"Glutamatergic","Dgcr14"
"Cc2d1b",-0.208739143529924,7.52104684613109,-3.39216627344046,0.000799374518741933,0.0413512740371272,-0.784256758543188,"Glutamatergic","Cc2d1b"
"Klhl13",-0.208136318703956,7.45607445775227,-3.66069506657038,0.000303583798298837,0.0258141855646249,0.0595967442659084,"Glutamatergic","Klhl13"
"Zfp536",-0.206987587227558,7.46130565339146,-3.35839623915982,0.000899141483450688,0.0424018839436041,-0.916100116602776,"Glutamatergic","Zfp536"
"Fign",-0.206631164241005,7.49701821163422,-3.61274920213114,0.000362418685938104,0.0271552475195685,-0.0863919692534818,"Glutamatergic","Fign"
"Spink8",-0.206504734486586,7.46058515926845,-4.05507545080445,6.5956350804965e-05,0.0122764591608673,1.45072334229467,"Glutamatergic","Spink8"
"AC097366.1",-0.205728192521143,7.44269229461017,-3.68044372944825,0.000282070254261203,0.02557997941654,0.121128310576649,"Glutamatergic","AC097366.1"
"H1f0",-0.205698191495546,7.5557226611163,-3.25549082395923,0.00127931109967069,0.0468414764352976,-1.18581632789782,"Glutamatergic","H1f0"
"Kctd12",-0.205535928021631,7.47629476327796,-3.77137556471503,0.000200274513112694,0.0220064633997915,0.442272662074393,"Glutamatergic","Kctd12"
"C1ql2",-0.204798197783381,7.45416924954762,-3.86436283247582,0.000140142146944995,0.0190092251515883,0.760555630408096,"Glutamatergic","C1ql2"
"Rgs14",-0.204775605110942,7.50809980114279,-3.61924008702419,0.000353869069942577,0.0270728463193963,-0.059620027948986,"Glutamatergic","Rgs14"
"Zfp933",-0.204082840838529,7.50462192926135,-3.47720433202078,0.000592026327249734,0.0347842986678497,-0.523497173489966,"Glutamatergic","Zfp933"
"Glis3",-0.203972919201873,7.45646066193034,-3.85430292222706,0.000145709459522205,0.0190813757082412,0.725590499289483,"Glutamatergic","Glis3"
"Gm26514",-0.203182408154975,7.47116993788989,-3.53840204442303,0.00047524027019912,0.0307026336338418,-0.339439521920992,"Glutamatergic","Gm26514"
"Eaf1",-0.203169733080916,7.49884275633439,-3.30699584369223,0.00107348280378515,0.0445663560715244,-1.06055454691767,"Glutamatergic","Eaf1"
"Xlr3b",0.203044000085554,7.51257109957802,3.30009096534557,0.00109916507178509,0.0445663560715244,-1.04739352343778,"Glutamatergic","Xlr3b"
"Fcor",-0.202625197710213,7.4749943116432,-3.76062576675836,0.000208621061604162,0.0224630796405785,0.406284088344147,"Glutamatergic","Fcor"
"Slc24a5",-0.202592400310676,7.52221151599387,-3.50852509097044,0.000529256451344541,0.0324610623491318,-0.416552399580457,"Glutamatergic","Slc24a5"
"Plcd1",-0.201572665390131,7.44434251652233,-3.81601561148528,0.000168873292198488,0.0210420437818829,0.588149239303377,"Glutamatergic","Plcd1"
"Sox2",-0.199301250136701,7.44483906384183,-3.85997892993445,0.000142543033951784,0.0190092251515883,0.742801021439528,"Glutamatergic","Sox2"
"Tmem74",-0.198594297071923,7.52839554146254,-3.39478180921909,0.000792095224902255,0.0413512740371272,-0.774702076116672,"Glutamatergic","Tmem74"
"Col5a2",-0.197105741867739,7.44309825201461,-3.60820855126639,0.000368514566096138,0.0271915113338755,-0.121138658064329,"Glutamatergic","Col5a2"
"Grik1",-0.196969739119193,7.45929589085004,-4.05196632745396,6.6787049898055e-05,0.0122764591608673,1.43900611572601,"Glutamatergic","Grik1"
"Bcl7c",-0.196717861946174,7.47581173644899,-3.42788393711252,0.000705159207387025,0.0389542162309643,-0.691777936918162,"Glutamatergic","Bcl7c"
"Dok3",-0.195608649714202,7.49307189244671,-4.02681451116162,7.38829076575273e-05,0.0128462442721802,1.35535511151588,"Glutamatergic","Dok3"
"Zc3h3",-0.1949881294049,7.5377956664188,-3.39606063937826,0.000788558678991022,0.0413512740371272,-0.766891494826528,"Glutamatergic","Zc3h3"
"Fam126a",-0.193481886610305,7.49563651156461,-3.29329592888017,0.00112499565622777,0.044811178948631,-1.10116255497313,"Glutamatergic","Fam126a"
"Tvp23a",-0.19331686197753,7.49992324159753,-3.66132328989609,0.000302876263686721,0.0258141855646249,0.0767136935267176,"Glutamatergic","Tvp23a"
"Ppp1r14b",-0.191926009555029,7.4623960655691,-3.74897440918984,0.000218038174047806,0.0231343277223278,0.361596590512042,"Glutamatergic","Ppp1r14b"
"Tmem268",-0.191642342257665,7.47788887131827,-3.59932977916376,0.000380713997590279,0.0279497912574359,-0.138314405482999,"Glutamatergic","Tmem268"
"Arsk",-0.191585322800583,7.51198032233733,-3.5643613900176,0.00043254972004573,0.029381040797125,-0.239279358046378,"Glutamatergic","Arsk"
"Ndst4",-0.191459288031141,7.45384758055664,-3.93605130128201,0.000105923804450404,0.016556004532162,1.01597295994525,"Glutamatergic","Ndst4"
"Cald1",-0.191084742197082,7.46962117588522,-3.57260651593166,0.000419762119018818,0.0289178301519314,-0.229771685992056,"Glutamatergic","Cald1"
"Htr2c",-0.190824117267215,7.48838533764548,-3.37276909445533,0.00085533900171774,0.0418572243021616,-0.864989410150923,"Glutamatergic","Htr2c"
"Gm16001",-0.190623900028407,7.47093150562309,-3.6353174196353,0.000333502130841591,0.0268615976336117,-0.0197798268323162,"Glutamatergic","Gm16001"
"Gm15728",-0.190623765824192,7.45008829165698,-3.49911713745669,0.000547423146390069,0.0329822550177339,-0.47496044127668,"Glutamatergic","Gm15728"
"Gabrg1",-0.190239246963894,7.47275001673367,-3.42802909971862,0.0007047984052698,0.0389542162309643,-0.693530414123465,"Glutamatergic","Gabrg1"
"1700105P06Rik",-0.189994868246922,7.50805546918315,-3.20851465286206,0.00149842121755053,0.0498422215522071,-1.35424017747068,"Glutamatergic","1700105P06Rik"
"Amz1",-0.189406950817087,7.4525340633575,-3.80047169685091,0.000179237536536829,0.0210420437818829,0.535965054766573,"Glutamatergic","Amz1"
"Oxnad1",-0.189325549476496,7.48566677802668,-3.21268673492581,0.00147763820849124,0.0495280585001402,-1.35225616304999,"Glutamatergic","Oxnad1"
"Stard13",-0.189111413251818,7.44427103079342,-3.56635150492005,0.000429430129405887,0.0293060862020844,-0.259237868182256,"Glutamatergic","Stard13"
"Gm4285",-0.188312995536772,7.44168341213802,-3.69684798289474,0.000265300736494691,0.0252740352155005,0.176467850640722,"Glutamatergic","Gm4285"
"Hist3h2a",-0.188273894541598,7.46696133824563,-3.59151022669433,0.00039177145725678,0.02822545444288,-0.167004844112737,"Glutamatergic","Hist3h2a"
"Zcchc2",-0.188099209533057,7.4671236909473,-3.3834820933006,0.000823993673954754,0.0414272909949387,-0.835651017933791,"Glutamatergic","Zcchc2"
"Prox1",-0.187842384310413,7.47241698207473,-3.2864412831955,0.00115162375943803,0.0449217710076645,-1.13531629710788,"Glutamatergic","Prox1"
"Nr2f2",-0.187653709629344,7.45025751596216,-3.76799276919117,0.000202866407235282,0.0220064633997915,0.422732019993168,"Glutamatergic","Nr2f2"
"Prss22",-0.18682078606378,7.44163553328442,-3.6152319651737,0.000359125771467202,0.0271552475195685,-0.0982259240459946,"Glutamatergic","Prss22"
"Zfp715",-0.186504796195293,7.50048121934684,-3.36099470569959,0.000891070719072111,0.0424018839436041,-0.88949951423703,"Glutamatergic","Zfp715"
"Filip1",-0.186180476582018,7.44249884313084,-3.65620324249721,0.00030868823836641,0.0258141855646249,0.0392435318847255,"Glutamatergic","Filip1"
"Gm6569",-0.186134662494523,7.46568726336702,-3.3314273258728,0.000987025526617926,0.0432150694425246,-0.998414051725069,"Glutamatergic","Gm6569"
"Slc35e4",-0.186093429644643,7.44683788216825,-3.68550403868522,0.000276793592994354,0.0254650105554806,0.13948259256836,"Glutamatergic","Slc35e4"
"C130026L21Rik",-0.185920613826741,7.54395730914667,-3.29788688832191,0.00110748256401603,0.0445663560715244,-1.065185013697,"Glutamatergic","C130026L21Rik"
"Efcc1",-0.185028638620712,7.44211230006989,-3.50065732105828,0.000544409608532341,0.0329822550177339,-0.474310080202521,"Glutamatergic","Efcc1"
"Tshz2",-0.184993289106115,7.51234846807828,-3.2755541161415,0.00119512379153981,0.0453585363807382,-1.14971980556362,"Glutamatergic","Tshz2"
"Lacc1",-0.184815791288394,7.45635365442772,-3.59235394557964,0.000390564006614472,0.02822545444288,-0.168097624105255,"Glutamatergic","Lacc1"
"Gm2115",-0.184605597625841,7.46483736166419,-3.88653934773896,0.000128572686256086,0.0183228683080241,0.841513083571306,"Glutamatergic","Gm2115"
"Shisa6",-0.183797190512771,7.47503601690903,-3.37697277403783,0.000842909111942748,0.041533989326101,-0.856092986922173,"Glutamatergic","Shisa6"
"Znrf2",-0.183664888330177,7.48048980493062,-3.54820862568245,0.000458668589443036,0.0299176999733711,-0.304839154757816,"Glutamatergic","Znrf2"
"Pkp2",-0.183397841395855,7.49503212427479,-3.32346870734152,0.00101445038313197,0.0437839831109326,-1.01386342836184,"Glutamatergic","Pkp2"
"Crlf1",-0.183397494504474,7.44188071618277,-3.62894800213867,0.000341435377099454,0.0268615976336117,-0.0523725913162503,"Glutamatergic","Crlf1"
"Chst9",-0.18332368383989,7.44308145408907,-3.50463386507139,0.000536700776645373,0.0327793381904081,-0.46111382437233,"Glutamatergic","Chst9"
"Ovol2",0.182660007000258,7.59295753116975,3.21523026819748,0.00146509913294431,0.0495280585001402,-1.25843794684838,"Glutamatergic","Ovol2"
"A430105J06Rik",-0.182532800343171,7.50252588301222,-3.3377799028281,0.000965632126197468,0.0429254124739534,-0.963303122326241,"Glutamatergic","A430105J06Rik"
"Fkbp7",-0.182417230803905,7.51973627421533,-3.66014832804966,0.000304200827413659,0.0258141855646249,0.0797580463730041,"Glutamatergic","Fkbp7"
"Gm35835",-0.182260871727205,7.44872039031124,-3.80317368881539,0.000177393761542462,0.0210420437818829,0.544469222945256,"Glutamatergic","Gm35835"
"Primpol",-0.182236284068324,7.47390889895187,-3.38414123897833,0.000822100505473939,0.0414272909949387,-0.832012504151361,"Glutamatergic","Primpol"
"Kif9",-0.182183633995216,7.46816550024089,-4.06386629288057,6.36604825881815e-05,0.0121195773019591,1.48459351989361,"Glutamatergic","Kif9"
"Gm34354",-0.182020747776574,7.44582364768014,-3.64026889759991,0.000327455138001856,0.0267409431797471,-0.0132737822557809,"Glutamatergic","Gm34354"
"Tox3",-0.181617210259589,7.47017685507598,-3.72685688391487,0.000237028859967776,0.0243568376096985,0.287738393912919,"Glutamatergic","Tox3"
"Ccdc113",-0.181290700172652,7.4558197482803,-3.47652687639112,0.000593458040012846,0.0347842986678497,-0.546127408900807,"Glutamatergic","Ccdc113"
"9330185C12Rik",-0.180626055045651,7.43748061971417,-3.37966273463635,0.000835043771430726,0.0414272909949387,-0.861355743176211,"Glutamatergic","9330185C12Rik"
"Pacs2",-0.179351203491837,7.46724580212435,-3.31910228184283,0.00102979649084672,0.0437839831109326,-1.03626168499747,"Glutamatergic","Pacs2"
"Adra2c",-0.179154172296394,7.46493555541389,-3.89089468136097,0.00012640951524771,0.0181929575607991,0.857008119274593,"Glutamatergic","Adra2c"
"Cpne2",-0.179102715662204,7.43803140713122,-3.25166693399813,0.00129596834057624,0.0470593987842178,-1.25535881240156,"Glutamatergic","Cpne2"
"2510046G10Rik",-0.178951694270549,7.45461001984634,-3.58421737531815,0.000402355477157504,0.0286698000782425,-0.195250975787123,"Glutamatergic","2510046G10Rik"
"Marcksl1",-0.178820030916011,7.51264984628608,-3.22775242484332,0.0014047928984457,0.0487352495747177,-1.29298276214141,"Glutamatergic","Marcksl1"
"Ankfn1",-0.178136373171213,7.45615772594431,-3.81191390334728,0.000171551727714667,0.0210420437818829,0.576771533408613,"Glutamatergic","Ankfn1"
"3222401L13Rik",-0.177945497640153,7.44114849305209,-3.33250710504742,0.000983358324545763,0.0431845818900218,-1.00684031240684,"Glutamatergic","3222401L13Rik"
"Ccdc71l",-0.177059447542567,7.46024179015866,-3.43017787975817,0.00069947774314484,0.0389542162309643,-0.692726379351936,"Glutamatergic","Ccdc71l"
"Tsen54",-0.17701271563732,7.46048828143899,-3.28450137270507,0.00115926536899937,0.044936217076733,-1.1458123606039,"Glutamatergic","Tsen54"
"Necab2",-0.176899306023591,7.4554836699806,-3.42216707503048,0.000719506508465321,0.039171335606936,-0.719555008835456,"Glutamatergic","Necab2"
"Mtrr",-0.176753018008377,7.46669352851511,-3.93037747862904,0.00010831285759621,0.0167493159363672,0.998337549146516,"Glutamatergic","Mtrr"
"Slc26a4",-0.17640362512994,7.44097105489694,-3.58533899336905,0.000400710390977363,0.0286698000782425,-0.197664375391129,"Glutamatergic","Slc26a4"
"Enpp4",-0.176366744321104,7.51031843429792,-3.27067648593954,0.00121510352825769,0.0455225383679223,-1.16429915033531,"Glutamatergic","Enpp4"
"mt-Cytb",-0.175729601019113,7.43878502478711,-3.80682707161061,0.000174929285936879,0.0210420437818829,0.554432387201507,"Glutamatergic","mt-Cytb"
"Def8",-0.175096362195282,7.51302403887174,-3.37109746243276,0.000860329200530657,0.0418572243021616,-0.85566274429437,"Glutamatergic","Def8"
"Gm15283",-0.174346750180631,7.45591329968195,-3.33600942937974,0.000971550681338104,0.0429254124739534,-0.989059085381194,"Glutamatergic","Gm15283"
"Xylb",-0.17379043055743,7.47403459013451,-3.3929222999694,0.000797264032850931,0.0413512740371272,-0.804235524709993,"Glutamatergic","Xylb"
"Cnn3",-0.173185398710237,7.47706026761852,-3.31388784650885,0.00104840600291144,0.044045172422892,-1.04752668266157,"Glutamatergic","Cnn3"
"Prkd2",-0.173057191270605,7.47097126178126,-3.27262676444143,0.00120707786195614,0.0454161165260712,-1.17610191436091,"Glutamatergic","Prkd2"
"4930426I24Rik",-0.172242849141566,7.44256786185994,-3.25743323393923,0.00127092609973797,0.0466519742065434,-1.2343373222323,"Glutamatergic","4930426I24Rik"
"Lhfpl2",-0.170885184200595,7.43904399132477,-3.54617979142001,0.000462051883874204,0.0299838668928367,-0.327172386164583,"Glutamatergic","Lhfpl2"
"Nudt17",-0.170862271461244,7.44847975977759,-3.30288309432584,0.00108871186430365,0.0445663560715244,-1.09374121291738,"Glutamatergic","Nudt17"
"Ifngr1",-0.170645288508939,7.44277260115054,-3.3567591315176,0.000904261226332648,0.0424018839436041,-0.930978611468788,"Glutamatergic","Ifngr1"
"Lepr",-0.170432106044526,7.43938771064558,-3.57301691814824,0.000419134983879785,0.0289178301519314,-0.238878369798632,"Glutamatergic","Lepr"
"Lix1l",-0.169490489459594,7.45903096144116,-3.31657935129354,0.00103876171299518,0.0437839831109326,-1.04655566425985,"Glutamatergic","Lix1l"
"Fgf11",-0.169154483205118,7.43488343150183,-3.37191847154519,0.000857874920075557,0.0418572243021616,-0.886617494798061,"Glutamatergic","Fgf11"
"Pafah2",-0.168559022823035,7.44769464303217,-3.69570676476725,0.000266436254452644,0.0252740352155005,0.1743397051992,"Glutamatergic","Pafah2"
"Zfp641",-0.168138811492264,7.4600814193677,-3.33968658127888,0.000959295814107119,0.0429254124739534,-0.974914849040886,"Glutamatergic","Zfp641"
"Adpgk",-0.168125855714607,7.4903982286107,-3.25885960920298,0.00126480124190658,0.0465813340154407,-1.20839166563288,"Glutamatergic","Adpgk"
"Atn1",-0.168088582935147,7.47874305053992,-3.49679093425801,0.000552004257255632,0.0330203040471929,-0.4729073047909,"Glutamatergic","Atn1"
"Lamb1",-0.167976545798121,7.44937763329819,-3.68948212087401,0.00027271088973562,0.0252740352155005,0.1536581698357,"Glutamatergic","Lamb1"
"Fam20c",-0.167406631516001,7.46975482652777,-3.25262452012629,0.0012917782106324,0.0470593987842178,-1.23750612384711,"Glutamatergic","Fam20c"
"Ippk",-0.166879721188172,7.50423738687971,-3.42267204590446,0.000718228312133669,0.039171335606936,-0.699568101494433,"Glutamatergic","Ippk"
"Gm12758",-0.166866847463923,7.43398282432873,-3.41380402799985,0.000740986776054158,0.0397453275893847,-0.755192886286698,"Glutamatergic","Gm12758"
"Tmem150a",-0.166268392430062,7.44032611345173,-3.26247269237851,0.00124940907417643,0.0464486196987943,-1.22056571896627,"Glutamatergic","Tmem150a"
"Gm26901",-0.166101825886076,7.45197516412396,-3.45663834132338,0.000636962735768523,0.036452324122564,-0.610992994870237,"Glutamatergic","Gm26901"
"Cachd1",-0.165607125573641,7.46661066704923,-3.29322623619703,0.00112526348548567,0.044811178948631,-1.11763139915856,"Glutamatergic","Cachd1"
"Lipt2",-0.165542324744663,7.47153438383497,-3.66330656787178,0.000300652779320657,0.0258141855646249,0.0724805859021451,"Glutamatergic","Lipt2"
"Rsph10b",-0.165457980043608,7.44679405574107,-3.62860455013519,0.000341868159205982,0.0268615976336117,-0.0520309082785406,"Glutamatergic","Rsph10b"
"Gm17102",-0.16509980254721,7.46070168428668,-3.61277484901298,0.000362384525548438,0.0271552475195685,-0.0995233193073446,"Glutamatergic","Gm17102"
"Gm16536",-0.164915004367474,7.43333983974919,-3.39223738425778,0.000799175787409663,0.0413512740371272,-0.823466031750324,"Glutamatergic","Gm16536"
"Shpk",-0.16478528375461,7.45104163487671,-3.36279615086836,0.000885515173903416,0.0424018839436041,-0.907683976248255,"Glutamatergic","Shpk"
"Mirt1",-0.164739546964284,7.44588236550081,-3.60918010082321,0.000367202197775523,0.0271915113338755,-0.117059413403868,"Glutamatergic","Mirt1"
"Id4",-0.164665671276357,7.46562543640229,-3.92007465579344,0.000112782297300045,0.0172568786689837,0.961221647129255,"Glutamatergic","Id4"
"Mid1",-0.164384390140879,7.47578338383639,-3.65592851124957,0.000309003046797243,0.0258141855646249,0.0487931217381874,"Glutamatergic","Mid1"
"AC130815.3",-0.163950906071186,7.43992462079538,-3.59717923671002,0.000383725427671702,0.0280293106363611,-0.158797305061824,"Glutamatergic","AC130815.3"
"Ispd",-0.163494312915368,7.48288946176077,-3.69158103101986,0.000270579720606652,0.0252740352155005,0.17102821317263,"Glutamatergic","Ispd"
"Pccb",-0.162981859717394,7.48819618696617,-3.38255981308315,0.000826649433584903,0.0414272909949387,-0.832530359013777,"Glutamatergic","Pccb"
"Npas3",-0.162057385005471,7.45051347924757,-3.67685701714676,0.000285867563044531,0.02557997941654,0.111192146376669,"Glutamatergic","Npas3"
"Efcab2",-0.161649816598898,7.44568875957784,-3.21392593000495,0.00147151687060476,0.0495280585001402,-1.36435547184523,"Glutamatergic","Efcab2"
"Cep128",-0.161489956802282,7.43213035591852,-3.29761995419188,0.001108493853177,0.0445663560715244,-1.11776969605004,"Glutamatergic","Cep128"
"Gm10605",-0.160949333965601,7.43244024554416,-3.40753489624113,0.00075748006882755,0.0404806260311664,-0.775579572572195,"Glutamatergic","Gm10605"
"1110035H17Rik",-0.16033074435811,7.43312155854241,-3.40555109379631,0.000762770195056308,0.0406140203492252,-0.781590792067117,"Glutamatergic","1110035H17Rik"
"Kdelc2",-0.159036451308553,7.45772072147712,-3.53394593206883,0.000482954589291405,0.0310629553537162,-0.36007539181671,"Glutamatergic","Kdelc2"
"Klhl36",-0.158342901428679,7.43361079836222,-3.34667775077233,0.000936392457254378,0.0428031470397788,-0.965799966064149,"Glutamatergic","Klhl36"
"Eci1",-0.158192259140669,7.44394402532163,-3.34914033986211,0.000928446987707659,0.0428031470397788,-0.952987529250922,"Glutamatergic","Eci1"
"Dgka",-0.158043298817049,7.45623283357651,-3.27297187241357,0.00120566283306091,0.0454161165260712,-1.18275376970191,"Glutamatergic","Dgka"
"1700001L05Rik",-0.157659781608014,7.44844020390303,-3.52300385503529,0.000502398449405549,0.0319195165028252,-0.399818530338942,"Glutamatergic","1700001L05Rik"
"Fibcd1",-0.157465048893726,7.44379174458416,-3.24309228009704,0.0013340548490637,0.0476560529027784,-1.27908982063328,"Glutamatergic","Fibcd1"
"Slc25a15",-0.157252545337744,7.43289090068948,-3.3366291624313,0.000969475129379632,0.0429254124739534,-0.99725058775836,"Glutamatergic","Slc25a15"
"Rcn1",-0.156987225189254,7.45916686180965,-3.35486478160776,0.000910219351611438,0.0424018839436041,-0.92977976525824,"Glutamatergic","Rcn1"
"Prox2os",-0.156595917766602,7.44792575041437,-3.30190242881804,0.00109237271199488,0.0445663560715244,-1.09717951534784,"Glutamatergic","Prox2os"
"Dock11",-0.156579087321418,7.44045786574171,-3.3211352610597,0.00102262475889221,0.0437839831109326,-1.04222208804872,"Glutamatergic","Dock11"
"Gm26760",-0.155883434738067,7.46219541196501,-3.79383590112239,0.000183842842618267,0.0210420437818829,0.515201403954,"Glutamatergic","Gm26760"
"Spin2c",-0.155679300118787,7.4459463254308,-3.44244995555347,0.000669802937561098,0.037555894350733,-0.659964994808959,"Glutamatergic","Spin2c"
"Arsj",-0.155587552675411,7.45956640661296,-3.34670670586317,0.000936298667580827,0.0428031470397788,-0.954930767079333,"Glutamatergic","Arsj"
"Dlx6os1",-0.155576268558092,7.44361130831244,-3.22633762114021,0.0014114893293109,0.0488061246532197,-1.32958557070805,"Glutamatergic","Dlx6os1"
"Amotl1",-0.15544157450441,7.44820766273712,-3.61437679662614,0.000360256800697218,0.0271552475195685,-0.0990938440015716,"Glutamatergic","Amotl1"
"Cgref1",-0.154426672579305,7.45174766650197,-3.27230939747952,0.00120838050739437,0.0454161165260712,-1.18622093618449,"Glutamatergic","Cgref1"
"Panx1",-0.153977396452501,7.45741202547866,-3.41802392930824,0.00073007429393317,0.0393050368022687,-0.732169733278823,"Glutamatergic","Panx1"
"Kpna2",-0.153302263923364,7.46071466886739,-3.25997460158898,0.00126003255925206,0.0465813340154407,-1.22040910199256,"Glutamatergic","Kpna2"
"Zfp947",-0.15272575874307,7.43982049822065,-3.4716497624911,0.000603861230392106,0.0351109073799186,-0.568612932415255,"Glutamatergic","Zfp947"
"Ccnd3",-0.152181771483066,7.43331038825996,-3.26653046872699,0.0012323299250126,0.0459311481794441,-1.21219526657942,"Glutamatergic","Ccnd3"
"Nipsnap3b",-0.152129758899859,7.43910212964549,-3.44999991693274,0.000652135815788562,0.0370290867902443,-0.638206099497808,"Glutamatergic","Nipsnap3b"
"Tmem144",-0.151296160035534,7.43890275601668,-3.31662918623472,0.00103858392375736,0.0437839831109326,-1.05669406765245,"Glutamatergic","Tmem144"
"Sall2",-0.151022240514636,7.46686677964017,-3.3373831155691,0.000966955628130007,0.0429254124739534,-0.980003130907831,"Glutamatergic","Sall2"
"Pnmt",-0.150558886700861,7.42604812966393,-3.21427555402827,0.00146979406393473,0.0495280585001402,-1.37288745490401,"Glutamatergic","Pnmt"
"Tst",-0.150429057361465,7.43204269713348,-3.23749427433102,0.00135947738911437,0.0480811759809402,-1.30056809673246,"Glutamatergic","Tst"
"Gm9887",-0.149934740579505,7.43968711148186,-3.2976748563059,0.00110828578450357,0.0445663560715244,-1.1146342075251,"Glutamatergic","Gm9887"
"Rgs12",-0.149928247286066,7.45678214832979,-3.70041326526108,0.000261782583136003,0.0252740352155005,0.192689932685473,"Glutamatergic","Rgs12"
"Cenpu",-0.149919681682828,7.43219442784675,-3.32291636583891,0.00101637979635842,0.0437839831109326,-1.0399285513046,"Glutamatergic","Cenpu"
"Gm43137",-0.149598223396039,7.43152965430246,-3.27212487432615,0.0012091384903405,0.0454161165260712,-1.19588292930769,"Glutamatergic","Gm43137"
"Dleu7",-0.148935700711609,7.43880541464032,-3.29004739369028,0.00113754299890237,0.044811178948631,-1.13831859803174,"Glutamatergic","Dleu7"
"Gcc1",-0.148831123100947,7.45262803689255,-3.34821974237842,0.0009314098865814,0.0428031470397788,-0.952555680289632,"Glutamatergic","Gcc1"
"6530403H02Rik",-0.148782320565651,7.45851104975363,-3.28523750798499,0.00115636008576516,0.044936217076733,-1.14422942002999,"Glutamatergic","6530403H02Rik"
"Gm34961",-0.148592148371073,7.4315868767866,-3.32111858769921,0.00102268338789442,0.0437839831109326,-1.045713503142,"Glutamatergic","Gm34961"
"Wscd1",-0.147231899107835,7.47482700585911,-3.28616430982487,0.00115271192803102,0.0449217710076645,-1.13469440198991,"Glutamatergic","Wscd1"
"Toe1",-0.146967699847194,7.43326949462983,-3.23399493009223,0.0013755966616902,0.0483893638412738,-1.31062235198563,"Glutamatergic","Toe1"
"Elf1",-0.14421072789952,7.43312043127636,-3.23113344280126,0.00138890928332734,0.0484153125718135,-1.31929291398222,"Glutamatergic","Elf1"
"Tnfrsf12a",-0.142469889062243,7.43251032247662,-3.25862725013405,0.0012657971199848,0.0465813340154407,-1.23649752532114,"Glutamatergic","Tnfrsf12a"
"Kcng2",-0.142395825956795,7.43102858734942,-3.25115521737552,0.0012982126384474,0.0470593987842178,-1.2597228062757,"Glutamatergic","Kcng2"
"Zcchc12",-0.142307999073267,7.4464586924527,-3.51976731403581,0.000508288899582092,0.0319375493267798,-0.410934060472889,"Glutamatergic","Zcchc12"
"Gad2",-0.141926016038166,7.43620352971534,-3.24932181511026,0.00130628326347329,0.0472341629797207,-1.26318329576803,"Glutamatergic","Gad2"
"H2-DMa",-0.14125041661423,7.47365431352075,-3.38401502639037,0.000822462693142648,0.0414272909949387,-0.834497769702306,"Glutamatergic","H2-DMa"
"Dna2",-0.140288604535255,7.4316624266584,-3.23020942073871,0.00139323360753208,0.0484498653566657,-1.32265472684386,"Glutamatergic","Dna2"
"Xylt2",-0.139375472291673,7.45103774630331,-3.51540719944864,0.000516326643629146,0.0319375493267798,-0.42378142801921,"Glutamatergic","Xylt2"
"Megf11",-0.139355786317586,7.43622519631735,-3.29219954923913,0.00112921592326949,0.044811178948631,-1.13274709763449,"Glutamatergic","Megf11"
"Tada2b",-0.137054796259213,7.44626106685844,-3.42278581185839,0.000717940637563231,0.039171335606936,-0.722356675154676,"Glutamatergic","Tada2b"
"Gm12279",-0.136296409438601,7.45973097901495,-3.30909841293688,0.00106577399576453,0.0444986026600023,-1.07109250275026,"Glutamatergic","Gm12279"
"Dhx38",-0.136098398955657,7.45966140671759,-3.35922463411126,0.000896561142899336,0.0424018839436041,-0.916443472568385,"Glutamatergic","Dhx38"
"Dusp4",-0.13582997139533,7.43192502698564,-3.22359537124939,0.0014245530739657,0.0489534361304147,-1.34242335482316,"Glutamatergic","Dusp4"
"Gfra1",-0.135487392842254,7.46779372343665,-3.23774307767646,0.00135833800709807,0.0480811759809402,-1.28527583522273,"Glutamatergic","Gfra1"
"Pgbd1",-0.133938316959616,7.43628705850909,-3.26749267948029,0.00122831191750257,0.04589907977588,-1.20806835995162,"Glutamatergic","Pgbd1"
"Pde1c",-0.132152829550119,7.43977725535771,-3.28087778282557,0.00117366563091274,0.0450929669256633,-1.16595159066204,"Glutamatergic","Pde1c"
"Gpt",-0.131615388640994,7.43706355889575,-3.24162689075874,0.0013406667390564,0.0476560529027784,-1.28607523003712,"Glutamatergic","Gpt"
"Gm48159",-0.130617859901987,7.4384578551128,-3.25888560170697,0.00126468988472781,0.0465813340154407,-1.23333083284133,"Glutamatergic","Gm48159"
"Gm11639",-0.127872541758448,7.43812108074625,-3.22590327332171,0.00141355107863274,0.0488061246532197,-1.33298018290284,"Glutamatergic","Gm11639"
"Cyp2r1",-0.127746036361648,7.43966352046889,-3.2240398153562,0.00142242821275945,0.0489534361304147,-1.33796876658118,"Glutamatergic","Cyp2r1"
"Gm13889",-0.125734752118669,7.44594848149926,-3.35247420962379,0.000917790419626085,0.0424872660499515,-0.943232917037255,"Glutamatergic","Gm13889"
"Ipcef11",-1.10118630895933,7.70904606472451,-6.18442019105507,1.76911133888894e-08,0.000109773358578058,9.01847622930552,"GABAergic","Ipcef11"
"Kcnb21",-1.09342852388497,7.7521107073451,-6.22520445335572,1.47492745547734e-08,0.000109773358578058,9.06322848070018,"GABAergic","Kcnb21"
"Coro1b1",-1.07025107524737,7.81159776439012,-5.76954378299906,1.09641193411709e-07,0.000323654057613785,7.20311056408071,"GABAergic","Coro1b1"
"Dgkb1",-0.98185530972169,8.48468091111632,-3.70379307353585,0.000364946245775937,0.00267039086679209,-0.339379199516631,"GABAergic","Dgkb1"
"Wdr331",-0.914110567291981,8.09516990704372,-3.64318872747176,0.000448559142522506,0.00309084894986358,-0.194875385912265,"GABAergic","Wdr331"
"Specc1l1",-0.88375369125178,7.84384422614706,-5.03599520237281,2.40872412728273e-06,0.000323654057613785,4.4397692991128,"GABAergic","Specc1l1"
"mt-Nd4l1",-0.87898786560198,7.73629888606314,-5.31354199210725,7.65499060179538e-07,0.000323654057613785,5.57744533271498,"GABAergic","mt-Nd4l1"
"Slc35f41",-0.877294491091914,7.83363579923047,-4.60786832539351,1.32712286866624e-05,0.000323654057613785,2.93593120158685,"GABAergic","Slc35f41"
"Ints101",-0.858134852912055,7.79104331802559,-5.3466943984792,6.66248859886976e-07,0.000323654057613785,5.59778944349644,"GABAergic","Ints101"
"Cdk141",-0.854758119450747,8.38908038504058,-3.34974201064935,0.00118067074016654,0.00575721960136221,-1.15814074775163,"GABAergic","Cdk141"
"Ano31",-0.839850382326027,8.13579735956213,-4.08160848558248,9.6235895419509e-05,0.00106347948544622,0.913479000240916,"GABAergic","Ano31"
"Synj2bp1",-0.835376618742335,7.84234875477024,-4.66552417704506,1.05957864302456e-05,0.000323654057613785,3.14897374076615,"GABAergic","Synj2bp1"
"Pbx11",-0.825164111926889,8.31487731400025,-3.73112788796911,0.000332289404256044,0.00248117419182762,-0.171616337035214,"GABAergic","Pbx11"
"Maml31",-0.821763393508475,7.73606238304683,-5.15369544555881,1.48674754223262e-06,0.000323654057613785,4.9497916016231,"GABAergic","Maml31"
"Slc1a31",-0.819913935700516,7.76484545080769,-4.6937428760623,9.48503938447947e-06,0.000323654057613785,3.30335489188206,"GABAergic","Slc1a31"
"Celf21",-0.819257458657951,9.35410177779023,-2.94895619861965,0.00405668698331595,0.0148961440345021,-2.26242719566037,"GABAergic","Celf21"
"Grb21",-0.818334507717894,7.93626634101185,-4.44468978140329,2.48893214418166e-05,0.000436403434760858,2.33391416903127,"GABAergic","Grb21"
"Cds21",-0.812256684966135,8.04718563917425,-3.81942190053902,0.000244759209405019,0.00192610132448718,0.303331013408407,"GABAergic","Cds21"
"Dgat21",-0.804083930823963,7.73126906312207,-5.20517176091906,1.20185998457823e-06,0.000323654057613785,5.18658345506269,"GABAergic","Dgat21"
"Egr31",-0.799916063961486,7.73552149647093,-4.48077761284514,2.16813069535154e-05,0.00040179759431615,2.56370202522224,"GABAergic","Egr31"
"Negr11",-0.797193701940747,8.59101869416749,-3.26209058918628,0.00156027762434464,0.00721468244149616,-1.44770256787244,"GABAergic","Negr11"
"Hbb-bt1",-0.793001829718545,7.78235093498423,-4.74298348179812,7.81172134602991e-06,0.000323654057613785,3.4416026405728,"GABAergic","Hbb-bt1"
"Syne11",-0.792971365550196,8.82410920544301,-3.1510925411274,0.00220534121116273,0.00931940338655674,-1.75272599254509,"GABAergic","Syne11"
"Rnf42",-0.790404885003093,7.80442143421104,-4.68527025133424,9.80608459717481e-06,0.000323654057613785,3.21299818476669,"GABAergic","Rnf42"
"Grik31",-0.789512528002028,7.72631623975232,-5.66523174778486,1.72059132292604e-07,0.000323654057613785,6.84342592520926,"GABAergic","Grik31"
"Pcyox11",-0.787578817431479,7.77459380278235,-4.84091341050091,5.29336789189246e-06,0.000323654057613785,3.80722252588032,"GABAergic","Pcyox11"
"Palm21",-0.786340339799193,7.69938968456448,-5.23199770340815,1.07531627374945e-06,0.000323654057613785,5.29893687137826,"GABAergic","Palm21"
"C130073E24Rik1",-0.784769221213674,8.11568911040408,-3.03258985068578,0.00316283598750224,0.0121632459265271,-1.81659699498494,"GABAergic","C130073E24Rik1"
"Trim31",-0.783231364167252,7.79880213120924,-4.98632213325264,2.94783376711014e-06,0.000323654057613785,4.28964486968889,"GABAergic","Trim31"
"Chic21",-0.780568925437049,8.00190969552165,-3.27277806691334,0.00150852349014811,0.00702995738367935,-1.17692338355059,"GABAergic","Chic21"
"Cpne41",-0.779095160475264,7.86362530942409,-3.54306462123951,0.000627727685672291,0.003813069299654,-0.431738711238924,"GABAergic","Cpne41"
"2810403A07Rik1",-0.778829917046898,8.18514760953544,-3.56281005270406,0.000587751260151599,0.00367562896272477,-0.534189332676653,"GABAergic","2810403A07Rik1"
"Dhx401",-0.77613282429582,7.8423224832192,-4.65807413441557,1.0909492558357e-05,0.000323654057613785,3.09757811878469,"GABAergic","Dhx401"
"Scg51",0.774251668399026,8.59664905370808,4.14857893460412,7.53711756606371e-05,0.000913044815626616,0.999299381517843,"GABAergic","Scg51"
"Tgfb21",-0.771737873991059,7.65511630927315,-5.61701651460356,2.11654091672312e-07,0.000323654057613785,6.81884145398248,"GABAergic","Tgfb21"
"A830036E02Rik1",-0.767452672862699,7.81509553939328,-4.39015822964697,3.06232322870116e-05,0.000477430041057556,2.22503472183335,"GABAergic","A830036E02Rik1"
"Csnk1a11",-0.76300803472347,8.97131924301743,-3.1429072256541,0.00226162624448278,0.00951738951984783,-1.80207580045114,"GABAergic","Csnk1a11"
"Cdc371",-0.762763882056953,7.83781799688225,-4.53318191568987,1.77248944764617e-05,0.000381969836071009,2.7162585930584,"GABAergic","Cdc371"
"Dip2b1",-0.759901913192548,8.15233687956869,-3.76741555390724,0.000293211379515985,0.00223317917618493,0.0266926918380284,"GABAergic","Dip2b1"
"Sybu1",-0.759432194518478,8.19761408540401,-3.8457086628135,0.000223273590667125,0.00182890748734494,0.206593281523616,"GABAergic","Sybu1"
"Mecp21",-0.758365274762356,9.0687716671692,-3.0554620087365,0.00295231891256906,0.0114494617828069,-2.00060222007913,"GABAergic","Mecp21"
"Erp291",-0.753609064362704,7.90510670155123,-3.64458207881805,0.000446447528136674,0.00308486293105575,-0.132350964927145,"GABAergic","Erp291"
"Lars21",-0.749337993147247,9.1289883631603,-2.91788240851934,0.00444442267635388,0.0160335132016138,-2.28191671591079,"GABAergic","Lars21"
"Vrk11",-0.747573283208271,7.68208352041098,-4.96733631168167,3.18356780467085e-06,0.000323654057613785,4.32075007516917,"GABAergic","Vrk11"
"Gabra51",-0.746386284928994,7.78326874526292,-4.94530152142124,3.48024686534322e-06,0.000323654057613785,4.16050668224295,"GABAergic","Gabra51"
"Nrp11",-0.746315823890683,7.66791602365779,-5.4204796158101,4.88422672038259e-07,0.000323654057613785,6.03466271856688,"GABAergic","Nrp11"
"Rbmx1",-0.736053107337932,8.02858334986354,-3.69365636857415,0.00037781455794031,0.00272758961574614,-0.0583457252852337,"GABAergic","Rbmx1"
"Cbx31",-0.735918609394064,8.12748091968716,-2.933801969199,0.00424170537106482,0.0154843079201002,-2.01921773376292,"GABAergic","Cbx31"
"Exosc81",-0.734713843425904,7.80058568526657,-3.54884184545034,0.000615772618122209,0.00376440304970276,-0.42032973454064,"GABAergic","Exosc81"
"Map4k41",-0.733350408655121,7.84590978598222,-3.12777417574976,0.00236922480425385,0.00984334778064622,-1.55011736627618,"GABAergic","Map4k41"
"Trank11",-0.726971579973432,8.40089700536013,-3.04745107642045,0.00302452704391387,0.0117002433338439,-1.85385569352546,"GABAergic","Trank11"
"Cdkl21",-0.726031905245637,7.93337875917161,-4.08512273365159,9.50152665584842e-05,0.0010546864561635,1.18810249690609,"GABAergic","Cdkl21"
"Slitrk11",-0.725108590208452,7.9057703727469,-3.38117428227571,0.00106709103399714,0.00533975795641311,-0.877026935860359,"GABAergic","Slitrk11"
"Cask1",-0.718604677753969,7.96585976512155,-3.55828649195126,0.000596691038644213,0.00370061758599434,-0.385376193244832,"GABAergic","Cask1"
"Grin2b1",-0.717406541276549,9.5842231050053,-3.11430127095273,0.00246900959539984,0.0100790819338526,-1.98660324841392,"GABAergic","Grin2b1"
"Nlgn31",-0.715628738373363,7.99643196700287,-3.56327092462488,0.000586847601321753,0.00367260652163538,-0.380152204924789,"GABAergic","Nlgn31"
"Slc25a171",-0.715628316227864,7.82016293881134,-4.38872173990896,3.07903305954758e-05,0.000478232794355263,2.22808217519482,"GABAergic","Slc25a171"
"Zfp9581",-0.714239384279463,7.76078335716447,-3.68044011761769,0.000395240681530071,0.00281731008488695,-0.0311524988418777,"GABAergic","Zfp9581"
"Scg31",-0.711342312396849,8.06061943749841,-3.41228050896333,0.000964866881545808,0.00495612499999316,-0.828812548006098,"GABAergic","Scg31"
"Fbxo381",-0.711088745544676,7.75534987162551,-4.2394403672893,5.39004293969858e-05,0.000714641376940806,1.7453477455617,"GABAergic","Fbxo381"
"Rnf1261",-0.71021476682202,7.82866779993982,-4.20362443260783,6.15475279598488e-05,0.000780986525543684,1.61429675206469,"GABAergic","Rnf1261"
"Ost41",-0.708347225963355,7.93593362569947,-3.44277269506806,0.000873664840592286,0.00461369390287245,-0.706495361287617,"GABAergic","Ost41"
"Lias1",-0.706251946099596,7.92097105401932,-4.38748346668831,3.09350780734831e-05,0.000479880398614907,2.10792090340212,"GABAergic","Lias1"
"Ermp11",-0.704959130324752,7.88166259493254,-4.17347579106911,6.8784412088684e-05,0.000853056101656817,1.5019577052569,"GABAergic","Ermp11"
"Ift811",-0.704149469233093,7.78005105732516,-4.26593855754809,4.88405973114934e-05,0.000662417281568998,1.81113565997395,"GABAergic","Ift811"
"Suds31",-0.703934009508618,7.94804338885675,-3.5243337682748,0.000668015533197626,0.00399080201187814,-0.477145907855801,"GABAergic","Suds31"
"Txn21",-0.701973747746323,7.8929814069739,-3.88257999190304,0.000196148582706822,0.00169394844216538,0.580566043778364,"GABAergic","Txn21"
"Arhgef251",-0.699884145779098,7.72466322777767,-4.22474163673311,5.69210714057487e-05,0.000746712998039473,1.69641435820643,"GABAergic","Arhgef251"
"Rps22",0.699052244496686,9.02966510814291,3.10271582017635,0.00255792701698879,0.0103212350821566,-1.84881928022506,"GABAergic","Rps22"
"Numa11",-0.697846203800629,7.87603474947946,-3.90520203388816,0.000181096183485741,0.00159051920527817,0.627527048348386,"GABAergic","Numa11"
"Hsf11",-0.694588130385277,7.89336681106565,-3.68702030520661,0.00038647115288463,0.00277683028635158,-0.00557316354556114,"GABAergic","Hsf11"
"2900093K20Rik1",-0.694361274373949,8.08160274303155,-2.97487343053276,0.0037574297170563,0.0140548121120231,-1.94152241982035,"GABAergic","2900093K20Rik1"
"Efcab101",-0.693787038258534,7.62853909904937,-5.17171317483579,1.38022992107694e-06,0.000323654057613785,5.10368150838691,"GABAergic","Efcab101"
"Tshz11",-0.6929024288383,7.77140817568135,-4.91076648699236,4.00020416681977e-06,0.000323654057613785,4.01963828609896,"GABAergic","Tshz11"
"Pik3r31",-0.692475926234274,7.78636140612031,-4.66815145861012,1.04872592746088e-05,0.000323654057613785,3.18137631657747,"GABAergic","Pik3r31"
"Ubr41",0.691634940481402,7.93566414994806,3.55522574497685,0.000602812713777418,0.00371306403964428,-0.385097503636894,"GABAergic","Ubr41"
"Cdh181",-0.691162208557948,8.03151999163626,-3.4312679106066,0.000907077292204037,0.00473373809766699,-0.751455005814651,"GABAergic","Cdh181"
"Dars1",-0.679646809632754,7.79612832241055,-3.8127591426805,0.000250510422167553,0.00196159720731635,0.378783156085711,"GABAergic","Dars1"
"Rpl411",-0.677941781264341,8.4272771164331,-3.13620587458533,0.00230870004353532,0.00965556412224045,-1.6727136778046,"GABAergic","Rpl411"
"Stxbp51",-0.677205815790874,7.95060734065854,-3.75256052100338,0.000308648263121357,0.00232825822706945,0.176818447254578,"GABAergic","Stxbp51"
"Rbfox31",-0.676580063015773,7.9568161187604,-3.12866695765206,0.00236274698564913,0.00982990617596453,-1.54012448347705,"GABAergic","Rbfox31"
"Egr11",-0.676522166138115,7.7884408099989,-4.03872472474932,0.000112397343378051,0.0011614080194185,1.08741094420446,"GABAergic","Egr11"
"Pak31",-0.67392055328492,8.23607448136191,-3.23335291915156,0.00170780123532667,0.00769779270762524,-1.37435840751041,"GABAergic","Pak31"
"Ccdc821",-0.672398111101364,7.83056677132685,-4.03029797657784,0.000115865417444943,0.00119030615106933,1.05388611488196,"GABAergic","Ccdc821"
"Zfp9421",-0.67201981932464,7.74548366562238,-4.38262087818262,3.15098728219801e-05,0.000486970761794238,2.22919697292174,"GABAergic","Zfp9421"
"Zfp7881",-0.671703838954224,7.84404309926986,-3.12217404866126,0.00241023652388347,0.00996038470242886,-1.6006944995271,"GABAergic","Zfp7881"
"Ahi11",-0.671681165451016,9.59567749150774,-2.94086337739521,0.00415454514058257,0.0151953743573916,-2.31581841373155,"GABAergic","Ahi11"
"Copb21",-0.671424922948677,7.69476992512298,-5.09849179198928,1.86558640283686e-06,0.000323654057613785,4.80029352968049,"GABAergic","Copb21"
"Pibf11",-0.670562591693459,7.96450774445217,-3.84938290050789,0.000220417788492144,0.00182237492017822,0.445687654963531,"GABAergic","Pibf11"
"Erg281",-0.670478013344855,7.88427050094156,-3.62828697629174,0.000471743173125123,0.00320609681187447,-0.174021672441079,"GABAergic","Erg281"
"Abi21",-0.66970297823057,8.22058741256871,-2.81492611695912,0.00598599221056023,0.0204532388031532,-2.31696423575462,"GABAergic","Abi21"
"Actr1b1",-0.668232821941209,7.90966817534894,-3.93395584891765,0.000163552378197908,0.0014879679430704,0.733672802278274,"GABAergic","Actr1b1"
"Atp1b31",-0.666381584229281,7.9032899018796,-3.63780168611466,0.00045681263796067,0.00313380035217906,-0.145466178782654,"GABAergic","Atp1b31"
"Cacna1e1",-0.66585650175584,8.12802731326584,-2.42672971231777,0.0172166228077565,0.0484361489275752,-3.10182245517543,"GABAergic","Cacna1e1"
"Agap21",-0.664048537975499,7.75493433661886,-4.41957416396287,2.73879589051015e-05,0.000464065168230527,2.34309493011583,"GABAergic","Agap21"
"0610037L13Rik1",-0.664044704368182,7.78477041570166,-4.24362350407137,5.30693924269648e-05,0.000705885487694141,1.75919235433835,"GABAergic","0610037L13Rik1"
"Arhgap61",-0.663336429568539,7.70729736487041,-4.76719191103436,7.09798170704834e-06,0.000323654057613785,3.57756816053599,"GABAergic","Arhgap61"
"Ap4s11",-0.661702310261013,7.7698463182894,-3.99525846585146,0.000131417710332283,0.00129953688310839,0.947014964976586,"GABAergic","Ap4s11"
"Plppr11",-0.659715354313551,7.99548653125546,-3.2640626975677,0.00155060433534956,0.00718558618434952,-1.19512043781709,"GABAergic","Plppr11"
"Gga11",-0.659338257799105,7.73420601583951,-3.93606186915926,0.000162333404645447,0.0014816623559923,0.752306011722588,"GABAergic","Gga11"
"Esyt21",-0.658808612931033,8.00635541432513,-3.45861000205994,0.000829563502278853,0.0044857878271375,-0.711982134979556,"GABAergic","Esyt21"
"Slitrk41",-0.657725234564001,7.986825653253,-3.8788466041132,0.000198744887883406,0.00171160586997437,0.475397199693778,"GABAergic","Slitrk41"
"Wdr531",-0.6570961430877,7.67592965652576,-4.89458839394922,4.26909825429171e-06,0.000323654057613785,4.05486100333984,"GABAergic","Wdr531"
"Dlg11",-0.65611259272668,8.05824670631265,-2.84375399250145,0.00551115181826469,0.0191043000180628,-2.22933203998652,"GABAergic","Dlg11"
"Htatsf11",-0.655713780574782,7.89005080438817,-2.7409329605364,0.00738124462565341,0.024271660255527,-2.51862880540069,"GABAergic","Htatsf11"
"Cd631",-0.65418579286133,7.76566836984647,-3.82581649342061,0.000239358036487192,0.00188958857048731,0.411345344465722,"GABAergic","Cd631"
"Rbm4b1",-0.652357465939706,7.86451075693188,-3.63341076672487,0.00046364632545,0.00316493448780776,-0.161127770613175,"GABAergic","Rbm4b1"
"Dync1i11",-0.650165163837585,8.52925774179284,-2.59676993759109,0.0109815206580693,0.0335253804099975,-2.80543377803929,"GABAergic","Dync1i11"
"Pcbp31",-0.649404713335987,7.8800923691741,-3.16712376214634,0.00209886682819161,0.00895428129475915,-1.4589785252365,"GABAergic","Pcbp31"
"Pitpnm21",-0.647909126153273,7.93058434772712,-3.92231952686883,0.000170446918709089,0.00151957346349123,0.639566985705658,"GABAergic","Pitpnm21"
"C1ql31",-0.647037422361974,7.82231724191739,-3.19362640576994,0.00193329480910918,0.00844795372572003,-1.37341309336235,"GABAergic","C1ql31"
"Zfp1481",0.645081894345564,8.24042864726534,4.08862238780674,9.38144827897671e-05,0.0010508705576642,1.060732108525,"GABAergic","Zfp1481"
"Atp2b21",0.644763292323795,8.71944886692669,2.87447506953022,0.00504336117098244,0.017765572560855,-2.25072135139352,"GABAergic","Atp2b21"
"Chn11",-0.643188497582234,8.9814261162376,-2.63663046852079,0.00985351786143141,0.0306548399750223,-2.78259107792833,"GABAergic","Chn11"
"Zfhx41",-0.642533178107175,7.67471391568561,-5.16248687915741,1.43380712655469e-06,0.000323654057613785,5.05385126013611,"GABAergic","Zfhx41"
"Bmp11",-0.641315375449297,7.76778337565478,-4.68764914450395,9.71489335835959e-06,0.000323654057613785,3.265748311605,"GABAergic","Bmp11"
"Pdk31",-0.64125563512052,7.85859214405756,-3.92974427946163,0.000166016361478487,0.00148943966769118,0.734340890647921,"GABAergic","Pdk31"
"Ncor21",-0.640465819180728,7.98245387556344,-3.16468702521752,0.0021147359541356,0.00901541504322322,-1.4480784107509,"GABAergic","Ncor21"
"Stx61",-0.639700055490915,7.83885533916538,-3.96622738327124,0.00014579931932225,0.00139815557420331,0.854908414438897,"GABAergic","Stx61"
"Ccdc391",-0.638411089249391,7.74900545538942,-5.13256149632779,1.6219499923001e-06,0.000323654057613785,4.83799094711313,"GABAergic","Ccdc391"
"Polr2b1",-0.63831000744443,7.79306615308362,-4.58389368624935,1.45671616129859e-05,0.00033727327540514,2.87807630072812,"GABAergic","Polr2b1"
"Cers61",-0.637883908502788,8.2583658414128,-2.92295072980476,0.00437893489749729,0.0158757178141809,-2.09078185686472,"GABAergic","Cers61"
"Rpl111",-0.636701163631548,8.64877336835889,-2.63314692946004,0.00994773970410502,0.0308783015827772,-2.75094897707584,"GABAergic","Rpl111"
"Camk2a1",-0.635909463704685,8.40500473884392,-2.65095867981828,0.00947441429279022,0.029758917077582,-2.68471374697334,"GABAergic","Camk2a1"
"Wnk11",-0.635348409694176,8.17600441427006,-3.26005723390788,0.00157031045773503,0.0072334005809471,-1.28853956110309,"GABAergic","Wnk11"
"Ift741",-0.634980215277049,7.68195830726211,-4.30958324330329,4.14888919284022e-05,0.000600790138659826,1.97160620809189,"GABAergic","Ift741"
"Chpt11",-0.634307505339462,7.96277606001113,-4.17735890484013,6.78083423069456e-05,0.000844881052238148,1.33044314108873,"GABAergic","Chpt11"
"Tfdp21",-0.634227870484168,7.92667553877045,-3.26512905145653,0.00154539723071478,0.00717216889796948,-1.19086906962216,"GABAergic","Tfdp21"
"Cblb1",-0.633147866684489,7.85909977792663,-4.1881979380814,6.51537966234984e-05,0.000818379166090703,1.49989393374399,"GABAergic","Cblb1"
"Snrpn1",0.633113988779314,8.870350638928,2.934846726947,0.00422870434087206,0.0154484017869362,-2.16267970961968,"GABAergic","Snrpn1"
"Plpp51",-0.632234653959395,7.74426636247421,-4.19679307032531,6.31201538114527e-05,0.000796867862461982,1.6019836065913,"GABAergic","Plpp51"
"Slc25a41",0.631822576127398,8.82005238012478,2.82475914604187,0.00581997003740753,0.0199684346597256,-2.37396206216658,"GABAergic","Slc25a41"
"Fam220a1",-0.631568294432419,7.69993695831896,-4.81925884033996,5.77112568835236e-06,0.000323654057613785,3.7758747483807,"GABAergic","Fam220a1"
"Htr2a1",-0.63086280684132,7.77340754039379,-4.22834942878716,5.61649083838979e-05,0.000739137341510257,1.70246259721306,"GABAergic","Htr2a1"
"Zc3h12b1",-0.6301636379805,7.92298242712209,-3.54013182375272,0.000633880330536719,0.00384479711728284,-0.42991358410687,"GABAergic","Zc3h12b1"
"Pdgfc1",-0.63013161058494,7.64587828760338,-5.14271375459573,1.55556620788004e-06,0.000323654057613785,4.98765780747786,"GABAergic","Pdgfc1"
"Gm374941",-0.629713489165225,7.80153112289476,-3.32794097838274,0.00126601496270605,0.00611808632678431,-1.05111826534014,"GABAergic","Gm374941"
"Abhd121",-0.62950428235362,8.25603612282461,-3.25573553402232,0.00159183515927978,0.00729599715650898,-1.32948948555933,"GABAergic","Abhd121"
"Pfkp1",-0.629076981594475,8.25223690231365,-2.8827238459801,0.00492412555707277,0.0174246929464708,-2.17648755545019,"GABAergic","Pfkp1"
"Mysm11",-0.629047747628995,8.1005528565563,-2.7617618437546,0.00696115305257454,0.0232122487494392,-2.41183048780488,"GABAergic","Mysm11"
"Celf11",-0.628492901272694,8.1739827676271,-2.95940385063609,0.00393349922123722,0.0145628655535662,-1.98929223919218,"GABAergic","Celf11"
"Cdc401",-0.628341628360582,8.00040563797829,-2.89255826442482,0.00478535900857595,0.0170258902799391,-2.12083565726524,"GABAergic","Cdc401"
"Chchd101",0.628287180062269,8.59241631569813,3.15426906467527,0.00218385198601893,0.00923708355367924,-1.58529495377899,"GABAergic","Chchd101"
"Sik21",0.628211648665475,7.96307546217839,3.66121900487942,0.000421952136139892,0.00297693349033318,-0.0844101390963541,"GABAergic","Sik21"
"Hook11",-0.627266560888419,8.04579600751984,-3.36445138925449,0.00112617371507273,0.00557092342857996,-0.9753036527467,"GABAergic","Hook11"
"Cpne61",-0.62294464620168,7.88463565541719,-3.76000618795883,0.000300816716239108,0.00227908147040741,0.16224849410818,"GABAergic","Cpne61"
"Nmt11",-0.622630918310144,7.89184310093901,-3.40095258542813,0.00100097702836244,0.00509403745639405,-0.82364694331541,"GABAergic","Nmt11"
"Cpa61",-0.622461160793737,7.66982608322861,-3.52819658779601,0.00065951211202542,0.00396154177649345,-0.53637218171291,"GABAergic","Cpa61"
"Rpl131",-0.622222528755255,9.18079234512439,-2.57680251098406,0.0115893363502112,0.0350572427875283,-2.90946420634669,"GABAergic","Rpl131"
"Eif3m1",-0.622130520216031,7.94875856142483,-2.95344555676233,0.00400332332629496,0.0147641136639883,-1.98972913492165,"GABAergic","Eif3m1"
"Cycs1",0.620764553515382,8.5894939850513,3.24167610279082,0.00166378511646872,0.0075466276664389,-1.40066214396906,"GABAergic","Cycs1"
"Schip11",-0.620685395673716,8.08077989378254,-2.93427775648136,0.00423578008136292,0.0154696971188092,-2.02623417680861,"GABAergic","Schip11"
"Apoo1",-0.620358812352959,8.0444521602925,-2.86233573151531,0.00522366610089432,0.0182762042041439,-2.18924290831425,"GABAergic","Apoo1"
"Peg31",0.619747313203613,9.373553434781,2.71778165914793,0.00787521000136962,0.025550681337777,-2.66174428414613,"GABAergic","Peg31"
"Ankrd171",-0.619400798671894,8.52007719090639,-2.68371124000119,0.00865701984242163,0.027689076351663,-2.63820953829166,"GABAergic","Ankrd171"
"Car111",-0.618595395754645,7.96641334338552,-2.76576643296284,0.00688293219268567,0.0230110960428958,-2.43376445082623,"GABAergic","Car111"
"Rps291",-0.614648078337691,8.40366088485434,-2.61916060654383,0.0103343067406879,0.0318393114826059,-2.74503246294088,"GABAergic","Rps291"
"Sema4d1",-0.614151569699065,7.68830472639963,-4.81963288217799,5.76252792024826e-06,0.000323654057613785,3.77943680146581,"GABAergic","Sema4d1"
"Pcdh11",-0.613564620457379,7.74477886331006,-4.98545215021491,2.95825345745796e-06,0.000323654057613785,4.33466360819266,"GABAergic","Pcdh11"
"Rlf1",-0.613099317690562,8.02070936411765,-3.20506666057947,0.00186566048867959,0.0082073189168783,-1.34713867981151,"GABAergic","Rlf1"
"Elk11",-0.612566621115037,7.77044966414921,-4.85463595923559,5.01077686128936e-06,0.000323654057613785,3.82624252009336,"GABAergic","Elk11"
"St71",-0.611655110038912,8.0517587743882,-2.54912377202104,0.0124820772930182,0.0372004272829866,-2.86323979077072,"GABAergic","St71"
"Tcerg11",-0.609947498310791,7.90884237510274,-3.43202268437573,0.000904848872586635,0.00472799491376578,-0.733719182915589,"GABAergic","Tcerg11"
"Gm46311",-0.609037023275977,7.69122476698283,-3.34943902019766,0.00118181890892394,0.00576055485457425,-1.03356006060168,"GABAergic","Gm46311"
"Wdr45b1",-0.608911058410024,7.68040826087598,-4.63209658605182,1.20754356288066e-05,0.000323654057613785,3.10293601630096,"GABAergic","Wdr45b1"
"Sh3gl11",-0.608399754090231,7.97694709037375,-2.92012937455547,0.00441527908402301,0.0159608544808405,-2.05764789189453,"GABAergic","Sh3gl11"
"Nek12",0.606707336978422,8.04663528444354,2.99411116718764,0.00354863426779084,0.0133977947256721,-1.8754819644219,"GABAergic","Nek12"
"Pde1a1",-0.604795801437799,7.9294285079317,-2.76840146031863,0.0068319014829763,0.0228589639805166,-2.39966689874593,"GABAergic","Pde1a1"
"Mat2a1",-0.604134963002695,8.75318450547037,-2.56714625462037,0.0118940258324371,0.0357496675012013,-2.88416528602116,"GABAergic","Mat2a1"
"Zc3h151",0.602888248296082,8.34646468203925,3.26643844161673,0.00153902574881237,0.00714794518815925,-1.23006965481988,"GABAergic","Zc3h151"
"Chst91",-0.60285755395434,7.65992042020965,-3.69379174922933,0.000377639889344119,0.00272758961574614,-0.042446599992811,"GABAergic","Chst91"
"Kif2a1",-0.602130292351815,8.04195712962171,-2.50430871238644,0.01405936033871,0.041014730090125,-2.98512784260063,"GABAergic","Kif2a1"
"Pvalb1",0.600969813890095,8.1915922956458,3.5454239899684,0.000622819060349031,0.00379027819363775,-0.47114677595025,"GABAergic","Pvalb1"
"Rnf1651",-0.600819295562215,7.8030010066431,-3.18258755335991,0.00200071961957674,0.0086350302880231,-1.44845692276587,"GABAergic","Rnf1651"
"Epb41l4aos1",-0.600733472867802,7.74438092104869,-4.03926469742875,0.000112178541541838,0.00116011308377851,1.08251961496356,"GABAergic","Epb41l4aos1"
"Cfap541",-0.600353502058566,7.63103009916327,-4.82816575168659,5.56974098069873e-06,0.000323654057613785,3.81303446631394,"GABAergic","Cfap541"
"Trpm31",-0.598279429295194,7.661384614027,-3.80074099246108,0.000261211616338198,0.00202097017378868,0.294779491644424,"GABAergic","Trpm31"
"Cacna1g1",-0.597791365081727,7.63006466703207,-4.84679752292675,5.17034513163393e-06,0.000323654057613785,3.88169266858247,"GABAergic","Cacna1g1"
"Lage31",-0.597240294628569,7.97310725428705,-3.05160180226408,0.00298691166930072,0.0115691553732902,-1.73499588418238,"GABAergic","Lage31"
"Btbd91",-0.597130145542929,7.7436783478057,-3.51349537747298,0.000692431281334953,0.00406868948928351,-0.537146779073979,"GABAergic","Btbd91"
"Jak21",-0.596821394966151,7.6686465245176,-4.87000102060229,4.71177711151999e-06,0.000323654057613785,3.96524907775403,"GABAergic","Jak21"
"Lipt21",-0.596412626257031,7.62982652278105,-4.78220514175223,6.68763556777873e-06,0.000323654057613785,3.64404881267121,"GABAergic","Lipt21"
"Map21",-0.596218888681893,9.23868315123818,-2.41112514985302,0.0179232798871088,0.04993890960912,-3.19379145606562,"GABAergic","Map21"
"Pank21",-0.596145194402685,7.83843057228051,-3.94423272710978,0.00015768582778467,0.00146199881083169,0.78600062185347,"GABAergic","Pank21"
"Tubb2a1",-0.59613008004253,8.45215540952554,-2.56957198742348,0.0118168135909245,0.0355852115174407,-2.84754359806893,"GABAergic","Tubb2a1"
"Rgs61",-0.595745848868083,7.78768355096829,-3.26115999761211,0.0015648618120359,0.00723005773915322,-1.23470000389403,"GABAergic","Rgs61"
"Lrrn11",-0.595545263740142,7.73576425463685,-4.16323088103383,7.14248864164983e-05,0.000876449077405417,1.48836445786617,"GABAergic","Lrrn11"
"Sgcb1",-0.595267160860645,7.88764396097571,-2.89313426218871,0.0047773441113944,0.0170071257666106,-2.14541466120608,"GABAergic","Sgcb1"
"Wdr481",-0.595086852033502,7.70169516008445,-4.51036106338858,1.93534303192119e-05,0.000389166100477098,2.671367031565,"GABAergic","Wdr481"
"Pja11",-0.5950184234814,7.72423691752109,-4.47837379801345,2.18819312696085e-05,0.000404701590247155,2.55828158774722,"GABAergic","Pja11"
"Ptpro1",-0.593931066216467,7.96908209435444,-2.67480455180638,0.00887271146711876,0.0282551576358593,-2.62695292342984,"GABAergic","Ptpro1"
"Tiam21",-0.591034195884492,7.80928984342309,-2.89355052965408,0.00477155951996624,0.0169930557602933,-2.19854810718552,"GABAergic","Tiam21"
"Grcc101",-0.589604038057599,8.34632395389722,-2.94037510082145,0.00416051845215627,0.0152127383592396,-2.07352505869505,"GABAergic","Grcc101"
"Rab361",-0.589043564518621,7.77256773962431,-4.54480838719006,1.69470555782127e-05,0.000378260718930971,2.76515463782248,"GABAergic","Rab361"
"4732440D04Rik1",-0.588342987640602,8.0085755790947,-2.94241496976896,0.00413561626228878,0.0151395273790571,-2.00012597454958,"GABAergic","4732440D04Rik1"
"Arpc41",-0.586622633821233,7.75392888031879,-4.04532177289236,0.000109751978949213,0.00115442495209974,1.10738578323937,"GABAergic","Arpc41"
"Ptp4a11",-0.586442815086378,7.7545220951343,-4.43410888681803,2.59138684083361e-05,0.000449777771954477,2.39870060471301,"GABAergic","Ptp4a11"
"Spock31",0.585682522328975,8.5711448923111,2.88652760856077,0.00487002031860743,0.0172775735145564,-2.18849219084831,"GABAergic","Spock31"
"Snrnp401",-0.585534141257447,7.85019020123149,-3.75201128275811,0.000309233587485835,0.00232863399314272,0.194474210625071,"GABAergic","Snrnp401"
"Dscaml11",-0.585187218827507,7.74727283399676,-4.76125611930509,7.2668843955201e-06,0.000323654057613785,3.50936204642768,"GABAergic","Dscaml11"
"Usp81",-0.583370709129433,8.0052493936334,-2.9316320601591,0.00426882569030343,0.0155537659473475,-2.02561160223514,"GABAergic","Usp81"
"Ldhb1",0.583086369763093,8.47718858279974,3.13565461912585,0.00231261268364962,0.00966313919329688,-1.59624732823007,"GABAergic","Ldhb1"
"Rpl371",-0.581822263248791,8.71843121742018,-2.48965879740652,0.0146124792883892,0.0422804541778759,-3.01948743036251,"GABAergic","Rpl371"
"Fbxo361",-0.580439894808187,7.65242043887936,-4.96422027607579,3.22397409490556e-06,0.000323654057613785,4.31431943006105,"GABAergic","Fbxo361"
"Ccnl11",-0.580176530053297,8.05251857051303,-2.86203375552271,0.00522822588121867,0.0182870020253449,-2.1853902563966,"GABAergic","Ccnl11"
"Dusp31",0.580101514573612,7.8770963376836,3.31169457590606,0.00133334346682052,0.00639366013262854,-1.07510631389626,"GABAergic","Dusp31"
"Katnbl11",-0.579875360242561,7.82208086498128,-2.97140973189994,0.00379620762512252,0.0141601853404781,-1.98294819160742,"GABAergic","Katnbl11"
"Lrfn21",-0.579337217138349,7.64387668518782,-5.09373440684594,1.90233262696139e-06,0.000323654057613785,4.8030238709218,"GABAergic","Lrfn21"
"Rfx31",-0.579205136154761,7.88207888729525,-2.930798385593,0.00427928769944903,0.0155827348445312,-2.02535839498137,"GABAergic","Rfx31"
"Cwf19l21",-0.578587728256042,7.95416045932274,-3.23098505476484,0.00172052091277945,0.00773607460654687,-1.27626330802065,"GABAergic","Cwf19l21"
"Adpgk1",-0.576340667849268,7.66688103549912,-4.79006769325767,6.48203362313604e-06,0.000323654057613785,3.66965855781985,"GABAergic","Adpgk1"
"Rgs7bp1",0.573085901941507,8.96849079690048,2.52917474675615,0.0131633999900271,0.0388762003513176,-2.95453225149891,"GABAergic","Rgs7bp1"
"Rasal21",-0.573051491376555,8.15202387591718,-2.54617085241745,0.0125808849272585,0.037387160427988,-2.86736270558179,"GABAergic","Rasal21"
"Prkg11",-0.57242667519878,7.79257060807306,-4.03166162732272,0.000115297325657971,0.00118545137648336,1.06340643146273,"GABAergic","Prkg11"
"Wdr51",-0.570285821217904,7.62576391293621,-4.94420748448436,3.4956589260346e-06,0.000323654057613785,4.24340513853245,"GABAergic","Wdr51"
"Gm408411",-0.568164600404835,8.13706071994913,-2.57535775161233,0.011634471182726,0.0351579400745548,-2.80916089840921,"GABAergic","Gm408411"
"Snap251",-0.568123339153924,9.83474364198063,-2.72062744947628,0.0078129091276145,0.0253950241680712,-2.73862243304378,"GABAergic","Snap251"
"Mgst31",-0.56790112315238,8.06294902500359,-2.67419639283258,0.0088876156451214,0.0282881021174549,-2.61017604624904,"GABAergic","Mgst31"
"Cnih21",-0.566619672900133,8.13587161153095,-2.62346658544389,0.0102138701709649,0.031515198613047,-2.7100018652674,"GABAergic","Cnih21"
"Smc21",-0.566592166925227,7.75119012176726,-4.24768219471693,5.22748825264669e-05,0.000696063618190402,1.77276489261892,"GABAergic","Smc21"
"Psmd141",-0.566043827013657,8.13228922242468,-2.78213320871028,0.00657151841436151,0.022124943983241,-2.37040341543306,"GABAergic","Psmd141"
"Mcrs11",-0.565966701182715,7.71098240898527,-4.49121104743418,2.08309616644317e-05,0.000393071341826442,2.60510629516356,"GABAergic","Mcrs11"
"Fgd41",-0.565671441420313,7.89563738814269,-3.52255750286655,0.000671960401259977,0.00399647654285938,-0.485012228497725,"GABAergic","Fgd41"
"Acvr11",-0.565201887023431,7.77219560178922,-4.12565152806695,8.19699762740455e-05,0.000972511860000865,1.36951475435385,"GABAergic","Acvr11"
"Ccsap1",-0.564799047827056,7.83044421530682,-2.96662276897917,0.00385040888287812,0.014289346362595,-1.98499654755851,"GABAergic","Ccsap1"
"Atad51",-0.564311394528167,7.71425012404162,-4.39971511072174,2.9533630618447e-05,0.000471796163310824,2.28862287059317,"GABAergic","Atad51"
"Usp371",-0.564143986550715,7.74352445803379,-4.41492073664131,2.78767975463256e-05,0.000465471852995235,2.33292664051574,"GABAergic","Usp371"
"4931406P16Rik1",-0.563914258978192,7.87245716632307,-3.15694627753023,0.00216589229254039,0.00918591231762333,-1.50121709002195,"GABAergic","4931406P16Rik1"
"Vbp11",-0.56349755298571,8.01641025627653,-3.32016355919627,0.00129783798316085,0.00624996871207844,-1.05766537806233,"GABAergic","Vbp11"
"Tsga101",-0.563350943356983,8.18515078020686,-2.41719055978897,0.0176455932947837,0.0493336022988528,-3.11895831888709,"GABAergic","Tsga101"
"Adam101",-0.563274515755692,8.06546974135592,-2.50040330469763,0.0142049454076775,0.0413616547417359,-2.9831655628791,"GABAergic","Adam101"
"Smu11",-0.562140508899637,7.76817774365897,-3.54530804604129,0.000623059429091138,0.00379027819363775,-0.447906863306442,"GABAergic","Smu11"
"Dmpk1",-0.561313607167699,7.65155234947519,-4.23655165299598,5.44816125753449e-05,0.000720806835884894,1.71710693809142,"GABAergic","Dmpk1"
"Exoc51",-0.560846348364579,8.08008212238764,-2.62756522684803,0.0101004141626672,0.031258388967257,-2.70075389095395,"GABAergic","Exoc51"
"Rab22a1",-0.560266597451582,7.81876640340307,-3.00289044341511,0.00345696066411601,0.0131075104924166,-1.90569340461258,"GABAergic","Rab22a1"
"Cbfb1",-0.559614822953169,7.65274390707696,-4.43312072261691,2.60116075600293e-05,0.000450843644999949,2.39500738535273,"GABAergic","Cbfb1"
"Hsp90ab11",0.559410212199515,9.40097416168698,2.55241114159338,0.0123729008344273,0.0369638178515268,-2.95687098074702,"GABAergic","Hsp90ab11"
"Map2k11",-0.558805211133817,7.99582372649571,-2.62423723908703,0.0101924497807824,0.0314569265803307,-2.73482641602417,"GABAergic","Map2k11"
"Cryzl11",-0.558762381550256,8.00672714661594,-2.86757656839361,0.00514510998997522,0.0180236140613944,-2.17870624550532,"GABAergic","Cryzl11"
"Dpp101",-0.558268421961532,8.00689167593206,-3.03290299155842,0.0031598622056104,0.0121555765566104,-1.77869625809921,"GABAergic","Dpp101"
"Frmd4a1",-0.557370907787365,7.93205965717681,-3.22902333790211,0.0017311258741594,0.00776690965232037,-1.28374035884021,"GABAergic","Frmd4a1"
"Pls31",-0.556207805443742,7.97180439983493,-3.2771615142551,0.00148776516654997,0.00696723234599438,-1.17184756451631,"GABAergic","Pls31"
"Plpbp1",-0.555916827362255,7.96355668965293,-3.53309466966994,0.000648876792015191,0.00391471122455446,-0.494409435282256,"GABAergic","Plpbp1"
"Ahcyl21",-0.554076625603263,8.00142042787789,-2.54629458517517,0.0125767306161688,0.0373837669333305,-2.87257494004974,"GABAergic","Ahcyl21"
"Ireb21",-0.553627939177595,7.97530111671108,-2.54848047892028,0.012503542810994,0.0372554540899006,-2.91150099890012,"GABAergic","Ireb21"
"Rgmb1",-0.553307950429319,7.77576844545314,-3.6001027623312,0.000518732553284446,0.00345357885528969,-0.269553049383757,"GABAergic","Rgmb1"
"Rapgefl11",-0.553260831258957,7.68381532031515,-5.00643018363978,2.71673477667487e-06,0.000323654057613785,4.46200649249375,"GABAergic","Rapgefl11"
"Chst13",-0.552656440607852,7.74887516390557,-4.04462545125025,0.000110028354662609,0.00115442495209974,1.10650314878827,"GABAergic","Chst13"
"Papola1",-0.552523708996725,8.270549441531,-2.41810857638337,0.0176039003364654,0.0492591664431872,-3.11682391551894,"GABAergic","Papola1"
"Spata21",-0.552488649779429,7.6939369196451,-4.53133722613498,1.78514448833926e-05,0.000381969836071009,2.74629559240762,"GABAergic","Spata21"
"Actr3b1",-0.552379742163382,7.66616491596044,-4.32952360218026,3.84967879628007e-05,0.000570782722363627,2.03754041160519,"GABAergic","Actr3b1"
"Fbxl51",0.551703859719147,8.48639017999159,2.92474476291998,0.004355968077244,0.015810928294413,-2.07545221663182,"GABAergic","Fbxl51"
"Hist1h4i1",-0.55118005101022,7.6068278936459,-4.40305895244217,2.91613120695563e-05,0.000471213389040616,2.28203571794723,"GABAergic","Hist1h4i1"
"Eif5b1",-0.550679294478083,8.11545730515248,-2.92620310510417,0.00433738054845456,0.0157619012024366,-2.05053220393594,"GABAergic","Eif5b1"
"Slc16a111",-0.550622820845676,7.83395245633296,-2.93335865343086,0.00424723314838484,0.0154887344611977,-2.04980903013438,"GABAergic","Slc16a111"
"Zswim81",-0.550430566313064,7.81173933880419,-2.58422124213424,0.0113600507385621,0.0345027483273508,-2.90698604488509,"GABAergic","Zswim81"
"Ccny1",-0.549842453004647,8.0385303180596,-2.546412063905,0.0125727874259128,0.0373809995102008,-2.88260070611084,"GABAergic","Ccny1"
"Smad31",-0.549376317320462,7.62746281331519,-4.77829195029506,6.79231326677399e-06,0.000323654057613785,3.62952215752934,"GABAergic","Smad31"
"Clmn1",-0.54905395529673,7.67402778198847,-3.8222947549709,0.000242318438256344,0.00190931544048332,0.374261591330112,"GABAergic","Clmn1"
"Lrfn11",-0.548705932746967,7.65200832635415,-4.38001599605436,3.18220186226818e-05,0.000489357188485107,2.20982987746089,"GABAergic","Lrfn11"
"Syn11",-0.54825196758053,7.88364446855542,-3.2810058543209,0.00146978035948378,0.0068986286918282,-1.16027529315925,"GABAergic","Syn11"
"Ivd1",-0.548236527658987,8.00534861994699,-2.60744066580064,0.0106686435259762,0.0327555334382396,-2.74483501231819,"GABAergic","Ivd1"
"Mettl251",-0.548055087616412,7.77523452227873,-4.25958794111514,5.00098203243767e-05,0.00067605868216287,1.80599390790065,"GABAergic","Mettl251"
"Riok11",-0.547570310937296,7.80411343450663,-3.41757756342309,0.000948405506536076,0.00490200430491991,-0.799906977735111,"GABAergic","Riok11"
"Klhl34",-0.547450735955054,7.67069480706047,-4.27295839269963,4.75788175489463e-05,0.000650995728536299,1.844631100385,"GABAergic","Klhl34"
"Miga21",0.54701647893158,7.9304735520137,2.98547521426558,0.00364100023874303,0.0136757908483054,-1.92050287587607,"GABAergic","Miga21"
"Gcfc21",-0.546690115370383,7.71973064435928,-4.13704750960978,7.86235466500834e-05,0.000941812947806501,1.40081893306015,"GABAergic","Gcfc21"
"Unc791",-0.546582632541885,8.05023145636029,-3.02939869290939,0.00319328943686989,0.0122651568899893,-1.7983258639823,"GABAergic","Unc791"
"Atxn7l21",-0.546405074880219,7.6208686749778,-4.73882017581709,7.9413028586429e-06,0.000323654057613785,3.48444219737644,"GABAergic","Atxn7l21"
"Mt11",-0.546267310937367,8.35102858862754,-2.48029227178563,0.0149762625783856,0.0431619643747714,-3.00452539525801,"GABAergic","Mt11"
"2810474O19Rik1",-0.546110091822899,7.78093153356031,-3.72017056403342,0.000345031575853902,0.00255937947181525,0.0911081395737003,"GABAergic","2810474O19Rik1"
"Sh3bgrl1",-0.545890811288916,7.89906897226169,-3.15539076124086,0.00217631042262719,0.00921460673654158,-1.47203685422522,"GABAergic","Sh3bgrl1"
"Sptlc21",-0.544325300824326,7.74810194960465,-3.71067013766178,0.000356454333136925,0.00262372376881924,0.0448510734200109,"GABAergic","Sptlc21"
"Srp91",-0.543950411420995,8.19771741011877,-2.67722224652922,0.00881368512048701,0.0280816000886377,-2.60252527688179,"GABAergic","Srp91"
"Acad111",-0.543869219353971,7.67242469397864,-4.50525735069366,1.97369823559039e-05,0.000392767652634264,2.65387944490153,"GABAergic","Acad111"
"Nmnat21",0.543725884506371,7.95481760461843,2.93805569444266,0.00418900114351464,0.015312372368488,-2.03170178757057,"GABAergic","Nmnat21"
"Mrpl331",-0.543296188853297,7.82998061653949,-3.86927653641394,0.000205550930320641,0.00174838042856693,0.533416678183682,"GABAergic","Mrpl331"
"Nelfe1",-0.542342454577702,7.64263492267532,-4.35014218702584,3.56222437275548e-05,0.000537800540947634,2.1043285417419,"GABAergic","Nelfe1"
"Nicn11",-0.542022799948907,7.94657928525033,-3.10230401592911,0.0025611417082862,0.0103261106562156,-1.60643115210135,"GABAergic","Nicn11"
"Klf131",-0.541857251938493,7.72886265858127,-3.15520732164712,0.00217754208982347,0.00921667712643564,-1.56916129697272,"GABAergic","Klf131"
"Cfap691",-0.541443907851865,7.8255320147221,-3.97519474018609,0.000141203480041083,0.00136581074614953,0.876072688574368,"GABAergic","Cfap691"
"Chga1",0.541402559596831,8.0123839102401,3.06892324089134,0.00283457434471037,0.0110661685649022,-1.69307440773815,"GABAergic","Chga1"
"Rasl10b1",-0.541177949526888,7.6470425729183,-4.61254613648415,1.3031747211319e-05,0.000323654057613785,3.02996941873516,"GABAergic","Rasl10b1"
"Aurkaip11",-0.540831248183014,7.87887836068756,-3.10355557317819,0.00255138322538191,0.0103035033605563,-1.63913528153817,"GABAergic","Aurkaip11"
"Gm386041",-0.540543231142918,7.60502209925982,-4.28897723559695,4.48160627906538e-05,0.000626567440377392,1.88618992589975,"GABAergic","Gm386041"
"Ptov11",-0.538773054019182,8.05534141299521,-2.53897300620003,0.0128246876225742,0.0380479018398626,-2.89413754538325,"GABAergic","Ptov11"
"Mbtps21",-0.538679107821658,7.8517761587726,-3.4533065724487,0.000844092472669637,0.0045215255828636,-0.689347551778893,"GABAergic","Mbtps21"
"Utp41",-0.538520260601134,7.76064983153184,-3.74664060562167,0.000315013075539495,0.00236928016208796,0.156475401313608,"GABAergic","Utp41"
"Rnf101",-0.538210647999672,7.84430880019501,-3.71518090123194,0.000350986741929952,0.00259579586850459,0.0838356693322311,"GABAergic","Rnf101"
"Ccar11",-0.538205178586177,8.08627419230278,-2.74216623060826,0.00735574124880708,0.0241942085602162,-2.45657021669491,"GABAergic","Ccar11"
"Deaf11",-0.537941230727005,7.77327696900659,-3.77699334510094,0.000283651287229937,0.00216622306124524,0.255214827483774,"GABAergic","Deaf11"
"Exd21",-0.537240542461999,7.87194921369157,-2.8588997247,0.00527576546101711,0.0184221298174514,-2.23245309001282,"GABAergic","Exd21"
"Hcfc21",-0.536605385031927,7.76272071290504,-3.43930827604393,0.000883602220967412,0.00464639981449389,-0.739329464001142,"GABAergic","Hcfc21"
"Fut101",-0.536598700201749,7.60435213887613,-4.30858736495473,4.16440622879613e-05,0.000601633076826077,1.95354896955801,"GABAergic","Fut101"
"Grm21",-0.535953126621243,7.60424242241314,-4.48332408485287,2.14707179251204e-05,0.000398879654866383,2.56372803977647,"GABAergic","Grm21"
"Smim271",-0.535621127689552,7.60418599096079,-4.28322379334907,4.57900689786694e-05,0.000635298572433996,1.86622617526368,"GABAergic","Smim271"
"AI8371811",-0.535539943326187,7.60417219087778,-4.34498570469651,3.63210715068394e-05,0.00054503566795632,2.07934629387954,"GABAergic","AI8371811"
"Dynll11",-0.535408934813756,8.25045250280597,-2.51265575681741,0.0137526803932512,0.0403191031609372,-2.93646521833221,"GABAergic","Dynll11"
"Strip11",-0.535384213606545,7.73202975382349,-3.15794704381235,0.00215921421144249,0.0091698305684122,-1.55420875678235,"GABAergic","Strip11"
"Abhd21",-0.535187107692303,7.69841088267095,-4.25794051269114,5.03175091004728e-05,0.000678002484187696,1.803566471897,"GABAergic","Abhd21"
"Mtpap1",-0.533740230316724,7.73472880865375,-3.18142138260417,0.00200796924956964,0.00865840805669186,-1.44829401943996,"GABAergic","Mtpap1"
"Pkhd1l1",-0.533509263928424,7.60382690579786,-4.32726616749627,3.88247747517419e-05,0.000574273485898828,2.01792332722261,"GABAergic","Pkhd1l1"
"1810032O08Rik1",-0.533488710624883,7.67898019720943,-4.61100710914765,1.31100716940508e-05,0.000323654057613785,3.0279925302544,"GABAergic","1810032O08Rik1"
"Pitpnm11",-0.533378919253875,7.92701355147819,-2.51951398906083,0.0135052102480501,0.039715559046991,-2.97470145007945,"GABAergic","Pitpnm11"
"Upf11",-0.532942428382399,7.67162464534594,-4.59616837519233,1.38890452450016e-05,0.000323654057613785,2.97512656619966,"GABAergic","Upf11"
"Hbb-bs1",-0.532893143166831,8.03650347940083,-2.69762040178238,0.00832970014772691,0.0267663332038557,-2.55194319075935,"GABAergic","Hbb-bs1"
"Sgsm21",-0.532667570820326,7.8410642823075,-2.7086649295571,0.00807785416419399,0.0261193773261197,-2.60682797881941,"GABAergic","Sgsm21"
"Nudt91",-0.532652877935949,7.7874614849471,-3.07602843370893,0.00277419768930188,0.0109259896300338,-1.72933417772601,"GABAergic","Nudt91"
"Chd81",-0.532029287415915,8.11363033443985,-2.90374908592645,0.00463183448651044,0.0165651486967131,-2.10058057208235,"GABAergic","Chd81"
"Rps6kl11",-0.531533367881303,7.64158250930692,-4.58004437355744,1.47863498843814e-05,0.000341075468522626,2.91293850937018,"GABAergic","Rps6kl11"
"Map1s1",-0.531439329113726,7.7363219821158,-4.0120894034067,0.000123712925610354,0.0012361331777975,0.993018739620244,"GABAergic","Map1s1"
"Pts1",-0.529915026761203,7.72534266638063,-3.83906856971347,0.000228524391006952,0.00184634615390382,0.4405503151218,"GABAergic","Pts1"
"Mbtps11",-0.529676765543461,7.92073932884701,-2.49020275906673,0.0145915979145264,0.0422495870553599,-3.07163499190113,"GABAergic","Mbtps11"
"G3bp11",-0.529412671293058,7.76552406033414,-3.98543473642924,0.000136125015973812,0.00132840125023932,0.915545799243055,"GABAergic","G3bp11"
"Glis31",-0.529287826652171,7.60311009822854,-4.51812087597112,1.8784058750973e-05,0.000385749832622135,2.68685416889238,"GABAergic","Glis31"
"Cops81",-0.528860789289323,7.80194913195387,-3.26223840705196,0.00155955061664909,0.00721468244149616,-1.24427440568905,"GABAergic","Cops81"
"Rilpl11",-0.528788220972935,7.66124513952912,-4.89681575687006,4.23105858654008e-06,0.000323654057613785,4.06575326671225,"GABAergic","Rilpl11"
"Cebpd1",-0.528525939026325,7.60298101238568,-4.5197253534595,1.86683713356088e-05,0.000385749832622135,2.69253222109679,"GABAergic","Cebpd1"
"Npnt1",-0.528493117663519,7.60297546858125,-4.48064248668223,2.1692537324079e-05,0.00040179759431615,2.55401484359777,"GABAergic","Npnt1"
"Ate11",0.527588222656519,8.34112628811541,2.68027135588112,0.00873975181593587,0.0278889997520607,-2.58931900978339,"GABAergic","Ate11"
"Enpp21",0.527494669024842,7.90122242198732,3.26478754124647,0.00154706307218709,0.00717493847286375,-1.19471416889982,"GABAergic","Enpp21"
"Zbtb13",-0.527256519120596,7.69600476087648,-4.55250003886755,1.6450748864252e-05,0.000370703253259899,2.82067901251158,"GABAergic","Zbtb13"
"Znrf21",-0.527206429322909,7.67310008330326,-4.13204073957404,8.00772910890089e-05,0.00095461977177195,1.37718883374938,"GABAergic","Znrf21"
"Thada1",-0.526976804713263,7.64726380446932,-4.53084478336252,1.78853754089228e-05,0.000381969836071009,2.73880666775156,"GABAergic","Thada1"
"Ptk21",-0.526350675201863,8.172548913574,-2.45176526359634,0.0161346935071455,0.0459668380219642,-3.05280676764474,"GABAergic","Ptk21"
"Zfp6721",-0.526054958802866,7.79855714406564,-3.40991405964964,0.00097230756989666,0.00498815086499279,-0.821243429517784,"GABAergic","Zfp6721"
"5031439G07Rik1",-0.525266535525864,7.69110547046158,-4.85037771172204,5.09685837990843e-06,0.000323654057613785,3.88643744677454,"GABAergic","5031439G07Rik1"
"Hmgn51",-0.52423110650078,7.60225514998323,-4.53818330524958,1.73861419788752e-05,0.000381969836071009,2.75807902848886,"GABAergic","Hmgn51"
"Pcdha11.11",-0.524133538132114,7.6022386499874,-4.57529004765666,1.50614866359326e-05,0.000346135276207265,2.89060824943434,"GABAergic","Pcdha11.11"
"Hspa41",0.523333627655903,8.39801993429378,2.88182742183295,0.00493695663299022,0.0174501941940782,-2.16233181551196,"GABAergic","Hspa41"
"Setbp11",-0.522927026863581,7.72582644484634,-3.56783475657396,0.000577969721751212,0.00364646885965051,-0.389178909133773,"GABAergic","Setbp11"
"Nrn11",-0.522124760968881,7.89191251102264,-2.59017708840043,0.011178948898655,0.0340443572594624,-2.8021556417248,"GABAergic","Nrn11"
"Rnf2171",-0.521919132817476,7.71042024972302,-2.98815241523221,0.00361213117010836,0.013596162517757,-2.01244074274972,"GABAergic","Rnf2171"
"Tmem441",0.521353766990478,7.91669154224175,3.10470012037334,0.0025424893790958,0.010280968782854,-1.6143987431007,"GABAergic","Tmem441"
"Me31",0.521106201464896,8.27271838845247,2.87365664088321,0.00505533508000911,0.0177976477568548,-2.16176909212195,"GABAergic","Me31"
"Tmpo1",-0.520815324682028,7.73136297207676,-3.14253998350901,0.00226418261886807,0.00952491738988227,-1.59822872949689,"GABAergic","Tmpo1"
"Arhgef21",-0.520754193418379,7.87846479431463,-2.80332824548624,0.00618738228077259,0.0210313377442859,-2.36381443643143,"GABAergic","Arhgef21"
"Vav31",-0.520628303725656,7.68048511739593,-3.36429125649708,0.0011267540536451,0.00557092342857996,-1.01812519181253,"GABAergic","Vav31"
"Ano101",-0.520467262162841,7.67720450443058,-3.87287316533642,0.000202967379279607,0.00173353418916719,0.524585472106171,"GABAergic","Ano101"
"Trip111",-0.519971776056642,7.89629175190709,-3.15767231832951,0.00216104553233778,0.00917187929422432,-1.48344904025297,"GABAergic","Trip111"
"Rcor11",-0.519442347301672,7.60144477213541,-4.62594756318758,1.23686293472146e-05,0.000323654057613785,3.072471369209,"GABAergic","Rcor11"
"Eme21",-0.519441326966131,7.6751356557859,-4.33049218903362,3.83568812823791e-05,0.000569388632433403,2.04861899566165,"GABAergic","Eme21"
"Gm112661",-0.51906165658894,7.60138030192103,-4.51946087743005,1.86873932134318e-05,0.000385749832622135,2.69129710572163,"GABAergic","Gm112661"
"Msl11",-0.518550014285613,7.93371285629884,-2.50190410746153,0.0141488395394682,0.0412369888879286,-3.02482723467338,"GABAergic","Msl11"
"Sv2c1",-0.518263934539122,7.72751698821799,-3.97430091251287,0.000141655275442344,0.00136859023723801,0.87055829476824,"GABAergic","Sv2c1"
"Napepld1",-0.517965014850166,7.8164737192196,-3.18754583946599,0.00197016767505482,0.00855582838500615,-1.44794256278841,"GABAergic","Napepld1"
"Actn11",-0.517595833869306,7.65645792310064,-4.38481946789228,3.12487166512562e-05,0.000483536874865449,2.22657985805334,"GABAergic","Actn11"
"Jph31",-0.517528698746673,7.61954262925316,-4.16297641428773,7.14916962096693e-05,0.000876449077405417,1.4600124095501,"GABAergic","Jph31"
"Ptprk1",-0.517348925733259,7.67552607005778,-5.04156892782206,2.35460251556664e-06,0.000323654057613785,4.58995238859094,"GABAergic","Ptprk1"
"Csnk1g31",0.517298489931314,7.98460719605333,2.83833263269164,0.00559772292099428,0.019350345807671,-2.26360040282306,"GABAergic","Csnk1g31"
"Creg21",-0.516682754634017,7.7139836195698,-4.12533239558153,8.20656316557266e-05,0.000972716799281344,1.36203667079391,"GABAergic","Creg21"
"Nek101",-0.516543479925759,7.65460244075658,-4.01388233214792,0.000122918159748964,0.00123174978281967,0.975057120620991,"GABAergic","Nek101"
"Pign1",-0.516088455731685,7.91740006935262,-2.78376132092194,0.00654125511084404,0.0220469787956476,-2.4120186510203,"GABAergic","Pign1"
"Gse11",-0.515616918150856,7.67408860747442,-3.94702670371717,0.000156126026258863,0.00145459758699136,0.761659965395916,"GABAergic","Gse11"
"Ciapin11",-0.515030585805747,7.8640672310616,-3.29137877949054,0.00142226408173837,0.00673675467724166,-1.13731344086774,"GABAergic","Ciapin11"
"Rabep11",-0.514630392174284,7.98109082617798,-2.62799190396627,0.0100886689600639,0.0312454159706495,-2.73370736889039,"GABAergic","Rabep11"
"Eprs1",0.514252712445263,8.3155651375801,2.89676433512625,0.00472711587157411,0.0168476473194241,-2.11546816487487,"GABAergic","Eprs1"
"Mrps151",-0.513913456764409,7.7677929035695,-3.92920391921004,0.00016633505753406,0.00148943966769118,0.735953121661107,"GABAergic","Mrps151"
"Ormdl31",-0.513613390042615,7.76030309843374,-3.93657171396588,0.000162039613394763,0.00148078910326142,0.758163982750006,"GABAergic","Ormdl31"
"Mmd21",-0.51348918666672,7.61666206869499,-4.26334730594399,4.93144604713159e-05,0.0006681140332413,1.80023802321641,"GABAergic","Mmd21"
"Pik3cb1",-0.513459873858515,7.69589408933877,-3.58864929546676,0.000539067629797637,0.00353211683515769,-0.340389947699908,"GABAergic","Pik3cb1"
"Faim1",-0.51321542909843,7.72542775975843,-3.7349700412112,0.000327928356647312,0.00245451803739032,0.12465609160129,"GABAergic","Faim1"
"Pnkp1",-0.512825561657857,7.70358595888353,-3.39089249312795,0.00103410830818895,0.00520620044812366,-0.93333622573428,"GABAergic","Pnkp1"
"Rpl23a1",-0.512227037165892,7.78310500441813,-3.34902677381676,0.00118338278238283,0.00576138890912941,-1.00463219069843,"GABAergic","Rpl23a1"
"Nudt101",-0.511680501940575,7.65090203543303,-4.57376744823966,1.51506449648841e-05,0.000347540672854364,2.89156455203818,"GABAergic","Nudt101"
"Large11",-0.511674760500901,8.12953663097961,-2.41702132157597,0.0176532890738659,0.0493417381546567,-3.12788746910429,"GABAergic","Large11"
"Sgcd1",-0.510837848326197,7.70605040377433,-5.24675727596042,1.01135055744179e-06,0.000323654057613785,5.31124614670105,"GABAergic","Sgcd1"
"Icam51",-0.510627287535536,7.81851104472541,-3.01718054047481,0.00331241664707321,0.0126444449677572,-1.86221765309699,"GABAergic","Icam51"
"Pnma31",-0.510196641759088,7.67039625886713,-4.20607352674711,6.0992966376272e-05,0.000777128041816772,1.61722633555437,"GABAergic","Pnma31"
"Gan1",-0.50980134616715,7.62403043600752,-4.81831917810451,5.79277996535165e-06,0.000323654057613785,3.77628008714645,"GABAergic","Gan1"
"Rps171",-0.509370609661111,8.23676605363982,-2.67756658590848,0.00880530738855408,0.0280693204962641,-2.60679434717926,"GABAergic","Rps171"
"Mthfs1",-0.509240768339382,7.66785413652638,-3.99977982539122,0.000129303951758618,0.00128372963305956,0.931980329687467,"GABAergic","Mthfs1"
"Lta4h1",-0.509122279325156,7.78842918562714,-2.89292548803714,0.00478024773522489,0.0170125822753487,-2.21772727147747,"GABAergic","Lta4h1"
"Ybx11",-0.509094468388634,8.06614155426361,-2.75387890100642,0.00711750512038826,0.0236234925231394,-2.43004047897057,"GABAergic","Ybx11"
"Sdccag81",-0.508755184266077,7.84398594197999,-3.41764265811026,0.000948204869874668,0.00490200430491991,-0.776592616428004,"GABAergic","Sdccag81"
"Cox201",-0.508563693187968,7.89946281915165,-2.64755448925505,0.00956326677197688,0.029962166281301,-2.73668214488036,"GABAergic","Cox201"
"Pip5k1b1",-0.508492909971296,7.78052401257471,-3.40944907010026,0.000973775944684935,0.00499155699030981,-0.841365641680624,"GABAergic","Pip5k1b1"
"Pot1b1",-0.507975814433981,7.74255704341313,-4.04481753426089,0.000109952048767612,0.00115442495209974,1.10474787706408,"GABAergic","Pot1b1"
"Atxn2l1",-0.507524627747413,8.11683872754384,-2.60922151096752,0.0106172189935671,0.0326218588042011,-2.73858160754722,"GABAergic","Atxn2l1"
"Hmgcs11",-0.507325775598693,7.8451630987916,-2.50486331213045,0.0140387949841716,0.0409739994716768,-3.10292864297671,"GABAergic","Hmgcs11"
"Cpne51",-0.507018919633689,7.8706955764023,-3.24226846288991,0.00166069328627926,0.00753811400245999,-1.26296425339893,"GABAergic","Cpne51"
"Ago21",-0.506871441224978,7.86118571472693,-4.23226727992806,5.53547158606943e-05,0.00073002340470905,1.65501766128461,"GABAergic","Ago21"
"Ppil11",-0.506714551606875,7.62608274824374,-4.09501460772383,9.1658719356889e-05,0.00104482668911204,1.23344751326261,"GABAergic","Ppil11"
"Ddt1",-0.506391408121078,7.84410288395004,-3.55288489231224,0.000607534605851506,0.00373058112747016,-0.396609870483489,"GABAergic","Ddt1"
"Slirp1",-0.506012509226959,7.83562701510532,-3.93723703224752,0.000161656997387145,0.00147838123623763,0.758348012270696,"GABAergic","Slirp1"
"Dpm11",-0.505991744161507,7.93180766643956,-2.90338477889591,0.00463676009703466,0.0165779869790263,-2.10973886167076,"GABAergic","Dpm11"
"Cir11",-0.505885244483831,7.69720083479577,-4.66806096663446,1.04909792905735e-05,0.000323654057613785,3.22785275602819,"GABAergic","Cir11"
"C874361",-0.505659203901645,7.77233431129576,-3.62253179635771,0.000480997615751017,0.00325473304878415,-0.216512499932779,"GABAergic","C874361"
"Slc17a71",-0.505504869920031,7.74033949593263,-3.246974371643,0.00163632098631859,0.00746571450007857,-1.2651131281142,"GABAergic","Slc17a71"
"Mamld11",-0.505402223056187,7.64386239825341,-4.70210094501308,9.17834605056879e-06,0.000323654057613785,3.35420467634977,"GABAergic","Mamld11"
"Cald11",-0.505309054780499,7.69479122785056,-3.84528000920805,0.000223609052376692,0.00182890748734494,0.44131335346195,"GABAergic","Cald11"
"Ippk1",-0.505284829809843,7.68727488166845,-3.98560318742233,0.000136042954267947,0.00132840125023932,0.890048107906975,"GABAergic","Ippk1"
"Mtfmt1",-0.505271311695228,7.67161910529884,-4.18371641989078,6.62389965068226e-05,0.000829491368970402,1.54209214570268,"GABAergic","Mtfmt1"
"Tgs11",-0.504928991948589,8.07920715057831,-2.47453608202022,0.0152038289286888,0.0437061656254409,-3.03239265222351,"GABAergic","Tgs11"
"Iffo11",-0.50397499081254,7.86085292435056,-3.43183587863189,0.000905399923398436,0.00472799491376578,-0.735969785770464,"GABAergic","Iffo11"
"Pecr1",-0.503760011221003,7.62467335745319,-4.22394853670737,5.7088607850145e-05,0.000747130168772365,1.66704385734291,"GABAergic","Pecr1"
"Cntn41",0.503608371498846,8.27714580919862,2.79046623464141,0.00641796261236395,0.0216844312603966,-2.34912283020158,"GABAergic","Cntn41"
"Arpc51",-0.503068202575962,7.81729206370661,-3.27548153871032,0.00149568906396037,0.00699905779930175,-1.19541181315196,"GABAergic","Arpc51"
"Mapk1ip1l1",-0.502758828695758,7.80580928607227,-3.99133775322046,0.000133277421657004,0.00131079986437126,0.935454229275662,"GABAergic","Mapk1ip1l1"
"Eif3j11",-0.502688101356918,7.85026761815024,-3.59853908849819,0.000521465302265215,0.00346433854449214,-0.26154013664538,"GABAergic","Eif3j11"
"Tmem1151",-0.502467897448343,7.6236934738371,-4.25176738782746,5.14867607195412e-05,0.000690011555647415,1.76162177793327,"GABAergic","Tmem1151"
"Syt171",-0.501495662647376,7.70244190709561,-4.65793712583993,1.09153452882716e-05,0.000323654057613785,3.18984490947933,"GABAergic","Syt171"
"3110002H16Rik1",-0.50147525228052,7.67030836039552,-4.31916844153347,4.00236333196539e-05,0.000588499158171688,2.0079117996231,"GABAergic","3110002H16Rik1"
"Clvs21",-0.501299878078776,7.78576543016118,-3.57550263020856,0.000563339209773311,0.00359067262110261,-0.346446644402883,"GABAergic","Clvs21"
"Ppp2r5a1",-0.501201949553941,7.62708216963478,-3.9660351457032,0.000145899393117912,0.00139815557420331,0.808782903694464,"GABAergic","Ppp2r5a1"
"Lyst1",-0.501013989211751,8.06219623791045,-2.50657189425585,0.0139756078628162,0.0408339500131328,-2.96709494871886,"GABAergic","Lyst1"
"Atp2b41",-0.500773565082405,7.77048279158961,-2.499485668586,0.0142393484584727,0.041427506256665,-3.11244098584865,"GABAergic","Atp2b41"
"Srf1",-0.499690121233477,7.64927392670203,-4.24937942306475,5.1946049628719e-05,0.000693918703866957,1.75998774041073,"GABAergic","Srf1"
"Btbd71",-0.499591122415971,7.82558517781424,-2.96712897452796,0.00384464366846812,0.0142863412500351,-1.97151092312281,"GABAergic","Btbd71"
"Add21",-0.499197071638539,7.95056056120297,-2.46783578059961,0.0154726147240458,0.0443760454646195,-3.04955020877883,"GABAergic","Add21"
"Cdh21",-0.49847293678024,7.99088141310498,-2.73372232040576,0.00753197760173164,0.0246562495482695,-2.47615509053373,"GABAergic","Cdh21"
"Gm143911",-0.498378312964809,7.79863472558044,-2.9030164521149,0.00464174495784233,0.0165910296448224,-2.17884183535429,"GABAergic","Gm143911"
"Fam3c1",-0.498005580280621,7.83808243088111,-3.11722951727246,0.0024469952068338,0.0100332723347011,-1.60117285773045,"GABAergic","Fam3c1"
"Bri3bp1",-0.497637590769222,7.92582781205875,-2.57828122629292,0.0115433043326653,0.0349651956964551,-2.86914022898355,"GABAergic","Bri3bp1"
"Tmem331",-0.497521861859538,8.06936128711646,-2.72270055723324,0.00776780701671794,0.0252682791815123,-2.49762357119981,"GABAergic","Tmem331"
"Kctd41",-0.496023475834564,7.75275541559408,-2.97961245334139,0.00370496665828762,0.0138782481827194,-1.95886653099193,"GABAergic","Kctd41"
"Kmt5b1",-0.495776805089549,7.94477482307393,-2.50531240781309,0.0140221616535445,0.0409350802447629,-3.02892442844034,"GABAergic","Kmt5b1"
"Zc3h61",-0.495564335718491,7.85449866462852,-2.53098508917291,0.0131002197181697,0.0387449301006879,-3.03884221630691,"GABAergic","Zc3h61"
"Dopey21",-0.494756728557905,7.81096122742161,-4.0234855157715,0.000118743883188934,0.00120221234236378,1.02313700239588,"GABAergic","Dopey21"
"Gm203421",-0.4946706273632,7.62341688931306,-4.29703014560017,4.34862578191764e-05,0.000614652004027311,1.91662614761035,"GABAergic","Gm203421"
"Dalrd31",-0.494628006384014,7.90652011642614,-3.37191357441286,0.00109943939454766,0.00547965038692812,-0.898981042440614,"GABAergic","Dalrd31"
"Fam219b1",-0.494229661942025,7.72821411167249,-2.68357896028017,0.00866018807423942,0.0276897362369917,-2.79102444700702,"GABAergic","Fam219b1"
"Spaca61",-0.494167286009485,7.79390846074275,-3.56378164469187,0.00058584773812787,0.00367030634952572,-0.366269937131936,"GABAergic","Spaca61"
"Sergef1",-0.494099811259727,7.70232379517734,-3.87575420909475,0.000200920248788111,0.00172110966164906,0.552917828374929,"GABAergic","Sergef1"
"Arhgef13",-0.493770869994276,7.73733999791006,-3.76648687629127,0.000294154485334152,0.00223542998346407,0.213518892587656,"GABAergic","Arhgef13"
"Gpd11",-0.493661070127366,7.62190694045128,-4.23657943248936,5.4475994960858e-05,0.000720806835884894,1.70947058229275,"GABAergic","Gpd11"
"Pianp1",-0.493207993887648,7.85626857916195,-3.88980911810897,0.000191213051678871,0.00165477961738828,0.603015753163071,"GABAergic","Pianp1"
"Rab341",-0.492803846491777,7.78249376647723,-2.9289815424666,0.00430216969266776,0.0156568697612924,-2.0938121711398,"GABAergic","Rab341"
"Ptk2b1",-0.492007010963452,7.88471565202825,-2.73883013258006,0.00742491602682723,0.0243636192207631,-2.50641012977817,"GABAergic","Ptk2b1"
"Cacna1d1",-0.491782261731047,7.81797262032846,-3.9673124002519,0.000145235718938271,0.00139502730032813,0.845377850000195,"GABAergic","Cacna1d1"
"Slc27a11",-0.491568188334424,7.6258653630509,-4.09087629735185,9.30488593295061e-05,0.0010508705576642,1.21952720597098,"GABAergic","Slc27a11"
"Aco21",-0.491198221400603,7.92537173023397,-2.83462378386259,0.00565766437876913,0.0195023481108377,-2.28649635271105,"GABAergic","Aco21"
"Trim241",-0.490420520185078,7.70010319171108,-4.25568199401035,5.07422962654883e-05,0.000682984703530055,1.79647965025599,"GABAergic","Trim241"
"Gpd21",-0.490232292716485,7.64495125267797,-3.64220842448601,0.000450050459543903,0.00309768508205205,-0.20890527830265,"GABAergic","Gpd21"
"Cdc731",-0.489775434716565,7.84463750011788,-3.91231225185148,0.000176597701929422,0.00156206520380907,0.672068571207605,"GABAergic","Cdc731"
"Cep441",-0.489377490110513,7.78302918221258,-3.6868824836451,0.00038665291980786,0.00277683028635158,-0.0137589795988617,"GABAergic","Cep441"
"Gtf3c11",0.489221647258433,7.98399481744669,2.74851793093181,0.00722565970718741,0.0238866374443782,-2.47418958929622,"GABAergic","Gtf3c11"
"Alg81",-0.488859186644181,7.71609437774953,-3.95686794364693,0.000150748660888059,0.00142808464245864,0.812152260999512,"GABAergic","Alg81"
"Zbtb171",-0.488376181707326,7.79282013549301,-3.79823549687512,0.000263496786421706,0.00203611153144046,0.333391929248822,"GABAergic","Zbtb171"
"Atp1b21",-0.488083227565666,7.90854317279903,-3.37828608924268,0.00107708240833418,0.00538324312824291,-0.881507253475291,"GABAergic","Atp1b21"
"Nck21",-0.48794889008329,7.64170889408127,-4.82528733936622,5.63406211078603e-06,0.000323654057613785,3.80297597291994,"GABAergic","Nck21"
"Dok31",-0.487862247584014,7.62261620259503,-4.27936066321558,4.64554786973965e-05,0.000640569434038545,1.85574641705776,"GABAergic","Dok31"
"2210016F16Rik1",-0.487820307150143,7.66413627842752,-4.69415181701138,9.46980477217027e-06,0.000323654057613785,3.32579427900598,"GABAergic","2210016F16Rik1"
"Zfp9611",-0.487395485528086,7.67392216832268,-4.03957722999547,0.000112052087168875,0.00115977181131421,1.06386528973561,"GABAergic","Zfp9611"
"Cnot6l1",-0.487010611925271,7.91714104981877,-3.13612922634161,0.0023092436998235,0.00965556412224045,-1.52185986693815,"GABAergic","Cnot6l1"
"Ccdc841",-0.486380492703494,7.65321063439597,-3.43177467170071,0.000905580544038225,0.00472799491376578,-0.83379299883685,"GABAergic","Ccdc841"
"Slc39a91",-0.485652254304778,7.75301984632711,-3.24496217681507,0.00164670107819657,0.00749653719017587,-1.30860122132666,"GABAergic","Slc39a91"
"Prox11",-0.485375461209637,7.65630741196542,-3.49101539393864,0.000745785330030841,0.00420117836844427,-0.657607786659819,"GABAergic","Prox11"
"Nfrkb1",-0.485228386443136,7.94486017050445,-3.45572333549308,0.000837442142688627,0.00449715413551744,-0.678950171933676,"GABAergic","Nfrkb1"
"Wdr271",-0.484678223242721,7.60308559296028,-4.2405448041161,5.36798083535216e-05,0.000713240280157605,1.71983194757469,"GABAergic","Wdr271"
"Zfp5531",-0.484562499707596,7.76556141233601,-3.79299148501486,0.000268341474377749,0.00206582983686592,0.309432199320114,"GABAergic","Zfp5531"
"Sppl2b1",-0.484358144236068,7.73926093363842,-3.98203329186349,0.000137792223677157,0.00133489578129081,0.901695168482975,"GABAergic","Sppl2b1"
"Gkap11",-0.483807386735692,7.72788974547225,-3.12165183941564,0.00241409433026389,0.00996197485174807,-1.6382431795057,"GABAergic","Gkap11"
"Atrnl11",-0.483779873723273,7.87480791187951,-3.64087891206002,0.000452080539401869,0.00310603117020426,-0.140448157130356,"GABAergic","Atrnl11"
"Shank21",-0.483228993510252,7.62862304383506,-3.71288971550901,0.000353753894836615,0.00261003914085755,0.00301994453221965,"GABAergic","Shank21"
"Spag6l1",-0.482971280071061,7.6517238515577,-3.89557905458873,0.000187359115035719,0.00163396108052935,0.589867782669478,"GABAergic","Spag6l1"
"Gm135241",-0.482620903351773,7.64898542236189,-3.70579664657909,0.000362452553839996,0.00265684358721462,-0.0114859195529711,"GABAergic","Gm135241"
"Clcn21",-0.482575048546202,7.6679885023456,-4.06589608333651,0.000101879890690699,0.00109465752681521,1.14833644886832,"GABAergic","Clcn21"
"Kctd181",-0.482545136637476,7.75412625436451,-3.3648683427177,0.00112466394794986,0.00556946512133192,-0.928536692119104,"GABAergic","Kctd181"
"Clstn11",0.482514576821774,8.48751733772689,2.49723783671943,0.0143239377498957,0.0416299923831862,-2.9674559505661,"GABAergic","Clstn11"
"Ccdc1671",-0.48238979553389,7.62356668193735,-4.11738745663613,8.44818757311689e-05,0.000994705956189569,1.30739848010185,"GABAergic","Ccdc1671"
"Snx211",0.482361934274938,7.86545033308881,3.2251384176898,0.001752308157783,0.00783152878302017,-1.30848790908189,"GABAergic","Snx211"
"Uhrf21",-0.48152117545854,7.92204805326835,-3.10449659164639,0.00254406881429065,0.0102840045554876,-1.60788226696794,"GABAergic","Uhrf21"
"Thnsl11",-0.481378471148523,7.7777859258281,-3.29194180010147,0.00141972664060336,0.00673064399090149,-1.1754767747575,"GABAergic","Thnsl11"
"Fosl21",-0.481348609567829,7.66175529746672,-4.46988921013595,2.26045202816143e-05,0.000412754979685539,2.52855698805554,"GABAergic","Fosl21"
"A730017C20Rik1",-0.481344100753679,7.71116044269286,-3.99273299855202,0.000132612744565958,0.00130820680450201,0.926532490211533,"GABAergic","A730017C20Rik1"
"Mmd1",-0.481115202455509,7.65471464264559,-4.5331415699603,1.77276529799407e-05,0.000381969836071009,2.74882533579882,"GABAergic","Mmd1"
"Crlf11",-0.480902575512795,7.60207041971316,-4.4955033250817,2.04905830050544e-05,0.000393071341826442,2.60642453176452,"GABAergic","Crlf11"
"Gosr11",-0.48087066454871,7.71026590744173,-3.72844510823162,0.000335367149328171,0.0025011456269006,0.0792630176829183,"GABAergic","Gosr11"
"Rragd1",-0.480261915977204,7.72164858742105,-3.56167019558061,0.000589991904551185,0.0036829977542657,-0.410954554338772,"GABAergic","Rragd1"
"Wdr63",-0.480151855103682,7.78353061611371,-2.96996705455972,0.0038124679421512,0.0142037607811758,-2.04062826590636,"GABAergic","Wdr63"
"Dgkg1",-0.480051119837543,7.80900108885713,-3.0955270564597,0.00261458747596366,0.0104672390332789,-1.64613838747965,"GABAergic","Dgkg1"
"Ctdnep11",-0.480049646117858,7.67301347989366,-3.38735612154094,0.00104599784814172,0.00525539809531935,-0.94108332150942,"GABAergic","Ctdnep11"
"Usp52",-0.480027721300854,7.76385940018379,-3.68229309862718,0.000392752249132435,0.00280763560583728,-0.0298925208272802,"GABAergic","Usp52"
"Tbc1d241",-0.480012963486669,7.95686593985505,-2.48256775821406,0.014887147580808,0.0429350456606616,-3.06704100183725,"GABAergic","Tbc1d241"
"Rap1a1",-0.479949058092362,7.88349604036622,-3.46182534281289,0.000820870110581796,0.00446994211159285,-0.650160426277465,"GABAergic","Rap1a1"
"Cep1121",-0.479849192607753,7.64204897992916,-4.88238013925062,4.48358517295407e-06,0.000323654057613785,4.01329459199145,"GABAergic","Cep1121"
"Cnot61",-0.479680779882877,7.78984155940168,-3.68169814680054,0.000393549604066652,0.00281171593924419,-0.0199915597678659,"GABAergic","Cnot61"
"Htr1f1",-0.479675599103304,7.81421022993088,-3.26476966621316,0.00154715031050632,0.00717493847286375,-1.22894658003999,"GABAergic","Htr1f1"
"Disp21",-0.479058634429368,8.07189991527948,-2.47770503263658,0.0150781669100558,0.0434052543154239,-3.01356293734207,"GABAergic","Disp21"
"Med211",-0.478787845994503,7.83037009475586,-3.75230085352244,0.00030892485976558,0.00232825822706945,0.195062496039379,"GABAergic","Med211"
"Lamtor51",-0.478689016463973,7.85878327335196,-3.02318767415153,0.00325334196020539,0.0124726517535214,-1.84615134936034,"GABAergic","Lamtor51"
"Cyb5d21",-0.478575520094904,7.69233396426551,-3.47670221920495,0.000781753886358886,0.00435829547606189,-0.688252753446595,"GABAergic","Cyb5d21"
"Rbm12b21",-0.478345644411141,7.77257787814923,-3.29285716848364,0.00141561028023927,0.00672062875966693,-1.16064097805777,"GABAergic","Rbm12b21"
"Phlda11",0.478156286062298,8.00171659251808,2.44400439973956,0.0164634023657147,0.0467175822524404,-3.13822172717734,"GABAergic","Phlda11"
"D17Wsu92e1",-0.477177550272755,7.69423601942766,-3.9977850956583,0.000130232452085337,0.0012919142529009,0.939789726346341,"GABAergic","D17Wsu92e1"
"Atg16l21",-0.477173907538341,7.68401879802913,-4.10003582760606,8.99987570270295e-05,0.00103319572128162,1.27213435748162,"GABAergic","Atg16l21"
"Vps26b1",-0.476920459547836,7.67522278409937,-4.10756260669928,8.75644376984301e-05,0.00101100272615374,1.29596617223975,"GABAergic","Vps26b1"
"Slc6a171",-0.476744339062157,8.11003722887086,-2.79597668578493,0.00631822963669233,0.0214097981988632,-2.34151499831398,"GABAergic","Slc6a171"
"Nt5c1",-0.476655290415085,7.89227926236608,-3.58620167466811,0.000543510099542692,0.00353880395347577,-0.297930301884906,"GABAergic","Nt5c1"
"Snx110",-0.476443980451884,7.98921475268369,-2.71800237110476,0.0078703619769511,0.0255416297421452,-2.51001622634113,"GABAergic","Snx110"
"Gm427221",-0.475748192151492,7.62480215322868,-3.94357154539123,0.000158057123065172,0.00146199881083169,0.734945036301624,"GABAergic","Gm427221"
"Zfp2481",-0.475553671542101,7.72331463802522,-3.18737491895075,0.00197121356699743,0.00855640446535084,-1.48279259472792,"GABAergic","Zfp2481"
"Fads11",-0.475047766398378,7.69948970472109,-3.12423649804032,0.00239505623369837,0.00991415872588287,-1.66479760007518,"GABAergic","Fads11"
"Smug11",0.474597762515126,7.81994394718962,2.78605292018226,0.00649887479996331,0.0219219995290961,-2.48541709430397,"GABAergic","Smug11"
"Tnk21",-0.474270824626969,7.67336804912795,-3.53845170906277,0.000637430648574802,0.00385690606963106,-0.510724791895529,"GABAergic","Tnk21"
"Sh3bp51",-0.474255217312779,7.78694163541209,-4.09051735639405,9.31703840032137e-05,0.0010508705576642,1.24871248358722,"GABAergic","Sh3bp51"
"Kmt5a1",-0.474022583561483,7.68347524225159,-3.84398497002286,0.000224625466046275,0.00183354725618851,0.433613106718977,"GABAergic","Kmt5a1"
"Dnajb13",-0.473895291213075,7.75137905939713,-3.49785429134457,0.000729156374887334,0.0041327623691903,-0.600269892458509,"GABAergic","Dnajb13"
"Nfia1",-0.473894575099888,7.78346991826475,-2.42401345056007,0.0173378145987058,0.0486682377674596,-3.3240688035745,"GABAergic","Nfia1"
"Rbm411",-0.473255714439534,7.74696768897222,-2.8420722771029,0.00553787400702336,0.0191808586176835,-2.35888960827295,"GABAergic","Rbm411"
"Cers21",-0.473202638679987,7.70575782813733,-3.01312652914394,0.00335284379624344,0.0127791128720458,-1.97532274314396,"GABAergic","Cers21"
"Atg16l11",-0.472971822641243,7.95476682899166,-3.36688026454666,0.00111740557862662,0.00554458345891896,-0.923809843480156,"GABAergic","Atg16l11"
"Lrp81",-0.472534077854168,7.79153124356585,-2.72194584976263,0.0077841987537785,0.0253149650247356,-2.61144030608892,"GABAergic","Lrp81"
"Naa601",-0.472490050217562,7.783065956725,-3.62489272025097,0.000477180570520059,0.00323242951973468,-0.199881631351633,"GABAergic","Naa601"
"Mcl11",-0.472347933536776,7.66534179970736,-4.61857077589667,1.27294822911033e-05,0.000323654057613785,3.05450541914444,"GABAergic","Mcl11"
"Ttc271",-0.472295318298789,7.62481839070225,-3.95979001928787,0.000149186435944046,0.00141978809054112,0.787634189612621,"GABAergic","Ttc271"
"Eif3h1",0.471975929699628,8.07328338938574,2.49022880415142,0.0145905987778847,0.0422495870553599,-3.01103325472478,"GABAergic","Eif3h1"
"Ap2a11",-0.471956186573831,7.96740109685978,-2.48942517442647,0.0146214557280822,0.042286708362969,-3.00436731158311,"GABAergic","Ap2a11"
"Ctsl1",0.471690128546385,8.29849215105263,2.69227936557799,0.00845403427109198,0.0271237242255045,-2.56333696652756,"GABAergic","Ctsl1"
"Zcchc61",-0.471567950279376,7.86314508188047,-2.91326134648068,0.00450491651567412,0.0162077636274512,-2.12132012351823,"GABAergic","Zcchc61"
"Atp11a1",-0.470932078748387,7.69002547377023,-3.84807204368444,0.000221432629169613,0.00182626853647557,0.458361898639774,"GABAergic","Atp11a1"
"AC124490.11",-0.470630029719031,7.62745128894834,-4.75936229151768,7.32159058880142e-06,0.000323654057613785,3.56024082513274,"GABAergic","AC124490.11"
"Mien11",-0.470626979667247,7.75710650120347,-3.5812365744309,0.000552628553970008,0.0035626599245547,-0.335520568712633,"GABAergic","Mien11"
"Mettl51",-0.470394333553331,7.7210754925974,-3.16890509184123,0.00208733633215129,0.00891391737164402,-1.55077207690574,"GABAergic","Mettl51"
"Zfp5601",-0.469793526066345,7.83574418282825,-2.66859090577941,0.00902606374859833,0.0285967452438359,-2.71391353143923,"GABAergic","Zfp5601"
"Preb1",-0.469788767540532,7.73992071851909,-4.90427220169914,4.106102039614e-06,0.000323654057613785,4.02804443903774,"GABAergic","Preb1"
"0610030E20Rik1",-0.469565077418739,7.90447530716815,-3.43661783166766,0.000891392900696493,0.00467745703917272,-0.722104709806877,"GABAergic","0610030E20Rik1"
"Zfp2871",-0.46944290694444,7.72953405169853,-3.91301397649115,0.000176159572893274,0.00155930121227213,0.67855968618345,"GABAergic","Zfp2871"
"Sumf21",-0.469412840718098,7.62489367529414,-4.78608079450681,6.58550885699267e-06,0.000323654057613785,3.6578479469462,"GABAergic","Sumf21"
"Rnf1211",-0.469117032643216,7.71834649438529,-3.34977653744353,0.0011805399689447,0.00575721960136221,-1.04603643209392,"GABAergic","Rnf1211"
"Dnajb141",-0.468627355132967,7.86012919949872,-3.66734530048254,0.000413257764283919,0.00292724249701109,-0.0620964895599547,"GABAergic","Dnajb141"
"Ubxn81",-0.468573896603012,7.64331869703272,-3.96337993499049,0.000147288368764734,0.00140718489274556,0.805077972854924,"GABAergic","Ubxn81"
"Dnmt3a1",-0.468269976658945,7.83449101316695,-2.80740380455901,0.00611591636430505,0.0208112207515837,-2.39856222661354,"GABAergic","Dnmt3a1"
"Gm268531",-0.468097615053917,7.72667531208941,-3.24667759196457,0.00163784809382206,0.00746587696225145,-1.29935659832758,"GABAergic","Gm268531"
"Ostc1",0.467976822800418,7.83766505024,3.24469497716063,0.00164808407552345,0.00750008191318151,-1.26162596544985,"GABAergic","Ostc1"
"Pygo21",-0.467954849026889,7.68795576802215,-3.67818798384651,0.000398285312362882,0.00283575486312299,-0.0833638191704793,"GABAergic","Pygo21"
"Zfyve261",-0.46738579471642,7.69598914787734,-3.44030535646294,0.000880731320629451,0.00463326650657545,-0.792908619951252,"GABAergic","Zfyve261"
"Zfp8681",-0.466662871970159,7.77844890912012,-2.7445793010179,0.00730607253834375,0.0240819017797732,-2.57669733379032,"GABAergic","Zfp8681"
"Eif3g1",-0.466569150156024,7.63719346990237,-4.86670672939425,4.77438330898841e-06,0.000323654057613785,3.95557797481539,"GABAergic","Eif3g1"
"Kctd161",-0.466339963667907,7.79806439275586,-2.86907420844858,0.00512286173817295,0.0179678733875902,-2.2915450184849,"GABAergic","Kctd161"
"Gm461231",-0.465947899649942,7.62184677414869,-4.54936523727242,1.66512994004157e-05,0.000373675633922529,2.80144949612614,"GABAergic","Gm461231"
"Krba11",-0.465892294677054,7.77633498853729,-3.68593966012323,0.000387898548934772,0.00278255548686735,-0.0149525380790223,"GABAergic","Krba11"
"Scand11",-0.465721087815359,7.8991448038764,-2.49606119848998,0.014368395847052,0.0417298835623484,-3.04001568657601,"GABAergic","Scand11"
"Nol71",-0.465357247100225,7.81854455159776,-3.02681878546909,0.00321810802449723,0.0123490168781727,-1.87310443329261,"GABAergic","Nol71"
"Tango61",-0.464605642778325,7.6483757447283,-3.76081217411757,0.00029998039779149,0.00227413362039852,0.159779272953421,"GABAergic","Tango61"
"Copz11",-0.464460119089555,7.81939377092781,-3.07024062019612,0.0028232885572851,0.0110318044697444,-1.7480792913316,"GABAergic","Copz11"
"4933427D14Rik1",-0.463653497586917,7.76507057958578,-4.28306486253473,4.58172620732011e-05,0.000635298572433996,1.87844324803696,"GABAergic","4933427D14Rik1"
"Lrrc281",-0.463581560445479,7.73252652058233,-2.48424960373408,0.0148215869483303,0.0427956942831035,-3.22167467964872,"GABAergic","Lrrc281"
"Gart1",-0.463470838541767,7.62294003192675,-4.21732721831436,5.85059601716893e-05,0.000759976691952738,1.64656918104221,"GABAergic","Gart1"
"Rnf321",-0.463333311111317,7.80773094909147,-2.78065000280175,0.00659919956585955,0.0222000722722464,-2.44606124132093,"GABAergic","Rnf321"
"Nefl1",-0.463081982500233,7.8478041965629,-3.27573395010358,0.00149449600373685,0.00699611294091827,-1.16814208378153,"GABAergic","Nefl1"
"Odf21",-0.463043105639978,8.07710503263516,-2.44735511905546,0.016320757068967,0.0464010527436153,-3.06946988099957,"GABAergic","Odf21"
"Aars1",-0.462807500982141,7.83746251910599,-2.95769529928732,0.00395340555510181,0.0146104118340719,-2.02076263955052,"GABAergic","Aars1"
"Gtpbp101",-0.462772941371108,7.66676090029663,-3.43238831326792,0.000903771232824775,0.00472799491376578,-0.826949112616138,"GABAergic","Gtpbp101"
"Emd1",-0.462754081595828,7.69465158307306,-4.09458131187615,9.18033320969315e-05,0.00104482668911204,1.2571331880575,"GABAergic","Emd1"
"Ier5l1",-0.462634803059896,7.64247026917392,-3.86556583434919,0.000208249317510824,0.00175583763904002,0.489407012630656,"GABAergic","Ier5l1"
"Trappc101",-0.462346477457751,7.74352358695837,-4.34886665362352,3.57938913313749e-05,0.000539349942743828,2.10841212429662,"GABAergic","Trappc101"
"Ints71",-0.461845166403569,7.73838122271257,-3.11225238885769,0.00248452236430137,0.0101091549314689,-1.66258923265744,"GABAergic","Ints71"
"Igsf31",-0.461346423532955,7.78942832935253,-2.43727948290476,0.0167530561865004,0.0473588672606993,-3.26414297179587,"GABAergic","Igsf31"
"Smg91",-0.461044390549569,7.73423937358398,-3.85430405148699,0.000216647393752735,0.00179959448224327,0.494610913129762,"GABAergic","Smg91"
"Tbck1",0.460769887780995,7.97631350464238,2.67342214640025,0.00890662302881056,0.0283195469606813,-2.64934771066902,"GABAergic","Tbck1"
"Ncoa21",-0.460689389077785,7.81859868087615,-3.00867089766196,0.00339780251712334,0.012926649061159,-1.91258978250585,"GABAergic","Ncoa21"
"Gm160701",-0.459695728130594,7.64847418192337,-3.86223551297187,0.000210699863658992,0.00176198470890033,0.481804051319269,"GABAergic","Gm160701"
"Phactr21",-0.45946213157506,7.6242176241843,-4.41450888958952,2.79204656219448e-05,0.000465471852995235,2.32623574361308,"GABAergic","Phactr21"
"Mllt101",-0.459077151672668,7.81071692277115,-3.13712668264192,0.00230217817697256,0.00963576093633373,-1.58728819385654,"GABAergic","Mllt101"
"Ryk1",-0.45883662299258,7.6648229400542,-4.39708123356567,2.98301278445712e-05,0.000471796163310824,2.27409141742251,"GABAergic","Ryk1"
"Trpc41",-0.458802140285851,7.79070125556737,-3.14082263755744,0.00227617282846271,0.00956239160501768,-1.55313594738957,"GABAergic","Trpc41"
"Sema3c1",-0.458770747916295,7.80381980465105,-2.74855215919898,0.00722496444047711,0.0238866374443782,-2.58391295484838,"GABAergic","Sema3c1"
"Nrep1",-0.458758994910101,7.66247412388666,-4.34873396336908,3.58117931362542e-05,0.000539349942743828,2.10611233968845,"GABAergic","Nrep1"
"Spindoc1",-0.458363034276583,7.6509282406264,-4.19892859273736,6.2624433860904e-05,0.00079222143141062,1.58939621964458,"GABAergic","Spindoc1"
"Pik3cd1",-0.458203139736709,7.62386507516289,-4.69380093553333,9.48287499877095e-06,0.000323654057613785,3.32105412765816,"GABAergic","Pik3cd1"
"Lrp61",0.458125852214403,7.9764602517537,2.72568320167921,0.00770333320288137,0.0251046126701044,-2.53008702727355,"GABAergic","Lrp61"
"Rbm241",-0.458034875143293,7.72261193497097,-3.25315970367425,0.00160479536909844,0.00734347733425944,-1.31687572265623,"GABAergic","Rbm241"
"Oxsr11",-0.457790464770803,7.75314274730216,-3.12475565870178,0.00239124908581164,0.00990831424204423,-1.6377403719196,"GABAergic","Oxsr11"
"Aph1b1",-0.457690524977945,7.71589492906393,-3.17026763248264,0.00207855654179366,0.00888559651521163,-1.5499364062428,"GABAergic","Aph1b1"
"Sigmar11",-0.456982310960734,7.8537450512995,-3.50005262139352,0.000723885864834363,0.0041327623691903,-0.543906338477285,"GABAergic","Sigmar11"
"Nup1551",-0.456980980813396,7.69094242506914,-3.84595767110698,0.000223078938854996,0.00182890748734494,0.451831692537349,"GABAergic","Nup1551"
"Slc25a111",-0.45697974709121,7.78218088474745,-2.81734141199996,0.00594481489130491,0.0203293339214919,-2.41857169243115,"GABAergic","Slc25a111"
"Ift1401",-0.456944951264606,7.77226298505385,-4.0137504139167,0.000122976469050247,0.00123174978281967,1.0075881156301,"GABAergic","Ift1401"
"Cdk5rap11",-0.456859263902958,7.65079895165757,-4.98041132892601,3.0193374716305e-06,0.000323654057613785,4.37511446205986,"GABAergic","Cdk5rap11"
"Mbd41",-0.456651681711506,7.63965508045148,-2.8357549179977,0.00563932118997508,0.0194562068300224,-2.46835273837627,"GABAergic","Mbd41"
"Lsm51",-0.455678640855365,7.70339560854432,-3.70876719966963,0.000358785124733156,0.00263775082816259,0.0272243303547004,"GABAergic","Lsm51"
"Ankrd13d1",-0.455134238306337,7.66022157522992,-4.55128800547245,1.65280102954764e-05,0.000371580811171852,2.81392760641047,"GABAergic","Ankrd13d1"
"Egfem11",-0.454631256597644,7.7481306558047,-3.14392938137837,0.00225452515965538,0.00949072497670396,-1.55270763902242,"GABAergic","Egfem11"
"Ctcf1",-0.454469200393467,7.86544211511243,-2.46000080443588,0.0157923048037664,0.0451156773975004,-3.17426087282987,"GABAergic","Ctcf1"
"Jam31",-0.454280987263251,7.73272158429401,-2.84942481504985,0.00542191304185856,0.0188634541209601,-2.37811281552698,"GABAergic","Jam31"
"Pantr11",0.454196446390923,7.90205984401498,2.7403356061768,0.00739362656444743,0.0243059352754418,-2.53037231051175,"GABAergic","Pantr11"
"Raly1",-0.454192306445138,7.86458737083969,-3.32438433022572,0.00128047581031926,0.00617354499070008,-1.0320986959559,"GABAergic","Raly1"
"Tcf201",-0.453714224020887,7.82538153719771,-4.07241543573457,9.95005777964209e-05,0.00108411077300578,1.17560104493815,"GABAergic","Tcf201"
"Yod11",-0.453556249869838,7.64721593465847,-3.84392040456453,0.000224676255551917,0.00183354725618851,0.421837547375771,"GABAergic","Yod11"
"Kat2a1",-0.45337701483924,7.72969963238165,-3.65742650381794,0.000427421128246895,0.00300624710137565,-0.124771259063929,"GABAergic","Kat2a1"
"Trim281",-0.452669534888075,7.66716333245578,-3.49476649498203,0.000736620607145606,0.00415899078010781,-0.644837393010903,"GABAergic","Trim281"
"2310022A10Rik1",-0.4526481968763,7.62021034155318,-4.75289073622924,7.51156945942618e-06,0.000323654057613785,3.53575041559011,"GABAergic","2310022A10Rik1"
"Ufc11",-0.451412601569972,7.83761670726058,-3.37171829437285,0.00110013134527276,0.00548078281607185,-0.905614944493164,"GABAergic","Ufc11"
"Amigo21",-0.451387260759942,7.60322665995051,-4.29055823838563,4.45519310507038e-05,0.000624028740789203,1.89120541709634,"GABAergic","Amigo21"
"Th1",-0.45138171264575,7.60322482301391,-4.29058286444106,4.45478287695141e-05,0.000624028740789203,1.89128965942811,"GABAergic","Th1"
"Fat11",-0.45105364783125,7.62147833622844,-4.17469762965703,6.84758396810987e-05,0.000850635806248683,1.50178343037402,"GABAergic","Fat11"
"4933431E20Rik1",-0.450640430254651,7.70945911315414,-3.55366926252738,0.00060594851536451,0.0037226837008285,-0.453617121717057,"GABAergic","4933431E20Rik1"
"Map71",-0.450593443706517,8.01588726303144,-2.58833175556303,0.0112347800141569,0.034172455876394,-2.79341892302017,"GABAergic","Map71"
"Ubac11",-0.450555226971799,7.8893247465528,-2.81001587272401,0.00607051135392555,0.0206680510019797,-2.35060872395709,"GABAergic","Ubac11"
"Rhobtb21",0.450290513047948,8.27546206718752,2.46681890448773,0.0155137766753611,0.0444735432065677,-3.02916830846454,"GABAergic","Rhobtb21"
"Zbtb181",-0.450047489370426,7.85470890927832,-2.62611989808929,0.0101402919719796,0.031320430744154,-2.76737472591155,"GABAergic","Zbtb181"
"Lrrc551",-0.450002565807194,7.60277001060169,-4.29660388816688,4.3555683205531e-05,0.000614932910785711,1.91189369624153,"GABAergic","Lrrc551"
"Sult4a11",0.449905429303955,7.95955437342003,2.64045234525159,0.00975107529497443,0.030397097314904,-2.73223462539828,"GABAergic","Sult4a11"
"Snapc41",-0.449891981938185,7.64907609343049,-3.677436241726,0.000399306531790656,0.00284139567633145,-0.0991500643094776,"GABAergic","Snapc41"
"Tnpo11",-0.44986422809386,7.82779686531866,-2.46882944787735,0.015432486657454,0.0443019105757585,-3.16453543704892,"GABAergic","Tnpo11"
"Sec61b1",-0.449797851786031,7.71098259750479,-3.7697532482007,0.000290850095035637,0.00221846937885203,0.216845304207074,"GABAergic","Sec61b1"
"Farsa1",-0.449650750346516,7.77393017577309,-2.83415319847026,0.00566531179343821,0.0195187449629562,-2.36251893845411,"GABAergic","Farsa1"
"Dynlt31",-0.449321467342445,7.86113167334263,-2.93338104508326,0.00424695378399916,0.0154887344611977,-2.0752245841328,"GABAergic","Dynlt31"
"Shisa61",-0.449122982982722,7.61889588911373,-4.55525990740138,1.62761234210258e-05,0.000367917471138306,2.82174553271413,"GABAergic","Shisa61"
"Kcnk101",-0.449025166480062,7.60214175850526,-4.23296670273241,5.52112674937547e-05,0.000728906201699463,1.69373395428415,"GABAergic","Kcnk101"
"Grn1",-0.448717498924056,7.65229852693888,-3.7580594107157,0.000302845922980543,0.00228886595870191,0.154234996014422,"GABAergic","Grn1"
"Slc35c21",-0.447900919544936,7.69047148405624,-3.80803049046571,0.0002546700607031,0.00198271985779515,0.322352141191606,"GABAergic","Slc35c21"
"Rnf113",-0.447647227146713,7.97989993507781,-2.50420560429002,0.0140631867132728,0.0410162507900623,-3.00727699013708,"GABAergic","Rnf113"
"Stk33",-0.447034227008633,7.60236313561924,-4.46384736805753,2.31330881522186e-05,0.000418503021756579,2.49459722723148,"GABAergic","Stk33"
"Fam35a1",-0.447018297497143,7.64727221368681,-4.16778673438774,7.02388654141352e-05,0.000865605084200018,1.48362480768365,"GABAergic","Fam35a1"
"Pml1",-0.446896502527712,7.66848664302617,-3.55977393842068,0.000593737340568706,0.00368923350628228,-0.450346806746261,"GABAergic","Pml1"
"Snhg61",-0.446710819076164,7.66958796311226,-4.60955589475692,1.31843452370062e-05,0.000323654057613785,3.02274552325399,"GABAergic","Snhg61"
"Manbal1",-0.446542796847862,7.7011033870518,-3.8177219718669,0.000246214486395185,0.00193632558692285,0.366649149243724,"GABAergic","Manbal1"
"Lrch21",-0.446464065172344,7.69626414369164,-3.13444824913492,0.0023211966713437,0.00968921987600921,-1.65632559718261,"GABAergic","Lrch21"
"Col25a11",-0.446402981073884,7.82388365878153,-3.49263394408537,0.000741817748637773,0.00418262528877545,-0.564797532000444,"GABAergic","Col25a11"
"Srsf91",-0.446197752866881,7.823911672928,-2.7061458305354,0.0081346787890294,0.0262552311500273,-2.59089145932679,"GABAergic","Srsf91"
"Immp1l1",-0.446127741425913,7.80402028951251,-2.94412596766276,0.00411483494386897,0.015072344053546,-2.09801758353767,"GABAergic","Immp1l1"
"Mplkip1",-0.446123021847225,7.92218151679259,-2.66383664690649,0.00914501881133672,0.0289145690315131,-2.68337012926938,"GABAergic","Mplkip1"
"Stat31",-0.446092028900662,7.67361131054292,-3.2843418758925,0.00145433884672249,0.00685206723152092,-1.2518604174433,"GABAergic","Stat31"
"Mtfr1l1",-0.446042596036193,7.64930608211222,-3.94235454130604,0.000158742735281681,0.00146199881083169,0.739919655865645,"GABAergic","Mtfr1l1"
"Igfbp51",-0.445914997754171,7.63463472539441,-2.97218712045033,0.00378747231708378,0.0141327360511783,-2.12053050144722,"GABAergic","Igfbp51"
"Eef1g1",-0.445763814627846,8.02567179312576,-2.72511654953559,0.00771554449946154,0.0251378070985344,-2.49622326616946,"GABAergic","Eef1g1"
"Pdzd21",-0.445462253821526,7.74229221858749,-4.10863692768872,8.72221790414274e-05,0.0010097269047613,1.3129376963794,"GABAergic","Pdzd21"
"Frmd71",-0.445453061801196,7.60203376932484,-4.50632809964224,1.96559088496825e-05,0.000392767652634264,2.64478934042169,"GABAergic","Frmd71"
"1110065P20Rik1",-0.445303099798816,7.84711420863141,-2.4679104731374,0.015469595113415,0.0443760454646195,-3.13094743253709,"GABAergic","1110065P20Rik1"
"Cd461",-0.445265413449813,7.66703691637604,-3.48589723135109,0.000758463816967344,0.00425521517566218,-0.670957451894718,"GABAergic","Cd461"
"Zbed51",-0.44499567896235,7.61887146244714,-4.55622570783028,1.62154394747771e-05,0.000367885930314413,2.82518327728777,"GABAergic","Zbed51"
"Metap1d1",0.444712871598432,8.24992733313153,2.46157008447593,0.0157278045194526,0.0449831883121472,-3.04009896164048,"GABAergic","Metap1d1"
"Ddx201",-0.444692014746087,7.81525361949402,-2.68179353424868,0.00870305401148645,0.0277933351216024,-2.71831781053296,"GABAergic","Ddx201"
"Spock11",0.444659257753235,8.31834869818768,2.55281165512659,0.0123596583545393,0.0369335359653234,-2.85405492063849,"GABAergic","Spock11"
"Hace11",-0.444603027217541,7.92981153510697,-2.51554645569873,0.0136478812311388,0.0400497058591707,-2.96065272205234,"GABAergic","Hace11"
"Zfp95",-0.444009634224376,7.64720830113356,-4.33243196528733,3.80781655752095e-05,0.000567286956528632,2.04422907659067,"GABAergic","Zfp95"
"Glt1d11",-0.443871904194626,7.60161508830072,-4.51581063887551,1.89518534853378e-05,0.000385749832622135,2.67837161574522,"GABAergic","Glt1d11"
"St3gal51",-0.443607320178918,7.93634684458239,-2.91047028354339,0.0045418204255628,0.0163279233723159,-2.08935695741959,"GABAergic","St3gal51"
"Pcdh201",-0.443048143333796,7.61952733454705,-4.18633507154814,6.56027964395607e-05,0.000822354246277726,1.53888490500089,"GABAergic","Pcdh201"
"Csnk1g11",-0.443036559234017,7.81847606837065,-2.8450221362591,0.00549107951328319,0.0190613417510054,-2.33301212548131,"GABAergic","Csnk1g11"
"Dph61",-0.44295650416282,7.69160751447542,-3.11136448048657,0.00249127312806248,0.0101233462734955,-1.72195750698368,"GABAergic","Dph61"
"Mtif31",-0.442846075090074,7.62652452044964,-4.75141545695683,7.5555436757912e-06,0.000323654057613785,3.53111091047191,"GABAergic","Mtif31"
"Tbc1d231",-0.442593005031151,7.95588479622511,-3.17663924916812,0.00203795496678547,0.0087663851430876,-1.41965827876438,"GABAergic","Tbc1d231"
"Dlg31",-0.442558284924539,7.73305386221522,-3.81751637886239,0.000246391048922254,0.00193648696461379,0.372149877383387,"GABAergic","Dlg31"
"Jmy1",-0.442553425507414,7.71115018297783,-3.69037721265866,0.000382068858348094,0.00275027525063796,-0.0287417578434805,"GABAergic","Jmy1"
"Mitf1",0.442481575774862,7.88122345088181,2.93229399598176,0.00426053567659062,0.0155281197493361,-2.0597275680741,"GABAergic","Mitf1"
"Them41",-0.441835608105786,7.67861566417062,-3.12385584131095,0.00239785127739425,0.00992241892379546,-1.69474196143015,"GABAergic","Them41"
"Emc81",-0.441545713824686,7.79986028007817,-3.64792993467575,0.000441412363231407,0.00306734970374356,-0.118616087118257,"GABAergic","Emc81"
"Snrpg1",-0.441312148739868,7.89883372604026,-2.59188335268878,0.0111275483742758,0.033904462392527,-2.83055602635719,"GABAergic","Snrpg1"
"St3gal11",-0.441226811416604,7.67081712203486,-3.50697313508967,0.000707527813998813,0.00409528573384327,-0.607394460376969,"GABAergic","St3gal11"
"Ptch11",-0.440333162574559,7.76942921369216,-3.58148014847807,0.000552177869509133,0.00356160465728084,-0.318811891698595,"GABAergic","Ptch11"
"Zcchc41",0.440253484684418,7.88952050006728,2.49869368661286,0.0142691006763448,0.0414803324885077,-3.09407555806902,"GABAergic","Zcchc41"
"Uba31",-0.43980141310784,7.86274801314924,-3.32107812496952,0.00129405726988326,0.00623660222106847,-1.04234650697986,"GABAergic","Uba31"
"Mdga11",-0.439325930628021,7.59964950755364,-4.51793932607475,1.87971926483904e-05,0.000385749832622135,2.68555718620961,"GABAergic","Mdga11"
"Ino80e1",-0.438157505505659,7.68636327474808,-4.3927670444783,3.03220017083862e-05,0.00047392448513989,2.26255471937107,"GABAergic","Ino80e1"
"Ddr11",-0.438134419543845,7.70949233933456,-3.94782034362907,0.000155685657559932,0.00145376900701186,0.780720644240891,"GABAergic","Ddr11"
"Prdm21",-0.438085529555867,7.75961940473169,-3.47589376551123,0.000783833580108851,0.00436400840249028,-0.656022842978141,"GABAergic","Prdm21"
"Gm42211",-0.437893241712579,7.62409412710741,-4.55236868754429,1.64591049594041e-05,0.000370703253259899,2.81263650564343,"GABAergic","Gm42211"
"Tex2641",-0.43684233920588,7.81473905895286,-2.68351632397483,0.00866168864399692,0.0276897362369917,-2.72893767796594,"GABAergic","Tex2641"
"Svip1",-0.43652625504382,7.69347177553097,-4.17943939841211,6.72908789371493e-05,0.000840966573625401,1.53835883009083,"GABAergic","Svip1"
"Hist2h41",-0.436021242260496,7.60184568163369,-4.07643298322815,9.80609800159859e-05,0.00107219097973426,1.16656438177166,"GABAergic","Hist2h41"
"Setdb21",-0.435790572990309,7.65416681507453,-3.1719191967584,0.00206796054081042,0.0088524975203371,-1.57402246068062,"GABAergic","Setdb21"
"Zcchc121",-0.435581268729925,7.7393496292294,-4.45246258365613,2.41617516905519e-05,0.000427132960797363,2.4501709410997,"GABAergic","Zcchc121"
"Zfp4381",-0.435430750532195,7.60165043649258,-4.07810245474852,9.74686599748907e-05,0.00106909283714964,1.17205439369038,"GABAergic","Zfp4381"
"Bbip11",-0.435312188313108,7.96048996397294,-2.44710724731905,0.0163312714151279,0.0464096813056417,-3.13437465166281,"GABAergic","Bbip11"
"Emc11",-0.435198812857623,7.84150221083488,-2.48951845985333,0.0146178708520166,0.0422861951686542,-3.11832524850729,"GABAergic","Emc11"
"Gnptg1",-0.434761039554316,7.84407299454647,-3.57507426546678,0.000564147208625571,0.0035939768270243,-0.327970289001343,"GABAergic","Gnptg1"
"Fam19a11",-0.434607822616746,7.67639862668541,-3.48011198288863,0.00077303964921635,0.00432136128233103,-0.664189126763604,"GABAergic","Fam19a11"
"Dym1",-0.434154225297964,7.72210593053325,-3.47941562086269,0.000774811839009316,0.00432736945189272,-0.667750108023594,"GABAergic","Dym1"
"Nfs11",-0.433958587122016,7.81482729148935,-3.56711444885628,0.000579362414948741,0.00365154269655352,-0.357653649781529,"GABAergic","Nfs11"
"Acot131",-0.433650693722112,7.78206601934805,-2.56494411504297,0.0119645145016829,0.0359166968954728,-2.9927915066403,"GABAergic","Acot131"
"Paip2b1",-0.43359431646569,7.79193242629145,-3.31817476494744,0.00130609523688875,0.00627998523432368,-1.08477575188795,"GABAergic","Paip2b1"
"Actr81",-0.433592159244212,7.74284270187555,-3.33534245256728,0.00123641153103933,0.00599135771190866,-1.06500962690233,"GABAergic","Actr81"
"Polr1b1",-0.433487514550336,7.5998878186577,-4.01241558874431,0.000123567969337925,0.00123567969337925,0.954196983752706,"GABAergic","Polr1b1"
"Ccser21",-0.433267194535085,7.90847456957173,-3.21949072715192,0.00178353423655561,0.00793605588944251,-1.30831431972903,"GABAergic","Ccser21"
"Fam122b",-0.432724572176447,7.60206160506703,-4.30125150164335,4.28044531637042e-05,0.00060808204516277,1.92772147130687,"GABAergic","Fam122b"
"Pcnt1",-0.432397039471045,7.60235089061111,-4.07916318607158,9.70941034048401e-05,0.00106820729011885,1.17580113178599,"GABAergic","Pcnt1"
"Elmod21",-0.432321612213912,7.68416573633554,-3.8911273397608,0.000190325948256422,0.00165055556803787,0.590041809485449,"GABAergic","Elmod21"
"Sphk21",-0.432160129261391,7.62005619946219,-4.7405858871608,7.88609259572221e-06,0.000323654057613785,3.49077173636029,"GABAergic","Sphk21"
"Fam122a1",-0.431430889302905,7.66991708369676,-4.03252256237519,0.000114940039493854,0.0011827577861681,1.03938550642658,"GABAergic","Fam122a1"
"Pcca1",-0.431206240529557,7.87408772649291,-2.87697192705589,0.00500699211220412,0.0176625276044494,-2.21421740472499,"GABAergic","Pcca1"
"Rab2b1",0.430667933722165,7.81461382811505,2.6331768675611,0.00994692648229846,0.0308783015827772,-2.8349447946538,"GABAergic","Rab2b1"
"Zfp401",-0.430590007702984,7.71371852064372,-3.68064074590272,0.000394970529684634,0.00281700245596914,-0.05722959583158,"GABAergic","Zfp401"
"Sharpin1",-0.430585759308408,7.84532523578847,-3.25497127450675,0.00159567025163432,0.00730710989770551,-1.24160950298688,"GABAergic","Sharpin1"
"Lima11",-0.430306252372455,7.71771531800443,-3.42505467750316,0.000925618904204362,0.00480423697247015,-0.829360855439005,"GABAergic","Lima11"
"Ankrd13a1",-0.43025841967753,7.6645643908337,-3.9578291740265,0.000150233039881787,0.0014253360316968,0.793785298086997,"GABAergic","Ankrd13a1"
"N4bp2l11",-0.429965501808204,7.7658992102907,-4.32679515538649,3.88935480965978e-05,0.00057460587128426,2.02240758167929,"GABAergic","N4bp2l11"
"N6amt11",-0.429616517454265,7.74239959254579,-3.22019923030483,0.00177958859481671,0.00792133947692802,-1.4029381253477,"GABAergic","N6amt11"
"Prlr1",-0.429535674859972,7.6174596933712,-4.53035056051068,1.79194913769533e-05,0.000381969836071009,2.73268637921323,"GABAergic","Prlr1"
"Crim11",-0.429362997488821,7.60202495668153,-4.14869736481792,7.53384536867543e-05,0.000913044815626616,1.40830748895983,"GABAergic","Crim11"
"Fgf111",-0.429277846035255,7.6205150213363,-4.71185656039606,8.83254218247589e-06,0.000323654057613785,3.38614303363914,"GABAergic","Fgf111"
"Zfp21",0.429026353683922,7.86644932692731,2.68830061420754,0.00854774973757613,0.0273636506636909,-2.67630812311806,"GABAergic","Zfp21"
"Stoml11",-0.429000813910804,7.71335264923578,-2.81993065089477,0.00590096039889667,0.0201919453888583,-2.43972976245181,"GABAergic","Stoml11"
"Ccdc95",-0.42899481523994,7.65107879505965,-3.76665456511838,0.000293983977837859,0.00223542998346407,0.180488121328473,"GABAergic","Ccdc95"
"Zfp1141",-0.428910317300074,7.61772968453973,-4.68570093633256,9.7895135636774e-06,0.000323654057613785,3.29063947748721,"GABAergic","Zfp1141"
"Tfpt1",-0.428589613344237,7.67370311438905,-2.85553264675599,0.00532728215252704,0.0185758841002699,-2.39812646466129,"GABAergic","Tfpt1"
"Tubgcp41",-0.428341728380033,7.69794110364725,-2.96981894503127,0.00381414091082386,0.0142057289025582,-2.09457625375839,"GABAergic","Tubgcp41"
"Snrpe1",-0.428290501434572,7.80761104526613,-3.53865761952787,0.000636994522061343,0.00385614732623476,-0.448928114648855,"GABAergic","Snrpe1"
"Foxn31",0.428016173659386,7.85074783688977,2.73023273440912,0.00760592761909426,0.0248458967499236,-2.56775070420411,"GABAergic","Foxn31"
"2410021H03Rik1",-0.42781295730017,7.8628691486402,-2.88106951140937,0.00494782905076684,0.0174806230957663,-2.20128784174248,"GABAergic","2410021H03Rik1"
"Ube2i1",-0.427137181922765,7.75491690452924,-2.63343303481204,0.00993997055964786,0.0308700764412407,-2.87334440746306,"GABAergic","Ube2i1"
"Cdo11",-0.427004119456004,7.60060153020422,-4.48503559306101,2.13302926160045e-05,0.000397460857904829,2.56908094760333,"GABAergic","Cdo11"
"Rpp25l1",-0.426732587575053,7.59825733481789,-4.0701203924762,0.000100332033804899,0.00108934430404094,1.14441171195338,"GABAergic","Rpp25l1"
"Nudt161",-0.426559570247246,7.60137998868947,-4.1680458213583,7.01719897891169e-05,0.000865605084200018,1.47331244983443,"GABAergic","Nudt161"
"Pdcd61",-0.426373506228044,7.76599329918413,-2.66479753363979,0.00912086262562164,0.0288586598125271,-2.80092753300091,"GABAergic","Pdcd61"
"Kbtbd111",-0.426284060345734,7.73160602548796,-3.07033875776738,0.0028224494992246,0.0110318044697444,-1.81486276163923,"GABAergic","Kbtbd111"
"Tmem38b1",-0.426149662974472,7.71781857342068,-3.70998639150807,0.000357290149999507,0.00262831698962293,0.0331494110438806,"GABAergic","Tmem38b1"
"Wdr14",-0.425722283298883,7.63784933718455,-4.52777694423565,1.80981678976433e-05,0.000381969836071009,2.72626524726525,"GABAergic","Wdr14"
"Fam234b1",-0.425538274444056,7.73956808128901,-3.59544639163235,0.000526910457921039,0.0034761867180416,-0.307345924138496,"GABAergic","Fam234b1"
"Lrrc44",-0.42551665146053,7.76640982339192,-3.09090999458081,0.00265159109745073,0.0105773852521259,-1.72663406268928,"GABAergic","Lrrc44"
"Ier51",-0.425483195190269,7.69072512431398,-2.90543015150901,0.00460916798318695,0.0165031086760964,-2.26446683478672,"GABAergic","Ier51"
"Tctn31",-0.425143654753943,7.71391423218589,-3.36620389401752,0.00111984077987099,0.00554980801921564,-1.00082160421325,"GABAergic","Tctn31"
"Gid81",-0.425000199064232,7.7156058364484,-3.21599547928927,0.00180311912615318,0.0079916815555575,-1.42434759423823,"GABAergic","Gid81"
"Sh3d191",-0.424743199727033,7.60083171226973,-4.32208462494227,3.95878381504399e-05,0.000583473956587837,1.99929416594212,"GABAergic","Sh3d191"
"Ubqln11",-0.424538293306502,7.78103414479798,-3.46106761984713,0.000822911011743043,0.00447516461688482,-0.673773211938767,"GABAergic","Ubqln11"
"Fbxl12os1",-0.424378583330907,7.65574125761044,-2.99723239656242,0.00351578770920852,0.0133016535640786,-2.04352631436636,"GABAergic","Fbxl12os1"
"Ccp1101",-0.424067676782673,7.70369574808217,-3.37604917016832,0.00108488115125104,0.00541785717787742,-0.976544647758577,"GABAergic","Ccp1101"
"6230400D17Rik1",-0.42401928127097,7.7543575343731,-2.62883639219238,0.0100654590557431,0.0311813147483204,-2.88300162737022,"GABAergic","6230400D17Rik1"
"Ubxn12",-0.424008114090437,7.80387884290657,-2.90650850096642,0.00459468195828643,0.0164607399256162,-2.14893743086648,"GABAergic","Ubxn12"
"Sept12",-0.423872364173996,7.89867222723993,-3.12323372081753,0.00240242584910414,0.00993803492912747,-1.55997641576566,"GABAergic","Sept12"
"Mmgt21",-0.423787313309798,7.66054483023522,-3.84776297034129,0.000221672556705864,0.00182626853647557,0.439037064369868,"GABAergic","Mmgt21"
"Yipf31",-0.423727653603712,7.70695243855172,-3.89771804858848,0.000185949354542438,0.00162509259850117,0.618940946881224,"GABAergic","Yipf31"
"Scrib1",-0.423353706174712,7.64940759762098,-3.24013619949839,0.00167184786657389,0.00757489303548082,-1.38661449845886,"GABAergic","Scrib1"
"Ehd31",-0.423335080814712,7.62768892224853,-3.14921289597287,0.00221814964735727,0.00936937955197542,-1.64935230243717,"GABAergic","Ehd31"
"Magohb1",-0.422996528679142,7.74448863975839,-2.87267813119174,0.00506968532152011,0.0178380478707299,-2.32125529591226,"GABAergic","Magohb1"
"Neurl1a1",-0.422994129432168,7.69395510720793,-3.07309253348222,0.00279899939245878,0.0109610547366404,-1.82368137589432,"GABAergic","Neurl1a1"
"Dcdc2a1",-0.422913616100475,7.60022475986876,-4.49087178983665,2.08580969857456e-05,0.000393071341826442,2.58965909536082,"GABAergic","Dcdc2a1"
"Zbed41",-0.422905379362912,7.6686725146963,-4.44354573938394,2.49981816953188e-05,0.000437556325583789,2.43709589072673,"GABAergic","Zbed41"
"Ldlrad31",-0.422751088199345,7.67439862765583,-3.03455008685162,0.00314426296550475,0.0121068269940782,-1.93621062999809,"GABAergic","Ldlrad31"
"Lcmt11",-0.422707580816074,7.81812975514646,-2.86620588839621,0.00516554994473262,0.0180830676485562,-2.28253385241512,"GABAergic","Lcmt11"
"Zfp1571",-0.422656295059313,8.0148707936824,-2.66963508149444,0.00900012655040195,0.0285510149515563,-2.6166211442364,"GABAergic","Zfp1571"
"Rnf201",-0.422185739420136,8.1402277739169,-2.42453261276058,0.0173145924505093,0.0486140480341221,-3.1072164279675,"GABAergic","Rnf201"
"Mt21",-0.422129334936313,7.59741029629992,-4.11701352414984,8.45972651384293e-05,0.000995120436367685,1.30052793701787,"GABAergic","Mt21"
"Tmtc41",-0.42207034909109,7.60441364129313,-4.04169437761963,0.000111199056335648,0.00115601106534255,1.05219797177357,"GABAergic","Tmtc41"
"Ctps21",0.421778530660558,7.88515645350756,2.45152012145639,0.0161449860674485,0.0459750521103799,-3.20023877596418,"GABAergic","Ctps21"
"Zfp8821",-0.421756154711789,7.59973859639557,-4.21714916432345,5.85445380746831e-05,0.000759976691952738,1.63920423726306,"GABAergic","Zfp8821"
"Meis11",-0.421355189297493,7.60008200453907,-4.41816172229549,2.75354522425953e-05,0.000464918316096065,2.33349752684756,"GABAergic","Meis11"
"Mrps251",-0.421319531505858,7.71889952922678,-3.1824051551804,0.002001851904806,0.0086350302880231,-1.51491080941817,"GABAergic","Mrps251"
"Prkg21",-0.421195013341289,7.67392356062366,-3.90523977266439,0.000181072020410272,0.00159051920527817,0.626748175317625,"GABAergic","Prkg21"
"Fbxl171",-0.421075919512957,7.77049679075885,-3.56272257864116,0.000587922924335911,0.00367562896272477,-0.392309653321907,"GABAergic","Fbxl171"
"Larp61",-0.421032575240561,7.59985497172792,-4.23995673537392,5.37971718147062e-05,0.000714035189540646,1.71695181661247,"GABAergic","Larp61"
"Tbc1d22a1",-0.420908282147169,7.64761896895922,-3.72424412305674,0.00034024114442618,0.0025254859479831,0.0466662199120833,"GABAergic","Tbc1d22a1"
"Slc5a61",-0.420835373644256,7.69981866088842,-2.55750367317176,0.0122054704530853,0.036533981746934,-3.10074664782326,"GABAergic","Slc5a61"
"Sall21",-0.42031842683561,7.59902641862039,-4.16197845783436,7.17542882854204e-05,0.000877311051844401,1.45213978210788,"GABAergic","Sall21"
"Otud7b1",-0.419704432477733,7.77359376501389,-2.46291854385055,0.0156725686612241,0.0448562216526271,-3.22934266623199,"GABAergic","Otud7b1"
"Atp13a11",-0.419602152700481,7.77423159348957,-2.55413021872994,0.0123161518186891,0.0368208730594874,-3.04875819443954,"GABAergic","Atp13a11"
"Ercc51",-0.419541769049556,7.70330996323754,-2.76177151089602,0.00696096325278885,0.0232122487494392,-2.58979739355651,"GABAergic","Ercc51"
"Kl1",-0.419132259787389,7.59741171727478,-4.33684912804125,3.74507603717781e-05,0.00055861050025693,2.04949879345514,"GABAergic","Kl1"
"Sh2b11",-0.419125117527058,7.64245323284823,-4.08733677446435,9.42538933802953e-05,0.0010528270178663,1.21257830822597,"GABAergic","Sh2b11"
"Baiap3",-0.419121023053268,7.68231084773305,-5.23245003460746,1.07329841667539e-06,0.000323654057613785,5.29927574569704,"GABAergic","Baiap3"
"Zfp4141",-0.419105743167876,7.79352216714994,-2.54727168919644,0.0125439678251003,0.0373344720729371,-3.03660224570421,"GABAergic","Zfp4141"
"Alg131",-0.418795835541213,7.72251588046091,-2.69132989273449,0.0084763128943217,0.0271811480668042,-2.73365017343065,"GABAergic","Alg131"
"Eno31",-0.418747724902598,7.60058956381786,-3.96308915049676,0.000147441248581401,0.00140718489274556,0.792864121930091,"GABAergic","Eno31"
"Gatd11",-0.418734455409295,7.6156632723357,-4.7172369716519,8.64727382988822e-06,0.000323654057613785,3.40498507942503,"GABAergic","Gatd11"
"Neil11",-0.418685312112103,7.62651050959819,-3.61528759921205,0.000492891234486879,0.00331173807254042,-0.298322068359888,"GABAergic","Neil11"
"Zfand61",-0.41866803886977,7.87055995905563,-2.97479316987813,0.00375832411951068,0.0140548121120231,-1.94078746271178,"GABAergic","Zfand61"
"0610040B10Rik1",-0.418626578135961,7.74365086886691,-3.17651714248046,0.00203872606067355,0.00876666334475354,-1.50483062395332,"GABAergic","0610040B10Rik1"
"Cpsf11",-0.418510835917951,7.67265377801122,-3.13951285744503,0.00228535720194753,0.00957504486028658,-1.65446470537569,"GABAergic","Cpsf11"
"Dtwd11",-0.418220706941202,7.59914684446883,-4.30586476269247,4.20711399584666e-05,0.000604285702412697,1.94287200337488,"GABAergic","Dtwd11"
"Ggh1",-0.418028741748699,7.82197746614951,-3.706972183063,0.000360997002560248,0.0026477380625134,0.0591763837588113,"GABAergic","Ggh1"
"BC0039651",0.41796075802671,7.90897968627614,2.46031404647382,0.0157794111207063,0.0451018648904018,-3.15866418471909,"GABAergic","BC0039651"
"Hist1h2bc1",-0.41788324948509,7.59706296215792,-4.46561295388199,2.29774026827296e-05,0.000418107869930608,2.49969593198837,"GABAergic","Hist1h2bc1"
"Tarbp11",-0.417835034297534,7.66827071568255,-4.31426110007651,4.07674538430025e-05,0.000593807631680353,1.98986308087594,"GABAergic","Tarbp11"
"Dtd21",-0.417735469883658,7.61688348559138,-4.72045747796206,8.53819122515929e-06,0.000323654057613785,3.41687296281821,"GABAergic","Dtd21"
"Cdk81",-0.417571536551991,7.86123423884417,-2.732461612489,0.00755861810918971,0.0247173783228048,-2.57533254507881,"GABAergic","Cdk81"
"Pole41",-0.417504733038229,7.71764856354691,-3.09371101549239,0.00262908457554214,0.0105180333921592,-1.75744071260073,"GABAergic","Pole41"
"Neurod11",-0.416993487188918,7.59940737652819,-4.30409725129674,4.23506563092924e-05,0.000605590065903231,1.93684728535298,"GABAergic","Neurod11"
"Ppp4r11",-0.416842309967647,7.71052428886286,-3.46076120170716,0.000823737696731326,0.00447769812371255,-0.718159400114647,"GABAergic","Ppp4r11"
"Ica1l1",-0.416675524915681,7.72827256778326,-3.20808552083564,0.00184818518679379,0.00814487861083484,-1.44260445898719,"GABAergic","Ica1l1"
"Fgfr11",-0.416658239573495,7.64412253105004,-4.25203576525218,5.14353875857314e-05,0.000690011555647415,1.7674640399744,"GABAergic","Fgfr11"
"Foxk11",-0.416639540181306,7.59905057469662,-4.30081521266032,4.28744391230801e-05,0.00060808204516277,1.925442339603,"GABAergic","Foxk11"
"Mfn11",-0.416556215848962,7.90760838876999,-3.17565618131491,0.00204417068953786,0.00878398831619281,-1.42376409331513,"GABAergic","Mfn11"
"Znrd11",-0.416462739510661,7.72919010940199,-3.25230185880472,0.00160913345994233,0.00736061416803697,-1.31930233839942,"GABAergic","Znrd11"
"Rhot21",-0.416283430033983,7.774969625358,-2.52901455254512,0.0131690038775696,0.0388834970546368,-3.07796118532836,"GABAergic","Rhot21"
"Surf21",-0.416232058313341,7.77041954999016,-2.90230343803326,0.00465140876759476,0.0166159996562611,-2.20064492168448,"GABAergic","Surf21"
"Ybx21",-0.416153661112633,7.59702041917614,-4.47637698785894,2.20499512941245e-05,0.00040720222553584,2.53770233709319,"GABAergic","Ybx21"
"Wbp12",-0.415667510424765,7.84977473768337,-2.46029164634757,0.0157803328431414,0.0451018648904018,-3.19797398622543,"GABAergic","Wbp12"
"Trmu1",-0.415314584312334,7.59869562782117,-4.29518913424559,4.37868737672734e-05,0.000616793533997574,1.90597101835256,"GABAergic","Trmu1"
"Cyth41",-0.415182839808235,7.59849338606686,-4.49642060695704,2.04185435847754e-05,0.000392859109902423,2.60895797046072,"GABAergic","Cyth41"
"Tatdn21",-0.415075420105076,7.60012666640621,-4.01764586809142,0.0001212657516819,0.00122250851208154,0.971492424112704,"GABAergic","Tatdn21"
"Hps51",-0.415018008792139,7.71597054354657,-4.85961387408175,4.91194038332111e-06,0.000323654057613785,3.90052776355986,"GABAergic","Hps51"
"Tmem1751",-0.414827522692175,7.59855469007768,-4.47046350854101,2.25548904851875e-05,0.000412754979685539,2.51715094681591,"GABAergic","Tmem1751"
"Cavin31",-0.41467787909699,7.59971293173236,-4.20691864847472,6.08027193595198e-05,0.000775500254112684,1.60442652222711,"GABAergic","Cavin31"
"A630089N07Rik1",-0.414292156180675,7.77125890515136,-3.00813866109857,0.00340321009726558,0.0129432538483193,-1.94436687196016,"GABAergic","A630089N07Rik1"
"Tcof11",-0.413881315154638,7.64804164155167,-3.6311902494762,0.000467138971684598,0.00318352259121684,-0.240197068790726,"GABAergic","Tcof11"
"Drc11",-0.41382456780576,7.59806547115488,-4.29078425029017,4.45142949820811e-05,0.000624028740789203,1.89063883311057,"GABAergic","Drc11"
"Rb11",-0.413533709954327,7.64437548498814,-3.87258328119309,0.000203174456244805,0.00173410935488173,0.51308295865837,"GABAergic","Rb11"
"Rps6ka51",-0.413372059993608,7.69590041565038,-3.25177765995904,0.00161178971323271,0.00737004802550404,-1.33354835159467,"GABAergic","Rps6ka51"
"Nsmf1",-0.413367263276118,7.9573130243,-2.68467316633848,0.00863401239956281,0.027622607341731,-2.61207115167979,"GABAergic","Nsmf1"
"Tln21",-0.413283609400906,7.85841742651769,-2.67046126501259,0.00897965221834506,0.028493348000425,-2.7018902606336,"GABAergic","Tln21"
"Nutf21",-0.413062269714168,7.74582060390449,-2.65813763025022,0.00928948614750934,0.0292669517874057,-2.80154959915398,"GABAergic","Nutf21"
"Rundc3b1",-0.412349195633233,7.74365159963459,-3.09134070465995,0.00264811868484373,0.0105703290057609,-1.75296559124387,"GABAergic","Rundc3b1"
"Dbi1",-0.412253671394819,7.78266512382708,-2.4992841276642,0.0142469144208021,0.041435249112293,-3.18819674674083,"GABAergic","Dbi1"
"Tma161",-0.412236233393114,7.75162252175099,-2.56198424786779,0.0120598504733477,0.0361678937588797,-3.03967046986604,"GABAergic","Tma161"
"Efcab21",-0.412231996145733,7.59817838389977,-4.4406554273311,2.5275261363057e-05,0.000440542125724069,2.41203103702141,"GABAergic","Efcab21"
"Stam21",-0.41190296368941,7.78891072949563,-2.829294310893,0.00574482889949353,0.0197379088158125,-2.39190569564557,"GABAergic","Stam21"
"Sox111",-0.411633722473038,7.66814802061845,-4.47133731398957,2.24795799991816e-05,0.000412754979685539,2.53458916304365,"GABAergic","Sox111"
"Thrsp1",-0.410930275022316,7.63165407228925,-2.83678227045436,0.00562270827005395,0.0194204869555718,-2.46982824827503,"GABAergic","Thrsp1"
"B3galt61",-0.41059016560803,7.64222861556927,-4.06767707428334,0.000101224532827052,0.00109089162069397,1.14713404993911,"GABAergic","B3galt61"
"Dok61",-0.41047323598722,7.69863824462884,-4.18141372170293,6.6803336359532e-05,0.000835715125223581,1.54711242204575,"GABAergic","Dok61"
"Sirt51",-0.409899978707686,7.73002827801356,-3.63455791009481,0.000461851702859307,0.00315789511431625,-0.190640600409511,"GABAergic","Sirt51"
"Prrt11",-0.409869040615413,7.91440245220438,-2.7229436190375,0.00776253457567942,0.0252610037642241,-2.53088574164359,"GABAergic","Prrt11"
"Calb21",-0.408837061967067,7.59838964727338,-4.44704009186249,2.46671161487163e-05,0.000434827999155639,2.4345402703687,"GABAergic","Calb21"
"Rps27l1",-0.408777122096168,7.61054381526959,-4.8392068713594,5.32957732636686e-06,0.000323654057613785,3.85222723213096,"GABAergic","Rps27l1"
"Fam109a1",-0.408724983889001,7.59736950594222,-4.10476721635581,8.84610517997218e-05,0.00101836888018047,1.25955118507903,"GABAergic","Fam109a1"
"Taf31",-0.408631100513925,7.71345052180035,-3.03584917410489,0.00313200999626356,0.0120633904573652,-1.91334293165169,"GABAergic","Taf31"
"Ercc61",0.408531749731333,7.74507889475569,2.68917993309829,0.0085269573631005,0.0273082686131812,-2.76065916045424,"GABAergic","Ercc61"
"Ehd11",-0.408459251326704,7.59809585952047,-4.37605735641669,3.23021114284296e-05,0.000495511993605453,2.18589642794977,"GABAergic","Ehd11"
"BC0033311",-0.408401401955298,7.94802938086849,-2.62769530091732,0.0100968322841159,0.0312550981905407,-2.72785579442038,"GABAergic","BC0033311"
"Gpr191",-0.408100389766664,7.71146340626096,-3.54992542987884,0.000613554428561745,0.00375269120672807,-0.453939627336692,"GABAergic","Gpr191"
"Dact31",-0.408076522884396,7.59584292566928,-4.10752391771245,8.7576787317911e-05,0.00101100272615374,1.26824011205565,"GABAergic","Dact31"
"Qdpr1",-0.407964811568905,7.79596446243332,-2.62770245277858,0.0100966353750763,0.0312550981905407,-2.81995060356019,"GABAergic","Qdpr1"
"Slc6a91",-0.407784050918815,7.59243103866658,-4.38182493990007,3.16049358526397e-05,0.000487484996596268,2.20444149666668,"GABAergic","Slc6a91"
"Gss1",-0.407781338441462,7.59660374512505,-4.47337448267877,2.23049464438769e-05,0.000410688999063075,2.52699810190168,"GABAergic","Gss1"
"Ddn1",-0.407617454710489,7.62482905134253,-4.16270947949726,7.156184404144e-05,0.000876449077405417,1.45996468890573,"GABAergic","Ddn1"
"Jmjd61",-0.407542825149335,7.80985162434875,-2.85360066961844,0.00535704975398252,0.0186567127691602,-2.30489834748437,"GABAergic","Jmjd61"
"Tmem39a1",-0.407530207003564,7.86729159568421,-2.47572302754974,0.0151566522278399,0.0435806427589186,-3.16240801266249,"GABAergic","Tmem39a1"
"Fsbp",-0.407460966727484,7.59714233593296,-4.16698397438151,7.0446463488699e-05,0.000866710646517802,1.46843406859858,"GABAergic","Fsbp"
"Tmem184c1",-0.407236878993406,7.95684109617039,-2.79052643143923,0.00641686538254295,0.0216844312603966,-2.36574467098724,"GABAergic","Tmem184c1"
"Cdk61",-0.407144332277565,7.59901456589327,-4.42909492890822,2.64134943333966e-05,0.000456013964969846,2.3716048501751,"GABAergic","Cdk61"
"Pkib1",-0.40709881569466,7.62581025242712,-4.7608972744134,7.27721959211628e-06,0.000323654057613785,3.56569250214079,"GABAergic","Pkib1"
"Galnt161",-0.406978904484819,7.86370546353602,-2.81132253991296,0.00604791386003473,0.0206307341954456,-2.34874699010622,"GABAergic","Galnt161"
"Nos11",-0.406965035853518,7.65800666352806,-5.00926224733873,2.68564024332502e-06,0.000323654057613785,4.47971081120684,"GABAergic","Nos11"
"mt-Nd41",-0.406572808031166,7.59132022953546,-4.27800005689069,4.66920498831497e-05,0.000643116913484892,1.84456264576195,"GABAergic","mt-Nd41"
"Nme71",-0.406518646472239,7.6863469605763,-3.42750617485185,0.00091826087454635,0.00478204677008821,-0.821689363121995,"GABAergic","Nme71"
"Acsl51",-0.406434485129383,7.6541818183628,-3.84353084541872,0.000224982929333417,0.00183354725618851,0.422785552106288,"GABAergic","Acsl51"
"Rpp251",0.406342586105213,7.78642053059657,2.66918174377248,0.00901137908242526,0.0285721038356917,-2.76533291886003,"GABAergic","Rpp251"
"Pdxp1",-0.406294692021877,7.78205487168219,-2.98523810146219,0.00364356735304788,0.0136812922394324,-1.9983040233484,"GABAergic","Pdxp1"
"Gin11",-0.406195591343701,7.83821918568138,-2.94457243602961,0.00410942812994138,0.0150614303285802,-2.06721366616766,"GABAergic","Gin11"
"Mmab1",-0.406126750300102,7.6706991578542,-3.50255366973059,0.000717933339003716,0.00411854269846685,-0.61864740671206,"GABAergic","Mmab1"
"Gm383941",-0.406117549082193,7.62321361232925,-3.87062467107678,0.00020457887283867,0.00174250090043095,0.499305268420599,"GABAergic","Gm383941"
"Ece21",-0.405980834459575,7.76712357426102,-3.14692953709256,0.00223380232706879,0.00942266719202028,-1.56557408418063,"GABAergic","Ece21"
"Ccdc431",-0.40587287219942,7.71655800784659,-3.09788457706271,0.00259587866190315,0.0104083403779324,-1.74755551999742,"GABAergic","Ccdc431"
"Pde7a1",-0.405859790625012,8.0190147369049,-2.45859892168338,0.0158501246572364,0.0452685525259409,-3.0717412556478,"GABAergic","Pde7a1"
"Nol61",-0.405654750259437,7.68309220319073,-4.13982108865105,7.78291733417453e-05,0.000935910892607615,1.40292746165834,"GABAergic","Nol61"
"Etfdh1",-0.405616537138884,7.79871357046676,-3.39195862906039,0.00103054889705806,0.00519882594003682,-0.859221691337419,"GABAergic","Etfdh1"
"Stx31",-0.405609761264349,7.87322241902641,-2.98253577553107,0.00367294265816586,0.0137666017480635,-1.9283834705688,"GABAergic","Stx31"
"Rif11",-0.405556789472858,7.78739092426682,-3.62891138612945,0.000470749325318398,0.00320109541216511,-0.172897576687419,"GABAergic","Rif11"
"Zfp2361",-0.405369431115108,7.67136715658464,-3.64458804162392,0.000446438511844877,0.00308486293105575,-0.190516666430842,"GABAergic","Zfp2361"
"Map2k21",-0.405152857936701,7.91364627770445,-2.45440034113072,0.0160244265773715,0.0457051560159,-3.1597149152784,"GABAergic","Map2k21"
"Iah11",-0.405065991921156,7.73805112549091,-3.70777859182948,0.000360001720709106,0.00264396353821319,0.0413211855377336,"GABAergic","Iah11"
"Dgka1",-0.405004465557836,7.59852508308326,-4.44540067758679,2.48219078412291e-05,0.000436403434760858,2.42880163087565,"GABAergic","Dgka1"
"Arid21",-0.404892355770727,7.76825062458343,-3.04348704293644,0.00306086015951955,0.0118297335968974,-1.85024551592941,"GABAergic","Arid21"
"Etf11",-0.404361140494398,7.87281147624426,-2.43626234779588,0.0167972597226855,0.0474405992622956,-3.22174572350519,"GABAergic","Etf11"
"2310039H08Rik1",-0.404339468057525,7.69210807667118,-3.54056303651986,0.00063297213751736,0.00384116588097332,-0.49782241597962,"GABAergic","2310039H08Rik1"
"Snx321",-0.404236061487256,7.9898255294108,-2.78180899672361,0.00657756011876012,0.0221392788374866,-2.37095646490505,"GABAergic","Snx321"
"Tubb4b1",-0.404075035004186,7.8435558222577,-2.48174490992991,0.0149193178620112,0.0430078361597116,-3.17136138557836,"GABAergic","Tubb4b1"
"Ppp1r1a1",-0.404073315216529,7.78081081257044,-2.7910094980998,0.00640806655464547,0.0216627910496187,-2.50269043904679,"GABAergic","Ppp1r1a1"
"Bcorl11",-0.40373803814906,7.59624580381427,-4.38625110688801,3.10797867629018e-05,0.000481523288049453,2.22097164398127,"GABAergic","Bcorl11"
"Agps1",-0.403622607738034,7.71342525568264,-3.29775935176582,0.00139375513677277,0.00663718390151577,-1.1960607435668,"GABAergic","Agps1"
"Wdr431",-0.403558640626387,7.87647304829026,-3.18876825958895,0.00196270255890575,0.00854916461793289,-1.3918572370046,"GABAergic","Wdr431"
"Polh1",-0.403480432910311,7.59783188953895,-4.41981104605104,2.73632975259672e-05,0.000464065168230527,2.33875888997869,"GABAergic","Polh1"
"Slc35f61",-0.403363333000465,7.66287226115132,-4.17839870214073,6.75492458178278e-05,0.000842498633768083,1.52243551869659,"GABAergic","Slc35f61"
"Zfp3691",-0.403289118040687,7.78633836888821,-3.66780612972756,0.000412610685195429,0.00292432815721032,-0.0611096482628781,"GABAergic","Zfp3691"
"Flii1",-0.402997928791526,7.62375667545154,-3.96314227385834,0.000147413307664121,0.00140718489274556,0.798224088989796,"GABAergic","Flii1"
"Lin7c1",-0.402836169787966,7.81506456693626,-3.52172091151838,0.000673825985232364,0.00399850403070129,-0.4876670257588,"GABAergic","Lin7c1"
"Dhodh1",-0.40280574716607,7.5972691341917,-4.46383693986724,2.31340107111211e-05,0.000418503021756579,2.49347586476416,"GABAergic","Dhodh1"
"Psmd21",-0.402635807911346,7.70978664278966,-3.45120726903068,0.000849909613226395,0.00453260777831524,-0.746793794095902,"GABAergic","Psmd21"
"Morc41",-0.402533504139482,7.6264689297475,-3.65580075931141,0.000429786083175668,0.00300740762825413,-0.174035401470557,"GABAergic","Morc41"
"Jkamp1",-0.402352018671817,7.92667643224051,-2.75820557390871,0.00703129653051903,0.0234125006556859,-2.45503812704534,"GABAergic","Jkamp1"
"Apba11",0.402318886094648,7.89019704031708,2.56653144533686,0.0119136676082372,0.0357986961303205,-2.92834305244551,"GABAergic","Apba11"
"Catsper21",-0.402123535462097,7.59421877846177,-4.06949213244242,0.000100560801732694,0.00109087373208281,1.14085726154211,"GABAergic","Catsper21"
"Eif2d1",-0.40179020824085,7.77036366275375,-2.60969192159864,0.0106036726606694,0.0325883055272182,-2.90335369829075,"GABAergic","Eif2d1"
"Gm446431",-0.401689136688042,7.67264796810712,-2.74370680194982,0.00732399594526972,0.0241153594271152,-2.6756439161127,"GABAergic","Gm446431"
"Pgm31",-0.401491105706357,7.67110276881246,-3.94144798644133,0.000159255300579597,0.00146199881083169,0.743101350769126,"GABAergic","Pgm31"
"Mettl151",-0.401208606711859,7.66880775657267,-3.85750591039623,0.000214227393871981,0.001785468071156,0.472509977849604,"GABAergic","Mettl151"
"Slc31a11",-0.400975634131019,7.66534351289457,-3.97397238751537,0.000141821679700893,0.00136859023723801,0.846271474697739,"GABAergic","Slc31a11"
"Mxd11",-0.400819126631756,7.64454112427099,-4.09770673690164,9.07651085697526e-05,0.00104006924963124,1.24769687128164,"GABAergic","Mxd11"
"Actr1a1",-0.400813562420677,7.79116537597858,-2.80515011372474,0.00615534142357031,0.0209396346125295,-2.45048287700429,"GABAergic","Actr1a1"
"Ndst41",-0.400793959344028,7.78088518232396,-3.44477081958841,0.00086798138868535,0.00458563177249263,-0.72287414150346,"GABAergic","Ndst41"
"Fndc51",-0.400764700590935,7.7855859865886,-3.13986111928206,0.00228291177578593,0.00957504486028658,-1.58343998652772,"GABAergic","Fndc51"
"Pcdhgc51",-0.400370340766054,7.62276399692376,-3.93172570885652,0.000164852734378302,0.00148943966769118,0.695920389609445,"GABAergic","Pcdhgc51"
"Cdc42bpb1",-0.399785567646894,7.66829982927755,-3.87570092672689,0.000200957929067647,0.00172110966164906,0.530613707240886,"GABAergic","Cdc42bpb1"
"Eif2b41",-0.399762854580541,7.7217635950374,-2.96270061769631,0.00389534989179612,0.0144431706475022,-2.09879632999427,"GABAergic","Eif2b41"
"Cpne91",-0.399554087481857,7.59477278498013,-3.96822754661671,0.000144761977793963,0.00139155394610618,0.807372389014285,"GABAergic","Cpne91"
"Lin541",-0.399422424703826,7.66556663278124,-3.49497025939207,0.000736125825698241,0.00415808898357541,-0.644818600672466,"GABAergic","Lin541"
"Chrd1",-0.399265608277906,7.6585807407974,-3.98887469338713,0.000134458587448045,0.00132116474285846,0.892682530584043,"GABAergic","Chrd1"
"Slc44a11",0.399156276998299,7.87346717277035,2.51236091613483,0.0137634100230674,0.0403315037511847,-3.05650926366586,"GABAergic","Slc44a11"
"Slc24a41",-0.399101255741829,7.62373585785727,-4.05475388898991,0.000106073263622062,0.00112606432981163,1.09914988713175,"GABAergic","Slc24a41"
"Cacna1b1",-0.398962629830027,7.82202943657183,-2.61813677676787,0.0103631312717665,0.0319201933687322,-2.86511465365789,"GABAergic","Cacna1b1"
"Wdr781",-0.398937724451631,7.71086426928315,-2.79256998773202,0.00637971833463129,0.0215904839194912,-2.5087528877238,"GABAergic","Wdr781"
"Coq51",-0.398532714593123,7.86475455959211,-2.47877293195951,0.0150360302456488,0.0433140982703115,-3.15292978688027,"GABAergic","Coq51"
"Mest1",-0.39817764986346,7.80825940864582,-2.79738700070122,0.00629293343904945,0.0213375147482524,-2.38472130674435,"GABAergic","Mest1"
"Fam78b1",-0.398088894143511,7.59606255990351,-4.48951933130825,2.09666129900339e-05,0.000393071341826442,2.58398138739495,"GABAergic","Fam78b1"
"Sec23a1",-0.397804945685196,7.76772832976939,-2.58490085594282,0.0113392524435315,0.0344519925799002,-2.96199231315658,"GABAergic","Sec23a1"
"Hba-a11",-0.397533721781479,7.63734574254,-4.25024733253854,5.17786656717856e-05,0.000693175017245804,1.75940537156243,"GABAergic","Hba-a11"
"Skp21",0.397482091832828,7.91122949736479,2.5477686060062,0.0125273354396866,0.0373173866554276,-2.96021154854504,"GABAergic","Skp21"
"Sri1",-0.397463683228416,7.62100293667331,-3.86291293481373,0.000210199177547508,0.00176041050511355,0.473743658564699,"GABAergic","Sri1"
"Rab26os1",-0.39743228798984,7.62316449257703,-3.51070788035188,0.000698845666869734,0.00408048475074475,-0.615252810798602,"GABAergic","Rab26os1"
"Cep57l11",-0.39737227229618,7.75966263656085,-3.17440552920842,0.00205210384538784,0.0087967560349786,-1.49749607189718,"GABAergic","Cep57l11"
"Ptpn24",-0.396912839948547,7.78276917107862,-2.44116286014782,0.0165852423811129,0.0469807938711734,-3.27773787938856,"GABAergic","Ptpn24"
"B9d11",-0.396882181330778,7.70507478732259,-3.59684671122122,0.000524438346326929,0.0034703797101184,-0.319398919618754,"GABAergic","B9d11"
"Slc35a41",-0.396750028990549,7.59473212052308,-4.35428446426246,3.50702827056956e-05,0.00053184289324445,2.10924678603535,"GABAergic","Slc35a41"
"Coro1a1",-0.396617087362344,7.73967322551157,-2.92255287803326,0.00438404320190262,0.0158803199461796,-2.19691084272539,"GABAergic","Coro1a1"
"Tpd52l11",-0.396544611905076,7.66542856610069,-3.90114900718471,0.000183709236392752,0.00160664666922766,0.61092522563614,"GABAergic","Tpd52l11"
"C2cd21",-0.396373697101136,7.64058868813486,-4.19080060721051,6.45314327926767e-05,0.000811383060746826,1.55806689194478,"GABAergic","C2cd21"
"Pmvk1",-0.396372080177758,7.64224773781626,-3.86619439961978,0.0002077898639713,0.00175583763904002,0.491180691260067,"GABAergic","Pmvk1"
"5033403F01Rik1",-0.396182787149751,7.59469439193855,-4.44491117232725,2.48683081947716e-05,0.000436403434760858,2.4261618416154,"GABAergic","5033403F01Rik1"
"Gm122581",-0.396031155617037,7.81344713411295,-2.83734983186621,0.00561354971241498,0.0193996524452993,-2.34784502163639,"GABAergic","Gm122581"
"Prdm81",-0.396023832964925,7.61877213929452,-4.05283462777171,0.000106812096340648,0.00113100521807802,1.09142262920529,"GABAergic","Prdm81"
"Polr3b1",-0.395461448267988,7.5799418375712,-3.56249585798332,0.000588368075008177,0.0036765598241951,-0.477443244472054,"GABAergic","Polr3b1"
"Cacnb11",-0.394865509412901,7.61551073400573,-4.21461335089154,5.90966225475678e-05,0.00076315201437598,1.63344745345727,"GABAergic","Cacnb11"
"Prr121",-0.394845849718642,7.59345820734208,-4.35406695373039,3.50990595944564e-05,0.00053184289324445,2.10810899524582,"GABAergic","Prr121"
"Dpyd1",-0.394817148060715,7.59394082906169,-4.41230162226359,2.81556306804296e-05,0.000465471852995235,2.31144173463791,"GABAergic","Dpyd1"
"Crbn1",-0.394773133430824,7.7859549600647,-3.55797035250617,0.000597320601750894,0.0037026716622021,-0.388787426479572,"GABAergic","Crbn1"
"Ankrd501",-0.394715317792413,7.6433369361996,-4.11975176136855,8.37557826116484e-05,0.000988971705243156,1.32107349134864,"GABAergic","Ankrd501"
"Camsap11",-0.394693154248813,7.78334070144288,-2.8868659120384,0.00486523481547912,0.017265531615698,-2.24010232975175,"GABAergic","Camsap11"
"Fuca11",-0.394591431096438,7.71211432871264,-3.543981563682,0.000625815672375358,0.00380331659852017,-0.475815317021589,"GABAergic","Fuca11"
"Soat11",-0.394519922953211,7.83472716119542,-2.89926650920334,0.00469277743833975,0.0167493149294784,-2.15113865775307,"GABAergic","Soat11"
"Anks31",-0.393834086828945,7.76123645461338,-2.54929276072572,0.0124764439527071,0.0371925701304576,-3.04560066231676,"GABAergic","Anks31"
"Spata241",-0.393787418797631,7.62287518539155,-3.87078678420145,0.000204462279053261,0.00174250090043095,0.49965206017298,"GABAergic","Spata241"
"Fis11",-0.393309323154399,7.97544623696905,-2.63932917623479,0.00978108043120622,0.0304829754272399,-2.69292646340183,"GABAergic","Fis11"
"Pttg1ip1",-0.393296778694321,7.68524208390403,-4.02470734626815,0.000118222628937893,0.00120221234236378,1.02204807778116,"GABAergic","Pttg1ip1"
"Eqtn1",-0.393153789847055,7.59428824615093,-4.44460734738783,2.48971500250352e-05,0.000436403434760858,2.42498589096141,"GABAergic","Eqtn1"
"Car121",-0.393151730224949,7.6200709492505,-4.06890257987668,0.000100775930271091,0.00109089162069397,1.14488772164261,"GABAergic","Car121"
"Rasl10a1",-0.39305195736575,7.61877710609781,-4.16689984154725,7.04682548216327e-05,0.000866710646517802,1.47228108453919,"GABAergic","Rasl10a1"
"Mc4r1",-0.393049673593512,7.59276060960994,-4.28099552811225,4.61727495563395e-05,0.000638088888634937,1.85535590487282,"GABAergic","Mc4r1"
"Dennd5b1",0.392816298321272,8.1756923572594,2.57509257662848,0.0116427725492703,0.0351720563136427,-2.81684978833807,"GABAergic","Dennd5b1"
"Itgb81",-0.392218686273353,7.74740304895916,-2.49587749907889,0.014375347900339,0.0417333931098536,-3.19059088710192,"GABAergic","Itgb81"
"Asic21",-0.392203921083926,7.76483844327118,-2.74650653301203,0.00726662387041684,0.0239726503668805,-2.62216020826066,"GABAergic","Asic21"
"Aars21",-0.391955999539846,7.6350481211487,-4.27403520977773,4.73880658436766e-05,0.000649101431699809,1.84004962699297,"GABAergic","Aars21"
"Slc12a21",-0.391784937837243,7.74960223347745,-2.74669309191066,0.00726281551446002,0.0239711543974598,-2.61911711777826,"GABAergic","Slc12a21"
"Amfr1",-0.39173092572479,7.81757711783865,-2.53058896122851,0.0131140210882303,0.0387672705347638,-3.07792754104614,"GABAergic","Amfr1"
"Dclre1a1",-0.39168998079874,7.62582360456399,-3.83463817125542,0.000232093129829775,0.0018558477713837,0.385148729749531,"GABAergic","Dclre1a1"
"Pradc11",-0.391661679457675,7.68783516722375,-3.36045298011563,0.00114074877631203,0.00562219710644649,-1.0271687339445,"GABAergic","Pradc11"
"Coro61",0.391452578918768,8.19430969742871,2.42802920047684,0.0171589109744915,0.04831905722565,-3.11471372864053,"GABAergic","Coro61"
"Rbm15b1",-0.390717879767352,7.59267299291003,-4.37822739938078,3.20380750766075e-05,0.000492069940223638,2.19196704153105,"GABAergic","Rbm15b1"
"Ranbp31",-0.3906935925726,7.63821007152667,-4.0480757490054,0.000108665412841565,0.00114574152367359,1.08090350521841,"GABAergic","Ranbp31"
"Gpld11",-0.390689806872554,7.59250316649446,-4.36955963555768,3.31053372257499e-05,0.000505334852363537,2.161708601658,"GABAergic","Gpld11"
"Sys11",-0.390672435552951,7.80237332057426,-3.65461984189349,0.000431511733655226,0.00301523683257959,-0.097128567260838,"GABAergic","Sys11"
"Rbbp41",-0.39038963212038,7.8366313856901,-3.30622398620774,0.00135676059430333,0.00649067707885676,-1.08819624701413,"GABAergic","Rbbp41"
"1810030O07Rik1",-0.390250988877577,7.66271599211068,-3.50193224705055,0.00071940800158523,0.00412181592782673,-0.624404568088761,"GABAergic","1810030O07Rik1"
"Elfn11",-0.390049814791675,7.6786374482263,-3.76730997108338,0.000293318457468287,0.00223317917618493,0.191373027259763,"GABAergic","Elfn11"
"Gclc1",-0.389861022306816,7.81547970409624,-2.64367822809197,0.00966535992919453,0.0302057710202226,-2.81084207383735,"GABAergic","Gclc1"
"Tcf31",-0.389590783194445,7.74076699053444,-2.95854929914815,0.00394344400591146,0.0145904740752884,-2.08735653978279,"GABAergic","Tcf31"
"Lmbr1l1",-0.389422227593551,7.62405604805171,-3.85653077476633,0.000214961666088367,0.00178918462518889,0.454307935475275,"GABAergic","Lmbr1l1"
"Clint11",-0.389336468193226,7.6214987063477,-4.00230270087379,0.000128138691636248,0.00127317947414398,0.925610239564133,"GABAergic","Clint11"
"Neurod21",-0.388816319851308,7.61949641305973,-3.91591818497942,0.000174357324261183,0.0015488721503803,0.643761557883301,"GABAergic","Neurod21"
"Clip31",-0.388772280384482,7.71843126985399,-2.42879362448088,0.0171250426366001,0.0482455798229755,-3.36642755913888,"GABAergic","Clip31"
"Lrba1",-0.388693765304361,7.78248428422647,-2.4773375992285,0.0150926893517129,0.0434369839644612,-3.15767694565115,"GABAergic","Lrba1"
"Gm270101",-0.388681457559859,7.62316491281136,-3.47380088948141,0.00078924164120625,0.00437644717040642,-0.725061981713678,"GABAergic","Gm270101"
"Lrtm21",-0.388077394690865,7.64297482173929,-3.69593669366806,0.000374882691907116,0.00272063988688147,-0.0441313528405907,"GABAergic","Lrtm21"
"Efcab13",-0.387818860652321,7.63156861976675,-3.72438553688211,0.00034007598568908,0.0025254859479831,0.039832800128492,"GABAergic","Efcab13"
"Donson1",-0.387799309262888,7.69140660195453,-3.30611368984184,0.00135723666556272,0.00649067707885676,-1.1692906691654,"GABAergic","Donson1"
"Tceal91",-0.387631650783216,7.94241275619392,-2.83454271709453,0.0056589811077459,0.0195023481108377,-2.26883810158666,"GABAergic","Tceal91"
"Vps111",-0.387475179900179,7.77762305426469,-3.6472936638802,0.000442365146340505,0.00307204894576702,-0.126454254033962,"GABAergic","Vps111"
"Paxx1",-0.387430132270625,7.8392259551159,-2.47862634402866,0.0150418079923036,0.0433206862809207,-3.17593962999468,"GABAergic","Paxx1"
"Eps15l11",-0.387283023511867,7.68965116360284,-3.44819888415828,0.000858311724870475,0.00455393266594382,-0.762282619030742,"GABAergic","Eps15l11"
"Chmp2a1",-0.38668532939556,7.91848390119668,-2.66063910811475,0.00922582185574684,0.0291078921428726,-2.67805893960324,"GABAergic","Chmp2a1"
"Gm493591",-0.386672651353281,7.76667628164931,-3.0681823751616,0.00284093961048356,0.011083326176077,-1.78708832257096,"GABAergic","Gm493591"
"Saysd11",-0.386526069110701,7.69461283228989,-2.99911235451525,0.00349613972758249,0.0132404919211055,-2.0184449965197,"GABAergic","Saysd11"
"Mllt61",-0.38590707495513,7.62370560859822,-3.7650170329735,0.000295653070330921,0.00224407009345977,0.164177392779191,"GABAergic","Mllt61"
"Otud51",-0.385882872603098,7.71984643993477,-3.29539991861972,0.00140423429100398,0.00667428094651834,-1.18337212873955,"GABAergic","Otud51"
"Smn11",-0.385708806232654,7.63990160271787,-3.96056320283579,0.000148775669332353,0.00141805380676997,0.794649194301882,"GABAergic","Smn11"
"Eri21",-0.385511075083292,7.71747128516363,-3.00455047869596,0.00343987476758774,0.0130507018849783,-1.99375685417604,"GABAergic","Eri21"
"Fgf101",-0.385483771126796,7.5781252144507,-3.92799845744642,0.00016704812979358,0.00149356433050312,0.669106199217481,"GABAergic","Fgf101"
"Map2k51",-0.385440333020321,7.76170906034294,-2.8935171952837,0.00477202250802757,0.0169930557602933,-2.25929734571306,"GABAergic","Map2k51"
"Eri31",-0.385068829886904,7.77248825207893,-3.40074665438378,0.00100164509827824,0.00509443265148894,-0.861188012373201,"GABAergic","Eri31"
"Afg3l11",-0.385058318628428,7.89988195106473,-2.75614260765577,0.00707228136272446,0.023492240822112,-2.4676643394778,"GABAergic","Afg3l11"
"Sntb21",-0.385040874164109,7.7177873614528,-3.33851406109706,0.00122392610509224,0.0059401341275693,-1.0697167294724,"GABAergic","Sntb21"
"Ankrd13b1",-0.385013847088976,7.68809632266392,-3.94389875115598,0.000157873271957475,0.00146199881083169,0.761346956329847,"GABAergic","Ankrd13b1"
"Car41",-0.384844747434323,7.63348288601551,-3.20312534773064,0.00187697957254119,0.00824834153514029,-1.4976112129358,"GABAergic","Car41"
"Pak41",-0.384627712380487,7.60161688299345,-4.54764398246729,1.67624227174648e-05,0.000375490371703498,2.7916937217912,"GABAergic","Pak41"
"Mbd11",-0.384599244415907,7.7275432970795,-2.63565915761773,0.00987970801552715,0.0307055287935617,-2.88207990212747,"GABAergic","Mbd11"
"Ggct1",-0.384476331406864,7.73958427351289,-3.10246595956886,0.00255987707047335,0.0103243660853345,-1.72468246739179,"GABAergic","Ggct1"
"Hba-a21",-0.384350192771476,7.70698738024724,-4.94729275925598,3.45236542517045e-06,0.000323654057613785,4.23710791927572,"GABAergic","Hba-a21"
"Zfp607b1",-0.38402149740731,7.57785889159898,-3.87386766082326,0.000202258498130065,0.00172866939517501,0.49398812966339,"GABAergic","Zfp607b1"
"Diexf1",-0.383973922305304,7.61934184573858,-3.63047064939886,0.000468276172005325,0.00318952101788479,-0.254747262263239,"GABAergic","Diexf1"
"Lca51",-0.383888721942417,7.66807108042165,-3.56002792313616,0.000593234375100828,0.00368923350628228,-0.448896578990205,"GABAergic","Lca51"
"Ehmt21",-0.383594040488861,7.72400339631929,-2.64128799606678,0.00972880525672345,0.0303505463137099,-2.87358005294371,"GABAergic","Ehmt21"
"Snd11",-0.38341787148625,7.66723306093314,-3.87110011563732,0.000204237106974776,0.0017419810979773,0.515374477816408,"GABAergic","Snd11"
"Tars21",-0.383265561615328,7.720697646434,-2.67392171792814,0.00889435456433997,0.0282950372067313,-2.77205159818105,"GABAergic","Tars21"
"Hdac12",-0.383122267533971,7.64286370607351,-3.48591886533038,0.000758409800601846,0.00425521517566218,-0.680849743186269,"GABAergic","Hdac12"
"Mcm61",-0.383088238000019,7.61261716006032,-4.21752897284353,5.84622767875042e-05,0.000759976691952738,1.64258178425252,"GABAergic","Mcm61"
"Naa301",-0.382873272015142,7.69865304913769,-3.32986216063228,0.00125826759186921,0.00608538613214998,-1.07536598903196,"GABAergic","Naa301"
"Rpl71",-0.382572186179992,7.90866090351841,-2.71620067467978,0.00791001652329824,0.0256367994395746,-2.54692148687093,"GABAergic","Rpl71"
"Gm98561",-0.382260628484078,7.66555536640692,-3.84525853782038,0.000223625868396635,0.00182890748734494,0.432256994702665,"GABAergic","Gm98561"
"Rbm271",-0.382201938233138,7.76925619577664,-3.59781079210065,0.000522742757377481,0.00346875486344472,-0.270519399434487,"GABAergic","Rbm271"
"Prkcsh1",-0.382195102170473,7.66696882586517,-3.70702945124238,0.000360926235122417,0.0026477380625134,-0.000761100448475105,"GABAergic","Prkcsh1"
"Gm161051",-0.382131059849582,7.6235754245027,-3.5539635409565,0.000605354460321529,0.00372087610331361,-0.485470876763094,"GABAergic","Gm161051"
"Slitrk31",-0.382094031909401,7.7522496280174,-2.48723590187704,0.0147058140559487,0.0424811807342467,-3.18344063457879,"GABAergic","Slitrk31"
"Plscr31",-0.382001550169098,7.63788916102121,-4.05514098376397,0.000105924844065037,0.00112545146819102,1.10399934980264,"GABAergic","Plscr31"
"Irf31",-0.381877275810885,7.87790459948634,-3.16851614005251,0.00208984895423936,0.00892157740698673,-1.44615324650379,"GABAergic","Irf31"
"Pik3ip11",-0.381876319289947,7.71578355450949,-3.01034491869478,0.00338084608329609,0.0128700306422407,-1.97684485332052,"GABAergic","Pik3ip11"
"Pcnx31",-0.381838214520406,7.68338276589391,-3.40392339304083,0.000991385840442581,0.00506717392087827,-0.904315066532911,"GABAergic","Pcnx31"
"Kcnip31",-0.381817232715324,7.66761252346324,-3.58971424580502,0.000537145484464646,0.00353211683515769,-0.359380537578536,"GABAergic","Kcnip31"
"Pld11",-0.381560445013649,7.57741060584447,-3.94724223486497,0.000156006316294332,0.00145457429392386,0.731391153930876,"GABAergic","Pld11"
"Ppm1h1",-0.381529856485181,7.83281866000831,-2.62634119916183,0.0101341768682734,0.031320430744154,-2.84135621152871,"GABAergic","Ppm1h1"
"Wnk4",-0.381381813206215,7.57737807941663,-3.94540056122838,0.000157032052756464,0.0014587210311834,0.725373592095865,"GABAergic","Wnk4"
"Trim111",-0.381200367266613,7.76342081339548,-2.84146965119644,0.00554747852895558,0.0192034054516984,-2.37287343853259,"GABAergic","Trim111"
"Rabep21",-0.38113022329073,7.5773322636986,-3.94975480006536,0.000154617254428548,0.00145043086159886,0.739546212721433,"GABAergic","Rabep21"
"Prdx11",-0.381076351138231,7.81254425176742,-3.11766008416634,0.00244377367084475,0.0100288463145447,-1.63018808608402,"GABAergic","Prdx11"
"Npat1",-0.380901696515755,7.8351502045065,-3.28137522770173,0.00146806310252111,0.00689317559677905,-1.15383233398137,"GABAergic","Npat1"
"Nol31",-0.380812569954487,7.67053298694396,-4.40738487208242,2.86863680671332e-05,0.000467188750279689,2.31175157306433,"GABAergic","Nol31"
"Gsr1",-0.380663199380569,7.6194827205039,-4.04393311500656,0.000110303810158212,0.00115479340979538,1.06206442395516,"GABAergic","Gsr1"
"Gm427421",-0.380412062177406,7.62343231188356,-3.53137286158379,0.00065259677809553,0.00392951286567954,-0.553405389918542,"GABAergic","Gm427421"
"Rmnd5b1",-0.3803966027452,7.68907114314966,-4.05448956615546,0.000106174724651575,0.00112617806232995,1.129724568507,"GABAergic","Rmnd5b1"
"Trappc81",-0.380354568760391,7.73714152392601,-3.90488642190232,0.000181298381636455,0.00159116896471599,0.655640480541297,"GABAergic","Trappc81"
"Myo1b1",0.380325976462379,7.8365917852453,2.78008025174198,0.00660986116631611,0.0222299124861742,-2.44987551929137,"GABAergic","Myo1b1"
"Tcea21",-0.379902136430843,7.74717139387905,-2.56005149764648,0.0121224723400708,0.0363293604782126,-3.04863467835401,"GABAergic","Tcea21"
"Erlin11",-0.379741524443383,7.81705591829499,-3.20985704021512,0.00183800167897045,0.00811440798150954,-1.34937902845384,"GABAergic","Erlin11"
"Cbr31",-0.379438464279032,7.65790283254899,-3.79561381775987,0.000265908314686174,0.00205051732338363,0.27209276274912,"GABAergic","Cbr31"
"Taco11",-0.379185630318013,7.61976443685211,-3.91414499060637,0.000175455598695677,0.00155528855700954,0.638164677675002,"GABAergic","Taco11"
"Vps81",-0.378912836460315,7.7194903347933,-2.52857946121099,0.0131842349943587,0.0389192093910541,-3.13753029583327,"GABAergic","Vps81"
"Abcg21",-0.378422471874791,7.62158412860044,-3.89006916282171,0.000191037741210521,0.00165477961738828,0.561031921861255,"GABAergic","Abcg21"
"Tsr31",-0.378405859794444,7.75574618055772,-2.44495211293003,0.0164229442614353,0.0466274853087192,-3.29890730473019,"GABAergic","Tsr31"
"Pxdn1",-0.378262698765969,7.6673516148936,-4.77305809619742,6.93481190398912e-06,0.000323654057613785,3.61115859647085,"GABAergic","Pxdn1"
"Gm142861",-0.378176720623961,7.57679401028072,-3.64339400756475,0.00044824744789454,0.00309041712687291,-0.232225591756447,"GABAergic","Gm142861"
"Dtx21",-0.378176720623961,7.57679401028072,-3.64339400756475,0.00044824744789454,0.00309041712687291,-0.232225591756447,"GABAergic","Dtx21"
"Fam83b",-0.378176720623961,7.57679401028072,-3.64339400756475,0.00044824744789454,0.00309041712687291,-0.232225591756447,"GABAergic","Fam83b"
"Ing11",-0.378088234578867,7.61502295137482,-3.53155039225714,0.000652212290866002,0.00392910414060538,-0.556423419548341,"GABAergic","Ing11"
"Dnhd11",-0.378077021077081,7.57677582761193,-3.64387849204757,0.000447512627513121,0.00309041712687291,-0.230744357363144,"GABAergic","Dnhd11"
"Chmp61",-0.378070238406345,7.66915043104987,-3.42817511888717,0.000916262666066582,0.00477564875509714,-0.838804232834165,"GABAergic","Chmp61"
"Zfp7581",-0.37804733531343,7.62166415720254,-3.44523048768677,0.000866678851448899,0.00458265212887978,-0.810147880816552,"GABAergic","Zfp7581"
"Soga1",-0.377736666169404,7.57671374896567,-3.64553425915123,0.000445009933744055,0.00308179312375208,-0.225680968568228,"GABAergic","Soga1"
"Pkd2l21",-0.377727046076052,7.57671199417243,-3.6455811003964,0.000444939326666518,0.00308179312375208,-0.22553770080696,"GABAergic","Pkd2l21"
"Adora11",-0.377703363890753,7.61868625137318,-3.89409619629196,0.00018834241942604,0.00163908094325186,0.573182857933788,"GABAergic","Adora11"
"Fam107b1",-0.37761889336427,7.57669226556838,-3.64610786312716,0.000444146031965964,0.00307924707078079,-0.223926456637925,"GABAergic","Fam107b1"
"Parpbp",-0.377617394009071,7.62233542873508,-3.9886001227619,0.000134590877764825,0.00132141834894105,0.880906397697287,"GABAergic","Parpbp"
"BC0304991",-0.377600972423753,7.75430507846225,-3.01299397496495,0.00335417332360445,0.0127802551261686,-1.93980915793866,"GABAergic","BC0304991"
"Zfp8211",-0.37757661642503,7.66895941791036,-3.597526629636,0.00052324199099976,0.00346875486344472,-0.335319483675824,"GABAergic","Zfp8211"
"Gm446441",-0.377559969197446,7.57668151652492,-3.64639497642251,0.00044371421002357,0.00307914571141412,-0.223048168742101,"GABAergic","Gm446441"
"AW1461541",-0.377436872664263,7.61700781196775,-3.51425403359819,0.000690695170321214,0.00406300609804438,-0.6075402339908,"GABAergic","AW1461541"
"Asb61",-0.37739553287419,7.62145286588305,-3.97209332885138,0.000142777061391239,0.00137460305032217,0.826667563856919,"GABAergic","Asb61"
"mt-Nd21",-0.377162017811578,7.59238661781401,-5.00690122016399,2.71153881325958e-06,0.000323654057613785,4.47779324888002,"GABAergic","mt-Nd21"
"Sema4f1",-0.377154798938836,7.71371737298703,-2.57752378261062,0.0115668627093582,0.0350109185910086,-3.0488378793224,"GABAergic","Sema4f1"
"Scube11",-0.37706251160443,7.57659075734684,-3.64882227082206,0.000440079415128981,0.00306298120925831,-0.215620880029089,"GABAergic","Scube11"
"Pcdh191",-0.376736844067794,7.72846446755877,-2.43827391619966,0.0167099396448252,0.0472631140260245,-3.32762767299067,"GABAergic","Pcdh191"
"Zfp5121",-0.376497252377596,7.8216556588216,-2.99325664072608,0.00355767631850205,0.0134237650083948,-1.95403242952474,"GABAergic","Zfp5121"
"Txndc121",-0.376306629859013,7.73434937173275,-3.17311274785576,0.00206033440972069,0.0088259406367393,-1.52446765871826,"GABAergic","Txndc121"
"Sik31",-0.376271465097663,7.71976968466619,-3.21785402930235,0.00179268025268634,0.00796613893618672,-1.41687294295274,"GABAergic","Sik31"
"Tbc1d131",-0.37618943245637,7.68739532328203,-4.10712653510019,8.7703729681985e-05,0.00101152721687122,1.29521692012941,"GABAergic","Tbc1d131"
"Pnkd1",0.376176570633264,7.88278296886792,2.48239084259204,0.0148940590699168,0.0429449983870044,-3.11502948552636,"GABAergic","Pnkd1"
"Tram1l11",-0.375842984163997,7.86989815980918,-2.44881904970841,0.0162587825515201,0.0462553045062986,-3.21298189999683,"GABAergic","Tram1l11"
"Rabgef11",-0.375705376920391,7.73778820489671,-2.59450601106143,0.0110489578831509,0.0337229629439012,-2.95855653700936,"GABAergic","Rabgef11"
"Hsd17b111",-0.375631263952024,7.66516234165641,-3.8014465331066,0.000260571534768518,0.00201806923483445,0.293564355936117,"GABAergic","Hsd17b111"
"Rap2a1",-0.375592601357132,7.70373893401988,-3.43824647336145,0.000886669171359795,0.00465857934656014,-0.796385421672213,"GABAergic","Rap2a1"
"Apopt11",-0.375349152357093,7.66733940596063,-3.58207478132282,0.000551079083266804,0.00355867829539889,-0.382772090156961,"GABAergic","Apopt11"
"Rai11",-0.375300337600804,7.66994750194651,-4.45327625575068,2.40867884608817e-05,0.000426415185163397,2.47136861529475,"GABAergic","Rai11"
"Tox1",-0.375219213740756,7.62152891228911,-3.88985938334895,0.00019117915313299,0.00165477961738828,0.560314444192201,"GABAergic","Tox1"
"Mboat71",-0.375174111299955,7.81275125556876,-2.4994439603084,0.014240913915466,0.041427506256665,-3.10195445020404,"GABAergic","Mboat71"
"Rida1",-0.374933479648104,7.65095768537717,-3.47817286770961,0.000777984083997281,0.00434313202087551,-0.70040129420329,"GABAergic","Rida1"
"Ttll111",-0.374915625735625,7.62179517494516,-3.74157981101389,0.000320553043641987,0.00240511685102603,0.0899658723982499,"GABAergic","Ttll111"
"Zfp5071",-0.374807989769709,7.79552697389564,-3.21571386009907,0.00180470583573134,0.00799585841536091,-1.34644789389573,"GABAergic","Zfp5071"
"Strn41",0.374764185686074,7.86098713623258,2.42656590024345,0.0172239101706196,0.0484361489275752,-3.25438574978559,"GABAergic","Strn41"
"Clec2l1",-0.374489112541973,7.62144387260713,-3.89160586793227,0.000190004894269083,0.00164986425184134,0.565895785454918,"GABAergic","Clec2l1"
"Coro71",-0.374423669958425,7.66373262340649,-5.54119826424994,2.92684756435648e-07,0.000323654057613785,6.5092393303029,"GABAergic","Coro71"
"Slc30a61",-0.37419043880901,7.81924700384014,-2.95712780994352,0.00396003792098507,0.014626211487924,-2.02408658776375,"GABAergic","Slc30a61"
"Gpsm11",-0.374175553519658,7.62265986615301,-3.78722954170122,0.000273762486141997,0.00210104666235138,0.233765954776768,"GABAergic","Gpsm11"
"Gtf2a11",-0.374025493766282,7.61993032106601,-3.98737523307034,0.000135182559292172,0.00132513077473606,0.876133113864173,"GABAergic","Gtf2a11"
"Exo51",-0.374015075408987,7.70058000783024,-3.01663696761138,0.00331781090445414,0.0126611418586334,-1.96952553911448,"GABAergic","Exo51"
"Brap1",-0.373851528957514,7.6909436719226,-3.39464178476218,0.00102164182620425,0.00517070761141712,-0.927877272567499,"GABAergic","Brap1"
"1190007I07Rik1",-0.373787014607405,7.88105743066718,-2.48735062620502,0.0147013826265306,0.0424811807342467,-3.05599124111018,"GABAergic","1190007I07Rik1"
"Sirt71",-0.373744518378433,7.86377978759095,-2.42474106900473,0.0173052759988706,0.0485988855274913,-3.27038967768156,"GABAergic","Sirt71"
"Zc3h12c1",-0.373695801414284,7.7324210059185,-3.9069388399051,0.000179987341974003,0.00158302120049424,0.661426465166736,"GABAergic","Zc3h12c1"
"Ypel11",-0.373598752796812,7.70268070847508,-2.41735519468635,0.0176381097111141,0.0493326440195911,-3.39011820925989,"GABAergic","Ypel11"
"Tctn11",-0.373544177401768,7.62009344372006,-3.97330104562443,0.000142162309476594,0.00136974709674265,0.830219076261568,"GABAergic","Tctn11"
"Fxr21",-0.373502924440272,7.64904090154556,-3.05642917226301,0.00294371020886934,0.0114232156635611,-1.88979596589894,"GABAergic","Fxr21"
"Fut111",-0.373136786348383,7.73572025414557,-3.27398887632364,0.00150276261014756,0.00701364572844346,-1.24766376699568,"GABAergic","Fut111"
"Ctdsp11",-0.37311162435141,7.57586984121635,-3.80610874258078,0.000256379305058382,0.00198978560085961,0.276317265473534,"GABAergic","Ctdsp11"
"Dgat2l6",-0.37311162435141,7.57586984121635,-3.80610874258078,0.000256379305058382,0.00198978560085961,0.276317265473534,"GABAergic","Dgat2l6"
"Gm328491",-0.37311162435141,7.57586984121635,-3.80610874258078,0.000256379305058382,0.00198978560085961,0.276317265473534,"GABAergic","Gm328491"
"Pisd1",-0.373103411786105,7.63710682026847,-3.75851087613672,0.000302374184567781,0.00228808757956474,0.148611962837003,"GABAergic","Pisd1"
"Rsbn11",-0.373086370926064,7.8872556895412,-2.4365447000667,0.0167849785891858,0.0474167048239917,-3.22718134135695,"GABAergic","Rsbn11"
"Twf21",-0.373010679288202,7.71512912311866,-3.62676413624115,0.000474175366017834,0.00321382648404223,-0.220952675363221,"GABAergic","Twf21"
"Aldh4a11",-0.372982846335998,7.62046642507883,-3.86693357001021,0.000207250801160868,0.00175558411932023,0.486350460158462,"GABAergic","Aldh4a11"
"Trdn1",-0.372981880749299,7.57584616806321,-3.80680673810615,0.000255757231955033,0.0019886887522318,0.278522775746016,"GABAergic","Trdn1"
"Pparg1",-0.372980742667222,7.5758459604008,-3.80681286255151,0.000255751780051131,0.0019886887522318,0.278542128957716,"GABAergic","Pparg1"
"Emp3",-0.372972058294074,7.57584437578558,-3.69365337854194,0.000377818416556617,0.00272758961574614,-0.0772513881773929,"GABAergic","Emp3"
"Gcnt1",-0.372936836030711,7.57583794879962,-3.69383066410949,0.000377589695428232,0.00272758961574614,-0.0767037140807707,"GABAergic","Gcnt1"
"Zdhhc31",-0.372933557316468,7.84235709340163,-3.07066060157898,0.00281969941828588,0.0110278310683299,-1.70879928364166,"GABAergic","Zdhhc31"
"Nt5e",-0.372860388495228,7.5758239990746,-3.69421555428459,0.000377093590491446,0.00272758961574614,-0.0755146348271873,"GABAergic","Nt5e"
"Ctxn31",-0.372820013979285,7.5758166315412,-3.69441888512513,0.000376831756889258,0.00272758961574614,-0.0748864266969065,"GABAergic","Ctxn31"
"Tstd21",-0.372790914715512,7.61769434580958,-4.07675051334909,9.79480565577628e-05,0.00107190068949016,1.17033314145387,"GABAergic","Tstd21"
"Sulf11",-0.372637603205861,7.57578334341356,-3.8086608383328,0.000254111785370343,0.00197961535244567,0.284382777782315,"GABAergic","Sulf11"
"Snhg101",-0.372612212416028,7.66660335980877,-3.42581566292982,0.00092332892695445,0.00479435647845386,-0.847885983402059,"GABAergic","Snhg101"
"Atg51",-0.372412767097877,7.79557001670953,-2.43814842303223,0.0167153752989703,0.0472631140260245,-3.31075319128585,"GABAergic","Atg51"
"Slc2a11",-0.372392466389509,7.57573860364589,-3.69657449969562,0.000374066527120508,0.00271789555126786,-0.0682248517918049,"GABAergic","Slc2a11"
"Kcnk131",-0.37219215803352,7.57570204142564,-3.69758594720052,0.000372775695148999,0.00271169189730309,-0.065098119349349,"GABAergic","Kcnk131"
"Lix1l1",-0.372127068553529,7.57569015987523,-3.81141553281856,0.000251685716732543,0.00196812838352291,0.293093076972923,"GABAergic","Lix1l1"
"Rcor21",-0.371861635932883,7.57564170331902,-3.69925703809476,0.000370652280819414,0.00269952421064671,-0.0599307766723456,"GABAergic","Rcor21"
"C030014I23Rik1",-0.371798838849789,7.57563023833526,-3.6995748352792,0.000370249766689049,0.00269952421064671,-0.0589478841651774,"GABAergic","C030014I23Rik1"
"Plppr51",-0.37173649880125,7.76323879793473,-3.09967671715275,0.00258173992232995,0.010372092080322,-1.70733707073225,"GABAergic","Plppr51"
"Prdm1",-0.37168163302871,7.57560883887766,-3.86336086358185,0.00020986873503687,0.00176041050511355,0.459083531999435,"GABAergic","Prdm1"
"Gm34425",-0.37168163302871,7.57560883887766,-3.86336086358185,0.00020986873503687,0.00176041050511355,0.459083531999435,"GABAergic","Gm34425"
"Npffr2",-0.37164886282322,7.57560285546306,-3.86354339357596,0.000209734222703985,0.00176041050511355,0.459666646535516,"GABAergic","Npffr2"
"Ccl281",-0.371579311776746,7.5755901560175,-3.70068655024869,0.000368844961535529,0.00269256821920936,-0.0555090342687103,"GABAergic","Ccl281"
"Npas41",-0.371526650183052,7.57558054048587,-3.81466315196021,0.000248853887640091,0.00195213447889604,0.303367996434797,"GABAergic","Npas41"
"Phtf1os1",-0.37149730857537,7.57557518501344,-3.86438764197542,0.000209113138406843,0.00175874326638531,0.462363959023982,"GABAergic","Phtf1os1"
"1700023F06Rik1",-0.371424311779617,7.59835020428376,-4.55574139689002,1.62458426365585e-05,0.000367903115181917,2.8199989824657,"GABAergic","1700023F06Rik1"
"Slc15a21",-0.371409330439076,7.57555912664313,-3.86487749452748,0.000208753576232262,0.00175755215810202,0.46392918859981,"GABAergic","Slc15a21"
"Trhr1",-0.37132181093039,7.57554315127839,-3.86536497438939,0.000208396341676796,0.00175583763904002,0.465486981182035,"GABAergic","Trhr1"
"Rapgef31",-0.3712959407584,7.57553842893418,-3.86550910466168,0.000208290832100295,0.00175583763904002,0.465947592056302,"GABAergic","Rapgef31"
"Sox41",-0.37129461793842,7.57553818746482,-3.86551647490098,0.000208285438138083,0.00175583763904002,0.465971146172368,"GABAergic","Sox41"
"Hira1",-0.371281992546014,7.6206933741389,-3.78245352645134,0.000278334833524131,0.00213011576119,0.217927262746197,"GABAergic","Hira1"
"A430110L20Rik1",-0.371240519166503,7.57552831206299,-3.81621186076081,0.000247514180767601,0.0019440829008392,0.308270083430128,"GABAergic","A430110L20Rik1"
"Pecam1",-0.371108996088818,7.57550430220067,-3.86655109614483,0.000207529565112231,0.00175558411932023,0.469277958443564,"GABAergic","Pecam1"
"Lgr41",-0.371108059177464,7.61703901752499,-3.93320206616699,0.000163990794499897,0.0014879679430704,0.698757494053248,"GABAergic","Lgr41"
"Ecm11",-0.371076284447441,7.57549833036228,-3.86673350869645,0.000207396570114218,0.00175558411932023,0.469861044954174,"GABAergic","Ecm11"
"Ccr5",-0.371058333336025,7.57549505316484,-3.70332642056562,0.000365529389319597,0.00267308174511267,-0.0473401129098088,"GABAergic","Ccr5"
"Mex3c1",-0.370892298468202,7.57546474003676,-3.86775995322312,0.000206649716547425,0.00175411968697233,0.473142477890347,"GABAergic","Mex3c1"
"Trpc51",-0.370882249993667,7.61921343877351,-3.38900036366474,0.00104045388102984,0.00523177984747985,-0.97591290969065,"GABAergic","Trpc51"
"Decr21",-0.370835462200961,7.67566254751127,-3.1591129999092,0.0021514580277005,0.00914369661772712,-1.59718891791377,"GABAergic","Decr21"
"Sec23ip1",-0.370701665553131,7.69231330767503,-3.46480591359465,0.000812888272752372,0.00445279410175679,-0.722854980985731,"GABAergic","Sec23ip1"
"Phlpp21",-0.37063103665431,7.65081487718316,-3.05976204435414,0.00291422244531237,0.011330044030804,-1.87804461837677,"GABAergic","Phlpp21"
"B4galt11",-0.370339194509044,7.57536374099109,-3.82110307480116,0.000243328056831987,0.00191605405157675,0.323761795841459,"GABAergic","B4galt11"
"Arhgap331",-0.370335618530815,7.6837715506712,-3.65584091288484,0.000429727522871118,0.00300740762825413,-0.152915895553877,"GABAergic","Arhgap331"
"Epha41",-0.370201169609657,7.92235349543018,-2.52195502269057,0.0134180986895767,0.0394968227556089,-3.00013165582745,"GABAergic","Epha41"
"Insl51",-0.369734942663698,7.57525336970222,-3.87423496959563,0.000201997277030602,0.00172762660782203,0.493857119768988,"GABAergic","Insl51"
"Gm36931",-0.369681899582719,7.57524367934998,-3.87453247924607,0.000201785931561137,0.00172700924874049,0.49480951179014,"GABAergic","Gm36931"
"Camta21",-0.369611164507607,7.74885147707779,-2.44767302475101,0.0163072808381913,0.0463733627868821,-3.24150927443631,"GABAergic","Camta21"
"Cc2d1b1",-0.369602915186346,7.67415415580482,-2.70157920585412,0.00823861867996795,0.0265148490192952,-2.78027385580333,"GABAergic","Cc2d1b1"
"Mcm3ap1",-0.369535472302139,7.71443450917283,-3.01523773773516,0.00333173388731322,0.0127064589863421,-1.94513868201114,"GABAergic","Mcm3ap1"
"Polr2d1",-0.369264756666844,7.6087409030133,-4.16041054832105,7.2168726033202e-05,0.00087977788808648,1.44796422423621,"GABAergic","Polr2d1"
"Cryzl21",-0.368898917155364,7.57510060702814,-3.71433745641231,0.000352003000531842,0.00260021264083343,-0.0132194726537556,"GABAergic","Cryzl21"
"Tsc22d41",-0.368817754172233,7.6827283638915,-3.5957798683848,0.000526320741623043,0.0034761867180416,-0.336469926787414,"GABAergic","Tsc22d41"
"Hapln11",-0.368567411844706,7.80671669722323,-2.46400387548152,0.0156282371737715,0.0447706425038099,-3.2300114154584,"GABAergic","Hapln11"
"Trim461",-0.368390443348532,7.71519078867193,-2.73107690891412,0.00758797776269316,0.024793787265672,-2.68729274994091,"GABAergic","Trim461"
"Hivep11",-0.368215564221877,7.72216098075569,-3.44958608320957,0.000854427737643156,0.0045469332007511,-0.74110002469013,"GABAergic","Hivep11"
"Gas21",-0.368037742599099,7.6670780933586,-3.28051427282832,0.0014720686939172,0.00690675708563798,-1.25216423595327,"GABAergic","Gas21"
"Fam120a1",-0.367647422169652,7.78833754398094,-3.44633350273699,0.000863560806629015,0.0045700595352947,-0.713828304545712,"GABAergic","Fam120a1"
"Cndp21",-0.367307667564606,7.61682365569018,-4.0821311675472,9.60534005253643e-05,0.00106335655710952,1.18784988446889,"GABAergic","Cndp21"
"Ralb1",-0.366729036989485,7.64453633931911,-3.45461201281755,0.000840494066767977,0.00450952501884591,-0.772469643915231,"GABAergic","Ralb1"
"Inpp11",-0.36658444529275,7.83812892851783,-3.16419261112754,0.00211796942048744,0.0090230005177649,-1.47609625706287,"GABAergic","Inpp11"
"Gm42997",-0.366413011934288,7.57464679413726,-4.04177108606422,0.000111168266537219,0.00115601106534255,1.04079948566553,"GABAergic","Gm42997"
"A530001N23Rik1",-0.366413011934288,7.57464679413726,-4.04177108606422,0.000111168266537219,0.00115601106534255,1.04079948566553,"GABAergic","A530001N23Rik1"
"6530411M01Rik",-0.366413011934288,7.57464679413726,-4.04177108606422,0.000111168266537219,0.00115601106534255,1.04079948566553,"GABAergic","6530411M01Rik"
"Adamts191",-0.36635139137188,7.57463554824823,-4.04214815934453,0.000111017032921464,0.00115601106534255,1.04204381555856,"GABAergic","Adamts191"
"Psph1",-0.366288740922124,7.72082137450131,-2.73946130540797,0.00741178318754296,0.0243333940098963,-2.64299111970546,"GABAergic","Psph1"
"Urod1",-0.366275553844886,7.66106858465447,-3.38195485576058,0.00106440572764723,0.00532846917309482,-0.978078295264748,"GABAergic","Urod1"
"Ptpn141",-0.366267542830462,7.57462024511976,-4.04266138100115,0.000110811510940645,0.00115601106534255,1.04373756252214,"GABAergic","Ptpn141"
"Wdr71",-0.366164872788688,7.84709202821096,-2.42670620380547,0.0172176684411521,0.0484361489275752,-3.23845983182817,"GABAergic","Wdr71"
"Ube2l31",-0.366129564951947,7.78228852428483,-2.94910561117306,0.00405490045294355,0.0148961440345021,-2.0929929829844,"GABAergic","Ube2l31"
"9330158H04Rik1",-0.366083470661973,7.57458664789593,-4.0437885749071,0.000110361400807198,0.00115479340979538,1.04745808908694,"GABAergic","9330158H04Rik1"
"Gm472831",-0.366017811598313,7.72961627648906,-2.6176002284678,0.010378266084773,0.0319509506603902,-2.89571320094267,"GABAergic","Gm472831"
"St6galnac31",-0.365923629321236,7.71232192301273,-2.43841251097044,0.0167039383367565,0.0472630813404351,-3.363882855688,"GABAergic","St6galnac31"
"Mapk41",-0.365877904660064,7.5745491237309,-4.04504823498575,0.000109860468877575,0.00115442495209974,1.05161671290466,"GABAergic","Mapk41"
"Ints81",-0.365797619582774,7.81462990507777,-3.23564563169495,0.00169556908165309,0.00765442426457433,-1.27926282249314,"GABAergic","Ints81"
"Zfp391",-0.365620544159735,7.57450213923465,-4.04662653328078,0.00010923590042073,0.00115077888304012,1.05682857465371,"GABAergic","Zfp391"
"Ciart1",-0.365502844069093,7.6515999458688,-2.91933784073848,0.00442552528684472,0.0159759943540547,-2.24654871317231,"GABAergic","Ciart1"
"Apex11",-0.365325434045884,7.65821989196865,-3.44853694423506,0.00085736366729165,0.00455390518559513,-0.785245829908586,"GABAergic","Apex11"
"Efl11",-0.365287684234777,7.57444136187694,-4.04866990167346,0.000108432349911437,0.00114425634557902,1.06357832312006,"GABAergic","Efl11"
"Gm15567",-0.365271984631824,7.57443849500056,-3.92945382880882,0.000166187592095702,0.00148943966769118,0.672027582255311,"GABAergic","Gm15567"
"Slco2a1",-0.365271984631824,7.57443849500056,-3.92945382880882,0.000166187592095702,0.00148943966769118,0.672027582255311,"GABAergic","Slco2a1"
"AI463170",-0.365271984631824,7.57443849500056,-3.92945382880882,0.000166187592095702,0.00148943966769118,0.672027582255311,"GABAergic","AI463170"
"Fbxl71",-0.365271984631824,7.57443849500056,-3.92945382880882,0.000166187592095702,0.00148943966769118,0.672027582255311,"GABAergic","Fbxl71"
"Slc38a5",-0.36520299860565,7.57442589730372,-3.98244484802234,0.000137589465768337,0.00133397286733208,0.845068232061486,"GABAergic","Slc38a5"
"3930402G23Rik1",-0.36520299860565,7.57442589730372,-3.98244484802234,0.000137589465768337,0.00133397286733208,0.845068232061486,"GABAergic","3930402G23Rik1"
"Ky1",-0.36520299860565,7.57442589730372,-3.98244484802234,0.000137589465768337,0.00133397286733208,0.845068232061486,"GABAergic","Ky1"
"Nrros1",-0.36520299860565,7.57442589730372,-3.98244484802234,0.000137589465768337,0.00133397286733208,0.845068232061486,"GABAergic","Nrros1"
"Maml21",-0.36516173566846,7.57441836196412,-3.93008920938835,0.000165813232612031,0.00148943966769118,0.674082547863832,"GABAergic","Maml21"
"Cenpp1",-0.365089660785361,7.57440519942531,-3.93050473230725,0.000165568847221344,0.00148943966769118,0.675426573687397,"GABAergic","Cenpp1"
"4931440F15Rik1",-0.365050805831046,7.61497088659087,-3.95824404483777,0.000150011017627819,0.0014253360316968,0.779332069060173,"GABAergic","4931440F15Rik1"
"Crmp11",-0.365019954318272,7.90221443398207,-2.7345898498098,0.00751369524234632,0.0246093845229659,-2.52604453390975,"GABAergic","Crmp11"
"Galns1",-0.36498502596909,7.57438608979626,-3.9837377089949,0.000136954379543279,0.00133302262755459,0.849290376757733,"GABAergic","Galns1"
"Fndc3b1",-0.364911393322615,7.80567642326136,-2.81171385920877,0.00604116139144417,0.0206133661995662,-2.42874169434774,"GABAergic","Fndc3b1"
"Jag21",-0.364833061040076,7.65660506585498,-3.80952805526721,0.00025334563034419,0.00197786674245702,0.315335641903261,"GABAergic","Jag21"
"Arl4c1",0.364831479633287,7.9301950767348,2.42237362274276,0.0174113466386018,0.048830465940124,-3.21908999789514,"GABAergic","Arl4c1"
"Capn31",-0.364784628404264,7.5743494878994,-3.9849272281445,0.000136372537695801,0.00132840125023932,0.853175899845273,"GABAergic","Capn31"
"Txnrd11",-0.364768477679275,7.72065906031853,-3.32038728880173,0.00129691215352285,0.00624793471475878,-1.09742335750827,"GABAergic","Txnrd11"
"4932422M17Rik1",-0.364705658337098,7.57433506323065,-4.0522484067227,0.000107038748493417,0.00113243893333615,1.07540479381982,"GABAergic","4932422M17Rik1"
"Chrna10",-0.364671924898366,7.57432890129794,-4.08570907240422,9.4813061332868e-05,0.00105338787847084,1.18680210268397,"GABAergic","Chrna10"
"B230364G03Rik",-0.364671924898366,7.57432890129794,-4.08570907240422,9.4813061332868e-05,0.00105338787847084,1.18680210268397,"GABAergic","B230364G03Rik"
"Gm165491",-0.364671924898366,7.57432890129794,-4.08570907240422,9.4813061332868e-05,0.00105338787847084,1.18680210268397,"GABAergic","Gm165491"
"Gm202191",-0.364632199822615,7.57432164475877,-3.93314473443222,0.000164024185827583,0.0014879679430704,0.683968168769773,"GABAergic","Gm202191"
"Cnnm41",-0.364598181503565,7.57431543054529,-4.0529099816164,0.000106782995500006,0.00113100521807802,1.07759201510572,"GABAergic","Cnnm41"
"Slc16a101",-0.364586626222124,7.57431331968687,-3.93340799126953,0.000163870912563414,0.0014879679430704,0.684820150501799,"GABAergic","Slc16a101"
"Sap181",-0.364527965886835,7.98981128066664,-2.4164190387107,0.0176807009821385,0.0494072279190135,-3.18037276455282,"GABAergic","Sap181"
"Cfap611",-0.364526379550371,7.5743023139297,-4.08662098786697,9.44993980202528e-05,0.00105338787847084,1.18983448805347,"GABAergic","Cfap611"
"Gmnc",-0.36449455154164,7.57429649950211,-3.98665059047394,0.000135533768937505,0.00132543268125645,0.858806674242214,"GABAergic","Gmnc"
"Gm144181",-0.364473239663655,7.574292606135,-3.9867772764893,0.000135472305566735,0.00132543268125645,0.859220666522132,"GABAergic","Gm144181"
"Gramd1c1",-0.364465244864917,7.5742911455913,-4.08700415570751,9.43679006463853e-05,0.00105315256027126,1.19110877432549,"GABAergic","Gramd1c1"
"Galnt31",-0.364434439439761,7.57428551779059,-3.93428743162629,0.000163359877755408,0.0014879679430704,0.687666594305257,"GABAergic","Galnt31"
"3300002P13Rik",-0.364342193321458,7.57426866492241,-3.92997791911694,0.000165878745348449,0.00148943966769118,0.673643348200741,"GABAergic","3300002P13Rik"
"Pelo1",-0.364342193321458,7.57426866492241,-3.92997791911694,0.000165878745348449,0.00148943966769118,0.673643348200741,"GABAergic","Pelo1"
"Ankrd13c1",-0.364246899725381,7.90133077066274,-2.73460881792158,0.00751329595966445,0.0246093845229659,-2.51931205503848,"GABAergic","Ankrd13c1"
"Acy11",-0.364236127807272,7.57424928630198,-4.08844084215087,9.38764139384284e-05,0.0010508705576642,1.19588745010808,"GABAergic","Acy11"
"Grhl11",-0.36422655075869,7.57424753648058,-3.98824439612524,0.000134762455064037,0.00132205697023296,0.864015694249282,"GABAergic","Grhl11"
"Gm170181",-0.364170406599278,7.80933026838302,-2.62233471673622,0.010245404428572,0.0315810901536458,-2.8614500257956,"GABAergic","Gm170181"
"Cox7b21",-0.364166456313641,7.57423655642785,-4.02297608357993,0.000118961865948648,0.00120221234236378,0.978412174708558,"GABAergic","Cox7b21"
"Homer31",-0.364166456313641,7.57423655642785,-4.02297608357993,0.000118961865948648,0.00120221234236378,0.978412174708558,"GABAergic","Homer31"
"4921536K21Rik",-0.364166456313641,7.57423655642785,-4.02297608357993,0.000118961865948648,0.00120221234236378,0.978412174708558,"GABAergic","4921536K21Rik"
"4930428E07Rik",-0.364166456313641,7.57423655642785,-4.02297608357993,0.000118961865948648,0.00120221234236378,0.978412174708558,"GABAergic","4930428E07Rik"
"Wnt7a",-0.36414206566367,7.574232099832,-4.0890309685936,9.3675245974721e-05,0.0010508705576642,1.19785065634924,"GABAergic","Wnt7a"
"Slc26a101",-0.364080468908315,7.57422084477571,-4.02349728535141,0.000118738851588855,0.00120221234236378,0.980126483058364,"GABAergic","Slc26a101"
"Il181",-0.364080236194655,7.5742208022532,-4.08941897086671,9.35432055935975e-05,0.0010508705576642,1.19914155288785,"GABAergic","Il181"
"Cfap1001",-0.364030413086849,7.57421169822465,-4.08973168477762,9.34369165094744e-05,0.0010508705576642,1.20018202484135,"GABAergic","Cfap1001"
"Sin3b1",-0.363990065636993,7.69175661031579,-3.21342984814681,0.00181762277874205,0.00803873794874869,-1.44153325309394,"GABAergic","Sin3b1"
"2900076A07Rik1",-0.363985164456528,7.57420342986702,-4.09001573024035,9.33404721020318e-05,0.0010508705576642,1.20112715839541,"GABAergic","2900076A07Rik1"
"Vwa3a1",-0.363974583137201,7.5742014962961,-4.02413931057822,0.00011846468950411,0.00120221234236378,0.982238413748926,"GABAergic","Vwa3a1"
"Vwa3b1",-0.36396360813671,7.57419949077454,-3.93216294303925,0.00016459701394793,0.00148943966769118,0.680711902699263,"GABAergic","Vwa3b1"
"Stxbp31",-0.363877391657768,7.57418373555933,-4.09069243263127,9.31110903788778e-05,0.0010508705576642,1.20337900439749,"GABAergic","Stxbp31"
"Lhx9",-0.363853472011542,7.57417936435019,-4.02487393934299,0.000118151727555522,0.00120221234236378,0.984655255194685,"GABAergic","Lhx9"
"Nynrin",-0.363837805867208,7.57417650140159,-4.09094104912239,9.30269528845359e-05,0.0010508705576642,1.20420638481485,"GABAergic","Nynrin"
"Dsp",-0.363793403926919,7.57416838692807,-3.9331463079128,0.000164023269309344,0.0014879679430704,0.68389401603136,"GABAergic","Dsp"
"Gm269451",-0.363781571338488,7.74998342571181,-3.80133342092024,0.000260674051848478,0.00201806923483445,0.336166974418759,"GABAergic","Gm269451"
"Ppp1r171",-0.363781209184511,7.57416615829998,-4.09129655608217,9.29067680089126e-05,0.0010508705576642,1.20538955119546,"GABAergic","Ppp1r171"
"1700001L19Rik1",-0.363760684109572,7.57416240724423,-4.0580733507037,0.000104806970737511,0.00111644163678328,1.0946711799818,"GABAergic","1700001L19Rik1"
"Pcdhb111",-0.363724441004749,7.61513130618886,-4.0445782415699,0.00011004711670701,0.00115442495209974,1.06270104842255,"GABAergic","Pcdhb111"
"Gm17529",-0.363714394293131,7.57415394740741,-3.99129445228867,0.000133298100631469,0.00131079986437126,0.873988310281299,"GABAergic","Gm17529"
"Gins41",-0.363654166949353,7.5741429400616,-3.93880434509921,0.00016075906850321,0.00147233951300726,0.702293523254852,"GABAergic","Gins41"
"Gm440361",-0.363556566720222,7.57412510157193,-4.02667618019747,0.000117387301572914,0.00119760915843423,0.99058573809558,"GABAergic","Gm440361"
"Erich61",-0.36355561215927,7.57412492710129,-4.02668197741481,0.000117384850331831,0.00119760915843423,0.990604817548135,"GABAergic","Erich61"
"Gdpd3",-0.363550174908672,7.57412393330174,-3.93455267596031,0.000163206046097844,0.0014879679430704,0.68844594331174,"GABAergic","Gdpd3"
"Marc21",-0.363503582401153,7.7810298962015,-2.42253174932041,0.0174042439433763,0.048821579416207,-3.3568137924276,"GABAergic","Marc21"
"Stox11",-0.363464598127116,7.57410829152861,-4.09328649881909,9.22367832065026e-05,0.0010453502096737,1.2120136264475,"GABAergic","Stox11"
"Plxnb21",-0.363378837409175,7.57409261541577,-4.09382585969375,9.20559887456422e-05,0.0010453502096737,1.21380942597502,"GABAergic","Plxnb21"
"Tbc1d321",-0.363322281638755,7.71835672474711,-2.94822052463057,0.00406549405584123,0.0149224434288641,-2.09673130369943,"GABAergic","Tbc1d321"
"Wars21",-0.363313128071085,7.57408060398611,-4.02815523693611,0.000116763499150131,0.00119360380926946,0.99545415139387,"GABAergic","Wars21"
"Prss361",-0.363301551996516,7.57407848787762,-3.9359915643132,0.000162373956821074,0.0014816623559923,0.693104344667422,"GABAergic","Prss361"
"Klhl121",-0.363295364281801,7.94285675285917,-2.63711704771036,0.00984042153334272,0.0306217731265755,-2.71924374540418,"GABAergic","Klhl121"
"Zfp4331",-0.363287283563074,7.57407587958737,-4.02831233196262,0.000116697430225037,0.00119360380926946,0.995971314486177,"GABAergic","Zfp4331"
"1700047A11Rik1",-0.363282773969489,7.57407505522299,-4.09443018903368,9.18538209364413e-05,0.00104482668911204,1.21582173399414,"GABAergic","1700047A11Rik1"
"Rela1",-0.363231557104874,7.70657178631722,-3.32544290781379,0.00127615565720761,0.00615510754214786,-1.11555323292083,"GABAergic","Rela1"
"Magt11",-0.363220093220459,7.57406359682716,-4.09482460840678,9.17221047938992e-05,0.00104482668911204,1.21713519143005,"GABAergic","Magt11"
"Ccdc971",-0.363166281145944,7.57405375936763,-4.02904802460133,0.000116388499051565,0.00119173372378706,0.998393434066941,"GABAergic","Ccdc971"
"Gm42852",-0.363130968419751,7.57404730364496,-4.09538556107306,9.15350872543757e-05,0.00104482668911204,1.21900337416233,"GABAergic","Gm42852"
"Fbxo461",-0.363127262466996,7.57404662613131,-3.9418620382468,0.000159020999956974,0.00146199881083169,0.712201999103271,"GABAergic","Fbxo461"
"Gm99381",-0.363114288810546,7.57404425430704,-3.94193740194446,0.000158978389182819,0.00146199881083169,0.712446285755174,"GABAergic","Gm99381"
"Anxa111",-0.363101177353798,7.57404185727353,-4.02944397938368,0.000116222554869202,0.00119101726335822,0.99969716495272,"GABAergic","Anxa111"
"1700056N10Rik1",-0.363090280972431,7.57403986518674,-4.02951025861417,0.000116194799491797,0.00119101726335822,0.999915406512892,"GABAergic","1700056N10Rik1"
"Enox21",-0.363063760690792,7.57403501667491,-4.09580867114597,9.1394267702171e-05,0.00104482668911204,1.22041260756189,"GABAergic","Enox21"
"Nrg41",-0.363050872551863,7.57403266040447,-3.99525418959088,0.000131419725084692,0.00129953688310839,0.886943383445779,"GABAergic","Nrg41"
"Rsph91",-0.363046619910789,7.57403188291295,-3.99527959821637,0.000131407754291265,0.00129953688310839,0.887026542444331,"GABAergic","Rsph91"
"Vash11",-0.362998596860233,7.60149503639813,-3.25913758687029,0.00157486791575638,0.00724661135874551,-1.35821372608355,"GABAergic","Vash11"
"Ptpn121",-0.362926442123787,7.57400991060592,-3.94302900734977,0.00015836241699096,0.00146199881083169,0.715985033382418,"GABAergic","Ptpn121"
"Fam84b1",-0.362918026942951,7.57400837199103,-3.93821382377084,0.000161096822406447,0.00147434481273157,0.700301327648128,"GABAergic","Fam84b1"
"Fam118a1",-0.362831218691142,7.57399249973664,-3.9435826562647,0.000158050876704701,0.00146199881083169,0.717780113055505,"GABAergic","Fam118a1"
"Pcdhb61",-0.36277322490997,7.60156174205989,-3.35215765092175,0.00117155418377645,0.00572175813485467,-1.09248416515305,"GABAergic","Pcdhb61"
"Pcdha41",-0.36258717095743,7.57394787341593,-4.03257317121982,0.000114919069999008,0.0011827577861681,1.01000361277336,"GABAergic","Pcdha41"
"Ninl1",-0.362507497265885,7.57393330309411,-4.11003164558586,8.67797641455514e-05,0.00100742457721823,1.26798631059011,"GABAergic","Ninl1"
"Gm1698",-0.362507497265885,7.57393330309411,-4.11003164558586,8.67797641455514e-05,0.00100742457721823,1.26798631059011,"GABAergic","Gm1698"
"Slc26a111",-0.362507497265885,7.57393330309411,-4.11003164558586,8.67797641455514e-05,0.00100742457721823,1.26798631059011,"GABAergic","Slc26a111"
"Plag11",-0.362503978813408,7.62389449203901,-4.88858123802586,4.37335865385674e-06,0.000323654057613785,4.03613830238739,"GABAergic","Plag11"
"Edem31",-0.362465037073144,7.82348853687673,-2.749186311537,0.00721209416376507,0.0238545012186366,-2.52839140226205,"GABAergic","Edem31"
"Slc9a2",-0.362447269580364,7.57392228854374,-3.91548057151696,0.000174627759201543,0.00155016487245432,0.626394705464305,"GABAergic","Slc9a2"
"Olfr461",-0.362334982411705,7.57390175230236,-4.11112602275727,8.6434129384756e-05,0.00100623597154298,1.27164058878829,"GABAergic","Olfr461"
"Fkbp51",-0.362280069786778,7.72196367384295,-2.98140052691363,0.00368534841303502,0.0138089292891801,-2.0312142122514,"GABAergic","Fkbp51"
"5930430L01Rik1",-0.36226416219724,7.57388879932665,-4.11157544910818,8.62925713468065e-05,0.00100553127738391,1.27314148219147,"GABAergic","5930430L01Rik1"
"Egln11",-0.362155394267826,7.57386890477018,-3.94751765099943,0.000155853472906288,0.00145424180358424,0.730543666665455,"GABAergic","Egln11"
"Klf101",-0.362124881472954,7.57386332351664,-4.06819952007877,0.00010103305507724,0.00109089162069397,1.12821048165665,"GABAergic","Klf101"
"Slc26a41",-0.361987290370612,7.57383815486934,-4.11333340848936,8.57409941440615e-05,0.00100004298621034,1.2790134171116,"GABAergic","Slc26a41"
"Ccdc172",-0.361975200164228,7.57383594319672,-4.03630578674686,0.000113382551496005,0.00116964045225721,1.02230492658441,"GABAergic","Ccdc172"
"Gys11",-0.361950846680698,7.67006598811722,-3.18750926773811,0.00197039142017305,0.00855582838500615,-1.52217423281216,"GABAergic","Gys11"
"Fstl31",-0.361924671682055,7.57382669981796,-4.10299332513646,8.9034588126517e-05,0.00102307336912044,1.24435770976831,"GABAergic","Fstl31"
"Zfp7101",-0.36191988467665,7.57382582409865,-3.94401226057055,0.000157809540842071,0.00146199881083169,0.719093882003913,"GABAergic","Zfp7101"
"Chek21",-0.3618769717477,7.57381797364455,-4.11403427079524,8.55220371334565e-05,0.000999367684393781,1.28135492364011,"GABAergic","Chek21"
"Cep1521",-0.361825095003227,7.57380848311389,-4.11436392796606,8.54192344565319e-05,0.000999107162681961,1.28245636914509,"GABAergic","Cep1521"
"Cmya51",-0.361693686197197,7.57378444148747,-3.9502115807041,0.000154365999543006,0.00145017566565383,0.739286989653674,"GABAergic","Cmya51"
"Kremen21",-0.361661143703797,7.57377848747794,-4.00357760805322,0.000127553673381033,0.00126838228097645,0.914204969351398,"GABAergic","Kremen21"
"F5",-0.361609748158366,7.57376908387942,-4.06756491548678,0.000101265684692945,0.00109089162069397,1.12605318023492,"GABAergic","F5"
"Gm293401",-0.361609748158366,7.57376908387942,-4.06756491548678,0.000101265684692945,0.00109089162069397,1.12605318023492,"GABAergic","Gm293401"
"Hspb61",-0.361609748158366,7.57376908387942,-4.06756491548678,0.000101265684692945,0.00109089162069397,1.12605318023492,"GABAergic","Hspb61"
"Adcy71",-0.361609748158366,7.57376908387942,-4.06756491548678,0.000101265684692945,0.00109089162069397,1.12605318023492,"GABAergic","Adcy71"
"Gm168611",-0.361609748158366,7.57376908387942,-4.06756491548678,0.000101265684692945,0.00109089162069397,1.12605318023492,"GABAergic","Gm168611"
"Slc27a5",-0.361607374747005,7.57376864962129,-4.06449554319351,0.000102398110067787,0.00109775892812061,1.11583853742131,"GABAergic","Slc27a5"
"Pgpep1l1",-0.361607374747005,7.57376864962129,-4.06449554319351,0.000102398110067787,0.00109775892812061,1.11583853742131,"GABAergic","Pgpep1l1"
"Gm175971",-0.361599769724561,7.57376725814241,-4.11579638045885,8.49739049195704e-05,0.00099748436881198,1.28724316997226,"GABAergic","Gm175971"
"Ccdc621",-0.361522781968408,7.61409153297524,-3.95870366348287,0.000149765414758705,0.00142420597483183,0.780334551999501,"GABAergic","Ccdc621"
"Gprc5b1",-0.361513112978297,7.72111551281572,-2.90171491814155,0.00465939919721228,0.0166349666390692,-2.25737096339534,"GABAergic","Gprc5b1"
"Islr21",-0.361484185621716,7.5737461091947,-4.10577837139469,8.81357134381473e-05,0.00101556564880911,1.25364761298495,"GABAergic","Islr21"
"Knop11",-0.361465533150239,7.75111615546979,-2.71097333127391,0.00802609978876969,0.0259723333451452,-2.71628070872756,"GABAergic","Knop11"
"Arid5b1",0.361380606591127,7.87909985769629,2.518508788028,0.0135412296180522,0.0397841946671681,-3.03965022308935,"GABAergic","Arid5b1"
"Sec61a11",-0.36133321523371,7.79440526548253,-2.46894786451842,0.0154277107577862,0.0442984475946614,-3.24480353467295,"GABAergic","Sec61a11"
"Gm446721",-0.361300958885403,7.57371258064308,-4.04042697652106,0.000111708960319863,0.00115718547376419,1.03589618101359,"GABAergic","Gm446721"
"Lhpp1",-0.361300958885403,7.57371258064308,-4.04042697652106,0.000111708960319863,0.00115718547376419,1.03589618101359,"GABAergic","Lhpp1"
"Klf111",-0.361300958885403,7.57371258064308,-4.04042697652106,0.000111708960319863,0.00115718547376419,1.03589618101359,"GABAergic","Klf111"
"Npy5r1",-0.361227734563417,7.57369918043257,-4.11816361436421,8.42428486265115e-05,0.000992833572132011,1.29515625078496,"GABAergic","Npy5r1"
"Smoc21",-0.361206562627781,7.57369530582258,-4.06698012463531,0.000101480508813415,0.00109131119096576,1.12407152471795,"GABAergic","Smoc21"
"Mapkapk51",-0.361189946351788,7.57369226489837,-4.06708319483848,0.000101442614047579,0.00109131119096576,1.12441313772647,"GABAergic","Mapkapk51"
"Bok1",-0.361094459911791,7.57367478950865,-4.00698307373069,0.000126003522629893,0.00125692515257791,0.925370493503853,"GABAergic","Bok1"
"Ntf31",-0.361092549596392,7.57367443988421,-4.11902443374661,8.39785087438081e-05,0.000990659024249675,1.29803454189922,"GABAergic","Ntf31"
"4732414G09Rik1",-0.361029435477599,7.5736628885826,-3.9492031073563,0.000154921237955947,0.00145043086159886,0.735934167508689,"GABAergic","4732414G09Rik1"
"Sh2b31",-0.36095046928653,7.57364843543543,-4.04257288483357,0.00011084692358835,0.00115601106534255,1.04297704170142,"GABAergic","Sh2b31"
"Pcbd21",-0.360882308540063,7.68799977740125,-3.59548419077912,0.000526843582922598,0.0034761867180416,-0.334865043822173,"GABAergic","Pcbd21"
"Lrrc241",-0.360858641755173,7.65625311614151,-3.76600196431733,0.000294648078152736,0.00223781067923834,0.178334325631681,"GABAergic","Lrrc241"
"Inhba1",-0.360722334060938,7.57360667644382,-3.95099725534059,0.000153934748144413,0.00144721986702437,0.74175850154952,"GABAergic","Inhba1"
"Gm164851",-0.360626346088688,7.5735891047775,-4.07367606864305,9.90466889514839e-05,0.00108011371694896,1.14632036114314,"GABAergic","Gm164851"
"D16Ertd472e1",-0.360612829432135,7.573586630329,-4.07066637511648,0.000100133631122574,0.00108814217358244,1.13629290876427,"GABAergic","D16Ertd472e1"
"Akr7a51",-0.360604809740242,7.63677640323542,-3.61555354309292,0.000492449718304688,0.00331173807254042,-0.293470529483285,"GABAergic","Akr7a51"
"Mtag21",-0.360579972783403,7.57358061529736,-3.95182963511314,0.000153479118280055,0.00144513032066329,0.744461298861405,"GABAergic","Mtag21"
"Npl1",-0.360552968034015,7.57357567148569,-4.12246374299359,8.29302972150624e-05,0.000982027660724165,1.30953860552251,"GABAergic","Npl1"
"Stac31",-0.360536928689205,7.57357273509723,-4.07423266733825,9.88469193861754e-05,0.00107888326260549,1.1481673394301,"GABAergic","Stac31"
"Otud11",-0.360439698468888,7.59219677492947,-3.45635984178796,0.000835698872838371,0.00449359744142869,-0.791492019244087,"GABAergic","Otud11"
"Dpy301",-0.360405288979391,7.70594068045146,-3.71188724306724,0.000354971130674026,0.00261435711078022,0.0321658050119593,"GABAergic","Dpy301"
"Fam110a1",-0.360274687428665,7.57352472185665,-4.07586593552561,9.82629504367684e-05,0.00107345353426082,1.15358808381407,"GABAergic","Fam110a1"
"Slc25a181",-0.360243892507087,7.57351908322156,-3.95379637602142,0.000152407680190311,0.00143931637325049,0.75084907680929,"GABAergic","Slc25a181"
"Limk21",-0.360191605863206,7.8157168002751,-3.31270106545368,0.00132907663905884,0.00637566335165065,-1.08150760031775,"GABAergic","Limk21"
"Tmem170b1",-0.360164740479274,7.6385753423319,-5.19682332082536,1.24413220286733e-06,0.000323654057613785,5.19719065979812,"GABAergic","Tmem170b1"
"Arl21",-0.360088532985525,7.80004370706141,-3.42369574368129,0.000929721554685418,0.00482149790791727,-0.777029065776068,"GABAergic","Arl21"
"1110002O04Rik1",-0.359977832310834,7.57347036289504,-4.07771637492551,9.7605333157981e-05,0.00106909283714964,1.15973144951366,"GABAergic","1110002O04Rik1"
"Myh21",-0.359977832310834,7.57347036289504,-4.07771637492551,9.7605333157981e-05,0.00106909283714964,1.15973144951366,"GABAergic","Myh21"
"Mras1",-0.359927288764578,7.84479282397188,-2.92684369364787,0.00432923895646779,0.0157369230960062,-2.09787457133285,"GABAergic","Mras1"
"Aim2",-0.359771493402382,7.57343257368545,-4.20305660254153,6.16767960186929e-05,0.000781029631216305,1.58194883278049,"GABAergic","Aim2"
"Entpd4b",-0.359771493402382,7.57343257368545,-4.20305660254153,6.16767960186929e-05,0.000781029631216305,1.58194883278049,"GABAergic","Entpd4b"
"Tmed11",-0.359666528509426,7.65875095498611,-3.62760735966808,0.000472827152551702,0.00320994801048503,-0.248855899668409,"GABAergic","Tmed11"
"Ubiad11",-0.359555506532621,7.57339301293388,-4.20449072018208,6.13508174280563e-05,0.00078008570110879,1.58681205337857,"GABAergic","Ubiad11"
"Tubd11",-0.359478952647888,7.573378989982,-4.08082991046083,9.65083528291087e-05,0.00106554151121818,1.17007263872307,"GABAergic","Tubd11"
"Pomgnt21",-0.359442979436495,7.67187599973827,-3.01864445114392,0.00329792958418677,0.012603642138004,-1.97723637710065,"GABAergic","Pomgnt21"
"Ldhd1",-0.359394770854628,7.57336356908467,-4.2055584871047,6.11091887822312e-05,0.00077781029003845,1.59043368053222,"GABAergic","Ldhd1"
"Rbm451",-0.359388126502838,7.69011164345611,-3.24112933513163,0.0016666437537312,0.00755407194441351,-1.36568711485574,"GABAergic","Rbm451"
"Sstr31",-0.35933326283628,7.57335230124451,-4.078633796609,9.72808639771031e-05,0.001068367718545,1.16273460266662,"GABAergic","Sstr31"
"Wiz1",-0.359333114054713,7.69211369183426,-2.81198078654746,0.00603655934860765,0.0206089962905697,-2.48256442707489,"GABAergic","Wiz1"
"Prkaa11",-0.35928424562033,7.64380858620557,-3.50973243997514,0.000701103507554739,0.00408291625000202,-0.609512870768669,"GABAergic","Prkaa11"
"Itga41",-0.359280976212617,7.57334272239848,-4.13059269580153,8.05025314708164e-05,0.000957848912322945,1.33675541333256,"GABAergic","Itga41"
"Mark21",-0.359193455535427,7.64237029986479,-3.53317562188349,0.000648702388194023,0.00391471122455446,-0.540075344715204,"GABAergic","Mark21"
"Ift571",-0.359192384036899,7.69948317326282,-3.07622119399886,0.00277257646143406,0.0109259896300338,-1.81196102909516,"GABAergic","Ift571"
"Eif4ebp11",-0.359174831580645,7.57332327597916,-4.20702024152283,6.07798880391821e-05,0.000775500254112684,1.59539264151302,"GABAergic","Eif4ebp11"
"Engase1",-0.359014106696565,7.57329382791232,-4.13230190732956,8.00008252493386e-05,0.00095461977177195,1.34248280566944,"GABAergic","Engase1"
"Smco4",-0.358926746976755,7.573277820736,-4.20867001596679,6.04102820385599e-05,0.000772877938245905,1.60099086529947,"GABAergic","Smco4"
"Nfkbia1",-0.358922365200638,7.61744472729242,-4.86519243298867,4.80343267157754e-06,0.000323654057613785,3.94890133113146,"GABAergic","Nfkbia1"
"Clpb1",-0.358916298499778,7.65001017822653,-3.84782273016834,0.00022162614699399,0.00182626853647557,0.434927201719058,"GABAergic","Clpb1"
"Usp491",-0.358718911971135,7.57323973540577,-4.21005290716738,6.01021345373964e-05,0.000770524266125093,1.60568461855282,"GABAergic","Usp491"
"Gm44618",-0.358665808998296,7.57323000369266,-4.210406356558,6.00236190388506e-05,0.000770524266125093,1.60688445059617,"GABAergic","Gm44618"
"B2m1",-0.358533563591763,7.68140901973518,-3.21492669633979,0.00180914782548843,0.00800981966261556,-1.44260332213237,"GABAergic","B2m1"
"Med111",-0.358416838288876,7.57318437320012,-4.08747420937938,9.42068252702923e-05,0.0010528270178663,1.19215925210044,"GABAergic","Med111"
"Wdr111",-0.358373556373852,7.71872715947646,-2.44874202343784,0.0162620381596278,0.0462553045062986,-3.34001429317932,"GABAergic","Wdr111"
"Triap11",-0.358313011276181,7.7393562334507,-3.02412400331643,0.00324422240419561,0.0124453786819374,-1.91915655568984,"GABAergic","Triap11"
"Tlk21",-0.358295683374197,7.57316216606029,-4.21287115488855,5.9478825293901e-05,0.000765697325619618,1.61525344968432,"GABAergic","Tlk21"
"Nprl21",-0.358231228181754,7.74355716754505,-2.67456317288505,0.00887862423213592,0.0282667333814281,-2.80589933330795,"GABAergic","Nprl21"
"Per21",-0.358198805672754,7.57314440774452,-4.05950385627286,0.000104265750699451,0.00111163055513762,1.09893715892883,"GABAergic","Per21"
"Dscam1",-0.358170459144453,7.69280133816406,-2.99342120516392,0.00355593334839482,0.0134212691160522,-2.03478342582412,"GABAergic","Dscam1"
"Epas1",-0.358154276491215,7.57313624493305,-4.21381341620298,5.92718176638052e-05,0.000763824773839899,1.6184536929305,"GABAergic","Epas1"
"2810457G06Rik1",-0.358132529679497,7.57313225836971,-4.08925631658586,9.35985364253619e-05,0.0010508705576642,1.19808750766386,"GABAergic","2810457G06Rik1"
"Gpc11",-0.358130139015051,7.573131820117,-4.21397428765872,5.92365448084691e-05,0.000763824773839899,1.61900011633208,"GABAergic","Gpc11"
"Rara1",-0.358088849846366,7.5731242509616,-3.96646365724808,0.000145676411335765,0.00139815557420331,0.792045874933078,"GABAergic","Rara1"
"Zfp8101",-0.357921645617709,7.57309359719888,-4.21536424080798,5.89326224508485e-05,0.000762621318680948,1.62372188607201,"GABAergic","Zfp8101"
"Fam174b1",-0.357884994749253,7.61675698142156,-3.7253001516235,0.00033900963702136,0.00252376100506004,0.0367743401755041,"GABAergic","Fam174b1"
"Shq11",-0.357765382424717,7.57306494668334,-4.07946766295539,9.69868445003723e-05,0.00106797403748857,1.16537848547582,"GABAergic","Shq11"
"Klhl311",-0.357765382424717,7.57306494668334,-4.07946766295539,9.69868445003723e-05,0.00106797403748857,1.16537848547582,"GABAergic","Klhl311"
"Acot11",-0.357765382424717,7.57306494668334,-4.07946766295539,9.69868445003723e-05,0.00106797403748857,1.16537848547582,"GABAergic","Acot11"
"N4bp21",-0.357674534107216,7.64690391917781,-3.2866751372144,0.00144362930097849,0.00681973339365935,-1.25660065563605,"GABAergic","N4bp21"
"Muc6",-0.357627638237125,7.573039689512,-3.97412909136006,0.00014174228284637,0.00136859023723801,0.817100764133794,"GABAergic","Muc6"
"Fxyd51",-0.357613071198364,7.573037018344,-4.09639899049642,9.11981450271193e-05,0.00104406732452634,1.22191972199943,"GABAergic","Fxyd51"
"Nfkb11",-0.357570704528047,7.72314801884714,-2.61198434232047,0.0105378815852999,0.0324021581946411,-2.96666109757297,"GABAergic","Nfkb11"
"Gm266521",-0.35740394223938,7.57299866782051,-4.0817243829208,9.61954010642356e-05,0.00106347948544622,1.17287557227115,"GABAergic","Gm266521"
"Zfp7121",-0.357320399354638,7.57298334628848,-4.08224633820529,9.60132332648426e-05,0.00106335655710952,1.17460998174721,"GABAergic","Zfp7121"
"Nsun21",-0.357285636348895,7.76922360604474,-3.01936437826413,0.00329082662671196,0.0125910263846513,-1.92152328807141,"GABAergic","Nsun21"
"AC164314.2",-0.357270168232482,7.64410753565394,-3.53595357469957,0.000642744337199229,0.00388337742192913,-0.531070104869698,"GABAergic","AC164314.2"
"Kat141",-0.35726362898968,7.67522116316957,-3.62791476276823,0.000472336556487712,0.00320837255939382,-0.225130587806586,"GABAergic","Kat141"
"Zfp7031",-0.357220979930754,7.57296511210804,-4.22004035100212,5.79211405753494e-05,0.000754251159013731,1.63961473463732,"GABAergic","Zfp7031"
"Itga101",-0.357186307028117,7.57295875262895,-4.08308437923035,9.57214406718842e-05,0.00106157558421634,1.17739503967952,"GABAergic","Itga101"
"Lrriq11",-0.356978310903459,7.57292069333722,-4.14537379399485,7.62619537689635e-05,0.000919738431752028,1.38633929911183,"GABAergic","Lrriq11"
"Snip11",-0.35689017821568,7.65056035126423,-3.3932296479127,0.00102632052296035,0.00517960052457828,-0.949466509540669,"GABAergic","Snip11"
"Fbxo91",-0.356883429844367,7.81657569077269,-3.2395861108228,0.00167473691279133,0.00757968092186012,-1.28180409405358,"GABAergic","Fbxo91"
"Iqub1",-0.35682902003706,7.57289344259709,-4.13541144296528,7.90957755546976e-05,0.000945644098876491,1.35276328844981,"GABAergic","Iqub1"
"Snx221",-0.356806766986274,7.57288938045428,-4.09443455759001,9.18523610653105e-05,0.00104482668911204,1.21527934468647,"GABAergic","Snx221"
"Ccdc1891",-0.356762997445752,7.57288139047716,-4.08570809725451,9.48133972805745e-05,0.00105338787847084,1.18611623756332,"GABAergic","Ccdc1891"
"Tex50",-0.356701312638184,7.57287012980239,-4.22348317905462,5.71871320739978e-05,0.000747130168772365,1.65132280877263,"GABAergic","Tex50"
"Gm289591",-0.356701312638184,7.57287012980239,-4.22348317905462,5.71871320739978e-05,0.000747130168772365,1.65132280877263,"GABAergic","Gm289591"
"Sstr11",-0.356336884332489,7.57280359490484,-4.08834424188646,9.39093834367119e-05,0.0010508705576642,1.19488242182497,"GABAergic","Sstr11"
"2900009J06Rik1",-0.356245483094488,7.57278690536745,-4.08891009903321,9.3716415421635e-05,0.0010508705576642,1.1967646274489,"GABAergic","2900009J06Rik1"
"Socs61",-0.355692661593181,7.66397291062411,-3.40472659618102,0.000988807608920477,0.00505816258314226,-0.910658599412434,"GABAergic","Socs61"
"Slc35b11",-0.355525421915497,7.81898922910979,-3.00387698404612,0.00344679726268077,0.0130729688355343,-1.92081790328728,"GABAergic","Slc35b11"
"C2cd2l1",-0.355426418501389,7.7989028113827,-3.03954494066225,0.00309739318495824,0.011941177205757,-1.84125757668796,"GABAergic","C2cd2l1"
"Tmem1781",-0.355325031475431,7.90345416553816,-2.66058194854826,0.0092272721748639,0.0291078921428726,-2.68420005762566,"GABAergic","Tmem1781"
"Npas21",-0.35519602590426,7.68560087296311,-3.09901462377837,0.002586955020494,0.0103796029111964,-1.75777651643151,"GABAergic","Npas21"
"Hist1h4h1",-0.354944771104435,7.57254930802559,-4.04418893743005,0.000110201950745416,0.00115479340979538,1.04779055234474,"GABAergic","Hist1h4h1"
"Letmd11",-0.354867001563508,7.76197310887679,-3.356222915958,0.0011563611105937,0.00568164569385906,-0.988379699069108,"GABAergic","Letmd11"
"Dyrk31",-0.354848715066372,7.64765287584068,-3.09233872230065,0.00264008883368721,0.0105586536983752,-1.7925106873553,"GABAergic","Dyrk31"
"Lysmd31",-0.354560350016155,7.85277469862838,-3.10188822059478,0.00256439136569805,0.0103291453581022,-1.63091625281232,"GABAergic","Lysmd31"
"Fancc1",-0.354484690960212,7.57246522512762,-4.16129436815094,7.19348281431876e-05,0.000877788807528966,1.43987670122014,"GABAergic","Fancc1"
"Angel11",-0.354448158340515,7.57245854760206,-4.10912608904944,8.70667673525604e-05,0.0010097269047613,1.26425739631813,"GABAergic","Angel11"
"Trim331",-0.354374125783772,7.84007049035911,-2.64639695218869,0.00959365119920208,0.0300422147386842,-2.77084174534504,"GABAergic","Trim331"
"Prr141",-0.354340269502544,7.6229000165722,-3.50679946177876,0.000707934020454194,0.00409528573384327,-0.62723712290554,"GABAergic","Prr141"
"Gm13093",-0.354335532059054,7.59317656022909,-3.4746483770433,0.000787047477324549,0.00437089868969402,-0.737242230018277,"GABAergic","Gm13093"
"2700033N17Rik1",-0.354236249786915,7.59319025784103,-3.47459542078083,0.000787184413494451,0.00437089868969402,-0.737399613101948,"GABAergic","2700033N17Rik1"
"Rad9b1",-0.353968475739855,7.64340170404782,-3.36761105277161,0.00111478004658163,0.00553476378778655,-1.02668441735462,"GABAergic","Rad9b1"
"R3hdm41",-0.353953709947831,7.79480401497594,-2.76388805702211,0.0069195216409499,0.0231085208730324,-2.54501916300026,"GABAergic","R3hdm41"
"Ext11",-0.353843913667202,7.57234808228584,-4.11606267066819,8.4891365186999e-05,0.00099748436881198,1.28746938159893,"GABAergic","Ext11"
"Pgap31",-0.353764056877311,7.57233348040593,-4.11340417803677,8.57188605518869e-05,0.00100004298621034,1.27854247501894,"GABAergic","Pgap31"
"Zfp4461",-0.35375758595266,7.7180705253006,-3.12819851149027,0.00236614386406851,0.00983383970297728,-1.66303235378112,"GABAergic","Zfp4461"
"Vcan1",-0.35360371900445,7.60331606485119,-3.0280957722594,0.00320580122364625,0.0123094038321318,-1.99161228979298,"GABAergic","Vcan1"
"Gm265331",-0.353192780082939,7.64178953820019,-3.66452420924511,0.000417240084968742,0.00295039854955105,-0.141537918420139,"GABAergic","Gm265331"
"Rcc1l1",-0.353181599432647,7.57222695761517,-4.10795829482184,8.74382290623652e-05,0.00101100272615374,1.26023047173279,"GABAergic","Rcc1l1"
"Heatr11",-0.353067251757684,7.63294045518387,-3.66602572561583,0.000415115995157364,0.00293872760975636,-0.140456487513045,"GABAergic","Heatr11"
"Ino80dos1",-0.352737656276335,7.69733207974547,-2.77270924606038,0.00674921950283853,0.0226128007640999,-2.59197757896643,"GABAergic","Ino80dos1"
"Zfp9741",-0.352688209304,7.64694756305644,-3.26582062784254,0.00154202895506336,0.00715921411610035,-1.31557338387583,"GABAergic","Zfp9741"
"Pdcd2l1",-0.352626135944093,7.64349277484216,-3.4024966037573,0.000995981352951318,0.00507602816842951,-0.925463496432922,"GABAergic","Pdcd2l1"
"Zfp6871",-0.352426587542696,7.61361643427051,-4.30889257380906,4.15964475291327e-05,0.000601633076826077,1.95563368895906,"GABAergic","Zfp6871"
"Cenpv1",-0.352399965994135,7.67419498208086,-2.43557019989399,0.0168273991677905,0.0474937010110924,-3.39438438380868,"GABAergic","Cenpv1"
"Xndc11",-0.352077202080766,7.73776416184182,-2.85365895575837,0.00535614946096138,0.0186567127691602,-2.36193886084384,"GABAergic","Xndc11"
"Gm474391",-0.352034944868785,7.59794315190682,-3.3313929772838,0.00125212628864927,0.0060651394387734,-1.15418993861811,"GABAergic","Gm474391"
"Ctbp21",-0.351992635539474,7.6485860914486,-3.5463874795286,0.00062082499522804,0.00378039165396466,-0.498007189275031,"GABAergic","Ctbp21"
"Skap21",-0.351928980997267,7.57199775276224,-4.25516719011483,5.08396041048277e-05,0.000683553073608788,1.75937157456124,"GABAergic","Skap21"
"Stambpl11",-0.351425568456236,7.75766792067435,-2.9560857421612,0.00397224353749901,0.0146625646342542,-2.09089335457776,"GABAergic","Stambpl11"
"Sugp21",-0.351121433584659,7.92540955807013,-2.55207616057244,0.0123839863733145,0.036970235961711,-2.91968265956561,"GABAergic","Sugp21"
"Cant11",-0.350982953346036,7.65458272115035,-2.69064181757383,0.00849249136848788,0.0272189612300967,-2.81414476279869,"GABAergic","Cant11"
"Rab9b1",-0.350565478343615,7.63942994068364,-5.28906126953295,8.47941804928816e-07,0.000323654057613785,5.55128509310887,"GABAergic","Rab9b1"
"Ubash3b1",-0.350439618963884,7.9143753228861,-2.69144291560848,0.00847365810709826,0.0271796580793718,-2.6076496627087,"GABAergic","Ubash3b1"
"Zfhx2os1",-0.350428630671026,7.64640023080277,-3.31862524586196,0.00130422058386924,0.00627471925847924,-1.16602643617545,"GABAergic","Zfhx2os1"
"Gpatch21",0.350324958171763,7.87477218131489,2.65732942823968,0.00931014044924399,0.0293097014142866,-2.71000221134597,"GABAergic","Gpatch21"
"Otub11",-0.350318640828447,7.80412962331051,-2.54504134026605,0.0126188652839856,0.0374810044869084,-3.06046781510672,"GABAergic","Otub11"
"Rnf1141",-0.350209951678339,7.8126066477369,-3.10191091644456,0.00256421388693794,0.0103291453581022,-1.65364603980796,"GABAergic","Rnf1141"
"Zdhhc161",-0.349921960354471,7.66090460368603,-3.11887820135654,0.00243468097889779,0.0100047652146098,-1.71563584018951,"GABAergic","Zdhhc161"
"Cbx41",-0.34990549396765,7.73890820537112,-3.26386592108362,0.00155156700636935,0.00718736340016561,-1.25206098483194,"GABAergic","Cbx41"
"Endov1",-0.349892877768807,7.64181993671216,-3.6223264713274,0.000481330941640344,0.00325521361621617,-0.270833186680687,"GABAergic","Endov1"
"Pi4k2a1",-0.349588382827252,7.71840491694307,-2.98642043589501,0.00363078335582708,0.0136456757861339,-2.04020365840787,"GABAergic","Pi4k2a1"
"Vstm51",-0.349237366228479,7.69279744885695,-3.27525289588447,0.00149677054839839,0.00699935485387608,-1.26773052309357,"GABAergic","Vstm51"
"Epop1",-0.348469881253293,7.57136394422053,-4.13752976202009,7.84848686981635e-05,0.000941812947806501,1.35916416814587,"GABAergic","Epop1"
"Csdc21",-0.347979563089998,7.6712099739627,-3.14488184733024,0.00224792691705012,0.00947258846879183,-1.64040622588823,"GABAergic","Csdc21"
"Fbf11",-0.347677595528181,7.66571132267294,-3.74424429671433,0.00031762482139047,0.00238458804201799,0.114257666830437,"GABAergic","Fbf11"
"Abtb11",-0.347419703460668,7.68310078047234,-4.96309345616029,3.23870854025756e-06,0.000323654057613785,4.30390768568343,"GABAergic","Abtb11"
"Kbtbd71",-0.347141688100519,7.5966607469336,-3.48034940875723,0.000772436292910093,0.0043199343826112,-0.719357547335454,"GABAergic","Kbtbd71"
"Runx2os11",-0.346784857952062,7.60054661013789,-3.46913433055846,0.000801427211042128,0.00441658085619716,-0.750949827135494,"GABAergic","Runx2os11"
"Btbd191",-0.346754111412041,7.59732752371508,-3.36876937338375,0.00111063037778838,0.00551979294687779,-1.04677852096215,"GABAergic","Btbd191"
"Dmkn1",-0.346690321394991,7.59163517601335,-3.69561391130411,0.000375296383078424,0.00272205032963369,-0.0664896024077093,"GABAergic","Dmkn1"
"Atxn7l11",-0.346472550355,7.780163332534,-2.79710704820195,0.00629794743965405,0.021348682798718,-2.47953115923073,"GABAergic","Atxn7l11"
"Pgd1",-0.34632897601492,7.62083775321183,-4.96007966552862,3.27844059790253e-06,0.000323654057613785,4.30268385933305,"GABAergic","Pgd1"
"Rpusd31",-0.346190294759225,7.64582495111285,-3.33960577061064,0.00121965591138646,0.0059217252974593,-1.10622083219546,"GABAergic","Rpusd31"
"Xk1",-0.346031695637244,7.64346848654967,-3.40033694414797,0.00100297550523642,0.00509620046103534,-0.931803660319889,"GABAergic","Xk1"
"Slc35f31",-0.345998757751423,7.72466292975836,-2.86836502231941,0.0051333860401575,0.0179907711828169,-2.34051560664061,"GABAergic","Slc35f31"
"Nelfa1",-0.345895358178694,7.72988099880673,-3.46198736498852,0.000820434329277148,0.00446994211159285,-0.707138151308238,"GABAergic","Nelfa1"
"Ankrd391",-0.345789841824436,7.71535041164138,-2.84660097713837,0.00546618321067497,0.0189855397829489,-2.39967724980077,"GABAergic","Ankrd391"
"Tacr11",-0.345781306400625,7.59672360689263,-3.51309857869918,0.000693340958166831,0.00407156886166952,-0.621684750572217,"GABAergic","Tacr11"
"Slc9a3r21",-0.345693114703797,7.5963899189982,-3.51957797614379,0.00067862704548238,0.0040180160469639,-0.602388004517139,"GABAergic","Slc9a3r21"
"Kcnh31",-0.345691019522025,7.66841513889069,-2.93000888747767,0.00428921711198601,0.0156143104604712,-2.21235138416394,"GABAergic","Kcnh31"
"Rnf311",-0.345398059757956,7.64335260155289,-3.48087569971629,0.000771100444847361,0.00431440780908736,-0.695443681914223,"GABAergic","Rnf311"
"Gm99251",-0.345331245264173,7.71827745651106,-3.13520136612921,0.0023158343566324,0.00967334377846116,-1.62928280925193,"GABAergic","Gm99251"
"9430041J12Rik1",-0.345216714262256,7.59715255967111,-4.63308965777407,1.20287213887348e-05,0.000323654057613785,3.09753380675839,"GABAergic","9430041J12Rik1"
"Ccz11",-0.345192369606447,7.75924369670429,-3.79337713534599,0.000267982318751074,0.00206434548460635,0.313700570338289,"GABAergic","Ccz11"
"Phka11",-0.344969562139521,7.62159743461843,-4.96648668210701,3.1945359109011e-06,0.000323654057613785,4.32670415726065,"GABAergic","Phka11"
"Chst151",-0.34492014499858,7.68032497642856,-4.45997389120691,2.34782256972371e-05,0.000421960465871554,2.49656561388129,"GABAergic","Chst151"
"Cdk91",-0.344875875881582,7.64768159217767,-2.85594188727353,0.00532099616166668,0.0185591799792815,-2.41146499701246,"GABAergic","Cdk91"
"Scarb11",-0.344824460719,7.67380238897134,-3.06347412691766,0.00288170233101905,0.0112282342002971,-1.8596082589729,"GABAergic","Scarb11"
"Nrp21",-0.344695216106439,7.70092806277943,-2.43076217961416,0.0170380987394223,0.0480115361844301,-3.36316057363996,"GABAergic","Nrp21"
"Pmm21",-0.344521775878412,7.64835458950996,-2.50784467599501,0.013928703591378,0.0407485175787368,-3.24686120318714,"GABAergic","Pmm21"
"Picalm1",-0.3442919038503,7.79566734325734,-2.63607604711678,0.00986845941072955,0.0306936293952766,-2.85079403212994,"GABAergic","Picalm1"
"Zfp5111",-0.344061700516018,7.67222579926462,-3.09102531065201,0.00265066099731508,0.0105770749121158,-1.78611926615002,"GABAergic","Zfp5111"
"Tln11",-0.344061001526157,7.90022794772218,-2.84892624436266,0.00542970528844182,0.0188852697952811,-2.24665492425749,"GABAergic","Tln11"
"Pgbd51",-0.343935341447219,7.71064955706583,-3.34906488207733,0.00118323813564868,0.00576138890912941,-1.04276521453111,"GABAergic","Pgbd51"
"Tmem2371",-0.343576452593306,7.69270889841061,-2.88397243654443,0.00490630479778194,0.0173814566201752,-2.31759390784947,"GABAergic","Tmem2371"
"Ccdc651",-0.34352035532602,7.59795017085288,-3.31692636291537,0.00131130361552523,0.00630258631629283,-1.19601178966735,"GABAergic","Ccdc651"
"Gabra31",-0.343479210180287,7.76732353449604,-3.45260920877953,0.000846020681185321,0.00452548131616803,-0.70735893182283,"GABAergic","Gabra31"
"Nolc11",-0.343375116994035,7.79004487376414,-2.78224185816972,0.00656949486222372,0.0221241333080587,-2.50704719491706,"GABAergic","Nolc11"
"Gm62971",-0.343077705483475,7.67253448331058,-3.05395647632865,0.00296576610876912,0.0114944276732744,-1.86471437633636,"GABAergic","Gm62971"
"Mdn11",-0.343000840407043,7.84449350228979,-2.59325475731113,0.0110863901650108,0.0338205757000452,-2.88227337743668,"GABAergic","Mdn11"
"Smyd51",-0.342831171283223,7.72011743595902,-2.6262705077813,0.0101361298855027,0.031320430744154,-2.93340616342778,"GABAergic","Smyd51"
"Tmem1701",-0.342760586529367,7.59622166168184,-4.66235892309358,1.07279842622885e-05,0.000323654057613785,3.20322256936145,"GABAergic","Tmem1701"
"Aasdh1",-0.34274589023291,7.61896778315439,-4.07206036990047,9.96287785018304e-05,0.00108441981618426,1.15506485781153,"GABAergic","Aasdh1"
"Wdr451",-0.3426698161791,7.5949853083264,-4.67193083096147,1.03330320859243e-05,0.000323654057613785,3.23771561610087,"GABAergic","Wdr451"
"Mxi11",-0.342658285874489,7.61974530962203,-4.02561597157218,0.000117836416227517,0.00120061570228529,1.00160036085979,"GABAergic","Mxi11"
"Dennd2a1",-0.342640157735654,7.64350989963312,-3.46895601898988,0.000801896329987127,0.00441658085619716,-0.730636234791923,"GABAergic","Dennd2a1"
"Mfap1a1",-0.342629979216753,7.80863850968111,-2.73948283970944,0.00741133549631358,0.0243333940098963,-2.60101605526705,"GABAergic","Mfap1a1"
"Pls11",-0.342582767078945,7.64233068019712,-3.43740963578137,0.000889093389675384,0.00466736419876122,-0.82400475425171,"GABAergic","Pls11"
"Pgs11",-0.342513724035497,7.67990792193964,-3.40444622507696,0.00098970686471864,0.00506067663418143,-0.905187799256227,"GABAergic","Pgs11"
"Slit11",-0.34222131058161,7.6362637647977,-3.6123454678758,0.000497800821329295,0.00333968956209154,-0.303595020497585,"GABAergic","Slit11"
"Sap30bp1",-0.342087636997765,7.80693727069472,-2.60371622026772,0.0107769209066741,0.0330017018379375,-2.92232857010564,"GABAergic","Sap30bp1"
"Diras11",0.341815175987421,7.76356554772337,2.42123980056722,0.0174623511468657,0.0489513841727137,-3.35170935086289,"GABAergic","Diras11"
"Plk31",-0.341782842249708,7.68646964357808,-3.14055105330737,0.00227807438837928,0.00956714150923414,-1.64545858989369,"GABAergic","Plk31"
"Map3k15",-0.341483087685983,7.63619447157323,-3.47742144265967,0.000779908108906079,0.00434995938495481,-0.708894847707314,"GABAergic","Map3k15"
"Mlx1",-0.341422401294503,7.70482242432599,-4.34103876960787,3.68648975712506e-05,0.000551196841999061,2.08763089004252,"GABAergic","Mlx1"
"Cds11",-0.341145978611213,7.78826316167705,-2.95745007889717,0.00395627023761563,0.0146166459210509,-2.05432618629279,"GABAergic","Cds11"
"Exosc91",-0.34110952703981,7.69393311740711,-3.08653486070968,0.00268710425591297,0.0106739241516639,-1.78826759035305,"GABAergic","Exosc91"
"Dusp191",-0.340853778509155,7.76995174479245,-2.92260489023714,0.00438337506802983,0.0158803199461796,-2.16655349728283,"GABAergic","Dusp191"
"Tvp23a1",-0.340654533931311,7.64259906687421,-3.431780392787,0.000905563659769245,0.00472799491376578,-0.84036413606468,"GABAergic","Tvp23a1"
"Klc41",-0.340413222295439,7.64198045921353,-4.31581189324322,4.0530966124336e-05,0.000591100150170778,1.9854367852878,"GABAergic","Klc41"
"Ltbp41",-0.340393371850475,7.59532986722732,-3.7853190251476,0.000275582877105298,0.00211240488256748,0.215573545352918,"GABAergic","Ltbp41"
"Ccpg1os1",-0.340344772789899,7.6676282010809,-2.98316283329109,0.00366610686425881,0.0137469202891375,-2.07462576984991,"GABAergic","Ccpg1os1"
"Rab431",-0.340264754489848,7.59890133703515,-3.34330516162536,0.00120528962290548,0.0058611458543327,-1.11981582411774,"GABAergic","Rab431"
"Ripk21",-0.340219970245649,7.64625973643784,-2.99105158048302,0.00358110737091724,0.013499861018555,-2.06368025759329,"GABAergic","Ripk21"
"Rnf1491",-0.339903765138398,7.81171083656004,-3.24405759620111,0.00165138748057859,0.00751236020307196,-1.25899202949212,"GABAergic","Rnf1491"
"Ccdc1381",-0.339762483643711,7.6163762590231,-4.97058156482069,3.14201084703869e-06,0.000323654057613785,4.34192186392119,"GABAergic","Ccdc1381"
"Bcr1",-0.339728324358056,7.83181160756234,-2.53836568432977,0.0128454517707249,0.0380912918697003,-3.05097144124823,"GABAergic","Bcr1"
"4632404H12Rik1",-0.339578118678727,7.59547463935502,-3.67368665589049,0.000404437476346097,0.00287625735326938,-0.133501140772608,"GABAergic","4632404H12Rik1"
"Wdr261",-0.339567870612239,7.92642726225991,-2.46170500447106,0.0157222700731579,0.0449777251286053,-3.12631547028314,"GABAergic","Wdr261"
"Pip5k1a1",-0.339254258705536,7.83357863885365,-3.02009825928547,0.00328360057959741,0.0125731203927195,-1.85614408088022,"GABAergic","Pip5k1a1"
"Cdyl21",-0.339082616968404,7.59036444972706,-3.83167098320847,0.000234512894118088,0.00187278315058267,0.361332526196311,"GABAergic","Cdyl21"
"Zfp261",-0.338773356812879,7.7723242589346,-3.10329620226618,0.00255340271523614,0.010308304390397,-1.67382898670042,"GABAergic","Zfp261"
"B3glct1",-0.338763871982471,7.72708577606332,-3.20683424449807,0.00185540982781947,0.00816801559533154,-1.44025370583554,"GABAergic","B3glct1"
"Myadml21",-0.338526482903824,7.59928708384707,-3.22380858187407,0.00175961448680063,0.00784932271071022,-1.45930020549026,"GABAergic","Myadml21"
"Pot1a1",-0.338267483259292,7.80686569631246,-3.23227271016615,0.00171359294997704,0.00771614241988936,-1.30680777022342,"GABAergic","Pot1a1"
"Slco3a11",-0.338210311436544,7.83315625223698,-3.08208626130033,0.00272366637142298,0.0107679833288816,-1.68605808295678,"GABAergic","Slco3a11"
"D130017N08Rik1",-0.338000018470251,7.66634552025746,-4.26197704438014,4.95668282662727e-05,0.000670800805653701,1.81100823337369,"GABAergic","D130017N08Rik1"
"Gm458691",-0.337969968823703,7.59661300833522,-3.53908999614962,0.000636079649376765,0.00385271452778449,-0.544065519717611,"GABAergic","Gm458691"
"Unc45a1",-0.337888727984391,7.81102160334152,-2.41956770060855,0.0175378128760375,0.0491376493881694,-3.32846455920455,"GABAergic","Unc45a1"
"Gm56171",-0.337886195418545,7.60042371502427,-3.34595293088759,0.00119510495586576,0.00581617745188002,-1.11127591269002,"GABAergic","Gm56171"
"Zbtb331",-0.337853791355024,7.59518413848528,-3.58873413731391,0.000538914258932449,0.00353211683515769,-0.394369980391481,"GABAergic","Zbtb331"
"Adamts101",-0.337799282369233,7.63813598110647,-5.42616175834832,4.76844774470496e-07,0.000323654057613785,6.08473365795728,"GABAergic","Adamts101"
"H2-DMa1",-0.337714630097044,7.59578990043371,-3.79107451124479,0.000270133566093793,0.00207704929072117,0.233794347360213,"GABAergic","H2-DMa1"
"Crabp11",-0.337688274524091,7.59659636555525,-3.616344307579,0.00049113911610693,0.00330533429006887,-0.30959409001817,"GABAergic","Crabp11"
"Commd101",-0.3376879820753,7.71182040261758,-2.99899457864881,0.00349736764845961,0.0132404919211055,-2.01109989677056,"GABAergic","Commd101"
"Wwp21",-0.337685293569408,7.64219946200264,-2.91319546584686,0.00450578440892075,0.0162077636274512,-2.26952340339493,"GABAergic","Wwp21"
"Eif4e21",-0.337407722746089,7.61764114358459,-4.99596918628832,2.83466433549836e-06,0.000323654057613785,4.4373307760317,"GABAergic","Eif4e21"
"Usp381",-0.337396065048006,7.66344488441581,-3.00535916517067,0.00343157970535332,0.0130271961283067,-2.01828498931042,"GABAergic","Usp381"
"Carmil11",-0.337114799230019,7.74684065540857,-2.95195998989308,0.00402090967065047,0.0147894158306972,-2.08056263915437,"GABAergic","Carmil11"
"Atg9a1",-0.337092745508591,7.89729420148707,-2.57791756867757,0.011554609578838,0.0349908991882333,-2.89779341857462,"GABAergic","Atg9a1"
"Yjefn31",-0.337084676242934,7.59608103746414,-3.62415186995342,0.000478375243904846,0.003238754379083,-0.285875888481045,"GABAergic","Yjefn31"
"Ammecr11",-0.337081564846961,7.59527344474136,-3.69251457148903,0.000379290765410906,0.00273620266898448,-0.0752732115030392,"GABAergic","Ammecr11"
"Dlgap31",-0.336862877297023,7.58952103325992,-3.74551922666129,0.00031623271625954,0.00237701272488243,0.0882880854170578,"GABAergic","Dlgap31"
"Fbln21",-0.336816080981641,7.59574143929328,-3.54794752881377,0.0006176090719756,0.00376672017142718,-0.517709825522507,"GABAergic","Fbln21"
"Aamp1",-0.336770337716821,7.76056069029996,-2.92349177284494,0.00437199685839906,0.0158598307549641,-2.17602544265904,"GABAergic","Aamp1"
"Fbxl61",-0.336754157674538,7.68548445976993,-3.0707122704657,0.00281925815138258,0.0110278310683299,-1.83489651923408,"GABAergic","Fbxl61"
"Vps361",-0.336513763395662,7.76873039193338,-2.46826472481487,0.0154552808867761,0.0443468290878362,-3.19610882111954,"GABAergic","Vps361"
"Ano81",-0.336401894310804,7.63522064951757,-3.48879915186507,0.000751250549418804,0.00422812667496025,-0.675518287135881,"GABAergic","Ano81"
"Nop531",-0.336401007660252,7.62456124596451,-4.96071246899191,3.27005887186852e-06,0.000323654057613785,4.30511832332768,"GABAergic","Nop531"
"Zfp9711",-0.33638133988118,7.63807164979264,-3.54724590337306,0.000619053465033916,0.00377145483606819,-0.499652271921242,"GABAergic","Zfp9711"
"Ilvbl1",-0.336368089448433,7.75704571867981,-2.49041878912797,0.0145833124646624,0.0422453099174743,-3.22184582570881,"GABAergic","Ilvbl1"
"Brpf11",-0.336231877858092,7.68418153597721,-2.77203390148136,0.00676212108303251,0.0226437999569437,-2.60215240826973,"GABAergic","Brpf11"
"Mcat1",-0.336171744237268,7.65858609383377,-3.396538326928,0.00101538976335422,0.00514325998499017,-0.936406236319143,"GABAergic","Mcat1"
"Zfp2821",-0.336090926547465,7.66227600541964,-4.73242801683418,8.1443313410391e-06,0.000323654057613785,3.46409757165939,"GABAergic","Zfp2821"
"Klhl421",-0.336041876406797,7.66680583477356,-3.28601327516372,0.00144665968121611,0.00682884999767664,-1.24973970209481,"GABAergic","Klhl421"
"Zfp5581",-0.335861172252359,7.5966082675215,-3.65403560518585,0.00043236789617127,0.00301951918485395,-0.193941537192265,"GABAergic","Zfp5581"
"Syt51",-0.335788126955554,7.78977880346581,-2.5758513041471,0.0116190346156431,0.0351259974616641,-2.99369849111018,"GABAergic","Syt51"
"1700013F07Rik1",-0.335781044063468,7.59432404474356,-3.69442091527688,0.000376829143489332,0.00272758961574614,-0.0697380789075073,"GABAergic","1700013F07Rik1"
"AC141880.11",-0.33573964788884,7.59615028641927,-3.52749815836993,0.000661041983960447,0.00396689120935645,-0.579144477405028,"GABAergic","AC141880.11"
"Rnf441",-0.335724109405354,7.7212398524128,-2.88870866929958,0.0048392437740572,0.0171978852336912,-2.29000858460227,"GABAergic","Rnf441"
"Clcn11",-0.335638809822823,7.59591967202334,-3.65666477664054,0.000428527663519714,0.00300624710137565,-0.186055704189945,"GABAergic","Clcn11"
"Hes61",-0.335607422691475,7.59648202133046,-3.65701088011242,0.000428024554120804,0.00300624710137565,-0.184824399924472,"GABAergic","Hes61"
"Rtn4r1",-0.335551182740588,7.58835695240183,-3.80287410384019,0.000259280981532994,0.00200979199301964,0.269077568040649,"GABAergic","Rtn4r1"
"Ube4b1",-0.335434298518229,7.83795655030631,-2.72890638092705,0.0076342083194487,0.0249042950463089,-2.57615370165274,"GABAergic","Ube4b1"
"Pon21",-0.335392545960277,7.58906188975898,-3.67220170949157,0.000406486737432569,0.00288586980065113,-0.14027379157243,"GABAergic","Pon21"
"Mob21",-0.33537461801034,7.80332835771936,-2.62610687442758,0.0101406519524586,0.031320430744154,-2.87566754653267,"GABAergic","Mob21"
"March41",-0.335369149988962,7.5965274739592,-3.55980660389416,0.000593672630588449,0.00368923350628228,-0.481649011328286,"GABAergic","March41"
"Mief21",-0.335210374858683,7.59664956428138,-3.58655108411564,0.00054287380131084,0.00353880395347577,-0.400523606300612,"GABAergic","Mief21"
"Rbm44",-0.335207685171595,7.67327460061791,-2.57957021711899,0.0115033130124011,0.0348695931812158,-3.04888230925843,"GABAergic","Rbm44"
"Pcx1",-0.33507806119587,7.59572055897817,-3.58831167885894,0.000539678357982365,0.00353425246573148,-0.395534770914492,"GABAergic","Pcx1"
"Kcnh81",-0.335030683675403,7.59403382317377,-3.70388366445173,0.000364833143184388,0.00267039086679209,-0.0404295947896314,"GABAergic","Kcnh81"
"Parp21",-0.334739600644303,7.67583984447781,-2.75357449740835,0.00712360650838433,0.0236374215960026,-2.65299561677866,"GABAergic","Parp21"
"Acot41",-0.334683731053306,7.59517081389737,-3.66021873847115,0.000423388089779619,0.00298536715577561,-0.17541897380933,"GABAergic","Acot41"
"Wipi11",-0.334677616144597,7.59827192436463,-3.17592235803941,0.0020424859690699,0.0087797890114851,-1.59315455051871,"GABAergic","Wipi11"
"Cgn1",-0.334443588128983,7.62180445574995,-5.03249901982521,2.44329004396996e-06,0.000323654057613785,4.57498842949422,"GABAergic","Cgn1"
"Pcdh11x1",-0.334370324364619,7.71379641207216,-3.08352476625375,0.00271179335219209,0.0107244600065978,-1.78593298928391,"GABAergic","Pcdh11x1"
"Lgalsl1",-0.334330364176149,7.84888537362811,-3.15858439167447,0.00215497121702761,0.00915549222982287,-1.48157339642785,"GABAergic","Lgalsl1"
"Med201",-0.334170686133024,7.63760842284534,-3.36904760182964,0.00110963579278145,0.00551705937035969,-1.02547531776135,"GABAergic","Med201"
"Ripk11",-0.334040275784786,7.59533373425704,-3.65682172253092,0.000428299451389371,0.00300624710137565,-0.185882507743995,"GABAergic","Ripk11"
"Gnpnat11",-0.333961502973211,7.72032884955008,-2.84173513288712,0.00554324545739561,0.0191941060620199,-2.4089578851854,"GABAergic","Gnpnat11"
"Coq8a1",-0.333927651578727,7.59676319093204,-3.58407569835586,0.000547396894474707,0.00355292649604138,-0.408056121394522,"GABAergic","Coq8a1"
"Gm200451",-0.333746118192978,7.72150916484697,-2.44887308131274,0.0162564991881486,0.0462553045062986,-3.28744580037252,"GABAergic","Gm200451"
"Pdzd71",-0.333628673007593,7.64524615960413,-4.3308934060626,3.82990716478791e-05,0.000569211352275664,2.03840553166931,"GABAergic","Pdzd71"
"Neurl41",-0.333583278318158,7.59548923729404,-3.59355053297456,0.000530274983867317,0.00349294721326614,-0.379742822709152,"GABAergic","Neurl41"
"Tmem176b1",-0.333547081219516,7.59586843656306,-4.67933903433331,1.00370828056952e-05,0.000323654057613785,3.26475453040171,"GABAergic","Tmem176b1"
"Gm151551",-0.333405855360378,7.59576478889793,-3.63699016266771,0.000458068390235443,0.00314067885238776,-0.246792232984014,"GABAergic","Gm151551"
"Arrdc11",-0.333328601822005,7.59703458979083,-3.63399546908825,0.000462730776205224,0.003160423188061,-0.255509328977294,"GABAergic","Arrdc11"
"Cenpk1",-0.333271027922499,7.59605684493439,-3.63459126363868,0.00046179962235323,0.00315789511431625,-0.254062835894654,"GABAergic","Cenpk1"
"Zdhhc231",-0.333241493819099,7.64493601328945,-2.73906924714548,0.00741993826569114,0.0243537249080209,-2.70490083281028,"GABAergic","Zdhhc231"
"Msh61",-0.333100786875984,7.61477901134707,-3.73581657335691,0.000326974844719177,0.00244885807058841,0.068593089195141,"GABAergic","Msh61"
"Slc30a71",-0.33302493408221,7.67152934041403,-2.87617868104916,0.00501852026897452,0.0176931353801062,-2.34737216287749,"GABAergic","Slc30a71"
"Fam189a21",-0.332941289117302,7.59417376397567,-3.78864242813984,0.000272423625227885,0.00209336048859322,0.225620312616119,"GABAergic","Fam189a21"
"Uvssa1",-0.33285100293611,7.64419757785859,-3.33705595508558,0.00122965134560891,0.0059614137421988,-1.11431769750661,"GABAergic","Uvssa1"
"Golm11",-0.332803965760632,7.64222712864679,-3.24676468656269,0.00163739980228739,0.00746587696225145,-1.37149403978302,"GABAergic","Golm11"
"Dph21",-0.332681518167315,7.59510226928756,-3.67276269906583,0.000405711402449804,0.002883664664606,-0.136801377976629,"GABAergic","Dph21"
"Agmat1",-0.332597911920707,7.57603993974256,-4.17338201057283,6.88081513101107e-05,0.000853056101656817,1.48232747743496,"GABAergic","Agmat1"
"Tsacc1",-0.332563078669407,7.59674324273745,-3.46592121017058,0.000809920422488769,0.00445094345612154,-0.762632657847314,"GABAergic","Tsacc1"
"Hyls11",-0.332437920606419,7.62160630994629,-5.08272037278717,1.99013877946031e-06,0.000323654057613785,4.76507177484896,"GABAergic","Hyls11"
"Reps11",-0.332423181635614,7.6533276026141,-3.1601654986943,0.00214447889294072,0.00912340866005976,-1.60661508411996,"GABAergic","Reps11"
"Leng91",-0.33234721600468,7.59829439220835,-3.52639567308602,0.000663463746921428,0.00397565673553593,-0.581589598148561,"GABAergic","Leng91"
"8030462N17Rik1",-0.332283897471188,7.59415824295236,-3.79549079667119,0.000266021989576765,0.00205051732338363,0.247257771803437,"GABAergic","8030462N17Rik1"
"Cmtm41",-0.332221966301607,7.61792189075452,-5.02767723226706,2.49175705292974e-06,0.000323654057613785,4.5568235023988,"GABAergic","Cmtm41"
"Clic41",-0.332211460122442,7.59472400307855,-3.78220175481697,0.000278577876069603,0.00213011576119,0.205362015999817,"GABAergic","Clic41"
"Brd21",-0.332106018183681,7.68121775204076,-2.56380888211425,0.0120009992469919,0.0360088009321009,-3.09064583383428,"GABAergic","Brd21"
"AC161199.11",-0.332065195699197,7.59459752673689,-3.71894910354639,0.000346480444783772,0.00256552644377483,0.00660430410010537,"GABAergic","AC161199.11"
"Aff11",-0.332056471711912,7.64702023389915,-3.22847078471086,0.00173412396531709,0.0077770916714118,-1.42049091689046,"GABAergic","Aff11"
"Bet1l1",-0.331660422325563,7.70677845868165,-4.37304088297185,3.26726289515869e-05,0.000500576944801474,2.19718657835032,"GABAergic","Bet1l1"
"Lix11",-0.33165048924659,7.66116578412602,-3.10805872223237,0.00251655706610778,0.010206036990326,-1.74562560383403,"GABAergic","Lix11"
"2310057M21Rik1",-0.331534998385139,7.78652436208446,-2.43691178333095,0.0167690239962447,0.0473910298397985,-3.25147959514155,"GABAergic","2310057M21Rik1"
"Kctd121",-0.331525697729023,7.7394625894938,-3.35447364011871,0.0011628758317228,0.00570632229010676,-1.00320486777199,"GABAergic","Kctd121"
"Tysnd11",-0.331472248054948,7.59808660777276,-3.50042206624624,0.000723003657219201,0.0041327623691903,-0.659419465307733,"GABAergic","Tysnd11"
"Haus21",-0.331307698504383,7.74157770905143,-3.65649700408638,0.000428771746126905,0.00300624710137565,-0.110969897575442,"GABAergic","Haus21"
"Fkbp111",-0.331093779185945,7.59610339261251,-3.65537709654021,0.000430404418183103,0.00300919370684637,-0.190157952811173,"GABAergic","Fkbp111"
"Ighmbp21",-0.331074610461244,7.7385565017057,-2.95838932197224,0.00394530830677426,0.0145904740752884,-2.09511686186742,"GABAergic","Ighmbp21"
"Eci21",-0.331038641027461,7.70680414355491,-2.97950967403437,0.00370609725225035,0.0138782941763509,-2.06520524911007,"GABAergic","Eci21"
"Qrsl11",-0.330772784597547,7.70560834059142,-3.15455097792406,0.00218195429569798,0.00923220348094508,-1.59857065413179,"GABAergic","Qrsl11"
"B4galnt41",-0.330617386893289,7.67333636346857,-2.58382233024332,0.0113722747114887,0.0345229768027337,-3.05661263141516,"GABAergic","B4galnt41"
"Cdon1",-0.330613020389636,7.59434463191953,-3.7840903134593,0.000276759713036782,0.00212011607332498,0.211162956796845,"GABAergic","Cdon1"
"Mrps311",-0.330598528954507,7.6589778419725,-3.38037188256034,0.00106985806577328,0.00535144643137703,-0.983087886021154,"GABAergic","Mrps311"
"Rdh101",-0.330443682524935,7.63326146412122,-3.59934207581589,0.00052006026517373,0.00345685478886234,-0.344703525692234,"GABAergic","Rdh101"
"Gabrg11",-0.330391985280203,7.59698408010643,-4.66636250785474,1.05610389687322e-05,0.000323654057613785,3.21785643621989,"GABAergic","Gabrg11"
"Tgfbr3l1",-0.330391870021669,7.59804174148398,-3.44577197593634,0.000865146828251592,0.00457650133785262,-0.821656713021033,"GABAergic","Tgfbr3l1"
"Npas31",-0.330384149202296,7.64362194894808,-2.85162398242301,0.00538766420753051,0.0187548142539842,-2.42600408040438,"GABAergic","Npas31"
"Gm99161",-0.330364654924441,7.59754533530583,-3.52709882149466,0.000661918216461671,0.00397022961154632,-0.579854506925242,"GABAergic","Gm99161"
"Incenp1",-0.330300110911014,7.59672834202329,-4.66478161052473,1.0626657269366e-05,0.000323654057613785,3.2120850415348,"GABAergic","Incenp1"
"Phkb1",-0.330251003151819,7.75009532313363,-2.72289749117804,0.00776353491996378,0.0252610037642241,-2.68748285921475,"GABAergic","Phkb1"
"Sarm11",-0.330159681968291,7.59596918609573,-3.73219989559083,0.000331067101546595,0.00247635836777523,0.048435039795967,"GABAergic","Sarm11"
"Nfyb1",-0.329790166064287,7.59750420709484,-4.67143581967044,1.03531063118226e-05,0.000323654057613785,3.23633451516969,"GABAergic","Nfyb1"
"Fgd11",-0.329774199223952,7.59776018275709,-3.45223839887089,0.000847047659906302,0.00452707211862068,-0.802719196732239,"GABAergic","Fgd11"
"Gm13405",-0.329748548670882,7.57321629851797,-4.26697670083412,4.86519853236663e-05,0.000660581113639714,1.80043720033098,"GABAergic","Gm13405"
"Ncmap1",-0.329748548670882,7.57321629851797,-4.26697670083412,4.86519853236663e-05,0.000660581113639714,1.80043720033098,"GABAergic","Ncmap1"
"Kcng4",-0.329748548670882,7.57321629851797,-4.26697670083412,4.86519853236663e-05,0.000660581113639714,1.80043720033098,"GABAergic","Kcng4"
"Gm394561",-0.329748548670882,7.57321629851797,-4.26697670083412,4.86519853236663e-05,0.000660581113639714,1.80043720033098,"GABAergic","Gm394561"
"Asb51",-0.329665418504253,7.57317511622329,-4.26844550909983,4.83863278638588e-05,0.000659861899769767,1.80546844233667,"GABAergic","Asb51"
"Gm301771",-0.329665378194977,7.58821581117344,-3.81095850655167,0.000252086687641522,0.00197002254007008,0.29443841948807,"GABAergic","Gm301771"
"Rai141",-0.329576382889428,7.57313109958252,-4.27001671598936,4.81036975474769e-05,0.000656729248145422,1.81085173761615,"GABAergic","Rai141"
"Gstm11",-0.329501667483868,7.5959326778175,-3.58450896225073,0.000546602654814682,0.00355292649604138,-0.407144149541073,"GABAergic","Gstm11"
"Cd3eap1",-0.32949681688161,7.62474400701823,-2.88776329215007,0.0048525617851819,0.0172304125190579,-2.34430741803789,"GABAergic","Cd3eap1"
"Kbtbd81",-0.329491101065473,7.59614272772078,-4.68173998001967,9.94294568575635e-06,0.000323654057613785,3.27351847060026,"GABAergic","Kbtbd81"
"Gm464301",-0.329456903293756,7.64783317006794,-4.34672570305467,3.60837934930729e-05,0.000542130601996411,2.09377012081977,"GABAergic","Gm464301"
"Chrna71",-0.329417831888827,7.67123603841509,-3.04759042125928,0.00302325715751045,0.0116989776503601,-1.90308701645333,"GABAergic","Chrna71"
"Spry31",-0.329332958958888,7.59625975148417,-3.72508035700691,0.000339265604755506,0.00252415237111261,0.0262345321045405,"GABAergic","Spry31"
"Mtss11",-0.32927211258737,7.74365300952351,-3.04307292896555,0.00306467905478083,0.0118371201586773,-1.84530162794291,"GABAergic","Mtss11"
"Mrpl501",-0.329231457005449,7.71017003692003,-3.05738221011926,0.00293525002095428,0.0113975133792374,-1.84531669069737,"GABAergic","Mrpl501"
"Bahd11",-0.329216755902285,7.57295426154227,-4.27634263612451,4.69817977551629e-05,0.000645674540577599,1.83253927348261,"GABAergic","Bahd11"
"Gm47241",-0.329090643892899,7.61771287545842,-5.06706150462153,2.12182099981664e-06,0.000323654057613785,4.70581127688661,"GABAergic","Gm47241"
"Ccdc131",-0.328979216792067,7.57283948268015,-4.28043476515424,4.62695390000585e-05,0.000638715215785012,1.84657899098365,"GABAergic","Ccdc131"
"Tnfaip61",-0.328941877913499,7.57282152607918,-4.28107516275828,4.61590202023285e-05,0.000638088888634937,1.84877693051266,"GABAergic","Tnfaip61"
"Snx111",-0.328936692273932,7.68768542696098,-3.66237535910583,0.000420297868679207,0.00296863776340862,-0.123804669451887,"GABAergic","Snx111"
"Igsf211",-0.328856854563512,7.57278069549509,-4.28253212813925,4.59085266248642e-05,0.000635853588632327,1.85377827930778,"GABAergic","Igsf211"
"Slbp1",-0.328837319939568,7.71695766882309,-2.7539923599688,0.00711523219829366,0.0236222663405094,-2.62814658694599,"GABAergic","Slbp1"
"Nudt81",-0.328815273664643,7.65959597024618,-3.29547825654254,0.00140388517994971,0.00667428094651834,-1.22600344978016,"GABAergic","Nudt81"
"4732496C06Rik1",-0.328766801943444,7.57273753716201,-4.28407335773645,4.56449719910286e-05,0.000634327102361326,1.85907013424668,"GABAergic","4732496C06Rik1"
"Srek1ip11",-0.328680275250912,7.74775202275738,-2.71707242823194,0.00789080695010437,0.0255812210686508,-2.70357959108945,"GABAergic","Srek1ip11"
"Lig11",-0.328611067733052,7.64386069084402,-3.92898085749125,0.000166466786389014,0.00148943966769118,0.693904683143518,"GABAergic","Lig11"
"Mctp21",-0.328573099275039,7.59669888603278,-4.68741421819347,9.72386213121825e-06,0.000323654057613785,3.29422293369251,"GABAergic","Mctp21"
"Ifrd21",-0.328542596319634,7.59708566266764,-3.40360037322791,0.000992424496523657,0.00506727645984463,-0.945961400899519,"GABAergic","Ifrd21"
"Hdac111",-0.328529588667762,7.76896963708944,-2.908084187235,0.00457359031009458,0.0164136077930231,-2.21213009300663,"GABAergic","Hdac111"
"Gemin51",-0.328464976253775,7.61764004960744,-5.06371649394537,2.1510338767477e-06,0.000323654057613785,4.69313454486977,"GABAergic","Gemin51"
"Map3k61",-0.328435901213605,7.59472557918241,-3.64527528235617,0.000445400499444596,0.00308277757842021,-0.221887341904319,"GABAergic","Map3k61"
"Zfp3861",-0.32836985103712,7.71628858373739,-2.60049158202687,0.0108714689511544,0.0332384650613022,-2.9791498297306,"GABAergic","Zfp3861"
"Etaa11",-0.328229013592212,7.69604374065718,-3.06270358682709,0.00288842491014773,0.0112473652761008,-1.85066882246594,"GABAergic","Etaa11"
"Ubp11",-0.328221865392627,7.81090146754357,-2.71754317599884,0.00788045143341847,0.0255610042573767,-2.63818711975335,"GABAergic","Ubp11"
"Ccdc71l1",-0.327947307818023,7.5965411075666,-3.54819541282354,0.000617099530907703,0.00376672017142718,-0.516888212587725,"GABAergic","Ccdc71l1"
"Gsg1l1",-0.327894244772433,7.66506298850529,-3.18765718929989,0.00196948658491802,0.00855582838500615,-1.52555265912483,"GABAergic","Gsg1l1"
"Aqr1",-0.327883990303248,7.8315421868976,-2.74794115218613,0.00723738479472503,0.0239126584937534,-2.52236099323522,"GABAergic","Aqr1"
"Kif1c1",-0.327607550527357,7.59636555494141,-3.40915415173351,0.00097470833901452,0.00499427352897201,-0.929928633738601,"GABAergic","Kif1c1"
"Tspan91",-0.327579750215731,7.60018900424384,-3.53109624890794,0.000653196279317955,0.00393121524070603,-0.566824413691296,"GABAergic","Tspan91"
"Ripply21",-0.327380098541307,7.5969712160908,-3.52899107786144,0.000657775893435101,0.00395494129725272,-0.57446143679691,"GABAergic","Ripply21"
"Dse1",-0.32736123382185,7.59595658953153,-3.59695536631359,0.000524246987668534,0.0034703797101184,-0.369402997094529,"GABAergic","Dse1"
"Tmem198b1",-0.327250224411567,7.59421952495002,-3.61231098500562,0.000497858637378675,0.00333968956209154,-0.323101930797177,"GABAergic","Tmem198b1"
"Zfp2631",-0.327107737297101,7.71631562278739,-2.82831537317908,0.00576097281461967,0.0197878972126848,-2.44525997263567,"GABAergic","Zfp2631"
"Muc3a1",-0.327078407185729,7.60010784515781,-3.52570781598098,0.00066497896681825,0.00397779470296871,-0.58304987777086,"GABAergic","Muc3a1"
"Sh3bgrl21",-0.326976148710001,7.6307582172603,-2.46547559488776,0.0155683024424726,0.0446195457993267,-3.35402019324254,"GABAergic","Sh3bgrl21"
"Phc11",-0.326878594895729,7.60153696154971,-3.36965000740982,0.00110748523759705,0.00550857386716609,-1.04273235344775,"GABAergic","Phc11"
"Fam84a1",-0.326789392570021,7.67689163108942,-3.10130184499677,0.00256898071161985,0.0103375650555131,-1.75645753492597,"GABAergic","Fam84a1"
"Myg11",-0.326781506461348,7.68932634645911,-4.03545325570484,0.000113731747665321,0.00117226826289588,1.06003111521133,"GABAergic","Myg11"
"Smcr81",-0.326715511300339,7.59494765179342,-3.75719291683606,0.000303753290017319,0.00229432643281493,0.126367822086329,"GABAergic","Smcr81"
"Rin11",-0.326652978728413,7.59670818522244,-3.3561926404809,0.00115647357153005,0.00568164569385906,-1.08388837142346,"GABAergic","Rin11"
"Zfp9471",-0.326637983001724,7.59712786280106,-3.35448118173268,0.00116284767109064,0.00570632229010676,-1.08869013023958,"GABAergic","Zfp9471"
"Ccnk1",-0.326321727356337,7.59803374924086,-3.36609111669506,0.00112024730766601,0.00554980801921564,-1.05471956406838,"GABAergic","Ccnk1"
"Wdr411",-0.326317471538624,7.86166536067999,-2.50651660326781,0.0139776486426904,0.0408339500131328,-3.07353321243685,"GABAergic","Wdr411"
"Snap291",-0.326216365027711,7.66733929597383,-2.82442013139603,0.00582562304684855,0.0199823056969017,-2.4815054453832,"GABAergic","Snap291"
"Mak1",-0.326092361783542,7.59434581884697,-3.65894175280674,0.000425228035147322,0.00299663822610918,-0.180030542994528,"GABAergic","Mak1"
"Eipr11",-0.325760690154557,7.73952608646449,-2.58915797113053,0.011209751558318,0.0341269006958447,-2.99426273209036,"GABAergic","Eipr11"
"Zmiz1os11",-0.325738448947191,7.61768032980496,-2.9894303625352,0.00359842542979606,0.0135592017448183,-2.08607827687277,"GABAergic","Zmiz1os11"
"Tmem2591",-0.325591859444153,7.65187167636598,-5.06024327872009,2.18178179697912e-06,0.000323654057613785,4.67816744232039,"GABAergic","Tmem2591"
"Gm435971",-0.325542743276313,7.6964118459845,-2.87416690914783,0.00504786660678185,0.0177763974432925,-2.34013466949913,"GABAergic","Gm435971"
"Fgf16",-0.325536068021263,7.57234337567139,-4.30086218845967,4.28668983468345e-05,0.00060808204516277,1.91682870405863,"GABAergic","Fgf16"
"Lrrc17",-0.325536068021263,7.57234337567139,-4.30086218845967,4.28668983468345e-05,0.00060808204516277,1.91682870405863,"GABAergic","Lrrc17"
"Ano51",-0.325427528567294,7.57229197654585,-4.30268598906239,4.25751199722351e-05,0.000607307171098204,1.92310861377954,"GABAergic","Ano51"
"Dsg21",-0.325416458798649,7.59631503273887,-3.6557181272757,0.000429906618253249,0.00300740762825413,-0.189135149838605,"GABAergic","Dsg21"
"Slc43a21",-0.325409877756115,7.64271325622779,-4.40544190556901,2.8898754977068e-05,0.000468802025183547,2.29619119883847,"GABAergic","Slc43a21"
"C130060C02Rik1",-0.325364189745479,7.57226203973976,-4.30374897353184,4.24059441796864e-05,0.000605590065903231,1.92676962399252,"GABAergic","C130060C02Rik1"
"Rassf21",-0.325359936145412,7.57226003080803,-4.30382032518028,4.2394611690288e-05,0.000605590065903231,1.92701538700001,"GABAergic","Rassf21"
"Pax61",-0.325348056300353,7.60437458399718,-3.0751418321831,0.00278166587286864,0.0109424337262863,-1.86547364876341,"GABAergic","Pax61"
"Slc15a41",-0.325327984879301,7.59582156976219,-4.6973406609083,9.35182044829181e-06,0.000323654057613785,3.33018858487943,"GABAergic","Slc15a41"
"Tpmt1",-0.325327066207047,7.57224451308407,-4.30437155301003,4.23071608171654e-05,0.000605590065903231,1.92891412373435,"GABAergic","Tpmt1"
"Slc30a41",-0.32527168510525,7.6655942679547,-3.25568914182562,0.00159206771150897,0.00729599715650898,-1.33596521409337,"GABAergic","Slc30a41"
"Dsc2",-0.325205647466976,7.57218729012052,-4.30640549921884,4.19859832282954e-05,0.000603761357894723,1.93592158527524,"GABAergic","Dsc2"
"Nudt22",-0.325160768110858,7.57216617809664,-4.30715640308589,4.18680043960607e-05,0.000603463338623825,1.93850920206799,"GABAergic","Nudt22"
"Slc16a9",-0.325132826256852,7.57215304436439,-4.30762367203715,4.17947505251683e-05,0.000603107969787603,1.94011956512882,"GABAergic","Slc16a9"
"Cps1",-0.325007509213139,7.57209424032181,-4.30971704241217,4.14680868863563e-05,0.000600790138659826,1.94733545054153,"GABAergic","Cps1"
"Thpo1",-0.324970689017117,7.59736216050271,-3.47185871353953,0.000794291764911169,0.00439071750670272,-0.744907096507739,"GABAergic","Thpo1"
"Anapc151",-0.324781112529204,7.62769308708852,-2.57766537181944,0.0115624556406619,0.0350061172238631,-3.1000728845977,"GABAergic","Anapc151"
"Ier21",-0.324775034046556,7.57198558246913,-4.31359051985055,4.08701254394781e-05,0.000593908965695461,1.9606936020423,"GABAergic","Ier21"
"R3hcc11",-0.324768661205411,7.57198261164332,-4.31369652202802,4.08538790150988e-05,0.000593908965695461,1.9610592764427,"GABAergic","R3hcc11"
"Zfp1101",-0.324750107231647,7.64206248080964,-2.89706828075751,0.00472293239027303,0.0168375728133549,-2.31110019000602,"GABAergic","Zfp1101"
"Ap4m11",-0.324702503382809,7.73823518619598,-2.64877856943689,0.0095312305597898,0.0298919816140994,-2.87134377425575,"GABAergic","Ap4m11"
"Rbm111",-0.324642542369395,7.57192390412451,-4.31579232044492,4.05339426104216e-05,0.000591100150170778,1.96829036362825,"GABAergic","Rbm111"
"Gm131991",-0.324608097791198,7.59713144451752,-3.59945246106075,0.000519867397861395,0.00345685478886234,-0.361260518081324,"GABAergic","Gm131991"
"Cln81",-0.32444360896003,7.65863918197527,-3.18828186121369,0.0019656697452539,0.00855328244691476,-1.52661266449851,"GABAergic","Cln81"
"Spag11",-0.324412769837763,7.64264809602852,-3.3637807504998,0.00112860605982221,0.00557785790617028,-1.03813000931468,"GABAergic","Spag11"
"Gspt21",-0.32434867387902,7.66002283099556,-3.23603204050601,0.00169351558544323,0.00765273014836017,-1.39326360442489,"GABAergic","Gspt21"
"Gm45187",-0.324285676787517,7.57175865837529,-4.32170208928027,3.96447424253491e-05,0.000583619517791913,1.988693384188,"GABAergic","Gm45187"
"Dus1l1",-0.324154732977736,7.59568868474336,-3.55864771377851,0.000595972466569506,0.00369800915506379,-0.485819471184028,"GABAergic","Dus1l1"
"Eif3k1",-0.323877575457653,7.7738489950027,-2.99285377570196,0.00356194656392284,0.0134357923581406,-1.97638219462336,"GABAergic","Eif3k1"
"Tbkbp11",-0.323824829698014,7.64433203943329,-3.20144266543681,0.0018868425236476,0.00827702923947215,-1.49711761954672,"GABAergic","Tbkbp11"
"Patl11",-0.323331778899804,7.63943962429441,-3.22810596688005,0.00173610608503484,0.0077770916714118,-1.42533663328188,"GABAergic","Patl11"
"Plec1",-0.323238796797673,7.80339190066068,-2.49518316563261,0.0144016520087631,0.0417971238140201,-3.17279957865448,"GABAergic","Plec1"
"Zbtb431",-0.323152860098225,7.73431441609246,-2.7774388249679,0.00665949548540685,0.0223588004608665,-2.56396068598014,"GABAergic","Zbtb431"
"Irf2bp21",-0.323051126732121,7.65157159291546,-2.6273119448344,0.0101073921465134,0.0312691543934177,-2.9674671330416,"GABAergic","Irf2bp21"
"Ggact1",-0.322900758485379,7.61518917070589,-5.10211772764622,1.83804592863229e-06,0.000323654057613785,4.83902129779186,"GABAergic","Ggact1"
"Hspa12a1",-0.322792895005745,7.85573384213367,-2.48728241501396,0.0147040172597967,0.0424811807342467,-3.14068729081169,"GABAergic","Hspa12a1"
"Hist2h2aa11",-0.322667775783553,7.57102516588882,-4.3481168229301,3.58951677949356e-05,0.000539950342224425,2.08011615595634,"GABAergic","Hist2h2aa11"
"BC0511421",-0.322604547477491,7.61667864903065,-5.09660957763305,1.88004107121147e-06,0.000323654057613785,4.81802759732453,"GABAergic","BC0511421"
"Haus51",-0.322495792052945,7.59749906911664,-3.46318917842767,0.000817208688899476,0.00446925383777268,-0.770614322620387,"GABAergic","Haus51"
"Tmem121b1",-0.32243351993346,7.5977998137773,-3.34906482309821,0.00118323835950167,0.00576138890912941,-1.10400506089877,"GABAergic","Tmem121b1"
"Sipa1l21",-0.322144971687458,7.66024425418466,-3.13833242887574,0.00229366409706813,0.00960660527999173,-1.66306819197088,"GABAergic","Sipa1l21"
"Brix11",-0.322014651294822,7.7411957962825,-2.52848884735104,0.0131874090791698,0.0389193214441134,-3.13692671491395,"GABAergic","Brix11"
"Slc35b21",-0.321937723685091,7.65502279604858,-3.08170825558242,0.00272679432604863,0.0107734853824462,-1.81916112549406,"GABAergic","Slc35b21"
"Kcnv11",-0.321913644682754,7.6395147521383,-3.51731575282535,0.000683730424830212,0.00403475728585018,-0.589114423675907,"GABAergic","Kcnv11"
"Otud41",-0.321865098961318,7.72535477599368,-4.0788351268549,9.72097971301419e-05,0.001068367718545,1.21519184574689,"GABAergic","Otud41"
"Gcdh1",-0.321674810897512,7.64884700318329,-4.31033447360292,4.137220993603e-05,0.000600501900942844,1.96862418536465,"GABAergic","Gcdh1"
"Pigt1",-0.321661949645093,7.61457511805391,-5.10151048889113,1.84263031508596e-06,0.000323654057613785,4.83672532322528,"GABAergic","Pigt1"
"Boc1",-0.32164987082612,7.59414198911384,-3.45978229494575,0.000826383938391856,0.00448183255280118,-0.782190466210386,"GABAergic","Boc1"
"Frmpd31",-0.321557143367412,7.7260226571589,-2.45413237127706,0.0160356091471035,0.0457265417085374,-3.3217597553433,"GABAergic","Frmpd31"
"Tmem185b1",-0.321543149034071,7.65930598005832,-4.69290795801313,9.51621720116124e-06,0.000323654057613785,3.32080257246779,"GABAergic","Tmem185b1"
"Dcdc2b1",-0.321411323144449,7.59854387453996,-3.27859568838454,0.00148103176216512,0.0069383179193919,-1.30549339818797,"GABAergic","Dcdc2b1"
"Plat1",-0.321365289777341,7.57045317159056,-4.36888663653429,3.318962480326e-05,0.000505999071017759,2.15226109745982,"GABAergic","Plat1"
"Gm24641",-0.321324167824088,7.56638761273993,-4.28773810922602,4.50241332587329e-05,0.000627808419933567,1.86877252150738,"GABAergic","Gm24641"
"Gm320141",-0.321317626395009,7.60036903840199,-3.48212431882695,0.00076793987794883,0.00430448684974931,-0.713189015354015,"GABAergic","Gm320141"
"Prkab11",-0.321146450705867,7.66764704103045,-4.4197872748732,2.73657713325134e-05,0.000464065168230527,2.35374756001004,"GABAergic","Prkab11"
"Polm1",-0.321034261782814,7.59767360245097,-3.37348140209175,0.00109389880047156,0.00545630390428135,-1.03342969959204,"GABAergic","Polm1"
"Flrt11",-0.321026982536713,7.61358028717034,-5.17358415505141,1.36960627321338e-06,0.000323654057613785,5.11210573535548,"GABAergic","Flrt11"
"Arhgap11",-0.320998873952002,7.64206395453405,-4.42799372848917,2.65244662444983e-05,0.000457178647353088,2.37505290216892,"GABAergic","Arhgap11"
"Cys11",-0.320993735128501,7.66931499641907,-3.11515241206458,0.00246259184793921,0.0100561911263329,-1.72261925962637,"GABAergic","Cys11"
"Zfp1411",-0.320987177712643,7.62318103496684,-2.80125625434151,0.00622400749949742,0.0211326766262005,-2.56388055941227,"GABAergic","Zfp1411"
"Gm37391",-0.32082098819515,7.59771856575819,-4.72379546909211,8.42654033129567e-06,0.000323654057613785,3.4268995377737,"GABAergic","Gm37391"
"Gm47794",-0.320661496467416,7.59751162158209,-3.32814357423087,0.00126519586688147,0.006116509820023,-1.16445061965499,"GABAergic","Gm47794"
"St6galnac51",-0.32062538872665,7.75621086471646,-2.99714166543635,0.00351673854502353,0.0133016535640786,-1.98540413553847,"GABAergic","St6galnac51"
"Taf1c1",-0.320321622551692,7.62200756728744,-2.85980715641024,0.00526196011765286,0.0183842694425878,-2.41723200055427,"GABAergic","Taf1c1"
"Rrp121",-0.320216512949844,7.59049419205452,-4.66500224242458,1.06174757994763e-05,0.000323654057613785,3.21171294979129,"GABAergic","Rrp121"
"Rreb11",-0.320151269263963,7.78728569426219,-2.59089454031177,0.0111573098862784,0.0339867981562875,-2.9635814405815,"GABAergic","Rreb11"
"Ints131",-0.319917272832594,7.74165920477948,-2.52537560703514,0.0132968798507532,0.0391771792373806,-3.14191890869463,"GABAergic","Ints131"
"Zkscan81",-0.319764503048862,7.66131518618056,-3.06861106519237,0.00283725483640503,0.0110724316099957,-1.85119716628891,"GABAergic","Zkscan81"
"Lrfn31",-0.319719281623486,7.61445541700651,-5.11452495285533,1.74677895836848e-06,0.000323654057613785,4.88629456445529,"GABAergic","Lrfn31"
"Tmem2011",-0.319537237509551,7.746283524228,-3.42350892974789,0.000930286887180883,0.00482241448200283,-0.796766240796705,"GABAergic","Tmem2011"
"Scn7a1",-0.319483596876263,7.62058789245697,-4.11986844093707,8.3720105232251e-05,0.000988971705243156,1.31490777993008,"GABAergic","Scn7a1"
"Mbd31",-0.319408937065872,7.68319519743223,-2.84486796168663,0.00549351621686841,0.0190644676318056,-2.42163170319362,"GABAergic","Mbd31"
"Cdc42ep21",-0.319343011422832,7.59603952897191,-3.65026545692294,0.000437931702437391,0.00305195206387894,-0.206235079133397,"GABAergic","Cdc42ep21"
"Polr3g1",-0.319291784156028,7.62520450261287,-2.78496004150969,0.00651905483115229,0.0219840952322282,-2.60304931792573,"GABAergic","Polr3g1"
"Hars1",-0.318943440049312,7.7369574525819,-2.65162891350444,0.0094570090211262,0.0297117675828294,-2.86503812185422,"GABAergic","Hars1"
"Map3k121",-0.318900753962406,7.81572661538873,-2.87702971474325,0.00500615324205946,0.0176625276044494,-2.24131279634111,"GABAergic","Map3k121"
"Ppil61",-0.31853122047987,7.6126905495825,-5.11273237966928,1.759686085255e-06,0.000323654057613785,4.87950045157078,"GABAergic","Ppil61"
"Chd11",-0.318528145423317,7.66819112349631,-3.07810585091134,0.00275677166708526,0.0108734172752515,-1.8228155864563,"GABAergic","Chd11"
"Metap21",-0.318421544166814,7.90662867823419,-2.53420534707762,0.0129885073891093,0.0384695409782448,-2.96474327565242,"GABAergic","Metap21"
"Jade21",-0.31837327540038,7.66662250327003,-2.97393577185778,0.00376789100731693,0.0140799540502268,-2.09933640436415,"GABAergic","Jade21"
"Patz11",-0.318247059250392,7.62306463355401,-2.7742378188733,0.00672010112750379,0.022527405454436,-2.6310512142288,"GABAergic","Patz11"
"Ccdc581",-0.318233625613679,7.74001412604905,-2.68750943560709,0.00856649731956793,0.0274136750221346,-2.77840605532129,"GABAergic","Ccdc581"
"Prrg31",-0.318198534017919,7.6460513108176,-4.16988353041978,6.96993940307875e-05,0.000862382332923303,1.48978732603547,"GABAergic","Prrg31"
"Arntl21",-0.318195566674098,7.64452589139927,-4.09373777764359,9.20854907007271e-05,0.0010453502096737,1.23477073890501,"GABAergic","Arntl21"
"Dnttip11",-0.318108143494015,7.59629101170426,-4.7402239636769,7.897378742433e-06,0.000323654057613785,3.48674416380196,"GABAergic","Dnttip11"
"Cln61",-0.318001754842733,7.64415420619365,-3.93061232825433,0.000165505621975015,0.00148943966769118,0.699326287681503,"GABAergic","Cln61"
"Btg11",-0.31797333186157,7.62680382480735,-2.78916366596736,0.0064417470952288,0.0217588681142595,-2.59168790933617,"GABAergic","Btg11"
"Adck11",-0.317965167395863,7.67828315922172,-3.01231713699156,0.00336096966554318,0.0128022202422931,-1.99343020015454,"GABAergic","Adck11"
"Tmem120b1",-0.317811539519036,7.62207576637617,-4.06020709266504,0.000104000670962282,0.00111071284564709,1.11664042376419,"GABAergic","Tmem120b1"
"Plxna31",-0.317762600422641,7.72144864211115,-2.55416563336704,0.0123149852026965,0.0368208730594874,-3.08077992227716,"GABAergic","Plxna31"
"Slc9a91",-0.317722080334314,7.67335769208926,-3.04308887554368,0.00306453191615883,0.0118371201586773,-1.89136199701935,"GABAergic","Slc9a91"
"Nectin11",-0.317482267283594,7.59775011794943,-3.31648007515806,0.00131317026722027,0.0063081003227444,-1.19780196602611,"GABAergic","Nectin11"
"Klhl261",-0.317363663087774,7.61066409992552,-5.09847725035671,1.86569765976406e-06,0.000323654057613785,4.82523616165289,"GABAergic","Klhl261"
"Ilk1",-0.317314680207781,7.60977477785697,-3.52565172907257,0.00066510265984368,0.00397779470296871,-0.57862921936719,"GABAergic","Ilk1"
"Papd71",-0.316881931142294,7.64251108459367,-2.77075874877059,0.00678654267349672,0.0227186002534882,-2.62812114979826,"GABAergic","Papd71"
"Hyal21",-0.31669519716647,7.59621677537876,-3.46878888592072,0.000802336274659194,0.00441658085619716,-0.754608676650165,"GABAergic","Hyal21"
"Slc37a41",-0.316471227262524,7.66472081087687,-3.12173282440943,0.00241349567968698,0.00996197485174807,-1.70639446287768,"GABAergic","Slc37a41"
"Srrd1",-0.316319776613555,7.65329649205514,-3.20190361213717,0.0018841359079877,0.00827393015503445,-1.4916594631805,"GABAergic","Srrd1"
"Ankfn11",-0.316147622308738,7.61836495403044,-3.11522262748064,0.00246206310530419,0.0100561911263329,-1.74889196650758,"GABAergic","Ankfn11"
"Msra1",-0.316126974479182,7.80503378888768,-2.55933346731997,0.0121458113384062,0.0363905163470837,-3.02815325329664,"GABAergic","Msra1"
"Tbc1d81",-0.315920621516641,7.71385077218082,-2.90172900498871,0.00465920779032045,0.0166349666390692,-2.2614601446757,"GABAergic","Tbc1d81"
"Cog31",-0.315612162612616,7.68994751506504,-3.74005115942991,0.000322244581089157,0.002416347583877,0.11809835122984,"GABAergic","Cog31"
"Sp3os1",-0.315502027122976,7.64569947658201,-4.34385673556236,3.64758301609245e-05,0.000546696923064098,2.08291389764619,"GABAergic","Sp3os1"
"Wnk31",-0.315315947067695,7.71233828653188,-2.65582629498871,0.00934866512952228,0.0294160583816865,-2.86812247163183,"GABAergic","Wnk31"
"Jmjd41",-0.315155574264276,7.59912151880891,-3.15400206316153,0.00218565071639353,0.00924154187067929,-1.65358840507758,"GABAergic","Jmjd41"
"Slc35b31",-0.315027245721181,7.78587226275214,-3.00766246696967,0.00340805503016468,0.0129537405587576,-1.92805665930974,"GABAergic","Slc35b31"
"Rgcc1",-0.314851802513354,7.6205911907434,-2.84663600855531,0.00546563198648015,0.0189855397829489,-2.4531159755613,"GABAergic","Rgcc1"
"Tle31",-0.314718828181633,7.61374878537249,-5.17471801705217,1.36320701188796e-06,0.000323654057613785,5.11644654671001,"GABAergic","Tle31"
"Ikbkap1",-0.314596112725134,7.75507928400573,-3.02331930966024,0.00325205843839907,0.0124715838135144,-1.91939015618963,"GABAergic","Ikbkap1"
"Abhd111",-0.314591463750728,7.70765390268082,-4.06193490923416,0.000103352126099023,0.00110602378344862,1.15404450067934,"GABAergic","Abhd111"
"Pex121",-0.314316707433774,7.61988691943808,-2.85627783966322,0.00531584097705672,0.0185464117304678,-2.42912392829665,"GABAergic","Pex121"
"Trmt61a1",-0.314227976831438,7.59899164083526,-3.22289613810187,0.00176464405640186,0.00786893019760944,-1.4623154037566,"GABAergic","Trmt61a1"
"Sesn11",-0.313936717313398,7.78906012986376,-2.58000962987609,0.0114897086976748,0.0348368641432067,-2.98468976219098,"GABAergic","Sesn11"
"D030056L22Rik1",-0.313777816645985,7.66505377058977,-3.06174946998586,0.00289676927086496,0.0112763195267987,-1.86796785602269,"GABAergic","D030056L22Rik1"
"Fras11",-0.313665943705203,7.67056786306059,-2.90382221907185,0.00463084627104326,0.0165651486967131,-2.2790571618223,"GABAergic","Fras11"
"Eif3i1",-0.31347275240545,7.86504345843524,-2.60705002395934,0.0106799539540538,0.0327746622949212,-2.84672011111371,"GABAergic","Eif3i1"
"Smim81",-0.313302210091167,7.60753182667608,-3.51124576378427,0.000697603574200093,0.00407630895002067,-0.623012933043554,"GABAergic","Smim81"
"Rnf2161",-0.31311462291921,7.758902347291,-2.7483205702143,0.00722966981662169,0.0238935292741079,-2.61781922810218,"GABAergic","Rnf2161"
"Inip1",-0.313009959564154,7.66825736065973,-3.01856838727565,0.00329868087544215,0.012603642138004,-1.98149503655553,"GABAergic","Inip1"
"Adgra21",-0.31299500263732,7.61230681491437,-5.18379041527647,1.31304618974851e-06,0.000323654057613785,5.15130512177559,"GABAergic","Adgra21"
"Syngap11",-0.312988984380102,7.6255613639875,-2.61544828385411,0.0104391686908604,0.0321065882165,-3.01303759238524,"GABAergic","Syngap11"
"Kif16b1",-0.312805954696958,7.62204801437277,-2.81018159707428,0.00606764104317042,0.0206680510019797,-2.54401349007873,"GABAergic","Kif16b1"
"Gpr681",-0.312769866459557,7.59559563892234,-4.77141861803721,6.9800436665951e-06,0.000323654057613785,3.60100486728974,"GABAergic","Gpr681"
"1700030J22Rik1",-0.312423582284187,7.5957790639381,-3.46886705378182,0.000802130484926021,0.00441658085619716,-0.754733824771834,"GABAergic","1700030J22Rik1"
"1700088E04Rik1",-0.312203387395211,7.68411406874447,-4.21599517678357,5.87951600036236e-05,0.00076163667603859,1.65730838819719,"GABAergic","1700088E04Rik1"
"Phax1",-0.312150351379208,7.69907922000791,-3.23187802214267,0.00171571371018906,0.00771779056183885,-1.38831678601473,"GABAergic","Phax1"
"Snx121",-0.31214312607386,7.61617440411133,-3.3185594061721,0.00130449441473622,0.00627471925847924,-1.18229700017297,"GABAergic","Snx121"
"Cyb561d21",-0.312090993014994,7.66698724394293,-3.8239375293379,0.000240933189881871,0.00189960666228337,0.36550687153154,"GABAergic","Cyb561d21"
"Cckbr1",-0.31189821292772,7.59726125921349,-3.75619734032,0.000304799023396,0.00230082474473501,0.125002210412636,"GABAergic","Cckbr1"
"Nudt111",-0.31182037338746,7.65826016245893,-4.51765609858977,1.8817699982951e-05,0.000385749832622135,2.69397767876513,"GABAergic","Nudt111"
"Ing21",-0.311813027466838,7.63954113527049,-4.06056123218218,0.000103867425582298,0.00111024526397615,1.12269255633913,"GABAergic","Ing21"
"Upp21",-0.311627737472714,7.6143476637088,-5.24162787590717,1.03314681810303e-06,0.000323654057613785,5.37384621498099,"GABAergic","Upp21"
"A830082K12Rik1",-0.31137703718493,7.72292343958859,-2.7474495205156,0.00724739266440152,0.0239328166605495,-2.6411441529141,"GABAergic","A830082K12Rik1"
"Riox21",-0.311291502892358,7.64242784633942,-4.27520211035557,4.71821885358684e-05,0.00064771123863952,1.84602522145456,"GABAergic","Riox21"
"Tmem1171",-0.311212084062737,7.66750548861535,-3.03747191730049,0.00311676647141261,0.012012134133612,-1.93165239563076,"GABAergic","Tmem1171"
"Tmem2191",-0.311132766745271,7.66198699769851,-4.3676348641633,3.33469504266033e-05,0.000507773809563371,2.17084314954576,"GABAergic","Tmem2191"
"Ep4001",-0.310974672106974,7.83495261345798,-2.88615808052062,0.00487525245805591,0.0172911926277433,-2.1833006506063,"GABAergic","Ep4001"
"Sp11",-0.310602469332506,7.64485918938189,-4.22545901631096,5.67699381554095e-05,0.000745518447099082,1.67720364697343,"GABAergic","Sp11"
"1810013L24Rik1",-0.310558619061887,7.68425626103049,-2.86934214659116,0.0051188907061272,0.0179602583158152,-2.36064276129086,"GABAergic","1810013L24Rik1"
"Ccs1",-0.310549546198126,7.61267552166113,-3.29035244877351,0.00142690052375429,0.00675613716130895,-1.26459533995227,"GABAergic","Ccs1"
"Gm296661",-0.310534940161198,7.66562874503869,-3.09064823866815,0.00265370345694647,0.0105824099938,-1.79023395613982,"GABAergic","Gm296661"
"Ikzf41",-0.310412593763859,7.60030201085581,-4.81348719130628,5.90538618895719e-06,0.000323654057613785,3.75641726022218,"GABAergic","Ikzf41"
"Zfp1801",-0.310062746443242,7.613167449258,-4.38879937257022,3.07812775813561e-05,0.000478232794355263,2.2325664879751,"GABAergic","Zfp1801"
"BC0512261",-0.309915379324916,7.66805219994315,-2.87114574372709,0.0050922336353137,0.0178970884775539,-2.36368214875664,"GABAergic","BC0512261"
"Dis31",-0.3097687631935,7.71247155894928,-3.05621561754942,0.00294560904960493,0.011427011036448,-1.85978186775586,"GABAergic","Dis31"
"Npas1",-0.309360358982258,7.616436809385,-5.25781819394906,9.65869428285822e-07,0.000323654057613785,5.43619811580095,"GABAergic","Npas1"
"Dbp1",-0.309287582047717,7.72269753363877,-2.43478149834019,0.0168618018413398,0.0475687567290354,-3.36450268403087,"GABAergic","Dbp1"
"Tapbp1",-0.309141628284729,7.59566437173491,-4.78010726692608,6.74355702820906e-06,0.000323654057613785,3.63294355768241,"GABAergic","Tapbp1"
"Tmem2601",-0.309051761699905,7.86208026532211,-2.46352662754144,0.015647717023028,0.0448057610188687,-3.18765178947474,"GABAergic","Tmem2601"
"Styxl11",-0.308309178978382,7.61255117313334,-5.24600635563881,1.01451308800974e-06,0.000323654057613785,5.39086659036458,"GABAergic","Styxl11"
"Tor1b1",-0.308239758669911,7.70928726145915,-2.4368416501886,0.0167720711568408,0.0473910298397985,-3.35863409815403,"GABAergic","Tor1b1"
"Obsl11",-0.308223333075121,7.68937871119137,-2.94217261393135,0.00413856766588788,0.0151458639733614,-2.17016762173223,"GABAergic","Obsl11"
"Pfkfb41",-0.308219314983477,7.66436913576664,-3.11203188330414,0.00248619727737128,0.0101126542812775,-1.7329508297602,"GABAergic","Pfkfb41"
"Cep891",-0.308205513401547,7.64262592447107,-3.48146352567616,0.000769610984313096,0.00431003714356055,-0.694056463101331,"GABAergic","Cep891"
"Gm219721",-0.308158513526412,7.59372081939889,-4.76538305371333,7.14904421097115e-06,0.000323654057613785,3.57857561958991,"GABAergic","Gm219721"
"3110082I17Rik1",-0.308067045500103,7.62526925417805,-2.57361043927969,0.011689269665848,0.0352867517764955,-3.11105870524127,"GABAergic","3110082I17Rik1"
"Ankmy21",-0.308063198171956,7.73476706125757,-2.77760328931696,0.00665639516472692,0.0223588004608665,-2.56332399947857,"GABAergic","Ankmy21"
"Wdr311",-0.307951034826948,7.62252285789909,-2.80396212130962,0.00617621714729237,0.020999138300794,-2.55748735462746,"GABAergic","Wdr311"
"Hip1r1",-0.307849353977113,7.61596351971867,-3.29256277878804,0.00141693291243917,0.00672433554239774,-1.2566531225134,"GABAergic","Hip1r1"
"Chodl",-0.307592936052536,7.60096956250313,-4.80618234183484,6.07967419375883e-06,0.000323654057613785,3.72954108752109,"GABAergic","Chodl"
"Gng101",-0.307568825850049,7.65877442274655,-2.67394197609937,0.00889385738860444,0.0282950372067313,-2.85430786305622,"GABAergic","Gng101"
"Zfp5971",-0.307481397834751,7.76454115844064,-2.98502478107253,0.00364587830718766,0.0136858287332725,-1.98954038191212,"GABAergic","Zfp5971"
"Lsm14a1",-0.307356294750386,7.62455149251697,-2.63103652747063,0.0100052174188563,0.0310256742048991,-2.97687854044432,"GABAergic","Lsm14a1"
"Selenov1",-0.307337694028753,7.5948074815392,-4.81138917225658,5.95493951362472e-06,0.000323654057613785,3.74807331641095,"GABAergic","Selenov1"
"Pld31",-0.307188532331193,7.96557051307091,-2.50067912903684,0.0141946190733705,0.041341286716857,-3.01101294675312,"GABAergic","Pld31"
"Ipmk1",-0.30712994848798,7.65988257985558,-3.69238977743956,0.000379452441041281,0.00273620266898448,-0.0494358240118222,"GABAergic","Ipmk1"
"Fam76a1",-0.307084087725451,7.73993154049285,-2.70492526125259,0.00816234241126642,0.0263282062680925,-2.73715298283946,"GABAergic","Fam76a1"
"4931428F04Rik1",-0.30691993421811,7.66344413635561,-3.91143849366618,0.000177144697928908,0.00156467309700907,0.643361794757298,"GABAergic","4931428F04Rik1"
"Prkra1",-0.306734603552981,7.66069563684062,-3.14610219883058,0.00223949917281873,0.00944028014085612,-1.64212334821275,"GABAergic","Prkra1"
"Syncrip1",-0.306659438447348,7.89662782446532,-2.44425666970347,0.0164526242168493,0.0467010673675892,-3.18795101590511,"GABAergic","Syncrip1"
"Xpnpep31",-0.306648581513358,7.65526225595385,-3.03006669347682,0.00318689226686261,0.0122481675539687,-1.95733953138054,"GABAergic","Xpnpep31"
"Tmem1981",-0.30660814579335,7.59829570508084,-4.81771047561189,5.80684952516618e-06,0.000323654057613785,3.77180342415165,"GABAergic","Tmem1981"
"Rrp81",-0.30660030976709,7.66616877305372,-2.44394429206595,0.0164659713756788,0.0467175822524404,-3.37972999709715,"GABAergic","Rrp81"
"Mcc1",-0.306576617323866,7.6020673952855,-4.81354681441436,5.90398382286125e-06,0.000323654057613785,3.75680642832321,"GABAergic","Mcc1"
"Fscn11",-0.306517340700124,7.66006584334342,-2.82163835115618,0.00587219913993303,0.0201087172534682,-2.4927370839642,"GABAergic","Fscn11"
"Tmem2301",-0.306411812307324,7.70687750017452,-2.54723774693974,0.0125451046369176,0.0373344720729371,-3.12491283731085,"GABAergic","Tmem2301"
"Zdhhc221",-0.306378178607437,7.62261182534743,-2.75506010385587,0.0070938745257397,0.0235576619920871,-2.67863806383694,"GABAergic","Zdhhc221"
"Chmp1a1",-0.305962148073665,7.59627859330641,-3.28463294067767,0.00145299882283379,0.00684835373770122,-1.28985589887969,"GABAergic","Chmp1a1"
"Elfn21",-0.305637101168201,7.67384132785808,-2.83151067651668,0.00570843136875031,0.0196291585719566,-2.46071180803882,"GABAergic","Elfn21"
"1110034G24Rik1",-0.305440244601789,7.62170223152304,-2.88420108748103,0.00490304776304766,0.017374877995266,-2.35710061552526,"GABAergic","1110034G24Rik1"
"BC0520401",-0.305386294053591,7.61580635744025,-3.15105930338961,0.00220556710284586,0.00931940338655674,-1.65242430977639,"GABAergic","BC0520401"
"Ncln1",-0.305308770126356,7.68283498278816,-4.16155400600223,7.18662550870735e-05,0.000877788807528966,1.47478235251954,"GABAergic","Ncln1"
"Inca11",-0.305189967112244,7.61712799942058,-3.28310576412908,0.0014600426525089,0.00686850997635913,-1.28299908915168,"GABAergic","Inca11"
"Yipf21",-0.305034055932108,7.66176185059343,-4.42902877377381,2.64201483330636e-05,0.000456013964969846,2.38400313941871,"GABAergic","Yipf21"
"Kcmf11",-0.304971860976699,7.64011080295399,-2.62476190776412,0.0101778898359793,0.0314276220115707,-2.98198054591743,"GABAergic","Kcmf11"
"Polr3h1",-0.30495017005707,7.61173352557917,-5.28460084394785,8.63871950772461e-07,0.000323654057613785,5.54026224411902,"GABAergic","Polr3h1"
"Fcf11",-0.304940474399306,7.6665255753954,-2.88722593953631,0.00486014676370792,0.0172524088494323,-2.32334388544887,"GABAergic","Fcf11"
"Gm267211",-0.304860658223028,7.62721660673636,-2.43556690923238,0.0168275425741961,0.0474937010110924,-3.42286865467915,"GABAergic","Gm267211"
"Lonp11",-0.304716298926262,7.63330550000808,-4.47072480963537,2.25323442394101e-05,0.000412754979685539,2.5230320259246,"GABAergic","Lonp11"
"Lsm31",-0.304700694783962,7.7344767832163,-2.65979934349603,0.0092471501561664,0.029155775771856,-2.84790839624977,"GABAergic","Lsm31"
"Pmpcb1",-0.304673769148847,7.68620192551445,-2.81625189661,0.00596335733598936,0.0203871252175284,-2.49162337880722,"GABAergic","Pmpcb1"
"Srbd11",-0.304636708930746,7.61785909231806,-3.24368951357797,0.00165329799169574,0.00751829537447566,-1.3939442436056,"GABAergic","Srbd11"
"Nrm1",-0.304594071498611,7.59888951162372,-4.84665448727967,5.17330239498413e-06,0.000323654057613785,3.87891729079696,"GABAergic","Nrm1"
"Cacng81",-0.304499819571903,7.59291879269033,-4.84146627711852,5.28168856866302e-06,0.000323654057613785,3.8590596096229,"GABAergic","Cacng81"
"Ddx101",-0.304475618210899,7.72172764913081,-2.72143180859312,0.0077953814121076,0.0253446904176723,-2.70634119661886,"GABAergic","Ddx101"
"Ids1",-0.304228490203161,7.71303485615735,-2.66597169099966,0.00909142354510086,0.0287744366729665,-2.84333336457382,"GABAergic","Ids1"
"Itga81",-0.304186904182031,7.59244367840509,-4.8341533457629,5.43822277004402e-06,0.000323654057613785,3.83191688103695,"GABAergic","Itga81"
"Mlst81",-0.304143208644134,7.59232480072081,-4.77476043471744,6.88814747234644e-06,0.000323654057613785,3.61280944481242,"GABAergic","Mlst81"
"2810454H06Rik1",-0.304090877787944,7.59239191613656,-4.77962225251474,6.7565502538394e-06,0.000323654057613785,3.63069557078413,"GABAergic","2810454H06Rik1"
"Plekhh21",-0.30401552039191,7.72552727839107,-2.62443593241955,0.0101869336773034,0.0314477231182425,-2.93518188234705,"GABAergic","Plekhh21"
"Cpsf21",-0.303697290098352,7.74853678507948,-2.70476398736286,0.00816600400233989,0.0263289450945799,-2.7330130282334,"GABAergic","Cpsf21"
"Tjap11",-0.303439501285183,7.66601267979568,-2.52343872264222,0.0133653978522537,0.0393510290264455,-3.20165580664703,"GABAergic","Tjap11"
"Sfmbt2",-0.303400995230783,7.59118105262447,-4.83559569445403,5.40699593168198e-06,0.000323654057613785,3.83708960462687,"GABAergic","Sfmbt2"
"Pdia41",-0.303350942915145,7.65810795570289,-3.06890181427946,0.00283475824881742,0.0110661685649022,-1.85264501539893,"GABAergic","Pdia41"
"Zfp9301",-0.303268766668113,7.69033038631597,-2.71744032702327,0.00788271284971927,0.0255616583394346,-2.73219481499494,"GABAergic","Zfp9301"
"Mosmo1",-0.303192155007031,7.66971195535861,-2.56142319148083,0.012077998827405,0.0362048225720039,-3.09622159298847,"GABAergic","Mosmo1"
"4930481A15Rik1",-0.303093767830345,7.595595291115,-4.83485109234939,5.42309471067676e-06,0.000323654057613785,3.83488032197493,"GABAergic","4930481A15Rik1"
"Usp23",-0.303025428530185,7.75674218466942,-2.58609455256197,0.0113028047957341,0.0343541042162773,-3.00677099475281,"GABAergic","Usp23"
"Gm174841",-0.302966848076837,7.61351666677689,-5.3697395357098,6.04801442855368e-07,0.000323654057613785,5.87152393552426,"GABAergic","Gm174841"
"Cstb1",-0.302884926999917,7.74561516936111,-2.60463052183248,0.0107502486725087,0.0329490209992179,-2.95979999449584,"GABAergic","Cstb1"
"Lbh1",-0.302758952106226,7.8227195334183,-2.74474519833535,0.00730266910480411,0.0240770785309827,-2.53987483590714,"GABAergic","Lbh1"
"Por1",-0.302707214149665,7.71024213157367,-2.73959078828054,0.00740909165168741,0.0243333940098963,-2.66714750793798,"GABAergic","Por1"
"Lgr51",-0.302545641531239,7.62677498899833,-2.75956877064991,0.00700433307626497,0.0233415073782085,-2.66708251140824,"GABAergic","Lgr51"
"Tpst11",-0.302528413633926,7.63994572160731,-4.53779254692188,1.74123812810859e-05,0.000381969836071009,2.76166165478332,"GABAergic","Tpst11"
"Efnb31",-0.30249324934602,7.62418715728708,-2.5075250632429,0.013940468587262,0.0407715134915802,-3.26354681931727,"GABAergic","Efnb31"
"Wdr761",-0.302442785748878,7.6214610988843,-2.50100579578397,0.0141823980065521,0.0413153894979604,-3.28024501996711,"GABAergic","Wdr761"
"Dcun1d31",-0.302434755416042,7.61912929453448,-3.15946043142212,0.00214915186707061,0.00913702455304772,-1.62757482062178,"GABAergic","Dcun1d31"
"Gm114911",-0.302310936606554,7.59132693680094,-4.80024290380634,6.22506320416326e-06,0.000323654057613785,3.70647353923045,"GABAergic","Gm114911"
"Orai21",-0.302273266264286,7.61434770020114,-3.16711051430925,0.00209895280309866,0.00895428129475915,-1.60908214846996,"GABAergic","Orai21"
"Memo11",-0.301984941453942,7.66109995467256,-3.05376028314004,0.00296752265579369,0.0114976447575397,-1.89162294925567,"GABAergic","Memo11"
"1700026J14Rik1",-0.301980801461439,7.5950065516506,-4.84476201117438,5.21258467617259e-06,0.000323654057613785,3.87151712985605,"GABAergic","1700026J14Rik1"
"Tshz31",-0.301933229326987,7.61802928995328,-3.13484257999139,0.00231838753185552,0.00968075009095793,-1.6958029695311,"GABAergic","Tshz31"
"1700030K09Rik1",-0.301802496312849,7.61927240051965,-3.07456631304712,0.00278652367713236,0.0109424337262863,-1.85874363894976,"GABAergic","1700030K09Rik1"
"Zfp119a1",-0.301771411827334,7.59484386274739,-3.78161061971401,0.000279149310916021,0.00213315452491861,0.203443506148846,"GABAergic","Zfp119a1"
"Arxes21",-0.301663226412579,7.65621969187253,-3.02196462837091,0.00326528980933715,0.0125107275498222,-1.97820972367153,"GABAergic","Arxes21"
"1700123O20Rik1",-0.301463133667228,7.62502712776852,-2.52583012225865,0.0132808470040284,0.0391578311522908,-3.22128604129288,"GABAergic","1700123O20Rik1"
"Nacc11",-0.301259651083045,7.69001926119644,-3.65005678531677,0.000438241625933302,0.00305195206387894,-0.158795591480364,"GABAergic","Nacc11"
"Radil1",-0.301219629782961,7.59083182460864,-4.77479040376915,6.88732870271333e-06,0.000323654057613785,3.61268269875898,"GABAergic","Radil1"
"AA5431861",-0.301193341308776,7.69863955490157,-2.55673979993226,0.0122304539905693,0.0365999358627839,-3.07938576923155,"GABAergic","AA5431861"
"Alg111",-0.300997378189599,7.61868193193892,-3.17821492297719,0.00202802908620468,0.00872974018723556,-1.57614970282433,"GABAergic","Alg111"
"Clip21",-0.300934909813846,7.59426730782819,-4.85308932519972,5.04187752426295e-06,0.000323654057613785,3.90230776136638,"GABAergic","Clip21"
"Capns11",-0.300641599149017,7.61808061095754,-3.19391794629192,0.00193154317787473,0.00844327257394343,-1.53295283736494,"GABAergic","Capns11"
"Pgf1",-0.300627644508547,7.58954496955145,-4.78324220853728,6.66015806847406e-06,0.000323654057613785,3.64356021606874,"GABAergic","Pgf1"
"Washc51",-0.300620127093943,7.68743478302491,-3.87808691880066,0.000199277198619295,0.00171418319745158,0.550539286654458,"GABAergic","Washc51"
"Arfip21",-0.300465625805897,7.7386443172622,-2.71100272379746,0.00802544275861948,0.0259723333451452,-2.72354391749598,"GABAergic","Arfip21"
"Mgme11",-0.300364512196174,7.59284952380556,-3.86325642504267,0.000209945736256656,0.00176041050511355,0.46277183245761,"GABAergic","Mgme11"
"AC161165.6",-0.300001384188266,7.59501494334112,-4.85463661122368,5.01076379017341e-06,0.000323654057613785,3.90812933873516,"GABAergic","AC161165.6"
"Cnot81",-0.299932310141248,7.61829715057232,-3.11997759276315,0.00242650155359401,0.00998106870404429,-1.73625991480574,"GABAergic","Cnot81"
"A230077H06Rik1",-0.299923963193304,7.61771993194295,-4.19722280282108,6.30200972961272e-05,0.000796414875198511,1.57447263710491,"GABAergic","A230077H06Rik1"
"Pcyt1a1",-0.299781265482394,7.68498787366881,-2.57409541429578,0.0116740367916114,0.0352493422345248,-3.07430773744833,"GABAergic","Pcyt1a1"
"Rpp301",-0.299716806937537,7.59027784283315,-4.85208475334746,5.06217863749399e-06,0.000323654057613785,3.89808946326923,"GABAergic","Rpp301"
"Lhfpl5",-0.299664502569426,7.59395917237665,-3.85460245149228,0.000216420761893991,0.00179891604494604,0.43525249796015,"GABAergic","Lhfpl5"
"Prmt71",-0.299658539755608,7.64160708534218,-3.38346751044323,0.00105922001669546,0.00530893392859074,-0.981650878247665,"GABAergic","Prmt71"
"Vegfc",-0.299585583192752,7.5947886154686,-4.86842916068939,4.74154909926485e-06,0.000323654057613785,3.95931453711848,"GABAergic","Vegfc"
"Mis121",-0.29952583287823,7.59020992255554,-4.85580601360837,4.98737284258312e-06,0.000323654057613785,3.91189151972591,"GABAergic","Mis121"
"Tmem2091",-0.299482755227065,7.75220953040686,-3.5278018327534,0.000660376389907012,0.00396481422290567,-0.496565806064404,"GABAergic","Tmem2091"
"Plxnd11",-0.299190283598683,7.59612564009267,-4.89292894197379,4.29765525901471e-06,0.000323654057613785,4.05060018399554,"GABAergic","Plxnd11"
"D630045J12Rik1",-0.299067751327963,7.65529607127655,-3.09930426321114,0.00258467241947303,0.0103742422783722,-1.7721218079059,"GABAergic","D630045J12Rik1"
"Slco5a11",-0.299014701149149,7.67025304150852,-2.72980188450262,0.00761510377627699,0.0248562435201466,-2.71403480167236,"GABAergic","Slco5a11"
"Ostf11",-0.299003864858377,7.62446884054304,-2.52385985353631,0.0133504732592509,0.0393164150800437,-3.22616999781326,"GABAergic","Ostf11"
"Zfp461",-0.298964502406339,7.61865691610075,-3.13634984856067,0.00230767917649211,0.00965552885376501,-1.69137276613063,"GABAergic","Zfp461"
"Col5a11",-0.298953672736894,7.59353017369285,-4.86940808311525,4.7229862698068e-06,0.000323654057613785,3.96281789261019,"GABAergic","Col5a11"
"BC0249781",-0.298932071000285,7.59643719391964,-3.69924467372172,0.000370667949632715,0.00269952421064671,-0.0542798691729116,"GABAergic","BC0249781"
"Fbxo251",-0.29892779335888,7.73149737662435,-2.70486751496713,0.00816365332148429,0.0263282062680925,-2.74221202421224,"GABAergic","Fbxo251"
"Kdm3a1",-0.298923738888127,7.78232466671785,-3.11868731537468,0.00243610377335425,0.0100072981884562,-1.62082923122201,"GABAergic","Kdm3a1"
"Gm38541",-0.2987841929853,7.61924962890555,-3.05883820628284,0.00292236857860144,0.0113546005198634,-1.90106355001817,"GABAergic","Gm38541"
"Armc101",-0.298758987833335,7.68664958114508,-3.45768086053709,0.000832091767790024,0.00449359744142869,-0.745412465579865,"GABAergic","Armc101"
"Tbc1d251",-0.298711375324458,7.60045415369862,-4.89190444834481,4.31537824982439e-06,0.000323654057613785,4.04712349172191,"GABAergic","Tbc1d251"
"Fbxl181",-0.298615272567743,7.70754084709726,-3.55513305837854,0.000602999016154786,0.00371306403964428,-0.44168030360577,"GABAergic","Fbxl181"
"Popdc3",-0.298547957923359,7.57565185731118,-4.29279450845312,4.4180887822418e-05,0.000621119596169819,1.89027577472902,"GABAergic","Popdc3"
"Fam131b1",-0.298460524778329,7.61039776774499,-4.14842891277897,7.54126459320936e-05,0.000913044815626616,1.40753836911335,"GABAergic","Fam131b1"
"Kxd11",-0.298380225083389,7.62238960374841,-2.70176309444093,0.00823440999839077,0.02650817849028,-2.80895206106799,"GABAergic","Kxd11"
"Gm20075",-0.298369855670888,7.57555422827773,-4.29541285077567,4.37502367672555e-05,0.000616793533997574,1.89927192697086,"GABAergic","Gm20075"
"Spata331",-0.298227522330139,7.62024619418901,-3.0279802535895,0.00320691272416231,0.0123098629467536,-1.98292575512643,"GABAergic","Spata331"
"L2hgdh1",-0.297986225436037,7.63895544861719,-4.44254726349125,2.50935668564973e-05,0.000438607274210044,2.42496334301,"GABAergic","L2hgdh1"
"Smim10l2a1",-0.297762901155123,7.594052659998,-4.87359382017791,4.64440909344395e-06,0.000323654057613785,3.97843503365343,"GABAergic","Smim10l2a1"
"Prpf32",-0.297600298421344,7.7805549697771,-2.88327120215975,0.00491630599228506,0.0174019844165024,-2.24564418727111,"GABAergic","Prpf32"
"Gm272531",-0.297491630398083,7.66708316369302,-3.85870097386144,0.000213330781736626,0.00178038668550876,0.476332143309723,"GABAergic","Gm272531"
"Jph11",-0.297342211857891,7.66670615725074,-2.9447287349454,0.00410753687067861,0.0150589461049104,-2.17561387517,"GABAergic","Jph11"
"Kifc31",-0.297333029694593,7.59411656331645,-4.88428964315975,4.44935800415015e-06,0.000323654057613785,4.01823674271005,"GABAergic","Kifc31"
"Gtpbp61",-0.297303035134921,7.63961920147683,-4.04914536571007,0.000108246189299197,0.00114345135128172,1.08490231130201,"GABAergic","Gtpbp61"
"Man1b11",-0.297301938829244,7.67074055169259,-2.56318700165703,0.0120210280637601,0.0360601784557078,-3.10846689727339,"GABAergic","Man1b11"
"Cntrl1",-0.297025125313167,7.64374576279485,-2.76473261542518,0.00690304831234431,0.0230597118590021,-2.64251064082067,"GABAergic","Cntrl1"
"Rbak1",-0.296896868690473,7.6656507071634,-2.82510145808793,0.00581426714574634,0.019954384756281,-2.48141483050488,"GABAergic","Rbak1"
"Chac11",-0.296743147108419,7.59451789632227,-3.78635766699474,0.00027459180589513,0.00210610896857761,0.218106787304597,"GABAergic","Chac11"
"Efemp21",-0.29666037966671,7.59625618398522,-3.65015188210156,0.00043810036036826,0.00305195206387894,-0.206323755798645,"GABAergic","Efemp21"
"Gm454701",-0.296652526382644,7.59542836288226,-3.64155572219388,0.000451046010829683,0.00310281651574078,-0.233014571274102,"GABAergic","Gm454701"
"Tsr11",-0.296645435154073,7.62307653204896,-3.04274282530275,0.00306772638328198,0.0118452036143526,-1.94226976167742,"GABAergic","Tsr11"
"Dnah91",-0.29662291478205,7.59390601749302,-4.8875462472443,4.39157067514537e-06,0.000323654057613785,4.03034181935483,"GABAergic","Dnah91"
"Sars21",-0.296582134632971,7.59371635772412,-3.79197507010597,0.000269290258889551,0.00207184879902004,0.235624897974106,"GABAergic","Sars21"
"F2rl21",-0.296494147032206,7.57588645128579,-4.29994567575633,4.30142524684748e-05,0.0006091966238412,1.91504046556202,"GABAergic","F2rl21"
"Mus811",-0.296132215100303,7.69328810409781,-2.52173891731233,0.0134257902825493,0.039510091867782,-3.19029434320374,"GABAergic","Mus811"
"Usp301",-0.29609322456534,7.63579299064365,-4.43664163992805,2.56649727086092e-05,0.000446081668506779,2.40357561260268,"GABAergic","Usp301"
"1110059G10Rik1",-0.296069528267997,7.67827021639572,-4.1454695346908,7.62351993462417e-05,0.000919738431752028,1.41722451207706,"GABAergic","1110059G10Rik1"
"Zfp8671",-0.295774798969454,7.59526843748519,-3.75223403215654,0.000308996075744028,0.00232825822706945,0.110772609340626,"GABAergic","Zfp8671"
"Pskh11",-0.295744691921154,7.63756474559962,-2.82740570467561,0.00577601165918371,0.0198340632790453,-2.49190734294803,"GABAergic","Pskh11"
"Ccdc711",-0.295729373449037,7.68588913896328,-2.83161045156611,0.00570679783000237,0.0196289803410004,-2.45334879698341,"GABAergic","Ccdc711"
"Elac11",-0.295680692926214,7.64354409972393,-4.21009168829065,6.00935148454221e-05,0.000770524266125093,1.62456758208535,"GABAergic","Elac11"
"Peg101",-0.295650977051262,7.59318218266324,-4.89046265562353,4.34044083450319e-06,0.000323654057613785,4.04113187994763,"GABAergic","Peg101"
"Cracr2a1",-0.295587280322574,7.61563074503024,-4.12952337805229,8.08179449863482e-05,0.000960680744521629,1.34563365753883,"GABAergic","Cracr2a1"
"Mtcp11",-0.295500013252285,7.66694879849187,-2.83619300796646,0.00563223150901266,0.0194425571701939,-2.45241605155953,"GABAergic","Mtcp11"
"Trappc6a1",-0.295392945603192,7.61847974279598,-2.68826215294394,0.00854866024360432,0.0273636506636909,-2.8442885464908,"GABAergic","Trappc6a1"
"Rfx51",-0.295225039151767,7.59294206793566,-4.8959288968346,4.24616496706491e-06,0.000323654057613785,4.06148072660199,"GABAergic","Rfx51"
"Mcee1",-0.294990861492632,7.73212631925546,-2.86892866869385,0.00512501992593281,0.0179678733875902,-2.33716793275782,"GABAergic","Mcee1"
"Lemd21",-0.29488609710653,7.61371049626642,-4.05963059934401,0.000104217928007993,0.00111163055513762,1.11184212572773,"GABAergic","Lemd21"
"G6pc31",-0.294804267715102,7.66641005229501,-2.69458988308903,0.0084000420439166,0.0269714157218642,-2.80168576760103,"GABAergic","G6pc31"
"Arhgap171",-0.294721960186346,7.68996062206374,-2.78783923034476,0.00646601349219492,0.0218293590949713,-2.55871963734138,"GABAergic","Arhgap171"
"Tgfbr31",-0.294667579434434,7.69030741314419,-2.65797733602058,0.00929357929797341,0.0292724160121447,-2.87475190828314,"GABAergic","Tgfbr31"
"Sertm11",-0.294646131090067,7.6377327176491,-4.13335699091809,7.96926269018965e-05,0.000951862848751237,1.36431273720252,"GABAergic","Sertm11"
"Fam102a1",-0.294519205999403,7.7187107436089,-3.15785555547549,0.00215982391228597,0.0091698305684122,-1.56977064915293,"GABAergic","Fam102a1"
"Stk11ip1",-0.294333664828986,7.58751061004544,-4.88835656302819,4.37730584448923e-06,0.000323654057613785,4.03261441061945,"GABAergic","Stk11ip1"
"Slc35d11",-0.294163156570622,7.66420901582644,-2.73567765866851,0.00749082786821016,0.0245474449021621,-2.70239854705677,"GABAergic","Slc35d11"
"Ccdc571",-0.29411121294753,7.59778945889463,-2.96737055113395,0.00384189514486527,0.014283378893882,-2.15641042531721,"GABAergic","Ccdc571"
"Ckap41",-0.294003111929116,7.62174389295902,-3.04143738811091,0.0030798049739934,0.011880752168871,-1.94641413160565,"GABAergic","Ckap41"
"Frg11",-0.293990292983207,7.73954064389549,-2.95682333669962,0.00396360059527948,0.0146350143967326,-2.09128946985721,"GABAergic","Frg11"
"Arhgap311",-0.293910730469973,7.62493807361389,-2.94339355647756,0.00412371879228298,0.0151004279174481,-2.20288560739954,"GABAergic","Arhgap311"
"Selenon1",-0.293800610525715,7.5910602413503,-4.88757014311796,4.39114936417584e-06,0.000323654057613785,4.0301243335972,"GABAergic","Selenon1"
"Lypd11",-0.293783860767489,7.62254160420938,-3.80365724425907,0.000258575596575315,0.00200557697093729,0.285660859627046,"GABAergic","Lypd11"
"Zfp5631",-0.293782286225209,7.64581777005667,-2.4124705027754,0.0178613532380175,0.049802284905266,-3.46168209097368,"GABAergic","Zfp5631"
"Tmcc31",-0.293766443935706,7.69023767987438,-2.82964810006627,0.00573900468046789,0.0197233586498495,-2.44207128899185,"GABAergic","Tmcc31"
"Crocc1",-0.293322533923324,7.65998618135517,-4.10880617728861,8.71683765520662e-05,0.0010097269047613,1.28846808156147,"GABAergic","Crocc1"
"Dsel1",-0.293195272406608,7.71310006017889,-2.73978399963683,0.00740507706109136,0.0243306874048567,-2.66481645016016,"GABAergic","Dsel1"
"Magee11",-0.293176504520583,7.79003722832454,-2.68070542652187,0.00872927261790865,0.0278627245854543,-2.75410798848383,"GABAergic","Magee11"
"Wwox1",-0.293120572642714,7.63560099071102,-4.13818112689641,7.82979333724471e-05,0.000940636353486998,1.37985711429485,"GABAergic","Wwox1"
"Rnf1801",-0.292951012098537,7.62097185280747,-3.72422895471594,0.000340258864224637,0.0025254859479831,0.0353254600656454,"GABAergic","Rnf1801"
"Mas11",-0.292765715273411,7.57385788902012,-4.35259860381636,3.52939210996473e-05,0.000534143366886125,2.09681798250833,"GABAergic","Mas11"
"Slc20a21",-0.292719328308991,7.6694005071016,-2.51068031971783,0.013824712704998,0.0404760629356145,-3.22732925792343,"GABAergic","Slc20a21"
"Nacad1",-0.292657581860237,7.66864143528218,-2.4356573744146,0.0168236005159125,0.0474937010110924,-3.3962493864588,"GABAergic","Nacad1"
"Abhd14a1",-0.292610591463948,7.73484911669328,-2.89734093769503,0.00471918246296068,0.0168290386107305,-2.24811995998761,"GABAergic","Abhd14a1"
"Bdnf1",-0.292309297104103,7.57361618112443,-4.35882231495954,3.44750880023126e-05,0.000523666881405997,2.11840032102079,"GABAergic","Bdnf1"
"Adap11",-0.292220111018024,7.72907587257108,-3.57636350930206,0.000561718697050016,0.00358970733407697,-0.360817114440184,"GABAergic","Adap11"
"Zfp6261",-0.292093774778357,7.61684291371205,-3.1717821189502,0.00206883807534115,0.00885261577730471,-1.59498457925976,"GABAergic","Zfp6261"
"Masp11",-0.292084862823066,7.65489985962537,-3.93010491390238,0.000165803989899792,0.00148943966769118,0.701643775300722,"GABAergic","Masp11"
"mt-Atp81",-0.291872923247735,7.57688815624698,-4.9408696005687,3.54309299801726e-06,0.000323654057613785,4.22792930755674,"GABAergic","mt-Atp81"
"Gpr1071",-0.29183029766536,7.73102238056288,-2.71347648965535,0.00797032019790817,0.0258255022600627,-2.72267180552391,"GABAergic","Gpr1071"
"Ddx311",-0.291688223087906,7.59118405124406,-4.88345230618007,4.4643355286245e-06,0.000323654057613785,4.01480110267254,"GABAergic","Ddx311"
"Nr4a11",-0.291634428105818,7.74693700380909,-2.44536827105958,0.016405206442945,0.0465877830565097,-3.30144650904716,"GABAergic","Nr4a11"
"Abcb41",-0.291421068537265,7.61970222868022,-4.13566442172478,7.90225788764598e-05,0.000945644098876491,1.36748582867691,"GABAergic","Abcb41"
"Garem11",-0.291372932650172,7.79386753409353,-2.53573829608135,0.0129356301940107,0.0383495391083785,-3.06296685249339,"GABAergic","Garem11"
"Rtn21",-0.291368631465138,7.63331693653312,-2.96208187107887,0.00390248372064709,0.0144609802846314,-2.14940120901277,"GABAergic","Rtn21"
"Acad101",-0.291273417585453,7.67005085558542,-2.53035264122337,0.0131222608635058,0.0387822311042082,-3.18406137501122,"GABAergic","Acad101"
"Gm160981",-0.291184579619573,7.57172144709819,-4.39662576587891,2.98816909236348e-05,0.000471796163310824,2.24976225407917,"GABAergic","Gm160981"
"Sh2d1a",-0.291184579619573,7.57172144709819,-4.39662576587891,2.98816909236348e-05,0.000471796163310824,2.24976225407917,"GABAergic","Sh2d1a"
"Gm38562",-0.291184579619573,7.57172144709819,-4.39662576587891,2.98816909236348e-05,0.000471796163310824,2.24976225407917,"GABAergic","Gm38562"
"Gm464401",-0.291184579619573,7.57172144709819,-4.39662576587891,2.98816909236348e-05,0.000471796163310824,2.24976225407917,"GABAergic","Gm464401"
"Gm105451",-0.291184579619573,7.57172144709819,-4.39662576587891,2.98816909236348e-05,0.000471796163310824,2.24976225407917,"GABAergic","Gm105451"
"Khk1",-0.290923507070309,7.57158084383372,-4.4002520277855,2.94735398614969e-05,0.000471796163310824,2.26241742277667,"GABAergic","Khk1"
"Nabp11",-0.290860254159518,7.68638316190655,-2.70643489018009,0.00812813989641332,0.0262409511223958,-2.760887507557,"GABAergic","Nabp11"
"Pigw1",-0.290829208582653,7.63571036201678,-4.51804196851799,1.87897660753017e-05,0.000385749832622135,2.69064478812827,"GABAergic","Pigw1"
"Plekha21",-0.290763181270803,7.60077053866823,-3.27161105752579,0.0015140955420859,0.00704270077859296,-1.3236908499424,"GABAergic","Plekha21"
"Gpatch2l1",-0.290632918736903,7.77026923581782,-2.45807840121782,0.0158716413619593,0.0453006139148837,-3.24396478500147,"GABAergic","Gpatch2l1"
"Hilpda1",-0.290601559452335,7.57140833666137,-4.40469801567924,2.89804715999278e-05,0.0004695139067299,2.27794262091187,"GABAergic","Hilpda1"
"Aaas1",-0.290541619681994,7.57137632611218,-4.40552260102967,2.88899039433474e-05,0.000468802025183547,2.28082316164511,"GABAergic","Aaas1"
"Nit21",-0.2905314794887,7.62225241631059,-3.81493252914379,0.000248620367932359,0.00195153622140454,0.321263640993994,"GABAergic","Nit21"
"AV0993231",-0.29050451309585,7.57135652620222,-4.40603257360666,2.88340284572623e-05,0.000468802025183547,2.28260483510157,"GABAergic","AV0993231"
"Plekho11",-0.290406862747543,7.62162786633749,-3.08175268814572,0.00272642647864729,0.0107734853824462,-1.83835435007381,"GABAergic","Plekho11"
"Ubc1",-0.290331425080228,7.80146004344653,-2.59198128168232,0.0111246047887365,0.033904462392527,-2.92174933888891,"GABAergic","Ubc1"
"Tmem200c1",-0.290326895563712,7.5712619264107,-4.40846835701492,2.85685875029902e-05,0.000465881959148632,2.29111650041065,"GABAergic","Tmem200c1"
"Fkbp1b1",-0.290324756645177,7.63694099258387,-4.64090184130722,1.16672994142723e-05,0.000323654057613785,3.13002165318362,"GABAergic","Fkbp1b1"
"AU0222521",-0.290312036527484,7.70887360617705,-2.58725632338771,0.0112674335265078,0.0342633790894295,-3.03178985380138,"GABAergic","AU0222521"
"Wdfy11",-0.290275985950704,7.69513046963163,-2.51300821667222,0.0137398637826818,0.0403100968186952,-3.20841673225642,"GABAergic","Wdfy11"
"Gm374011",-0.290262926446682,7.57122792734232,-4.40934345712589,2.84738007218024e-05,0.000465471852995235,2.29417522118812,"GABAergic","Gm374011"
"Slc6a71",-0.290260679706141,7.61927207924917,-4.15313855907865,7.41211730239063e-05,0.00090004281529029,1.42609472066645,"GABAergic","Slc6a71"
"Gm218141",-0.290256053818543,7.57122427683037,-4.40943740712232,2.84636425771027e-05,0.000465471852995235,2.29450362631788,"GABAergic","Gm218141"
"Gm208781",-0.290242796032196,7.68139883740867,-2.43496166443704,0.0168539375816465,0.0475573818527132,-3.38698274758553,"GABAergic","Gm208781"
"Zfp1281",-0.290186922460003,7.57118758061963,-4.41038171178251,2.83617359273259e-05,0.000465471852995235,2.29780472551046,"GABAergic","Zfp1281"
"Gm9601",-0.290153377233846,7.58987747523971,-4.87501270538689,4.61806292594792e-06,0.000323654057613785,3.98322932674728,"GABAergic","Gm9601"
"Tead11",-0.289954758310118,7.57106466286823,-4.41354319805978,2.80231171192933e-05,0.000465471852995235,2.30885999239503,"GABAergic","Tead11"
"Ptpn211",-0.289875273435659,7.59018394088605,-4.90005216238236,4.17637386466134e-06,0.000323654057613785,4.07656256426747,"GABAergic","Ptpn211"
"Prkd31",-0.289760654170924,7.57096227118977,-4.41617479998121,2.77442355084634e-05,0.000465471852995235,2.31806625583514,"GABAergic","Prkd31"
"A130010J15Rik1",-0.28973514176063,7.57227818514446,-4.39285144907701,3.03123037687135e-05,0.00047392448513989,2.2367533602021,"GABAergic","A130010J15Rik1"
"Gm450221",-0.28973514176063,7.57227818514446,-4.39285144907701,3.03123037687135e-05,0.00047392448513989,2.2367533602021,"GABAergic","Gm450221"
"Zbbx1",-0.28973514176063,7.57227818514446,-4.39285144907701,3.03123037687135e-05,0.00047392448513989,2.2367533602021,"GABAergic","Zbbx1"
"Togaram21",-0.28973514176063,7.57227818514446,-4.39285144907701,3.03123037687135e-05,0.00047392448513989,2.2367533602021,"GABAergic","Togaram21"
"Gm101901",-0.28973514176063,7.57227818514446,-4.39285144907701,3.03123037687135e-05,0.00047392448513989,2.2367533602021,"GABAergic","Gm101901"
"Ube2g21",-0.289732181920821,7.66155175309488,-2.90743885126014,0.00458221777583605,0.0164350643347183,-2.27485537477939,"GABAergic","Ube2g21"
"Ndufa91",-0.28968514524992,7.72630622514601,-2.79866263643697,0.00627013277755253,0.0212776450012105,-2.51701408853748,"GABAergic","Ndufa91"
"Kcnn31",-0.289571220918504,7.57219553045059,-4.39493531701652,3.00738189745564e-05,0.000473624484104372,2.24402011821747,"GABAergic","Kcnn31"
"Cntnap5b1",-0.289534926594207,7.68392039024083,-2.78703440804805,0.00648080030489999,0.0218729213445224,-2.5653977912312,"GABAergic","Cntnap5b1"
"Slc25a301",-0.289492505406621,7.57215590039105,-4.39593377727298,2.99601951417806e-05,0.000472434589211559,2.24750268988815,"GABAergic","Slc25a301"
"Cops7b1",-0.289452601113603,7.71953666281033,-2.60667453272809,0.0106908359352584,0.0327993260708423,-2.97896874743207,"GABAergic","Cops7b1"
"Smpdl3b1",-0.28943302271017,7.57212597949149,-4.39668732132927,2.98747172587571e-05,0.000471796163310824,2.25013134754785,"GABAergic","Smpdl3b1"
"Cacnb31",-0.289428203889226,7.75131844346095,-2.63787110934958,0.00982015703635307,0.0305740463675719,-2.88591708319852,"GABAergic","Cacnb31"
"Gpx31",-0.289381227988321,7.57209994413668,-4.39734279819784,2.98005552196125e-05,0.000471796163310824,2.25241814578038,"GABAergic","Gpx31"
"Fbln1",-0.289317306930581,7.5720678368188,-4.39815087129146,2.97093728848057e-05,0.000471796163310824,2.25523761880859,"GABAergic","Fbln1"
"Cish1",-0.289317240691969,7.57206780356085,-4.39815170816547,2.97092785924611e-05,0.000471796163310824,2.25524053894574,"GABAergic","Cish1"
"Trim591",-0.28925328917073,7.62061183584637,-3.07899913752023,0.00274930979708705,0.0108520784293417,-1.84639296558428,"GABAergic","Trim591"
"1700052K11Rik1",-0.289228428029036,7.57202323635398,-4.39927286182198,2.9583215173872e-05,0.000471796163310824,2.25915294727351,"GABAergic","1700052K11Rik1"
"Gm158601",-0.289194285802952,7.5706654383495,-4.42379261942385,2.69519809691666e-05,0.000460708104445396,2.34473612120342,"GABAergic","Gm158601"
"Slitrk61",-0.289163888068544,7.57199088080497,-4.40008643833358,2.9492059715579e-05,0.000471796163310824,2.26199243022096,"GABAergic","Slitrk61"
"A730015C16Rik1",-0.289143589708674,7.57198071015699,-4.40034211224887,2.94634693552271e-05,0.000471796163310824,2.26288483407787,"GABAergic","A730015C16Rik1"
"Kcnk41",-0.289064149777517,7.57194093118362,-4.40134178689756,2.93519390253137e-05,0.000471796163310824,2.26637441903749,"GABAergic","Kcnk41"
"Ddx251",-0.289046271206064,7.63614382161639,-4.62458168127151,1.24346875600686e-05,0.000323654057613785,3.07112598185806,"GABAergic","Ddx251"
"Timp41",-0.289024666332696,7.57192117493549,-4.40183809349741,2.92967194033912e-05,0.000471796163310824,2.26810707722159,"GABAergic","Timp41"
"Terf21",-0.288975909692976,7.57189679222031,-4.40245045537865,2.92287256513498e-05,0.000471688537494475,2.27024507062945,"GABAergic","Terf21"
"Creb11",-0.288940405902569,7.68897417772477,-2.70530423562984,0.00815374398850402,0.0263099227502171,-2.762214898051,"GABAergic","Creb11"
"Spata61",-0.288875891834462,7.57184682103031,-4.40370487303786,2.90899168209452e-05,0.000470672578550104,2.27462533071949,"GABAergic","Spata61"
"Myo1c1",-0.288850000240076,7.59397932193281,-4.96226882430543,3.2495331141781e-06,0.000323654057613785,4.30982935686302,"GABAergic","Myo1c1"
"Cited21",-0.288830902092611,7.67919136400699,-2.44909603983994,0.0162470800409004,0.0462445558044893,-3.3610087931806,"GABAergic","Cited21"
"Ets21",-0.288817934488659,7.65789312804283,-2.70211542703602,0.0082263515804681,0.0264959831595144,-2.78735128979111,"GABAergic","Ets21"
"Iqck1",-0.288537800369126,7.58991885273652,-4.91256193032622,3.97139965926042e-06,0.000323654057613785,4.12324458161003,"GABAergic","Iqck1"
"Zfp3191",-0.288521448204385,7.63422674657322,-4.60367062425356,1.34897596349225e-05,0.000323654057613785,2.9957913834689,"GABAergic","Zfp3191"
"Wwc21",-0.288493220295345,7.63247597032623,-4.43089869738906,2.6232691096154e-05,0.000454041417717254,2.38296293867334,"GABAergic","Wwc21"
"Ptpn18",-0.288447844191444,7.57163366521512,-4.40904650236209,2.85059313679596e-05,0.000465471852995235,2.29328661410882,"GABAergic","Ptpn18"
"Kcnj21",-0.288257535097709,7.62072986757128,-2.81820419953696,0.0059301686150227,0.0202848380684762,-2.52510980427247,"GABAergic","Kcnj21"
"Ube2q11",-0.288140149041252,7.59650374732515,-2.97511412723687,0.00375474863890027,0.014051999580444,-2.13708372325562,"GABAergic","Ube2q11"
"Stk361",-0.288094735242598,7.59580808338025,-5.00103417230415,2.77695497083193e-06,0.000323654057613785,4.45583733908819,"GABAergic","Stk361"
"Amotl11",-0.288092188794026,7.57145742288509,-4.41345128019343,2.80329068322829e-05,0.000465471852995235,2.30868592757901,"GABAergic","Amotl11"
"Hes11",-0.288043974210907,7.59398729237201,-3.64866170979893,0.000440318974803935,0.00306298120925831,-0.212245555969027,"GABAergic","Hes11"
"Hccs1",-0.287933825657514,7.66269618328744,-2.90722617060658,0.00458506437450646,0.0164405226488371,-2.27468568114855,"GABAergic","Hccs1"
"Slc17a61",-0.287561574182045,7.62477518192491,-4.07185304877777,9.970370751541e-05,0.00108441981618426,1.1563993295583,"GABAergic","Slc17a61"
"Slc1a41",-0.287396169107041,7.66186828096383,-3.47132124883021,0.000795694678613627,0.00439651423045197,-0.71655183728809,"GABAergic","Slc1a41"
"Cdc341",-0.287343870032493,7.6146986954949,-3.19734831061366,0.00191104385052651,0.00836574098805765,-1.5255992172738,"GABAergic","Cdc341"
"Asrgl11",-0.287335149650484,7.6422227041468,-3.61727115760188,0.000489607176483436,0.00330133245821552,-0.28606634446298,"GABAergic","Asrgl11"
"H2-D11",-0.287273867651081,7.56969419515338,-4.44819428933653,2.45586984328096e-05,0.000433532642320295,2.430351119035,"GABAergic","H2-D11"
"Gm166381",-0.287269989646293,7.5948208408243,-3.5517311939248,0.000609874660498289,0.00374068684930358,-0.507249502799399,"GABAergic","Gm166381"
"Fzr11",-0.287257579998302,7.71601509666915,-2.56724659186805,0.0118908230548042,0.0357496675012013,-3.07402984602932,"GABAergic","Fzr11"
"Rdh141",-0.287235257333034,7.70974173271518,-3.62718775760195,0.000473497591094235,0.00321098639643686,-0.219551437201299,"GABAergic","Rdh141"
"Eomes",-0.28717829644325,7.59315113538599,-4.97299552746879,3.11144244062959e-06,0.000323654057613785,4.35008622983677,"GABAergic","Eomes"
"Ddx391",-0.287150043805886,7.59536885016114,-5.00810401726792,2.69831480163246e-06,0.000323654057613785,4.48249051344927,"GABAergic","Ddx391"
"Ift881",-0.287025076973676,7.75081632161462,-3.36047777147433,0.00114065786285506,0.00562219710644649,-0.981763165514173,"GABAergic","Ift881"
"Zfp7471",-0.286934766389727,7.59392216607836,-4.93527123409612,3.62406230109563e-06,0.000323654057613785,4.20857495152723,"GABAergic","Zfp7471"
"Apex21",-0.286814902299591,7.62173119181471,-3.71918518005125,0.000346199965904637,0.00256498004589644,0.0199304863862002,"GABAergic","Apex21"
"Dapk21",-0.286769188984628,7.59015725494433,-4.93855297481238,3.57638230149025e-06,0.000323654057613785,4.22053254373629,"GABAergic","Dapk21"
"Gadd45b1",-0.286692683821779,7.61740350693034,-3.68824710114901,0.000384856757816241,0.00276713346726509,-0.0781372033346228,"GABAergic","Gadd45b1"
"Tsen541",-0.286656088848721,7.61842100087917,-3.82671357156157,0.000238609475803739,0.00188487816341464,0.357148526764158,"GABAergic","Tsen541"
"Sbno21",-0.286611491217798,7.65939250861526,-3.16448578672472,0.00211605149739961,0.00901792550917898,-1.592326238739,"GABAergic","Sbno21"
"Lurap11",-0.286527941620993,7.59616181470838,-3.42926302604623,0.000913021714226456,0.00476075608132367,-0.871442275244333,"GABAergic","Lurap11"
"Ccdc152",-0.286507614939417,7.64450821174683,-2.51788874640709,0.0135634905739219,0.0398208937833856,-3.22936097418227,"GABAergic","Ccdc152"
"Grip21",-0.286451640982763,7.69125211240307,-2.50454145927285,0.0140507264608698,0.0409991806676216,-3.22968814142917,"GABAergic","Grip21"
"Rab211",-0.286315784258793,7.63816858998762,-4.69666962620427,9.37652892980056e-06,0.000323654057613785,3.33182846915906,"GABAergic","Rab211"
"Cry11",-0.28630015409832,7.64239498144915,-2.69331480164644,0.00842979928193759,0.0270599609645229,-2.81949151171495,"GABAergic","Cry11"
"Pnrc21",-0.286172658342689,7.62269745336074,-2.77670463578753,0.00667335180245147,0.0223948880120127,-2.62749038243572,"GABAergic","Pnrc21"
"Upf3a1",-0.286149789561711,7.66802347794063,-2.7341069506237,0.00752386688696856,0.0246361973792295,-2.7049156244578,"GABAergic","Upf3a1"
"Rtl11",-0.285948969748558,7.5690483758344,-4.46405907862664,2.31143662800655e-05,0.000418503021756579,2.48616800003412,"GABAergic","Rtl11"
"Zc2hc1a1",-0.285918357084504,7.76432341912275,-2.91402575496528,0.00449485766062995,0.0161825307712265,-2.17123649729266,"GABAergic","Zc2hc1a1"
"Lin28b1",-0.285907040817134,7.72639550610265,-3.06081804634872,0.00290493673598699,0.0113010234776171,-1.83474539255047,"GABAergic","Lin28b1"
"Slc9a3r11",-0.285882453038995,7.60097491502094,-3.40024980051135,0.00100325869155377,0.00509620046103534,-0.954173111399474,"GABAergic","Slc9a3r11"
"Parg1",-0.285826193377827,7.77748975686642,-2.46033647778929,0.0157784881631332,0.0451018648904018,-3.27836351823046,"GABAergic","Parg1"
"Klhl231",-0.285557366284164,7.61623201809604,-4.37132080865893,3.28857418171848e-05,0.000503220784156922,2.17180812213617,"GABAergic","Klhl231"
"Zbtb241",-0.285437523691917,7.6174957021887,-4.19615284533703,6.32695037797542e-05,0.000797131514626142,1.57073469492544,"GABAergic","Zbtb241"
"Fnip21",-0.285422916356356,7.63716152486152,-4.38120668088722,3.16789688109414e-05,0.000487761790252832,2.21019405342798,"GABAergic","Fnip21"
"Tgm71",-0.285259863113004,7.57264639191745,-4.4093869593259,2.8469096702998e-05,0.000465471852995235,2.29485849153785,"GABAergic","Tgm71"
"Gm31305",-0.285259863113004,7.57264639191745,-4.4093869593259,2.8469096702998e-05,0.000465471852995235,2.29485849153785,"GABAergic","Gm31305"
"A330035P11Rik",-0.285259863113004,7.57264639191745,-4.4093869593259,2.8469096702998e-05,0.000465471852995235,2.29485849153785,"GABAergic","A330035P11Rik"
"Gm297241",-0.285259863113004,7.57264639191745,-4.4093869593259,2.8469096702998e-05,0.000465471852995235,2.29485849153785,"GABAergic","Gm297241"
"Iba571",-0.285259863113004,7.57264639191745,-4.4093869593259,2.8469096702998e-05,0.000465471852995235,2.29485849153785,"GABAergic","Iba571"
"Kcnh61",-0.285259863113004,7.57264639191745,-4.4093869593259,2.8469096702998e-05,0.000465471852995235,2.29485849153785,"GABAergic","Kcnh61"
"Gprin2",-0.285152792805401,7.57258895746367,-4.41070903588147,2.83264944040586e-05,0.000465471852995235,2.29947801036311,"GABAergic","Gprin2"
"Klhl14",-0.285062185829801,7.57254041561645,-4.4118255037325,2.82066073384437e-05,0.000465471852995235,2.30337979606532,"GABAergic","Klhl14"
"Pced1a1",-0.284953145383101,7.6183849949036,-2.42836078432219,0.0171442125921522,0.0482886242098523,-3.44655349678941,"GABAergic","Pced1a1"
"Gpr31",-0.284946890265946,7.5724787281996,-4.41324309772666,2.80550915282854e-05,0.000465471852995235,2.30833485763973,"GABAergic","Gpr31"
"Ffar4",-0.284933358964469,7.57247149439367,-4.41340924189672,2.80373852226937e-05,0.000465471852995235,2.30891566520345,"GABAergic","Ffar4"
"Tusc11",-0.28478173001571,7.57239051903723,-4.4152677449249,2.78400555555509e-05,0.000465471852995235,2.31541358364784,"GABAergic","Tusc11"
"Gm459021",-0.2847396232582,7.57236806019107,-4.41578277529326,2.77856092849071e-05,0.000465471852995235,2.31721460390536,"GABAergic","Gm459021"
"Zdhhc11",-0.284719760988129,7.57235747024947,-4.4160255598368,2.77599790961024e-05,0.000465471852995235,2.31806364879966,"GABAergic","Zdhhc11"
"Enkd11",-0.28469530627989,7.59099491457094,-4.97615158318096,3.0719138482497e-06,0.000323654057613785,4.36180099213758,"GABAergic","Enkd11"
"Gm29083",-0.284516437023206,7.56970841170947,-4.45605777677163,2.38322231212229e-05,0.000422511269906251,2.45813295874103,"GABAergic","Gm29083"
"Vsig81",-0.284516437023206,7.56970841170947,-4.45605777677163,2.38322231212229e-05,0.000422511269906251,2.45813295874103,"GABAergic","Vsig81"
"Fndc7",-0.284516437023206,7.56970841170947,-4.45605777677163,2.38322231212229e-05,0.000422511269906251,2.45813295874103,"GABAergic","Fndc7"
"Areg",-0.284516437023206,7.56970841170947,-4.45605777677163,2.38322231212229e-05,0.000422511269906251,2.45813295874103,"GABAergic","Areg"
"Gm493351",-0.284516437023206,7.56970841170947,-4.45605777677163,2.38322231212229e-05,0.000422511269906251,2.45813295874103,"GABAergic","Gm493351"
"Avil",-0.284516437023206,7.56970841170947,-4.45605777677163,2.38322231212229e-05,0.000422511269906251,2.45813295874103,"GABAergic","Avil"
"Gnrh1",-0.284516437023206,7.56970841170947,-4.45605777677163,2.38322231212229e-05,0.000422511269906251,2.45813295874103,"GABAergic","Gnrh1"
"Ubox51",-0.28451082572558,7.57224623402694,-4.41857316954365,2.74924080653959e-05,0.000464823956528015,2.32697472801017,"GABAergic","Ubox51"
"Jade31",-0.284445994385181,7.57221177791327,-4.41936133540043,2.74101344329554e-05,0.000464065168230527,2.32973225567477,"GABAergic","Jade31"
"Gm107671",-0.284440747344265,7.57220899048803,-4.41942507594171,2.74034912107558e-05,0.000464065168230527,2.32995527616374,"GABAergic","Gm107671"
"Gm155941",-0.284347330599704,7.57215939493559,-4.42055867222127,2.72856041559189e-05,0.000464065168230527,2.33392193651875,"GABAergic","Gm155941"
"Zcchc241",-0.284306579778244,7.56959214981662,-4.45870465944684,2.35923972471273e-05,0.000422484343198917,2.46744380769326,"GABAergic","Zcchc241"
"Prmt61",-0.284231206632855,7.56956464603883,-4.45940713361871,2.35291412073421e-05,0.000421960465871554,2.46991679870193,"GABAergic","Prmt61"
"Dnal11",-0.284225820196643,7.69038839130304,-2.70787777148891,0.00809557157348005,0.0261630320903353,-2.75531523140905,"GABAergic","Dnal11"
"Cdc42ep41",-0.284218078262402,7.56955804430071,-4.45956071345923,2.35153335953445e-05,0.000421960465871554,2.47045726371887,"GABAergic","Cdc42ep41"
"2310011J03Rik1",-0.284193288381664,7.62300200879625,-3.98178346265831,0.000137915444447818,0.00133504732105883,0.858863064498128,"GABAergic","2310011J03Rik1"
"Fech1",-0.284191353430823,7.71256937342279,-2.67725716214975,0.00881283529832056,0.0280816000886377,-2.81718471513827,"GABAergic","Fech1"
"Gm31763",-0.284174464944837,7.57206777353512,-4.42265025285437,2.70693778499072e-05,0.000462078375677233,2.34124246407129,"GABAergic","Gm31763"
"Serpina3n1",-0.284123055244719,7.56951030121612,-4.46067079192532,2.34157646520163e-05,0.000421755644893356,2.47436410665323,"GABAergic","Serpina3n1"
"AC130815.31",-0.284113233291197,7.56950537032896,-4.46078538047354,2.34055098346213e-05,0.000421755644893356,2.47476742796664,"GABAergic","AC130815.31"
"Ift461",-0.284078929011539,7.69174943208847,-3.67241167871129,0.000406196377627059,0.00288545909922828,-0.0897435731447489,"GABAergic","Ift461"
"Dlx21",-0.28405674945763,7.6469850916601,-2.57213926289629,0.0117355884610412,0.035400742051901,-3.10374045241622,"GABAergic","Dlx21"
"Ccdc1511",-0.284037232721201,7.57199518031524,-4.42430501392339,2.68994840498821e-05,0.000460444961460741,2.34703568952372,"GABAergic","Ccdc1511"
"Zfp3621",-0.283986956837628,7.56944204314658,-4.46225602741805,2.32742829477568e-05,0.000420427731268794,2.47994429631688,"GABAergic","Zfp3621"
"Ofd11",-0.283923023400645,7.69092151839207,-2.84699167486898,0.00546003841495092,0.0189748184624869,-2.41215589339805,"GABAergic","Ofd11"
"Fam184b1",-0.283848660837245,7.56937283047294,-4.46386118166119,2.31318661480828e-05,0.000418503021756579,2.48559587722067,"GABAergic","Fam184b1"
"Rnf1411",-0.283708380196547,7.73731326904049,-2.58019951440052,0.0114838343244975,0.0348275620642751,-3.03258230702788,"GABAergic","Rnf1411"
"Tmem150a1",-0.283660668722608,7.59022027961282,-4.97688232815482,3.06283154871734e-06,0.000323654057613785,4.36449015572016,"GABAergic","Tmem150a1"
"Wdr241",-0.283627924237401,7.61852298763918,-4.15867983996446,7.26288678327902e-05,0.000884518400201105,1.44448012587868,"GABAergic","Wdr241"
"Bend71",-0.283420671253136,7.61189800100908,-3.51737905937542,0.000683587118866803,0.00403475728585018,-0.60238059081075,"GABAergic","Bend71"
"Matn41",-0.28333712945482,7.56911810719447,-4.46974832758539,2.2616711215646e-05,0.000412754979685539,2.5063348640855,"GABAergic","Matn41"
"Samd31",-0.283300310615322,7.569099850071,-4.47016901717865,2.25803266968043e-05,0.000412754979685539,2.50781750948959,"GABAergic","Samd31"
"Arhgap351",-0.283234648517555,7.79745430948127,-3.1141667758216,0.00247002513357806,0.0100799118407444,-1.63294535578899,"GABAergic","Arhgap351"
"Adam171",-0.283098701673689,7.64379832430313,-3.46193454949952,0.000820576359947504,0.00446994211159285,-0.751255831849577,"GABAergic","Adam171"
"Wdr551",-0.283053447932252,7.61974752250216,-2.84430243892719,0.00550246270686198,0.0190848413058013,-2.45998152382882,"GABAergic","Wdr551"
"Sla1",-0.282935176542945,7.57141670990935,-4.43740918506141,2.55900028491598e-05,0.00044540243388229,2.39296132334645,"GABAergic","Sla1"
"Polg1",-0.28285686096936,7.70138101192969,-2.71336020492248,0.00797290361382651,0.0258271296913566,-2.71263337285021,"GABAergic","Polg1"
"Csrnp11",-0.282825355256317,7.56886525700119,-4.47555878903418,2.21191579066095e-05,0.000407873327817272,2.52682054094278,"GABAergic","Csrnp11"
"Gm160491",-0.28272441435334,7.75749604087382,-2.51893153120997,0.0135260709607744,0.0397674817870671,-3.15962525046879,"GABAergic","Gm160491"
"Cenpm1",-0.282548518856321,7.59107989694847,-4.9999479332667,2.78923400960445e-06,0.000323654057613785,4.45147009667358,"GABAergic","Cenpm1"
"Rnf401",-0.282503939357735,7.59751900706274,-3.31416530746856,0.00132289211682228,0.00634844979495921,-1.20476157075903,"GABAergic","Rnf401"
"2810032G03Rik1",-0.282473170331177,7.68348831080074,-3.74996227304432,0.000311426557511256,0.00234372563900223,0.14358532163965,"GABAergic","2810032G03Rik1"
"Ercc21",-0.282336146561032,7.72178398507234,-3.09986120968329,0.00258028847543601,0.0103696178692231,-1.72403798903108,"GABAergic","Ercc21"
"2700046G09Rik1",-0.282321089666405,7.68600458955789,-3.95164442684238,0.00015358038623627,0.00144513032066329,0.784393977767838,"GABAergic","2700046G09Rik1"
"Tex21",-0.282282670974799,7.63325856911184,-4.22633084150128,5.65867872614312e-05,0.000743900455417756,1.67692739572716,"GABAergic","Tex21"
"Mpp31",-0.282257703236029,7.62250026172849,-2.87287581369264,0.00506678321360528,0.0178328927058541,-2.38610305397172,"GABAergic","Mpp31"
"Exosc31",-0.282238211467312,7.66206367476547,-3.04849973205663,0.00301498249965856,0.0116705966377925,-1.90498821277224,"GABAergic","Exosc31"
"Mid11",-0.282113917694213,7.59470882691816,-5.08939640390744,1.93645498694701e-06,0.000323654057613785,4.79065704448792,"GABAergic","Mid11"
"Atmin1",-0.28208646160468,7.70939715461338,-2.64878911352735,0.00953095502654596,0.0298919816140994,-2.88733567682124,"GABAergic","Atmin1"
"Bace21",-0.282083944666923,7.58986234106266,-4.98211852611639,2.99851340592938e-06,0.000323654057613785,4.38417501537194,"GABAergic","Bace21"
"Hkdc11",-0.28207103788267,7.56849614212293,-4.48397615401131,2.14171119893236e-05,0.000398480299531493,2.55652675433103,"GABAergic","Hkdc11"
"Dlgap41",-0.281979389531448,7.80034371720964,-2.42658206449529,0.0172231909635504,0.0484361489275752,-3.31630468501955,"GABAergic","Dlgap41"
"Mrpl241",-0.28191318501703,7.751120987476,-2.52620462889418,0.0132676494860783,0.03912821533323,-3.14786418199,"GABAergic","Mrpl241"
"Hexim21",-0.281909570190917,7.56841767416003,-4.48575498804532,2.12715335614512e-05,0.000396962002252044,2.56280898808558,"GABAergic","Hexim21"
"Slc16a61",-0.281811203107955,7.62456430492905,-3.99689319956907,0.00013064967212387,0.00129501791617989,0.908803258324466,"GABAergic","Slc16a61"
"Noa11",-0.281574431042653,7.5892525238084,-4.97860433450819,3.04153245946164e-06,0.000323654057613785,4.37089304490472,"GABAergic","Noa11"
"Ift431",-0.281536759407328,7.59243180838852,-5.05899705447499,2.19291870670264e-06,0.000323654057613785,4.67501880752206,"GABAergic","Ift431"
"Sorcs21",-0.281495214383666,7.66162288126303,-3.73204332356869,0.000331245357816831,0.00247635836777523,0.0750147946376796,"GABAergic","Sorcs21"
"Aptx1",-0.281433162628846,7.6429791012996,-2.67092712481906,0.00896812601619211,0.0284640521383489,-2.87303453897274,"GABAergic","Aptx1"
"Lair11",-0.281362836615079,7.56815338242509,-4.49171737199886,2.07905271195198e-05,0.000393071341826442,2.58387735135806,"GABAergic","Lair11"
"Lmnb11",-0.281253350172134,7.59049192653911,-5.00935753917899,2.68460005024005e-06,0.000323654057613785,4.48695182062292,"GABAergic","Lmnb11"
"Fkbpl1",-0.281230860308227,7.57485723367361,-4.41310684820881,2.80696199668765e-05,0.000465471852995235,2.30869110631123,"GABAergic","Fkbpl1"
"Mtrf1l1",-0.281157189886826,7.63119022330492,-4.65928919548996,1.08577206981585e-05,0.000323654057613785,3.19572536783552,"GABAergic","Mtrf1l1"
"Scarb21",-0.280978510222095,7.80055163190174,-2.8535404927964,0.005357979396397,0.0186567127691602,-2.29868052885909,"GABAergic","Scarb21"
"Kcnc41",-0.280892523469761,7.56792774403145,-4.49677060831593,2.03911206254582e-05,0.000392859109902423,2.60174672398596,"GABAergic","Kcnc41"
"Dlx61",-0.280872996603576,7.6359670153462,-3.03360036472959,0.00315324882040614,0.0121338970112373,-1.95959360939329,"GABAergic","Dlx61"
"Stard41",-0.280615869573381,7.58986606639403,-5.0032905253057,2.7516170279891e-06,0.000323654057613785,4.46400156868758,"GABAergic","Stard41"
"B4galt41",-0.280486692857288,7.61590272768693,-3.64628252296596,0.000443883293933913,0.00307914571141412,-0.20823962521533,"GABAergic","B4galt41"
"C1qtnf121",-0.280427520031045,7.58981777014274,-5.00739527855113,2.7060993135605e-06,0.000323654057613785,4.47949613799126,"GABAergic","C1qtnf121"
"Nhsl21",-0.280410825925779,7.69165474505229,-2.49614036786595,0.014365400633641,0.0417298835623484,-3.24834087705245,"GABAergic","Nhsl21"
"Lpcat21",-0.280401058934339,7.58848534813409,-4.97681006910857,3.06372847579884e-06,0.000323654057613785,4.3640719641188,"GABAergic","Lpcat21"
"Ndrg21",-0.280335279246193,7.65964767520141,-2.51268137623657,0.0137517484245006,0.0403191031609372,-3.23031811006777,"GABAergic","Ndrg21"
"Ptchd11",-0.280332169492477,7.61915928734676,-2.97474170117419,0.00375889777597136,0.0140548121120231,-2.12453287053823,"GABAergic","Ptchd11"
"Zbtb401",-0.280220148772329,7.58909739967759,-5.00269696656053,2.75826051286066e-06,0.000323654057613785,4.4617057795415,"GABAergic","Zbtb401"
"Nme51",-0.279951861153743,7.61735727504946,-4.21501860774572,5.90080568627331e-05,0.000762802068402622,1.63475136660364,"GABAergic","Nme51"
"Isoc11",-0.279810827209531,7.64074059183458,-3.93368588589642,0.000163709265513402,0.0014879679430704,0.70774793316603,"GABAergic","Isoc11"
"Gosr21",-0.279767482807541,7.56739477569983,-4.50853829360072,1.94895786262806e-05,0.000390736140148856,2.64340707247497,"GABAergic","Gosr21"
"Hbq1b1",-0.279530827954805,7.58858357812333,-5.00330215512577,2.7514870157102e-06,0.000323654057613785,4.46395179643116,"GABAergic","Hbq1b1"
"Mxra71",-0.279326722109427,7.63875661468453,-4.42488351896836,2.68403326178856e-05,0.000460067027331436,2.36279684808514,"GABAergic","Mxra71"
"Gm429021",-0.279320728102616,7.57525452453457,-4.42607898859061,2.67184954053429e-05,0.000458612071895306,2.35440682387987,"GABAergic","Gm429021"
"Top1mt1",-0.279285622951117,7.57523321087855,-4.42649530719108,2.66761916076475e-05,0.00045852013552757,2.35586411158515,"GABAergic","Top1mt1"
"Snrnp271",-0.279236199485956,7.80786004340462,-2.86970189987428,0.00511356335693384,0.0179466406277005,-2.25590383595764,"GABAergic","Snrnp271"
"Mettl7a11",-0.279203158775772,7.6492033604891,-4.21197846541424,5.96755841985285e-05,0.000767434196791439,1.63172279838407,"GABAergic","Mettl7a11"
"Npr21",-0.279194108121391,7.57517768567602,-4.42757890045707,2.65663867031627e-05,0.000457266101229194,2.35965754047754,"GABAergic","Npr21"
"Spryd71",-0.279119279011983,7.80212016766689,-2.55221739347264,0.012379311457954,0.0369683064405627,-3.02550361927252,"GABAergic","Spryd71"
"Myt11",-0.279040923509699,7.58943504509703,-5.01747815769513,2.5973854553965e-06,0.000323654057613785,4.51756989235917,"GABAergic","Myt11"
"Slc16a21",-0.278825683186378,7.58784639641431,-4.97031273911176,3.14543309614361e-06,0.000323654057613785,4.33956271998412,"GABAergic","Slc16a21"
"Lhx1",-0.278777718427691,7.58921899281931,-5.0165812512302,2.60688066663779e-06,0.000323654057613785,4.51416465456252,"GABAergic","Lhx1"
"Slc19a21",-0.278756317504635,7.58285512279775,-4.97738371130998,3.05661509701999e-06,0.000323654057613785,4.365804886703,"GABAergic","Slc19a21"
"Col20a11",-0.278753393085576,7.58919910196734,-5.01649581742189,2.60778688662656e-06,0.000323654057613785,4.51384033158668,"GABAergic","Col20a11"
"Ccbe11",-0.278674030281722,7.58794798621638,-5.00373831919734,2.74661536689134e-06,0.000323654057613785,4.46554936240373,"GABAergic","Ccbe11"
"Siah21",-0.278465166216419,7.61366710653943,-4.3010943935531,4.28296424745772e-05,0.00060808204516277,1.92811244197776,"GABAergic","Siah21"
"Cep1201",-0.2784589298669,7.70298950943725,-2.66145432003277,0.00920515984535728,0.0290529078537345,-2.86075295852066,"GABAergic","Cep1201"
"Etnk21",-0.278394579844672,7.56675599844317,-4.52233610917235,1.84816014188369e-05,0.000385749832622135,2.69233850231956,"GABAergic","Etnk21"
"Ice21",-0.278359907712027,7.80513903594179,-2.55071176506344,0.0124292308141865,0.0370963815305565,-3.03208591802821,"GABAergic","Ice21"
"Ngrn1",-0.278288786846718,7.84316958143591,-2.41425749337848,0.0177793926926508,0.0496606489569652,-3.30385764748035,"GABAergic","Ngrn1"
"Gpam1",-0.278124907765503,7.58868601298943,-5.01418905204472,2.63237188890246e-06,0.000323654057613785,4.50508503798856,"GABAergic","Gpam1"
"Dact21",-0.277807029728143,7.57465487503073,-4.44190690097783,2.51549262929743e-05,0.000439061371724067,2.40994227967545,"GABAergic","Dact21"
"A730063M14Rik",-0.277737578967893,7.58544692580076,-4.91629252976266,3.91219385205757e-06,0.000323654057613785,4.13672221119622,"GABAergic","A730063M14Rik"
"Selplg1",-0.27759163043021,7.56638812600461,-4.530112490747,1.79359477009838e-05,0.000381969836071009,2.71995531857042,"GABAergic","Selplg1"
"Itga71",-0.277536139136265,7.61549364121707,-4.19382733867417,6.38148576107711e-05,0.000803187000963153,1.56219281785064,"GABAergic","Itga71"
"Apeh1",-0.277272737312827,7.58810751717398,-5.0109671129334,2.6670894231982e-06,0.000323654057613785,4.49286655317976,"GABAergic","Apeh1"
"Qsox11",-0.277133675816104,7.63364504574003,-4.10338113278818,8.89088975844372e-05,0.00102257592124455,1.26312826916238,"GABAergic","Qsox11"
"Gusb1",-0.277051111215891,7.66274426828665,-2.58292643373011,0.0113997712063211,0.0345810708067573,-3.06761988268,"GABAergic","Gusb1"
"Mcrip21",-0.276918045569164,7.63872319614199,-4.22241998839937,5.74128424600975e-05,0.000749204390041861,1.66480881817636,"GABAergic","Mcrip21"
"2810405F17Rik1",-0.276777960852788,7.6917751623179,-3.52667322783951,0.000662853270504666,0.00397391743331541,-0.529297495856119,"GABAergic","2810405F17Rik1"
"4933404O12Rik1",-0.27642486103313,7.58779537731301,-5.0166089297171,2.60658713918043e-06,0.000323654057613785,4.5141691266497,"GABAergic","4933404O12Rik1"
"Snta11",-0.276197926891459,7.7400442234756,-2.5469939457855,0.0125532728782901,0.0373498241236107,-3.10652507327774,"GABAergic","Snta11"
"Gm269011",-0.276181145877001,7.64501799302726,-3.30107110320562,0.00137916997643,0.00658288438749859,-1.21668048459535,"GABAergic","Gm269011"
"Slc35a31",-0.276129272629923,7.7570069314969,-2.48400478243268,0.0148311143039634,0.0428032857005083,-3.23825202381525,"GABAergic","Slc35a31"
"Dcaf51",-0.275891751443589,7.66183002420538,-2.60486403632985,0.0107434461007246,0.0329363058572114,-3.01678803954106,"GABAergic","Dcaf51"
"Akr1b31",-0.275853892087688,7.6371391689127,-3.0079828926383,0.00340479422738651,0.0129453113853758,-2.02707524171116,"GABAergic","Akr1b31"
"Bag61",-0.275849138384586,7.80241818985007,-2.69977876773826,0.00827992902499586,0.0266270845297224,-2.66932185893316,"GABAergic","Bag61"
"Scamp41",-0.27578407839539,7.64604452477499,-2.57906319520368,0.0115190285790416,0.0349087044361188,-3.0881927191172,"GABAergic","Scamp41"
"Nme11",-0.275747380223224,7.77605188003747,-3.10267198055059,0.00255826906629441,0.0103212350821566,-1.68211103255955,"GABAergic","Nme11"
"Hdhd21",-0.275653065344068,7.74789189643785,-3.2605463858716,0.00156789141886968,0.0072334005809471,-1.26570945073714,"GABAergic","Hdhd21"
"Slc52a21",-0.27558205745614,7.66515821854687,-3.49915144764237,0.000726042068632269,0.0041327623691903,-0.632267180413848,"GABAergic","Slc52a21"
"Cdk101",-0.275395460406646,7.69045389372491,-3.23657852635312,0.00169061536005347,0.00764596815534386,-1.37768176633045,"GABAergic","Cdk101"
"Tecpr21",-0.275257553089823,7.57399271053327,-4.46675138018993,2.28775567019138e-05,0.000416902318165565,2.49746368291638,"GABAergic","Tecpr21"
"Tpcn11",-0.27507783062529,7.63810583985138,-2.82369330088048,0.00583775978078408,0.0200073457275698,-2.50131784244522,"GABAergic","Tpcn11"
"Rnpepl11",-0.27497507576622,7.61459810704065,-4.31649006774663,4.04279644788907e-05,0.000591100150170778,1.98150868885859,"GABAergic","Rnpepl11"
"Foxo11",-0.274762913892182,7.65997233660436,-2.45550570683716,0.0159783725253225,0.0455842765607477,-3.35969368729518,"GABAergic","Foxo11"
"Rbm121",-0.274667466388109,7.61717322569882,-4.18668063246836,6.55192829175558e-05,0.000822137816993799,1.53858074891123,"GABAergic","Rbm121"
"Trim131",-0.274614438441984,7.56402412647231,-4.5762765481638,1.50039921456443e-05,0.000345453696711403,2.88444720213638,"GABAergic","Trim131"
"Snrpd21",-0.274585855581591,7.78718889981187,-2.75310659072513,0.00713299441861507,0.0236558002032615,-2.57411809789013,"GABAergic","Snrpd21"
"Robo31",-0.274514800070381,7.59061305693725,-4.05745338037799,0.000105042367570016,0.00111703151803247,1.0967185365762,"GABAergic","Robo31"
"Gm154941",-0.27448400040416,7.63846766337833,-3.97365349083875,0.000141983386011589,0.00136908610753988,0.836610235350079,"GABAergic","Gm154941"
"Klhl151",-0.274333570896763,7.76196324075603,-2.48259971912213,0.0148858992837026,0.0429350456606616,-3.22193463969691,"GABAergic","Klhl151"
"Gtf2h31",-0.274331800901959,7.66202400499201,-3.91489910693419,0.000174987711198026,0.00155224981841852,0.653763459584937,"GABAergic","Gtf2h31"
"Gm446961",-0.274215131510857,7.57095406827345,-4.48871540507401,2.10313755820111e-05,0.000393071341826442,2.57426899517614,"GABAergic","Gm446961"
"Llgl21",-0.274215131510857,7.57095406827345,-4.48871540507401,2.10313755820111e-05,0.000393071341826442,2.57426899517614,"GABAergic","Llgl21"
"Gm48715",-0.274215131510857,7.57095406827345,-4.48871540507401,2.10313755820111e-05,0.000393071341826442,2.57426899517614,"GABAergic","Gm48715"
"Gm294171",-0.274215131510857,7.57095406827345,-4.48871540507401,2.10313755820111e-05,0.000393071341826442,2.57426899517614,"GABAergic","Gm294171"
"Gal1",-0.274215131510857,7.57095406827345,-4.48871540507401,2.10313755820111e-05,0.000393071341826442,2.57426899517614,"GABAergic","Gal1"
"Tdrd11",-0.274215131510857,7.57095406827345,-4.48871540507401,2.10313755820111e-05,0.000393071341826442,2.57426899517614,"GABAergic","Tdrd11"
"C030005K15Rik1",-0.274129815231216,7.57090844538515,-4.48953055135103,2.09657104941233e-05,0.000393071341826442,2.57714678046229,"GABAergic","C030005K15Rik1"
"Pld2",-0.274036075899135,7.57085835974297,-4.49042340218122,2.08940134980204e-05,0.000393071341826442,2.58029924063969,"GABAergic","Pld2"
"Nnt1",-0.27397603368707,7.66743857129046,-3.55191489680593,0.000609501484775059,0.00374068684930358,-0.473290747539105,"GABAergic","Nnt1"
"Sema4c1",-0.273794741945882,7.57072961235582,-4.49270865477371,2.07115841319103e-05,0.000393071341826442,2.58836961531023,"GABAergic","Sema4c1"
"Arl101",-0.27376920436653,7.63836874087987,-3.96912737103274,0.000144297610773911,0.00138816538736762,0.821819193482139,"GABAergic","Arl101"
"Necap21",-0.273734312856296,7.63807722195725,-2.92184592352155,0.00439313384777066,0.0159039647172794,-2.25155816803619,"GABAergic","Necap21"
"Mzf11",-0.273698202391302,7.57067819030384,-4.49361738068532,2.0639470654713e-05,0.000393071341826442,2.59157944013893,"GABAergic","Mzf11"
"1810062O18Rik1",-0.273687717667363,7.57067260833568,-4.49371588582166,2.06316682270925e-05,0.000393071341826442,2.59192740490154,"GABAergic","1810062O18Rik1"
"Bmp2",-0.273645307681067,7.5706500351466,-4.49411395701114,2.06001667380748e-05,0.000393071341826442,2.59333361725804,"GABAergic","Bmp2"
"Gm26707",-0.273598174946521,7.57062497455985,-4.49455490093108,2.0565326840836e-05,0.000393071341826442,2.59489134679153,"GABAergic","Gm26707"
"Esam",-0.273598174946521,7.57062497455985,-4.49455490093108,2.0565326840836e-05,0.000393071341826442,2.59489134679153,"GABAergic","Esam"
"D1Ertd622e1",-0.273491917776946,7.75405917918593,-2.67946440553484,0.0087592633338637,0.0279297168482139,-2.77612864593007,"GABAergic","D1Ertd622e1"
"Spg211",-0.273387919621199,7.60160237603213,-2.92444764934414,0.00435976397454031,0.0158200792175571,-2.26538306046302,"GABAergic","Spg211"
"Neurl1b1",-0.273304167338385,7.57046947807406,-4.49726129159653,2.03527351047873e-05,0.000392810952800016,2.60445354594928,"GABAergic","Neurl1b1"
"Aldh21",-0.273256725587826,7.57044442572799,-4.49769528944012,2.03188423038838e-05,0.000392767652634264,2.60598724793483,"GABAergic","Aldh21"
"Cdk2ap21",-0.273185003109268,7.73519030791631,-3.01161921483921,0.00336799106779223,0.0128250288896292,-1.95402557453687,"GABAergic","Cdk2ap21"
"Ppp1r14a1",-0.27309935521191,7.57036140105213,-4.49912949564259,2.02072269267148e-05,0.000392767652634264,2.6110561746264,"GABAergic","Ppp1r14a1"
"Ezh21",-0.27309930174168,7.6404884076405,-2.73573023256707,0.00748972429489626,0.0245474449021621,-2.71785454802905,"GABAergic","Ezh21"
"Tmem1631",-0.27309148890611,7.57035725409311,-4.499200966767,2.02016803232608e-05,0.000392767652634264,2.61130879947006,"GABAergic","Tmem1631"
"Sept61",-0.273071141433108,7.71583145067507,-3.12961145901855,0.00235591185009871,0.0098077376919574,-1.64877486338132,"GABAergic","Sept61"
"Ccdc63",-0.273070633702705,7.61974193026529,-3.684735127875,0.000389495486103006,0.00278932424310314,-0.0877980387091926,"GABAergic","Ccdc63"
"Thoc31",-0.273048365705834,7.6166960899534,-3.33703044174381,0.00122975174698057,0.0059614137421988,-1.12929868658204,"GABAergic","Thoc31"
"Agpat11",-0.273025168858957,7.6781352806239,-2.74251256488407,0.00734859370478077,0.0241835183973295,-2.67836783692673,"GABAergic","Agpat11"
"Nog1",-0.273006253220203,7.6966176511463,-2.74752714840028,0.00724581159828406,0.0239328166605495,-2.65588743865969,"GABAergic","Nog1"
"Serinc51",-0.272969038049688,7.64659172693553,-3.4374575656456,0.000888954374151256,0.00466736419876122,-0.821987426934721,"GABAergic","Serinc51"
"Pik3r5",-0.272933691062534,7.57027412857171,-4.50063025726414,2.00910673919817e-05,0.000392767652634264,2.61636130416804,"GABAergic","Pik3r5"
"Zfp7591",-0.272912793074883,7.66620274555773,-3.69499235321892,0.000376094219725793,0.00272624373060578,-0.0384701815474147,"GABAergic","Zfp7591"
"Fh11",-0.272755122752307,7.76062227623877,-2.49409072694834,0.0144431252929205,0.0419076887737065,-3.21333982844892,"GABAergic","Fh11"
"Snx191",-0.272506062063314,7.75199204063673,-3.31873143331087,0.00130377905808698,0.00627471925847924,-1.09935877663589,"GABAergic","Snx191"
"Gm266921",-0.272482718901641,7.57128691610852,-4.49798520419209,2.02962320258662e-05,0.000392767652634264,2.60731104247426,"GABAergic","Gm266921"
"Parp101",-0.272482718901641,7.57128691610852,-4.49798520419209,2.02962320258662e-05,0.000392767652634264,2.60731104247426,"GABAergic","Parp101"
"Pdzrn31",-0.272468748654148,7.64435118070351,-2.64477767644202,0.00963630272096634,0.0301453281490276,-2.93228768495215,"GABAergic","Pdzrn31"
"Bysl1",-0.272449546540884,7.61266010665859,-4.12717264236466,8.15155142690188e-05,0.000968045485242606,1.33655653842887,"GABAergic","Bysl1"
"Plpp11",-0.272442065163736,7.6186920909634,-3.98506283147455,0.000136306359135692,0.00132840125023932,0.868044881479216,"GABAergic","Plpp11"
"A930024N18Rik1",-0.27240674659827,7.57124460439391,-4.49868509546748,2.02417482325695e-05,0.000392767652634264,2.60978418184855,"GABAergic","A930024N18Rik1"
"Pias31",-0.272384843343366,7.57123241129354,-4.49888650301434,2.0226095691555e-05,0.000392767652634264,2.61049591662809,"GABAergic","Pias31"
"Erf1",-0.272384081880922,7.64098303946138,-2.71803199527034,0.00786971147747894,0.0255416297421452,-2.7606589178271,"GABAergic","Erf1"
"Cby31",-0.272325284422378,7.57119926872882,-4.49943331637354,2.01836587299281e-05,0.000392767652634264,2.61242833795174,"GABAergic","Cby31"
"Mier21",-0.272291657406589,7.57118056459551,-4.49974149791431,2.01597794350509e-05,0.000392767652634264,2.61351749986967,"GABAergic","Mier21"
"Tmem35b1",-0.272278714614365,7.57117336708483,-4.49986000888997,2.01506039518465e-05,0.000392767652634264,2.61393634736846,"GABAergic","Tmem35b1"
"2310022B05Rik1",-0.272266988871717,7.57116684713239,-4.49996732510179,2.01422986890126e-05,0.000392767652634264,2.61431563509018,"GABAergic","2310022B05Rik1"
"Fam151b1",-0.272258017088294,7.57116185896887,-4.50004940392304,2.01359487983873e-05,0.000392767652634264,2.61460572970893,"GABAergic","Fam151b1"
"Asb71",-0.272257922004733,7.6164078183204,-4.1964614104115,6.31974801479179e-05,0.000797033260808598,1.57136474385132,"GABAergic","Asb71"
"1700008J07Rik1",-0.272208412805713,7.57113428738154,-4.50050270025938,2.01009151688069e-05,0.000392767652634264,2.61620788722303,"GABAergic","1700008J07Rik1"
"Nr2c11",-0.272190488290241,7.57112432753785,-4.50066628594783,2.00882867172481e-05,0.000392767652634264,2.61678609633834,"GABAergic","Nr2c11"
"Nnmt",-0.272151159086668,7.57110247993805,-4.50102482199746,2.00606353850439e-05,0.000392767652634264,2.61805341699625,"GABAergic","Nnmt"
"Primpol1",-0.272127969499476,7.57108960176054,-4.50123596920381,2.00443683449005e-05,0.000392767652634264,2.61879978729749,"GABAergic","Primpol1"
"9330179D12Rik1",-0.272119189110088,7.61728324539113,-3.94141040580477,0.00015927658277554,0.00146199881083169,0.725273332809314,"GABAergic","9330179D12Rik1"
"Kcnj111",-0.272118754410871,7.61476837709951,-4.32316022611217,3.94282585168571e-05,0.000581812946723183,2.00456116412616,"GABAergic","Kcnj111"
"Ift1721",-0.272062158448218,7.64264182129155,-3.55106933239433,0.000611220965062439,0.00374395467740616,-0.486316911158098,"GABAergic","Ift1721"
"Pstpip21",-0.271960993026187,7.57099695500127,-4.50275072404453,1.99280435398886e-05,0.000392767652634264,2.62415476519179,"GABAergic","Pstpip21"
"Mocs31",-0.271893619983672,7.57095961405372,-4.50335911416688,1.98815066996792e-05,0.000392767652634264,2.62630583409236,"GABAergic","Mocs31"
"Samd151",-0.271886012600171,7.57095539920077,-4.50342770892439,1.98762663683615e-05,0.000392767652634264,2.62654837286125,"GABAergic","Samd151"
"Sema6c1",-0.271779199925484,7.64574555436942,-2.52557491514249,0.0132898471951657,0.039175060259384,-3.21153209892825,"GABAergic","Sema6c1"
"H2-T221",-0.271772546978865,7.61458823253541,-4.22946946044106,5.59321330988149e-05,0.000736855384030035,1.68296841391464,"GABAergic","H2-T221"
"Serf11",-0.271429815083168,7.57070318935653,-4.50750345396456,1.9567286125745e-05,0.000391661323904025,2.64096312872459,"GABAergic","Serf11"
"Polrmt1",-0.271326857630529,7.61297940849012,-4.17304053717153,6.88946571255077e-05,0.000853276142642266,1.49101872272382,"GABAergic","Polrmt1"
"Wdr731",-0.271269785224609,7.64736830764446,-2.47705378614716,0.0151039153539801,0.0434592138981898,-3.32004318492112,"GABAergic","Wdr731"
"Kdm1b1",-0.27119110543049,7.61962999707801,-4.31827653645822,4.01578414401126e-05,0.000589773742333488,1.98892160759669,"GABAergic","Kdm1b1"
"Cand21",-0.271143614766908,7.57054588157076,-4.51000561562423,1.93799073404389e-05,0.000389166100477098,2.64981569293756,"GABAergic","Cand21"
"Vstm2l1",-0.271100953587931,7.69903191981194,-3.35359721204864,0.00116615280960063,0.00571562257786088,-1.04224468503913,"GABAergic","Vstm2l1"
"A430033K04Rik1",-0.271072769041832,7.74275963554341,-2.56855137197872,0.0118492450364255,0.0356659895750092,-3.0563513204005,"GABAergic","A430033K04Rik1"
"Gucd11",-0.270951815130121,7.64172214936118,-3.48732916522817,0.000754896345007363,0.00423967633949376,-0.677027052905852,"GABAergic","Gucd11"
"Col6a41",-0.270945336489087,7.57069435299893,-4.51060274870162,1.93354473761826e-05,0.000389166100477098,2.65199314272559,"GABAergic","Col6a41"
"Gm11713",-0.270945336489087,7.57069435299893,-4.51060274870162,1.93354473761826e-05,0.000389166100477098,2.65199314272559,"GABAergic","Gm11713"
"1700027A07Rik",-0.270945336489087,7.57069435299893,-4.51060274870162,1.93354473761826e-05,0.000389166100477098,2.65199314272559,"GABAergic","1700027A07Rik"
"Ndst21",-0.270929986067545,7.58878553369942,-4.09808538015161,9.06400967483638e-05,0.00103959667342624,1.23123579149008,"GABAergic","Ndst21"
"Gm458711",-0.270830009912302,7.66579707746632,-3.70102852406285,0.000368413850209723,0.00269100405008985,-0.0198990777365884,"GABAergic","Gm458711"
"Bloc1s6os1",-0.270829141508923,7.57062982463833,-4.5116135960123,1.92604089871602e-05,0.000389166100477098,2.65557044681615,"GABAergic","Bloc1s6os1"
"Pdik1l1",-0.270732126625068,7.73242549442692,-2.90248572507211,0.00464893638653785,0.0166119494837128,-2.21797135113715,"GABAergic","Pdik1l1"
"Chrac11",-0.270652373863218,7.6418571709729,-2.76093027843298,0.00697749728366373,0.0232583242788791,-2.65548139809288,"GABAergic","Chrac11"
"1700048O20Rik1",-0.270625204983147,7.57051724385754,-4.51335349076224,1.9131910848311e-05,0.000387952636646306,2.66172824410571,"GABAergic","1700048O20Rik1"
"Nxpe2",-0.270531313993049,7.57021143478234,-4.51522753479055,1.89944337147411e-05,0.000385795290343596,2.66829836354344,"GABAergic","Nxpe2"
"Col26a11",-0.270452046894065,7.66483520519565,-3.63194442264361,0.000465949945814979,0.00317891084527976,-0.232824209701925,"GABAergic","Col26a11"
"Fancg1",-0.270349194963673,7.57036521869167,-4.51568374490424,1.89611118371879e-05,0.000385749832622135,2.66997737779452,"GABAergic","Fancg1"
"Ccna21",-0.270344569208769,7.57036267412109,-4.51572256023556,1.8958279354553e-05,0.000385749832622135,2.67011480348103,"GABAergic","Ccna21"
"Gm126891",-0.270344569208769,7.57036267412109,-4.51572256023556,1.8958279354553e-05,0.000385749832622135,2.67011480348103,"GABAergic","Gm126891"
"Hist1h2bb",-0.270344569208769,7.57036267412109,-4.51572256023556,1.8958279354553e-05,0.000385749832622135,2.67011480348103,"GABAergic","Hist1h2bb"
"Afg1l1",-0.270262371296022,7.57031747602649,-4.51641097992707,1.89081111112481e-05,0.000385749832622135,2.67255225556348,"GABAergic","Afg1l1"
"Cln51",-0.270064003222624,7.73083893904809,-3.18032690092054,0.00201479550285022,0.00868180978832336,-1.50553073932377,"GABAergic","Cln51"
"Map3k91",-0.269935429232815,7.6242785295363,-2.50698659578779,0.0139603098295047,0.0408025070617412,-3.26470790984128,"GABAergic","Map3k91"
"Btbd171",-0.269930421253294,7.56989107071849,-4.51997791915683,1.86502235837626e-05,0.000385749832622135,2.68511460039998,"GABAergic","Btbd171"
"Snapc21",-0.269806721811062,7.57006977951892,-4.52009348496119,1.86419254630698e-05,0.000385749832622135,2.68559132166164,"GABAergic","Snapc21"
"Grb101",-0.269778830218834,7.7472186607293,-2.58880998727724,0.0112202868519257,0.0341451103071108,-3.00641412998853,"GABAergic","Grb101"
"Fabp71",-0.269763070468962,7.57004639294339,-4.52043085298393,1.86177214366748e-05,0.000385749832622135,2.68678579460776,"GABAergic","Fabp71"
"Hddc21",-0.269743657687072,7.58406965496096,-5.04625101385309,2.31005752937002e-06,0.000323654057613785,4.62624897307897,"GABAergic","Hddc21"
"A830031A19Rik",-0.269693495992545,7.57000913677368,-4.52096714174734,1.85793087182642e-05,0.000385749832622135,2.68868464701407,"GABAergic","A830031A19Rik"
"Aqp41",-0.269571697731574,7.56970110610552,-4.52273299097797,1.84533679304118e-05,0.000385749832622135,2.69487085126646,"GABAergic","Aqp41"
"Lyrm11",-0.269523495946581,7.61232155187483,-4.13076032906509,8.04531925485664e-05,0.000957848912322945,1.34846793678494,"GABAergic","Lyrm11"
"Klhl401",-0.269481350473393,7.64513080444632,-2.68930726328648,0.0085239503268775,0.0273056849655523,-2.82824246126701,"GABAergic","Klhl401"
"Tmem21",-0.269473692155761,7.60922110892999,-4.2162589367762,5.87377859668165e-05,0.00076163667603859,1.6362711973807,"GABAergic","Tmem21"
"Mdc11",-0.269423914336056,7.56986499877411,-4.52302844685616,1.84323768298251e-05,0.000385749832622135,2.6959841630064,"GABAergic","Mdc11"
"Uros1",-0.269417218199719,7.64346808375889,-2.63789463292059,0.00981952547722614,0.0305740463675719,-2.95174665481556,"GABAergic","Uros1"
"Pgls1",-0.269361377954426,7.73229570711672,-3.16136993818398,0.00213651812989162,0.00909577701267752,-1.55421662425804,"GABAergic","Pgls1"
"Grik41",-0.269346368871973,7.57634187369438,-4.53825393088264,1.73814035773743e-05,0.000381969836071009,2.75235241731881,"GABAergic","Grik41"
"Tmem200a1",-0.269242259297842,7.62094015495202,-2.45348364053064,0.0160627100198414,0.0457932991836047,-3.38946698253342,"GABAergic","Tmem200a1"
"Kcng11",-0.269234420577993,7.56976388939098,-4.52446145210492,1.83308944260327e-05,0.00038491776620485,2.70105965682094,"GABAergic","Kcng11"
"Mon1b1",-0.268984939353755,7.56963103233814,-4.52632793925358,1.81995247302122e-05,0.000382806952376159,2.70767159151407,"GABAergic","Mon1b1"
"Adamts21",-0.268984939353755,7.56963103233814,-4.52632793925358,1.81995247302122e-05,0.000382806952376159,2.70767159151407,"GABAergic","Adamts21"
"Sf3a31",-0.268624897371161,7.65917921400172,-2.62254632834948,0.010239502167653,0.0315707383603911,-2.97712855424399,"GABAergic","Sf3a31"
"Rmnd5a1",-0.268607575041285,7.74852160962298,-2.77577815927131,0.00669087475099044,0.0224415555837274,-2.55290444326165,"GABAergic","Rmnd5a1"
"Cadps21",-0.268592145448453,7.64841727009004,-3.5605123831658,0.000592276117500153,0.00368923350628228,-0.455637384216213,"GABAergic","Cadps21"
"Gm135891",-0.268458046878026,7.57015095625856,-4.5280434740857,1.8079583945008e-05,0.000381969836071009,2.7139813290541,"GABAergic","Gm135891"
"Lama41",-0.268458046878026,7.57015095625856,-4.5280434740857,1.8079583945008e-05,0.000381969836071009,2.7139813290541,"GABAergic","Lama41"
"2810404M03Rik",-0.268458046878026,7.57015095625856,-4.5280434740857,1.8079583945008e-05,0.000381969836071009,2.7139813290541,"GABAergic","2810404M03Rik"
"Hgs",-0.268458046878026,7.57015095625856,-4.5280434740857,1.8079583945008e-05,0.000381969836071009,2.7139813290541,"GABAergic","Hgs"
"Ttll8",-0.268458046878026,7.57015095625856,-4.5280434740857,1.8079583945008e-05,0.000381969836071009,2.7139813290541,"GABAergic","Ttll8"
"Borcs61",-0.268424978891937,7.64262198166022,-2.81347378711133,0.0060108779612641,0.0205269662903928,-2.52475397429327,"GABAergic","Borcs61"
"Gmnn1",-0.268421384886464,7.61503914424154,-3.29868373818263,0.00138966960076981,0.00662281096219407,-1.23991545195213,"GABAergic","Gmnn1"
"Fxyd61",-0.268373041848641,7.67810789863171,-2.58387373193973,0.0113706989284012,0.0345229768027337,-3.02593531810798,"GABAergic","Fxyd61"
"Fbn21",-0.268241934943425,7.5700322939759,-4.52962098406902,1.79699688974714e-05,0.000381969836071009,2.71957026820464,"GABAergic","Fbn21"
"Cbfa2t31",-0.268232988826426,7.60693938954665,-4.41617697910599,2.77440056929455e-05,0.000465471852995235,2.3265045266265,"GABAergic","Cbfa2t31"
"Crhr21",-0.268209513508603,7.57001451209221,-4.52985611516804,1.79536857616293e-05,0.000381969836071009,2.72040338259285,"GABAergic","Crhr21"
"Acot61",-0.268173258372921,7.56999463374378,-4.53011857594347,1.79355268859256e-05,0.000381969836071009,2.72133335295228,"GABAergic","Acot61"
"Zkscan71",-0.268131817978101,7.58410838384286,-5.08383655570676,1.98106316767414e-06,0.000323654057613785,4.76915775205188,"GABAergic","Zkscan71"
"Fbxo301",-0.268087407252574,7.56994758833098,-4.53073807913986,1.78927358222915e-05,0.000381969836071009,2.72352851265317,"GABAergic","Fbxo301"
"Gm82811",-0.268030552896161,7.56991645286068,-4.53114679390079,1.78645587369276e-05,0.000381969836071009,2.72497682953112,"GABAergic","Gm82811"
"Zfp531",-0.268008653169803,7.56990446404831,-4.53130389738799,1.7853739348438e-05,0.000381969836071009,2.72553355413583,"GABAergic","Zfp531"
"Ccng21",-0.267992891144681,7.70026964164989,-3.58867691822044,0.000539017690872627,0.00353211683515769,-0.345524195722665,"GABAergic","Ccng21"
"Etaa1os1",-0.267971670216412,7.56988422342737,-4.53156878820485,1.78355112402268e-05,0.000381969836071009,2.726472260798,"GABAergic","Etaa1os1"
"Kcnn11",-0.26794694317527,7.58394099534988,-5.08233378624906,1.99329154471449e-06,0.000323654057613785,4.76342664577319,"GABAergic","Kcnn11"
"Dars21",-0.267894706655714,7.6395941580497,-3.66189879227353,0.000420978892701028,0.00297175657475526,-0.150967529911836,"GABAergic","Dars21"
"Zw101",-0.267851098983581,7.61027694900645,-4.68237725539654,9.91810347091408e-06,0.000323654057613785,3.27703764224658,"GABAergic","Zw101"
"Armc61",-0.267848429061752,7.56981682267983,-4.53244772512933,1.77751573918901e-05,0.000381969836071009,2.7295871552594,"GABAergic","Armc61"
"Wnt21",-0.26784755440437,7.56981634459564,-4.53245394224813,1.77747311870738e-05,0.000381969836071009,2.72960918920103,"GABAergic","Wnt21"
"Trp53i13",-0.267813038494519,7.56979748134088,-4.53269904910114,1.77579361557992e-05,0.000381969836071009,2.7304778763408,"GABAergic","Trp53i13"
"Ovol21",-0.267790319549801,7.57994003294329,-4.97110804956521,3.13531901814069e-06,0.000323654057613785,4.34192572197925,"GABAergic","Ovol21"
"Ftl1-ps11",-0.267761283660812,7.61386365743501,-3.91828075408562,0.000172904213127716,0.00153706395767547,0.648872568268747,"GABAergic","Ftl1-ps11"
"Sccpdh1",-0.267685934245764,7.73903898547344,-3.30076330310529,0.0013805194918609,0.0065867923467873,-1.15615125492737,"GABAergic","Sccpdh1"
"Ints121",-0.267669422162768,7.56971905650606,-4.53371399253731,1.76885543801597e-05,0.000381969836071009,2.73407515610633,"GABAergic","Ints121"
"Cdc14a",-0.267637037638526,7.5697013861945,-4.53394175865891,1.76730203405015e-05,0.000381969836071009,2.73488247551337,"GABAergic","Cdc14a"
"F81",-0.267612435294558,7.56968796558656,-4.53411452110303,1.76612464578977e-05,0.000381969836071009,2.73549484457304,"GABAergic","F81"
"Tut11",-0.267567863960712,7.62172692552007,-3.85472553305705,0.000216327348590499,0.00179891604494604,0.447770469275108,"GABAergic","Tut11"
"C230035I16Rik",-0.267441901671289,7.64215851532586,-2.79585255452522,0.00632046057327594,0.0214097981988632,-2.56893279458574,"GABAergic","C230035I16Rik"
"Vmn1r209",-0.267427685327688,7.57752170599112,-4.58161701266139,1.46964168763356e-05,0.000339632278278072,2.90798923947859,"GABAergic","Vmn1r209"
"Asnsd11",-0.26737244450893,7.6725350387347,-2.80428082100468,0.00617061051840357,0.0209858253037512,-2.52947139565181,"GABAergic","Asnsd11"
"Ltbp31",-0.267355129740647,7.62139065684535,-3.83604235389921,0.000230956328531884,0.00184794844428155,0.387928658375895,"GABAergic","Ltbp31"
"Elp31",-0.267248173952108,7.64007652071604,-2.75749763017675,0.00704533670841506,0.0234304507748227,-2.66496527104076,"GABAergic","Elp31"
"Gdpd2",-0.267199862091028,7.56946334614191,-4.53697680164798,1.74672819932503e-05,0.000381969836071009,2.74564172974579,"GABAergic","Gdpd2"
"Dusp221",-0.267164162454065,7.58323449263643,-5.07578858762304,2.04741635794922e-06,0.000323654057613785,4.73847394817359,"GABAergic","Dusp221"
"Carm11",-0.26715425941635,7.5694385691893,-4.53728911964855,1.74462428104434e-05,0.000381969836071009,2.74674905567234,"GABAergic","Carm11"
"Dpf21",-0.267078095992141,7.71090598483566,-2.42640597405079,0.0172310273190079,0.0484451855525347,-3.3933590406188,"GABAergic","Dpf21"
"Aacs1",-0.26705768240542,7.6170313247617,-4.11506785059895,8.52001153054552e-05,0.00099748436881198,1.29752418893889,"GABAergic","Aacs1"
"Cramp1l1",-0.266934251693812,7.68748496074078,-3.39753565351231,0.00101211647797758,0.00513086825641414,-0.921261534202686,"GABAergic","Cramp1l1"
"Zbtb23",-0.266904673445287,7.56930314158608,-4.53898407238466,1.73324903109928e-05,0.000381969836071009,2.75275901247275,"GABAergic","Zbtb23"
"Gatad11",-0.266868624566777,7.67689147637945,-2.90853117515046,0.00456762332010786,0.0163969353203756,-2.25490518910336,"GABAergic","Gatad11"
"Nkiras21",-0.26651899994818,7.62043862096457,-2.51828556010395,0.0135492402435305,0.039797886727151,-3.24382117228735,"GABAergic","Nkiras21"
"Ctsc1",-0.266481297905006,7.56831378881543,-4.54375996943373,1.70158183157118e-05,0.000379113654035878,2.76947909113332,"GABAergic","Ctsc1"
"Ctso1",-0.266419929448432,7.61422902150439,-3.3517273839678,0.00117317314369627,0.005725158754727,-1.08849221327442,"GABAergic","Ctso1"
"Efcab111",-0.266410323451505,7.57412917766616,-4.55952202468461,1.6009969037108e-05,0.000363889589286649,2.8278089836755,"GABAergic","Efcab111"
"Ccdc1261",-0.266346642632756,7.68445585513916,-3.93163921544684,0.000164903365838657,0.00148943966769118,0.716749425112106,"GABAergic","Ccdc1261"
"1700096K18Rik1",-0.266329780113997,7.62138904801608,-2.51268679479762,0.0137515513184135,0.0403191031609372,-3.25591411953156,"GABAergic","1700096K18Rik1"
"Tcap1",-0.266288587450031,7.57404915239091,-4.56038917792939,1.59563369609455e-05,0.000363336039789604,2.83089293402185,"GABAergic","Tcap1"
"Ntpcr1",-0.266129932968753,7.59994009484668,-4.32746433127576,3.87958755712401e-05,0.000574273485898828,2.01502222544236,"GABAergic","Ntpcr1"
"Taf4b1",-0.26610295227102,7.57417491602621,-4.56362895270071,1.5757497819734e-05,0.000359467919012681,2.84254067445481,"GABAergic","Taf4b1"
"Cited41",-0.266008806139649,7.56881949387826,-4.54486584306089,1.69432950010261e-05,0.000378260718930971,2.77362053493063,"GABAergic","Cited41"
"P2rx71",-0.265993041216062,7.59847066678828,-3.60786124577829,0.000505372972650784,0.00337913717165745,-0.33465392368934,"GABAergic","P2rx71"
"Gm284241",-0.265945709837257,7.57483495274444,-4.57262922790773,1.52176292240458e-05,0.000348433170978613,2.8750096671662,"GABAergic","Gm284241"
"Nagk1",-0.265761536556259,7.79977075518614,-2.41933861021233,0.0175481743106117,0.049147561091106,-3.31258922022148,"GABAergic","Nagk1"
"Tle21",-0.265445333761172,7.77410042507428,-2.57289295101672,0.0117118385667885,0.0353462832232115,-2.98604336558985,"GABAergic","Tle21"
"Cers51",-0.265262178823382,7.69983459629588,-2.46972348422321,0.0153964616750835,0.0442189514898834,-3.30216022840325,"GABAergic","Cers51"
"Gm488551",-0.265141945869817,7.59916879851737,-3.59736416150072,0.000523527627657693,0.00346875486344472,-0.366438338919558,"GABAergic","Gm488551"
"Ccdc1491",-0.264874889615631,7.64371372009049,-3.11951972671812,0.00242990494600412,0.0099917562557691,-1.722510539949,"GABAergic","Ccdc1491"
"Hspb111",-0.264500454178267,7.59029784877153,-3.95637608525168,0.000151013157002166,0.00142840951097323,0.762938875951617,"GABAergic","Hspb111"
"Hist1h2be1",-0.264431147665102,7.6175682307208,-3.22450034792589,0.00175581026860116,0.00783798756594976,-1.44818578044595,"GABAergic","Hist1h2be1"
"Gm426881",-0.264425498451445,7.61220599650572,-3.98271488613352,0.000137456583620805,0.00133397286733208,0.857749195369392,"GABAergic","Gm426881"
"Cux21",-0.264403964250851,7.64886715765245,-2.57655445510094,0.0115970744620479,0.0350681515774888,-3.08972279893278,"GABAergic","Cux21"
"Tmem1691",-0.264331554127013,7.61484516289047,-4.285193475576,4.5454344479144e-05,0.000632386115455355,1.87380657482214,"GABAergic","Tmem1691"
"Fam214b1",-0.264320570033696,7.73669382839248,-2.77587254050467,0.00668908774634585,0.0224415555837274,-2.52929958823629,"GABAergic","Fam214b1"
"Rnf381",-0.264302610187398,7.61678237516027,-3.96030923386974,0.000148910475043576,0.00141824942079108,0.78608365891185,"GABAergic","Rnf381"
"Hes71",-0.264276193047054,7.59310984247015,-3.84173614586754,0.000226400941867427,0.00183756421751129,0.393707101647846,"GABAergic","Hes71"
"Ace1",-0.264119191042926,7.59325159197402,-3.83717113007589,0.00023004634463872,0.00184794844428155,0.379153591488232,"GABAergic","Ace1"
"Btbd21",-0.264106244636726,7.6371100814316,-3.40285437908586,0.000994827123105356,0.00507222867614522,-0.927310390799909,"GABAergic","Btbd21"
"Rasal11",-0.263996843349713,7.59235724052417,-3.87646184986772,0.000200420458063663,0.00172072111939483,0.505037641777379,"GABAergic","Rasal11"
"Eif1ad1",-0.263924775239181,7.63890309640394,-3.66312539190541,0.000419228173786662,0.00296276858581576,-0.146979240961795,"GABAergic","Eif1ad1"
"Cnih31",-0.263439029981324,7.59300056208185,-3.86990369997779,0.000205098173696687,0.00174572588173929,0.484067618862928,"GABAergic","Cnih31"
"Mtr1",-0.263334968678413,7.71059845282958,-2.41338188763275,0.0178195105045155,0.0497279346438133,-3.42202357827364,"GABAergic","Mtr1"
"Spsb31",-0.263188023372173,7.71047466876516,-2.41155645273856,0.0179034062057777,0.0499059458701036,-3.42607900137563,"GABAergic","Spsb31"
"Card191",-0.26312034520514,7.63959876587407,-2.72447428739713,0.0077294065034352,0.025169754580853,-2.74615025109789,"GABAergic","Card191"
"Utp181",-0.262975482863693,7.71556136339836,-3.10759962907861,0.00252008722912819,0.0102170148688274,-1.70995965323232,"GABAergic","Utp181"
"Sema3a1",-0.262933683421094,7.66912233995908,-2.84409767174167,0.00550570538982375,0.0190907526928507,-2.41209249223,"GABAergic","Sema3a1"
"Endog1",-0.262704731437928,7.61396163263544,-4.39016899171038,3.06219837122175e-05,0.000477430041057556,2.23702441184516,"GABAergic","Endog1"
"Arhgap27os21",-0.262674658163025,7.59397615424466,-3.84036759021792,0.000227487979572613,0.00184205445490654,0.389679902017767,"GABAergic","Arhgap27os21"
"Mmachc1",-0.262668145250077,7.57401638944311,-4.60990590503614,1.3166394366096e-05,0.000323654057613785,3.00890179574119,"GABAergic","Mmachc1"
"Plcd31",-0.26257672133343,7.61721994416806,-4.20916961588168,6.02987819300331e-05,0.000772247558051301,1.61473455293611,"GABAergic","Plcd31"
"Gm157061",-0.262550966525294,7.64055456603184,-3.63508692177066,0.000461026323972784,0.00315747057422861,-0.232342968990657,"GABAergic","Gm157061"
"Arid5a1",-0.262440157304308,7.59706900390647,-2.96787152079266,0.00383620117502195,0.0142664838423801,-2.15566939522707,"GABAergic","Arid5a1"
"Rbm47",-0.262337847957894,7.57389871582496,-4.61307507649457,1.30049332194152e-05,0.000323654057613785,3.02030326080956,"GABAergic","Rbm47"
"Efcab121",-0.262316755702559,7.5970640393051,-2.96679982413196,0.00384839148063067,0.014289346362595,-2.15849218852435,"GABAergic","Efcab121"
"Gm295141",-0.262268296836459,7.61131630552326,-4.22104551371369,5.77059083336562e-05,0.000752237733635161,1.65313292554489,"GABAergic","Gm295141"
"Cerkl1",-0.262233132158157,7.5867992585765,-4.01873972799895,0.00012078949124907,0.00121869722471623,0.966597407130827,"GABAergic","Cerkl1"
"Cdhr11",-0.262184180533648,7.57379165091522,-4.61379141837176,1.29687043924671e-05,0.000323654057613785,3.0228593772383,"GABAergic","Cdhr11"
"Lama2",-0.262183703970115,7.57379131904282,-4.61379362081545,1.29685931554476e-05,0.000323654057613785,3.02286723581069,"GABAergic","Lama2"
"Zfp4931",-0.262025942050311,7.61730897606451,-3.8759729311328,0.000200765643395856,0.00172110966164906,0.514088047467006,"GABAergic","Zfp4931"
"Ccnb1ip11",-0.262023572180058,7.58909777913852,-4.00901415111496,0.000125087596593761,0.00124886329342605,0.93568709340181,"GABAergic","Ccnb1ip11"
"Wwc11",-0.26202140422754,7.61616219456332,-3.70502172778314,0.00036341510839768,0.00266232673861582,-0.0265743223853638,"GABAergic","Wwc11"
"Ccdc1411",-0.261907314293719,7.62316051872345,-2.44233245403425,0.0165349951874761,0.0468598516274442,-3.41299562653752,"GABAergic","Ccdc1411"
"Adck51",-0.261878241325227,7.61227140498355,-3.94150541640573,0.000159222782815331,0.00146199881083169,0.723309536404115,"GABAergic","Adck51"
"Mtg21",-0.261611115300344,7.66199338821042,-3.62212138297539,0.000481664101921126,0.00325569254076316,-0.264176506557904,"GABAergic","Mtg21"
"Msl3l21",-0.261609305092908,7.61258260510309,-4.38963829759104,3.06836114924116e-05,0.00047777116514533,2.23488960600824,"GABAergic","Msl3l21"
"Xrcc51",-0.261482170770389,7.59403522694702,-3.8093915829167,0.00025346605259122,0.00197786674245702,0.290963227305588,"GABAergic","Xrcc51"
"Ddx511",-0.261331496268713,7.59388283465754,-3.81273170145706,0.00025053437337602,0.00196159720731635,0.301509291468125,"GABAergic","Ddx511"
"A330008L17Rik1",-0.261229908511634,7.6174247208903,-3.84880979627944,0.000220860927729923,0.00182360885770349,0.427166078137916,"GABAergic","A330008L17Rik1"
"Tnfrsf191",-0.261119661510357,7.59354423702896,-3.81325619081554,0.000250076967033305,0.00196048967838491,0.303065202798635,"GABAergic","Tnfrsf191"
"St6gal21",-0.261097987267629,7.66147056206484,-3.50543720415096,0.000711127869034752,0.00409707374870997,-0.615868855964456,"GABAergic","St6gal21"
"5330429C05Rik",-0.261007004993848,7.57346926679548,-4.6268808757962,1.23236873979757e-05,0.000323654057613785,3.07005092993672,"GABAergic","5330429C05Rik"
"Gm200631",-0.260969591185222,7.61034431141493,-4.23487031305039,5.48226565308357e-05,0.000724546504310619,1.69990427312667,"GABAergic","Gm200631"
"Herpud11",-0.260927873166804,7.8118559194498,-2.53557872124645,0.0129411254905177,0.0383515830917642,-3.05927998315199,"GABAergic","Herpud11"
"Tom11",-0.260907436753941,7.61662146737256,-4.17642576275125,6.80416760842411e-05,0.000846089378963359,1.50358207664722,"GABAergic","Tom11"
"Nkrf1",-0.260851555889753,7.69313789322859,-2.64846397883552,0.00953945461671648,0.0299102152080474,-2.8958410422054,"GABAergic","Nkrf1"
"Fam50a1",-0.260683118629834,7.7458194768409,-3.12765997279472,0.0023700546258364,0.00984349996875158,-1.63075226858154,"GABAergic","Fam50a1"
"Mipol11",-0.260600147600648,7.62119521946305,-3.52356326440509,0.000669724032445985,0.00399424029870447,-0.577924569431757,"GABAergic","Mipol11"
"Sidt21",-0.260476141791418,7.61975581677574,-2.57676064626028,0.0115906419949419,0.0350572427875283,-3.10971254080509,"GABAergic","Sidt21"
"P3h41",-0.26045392256693,7.61614141888157,-4.16821519061092,7.01283052362518e-05,0.000865605084200018,1.47579169878676,"GABAergic","P3h41"
"Sh3bp5l1",-0.260303907290484,7.6595763103026,-3.68512899123578,0.000388972626512897,0.00278864835067883,-0.0721496567520541,"GABAergic","Sh3bp5l1"
"Tm7sf31",-0.260121024297747,7.61609839509913,-4.14636605027685,7.59851083891354e-05,0.000918184221138433,1.40215013540742,"GABAergic","Tm7sf31"
"Tmem63c1",-0.260044457726495,7.78258063178986,-2.54040957277709,0.012775691980355,0.0379116062831674,-3.07904143251163,"GABAergic","Tmem63c1"
"Zfp1741",-0.259984111217077,7.61782747301545,-4.13716011741593,7.85911437538595e-05,0.000941812947806501,1.37178417831296,"GABAergic","Zfp1741"
"Ahsa21",-0.259895388770561,7.76370288704869,-2.70892010635546,0.00807211820527217,0.0261076327671169,-2.67775081498128,"GABAergic","Ahsa21"
"Cyp2s11",-0.259859294654115,7.56996077710345,-4.59498887363811,1.39528542162268e-05,0.000323654057613785,2.95394658296385,"GABAergic","Cyp2s11"
"Trim171",-0.259859294654115,7.56996077710345,-4.59498887363811,1.39528542162268e-05,0.000323654057613785,2.95394658296385,"GABAergic","Trim171"
"Mroh71",-0.25983527596332,7.57082128139967,-4.60441275522676,1.34508722867217e-05,0.000323654057613785,2.98817537129167,"GABAergic","Mroh71"
"Tex45",-0.25983527596332,7.57082128139967,-4.60441275522676,1.34508722867217e-05,0.000323654057613785,2.98817537129167,"GABAergic","Tex45"
"Gm160521",-0.259825150012335,7.59549494810843,-3.74437385513609,0.000317483089881486,0.00238458804201799,0.0861624302013952,"GABAergic","Gm160521"
"Gm13307",-0.259766006745643,7.56990440689517,-4.59529461455389,1.39362869339715e-05,0.000323654057613785,2.95502920948273,"GABAergic","Gm13307"
"Dok41",-0.259738345286315,7.56988769877206,-4.59538446467448,1.39314218232011e-05,0.000323654057613785,2.9553473270367,"GABAergic","Dok41"
"Gm99471",-0.259735159790063,7.57008460023391,-4.59740348811518,1.3822531047053e-05,0.000323654057613785,2.9626846517358,"GABAergic","Gm99471"
"Slc12a1",-0.259735159790063,7.57008460023391,-4.59740348811518,1.3822531047053e-05,0.000323654057613785,2.9626846517358,"GABAergic","Slc12a1"
"Crygn",-0.259735159790063,7.57008460023391,-4.59740348811518,1.3822531047053e-05,0.000323654057613785,2.9626846517358,"GABAergic","Crygn"
"Gm446861",-0.259735159790063,7.57008460023391,-4.59740348811518,1.3822531047053e-05,0.000323654057613785,2.9626846517358,"GABAergic","Gm446861"
"Plpp2",-0.259735159790063,7.57008460023391,-4.59740348811518,1.3822531047053e-05,0.000323654057613785,2.9626846517358,"GABAergic","Plpp2"
"Gm2721",-0.259735159790063,7.57008460023391,-4.59740348811518,1.3822531047053e-05,0.000323654057613785,2.9626846517358,"GABAergic","Gm2721"
"Insl6",-0.259735159790063,7.57008460023391,-4.59740348811518,1.3822531047053e-05,0.000323654057613785,2.9626846517358,"GABAergic","Insl6"
"Rln1",-0.259735159790063,7.57008460023391,-4.59740348811518,1.3822531047053e-05,0.000323654057613785,2.9626846517358,"GABAergic","Rln1"
"Klhl361",-0.259720935381699,7.57074806523427,-4.60481829286307,1.34296682367329e-05,0.000323654057613785,2.98961541299756,"GABAergic","Klhl361"
"Patj1",-0.259710138321221,7.56987066426089,-4.59547570616914,1.3926483058769e-05,0.000323654057613785,2.95567035113762,"GABAergic","Patj1"
"Lipt11",-0.259704013172255,7.57073723376068,-4.60487774198511,1.34265625890829e-05,0.000323654057613785,2.989826488515,"GABAergic","Lipt11"
"Ralgds1",-0.259699626370975,7.59443039504102,-3.73148311895896,0.000331883895256774,0.00247963825414604,0.0451531194612551,"GABAergic","Ralgds1"
"Gm17151",-0.259694642572548,7.56986130753533,-4.59552566691038,1.39237794784502e-05,0.000323654057613785,2.95584721964616,"GABAergic","Gm17151"
"Ugp21",-0.259643685094364,7.74846715123542,-2.90680650184876,0.00459068615718501,0.0164559258263044,-2.20432908071694,"GABAergic","Ugp21"
"Hibch1",-0.259605224143077,7.57067402400619,-4.60522186044917,1.3408599370169e-05,0.000323654057613785,2.99104815775108,"GABAergic","Hibch1"
"Rps6ka11",-0.259603346169921,7.56980619966724,-4.59581766411362,1.39079884884643e-05,0.000323654057613785,2.95688080989717,"GABAergic","Rps6ka11"
"1700066B19Rik1",-0.259602416057541,7.57000369915663,-4.59782390741365,1.37999608522026e-05,0.000323654057613785,2.96417288768988,"GABAergic","1700066B19Rik1"
"C730034F03Rik1",-0.259601306650552,7.56980496895784,-4.59582414115444,1.39076384118574e-05,0.000323654057613785,2.95690373440729,"GABAergic","C730034F03Rik1"
"Zfp5951",-0.25959958186475,7.57067041498055,-4.60524136316185,1.3407582013313e-05,0.000323654057613785,2.99111738826182,"GABAergic","Zfp5951"
"Gm102441",-0.259590049512155,7.56999616593617,-4.59786263817178,1.37978833912081e-05,0.000323654057613785,2.9643099665418,"GABAergic","Gm102441"
"Prtg1",-0.259584866196516,7.57066100284471,-4.60529215130114,1.34049330068628e-05,0.000323654057613785,2.99129767188427,"GABAergic","Prtg1"
"Bcdin3d1",-0.259546228836881,7.56977173948214,-4.59599829407363,1.38982288490974e-05,0.000323654057613785,2.95752008152442,"GABAergic","Bcdin3d1"
"Hspbp11",-0.259541503052009,7.7868915770395,-2.60172754751619,0.0108351415835966,0.0331519001608565,-2.94986203799108,"GABAergic","Hspbp11"
"Ctnna31",-0.259528427463223,7.56995863732797,-4.59805452339655,1.37875954210157e-05,0.000323654057613785,2.96498904030371,"GABAergic","Ctnna31"
"Ifitm71",-0.259512163043286,7.56994873463312,-4.59810486106548,1.3784897787027e-05,0.000323654057613785,2.96516716608316,"GABAergic","Ifitm71"
"Gm97251",-0.259508403933022,7.59368289734099,-3.8780253273542,0.000199320415303999,0.00171418319745158,0.510510076338035,"GABAergic","Gm97251"
"Cchcr11",-0.259489844652078,7.56993514766705,-4.59817372590947,1.37812080965108e-05,0.000323654057613785,2.96541084070515,"GABAergic","Cchcr11"
"Zfp8691",-0.259484950333925,7.61539214285791,-4.25255452448618,5.13362260001556e-05,0.00068948329508867,1.76198802495156,"GABAergic","Zfp8691"
"Rhoq1",-0.259459345566329,7.57058099481273,-4.60571316920498,1.33829930977435e-05,0.000323654057613785,2.99279151046314,"GABAergic","Rhoq1"
"Haus81",-0.259452824547374,7.56991261501255,-4.59828741894052,1.37751186640906e-05,0.000323654057613785,2.96581310735037,"GABAergic","Haus81"
"Rnf171",-0.259440560916494,7.56990515184317,-4.59832493474886,1.37731098787691e-05,0.000323654057613785,2.96594583675374,"GABAergic","Rnf171"
"Zfp7071",-0.259416125868361,7.56989028341854,-4.59839946576164,1.37691199555201e-05,0.000323654057613785,2.96620951196263,"GABAergic","Zfp7071"
"Mcm41",-0.259371432182452,7.57052510846388,-4.60599961171926,1.33680860326577e-05,0.000323654057613785,2.99380740208875,"GABAergic","Mcm41"
"Gm48133",-0.259363163791204,7.56966137856067,-4.59656657042718,1.38675675242989e-05,0.000323654057613785,2.95953070199105,"GABAergic","Gm48133"
"Gm291001",-0.259328160730471,7.5704976119337,-4.60613914802899,1.33608301056616e-05,0.000323654057613785,2.99430220474896,"GABAergic","Gm291001"
"Gm26941",-0.259312823108144,7.57048786749948,-4.60618837670578,1.33582711121738e-05,0.000323654057613785,2.99447676013131,"GABAergic","Gm26941"
"Hmbs1",-0.259299484725847,7.63612463477197,-3.70773433491109,0.000360056275550386,0.00264396353821319,-0.0104107423568944,"GABAergic","Hmbs1"
"Glb11",-0.259296928539802,7.56962148096139,-4.59676817227686,1.3856705872985e-05,0.000323654057613785,2.96024376594871,"GABAergic","Glb11"
"Gm326181",-0.259296700892478,7.5704776255755,-4.60623999376029,1.33555884769924e-05,0.000323654057613785,2.9946597774498,"GABAergic","Gm326181"
"1300002E11Rik1",-0.259284387331564,7.56981016332312,-4.59879627294773,1.37478962441775e-05,0.000323654057613785,2.96761304424658,"GABAergic","1300002E11Rik1"
"Zc2hc1c1",-0.259276596041553,7.56960923688263,-4.59682963101937,1.38533963167807e-05,0.000323654057613785,2.96046112036288,"GABAergic","Zc2hc1c1"
"Wdr811",-0.259267797857136,7.56960393918306,-4.59685616284244,1.38519678136875e-05,0.000323654057613785,2.96055494893906,"GABAergic","Wdr811"
"Ldlrad41",-0.259246409419414,7.56959106170729,-4.59692050483031,1.3848504162009e-05,0.000323654057613785,2.96078248227002,"GABAergic","Ldlrad41"
"Rpgrip1",-0.259195791519598,7.56975632056622,-4.59905836438491,1.37338953641959e-05,0.000323654057613785,2.96853979835907,"GABAergic","Rpgrip1"
"Dnajc121",-0.259109470478234,7.56970389038217,-4.59931003418195,1.372046421756e-05,0.000323654057613785,2.96942947880534,"GABAergic","Dnajc121"
"Metrn",-0.25908713970602,7.56949522536888,-4.59739262493851,1.38231147103574e-05,0.000323654057613785,2.96245163426576,"GABAergic","Metrn"
"Nipsnap3b1",-0.258877169292187,7.59384140495258,-3.89188432337993,0.000189818311223038,0.00164961151420021,0.555067168887447,"GABAergic","Nipsnap3b1"
"Tstd31",-0.258815455392485,7.63825299438199,-3.38288800995849,0.0010612038570647,0.00531672986119211,-0.98504023360675,"GABAergic","Tstd31"
"Ccdc321",-0.25878271079834,7.76129913289239,-2.84436977405145,0.00550139677409188,0.0190848413058013,-2.35564064602965,"GABAergic","Ccdc321"
"Gmeb21",-0.258676827895722,7.61960844298419,-2.99667351494843,0.00352164840700999,0.0133080562518252,-2.06652933226382,"GABAergic","Gmeb21"
"Rnasel1",-0.258552735943654,7.61674044241181,-4.06185143991114,0.000103383367348944,0.00110602378344862,1.12026253520411,"GABAergic","Rnasel1"
"Hist4h41",-0.258541278351339,7.5700028900069,-4.60839961797514,1.3243815714042e-05,0.000323654057613785,3.00230149929507,"GABAergic","Hist4h41"
"Col8a11",-0.258520966771644,7.57380286178291,-4.67789456933488,1.00941341535537e-05,0.000323654057613785,3.25515746277174,"GABAergic","Col8a11"
"Tcf7l21",-0.258286344148192,7.57548878372764,-4.73954229764005,7.91867830941409e-06,0.000323654057613785,3.48070292876507,"GABAergic","Tcf7l21"
"Sar1a1",-0.258257594687777,7.70918050488296,-3.33077437718569,0.00125460458246811,0.00607003620601532,-1.09483844712037,"GABAergic","Sar1a1"
"Ecel11",-0.258151462001072,7.59780797309252,-3.71628699069395,0.000349658252514867,0.00258751276905754,-0.00088546682883095,"GABAergic","Ecel11"
"Cwc271",-0.258076209804915,7.73430836895299,-3.17169205070612,0.00206941485656414,0.00885261577730471,-1.5252084370092,"GABAergic","Cwc271"
"5033421B08Rik1",-0.257918366252668,7.5733523948049,-4.67856798758858,1.006749740963e-05,0.000323654057613785,3.25749742776284,"GABAergic","5033421B08Rik1"
"Rangrf1",-0.257714072158469,7.5935565003439,-3.84135433873556,0.000226703710101123,0.00183881898193133,0.392792705699588,"GABAergic","Rangrf1"
"Galnt91",-0.257641642925985,7.63563302247977,-3.53293338308217,0.000649224400729507,0.00391490515697433,-0.544044778906397,"GABAergic","Galnt91"
"Armc21",-0.257591722867101,7.61916739499109,-3.89580567640192,0.000187209271667169,0.00163380243416987,0.57845920904759,"GABAergic","Armc21"
"Rad181",-0.257561633323788,7.64290321223944,-2.56752895948133,0.0118818140167182,0.0357444472402365,-3.11710547497199,"GABAergic","Rad181"
"Frem11",-0.257195291624117,7.60015681112997,-3.3582834979954,0.00114873099834308,0.00565704432120541,-1.07604688213993,"GABAergic","Frem11"
"Pepd1",-0.257039468463558,7.6116341098842,-4.25833817987989,5.02430705783774e-05,0.000677735332475721,1.78069988060613,"GABAergic","Pepd1"
"Relb1",-0.256890892976404,7.57011241011593,-4.62838379783415,1.22516496644214e-05,0.000323654057613785,3.0745292486781,"GABAergic","Relb1"
"Atp4a1",-0.256890892976404,7.57011241011593,-4.62838379783415,1.22516496644214e-05,0.000323654057613785,3.0745292486781,"GABAergic","Atp4a1"
"6330403N20Rik1",-0.256890892976404,7.57011241011593,-4.62838379783415,1.22516496644214e-05,0.000323654057613785,3.0745292486781,"GABAergic","6330403N20Rik1"
"Ern2",-0.256890892976404,7.57011241011593,-4.62838379783415,1.22516496644214e-05,0.000323654057613785,3.0745292486781,"GABAergic","Ern2"
"Als2cl",-0.256890892976404,7.57011241011593,-4.62838379783415,1.22516496644214e-05,0.000323654057613785,3.0745292486781,"GABAergic","Als2cl"
"Gm464161",-0.256890892976404,7.57011241011593,-4.62838379783415,1.22516496644214e-05,0.000323654057613785,3.0745292486781,"GABAergic","Gm464161"
"Iffo21",-0.256889942512709,7.59121520863561,-3.88423957266248,0.000195004892505019,0.00168641861741274,0.528866738269599,"GABAergic","Iffo21"
"Ttn1",-0.256811795520835,7.57430658096624,-4.73811688373732,7.96339782986304e-06,0.000323654057613785,3.47522735597772,"GABAergic","Ttn1"
"Dyx1c11",-0.256770636961861,7.57003511357913,-4.62851605404559,1.22453299782239e-05,0.000323654057613785,3.07498351841919,"GABAergic","Dyx1c11"
"Tubgcp51",-0.256754525158096,7.65490559728581,-2.68291981959907,0.00867599086333896,0.0277211757502669,-2.837310877661,"GABAergic","Tubgcp51"
"Shmt21",-0.256732804985142,7.62322231807197,-2.4124519595062,0.0178622054885849,0.049802284905266,-3.4790513018492,"GABAergic","Shmt21"
"Grwd11",-0.25671535856941,7.56999960176254,-4.62857429405384,1.22425480602263e-05,0.000323654057613785,3.07518308665828,"GABAergic","Grwd11"
"Rgp11",-0.256691187426468,7.64506999157441,-2.43297488302499,0.0169408419159127,0.0477483189135762,-3.41714806146868,"GABAergic","Rgp11"
"Hist1h2ap1",-0.256663988860745,7.56996661182614,-4.62862697260983,1.2240032321055e-05,0.000323654057613785,3.0753633186017,"GABAergic","Hist1h2ap1"
"Gm368991",-0.256608384157762,7.56993091394506,-4.62868242612098,1.22373846017428e-05,0.000323654057613785,3.07555273291052,"GABAergic","Gm368991"
"Zxdc1",-0.256549065007176,7.59558179522456,-3.65853982415828,0.000425808722814767,0.00299902738372943,-0.180953465093728,"GABAergic","Zxdc1"
"Adgrg11",-0.256529897694434,7.56988054695864,-4.62875792336387,1.22337807544743e-05,0.000323654057613785,3.07581004334321,"GABAergic","Adgrg11"
"Itga2b1",-0.256511305505708,7.56986861939647,-4.62877533117695,1.22329499417228e-05,0.000323654057613785,3.07586927174432,"GABAergic","Itga2b1"
"Ppm1d1",-0.256505537062011,7.63953986286802,-3.47243530401965,0.000792789318188725,0.00438631985676419,-0.722098898571363,"GABAergic","Ppm1d1"
"Pxdc11",-0.256490231841615,7.56985510153116,-4.62879484172756,1.22320188378636e-05,0.000323654057613785,3.07593560637728,"GABAergic","Pxdc11"
"Map2k31",-0.256479712169207,7.59565184094941,-3.65585763211679,0.000429703141637676,0.00300740762825413,-0.189197479836715,"GABAergic","Map2k31"
"Rabl31",-0.256438739386681,7.56982207868247,-4.62884152812726,1.22297910974323e-05,0.000323654057613785,3.07609411946518,"GABAergic","Rabl31"
"Sowahb1",-0.256423981905603,7.56981261643013,-4.62885464998514,1.22291650310504e-05,0.000323654057613785,3.07613861356031,"GABAergic","Sowahb1"
"Zbtb11os11",-0.25641337742867,7.56980581754635,-4.62886400807702,1.22287185594018e-05,0.000323654057613785,3.07617032900159,"GABAergic","Zbtb11os11"
"Dbndd11",-0.256410329849008,7.56980386372356,-4.62886668647005,1.22285907770152e-05,0.000323654057613785,3.07617940377766,"GABAergic","Dbndd11"
"Ssh31",-0.256321725856573,7.66514474646293,-2.6798569720195,0.00874976640263194,0.0279068850022084,-2.82323200847964,"GABAergic","Ssh31"
"Mindy41",-0.256301419219945,7.56973406448269,-4.62895918065984,1.22241788031197e-05,0.000323654057613785,3.0764920373622,"GABAergic","Mindy41"
"Akr1b101",-0.256279243119286,7.61129669748453,-4.36969440833827,3.30884829037782e-05,0.000505334852363537,2.16484833585649,"GABAergic","Akr1b101"
"Rtbdn1",-0.25624793205939,7.56969980246108,-4.6290023084616,1.22221221343596e-05,0.000323654057613785,3.07663725748909,"GABAergic","Rtbdn1"
"Qpctl1",-0.256227042221325,7.56968642421436,-4.62901874125197,1.22213385795193e-05,0.000323654057613785,3.07669248569301,"GABAergic","Qpctl1"
"Crhbp1",-0.256210036648726,7.65582535244843,-3.52230265747375,0.000672528184365235,0.00399716224519759,-0.567498092035915,"GABAergic","Crhbp1"
"Adssl11",-0.256185756368937,7.67834016715737,-2.66307348327973,0.00916424569098163,0.0289532304035341,-2.86974427529728,"GABAergic","Adssl11"
"Prrg4",-0.256103326781406,7.56969573913064,-4.63056932463263,1.21476218616597e-05,0.000323654057613785,3.08230548970159,"GABAergic","Prrg4"
"Gm43666",-0.256103326781406,7.56969573913064,-4.63056932463263,1.21476218616597e-05,0.000323654057613785,3.08230548970159,"GABAergic","Gm43666"
"Gm10710",-0.256103326781406,7.56969573913064,-4.63056932463263,1.21476218616597e-05,0.000323654057613785,3.08230548970159,"GABAergic","Gm10710"
"Glis11",-0.256103326781406,7.56969573913064,-4.63056932463263,1.21476218616597e-05,0.000323654057613785,3.08230548970159,"GABAergic","Glis11"
"Trp73",-0.256103326781406,7.56969573913064,-4.63056932463263,1.21476218616597e-05,0.000323654057613785,3.08230548970159,"GABAergic","Trp73"
"Gm49027",-0.256103326781406,7.56969573913064,-4.63056932463263,1.21476218616597e-05,0.000323654057613785,3.08230548970159,"GABAergic","Gm49027"
"Hydin1",-0.256103326781406,7.56969573913064,-4.63056932463263,1.21476218616597e-05,0.000323654057613785,3.08230548970159,"GABAergic","Hydin1"
"Ucn2",-0.256103326781406,7.56969573913064,-4.63056932463263,1.21476218616597e-05,0.000323654057613785,3.08230548970159,"GABAergic","Ucn2"
"Gm45881",-0.256103326781406,7.56969573913064,-4.63056932463263,1.21476218616597e-05,0.000323654057613785,3.08230548970159,"GABAergic","Gm45881"
"Poll1",-0.256103326781406,7.56969573913064,-4.63056932463263,1.21476218616597e-05,0.000323654057613785,3.08230548970159,"GABAergic","Poll1"
"Smpdl3a1",-0.256071179523392,7.5858786264238,-4.20771876337533,6.06231303128538e-05,0.000774802314297132,1.6000415338685,"GABAergic","Smpdl3a1"
"Lgals11",-0.256019385361198,7.66989061072303,-3.35787301352897,0.00115024719463856,0.00566226405611443,-1.04232693295001,"GABAergic","Lgals11"
"Klf151",-0.256008309103046,7.56963468933397,-4.63063100038324,1.21446986546681e-05,0.000323654057613785,3.0825094292971,"GABAergic","Klf151"
"Amer31",-0.255996601863958,7.65993372529408,-3.55162788215098,0.000610084623931543,0.00374068684930358,-0.478442953138931,"GABAergic","Amer31"
"Rps12-ps31",-0.25595988600607,7.56951548357723,-4.62920851381024,1.22122932988774e-05,0.000323654057613785,3.07732497519725,"GABAergic","Rps12-ps31"
"Nhlh21",-0.255918751030443,7.56957718015585,-4.63068473994831,1.21421521504194e-05,0.000323654057613785,3.08268574038569,"GABAergic","Nhlh21"
"Ephx21",-0.255879702833494,7.56955211553303,-4.63070683565341,1.2141105273107e-05,0.000323654057613785,3.08275777684805,"GABAergic","Ephx21"
"S1pr31",-0.255871842579967,7.56945921008422,-4.6292627617924,1.2209708827795e-05,0.000323654057613785,3.07750338366056,"GABAergic","S1pr31"
"Tex151",-0.255857190781498,7.56953766802734,-4.63071920561034,1.21405192324038e-05,0.000323654057613785,3.08279797184704,"GABAergic","Tex151"
"Zfp6511",-0.255855841522787,7.58603076957589,-4.22345224391165,5.71936873758055e-05,0.000747130168772365,1.65386706326058,"GABAergic","Zfp6511"
"Fuz1",-0.255842753510921,7.56952840370953,-4.63072699668963,1.21401501352931e-05,0.000323654057613785,3.08282323525811,"GABAergic","Fuz1"
"Btg21",-0.255816042380822,7.56942356075198,-4.62929501197127,1.22081726229498e-05,0.000323654057613785,3.07760873700299,"GABAergic","Btg21"
"1700086P04Rik1",-0.255813953035608,7.56950992506284,-4.63074220748583,1.2139429565484e-05,0.000323654057613785,3.08287243197958,"GABAergic","1700086P04Rik1"
"Zbtb341",-0.255801968368388,7.56950223655724,-4.63074840701507,1.21391358916666e-05,0.000323654057613785,3.08289243278304,"GABAergic","Zbtb341"
"Dtx41",-0.255796234432085,7.56941090888356,-4.62930606230028,1.22076462947658e-05,0.000323654057613785,3.07764469441568,"GABAergic","Dtx41"
"Dock61",-0.255779984919459,7.56948813502315,-4.63075958000699,1.2138606640626e-05,0.000323654057613785,3.08292840006501,"GABAergic","Dock61"
"Akap121",-0.255719411594447,7.56944928944491,-4.63078903450726,1.2137211524046e-05,0.000323654057613785,3.08302268045199,"GABAergic","Akap121"
"Lrrc401",-0.255703185741067,7.56943888628926,-4.63079659259875,1.21368535590486e-05,0.000323654057613785,3.08304673298782,"GABAergic","Lrrc401"
"Gm176901",-0.255697252314897,7.56943508235073,-4.63079932139139,1.2136724320969e-05,0.000323654057613785,3.0830554015485,"GABAergic","Gm176901"
"Zfp3671",-0.255681638968341,7.56942507324754,-4.63080641235547,1.21363884927579e-05,0.000323654057613785,3.08307788743866,"GABAergic","Zfp3671"
"Arg2",-0.255581635749594,7.58820345705789,-4.15746467158145,7.29536276175216e-05,0.000887602469346512,1.43032935255153,"GABAergic","Arg2"
"Gm149661",-0.255461655422679,7.56928415248421,-4.6308925009036,1.213231205624e-05,0.000323654057613785,3.08334463516111,"GABAergic","Gm149661"
"Tpx21",-0.255430150736433,7.56961364787729,-4.63689451365636,1.18513576294688e-05,0.000323654057613785,3.10517629375272,"GABAergic","Tpx21"
"5033406O09Rik",-0.255430150736433,7.56961364787729,-4.63689451365636,1.18513576294688e-05,0.000323654057613785,3.10517629375272,"GABAergic","5033406O09Rik"
"A830052D11Rik1",-0.255430150736433,7.56961364787729,-4.63689451365636,1.18513576294688e-05,0.000323654057613785,3.10517629375272,"GABAergic","A830052D11Rik1"
"Il17ra1",-0.255407306268269,7.56924936589656,-4.63090979112304,1.21314934956583e-05,0.000323654057613785,3.08339612232438,"GABAergic","Il17ra1"
"Medag1",-0.255400829047959,7.57150760008492,-4.67867259816764,1.00633657152365e-05,0.000323654057613785,3.25740301971861,"GABAergic","Medag1"
"Crhr11",-0.255396614029039,7.57150454430377,-4.67866946040418,1.00634896202407e-05,0.000323654057613785,3.25739078647759,"GABAergic","Crhr11"
"Gm288361",-0.255334999377558,7.56920310329095,-4.63093034794348,1.21305203560388e-05,0.000323654057613785,3.0834557579541,"GABAergic","Gm288361"
"Gm293611",-0.255330884136038,7.56954935530021,-4.63690423492519,1.18509077373951e-05,0.000323654057613785,3.10519138340531,"GABAergic","Gm293611"
"Nif3l11",-0.255310780936941,7.59540180484919,-3.7591553138072,0.000301702020252842,0.00228439418629516,0.132625110013101,"GABAergic","Nif3l11"
"Grhl31",-0.255291504887145,7.56952386082577,-4.6369066193075,1.18507973927347e-05,0.000323654057613785,3.10519203135892,"GABAergic","Grhl31"
"Sipa11",-0.255275270523678,7.56951335229212,-4.63690735876374,1.18507631723149e-05,0.000323654057613785,3.1051914153875,"GABAergic","Sipa11"
"Igfbp71",-0.255213172300178,7.56912520355466,-4.63095866128844,1.21291801541639e-05,0.000323654057613785,3.08353332882294,"GABAergic","Igfbp71"
"Gm219921",-0.255211335510275,7.56947197689401,-4.63690888800536,1.18506924026556e-05,0.000323654057613785,3.105183974518,"GABAergic","Gm219921"
"1500009L16Rik1",-0.255188779970089,7.60787900297695,-4.38168473353629,3.16217100934727e-05,0.000487484996596268,2.20579214424019,"GABAergic","1500009L16Rik1"
"Tmem2151",-0.255164745198105,7.57133656578233,-4.67848068706783,1.00709466873445e-05,0.000323654057613785,3.2566589110252,"GABAergic","Tmem2151"
"Pgam21",-0.255141959802685,7.58789298888895,-4.16251435029227,7.16131639394917e-05,0.000876449077405417,1.44725390633994,"GABAergic","Pgam21"
"Wrap531",-0.255138304165577,7.5694247340421,-4.63690793497006,1.18507365068109e-05,0.000323654057613785,3.1051656841652,"GABAergic","Wrap531"
"Frzb1",-0.255088030651382,7.56904524482517,-4.63097947619188,1.21281949799e-05,0.000323654057613785,3.08358304857114,"GABAergic","Frzb1"
"Cyp2u11",-0.255082502348146,7.56938865050243,-4.63690526544533,1.18508600467683e-05,0.000323654057613785,3.10514466864207,"GABAergic","Cyp2u11"
"E430018J23Rik1",-0.255055079209863,7.58778244562837,-4.16454538991586,7.1080719378319e-05,0.00087337794800489,1.45407741141573,"GABAergic","E430018J23Rik1"
"Parp3",-0.255052702314025,7.58817486297886,-4.15623588338821,7.32834468294358e-05,0.000890741993294122,1.42612570506488,"GABAergic","Parp3"
"Lmna1",-0.255035990040325,7.56901201169703,-4.63098566316984,1.21279021637469e-05,0.000323654057613785,3.08359477817331,"GABAergic","Lmna1"
"Prdm151",-0.255035502191165,7.58986437227455,-3.86658902602186,0.000207501904149897,0.00175558411932023,0.471553539263231,"GABAergic","Prdm151"
"Fancm1",-0.254992544947215,7.68741413188582,-3.35291490774754,0.00116870995922951,0.00571961212085706,-1.05015665812,"GABAergic","Fancm1"
"Nudt151",-0.254988884254929,7.56932814035862,-4.63689700736435,1.18512422211988e-05,0.000323654057613785,3.10509570473298,"GABAergic","Nudt151"
"Rnd11",-0.254959415782867,7.56887780449556,-4.62958196893347,1.21945119700219e-05,0.000323654057613785,3.07847215361863,"GABAergic","Rnd11"
"Gm6563",-0.254849721185948,7.56889314690998,-4.63099591045124,1.2127417197386e-05,0.000323654057613785,3.08359364787057,"GABAergic","Gm6563"
"Usf11",-0.254844174691345,7.56923467319477,-4.63687491763178,1.18522645672251e-05,0.000323654057613785,3.10498620121302,"GABAergic","Usf11"
"Lgals9",-0.254804746273254,7.56877956715278,-4.62959200066962,1.21940346752306e-05,0.000323654057613785,3.07847668882932,"GABAergic","Lgals9"
"Pcdhb81",-0.254804746273254,7.56877956715278,-4.62959200066962,1.21940346752306e-05,0.000323654057613785,3.07847668882932,"GABAergic","Pcdhb81"
"Commd81",-0.254757794056851,7.61399392383804,-4.34281698140485,3.66189220615058e-05,0.000548179520848355,2.07230052806801,"GABAergic","Commd81"
"Bard1",-0.25469158198782,7.56920308134313,-4.63814369346593,1.179368217104e-05,0.000323654057613785,3.10957155993435,"GABAergic","Bard1"
"Tifa1",-0.25469158198782,7.56920308134313,-4.63814369346593,1.179368217104e-05,0.000323654057613785,3.10957155993435,"GABAergic","Tifa1"
"H2-M31",-0.25469158198782,7.56920308134313,-4.63814369346593,1.179368217104e-05,0.000323654057613785,3.10957155993435,"GABAergic","H2-M31"
"Nt5c3b1",-0.254682851622899,7.74991551646489,-2.90779409327815,0.00457746671016876,0.0164227701281279,-2.20321764459208,"GABAergic","Nt5c3b1"
"Scml41",-0.254640376211637,7.56916994456248,-4.63812692618554,1.17944545214252e-05,0.000323654057613785,3.10950035539182,"GABAergic","Scml41"
"Smurf21",-0.254582526740336,7.58703718419697,-4.17853951436559,6.75142315490878e-05,0.000842498633768083,1.50116984491989,"GABAergic","Smurf21"
"Pate21",-0.254561704127193,7.56905245717643,-4.63679913288002,1.18557726497793e-05,0.000323654057613785,3.10465398074449,"GABAergic","Pate21"
"Mtap1",-0.254549596450953,7.56861771116477,-4.62958052075443,1.21945808736808e-05,0.000323654057613785,3.07838261539886,"GABAergic","Mtap1"
"Fpgs1",-0.254536104054615,7.56910249807171,-4.63808838177078,1.1796230176906e-05,0.000323654057613785,3.1093393960204,"GABAergic","Fpgs1"
"Tbcd1",-0.254519412765967,7.6655385362708,-3.51017449413479,0.000700079437356354,0.00408048475074475,-0.599601348530562,"GABAergic","Tbcd1"
"3110040N11Rik1",-0.254510154333244,7.56908571946162,-4.63807787176852,1.17967143943382e-05,0.000323654057613785,3.10929601010951,"GABAergic","3110040N11Rik1"
"Casp31",-0.254506836732858,7.60947054995907,-4.35226398429057,3.53384736051436e-05,0.000534166208818309,2.1036558310075,"GABAergic","Casp31"
"G630018N14Rik",-0.254491212763616,7.56907347382235,-4.63806996918491,1.17970784953281e-05,0.000323654057613785,3.1092635033955,"GABAergic","G630018N14Rik"
"Uncx",-0.254343461670485,7.56857076486353,-4.6309296037424,1.21305555844634e-05,0.000323654057613785,3.08324935397116,"GABAergic","Uncx"
"Wnt10a1",-0.254307492948297,7.56854789794715,-4.63091964495586,1.21310270154746e-05,0.000323654057613785,3.08320587380862,"GABAergic","Wnt10a1"
"Ulk11",-0.254291497215494,7.56894444219467,-4.6379747772362,1.18014651940048e-05,0.000323654057613785,3.10887770517634,"GABAergic","Ulk11"
"Gulp11",-0.25426570709223,7.56892779090386,-4.63796090314758,1.1802104681099e-05,0.000323654057613785,3.10882214826204,"GABAergic","Gulp11"
"Rftn11",-0.254248462714487,7.5689166585562,-4.63795142442569,1.1802541595455e-05,0.000323654057613785,3.10878426808005,"GABAergic","Rftn11"
"Uxt1",-0.254241791798889,7.60767362853094,-4.36564792249684,3.35981534218136e-05,0.000510971916623416,2.14981828912807,"GABAergic","Uxt1"
"Zfp6611",-0.254219141918121,7.6101492384775,-4.27664226385523,4.69292892660249e-05,0.000645667937684444,1.84297929746103,"GABAergic","Zfp6611"
"Hrasls1",-0.254191650301548,7.61048837040641,-4.29971632080989,4.305120379603e-05,0.0006091966238412,1.92223963787106,"GABAergic","Hrasls1"
"Pcdhga71",-0.25418556346741,7.56887606268951,-4.63791547869848,1.18041986285478e-05,0.000323654057613785,3.10864112268013,"GABAergic","Pcdhga71"
"AC078895.11",-0.254054057900794,7.56879123626128,-4.6378333650852,1.18079847645161e-05,0.000323654057613785,3.10831659334517,"GABAergic","AC078895.11"
"Ass11",-0.253975766362957,7.76069305972471,-2.59198523073637,0.0111244861013745,0.033904462392527,-2.95215604929666,"GABAergic","Ass11"
"Npy2r1",-0.253921726758626,7.5687059437106,-4.63774122334544,1.18122346851576e-05,0.000323654057613785,3.10795551873275,"GABAergic","Npy2r1"
"Cox181",-0.253910256306351,7.70128727064608,-2.8538673436585,0.00535293181835495,0.0186548396140929,-2.36316937682814,"GABAergic","Cox181"
"Myadm1",-0.253855509914074,7.61073457319662,-4.30678579255696,4.19261931376615e-05,0.000603600994012041,1.94690407919902,"GABAergic","Myadm1"
"Mex3d1",-0.253850181468076,7.56825759806597,-4.63073217477976,1.21399048327975e-05,0.000323654057613785,3.08243251205442,"GABAergic","Mex3d1"
"Spint21",-0.253844513839767,7.62101403140872,-3.69976826507695,0.0003700049766445,0.00269944841867034,-0.0406527321505461,"GABAergic","Spint21"
"Kdm4b1",-0.253769568518337,7.6581999741115,-2.5355388054948,0.0129425004019588,0.0383515830917642,-3.17934311512233,"GABAergic","Kdm4b1"
"Narfl1",-0.25376550440075,7.58829978417527,-4.1691414573987,6.98898601573382e-05,0.000863877653936819,1.46985694871691,"GABAergic","Narfl1"
"Lingo31",-0.253763806015211,7.59667227327754,-3.80869923702876,0.000254077814818802,0.00197961535244567,0.290257766856841,"GABAergic","Lingo31"
"0610009O20Rik1",-0.253681619009901,7.66377215160717,-3.35664710833995,0.00115478649058466,0.00567785275283506,-1.04986229738702,"GABAergic","0610009O20Rik1"
"Fbxo101",-0.253592039410728,7.61176694862147,-4.27409392025735,4.73776868494023e-05,0.000649101431699809,1.83458694523678,"GABAergic","Fbxo101"
"Lrrc31",-0.253530348184929,7.56797361825305,-4.62918517108606,1.22134055513786e-05,0.000323654057613785,3.07674041430169,"GABAergic","Lrrc31"
"Ppp1r13l1",-0.253305391908962,7.56769477123893,-4.62674099824085,1.23304128389895e-05,0.000323654057613785,3.06780416370014,"GABAergic","Ppp1r13l1"
"Gm12184",-0.253305391908962,7.56769477123893,-4.62674099824085,1.23304128389895e-05,0.000323654057613785,3.06780416370014,"GABAergic","Gm12184"
"Rhpn11",-0.253305391908962,7.56769477123893,-4.62674099824085,1.23304128389895e-05,0.000323654057613785,3.06780416370014,"GABAergic","Rhpn11"
"Mylk",-0.253305391908962,7.56769477123893,-4.62674099824085,1.23304128389895e-05,0.000323654057613785,3.06780416370014,"GABAergic","Mylk"
"C21",-0.253305391908962,7.56769477123893,-4.62674099824085,1.23304128389895e-05,0.000323654057613785,3.06780416370014,"GABAergic","C21"
"Prickle4",-0.253305391908962,7.56769477123893,-4.62674099824085,1.23304128389895e-05,0.000323654057613785,3.06780416370014,"GABAergic","Prickle4"
"Zfp9541",-0.253246803372717,7.59330629030382,-2.9956578101411,0.00353232270999903,0.013340269273003,-2.08576709152914,"GABAergic","Zfp9541"
"Rnf1391",-0.253238639606929,7.70759920620927,-3.20519261339822,0.00186492831040234,0.00820700720996209,-1.45708588830769,"GABAergic","Rnf1391"
"Nupr11",-0.253159839977632,7.56760400756573,-4.62662795181163,1.23358508160119e-05,0.000323654057613785,3.06736467560595,"GABAergic","Nupr11"
"Trbc21",-0.253149112200635,7.56814574685411,-4.63576923019203,1.19035469109872e-05,0.000323654057613785,3.10063176241018,"GABAergic","Trbc21"
"Trim261",-0.253091392787846,7.63486714355943,-3.64483422095159,0.000446066417613152,0.00308486293105575,-0.204820457460264,"GABAergic","Trim261"
"Gdf11",-0.25305267690366,7.56753723199927,-4.6265374087844,1.23402079687333e-05,0.000323654057613785,3.06701461065041,"GABAergic","Gdf11"
"Rxra1",-0.253040500384308,7.56752964720471,-4.62652672812942,1.23407220464899e-05,0.000323654057613785,3.06697341183511,"GABAergic","Rxra1"
"Zmynd15",-0.252922742381012,7.56806419447201,-4.63673691066054,1.18586536746026e-05,0.000323654057613785,3.1041098255654,"GABAergic","Zmynd15"
"Adgrv1",-0.252832630965227,7.56740024793741,-4.62633202737735,1.23500969603881e-05,0.000323654057613785,3.06622528855092,"GABAergic","Adgrv1"
"Ccnyl11",-0.25281749195857,7.58774794491981,-4.1766842749567,6.79769574425265e-05,0.000846089378963359,1.49513833788087,"GABAergic","Ccnyl11"
"Ifit21",-0.252796756751504,7.61241338053849,-4.20383399940071,6.14998854131736e-05,0.000780986525543684,1.5949554498228,"GABAergic","Ifit21"
"Hey21",-0.25275880210735,7.56735432708319,-4.62625724838945,1.23536994323521e-05,0.000323654057613785,3.06593919247979,"GABAergic","Hey21"
"Hist1h1e1",-0.252755984727016,7.57138466373509,-4.73684185283604,8.00360724064813e-06,0.000323654057613785,3.46988447582104,"GABAergic","Hist1h1e1"
"Gtf2e11",-0.252738034438777,7.56734141335407,-4.62623568152664,1.23547386036621e-05,0.000323654057613785,3.06585678819464,"GABAergic","Gtf2e11"
"Thumpd21",-0.252733002244218,7.61055827224524,-4.24788513645294,5.22354578840901e-05,0.000696063618190402,1.74439332368067,"GABAergic","Thumpd21"
"Rab40c1",-0.252703976696611,7.5673202389919,-4.62619980742635,1.23564673384713e-05,0.000323654057613785,3.06571981802238,"GABAergic","Rab40c1"
"Pcdhb151",-0.252656348843974,7.56729063487854,-4.62614858553249,1.23589360738372e-05,0.000323654057613785,3.06552445481047,"GABAergic","Pcdhb151"
"Ak41",-0.252587224132597,7.5677866588621,-4.63505400250206,1.1936834121209e-05,0.000323654057613785,3.09792342753707,"GABAergic","Ak41"
"Gm438481",-0.252545058229879,7.56722149182906,-4.62602410342779,1.23649377169693e-05,0.000323654057613785,3.06505059104374,"GABAergic","Gm438481"
"Wnt5b",-0.252545058229879,7.56722149182906,-4.62602410342779,1.23649377169693e-05,0.000323654057613785,3.06505059104374,"GABAergic","Wnt5b"
"Gm477661",-0.252544141618483,7.56564402152153,-4.60564291430221,1.3386651769985e-05,0.000323654057613785,2.99085420050374,"GABAergic","Gm477661"
"Dhx371",-0.252518437198868,7.56720495925481,-4.62599333150681,1.23664217562122e-05,0.000323654057613785,3.06493363548105,"GABAergic","Dhx371"
"Fam173b1",-0.25248292871587,7.56718291125357,-4.62595168795555,1.23684303773143e-05,0.000323654057613785,3.06477546653438,"GABAergic","Fam173b1"
"Gm71731",-0.25245853157426,7.56716776516883,-4.62592267902737,1.23698297712357e-05,0.000323654057613785,3.06466535560863,"GABAergic","Gm71731"
"Setd61",-0.252315687157255,7.72054332190389,-3.16117759005418,0.00213778760713104,0.00909806042678195,-1.56843716650844,"GABAergic","Setd61"
"Degs11",-0.252308880351684,7.72358453725334,-3.17117115905166,0.00207275349762577,0.00886384248984694,-1.53839191339884,"GABAergic","Degs11"
"Pdgfb1",-0.252301189657536,7.5672029270046,-4.62793083325301,1.22733179528494e-05,0.000323654057613785,3.07194257592516,"GABAergic","Pdgfb1"
"Pmepa11",-0.252211224193321,7.62937325143515,-3.92130094439735,0.000171063483119525,0.0015239754669873,0.663895386877124,"GABAergic","Pmepa11"
"Eps81",-0.252196882834284,7.6453694601519,-3.43221420115243,0.00090428425292057,0.00472799491376578,-0.837910872123008,"GABAergic","Eps81"
"Mbd21",-0.2520759696926,7.56693054587418,-4.62542552286498,1.23938365228212e-05,0.000323654057613785,3.06278560325332,"GABAergic","Mbd21"
"Mrps231",-0.251983148239981,7.56687306832907,-4.62529290138624,1.24002482004872e-05,0.000323654057613785,3.06228606564339,"GABAergic","Mrps231"
"Ctf11",-0.251954284753898,7.59380961853929,-3.51777070621061,0.000682701185278693,0.00403251866221256,-0.61011063031556,"GABAergic","Ctf11"
"Tdp11",-0.251940899980813,7.662888540751,-2.49881521229752,0.0142645317288172,0.0414767663436322,-3.26099320670068,"GABAergic","Tdp11"
"Tomm40l1",-0.25168130503265,7.66391548205686,-3.37069830371204,0.00110375221471551,0.00549661516236737,-1.00921858332336,"GABAergic","Tomm40l1"
"Sox14",-0.251523488393667,7.57021293380788,-4.72082788596984,8.525731085549e-06,0.000323654057613785,3.41092847091148,"GABAergic","Sox14"
"2410018L13Rik1",-0.251446699942377,7.57015554775748,-4.72043461272303,8.53896096741605e-06,0.000323654057613785,3.40947412027591,"GABAergic","2410018L13Rik1"
"Cldn34c11",-0.251441505586621,7.570151736691,-4.72040695066429,8.53989228135764e-06,0.000323654057613785,3.40937185864497,"GABAergic","Cldn34c11"
"Taf81",-0.251317488181,7.6429771114573,-3.39382888860911,0.00102433265983753,0.00517563837577218,-0.95127140847348,"GABAergic","Taf81"
"Pcdhac21",-0.251056854900531,7.61012183544499,-4.31746804169428,4.02798735437037e-05,0.000590169103515186,1.98344793015454,"GABAergic","Pcdhac21"
"Fam193a1",-0.250947451596707,7.7331637630006,-3.01905744389577,0.00329385317384538,0.0125929506738821,-1.93836137159968,"GABAergic","Fam193a1"
"C1qc1",-0.250804976544655,7.56671744065448,-4.63274714329303,1.20448134807704e-05,0.000323654057613785,3.08920968619208,"GABAergic","C1qc1"
"Creb51",-0.250648649538129,7.62144413397078,-3.76282774915297,0.000297898647358326,0.00225973240447239,0.156066568911577,"GABAergic","Creb51"
"Smarcd21",-0.250594687665159,7.59589872019979,-3.60803486709761,0.000505077771745856,0.00337898390693589,-0.335785933823123,"GABAergic","Smarcd21"
"Slc35f51",-0.250554126228523,7.66215712694706,-2.41885717705919,0.0175699666316054,0.0491974923055557,-3.43947085323134,"GABAergic","Slc35f51"
"Dnajc281",-0.250434650628112,7.61057169343227,-4.28675344625767,4.51901387207882e-05,0.000629415961307498,1.87770563663152,"GABAergic","Dnajc281"
"Zfp6581",-0.250284541855343,7.60961524277048,-4.31752754174859,4.02708805795288e-05,0.000590169103515186,1.98344539719819,"GABAergic","Zfp6581"
"Kri11",-0.24999937184046,7.61531859277062,-3.92105042840487,0.000171215450894123,0.00152423511161841,0.658549636048571,"GABAergic","Kri11"
"Tmem82",-0.249886825405152,7.56922335972765,-4.72080706886281,8.526430882631e-06,0.000323654057613785,3.41058268805324,"GABAergic","Tmem82"
"Ifi27l2a",-0.249785784565597,7.5657151605266,-4.62395284500508,1.24652149152551e-05,0.000323654057613785,3.05703183082062,"GABAergic","Ifi27l2a"
"Cnnm31",-0.249777981155796,7.59602251276996,-3.58203601209608,0.000551150659448564,0.00355867829539889,-0.414925138287132,"GABAergic","Cnnm31"
"Sestd11",-0.24964731801326,7.68962645409857,-2.64912826551478,0.00952209631579484,0.02988599273622,-2.89617287537276,"GABAergic","Sestd11"
"Unc1191",-0.249342764271924,7.64050014601619,-3.27967013110266,0.00147600600025597,0.00691738461600322,-1.27991753366816,"GABAergic","Unc1191"
"Eid21",-0.249162102367333,7.59333231706289,-3.59665815441623,0.000524770581494888,0.0034703797101184,-0.371458494014955,"GABAergic","Eid21"
"Nipal31",-0.249084846984395,7.70149201661245,-3.41415135341392,0.000959022471375796,0.0049281444595336,-0.864491358343739,"GABAergic","Nipal31"
"Crispld2",-0.249054731033177,7.56709471898382,-4.66036341739759,1.08121484205503e-05,0.000323654057613785,3.18950520880921,"GABAergic","Crispld2"
"Glb1l2",-0.249054731033177,7.56709471898382,-4.66036341739759,1.08121484205503e-05,0.000323654057613785,3.18950520880921,"GABAergic","Glb1l2"
"2310031A07Rik1",-0.249054731033177,7.56709471898382,-4.66036341739759,1.08121484205503e-05,0.000323654057613785,3.18950520880921,"GABAergic","2310031A07Rik1"
"Gm34471",-0.249054731033177,7.56709471898382,-4.66036341739759,1.08121484205503e-05,0.000323654057613785,3.18950520880921,"GABAergic","Gm34471"
"Tbrg41",-0.248971281775405,7.59712982046593,-3.78219954881666,0.000278580006479562,0.00213011576119,0.206373433936978,"GABAergic","Tbrg41"
"Gm105701",-0.248867806154617,7.60916477712451,-4.30492031250755,4.22202743468701e-05,0.000605590065903231,1.93973825802434,"GABAergic","Gm105701"
"A430046D13Rik1",-0.248855476835271,7.56696017866111,-4.65939287469599,1.08533141459723e-05,0.000323654057613785,3.18593493539368,"GABAergic","A430046D13Rik1"
"Thg1l1",-0.2487717633592,7.56690370050457,-4.65897846815755,1.08709375692097e-05,0.000323654057613785,3.18441084275165,"GABAergic","Thg1l1"
"Gfm11",-0.248759688323911,7.64078303032916,-2.5106508967866,0.0138257881373142,0.0404760629356145,-3.24868485353721,"GABAergic","Gfm11"
"Gm106001",-0.248700259871956,7.5668554818373,-4.65862139083178,1.08861452312244e-05,0.000323654057613785,3.18309776108957,"GABAergic","Gm106001"
"Vmn2r871",-0.248679395182612,7.5668414154478,-4.65851665519768,1.08906097599472e-05,0.000323654057613785,3.18271264535365,"GABAergic","Vmn2r871"
"Zkscan61",-0.248662835425181,7.56683025254371,-4.65843335544428,1.08941618175485e-05,0.000323654057613785,3.18240635922923,"GABAergic","Zkscan61"
"Dkkl11",-0.248604960389229,7.56679124756326,-4.65814102127239,1.09066363932338e-05,0.000323654057613785,3.18133153604324,"GABAergic","Dkkl11"
"Tnfrsf251",-0.248600681291835,7.56678836418163,-4.65811933242397,1.0907562458786e-05,0.000323654057613785,3.18125179678539,"GABAergic","Tnfrsf251"
"4921539H07Rik1",-0.248582670500128,7.5667762287705,-4.65802793113204,1.09114659289789e-05,0.000323654057613785,3.18091576508855,"GABAergic","4921539H07Rik1"
"Tbc1d10a1",-0.248570848153773,7.56676826373814,-4.657967836113,1.09140331424679e-05,0.000323654057613785,3.18069483443133,"GABAergic","Tbc1d10a1"
"Rnf1811",-0.248570284114594,7.69702088709814,-2.57141315414759,0.0117585103506573,0.0354503523688402,-3.07358687307848,"GABAergic","Rnf1811"
"Cdt11",-0.248510079649786,7.56672733103732,-4.65765770261398,1.09272911306274e-05,0.000323654057613785,3.17955473972049,"GABAergic","Cdt11"
"Bglap31",-0.248428798022864,7.56667260370482,-4.65723964338271,1.09451876047674e-05,0.000323654057613785,3.17801806854707,"GABAergic","Bglap31"
"Exph51",-0.248379060089515,7.56663912769117,-4.65698199785757,1.09562311777247e-05,0.000323654057613785,3.17707113224546,"GABAergic","Exph51"
"BC0240631",-0.248332896043277,7.56660806575594,-4.65674162479696,1.09665441434982e-05,0.000323654057613785,3.17618774479467,"GABAergic","BC0240631"
"Stat61",-0.248290860967986,7.56657978930425,-4.65652171236266,1.09759875180556e-05,0.000323654057613785,3.17537960730045,"GABAergic","Stat61"
"Cntn31",-0.248267825741872,7.73928342346256,-2.62932552653848,0.010052037811769,0.0311552920189944,-2.89877280311071,"GABAergic","Cntn31"
"Mkks1",-0.248267790687995,7.56656427316658,-4.65640059620369,1.09811917996521e-05,0.000323654057613785,3.17493455040847,"GABAergic","Mkks1"
"Tm7sf21",-0.248267038025746,7.59637817883879,-3.53205411579466,0.000651122516612328,0.00392444411421029,-0.565811129569933,"GABAergic","Tm7sf21"
"Ltk1",-0.248250645782305,7.5665527435458,-4.65631039442246,1.09850692665605e-05,0.000323654057613785,3.17460310273025,"GABAergic","Ltk1"
"1700109H08Rik1",-0.248243959056921,7.6199188724312,-2.77897174099633,0.00663064956303345,0.022293785174003,-2.6236568351583,"GABAergic","1700109H08Rik1"
"Wasf21",-0.248103499776594,7.56645383795153,-4.65552946892426,1.10186941819199e-05,0.000323654057613785,3.17173394636092,"GABAergic","Wasf21"
"Mcm81",-0.248057814293839,7.61391089338953,-3.71480506243481,0.000351439241463668,0.00259759439342711,0.00254284143343142,"GABAergic","Mcm81"
"Pmf11",-0.247998366059816,7.56638322311681,-4.65496408419833,1.10431007029016e-05,0.000323654057613785,3.16965709792342,"GABAergic","Pmf11"
"Slc14a1",-0.247996869570498,7.56638221828574,-4.65495599177142,1.10434504172242e-05,0.000323654057613785,3.16962737412054,"GABAergic","Slc14a1"
"Gm51361",-0.247984750202106,7.59320365173879,-3.57579124414363,0.000562795432403427,0.00359067262110261,-0.435757645751796,"GABAergic","Gm51361"
"Asb181",-0.247877943012806,7.56630239189038,-4.65430887701841,1.10714503071405e-05,0.000323654057613785,3.16725071274654,"GABAergic","Asb181"
"Drg21",-0.247872944366699,7.60998977698542,-4.24857050990953,5.21025248303674e-05,0.000695260573274042,1.74646524413174,"GABAergic","Drg21"
"Supt7l1",-0.247868033584686,7.66131980457037,-2.57533233222909,0.0116352667112165,0.0351579400745548,-3.0869971461944,"GABAergic","Supt7l1"
"Gm267241",-0.247823008459169,7.56626553707308,-4.65400729038699,1.10845231272301e-05,0.000323654057613785,3.16614321867603,"GABAergic","Gm267241"
"Srebf11",-0.24781964985718,7.56445313164868,-4.61600694143885,1.28572732152423e-05,0.000323654057613785,3.02783446886525,"GABAergic","Srebf11"
"S100a101",-0.247810508651176,7.56625715276727,-4.65393843166154,1.10875100335093e-05,0.000323654057613785,3.16589036665832,"GABAergic","S100a101"
"Kctd151",-0.247782809437505,7.56623858738203,-4.65378521425565,1.10941589951662e-05,0.000323654057613785,3.16532777771396,"GABAergic","Kctd151"
"Tbcc1",-0.247743008747713,7.69342302402239,-2.90546441862819,0.00460870700921472,0.0165031086760964,-2.26240328757704,"GABAergic","Tbcc1"
"Kiz1",-0.247650764658223,7.64360791115426,-3.05452793716207,0.00296065522833141,0.0114782041185857,-1.89786301901432,"GABAergic","Kiz1"
"Lrrc62",-0.247650622802644,7.5914296862894,-3.90870211801488,0.000178868239327507,0.00157541153304071,0.608386939797578,"GABAergic","Lrrc62"
"Ccnd11",-0.247622875335046,7.56613151683993,-4.65289037346396,1.1133068507242e-05,0.000323654057613785,3.16204261004109,"GABAergic","Ccnd11"
"Map3k51",-0.247616401647578,7.56612718500248,-4.65285385251224,1.11346593224204e-05,0.000323654057613785,3.16190854950414,"GABAergic","Map3k51"
"3110039M20Rik1",-0.247552873588446,7.62429786046115,-2.84861766524082,0.00543453327205217,0.0188967660146168,-2.44670855089298,"GABAergic","3110039M20Rik1"
"Tmem1891",-0.247507151180295,7.66411501255658,-2.47664432332187,0.0151201245058509,0.0434856883238956,-3.30926773885749,"GABAergic","Tmem1891"
"A330041J22Rik1",-0.247414356274396,7.56409870285762,-4.6124923643543,1.30344761265308e-05,0.000323654057613785,3.01499939163373,"GABAergic","A330041J22Rik1"
"Htr3a",-0.247257573855244,7.5658873295066,-4.65079303368598,1.12247847688056e-05,0.000323654057613785,3.15434574152097,"GABAergic","Htr3a"
"Filip11",-0.247254599765323,7.64533366139918,-3.42071448558044,0.000938782114198045,0.00485833446088313,-0.871806921024337,"GABAergic","Filip11"
"Pcdhb141",-0.247136815687299,7.64418455967627,-3.11834157488431,0.00243868276634714,0.0100112646809024,-1.72542969048022,"GABAergic","Pcdhb141"
"Cdk5rap31",-0.247130133990022,7.66598173163022,-2.42508941198023,0.0172897176196605,0.0485661828112239,-3.40735640293865,"GABAergic","Cdk5rap31"
"Crkl1",-0.2470366280606,7.61370856175791,-3.86268195984713,0.000210369764632022,0.00176041050511355,0.469852227370341,"GABAergic","Crkl1"
"Def81",-0.24696101985578,7.59225947942708,-3.94840818998715,0.000155360244332304,0.00145291682906096,0.737635810358678,"GABAergic","Def81"
"Btg31",-0.246936749148461,7.59185159628868,-3.89144422457875,0.000190113286070356,0.00164986425184134,0.552694576522217,"GABAergic","Btg31"
"Mars1",-0.246902518749021,7.78116505367608,-2.75739232202029,0.00704742740034746,0.0234304507748227,-2.55852823619157,"GABAergic","Mars1"
"Kcnh51",-0.246523818614447,7.66401196276138,-3.02072729588158,0.0032774185645468,0.012553322341366,-1.9775521825425,"GABAergic","Kcnh51"
"Chn1os11",-0.246518894352292,7.56539771586554,-4.64628204399832,1.1424540527974e-05,0.000323654057613785,3.13780578630169,"GABAergic","Chn1os11"
"Trim361",-0.246438706010317,7.59674236371543,-3.78819760563034,0.000272844467796455,0.00209529693400619,0.225096201808552,"GABAergic","Trim361"
"Gm288001",-0.246331782641465,7.56527466620374,-4.64507940716731,1.1478375426204e-05,0.000323654057613785,3.13339944350788,"GABAergic","Gm288001"
"Bin31",-0.246248139775688,7.59235474798025,-3.52843759003147,0.000658984986753872,0.00396029234170244,-0.579121907256697,"GABAergic","Bin31"
"Gpatch12",-0.246212666421964,7.68431076063086,-3.184970424302,0.0019859821012166,0.00859645548521031,-1.52501416110126,"GABAergic","Gpatch12"
"Actr51",-0.246176789717365,7.59205399527861,-3.87944201034674,0.000198328636871095,0.0017092072108127,0.514002779689035,"GABAergic","Actr51"
"Drd21",-0.245916277686635,7.5929148316199,-3.83672687952195,0.000230404076544646,0.00184794844428155,0.377388398124339,"GABAergic","Drd21"
"Hpcal41",-0.245624273275266,7.67109501263226,-2.84043744161963,0.00556396517250703,0.0192551053515929,-2.43578673257115,"GABAergic","Hpcal41"
"Ccne11",-0.245567708609609,7.72696029761584,-3.28395937700769,0.00145610158174071,0.00685635506080841,-1.22212746424715,"GABAergic","Ccne11"
"Kif26b1",-0.245538836088367,7.63628249912819,-3.56736259277036,0.000578882277963,0.00365037046215489,-0.440193754465787,"GABAergic","Kif26b1"
"Mapk111",-0.245449383154834,7.63669797285776,-3.90289859135518,0.000182576861156605,0.00159899706912736,0.607189469660152,"GABAergic","Mapk111"
"Mthfr1",-0.245396932972015,7.60742690673669,-4.3313962603471,3.82267362381034e-05,0.000568817502056191,2.03078442139786,"GABAergic","Mthfr1"
"Vipr11",-0.245273125367543,7.56293692688851,-4.6039746999961,1.34738130308143e-05,0.000323654057613785,2.98378112994157,"GABAergic","Vipr11"
"D830025C05Rik1",-0.24512694822225,7.62017415648217,-3.09929022519093,0.00258478300763311,0.0103742422783722,-1.7895720912097,"GABAergic","D830025C05Rik1"
"Gm440371",-0.245097919983623,7.59181878176508,-3.9309289147198,0.0001653197241592,0.00148943966769118,0.680529508184599,"GABAergic","Gm440371"
"Gm13112",-0.245014032302563,7.56553505648097,-4.67440506036684,1.02332595428997e-05,0.000323654057613785,3.24006121561984,"GABAergic","Gm13112"
"Rflna",-0.245014032302563,7.56553505648097,-4.67440506036684,1.02332595428997e-05,0.000323654057613785,3.24006121561984,"GABAergic","Rflna"
"Nox4",-0.245014032302563,7.56553505648097,-4.67440506036684,1.02332595428997e-05,0.000323654057613785,3.24006121561984,"GABAergic","Nox4"
"Adgrg3",-0.245014032302563,7.56553505648097,-4.67440506036684,1.02332595428997e-05,0.000323654057613785,3.24006121561984,"GABAergic","Adgrg3"
"Ccnb21",-0.245014032302563,7.56553505648097,-4.67440506036684,1.02332595428997e-05,0.000323654057613785,3.24006121561984,"GABAergic","Ccnb21"
"Cct6b",-0.245014032302563,7.56553505648097,-4.67440506036684,1.02332595428997e-05,0.000323654057613785,3.24006121561984,"GABAergic","Cct6b"
"Irx2",-0.245014032302563,7.56553505648097,-4.67440506036684,1.02332595428997e-05,0.000323654057613785,3.24006121561984,"GABAergic","Irx2"
"Naip6",-0.245014032302563,7.56553505648097,-4.67440506036684,1.02332595428997e-05,0.000323654057613785,3.24006121561984,"GABAergic","Naip6"
"Egfl81",-0.245014032302563,7.56553505648097,-4.67440506036684,1.02332595428997e-05,0.000323654057613785,3.24006121561984,"GABAergic","Egfl81"
"Tars1",-0.244931879368236,7.60992368802541,-3.55086266760059,0.000611641921318239,0.00374468487595429,-0.502993482546442,"GABAergic","Tars1"
"Fam196b",-0.244915453437422,7.56546637237117,-4.67351251332847,1.02691429249561e-05,0.000323654057613785,3.23678851976646,"GABAergic","Fam196b"
"Gm448991",-0.244895454478119,7.56545244317903,-4.67333081507814,1.02764627521933e-05,0.000323654057613785,3.23612233765266,"GABAergic","Gm448991"
"BC035947",-0.24489358799567,7.56545114326668,-4.67331384661854,1.02771465956833e-05,0.000323654057613785,3.2360601250065,"GABAergic","BC035947"
"Mamstr1",-0.244891306613136,7.56544955441671,-4.67329310375087,1.02779826110634e-05,0.000323654057613785,3.23598407418331,"GABAergic","Mamstr1"
"Nfkbiz1",-0.244867726568716,7.59313438100582,-3.88043529821992,0.000197636077653518,0.00170442232361373,0.51764220318009,"GABAergic","Nfkbiz1"
"Gm160081",-0.24486681117411,7.56543249613568,-4.67307021275614,1.02869701212007e-05,0.000323654057613785,3.23516688928812,"GABAergic","Gm160081"
"Zfp3821",-0.244858393100814,7.56542663448353,-4.67299354136666,1.0290063462269e-05,0.000323654057613785,3.23488579491534,"GABAergic","Zfp3821"
"Bicc11",-0.244855705468582,7.56542476310013,-4.67296905469099,1.02910515782332e-05,0.000323654057613785,3.23479602194154,"GABAergic","Bicc11"
"Sept101",-0.244776761835268,7.56536985441406,-4.67224724844244,1.03202201863466e-05,0.000323654057613785,3.23214990231341,"GABAergic","Sept101"
"Lrrc511",-0.244774425407873,7.5653682319731,-4.67222579348836,1.03210884204482e-05,0.000323654057613785,3.23207125449922,"GABAergic","Lrrc511"
"Nudt121",-0.244771883242939,7.56536646669129,-4.6722024460406,1.03220333201055e-05,0.000323654057613785,3.23198566959993,"GABAergic","Nudt121"
"Vmn2r851",-0.244759131589177,7.59018814995612,-3.94799616133277,0.000155588262127131,0.00145376900701186,0.735553192633406,"GABAergic","Vmn2r851"
"Proscos1",-0.244750979929997,7.56535195242093,-4.67201034006262,1.03298112717072e-05,0.000323654057613785,3.23128147581626,"GABAergic","Proscos1"
"Tyms1",-0.244750933936268,7.56535192048704,-4.67200991711818,1.03298284020787e-05,0.000323654057613785,3.23127992546937,"GABAergic","Tyms1"
"2610318N02Rik",-0.244727385857346,7.56533557197873,-4.67179323070293,1.03386084037079e-05,0.000323654057613785,3.23048565066945,"GABAergic","2610318N02Rik"
"Zfp9661",-0.244725517738023,7.56533427511456,-4.67177602808589,1.03393057535684e-05,0.000323654057613785,3.23042259463531,"GABAergic","Zfp9661"
"Slc16a131",-0.244716411280562,7.56532795354098,-4.6716921449351,1.03427068149888e-05,0.000323654057613785,3.23011512385076,"GABAergic","Slc16a131"
"Snx20",-0.244690793155233,7.5653101716346,-4.67145593368416,1.03522898895463e-05,0.000323654057613785,3.22924931868725,"GABAergic","Snx20"
"Trdmt11",-0.244656085672854,7.56528608498796,-4.67113536684374,1.03653090512152e-05,0.000323654057613785,3.2280743626299,"GABAergic","Trdmt11"
"Gm429181",-0.244643177842652,7.5652771283479,-4.67101598631234,1.03701615057088e-05,0.000323654057613785,3.22763681689364,"GABAergic","Gm429181"
"AC154760.11",-0.24464151020879,7.56527597124014,-4.67100055653066,1.03707888401671e-05,0.000323654057613785,3.227580265186,"GABAergic","AC154760.11"
"Pim11",-0.244566755557418,7.56522411358243,-4.67030739690673,1.03990089224825e-05,0.000323654057613785,3.22503988824936,"GABAergic","Pim11"
"Eef1akmt4",-0.2445575792777,7.56521774953739,-4.67022210910985,1.04024863254898e-05,0.000323654057613785,3.22472733162701,"GABAergic","Eef1akmt4"
"Gata31",-0.24452203019024,7.56519309837005,-4.66989128759028,1.04159854537774e-05,0.000323654057613785,3.22351499498994,"GABAergic","Gata31"
"Fam198b1",-0.244520152271167,7.56409016500954,-4.63244937899003,1.2058820077642e-05,0.000323654057613785,3.08718653233823,"GABAergic","Fam198b1"
"Ctdp11",-0.244451756369427,7.56514438295179,-4.66923537632654,1.04428001208684e-05,0.000323654057613785,3.22111148818942,"GABAergic","Ctdp11"
"Gm108141",-0.244449182015493,7.56514259873585,-4.66921129931531,1.04437857001884e-05,0.000323654057613785,3.22102326500483,"GABAergic","Gm108141"
"Lime11",-0.244442326661543,7.56513784760585,-4.66914716679553,1.04464113704607e-05,0.000323654057613785,3.22078827150357,"GABAergic","Lime11"
"Rbm19",-0.244407871407442,7.56511397117704,-4.668824463583,1.04596329938327e-05,0.000323654057613785,3.21960585792401,"GABAergic","Rbm19"
"Ube2z1",-0.244405016176084,7.56511199280827,-4.66879769412321,1.04607305071125e-05,0.000323654057613785,3.21950777454781,"GABAergic","Ube2z1"
"Slc35b41",-0.244323423105237,7.78329836188931,-2.84248782281424,0.00553126001785125,0.0191632989451519,-2.34704513654193,"GABAergic","Slc35b41"
"Gpr64",-0.24432064170402,7.60855815431317,-3.39139354575515,0.00103243405132766,0.00520199211407886,-0.975681885882714,"GABAergic","Gpr64"
"1110008L16Rik1",-0.244311738436955,7.56504737973355,-4.66792082626285,1.0496742819968e-05,0.000323654057613785,3.21629512541868,"GABAergic","1110008L16Rik1"
"Pcdhgc31",-0.244259413679782,7.5650111502146,-4.66742695928049,1.05170785138577e-05,0.000323654057613785,3.21448587469913,"GABAergic","Pcdhgc31"
"AC150035.3",-0.244248801809247,7.56500380395157,-4.6673266255426,1.05212145729528e-05,0.000323654057613785,3.21411832313807,"GABAergic","AC150035.3"
"Egr21",-0.244172259384343,7.59139386896348,-4.25898479980834,5.01222575624773e-05,0.000676841367084161,1.77704014855415,"GABAergic","Egr21"
"Nup621",-0.244163511546529,7.56494477692624,-4.66651809292258,1.05546023974233e-05,0.000323654057613785,3.21115661595181,"GABAergic","Nup621"
"Slc39a15",-0.24415893400193,7.56494160977564,-4.66647459198796,1.05564016522946e-05,0.000323654057613785,3.21099727839826,"GABAergic","Slc39a15"
"Trib21",-0.244070093284983,7.56488015885596,-4.66562817479012,1.05914698699859e-05,0.000323654057613785,3.20789716238908,"GABAergic","Trib21"
"Pmfbp1",-0.243958601455406,7.56480308579291,-4.66456016195326,1.06358804733026e-05,0.000323654057613785,3.20398592743593,"GABAergic","Pmfbp1"
"Hdhd31",-0.243957848778546,7.564802565648,-4.6645529299595,1.06361818126008e-05,0.000323654057613785,3.20395944462662,"GABAergic","Hdhd31"
"Necap11",-0.243940613960891,7.65958964156405,-3.33727786967938,0.00122877838077663,0.00596135250408051,-1.10748045247531,"GABAergic","Necap11"
"Slc35a11",-0.243919376025482,7.68294143210526,-3.41716541293474,0.000949676776407122,0.0049044897191895,-0.866778008294532,"GABAergic","Slc35a11"
"Dnase2a",-0.243907736943166,7.5892828685036,-3.71209233351956,0.000354721779410834,0.00261407202048008,-0.0188703799216272,"GABAergic","Dnase2a"
"Trim651",-0.24382161165695,7.60744247632971,-4.31613359229928,4.04820747150708e-05,0.000591100150170778,1.97791534350147,"GABAergic","Trim651"
"Gm268301",-0.243700190814072,7.59238696040996,-3.880614317696,0.000197511504172546,0.00170442232361373,0.517926681744565,"GABAergic","Gm268301"
"Trmt2b1",-0.243642736531805,7.66479061262634,-2.42623518764686,0.0172386306716423,0.0484555847418076,-3.42169842046366,"GABAergic","Trmt2b1"
"Tmc71",-0.243579857287378,7.67612989505273,-3.38494600114937,0.00105417439592677,0.00528791602807241,-0.963391303620098,"GABAergic","Tmc71"
"Evc1",-0.243531513732542,7.59615410152568,-3.50036624204359,0.000723136896231867,0.0041327623691903,-0.66175545921249,"GABAergic","Evc1"
"AC129328.11",-0.243462390279231,7.59326602019906,-3.82495515799108,0.000240078879111391,0.0018940743100905,0.339988317747935,"GABAergic","AC129328.11"
"Gm26756",-0.243444839557641,7.56444858112596,-4.65955568361288,1.08463979774566e-05,0.000323654057613785,3.18566617997574,"GABAergic","Gm26756"
"Padi21",-0.243408215173452,7.56442335051911,-4.65919373859572,1.08617793225369e-05,0.000323654057613785,3.18434169271069,"GABAergic","Padi21"
"Slc45a11",-0.243371111104215,7.68820650490513,-2.78610525213198,0.00649790992386785,0.0219219995290961,-2.55421928363866,"GABAergic","Slc45a11"
"C130080G10Rik",-0.243334898891343,7.56453132386711,-4.66546943345716,1.05980593192319e-05,0.000323654057613785,3.20719698188339,"GABAergic","C130080G10Rik"
"Fbln7",-0.243334898891343,7.56453132386711,-4.66546943345716,1.05980593192319e-05,0.000323654057613785,3.20719698188339,"GABAergic","Fbln7"
"Prom11",-0.243334898891343,7.56453132386711,-4.66546943345716,1.05980593192319e-05,0.000323654057613785,3.20719698188339,"GABAergic","Prom11"
"Mettl271",-0.243334898891343,7.56453132386711,-4.66546943345716,1.05980593192319e-05,0.000323654057613785,3.20719698188339,"GABAergic","Mettl271"
"Gm29683",-0.243334898891343,7.56453132386711,-4.66546943345716,1.05980593192319e-05,0.000323654057613785,3.20719698188339,"GABAergic","Gm29683"
"Gm294311",-0.243334898891343,7.56453132386711,-4.66546943345716,1.05980593192319e-05,0.000323654057613785,3.20719698188339,"GABAergic","Gm294311"
"Gm487641",-0.243334898891343,7.56453132386711,-4.66546943345716,1.05980593192319e-05,0.000323654057613785,3.20719698188339,"GABAergic","Gm487641"
"Gm300851",-0.243334898891343,7.56453132386711,-4.66546943345716,1.05980593192319e-05,0.000323654057613785,3.20719698188339,"GABAergic","Gm300851"
"Abca171",-0.243334898891343,7.56453132386711,-4.66546943345716,1.05980593192319e-05,0.000323654057613785,3.20719698188339,"GABAergic","Abca171"
"9530052C20Rik",-0.243258222649264,7.56432007692666,-4.65770423270953,1.0925301005788e-05,0.000323654057613785,3.17889172383019,"GABAergic","9530052C20Rik"
"Fibcd11",-0.24323738979984,7.56326143982176,-4.6223903242186,1.25413837771975e-05,0.000323654057613785,3.05045569681259,"GABAergic","Fibcd11"
"Kat51",-0.243180877151014,7.59306870272683,-3.79919753759472,0.000262617100399254,0.00203057832769766,0.257779729540799,"GABAergic","Kat51"
"Camk1g1",-0.243171174531608,7.61511110043136,-3.69788997464676,0.000372388516641901,0.00271046421790381,-0.0492452362205835,"GABAergic","Camk1g1"
"Sdc31",-0.243114141938246,7.66060900654957,-2.42325844781972,0.0173716354572473,0.0487411250337868,-3.43089273483356,"GABAergic","Sdc31"
"Pard6b1",-0.24310747267099,7.56437334840418,-4.66311693240653,1.06961807432696e-05,0.000323654057613785,3.19858555423338,"GABAergic","Pard6b1"
"Neb1",-0.243098602179782,7.56436719107443,-4.66302464383462,1.07000479632658e-05,0.000323654057613785,3.1982477814374,"GABAergic","Neb1"
"Zbtb91",-0.243061103191103,7.56434116524211,-4.66263406370783,1.07164296920876e-05,0.000323654057613785,3.19681831699656,"GABAergic","Zbtb91"
"AI6061811",-0.243049503611896,7.56433311583054,-4.66251310106989,1.07215080471512e-05,0.000323654057613785,3.19637562656492,"GABAergic","AI6061811"
"Brca11",-0.243036251528216,7.56432392035701,-4.662374822376,1.07273162405686e-05,0.000323654057613785,3.1958695725261,"GABAergic","Brca11"
"Gm144031",-0.242993064168576,7.56429395813665,-4.66192356723844,1.07462918012577e-05,0.000323654057613785,3.19421819152816,"GABAergic","Gm144031"
"Lyrm71",-0.24299143117396,7.56429282535957,-4.66190648591275,1.07470107212123e-05,0.000323654057613785,3.19415568381795,"GABAergic","Lyrm71"
"Sap30l1",-0.242988430298456,7.56429074373826,-4.6618750928648,1.07483321155995e-05,0.000323654057613785,3.19404080389286,"GABAergic","Sap30l1"
"Hcn41",-0.24296780198719,7.56427643547104,-4.66165917064918,1.0757424974227e-05,0.000323654057613785,3.19325066931249,"GABAergic","Hcn41"
"Pold41",-0.242943234927949,7.6804001080947,-3.22100264258705,0.00177512427506646,0.00790714007666,-1.42702093149413,"GABAergic","Pold41"
"Gm391211",-0.24291387278077,7.56423903719665,-4.6610936617954,1.07812749274565e-05,0.000323654057613785,3.1911813796139,"GABAergic","Gm391211"
"Smurf11",-0.242912651139013,7.59163166449774,-3.86429869601777,0.000209178490022943,0.00175874326638531,0.465234322426185,"GABAergic","Smurf11"
"Zim1",-0.242912094082896,7.56423780392675,-4.66107498507995,1.0782063480064e-05,0.000323654057613785,3.1911130410172,"GABAergic","Zim1"
"Il3ra1",-0.242846120903317,7.56419207022802,-4.66038112294516,1.08113988461113e-05,0.000323654057613785,3.18857429747133,"GABAergic","Il3ra1"
"Nop21",-0.242833543860748,7.68487793084125,-2.86890272985405,0.0051254046568952,0.0179678733875902,-2.34916184692881,"GABAergic","Nop21"
"1600002K03Rik1",-0.242798169946226,7.56400404831228,-4.65306068926466,1.11256526378612e-05,0.000323654057613785,3.16190840504086,"GABAergic","1600002K03Rik1"
"Pcdhga81",-0.242777078497502,7.56414422799364,-4.65965262714945,1.0842281820675e-05,0.000323654057613785,3.18590907802628,"GABAergic","Pcdhga81"
"Csk1",-0.242743696575244,7.59106799117106,-3.96452344250768,0.000146688640357444,0.00140355129285728,0.78957866110478,"GABAergic","Csk1"
"A930002H24Rik1",-0.242742344912425,7.56412019319676,-4.65928474516655,1.0857909883743e-05,0.000323654057613785,3.18456328316254,"GABAergic","A930002H24Rik1"
"2010015M23Rik1",-0.242737029035646,7.56411651559251,-4.65922838054783,1.08603062501394e-05,0.000323654057613785,3.18435709459679,"GABAergic","2010015M23Rik1"
"Tnfrsf41",-0.242716304234304,7.56410217895986,-4.65900849832776,1.08696595465356e-05,0.000323654057613785,3.18355275319835,"GABAergic","Tnfrsf41"
"Ap1g21",-0.242680241802996,7.56407723650657,-4.65862537503809,1.08859754329485e-05,0.000323654057613785,3.18215132107534,"GABAergic","Ap1g21"
"Kazald11",-0.242643165982084,7.56405159866619,-4.65823080445394,1.09028036628587e-05,0.000323654057613785,3.18070808768211,"GABAergic","Kazald11"
"Skida11",-0.242628595045835,7.56404152443037,-4.65807554779392,1.09094321975597e-05,0.000323654057613785,3.18014022045995,"GABAergic","Skida11"
"Sptssb1",-0.242617224178092,7.56388006461469,-4.65120319061709,1.12067912056842e-05,0.000323654057613785,3.15511773683577,"GABAergic","Sptssb1"
"Fam199x1",-0.242572106943149,7.78682461759071,-2.49679642207525,0.0143406016820011,0.0416686646859362,-3.15619942270883,"GABAergic","Fam199x1"
"Fgf1",-0.242549898855745,7.56398712940179,-4.65723518033925,1.09453788141768e-05,0.000323654057613785,3.17706668595214,"GABAergic","Fgf1"
"Serp11",-0.242544667462879,7.66323961361525,-3.0692979969725,0.0028313596121952,0.011059859234291,-1.84859624314918,"GABAergic","Serp11"
"Fzd41",-0.242543305006842,7.56398257285792,-4.65716462604326,1.09484019905673e-05,0.000323654057613785,3.17680865785309,"GABAergic","Fzd41"
"Msantd11",-0.242531956126791,7.56397473086111,-4.65704314179664,1.0953609360078e-05,0.000323654057613785,3.1763643764167,"GABAergic","Msantd11"
"Cryl11",-0.242516365489423,7.56396395869278,-4.65687614635155,1.09607714704681e-05,0.000323654057613785,3.17575366672661,"GABAergic","Cryl11"
"B3galt41",-0.242511448560703,7.56396056160323,-4.65682345456287,1.09630322620346e-05,0.000323654057613785,3.17556097324568,"GABAergic","B3galt41"
"Oca2",-0.242357779701766,7.56385444583579,-4.65517046050651,1.10341857792627e-05,0.000323654057613785,3.16951664923333,"GABAergic","Oca2"
"Gtf3a1",-0.2423504614196,7.56384939611134,-4.65509140083743,1.10376001272501e-05,0.000323654057613785,3.16922759370873,"GABAergic","Gtf3a1"
"Csf11",-0.242333338340226,7.59333202515254,-3.81174852614962,0.00025139394880105,0.00196708632069422,0.297876753778778,"GABAergic","Csf11"
"Acss11",-0.242333045880691,7.56383737999966,-4.65490315260099,1.10457341267852e-05,0.000323654057613785,3.16853933805543,"GABAergic","Acss11"
"Neil21",-0.242329484369614,7.5638349228329,-4.65486463682796,1.10473990677167e-05,0.000323654057613785,3.16839852231489,"GABAergic","Neil21"
"Ino80c1",-0.242320245687607,7.56382854909713,-4.65476469607791,1.10517203933141e-05,0.000323654057613785,3.16803313677906,"GABAergic","Ino80c1"
"Grk41",-0.242309268316063,7.56382097629401,-4.65464589143193,1.10568595065589e-05,0.000323654057613785,3.16759879049685,"GABAergic","Grk41"
"Zfp851",-0.24226368303099,7.56378953423402,-4.65415189303934,1.10782531945666e-05,0.000323654057613785,3.16579281755616,"GABAergic","Zfp851"
"Tmem2061",-0.24225443206003,7.56378315448112,-4.65405151567036,1.10826051652217e-05,0.000323654057613785,3.16542586911715,"GABAergic","Tmem2061"
"Lrrc411",-0.242241597297485,7.56377430380842,-4.65391218182794,1.1088648886292e-05,0.000323654057613785,3.16491651571545,"GABAergic","Lrrc411"
"Gm362781",-0.242240782867941,7.59404729096259,-3.76775080715362,0.00029287162551323,0.00223251650652284,0.158965013998612,"GABAergic","Gm362781"
"Tagap11",-0.24219117804424,7.56373954183681,-4.65336403713131,1.11124561732723e-05,0.000323654057613785,3.16291278766926,"GABAergic","Tagap11"
"Gm204991",-0.242068796336308,7.56365520742031,-4.65202827209298,1.11706796686435e-05,0.000323654057613785,3.15803052097776,"GABAergic","Gm204991"
"Brf21",-0.242046454202351,7.56363981775725,-4.65178360947743,1.11813760818991e-05,0.000323654057613785,3.15713636078315,"GABAergic","Brf21"
"Zfp872",-0.24193782407102,7.5635650200125,-4.6505904980954,1.12336803309545e-05,0.000323654057613785,3.15277633580855,"GABAergic","Zfp872"
"Gm12359",-0.241758781138125,7.56344184275351,-4.64861125984559,1.13209712536937e-05,0.000323654057613785,3.14554500074012,"GABAergic","Gm12359"
"Slc10a31",-0.241743528257674,7.56343135508394,-4.64844191290943,1.13284705024097e-05,0.000323654057613785,3.14492636003772,"GABAergic","Slc10a31"
"Yif1a1",-0.241719120530821,7.61059566889398,-4.01667905092718,0.000121688196234599,0.00122577152213586,0.968382355646908,"GABAergic","Yif1a1"
"Rbm141",-0.241619029696586,7.7009529400499,-3.34055605201299,0.00121595030144183,0.00590604432128889,-1.07836647719723,"GABAergic","Rbm141"
"Acbd31",-0.241500438139778,7.70447802829509,-2.81085008518191,0.00605607558293411,0.0206472247209375,-2.49646015733541,"GABAergic","Acbd31"
"Gm474691",-0.241414283416415,7.56320765101427,-4.64474044217671,1.14935932838357e-05,0.000323654057613785,3.13140805511491,"GABAergic","Gm474691"
"Ap5z11",-0.241406771098552,7.60599161144969,-4.3376111124464,3.73435432868474e-05,0.00055768155498168,2.05190856136006,"GABAergic","Ap5z11"
"Pcdhgb61",-0.241367054959176,7.63488914522837,-3.43905398784504,0.000884335804756911,0.00464828773275445,-0.82284692392686,"GABAergic","Pcdhgb61"
"Kat2b1",-0.241329631791992,7.63866828877365,-3.55597379838912,0.000601311099813535,0.00371306403964428,-0.4733552058337,"GABAergic","Kat2b1"
"Itpkc1",-0.2412921426093,7.61504848789509,-3.39814998754745,0.00101010514137058,0.00512276452979524,-0.951948057177487,"GABAergic","Itpkc1"
"Gm267421",-0.241232059524878,7.56308415121742,-4.64266821915446,1.15870524122015e-05,0.000323654057613785,3.12384275059412,"GABAergic","Gm267421"
"Sult2b11",-0.241223356809745,7.60425635904821,-4.28886925946259,4.4834156894047e-05,0.000626567440377392,1.88317717474533,"GABAergic","Sult2b11"
"Pi4kb1",-0.241192611189052,7.61182390024255,-3.8690012702194,0.000205749949368048,0.00174887456962841,0.489216872218943,"GABAergic","Pi4kb1"
"Syt31",-0.241143784751984,7.73228468684082,-3.09947450771511,0.00258333162408695,0.0103742422783722,-1.72514536451293,"GABAergic","Syt31"
"Bcl2l131",-0.24102078695663,7.66104012948005,-3.60751731549619,0.000505958225420808,0.00338122863622629,-0.309128700187177,"GABAergic","Bcl2l131"
"Ccdc1811",-0.240847578203547,7.56282401088131,-4.63824385190621,1.17890695997567e-05,0.000323654057613785,3.10769679645725,"GABAergic","Ccdc1811"
"Pcdhb51",-0.240683123876695,7.56271292123004,-4.63632992184086,1.18775149043126e-05,0.000323654057613785,3.10071502253782,"GABAergic","Pcdhb51"
"Mark41",-0.240632791464601,7.61177970147962,-4.11516592876468,8.51696281252605e-05,0.00099748436881198,1.29584880459368,"GABAergic","Mark41"
"Gm170561",-0.240576961200555,7.56263478161982,-4.63508306163438,1.19354799301418e-05,0.000323654057613785,3.09616998406142,"GABAergic","Gm170561"
"Toe11",-0.240459269631346,7.58670005009978,-4.24991228089578,5.18432216571965e-05,0.000693291358583846,1.74407116607812,"GABAergic","Toe11"
"Ampd31",-0.240370378636692,7.59629719826202,-3.98696330201942,0.000135382101230119,0.00132543268125645,0.86555415574524,"GABAergic","Ampd31"
"Acot91",-0.240236082266245,7.63453346802527,-3.68929747743401,0.00038347961403585,0.00275883015083183,-0.0682330003096823,"GABAergic","Acot91"
"Nts1",-0.240234110580877,7.56221903974858,-4.62506998071573,1.24110327050147e-05,0.000323654057613785,3.05977500905122,"GABAergic","Nts1"
"Met1",-0.240189626032302,7.56233965792116,-4.63046878098717,1.21523887292791e-05,0.000323654057613785,3.0793605375529,"GABAergic","Met1"
"Banp1",-0.240043872608298,7.69156964300129,-2.6039074661176,0.0107713368933952,0.0330017018379375,-3.00038684187533,"GABAergic","Banp1"
"Trabd1",-0.239919710552382,7.59192548015239,-3.86277722630412,0.000210299389366934,0.00176041050511355,0.46020081487343,"GABAergic","Trabd1"
"Sspn1",-0.239732329670477,7.56199257195913,-4.62489858660861,1.24193306320077e-05,0.000323654057613785,3.05908243492869,"GABAergic","Sspn1"
"Arhgef151",-0.239702439912381,7.5921089035296,-3.85372255252684,0.000217089687431487,0.00180206222142124,0.431225948349296,"GABAergic","Arhgef151"
"Rsu11",-0.239525820879559,7.68648973913161,-3.20958001844547,0.00183959066289098,0.00811853489561774,-1.45556674524587,"GABAergic","Rsu11"
"S1pr51",-0.239417887003027,7.6037111708388,-3.71259430507666,0.00035411217914152,0.00261113020983141,-0.0106296195878741,"GABAergic","S1pr51"
"Nectin31",-0.239270851056572,7.59176467690787,-3.44500219548266,0.000867325520565437,0.00458411827522022,-0.82850859444283,"GABAergic","Nectin31"
"Dtx11",-0.23907432673748,7.64442869359454,-2.56845663341784,0.0118522595493423,0.0356659895750092,-3.1107058826173,"GABAergic","Dtx11"
"Pomk1",-0.238756559110566,7.68921910094653,-3.0667815493517,0.00285301130060726,0.0111234276596092,-1.84239843042341,"GABAergic","Pomk1"
"Ndor11",-0.238672032113354,7.64241985909684,-2.83966031119923,0.00557640728821067,0.0192874064790118,-2.45679535491094,"GABAergic","Ndor11"
"Gm206961",-0.238629296379637,7.63082189468933,-3.58295856999652,0.000549449808024863,0.00355694946144421,-0.395863407363471,"GABAergic","Gm206961"
"C130074G19Rik1",-0.238619457432291,7.56108455024692,-4.61068295427413,1.31266267520293e-05,0.000323654057613785,3.00742544614236,"GABAergic","C130074G19Rik1"
"C1qa",-0.238615092203807,7.55118876415048,-4.56714843260239,1.55442128713112e-05,0.000355255399139912,2.8475904954416,"GABAergic","C1qa"
"Rtel11",-0.238518542366752,7.63867066269133,-3.44103484519348,0.000878636469599434,0.00462420635611916,-0.815066942166796,"GABAergic","Rtel11"
"Fank11",-0.238515718155809,7.58648407725238,-4.28792043607182,4.49934591410051e-05,0.000627808419933567,1.87467695239237,"GABAergic","Fank11"
"Tcaim1",-0.238323090983939,7.66726516719288,-2.42603387984485,0.0172475966678188,0.0484698085705687,-3.4207167569186,"GABAergic","Tcaim1"
"Ccdc74a1",-0.238178481185091,7.65425878961748,-2.81448125585655,0.0059936048852926,0.0204736131644594,-2.51381959273215,"GABAergic","Ccdc74a1"
"Isg15",-0.238160846885185,7.56053375470906,-4.59931143462049,1.37203895144143e-05,0.000323654057613785,2.96623328340735,"GABAergic","Isg15"
"Zfp5131",-0.237773064026216,7.64381808521685,-2.82121406110157,0.00587933305823966,0.0201275926214494,-2.50218790297942,"GABAergic","Zfp5131"
"Fpgt1",-0.237747737532874,7.68059312580368,-2.82217713039422,0.00586315165723398,0.0200832768606883,-2.47985481726358,"GABAergic","Fpgt1"
"Zfp2121",-0.237744748081809,7.6601179581456,-2.45154834730937,0.0161438006754222,0.0459750521103799,-3.36890998129414,"GABAergic","Zfp2121"
"Ankrd34a1",-0.237648489664703,7.61164976827278,-3.66554799327707,0.00041579069353162,0.00294182583051733,-0.15124782567765,"GABAergic","Ankrd34a1"
"Jup1",-0.237607245562197,7.59307153328188,-3.38685424291979,0.00104769558270669,0.0052617977261797,-0.997715434349918,"GABAergic","Jup1"
"Tmco31",-0.237187608764645,7.66734425327003,-2.9443335480111,0.00411232029197864,0.0150675804025553,-2.17635163170984,"GABAergic","Tmco31"
"Amot1",-0.23717041861688,7.61394014232743,-3.34108073336126,0.00121390884562416,0.00589843726475952,-1.11918079447095,"GABAergic","Amot1"
"Dbf41",-0.237096242948903,7.5940808657564,-3.60594493122929,0.000508642080574529,0.00339550738027429,-0.34322609924762,"GABAergic","Dbf41"
"Dusp71",-0.237088105479978,7.63661980095005,-3.28248545551002,0.0014629128409986,0.00687940445501802,-1.27382305388586,"GABAergic","Dusp71"
"Ggcx1",-0.237065850196954,7.61428467162859,-3.38446355440958,0.00105581834400853,0.00529402248450337,-0.992249289203122,"GABAergic","Ggcx1"
"Slc38a101",-0.236833310405367,7.58656074314486,-4.27063433073898,4.79930365325665e-05,0.000655940069789812,1.8150608384992,"GABAergic","Slc38a101"
"Psme31",-0.236830494699207,7.63529019940242,-3.76665745502928,0.000293981040175704,0.00223542998346407,0.17332618270901,"GABAergic","Psme31"
"Col4a21",-0.236734649109986,7.73872501735595,-2.42686909327507,0.0172104244554285,0.0484361489275752,-3.35571517805762,"GABAergic","Col4a21"
"Ube2j21",-0.236695387809875,7.77158661055004,-2.81180478484471,0.00603959339936661,0.0206133661995662,-2.43145599858797,"GABAergic","Ube2j21"
"2310074N15Rik1",-0.23652930979662,7.6210575603538,-2.65182756901178,0.00945185571708218,0.0297030968470473,-2.9325473511885,"GABAergic","2310074N15Rik1"
"Vars21",-0.236517987467149,7.61236996151032,-3.6909297046624,0.000381348894171814,0.00274668588315276,-0.0723063024537938,"GABAergic","Vars21"
"Hells1",-0.236515403963669,7.6369807723478,-3.72807010750824,0.000335799512332296,0.00250286603486114,0.0532324946716294,"GABAergic","Hells1"
"Utp201",-0.236344916987042,7.66777909263099,-2.91928540826078,0.0044262047848582,0.0159759943540547,-2.2404169998579,"GABAergic","Utp201"
"Bicra1",-0.236325426364677,7.59328866988455,-3.52327160843202,0.000670371821131333,0.00399424029870447,-0.593876728651316,"GABAergic","Bicra1"
"Gm425171",-0.236301665570997,7.60652805609577,-3.59133749212945,0.000534228145608675,0.00351712004615578,-0.382587255520809,"GABAergic","Gm425171"
"Tshz21",-0.236221080310671,7.58876533079214,-4.06439903814454,0.000102433911262181,0.00109775892812061,1.11836270279826,"GABAergic","Tshz21"
"Ptbp11",-0.236186880290688,7.64533400035877,-2.49283477673775,0.0144909384065191,0.0420329036691284,-3.28286313424964,"GABAergic","Ptbp11"
"Isoc2b1",-0.236169416391911,7.59351764849424,-3.64271006724479,0.000449286732911375,0.00309414448137079,-0.230961322224085,"GABAergic","Isoc2b1"
"Dpysl41",-0.236144827097267,7.58553420393908,-4.29271465510433,4.41940856904069e-05,0.000621119596169819,1.89077411810574,"GABAergic","Dpysl41"
"Igf2r1",-0.235827820369103,7.68889751497923,-2.6478111424468,0.00955654165557567,0.0299486570569935,-2.89978395328817,"GABAergic","Igf2r1"
"Ctnnd11",-0.235824064527407,7.66612515918075,-2.78443464708996,0.00652877663060718,0.0220108986649919,-2.58046385534273,"GABAergic","Ctnnd11"
"Bag21",-0.235614367414339,7.68194705369613,-3.29636903977814,0.00139992114384856,0.00666143458403397,-1.21447042228787,"GABAergic","Bag21"
"Ybx31",-0.234967070887036,7.63226080132185,-3.90747448869623,0.000179646675135053,0.00158114555916738,0.620085103014577,"GABAergic","Ybx31"
"Mut1",-0.234885113578009,7.6806446194459,-3.13966662093379,0.00228427720436919,0.00957504486028658,-1.65093374065996,"GABAergic","Mut1"
"Trpc31",-0.2347884619816,7.66066509470452,-3.10200868081143,0.00256344951211013,0.0103291453581022,-1.76200423459004,"GABAergic","Trpc31"
"Kcna31",-0.234462967337247,7.6423002444448,-3.61402284267519,0.00049499610530067,0.00332408098851803,-0.295986349313241,"GABAergic","Kcna31"
"Nudt51",-0.234439491396811,7.69201817159291,-2.50745266459586,0.0139431348314477,0.0407715134915802,-3.22262995603109,"GABAergic","Nudt51"
"Zfp9761",-0.234183783568138,7.59074339936461,-3.9852114513427,0.000136233863431626,0.00132840125023932,0.857238127744267,"GABAergic","Zfp9761"
"Zkscan51",-0.234101930635293,7.59089298427561,-4.00434858293631,0.000127201137668934,0.001265891033257,0.920121149550338,"GABAergic","Zkscan51"
"Alox5ap1",-0.233986576332714,7.59386847154563,-3.17289668703963,0.00206171297176065,0.0088287984746548,-1.60541183211423,"GABAergic","Alox5ap1"
"Rec8",-0.233907672046309,7.59149236092946,-3.99136429542794,0.00013326474756808,0.00131079986437126,0.877604902363188,"GABAergic","Rec8"
"Mettl5os1",-0.233775135643386,7.64715177588228,-2.55218567800446,0.0123803611254616,0.0369683064405627,-3.14965934853983,"GABAergic","Mettl5os1"
"Gm67121",-0.233724787631579,7.63081745784553,-3.7289243457429,0.000334815375544353,0.00249853205682827,0.0533801724958307,"GABAergic","Gm67121"
"Gba1",-0.233647767738108,7.61531560516008,-3.40029012913548,0.00100312762828916,0.00509620046103534,-0.945495783714443,"GABAergic","Gba1"
"Plvap1",-0.233470652524495,7.68075713798573,-3.55036830292799,0.000612650007414286,0.00374900719527184,-0.474528139152839,"GABAergic","Plvap1"
"AC117232.11",-0.233381451366554,7.59240746440021,-4.12194513288549,8.30875473172485e-05,0.000982951822885656,1.3113724180384,"GABAergic","AC117232.11"
"Tbc1d9b1",-0.233360652002682,7.61516847901281,-3.28139111434862,0.00146798928594904,0.00689317559677905,-1.28907417650158,"GABAergic","Tbc1d9b1"
"Meis31",-0.233315816577098,7.66172631401895,-2.91942937588317,0.00442433926865671,0.0159759943540547,-2.24344610549828,"GABAergic","Meis31"
"Leprot1",-0.233235111842273,7.58713083079274,-4.14703235862514,7.57997468152647e-05,0.000916837093545258,1.39446283882057,"GABAergic","Leprot1"
"Tmem2681",-0.233226749655505,7.59289423461931,-3.61539077250506,0.000492719903149861,0.00331173807254042,-0.315112306804851,"GABAergic","Tmem2681"
"Cutc1",-0.233132640311936,7.59038679909054,-3.95762268145494,0.000150343663617334,0.0014253360316968,0.766796994580794,"GABAergic","Cutc1"
"Shb1",-0.233109653689967,7.59337206628739,-3.51456684037265,0.000689980540449358,0.00406300609804438,-0.619980607413813,"GABAergic","Shb1"
"Amt1",-0.23308936035589,7.5925985678785,-3.64791058941374,0.000441441303052861,0.00306734970374356,-0.215565064512689,"GABAergic","Amt1"
"Gm328341",-0.232942507288393,7.59169785205107,-3.95161580282399,0.000153596042945598,0.00144513032066329,0.747808081563557,"GABAergic","Gm328341"
"Mta21",-0.232883671156708,7.59391562114281,-3.15598364024694,0.00217233409753591,0.00920405126337337,-1.65221017465965,"GABAergic","Mta21"
"D3Ertd254e1",-0.232882512601237,7.63814371296286,-3.60886874831367,0.000503662234933789,0.00337497210341702,-0.313452600394307,"GABAergic","D3Ertd254e1"
"Cd3201",-0.232816317735786,7.63539467712628,-3.29441181908089,0.00140864472446663,0.00669011903200568,-1.24069642048581,"GABAergic","Cd3201"
"Akt1s11",-0.232754067500423,7.67947587566106,-3.30794137601159,0.00134936801102937,0.00645802430268972,-1.18288908567211,"GABAergic","Akt1s11"
"2310075C17Rik1",-0.232650807286142,7.59365065067258,-3.49963773641604,0.000724877791949671,0.0041327623691903,-0.664542288425966,"GABAergic","2310075C17Rik1"
"Opalin1",-0.232625962597345,7.58681084063905,-4.04153363106296,0.000111263604492886,0.00115601106534255,1.04167397849816,"GABAergic","Opalin1"
"Peli31",-0.232596890490463,7.63238936978357,-3.60633222409762,0.000507979772656618,0.00339291118335233,-0.323992740078213,"GABAergic","Peli31"
"9230116L04Rik1",-0.232416973672819,7.6159207783908,-3.25540304725851,0.00159350253320316,0.0072998768686051,-1.36220640854628,"GABAergic","9230116L04Rik1"
"Men11",-0.232410325931403,7.63420045350169,-3.73685707295511,0.000325806465966104,0.00244158106439574,0.079512434516527,"GABAergic","Men11"
"Zfp8271",-0.232348370578737,7.64213254827297,-2.72345953533872,0.00775135423862291,0.0252346028597351,-2.74755598376152,"GABAergic","Zfp8271"
"Gm107781",-0.232320502550606,7.5919324388581,-3.92914884228716,0.000166367573879859,0.00148943966769118,0.674736807151954,"GABAergic","Gm107781"
"Sqle1",-0.232312913080246,7.64556330557935,-2.54938943348077,0.0124732223374257,0.0371919003381675,-3.15344642293088,"GABAergic","Sqle1"
"Isy11",-0.232270000847538,7.68641934847525,-3.1284381879279,0.00236440531307447,0.00982990617596453,-1.67725733377508,"GABAergic","Isy11"
"Dtwd21",-0.232217524311054,7.59142182705779,-3.92577804989581,0.000168369235539271,0.00150321022521033,0.663428657337743,"GABAergic","Dtwd21"
"Dhrs7b1",-0.232123122487749,7.592003806425,-3.94538851526935,0.000157038783050848,0.0014587210311834,0.72746229389401,"GABAergic","Dhrs7b1"
"Gstt21",-0.232056038001862,7.59083385844777,-3.91066983010869,0.000177627240556755,0.00156781938499952,0.614347800501614,"GABAergic","Gstt21"
"Scml21",-0.231960035858762,7.5927485474941,-3.92528620533397,0.000168663223539562,0.00150475241130551,0.662364567372471,"GABAergic","Scml21"
"Acyp11",-0.231947501602723,7.65303866461435,-3.25377619164997,0.00160168457212863,0.00733194597569763,-1.3468744021497,"GABAergic","Acyp11"
"Alkbh41",-0.23190889480428,7.59272167557414,-3.90255243461887,0.000182800371936258,0.00159982554000632,0.588798885002007,"GABAergic","Alkbh41"
"Limd21",-0.231607127304417,7.63984759336516,-3.27332874225185,0.00150590088633503,0.00702226122978482,-1.29781897153318,"GABAergic","Limd21"
"Tgfbr21",-0.231553506748934,7.59200113987844,-3.89266184543998,0.000189298247807899,0.00164624474792994,0.556424461158951,"GABAergic","Tgfbr21"
"Zfhx31",-0.231383479641884,7.64141287850624,-3.22637162866484,0.00174555804914,0.00780907548299472,-1.429085076325,"GABAergic","Zfhx31"
"Zfp335os1",-0.231374754936865,7.59263742393931,-3.54791825976309,0.000617669262599058,0.00376672017142718,-0.520188248518212,"GABAergic","Zfp335os1"
"Mterf21",-0.231354521002626,7.66810990021255,-3.72547724314913,0.000338803533937429,0.00252374060994207,0.0559273797832649,"GABAergic","Mterf21"
"Mthfd2l1",-0.231333862242772,7.59101913598487,-3.89501762380484,0.000187730829376163,0.00163593962519552,0.563721553685913,"GABAergic","Mthfd2l1"
"Spata481",-0.231272448179072,7.59191744274384,-3.86534844083779,0.000208408448211599,0.00175583763904002,0.468483122020936,"GABAergic","Spata481"
"Ltv11",-0.231264953922397,7.59250113579121,-3.89627195313558,0.000186901327463941,0.0016322628246499,0.568364043661317,"GABAergic","Ltv11"
"Cc2d1a1",-0.231253083390269,7.59028944509723,-4.01897940957759,0.000120685374934209,0.0012186375125578,0.968200269491548,"GABAergic","Cc2d1a1"
"Tnni3k",-0.231210378699827,7.59175026594479,-4.0067391754375,0.000126113941138346,0.00125692515257791,0.92826508573452,"GABAergic","Tnni3k"
"Tgfb31",-0.231138529271871,7.67148664442349,-2.81990550655584,0.00590138484491451,0.0201919453888583,-2.4911589152526,"GABAergic","Tgfb31"
"Cln31",-0.230876139981604,7.59235917838635,-3.54855509395219,0.000616360890890977,0.00376614409451355,-0.518463525445914,"GABAergic","Cln31"
"Polr2e1",-0.230866750560707,7.76096944435377,-2.7533194870716,0.00712872154441281,0.0236480712018612,-2.58767663225246,"GABAergic","Polr2e1"
"Prrc11",-0.230770073710915,7.59550665288256,-3.39114914936737,0.00103325037792449,0.00520399236608883,-0.983739927997285,"GABAergic","Prrc11"
"Dynlt1a1",-0.230601927265623,7.6370728011661,-3.12178814862734,0.00241308679599237,0.00996197485174807,-1.72002396627933,"GABAergic","Dynlt1a1"
"D730045B01Rik1",-0.23055654883838,7.59024191773461,-4.04140288092994,0.000111316134011631,0.00115601106534255,1.0422310951327,"GABAergic","D730045B01Rik1"
"Fah1",-0.230431686362898,7.62131071667446,-2.46312037891594,0.0156643159975154,0.0448429438360245,-3.36543434367971,"GABAergic","Fah1"
"Tomm6os1",-0.230388495078834,7.59088378304353,-4.01269275605047,0.000123444924522949,0.00123544476881436,0.947474617012245,"GABAergic","Tomm6os1"
"Snx151",-0.230298821068069,7.71337580231779,-2.58909844431366,0.011211553113373,0.0341269006958447,-3.02372587609578,"GABAergic","Snx151"
"Gon71",-0.230261809715675,7.63895389378417,-3.57217004190379,0.000569654275001569,0.00361421756276558,-0.42443041620079,"GABAergic","Gon71"
"Gm16853",-0.23025591027594,7.59082016789679,-3.99451267749981,0.000131769534882067,0.00130185319617785,0.887722905366996,"GABAergic","Gm16853"
"Opa31",-0.230217424838751,7.66948972671971,-3.52203155282734,0.000673132689987491,0.00399765405854975,-0.563035924210802,"GABAergic","Opa31"
"Gfod11",-0.230153820238877,7.65149445505658,-3.49935694429147,0.000725549851540486,0.0041327623691903,-0.637445444815276,"GABAergic","Gfod11"
"Taf5l1",-0.230065653602949,7.59257143945147,-3.84198737234517,0.000226201932929894,0.00183756421751129,0.393795184053323,"GABAergic","Taf5l1"
"Wfs11",-0.229805493838845,7.59188912633307,-3.91203499427263,0.000176771097479051,0.00156248527045229,0.619234030059484,"GABAergic","Wfs11"
"Tmem1861",-0.229783979708826,7.61581285207373,-3.29875879655718,0.00138933835648187,0.00662281096219407,-1.23929301087614,"GABAergic","Tmem1861"
"Slc25a201",-0.229388426416997,7.58958164424851,-4.11551904747845,8.50599494316981e-05,0.00099748436881198,1.28839966099963,"GABAergic","Slc25a201"
"Adra1b1",-0.229290064865018,7.58994651014371,-4.02967054836723,0.000116127702123563,0.00119101726335822,1.00316299890002,"GABAergic","Adra1b1"
"A330032B11Rik1",-0.229284161432306,7.59100364201434,-3.95338689506761,0.000152630164963549,0.00143931637325049,0.75312702119183,"GABAergic","A330032B11Rik1"
"Slc25a261",-0.229245051631018,7.70302773519493,-3.00542239861444,0.00343093187225612,0.0130271961283067,-1.9995676115999,"GABAergic","Slc25a261"
"Gm265321",-0.229219564858359,7.61534895163162,-3.31019008371914,0.00133974544685275,0.00641692049225881,-1.20698923089075,"GABAergic","Gm265321"
"Ifnar21",-0.229114086366498,7.65938519213164,-2.80796303732087,0.00610616926500057,0.0207837522157589,-2.52668347991994,"GABAergic","Ifnar21"
"Apbb1ip1",-0.229102649200281,7.58969095948919,-4.01520115616991,0.000122336679650401,0.00122931027891617,0.955356854143167,"GABAergic","Apbb1ip1"
"Chkb1",-0.228985532046955,7.64502945139366,-3.18976549155796,0.00195663218855949,0.00852890953987468,-1.52891704708224,"GABAergic","Chkb1"
"Htr71",-0.228937851098225,7.59167144964238,-3.9455034940097,0.00015697455360896,0.0014587210311834,0.72756211806513,"GABAergic","Htr71"
"Morn11",-0.228933425526567,7.591074432924,-3.94587793502613,0.000156765557455731,0.0014587210311834,0.728627908089725,"GABAergic","Morn11"
"Sept91",-0.228926277527676,7.58872901136084,-4.04910002813849,0.000108263927297021,0.00114345135128172,1.06703014725288,"GABAergic","Sept91"
"Gm51131",-0.228891539667692,7.59147879447002,-3.9491010323035,0.000154977544116043,0.00145043086159886,0.73920569193456,"GABAergic","Gm51131"
"Pxn1",-0.228886089993978,7.63835462960619,-3.45065796063576,0.000851437965984473,0.00453685923480778,-0.787061599522828,"GABAergic","Pxn1"
"Hyal11",-0.228754048789404,7.63647767300837,-3.38963953412316,0.00103830623051142,0.00522309700877452,-0.966537098686725,"GABAergic","Hyal11"
"Prdm51",-0.228718199108169,7.63487582190871,-3.40340935465146,0.000993039190196789,0.00506727645984463,-0.927447519472206,"GABAergic","Prdm51"
"Il15ra1",-0.228704558634027,7.59839078428297,-3.30915751886341,0.00134415593143061,0.00643556138466583,-1.21908516140606,"GABAergic","Il15ra1"
"Ctu21",-0.228618372913312,7.66121715424952,-3.22993722955289,0.00172617783331668,0.00775031364379883,-1.41042583982838,"GABAergic","Ctu21"
"Tfdp11",-0.228573964713584,7.68341658163186,-3.09433538624354,0.00262409194100266,0.0105014450138159,-1.77257163972995,"GABAergic","Tfdp11"
"Scn9a1",-0.228551493846241,7.64348245059675,-2.56523057537134,0.011955323890044,0.0358977908239646,-3.11928705766489,"GABAergic","Scn9a1"
"9030624G23Rik1",-0.228529596236624,7.5909949756384,-3.95349860298495,0.000152569439488578,0.00143931637325049,0.75346065562358,"GABAergic","9030624G23Rik1"
"Zfp6531",-0.228495806303568,7.59046332605392,-3.95764494232639,0.000150331734110009,0.0014253360316968,0.766831702576161,"GABAergic","Zfp6531"
"Fbxo161",-0.228389665321544,7.59078867166486,-3.95573443506102,0.000151358871032203,0.00143058917708274,0.760662518458361,"GABAergic","Fbxo161"
"Rasa41",-0.228341364340386,7.5913672231241,-3.92027188974826,0.000171688551587247,0.00152735120085859,0.64547240702682,"GABAergic","Rasa41"
"Ftsj31",-0.228083471902175,7.59023183374732,-3.96293574666245,0.000147521961761641,0.00140718489274556,0.783936532324401,"GABAergic","Ftsj31"
"Alkbh31",-0.228027694956065,7.59080768645553,-3.94167783204338,0.000159125196476734,0.00146199881083169,0.714842804103846,"GABAergic","Alkbh31"
"Tmem1921",-0.227994647913161,7.71600412027806,-2.70193547580556,0.00823046646021557,0.0265023582696615,-2.75611879933847,"GABAergic","Tmem1921"
"Faap1001",-0.227650333991997,7.64469525722808,-2.61778050006448,0.0103731788020999,0.0319432131350025,-2.9992922193145,"GABAergic","Faap1001"
"Tfeb1",-0.227056071872825,7.58817474275297,-3.99164311037336,0.000133131681222206,0.00131079986437126,0.876881067991374,"GABAergic","Tfeb1"
"Cenpa1",-0.226727225740554,7.59562972287888,-3.71991530075143,0.000345333886410296,0.00256009171466653,0.00906861403398107,"GABAergic","Cenpa1"
"Enoph11",-0.226694048196405,7.59064863780092,-3.91340749213136,0.000175914332245025,0.00155824187234887,0.622843470300688,"GABAergic","Enoph11"
"Sec23b1",-0.226595034971894,7.64001411492705,-2.62911925054751,0.0100576957940808,0.0311650448950168,-2.97248889727711,"GABAergic","Sec23b1"
"Maged21",-0.226498718682852,7.63899102921787,-3.40806927364384,0.000978145454392286,0.00500774962417833,-0.911593405994047,"GABAergic","Maged21"
"Gm26981",-0.226478240499856,7.5926816061466,-3.84347079959855,0.000225030234891646,0.00183354725618851,0.39852026891206,"GABAergic","Gm26981"
"Cdk181",-0.226466721495203,7.59187724420827,-3.86180845564619,0.000211016088902308,0.00176344085069202,0.456921003092067,"GABAergic","Cdk181"
"Cbll11",-0.226318404371592,7.71488367625313,-2.78153274702288,0.00658271205008981,0.0221506118605245,-2.56194022132783,"GABAergic","Cbll11"
"1110012L19Rik1",-0.226249800930541,7.59288080754389,-4.02400306093235,0.000118522821009327,0.00120221234236378,0.985893125270328,"GABAergic","1110012L19Rik1"
"Ube2cbp",-0.2261527155552,7.61699905974125,-3.07150640823887,0.00281248404933437,0.0110069148698327,-1.86855036793278,"GABAergic","Ube2cbp"
"Syde1",-0.226103514240457,7.58909099140376,-3.92679057395614,0.000167765566056724,0.00149889897391213,0.665412398069472,"GABAergic","Syde1"
"Cib21",-0.226034275154553,7.6376727416464,-3.36989376141962,0.00110661616288298,0.00550645813206806,-1.0228724875591,"GABAergic","Cib21"
"Klhl16",-0.225992369438901,7.59367981379866,-3.35535003794752,0.0011596076188211,0.00569478850398492,-1.08876102706402,"GABAergic","Klhl16"
"Hykk1",-0.225825351412086,7.59825231742872,-3.69729989729809,0.000373140328529378,0.00271275423377246,-0.060215926356177,"GABAergic","Hykk1"
"Dck1",-0.225805740575588,7.58815331827988,-3.94279193671635,0.000158495997061123,0.00146199881083169,0.717055899492545,"GABAergic","Dck1"
"Phrf11",-0.225743593330172,7.79376239603613,-2.44314687702949,0.016500086891967,0.0467929795085261,-3.28064571083656,"GABAergic","Phrf11"
"Osgin21",-0.225552292565872,7.66179570590807,-3.10972745610037,0.00250376415743206,0.0101707735495031,-1.74039002137927,"GABAergic","Osgin21"
"Tmem1291",-0.22547980782466,7.62722622358373,-3.72434861644692,0.000340119098109073,0.0025254859479831,0.0373642033973596,"GABAergic","Tmem1291"
"Slc25a110",-0.225413872748991,7.64575819035413,-2.87625715698645,0.0050173787004071,0.0176931353801062,-2.36214111125038,"GABAergic","Slc25a110"
"Rps6kc11",-0.225109703825455,7.65979608318034,-3.04033163319175,0.0030900704692647,0.0119166483914154,-1.92752630883599,"GABAergic","Rps6kc11"
"Usf31",-0.225068000865416,7.58769995346723,-3.9398810263097,0.000160144993734425,0.00146888349759365,0.707300249278679,"GABAergic","Usf31"
"Ccdc1591",-0.225024162206561,7.65672680500386,-3.28937789488237,0.00143131617107228,0.0067692963730972,-1.24486974635887,"GABAergic","Ccdc1591"
"Ndel11",-0.22494937799326,7.70173469920814,-2.57125649732264,0.0117634610036168,0.0354503523688402,-3.06461130768669,"GABAergic","Ndel11"
"Crlf21",-0.22486256234779,7.61406186915212,-3.21417280306341,0.00181341164281509,0.00802583398264455,-1.47943060649202,"GABAergic","Crlf21"
"Zscan211",-0.224773633440622,7.63416799431791,-3.41051608820155,0.00097040954046737,0.00498047245541773,-0.907174796573068,"GABAergic","Zscan211"
"Wbp1l1",-0.224345692663602,7.62845776410758,-3.6839711751429,0.000390511548870517,0.00279483755564194,-0.0875175972776576,"GABAergic","Wbp1l1"
"Uspl11",-0.224319138342586,7.68708972530969,-2.91112901753091,0.00453308552004888,0.0163012434957423,-2.25293930497429,"GABAergic","Uspl11"
"Lypd61",-0.224310016762676,7.59261436678172,-3.79590416282918,0.000265640211318148,0.00205012128262327,0.246963496084933,"GABAergic","Lypd61"
"Zfp6411",-0.224253834510542,7.63627737243879,-3.5474595055756,0.000618613397407889,0.00377062488302156,-0.500222253069858,"GABAergic","Zfp6411"
"Gpnmb",-0.224149660782334,7.61434464139405,-3.17398292185749,0.00205479101899369,0.00880523361385073,-1.59088380067146,"GABAergic","Gpnmb"
"Rassf41",-0.224099559453877,7.59031331022641,-3.84763535936187,0.000221771690932207,0.00182626853647557,0.410498877508058,"GABAergic","Rassf41"
"Mchr11",-0.224090061749285,7.61183705286665,-3.15993248880285,0.00214602216381039,0.00912684546020798,-1.6306423649569,"GABAergic","Mchr11"
"Golga7b1",-0.224053541557509,7.58691996133396,-4.05782188533366,0.000104902388681633,0.00111649969428736,1.09501214335831,"GABAergic","Golga7b1"
"Irf91",-0.223827264668115,7.5886458921743,-3.87701302535526,0.000200031997996729,0.00171911156173089,0.504076352335763,"GABAergic","Irf91"
"Plekha71",-0.223789865950539,7.58959263499917,-3.85891712925647,0.000213168991309873,0.00178023363536711,0.446297396832506,"GABAergic","Plekha71"
"Gm125761",-0.223603532493692,7.63681345697907,-3.20175154086262,0.00188502844863657,0.0082749214883551,-1.50020017395657,"GABAergic","Gm125761"
"Mapk71",-0.223547610139377,7.64063643707161,-3.36462917384382,0.001125529733405,0.00557092342857996,-1.03687004139351,"GABAergic","Mapk71"
"Pip5kl11",-0.223420536322635,7.63532128350687,-3.539072328704,0.000636117007850961,0.00385271452778449,-0.525995726060748,"GABAergic","Pip5kl11"
"Gadd45gip11",-0.223303157948217,7.71142135664295,-2.90444203903741,0.00462247871074198,0.0165459938852922,-2.25633872623161,"GABAergic","Gadd45gip11"
"Med161",-0.223190964275533,7.59531862775648,-3.11997923911409,0.00242648932400714,0.00998106870404429,-1.74981666367394,"GABAergic","Med161"
"Znfx11",-0.223175684985656,7.68728670570096,-2.61609507882378,0.010420829728216,0.0320660790793851,-2.97543930071862,"GABAergic","Znfx11"
"Mapk141",-0.223121174862094,7.68540189373417,-3.0885832598532,0.00267042265414162,0.0106320003650618,-1.78652677526932,"GABAergic","Mapk141"
"Arid3b1",-0.223101551330655,7.63774665082863,-3.12457666828276,0.00239256103520834,0.00991044140418407,-1.71203370971737,"GABAergic","Arid3b1"
"Hhatl1",-0.223049156862491,7.5927085978807,-3.55121578259692,0.000610922826054102,0.00374395467740616,-0.510207815258919,"GABAergic","Hhatl1"
"Kcns11",-0.223042008053856,7.64013972296849,-2.54688909834727,0.0125567871274491,0.0373513250842867,-3.16386816335326,"GABAergic","Kcns11"
"Nr4a31",-0.222992046314088,7.5857092784667,-4.02654015697027,0.000117444830444356,0.00119760915843423,0.990941962341381,"GABAergic","Nr4a31"
"Zfp354c1",-0.222909609910082,7.59540913841654,-3.11272371826659,0.00248094576520681,0.0100979130686181,-1.76958107194529,"GABAergic","Zfp354c1"
"Gm143271",-0.222873496215103,7.63306019796557,-3.51058619817765,0.000699126947749399,0.00408048475074475,-0.612152550155545,"GABAergic","Gm143271"
"Ube2ql11",-0.222725441621321,7.65679032611954,-3.27464704924624,0.00149963975565361,0.00700471648543525,-1.28640485472718,"GABAergic","Ube2ql11"
"A530017D24Rik1",-0.222649905330781,7.59277987360877,-3.54836503435344,0.000616751092417566,0.00376667374847539,-0.518784304651367,"GABAergic","A530017D24Rik1"
"Tmem151b1",-0.22262966927866,7.61481527221615,-3.18063471138781,0.00201287351227336,0.00867654056523527,-1.57244271991425,"GABAergic","Tmem151b1"
"Skiv2l1",-0.222503040168321,7.63728964841917,-3.3598719359582,0.00114288149916036,0.00563047217331482,-1.05207563780171,"GABAergic","Skiv2l1"
"Fasn1",-0.222458687062995,7.67778846011189,-3.31640907478455,0.00131346746446185,0.0063081003227444,-1.15942855831705,"GABAergic","Fasn1"
"Pgbd11",-0.222141406327562,7.59275312977173,-3.52576524607871,0.000664852334077868,0.00397779470296871,-0.586794327831193,"GABAergic","Pgbd11"
"Prcc1",-0.222086796354583,7.63253735309103,-3.13570106310103,0.00231228280072693,0.00966313919329688,-1.68511466240533,"GABAergic","Prcc1"
"Arhgef371",-0.221992687816144,7.61827091812907,-3.07056753151242,0.00282049442472837,0.0110278310683299,-1.87033725417609,"GABAergic","Arhgef371"
"Ipo111",-0.221985422424737,7.70795770525522,-2.7440895070337,0.00731612925275573,0.0241022468878945,-2.65863338180933,"GABAergic","Ipo111"
"Zswim31",-0.221974602393629,7.59361875499206,-3.52161850057527,0.000674054695811613,0.00399850403070129,-0.59870004122871,"GABAergic","Zswim31"
"Gm335331",-0.221957284210805,7.59235021817205,-3.65238856353719,0.000434790220130368,0.00303472813938013,-0.201734760503129,"GABAergic","Gm335331"
"Dr11",-0.221954056667816,7.77866005088001,-2.48402680281558,0.0148302571441707,0.0428032857005083,-3.19471752898879,"GABAergic","Dr11"
"Zfp7081",-0.221943809139461,7.59626643106109,-3.10427407570967,0.00254579663892587,0.0102876379970922,-1.79192462506774,"GABAergic","Zfp7081"
"Hcn21",-0.221647863555659,7.63808683685216,-3.36439156930448,0.00112639047621776,0.00557092342857996,-1.03890655912108,"GABAergic","Hcn21"
"Papln1",-0.221641381560901,7.59295253915124,-3.50420827051081,0.000714020808448753,0.00410711936595505,-0.651379484191278,"GABAergic","Papln1"
"Unkl1",-0.221552990371293,7.64365367068856,-2.50702109964897,0.0139590376849579,0.0408025070617412,-3.25580125028932,"GABAergic","Unkl1"
"St6galnac61",-0.221542821397214,7.64231609290712,-2.58709160565049,0.0112724424353052,0.0342702132832283,-3.06912760847111,"GABAergic","St6galnac61"
"Gas81",-0.221534401525466,7.64005617222912,-3.33118932866297,0.0012529416570786,0.00606672101613165,-1.13331946204518,"GABAergic","Gas81"
"Prex11",-0.221531189294901,7.62218226726948,-2.77278587308925,0.00674775706464424,0.0226128007640999,-2.63712404147942,"GABAergic","Prex11"
"Doc2g1",-0.22143661757817,7.59244023772876,-3.71403307778499,0.000352370429898578,0.00260137836706803,-0.010756024831645,"GABAergic","Doc2g1"
"Zswim51",-0.221417396859589,7.58755733995191,-4.14162014616405,7.73180404380606e-05,0.00093066622874523,1.37504667399317,"GABAergic","Zswim51"
"AC118542.11",-0.221415982319361,7.58795923279546,-3.9493396395599,0.000154845955302228,0.00145043086159886,0.738114862984663,"GABAergic","AC118542.11"
"Gab21",-0.221333406754268,7.59309596611963,-3.62035649833824,0.000484540157370482,0.00327334967499602,-0.299855775877347,"GABAergic","Gab21"
"Dok71",-0.221213216518507,7.58825368549588,-3.93913144016568,0.000160572275193493,0.00147171487086503,0.704939987461552,"GABAergic","Dok71"
"Zfp8001",-0.221182899425649,7.67576172286893,-3.51640254482922,0.000685800799045553,0.0040431296513802,-0.577702407011604,"GABAergic","Zfp8001"
"Hic21",-0.2210073266176,7.63288379803248,-3.60849124610854,0.00050430258915159,0.00337743935853817,-0.317271953516477,"GABAergic","Hic21"
"Apoa11",-0.220682747830049,7.6131374656741,-3.37382128827607,0.00109270113342518,0.00545252153832188,-1.02518113593224,"GABAergic","Apoa11"
"Spry11",-0.220657282026422,7.58868029740437,-3.91040984242116,0.000177790736746039,0.0015681471521097,0.61182328228782,"GABAergic","Spry11"
"Zfp3001",-0.220592092500194,7.63335445083341,-3.59658959290191,0.000524891435607755,0.0034703797101184,-0.35328155223082,"GABAergic","Zfp3001"
"Apool1",-0.220475046166236,7.59312109308696,-3.61669039368481,0.000490566558553856,0.00330506568493667,-0.311184528597363,"GABAergic","Apool1"
"Ydjc1",-0.219995443197056,7.68615513850371,-2.91357283567449,0.00450081512768751,0.016199279505395,-2.24578007215288,"GABAergic","Ydjc1"
"Tsg1011",-0.219863781843685,7.72734018764028,-2.72605663921997,0.00769529528975914,0.025085005134203,-2.6847965853223,"GABAergic","Tsg1011"
"Elf11",-0.219832819262517,7.59234445566842,-3.6511420284111,0.000436632070285508,0.00304587070952398,-0.205989092504861,"GABAergic","Elf11"
"Gm99621",-0.219733294480238,7.59134786826936,-3.6847193605414,0.000389516431369681,0.00278932424310314,-0.102813751837715,"GABAergic","Gm99621"
"Immp2l1",-0.219669825080702,7.67603158437467,-2.78270315372969,0.00656090976143191,0.0221012188217617,-2.58074980398787,"GABAergic","Immp2l1"
"Jrk1",-0.219527535724595,7.59269774706925,-3.53907495781504,0.000636111448365983,0.00385271452778449,-0.546765971717167,"GABAergic","Jrk1"
"Epb41l4a",-0.219468771086942,7.59288816560956,-3.61718680017541,0.000489746418660337,0.00330133245821552,-0.3098266968209,"GABAergic","Epb41l4a"
"Urb21",-0.219321058026991,7.59274270478039,-3.61781914816874,0.000488703564807457,0.0032978853938339,-0.307985008143777,"GABAergic","Urb21"
"Ifit11",-0.219231510838842,7.58701826456977,-4.0141555862945,0.000122797462692901,0.00123174978281967,0.950027889446715,"GABAergic","Ifit11"
"Gm26812",-0.219144739284872,7.59031148194779,-3.83117370466043,0.00023492077572934,0.00187303041776822,0.357677910886082,"GABAergic","Gm26812"
"Pde11a",-0.219119051811228,7.62020306991618,-2.87075437953755,0.00509800711764066,0.0179111651138964,-2.39311596042364,"GABAergic","Pde11a"
"Rps6ka41",-0.219105197574241,7.63941765464855,-3.24285008633029,0.00165766272549049,0.0075298661871658,-1.38408486547817,"GABAergic","Rps6ka41"
"Ctps1",-0.219057057686782,7.61038157087675,-3.2740388428739,0.00150252531877313,0.00701364572844346,-1.31264932432298,"GABAergic","Ctps1"
"Pank11",-0.21903743530938,7.65634276798596,-3.12008961224364,0.00242566957019486,0.00998106870404429,-1.71540880709253,"GABAergic","Pank11"
"Amn2",-0.219001103223222,7.58660719855964,-4.01616797538966,0.000121912076852199,0.00122703071673625,0.956473858283251,"GABAergic","Amn2"
"Mettl11",-0.218904463900331,7.58598810222607,-4.00655158346549,0.00012619893151588,0.00125692515257791,0.924630507304769,"GABAergic","Mettl11"
"Tmcc21",-0.218890186212418,7.59124981818302,-3.65661598029878,0.000428598640898128,0.00300624710137565,-0.189809490170738,"GABAergic","Tmcc21"
"Fam43b1",-0.218875646362685,7.58648031439696,-4.01556549912085,0.000122176503213368,0.00122869562793995,0.954417749116887,"GABAergic","Fam43b1"
"Slc31a21",-0.218787146707964,7.5922449145904,-3.56441357626337,0.000584612804290161,0.00367030634952572,-0.470590080370278,"GABAergic","Slc31a21"
"Snx41",-0.218686007534489,7.70301692193008,-2.99702043030962,0.0035180094251508,0.0133024061444611,-2.0209057058026,"GABAergic","Snx41"
"Srgap11",-0.21853232730296,7.65580495302357,-3.18482121306657,0.00198690195815823,0.00859743838938062,-1.5376871033209,"GABAergic","Srgap11"
"Zadh21",-0.218441329715849,7.5940327356929,-3.39654646993243,0.00101536299724224,0.00514325998499017,-0.969032160693765,"GABAergic","Zadh21"
"Rab371",-0.218151307385956,7.58643173321586,-3.95645214413509,0.000150972227445383,0.00142840951097323,0.760532438173441,"GABAergic","Rab371"
"Minpp11",-0.218072517788705,7.65997325184499,-3.10538588008761,0.00253717441580988,0.0102628208931553,-1.75275110171144,"GABAergic","Minpp11"
"Plekhh31",-0.218018074301071,7.59075862151998,-3.60807229521326,0.000505014155735522,0.00337898390693589,-0.339070577050164,"GABAergic","Plekhh31"
"Srd5a31",-0.21795843356592,7.63676554758231,-3.05924875914857,0.00291874583918082,0.0113440763746427,-1.88920279840038,"GABAergic","Srd5a31"
"Pigv1",-0.217870927027222,7.5855639402321,-4.01424674814505,0.000122757221541046,0.00123174978281967,0.94960756178642,"GABAergic","Pigv1"
"Trp53rkb1",-0.217867569436585,7.69599486082744,-2.460206532524,0.0157838355535064,0.0451018648904018,-3.32647983104693,"GABAergic","Trp53rkb1"
"Vav2",-0.21784502979656,7.58674356397351,-3.94347918470508,0.000158109055949805,0.00146199881083169,0.718293718411689,"GABAergic","Vav2"
"Zfp2191",-0.217813223468003,7.59190488983706,-3.55512705809708,0.000603011078747538,0.00371306403964428,-0.498966739506027,"GABAergic","Zfp2191"
"Rcc21",-0.217781762484989,7.64326791388791,-2.54496237459088,0.0126215243957123,0.0374810044869084,-3.16600126415256,"GABAergic","Rcc21"
"Gm26781",-0.217709595908165,7.5939715027144,-3.39027188797859,0.00103618558829469,0.00521454304571659,-0.987412648136561,"GABAergic","Gm26781"
"Wtip1",-0.217602064068988,7.58646428977339,-3.943090221071,0.000158327942941044,0.00146199881083169,0.71687388943011,"GABAergic","Wtip1"
"Zfp9371",-0.217504501383126,7.58535097338166,-3.99431323028047,0.000131863776599158,0.00130185319617785,0.88391834508924,"GABAergic","Zfp9371"
"Rabggta1",-0.21737302029037,7.70340333943524,-2.82637583646508,0.00579308109854998,0.0198871746702642,-2.45827753983259,"GABAergic","Rabggta1"
"Trmo1",-0.217359778895452,7.59219412009653,-3.52249896656592,0.000672090777191581,0.00399647654285938,-0.597046185669959,"GABAergic","Trmo1"
"Pih1d11",-0.21731885547846,7.66492857893366,-2.68252087383399,0.00868556824531375,0.0277446336999598,-2.83076082968369,"GABAergic","Pih1d11"
"Ccdc1201",-0.217282625901811,7.59360527308042,-3.35186097081247,0.00117267027338811,0.00572495597669016,-1.0989026066374,"GABAergic","Ccdc1201"
"Gm138891",-0.217122593883205,7.65647786619026,-3.36800269150083,0.00111337537793494,0.00553122035235092,-1.01993565095111,"GABAergic","Gm138891"
"Brd11",-0.217033331237256,7.63993711403978,-3.11657771636384,0.00245187955130944,0.0100332723347011,-1.73263984776529,"GABAergic","Brd11"
"Ift271",-0.217008159561231,7.5857173744484,-3.9495659953594,0.000154721221820507,0.00145043086159886,0.73753618765726,"GABAergic","Ift271"
"Nudt181",-0.217004398389227,7.63251282721383,-3.21238560328587,0.00182355709895055,0.00805637009539917,-1.4733967388061,"GABAergic","Nudt181"
"Acrbp1",-0.216723009298153,7.58659801723727,-3.90326390299317,0.000182341265455773,0.00159806151434049,0.587611373274568,"GABAergic","Acrbp1"
"Tmem150c1",-0.216626485565731,7.61458076706281,-2.98792304777882,0.00361459619494647,0.0136013155789223,-2.09316547326457,"GABAergic","Tmem150c1"
"Krt2221",-0.216610544150075,7.76662431564985,-2.74648163804765,0.00726713220630171,0.0239726503668805,-2.60123807612852,"GABAergic","Krt2221"
"Coa51",-0.216432660257375,7.75698436492485,-2.48990278169166,0.0146031100112995,0.0422728518891619,-3.21610483449887,"GABAergic","Coa51"
"Ddx281",-0.216176676531134,7.58644112545718,-3.90895835295404,0.000178706168758159,0.00157510195617099,0.605768155754185,"GABAergic","Ddx281"
"Dpp91",-0.216130489493366,7.63787114819495,-3.32681483310873,0.001270577051535,0.00613058367400832,-1.14736059791952,"GABAergic","Dpp91"
"Plcd41",-0.216101614681186,7.58709210994947,-3.89483840639965,0.000187849634641709,0.00163593962519552,0.56037402391706,"GABAergic","Plcd41"
"Cactin1",-0.215917544561148,7.61462870408043,-3.27463001036125,0.00149972052391631,0.00700471648543525,-1.30870345999386,"GABAergic","Cactin1"
"Zfp2291",-0.215854869402993,7.58811515719233,-3.85713625118729,0.000214505463192719,0.00178658577061855,0.43953187936776,"GABAergic","Zfp2291"
"Alkbh71",-0.21570528975314,7.58734684579436,-3.8686484988682,0.000206005274086508,0.00174984630486897,0.476117452360405,"GABAergic","Alkbh71"
"Trpv21",-0.215667944912475,7.64055340332272,-3.06047607358742,0.00290794078454033,0.0113091648812741,-1.88370358289042,"GABAergic","Trpv21"
"Rnf144a1",-0.215413554649228,7.58503975830281,-3.93242107416636,0.000164446221726339,0.00148943966769118,0.68117922954942,"GABAergic","Rnf144a1"
"Lrrc10b1",-0.21537588770512,7.61089579760792,-3.25600881725867,0.00159046590527688,0.00729404356411162,-1.36337155813534,"GABAergic","Lrrc10b1"
"Baalc1",-0.215352842060619,7.59204885479733,-3.41623974157382,0.000952537842245413,0.00491313159695161,-0.912280602228977,"GABAergic","Baalc1"
"Trpc71",-0.215337495024203,7.63283808711518,-3.41057530055842,0.000970223048808433,0.00498047245541773,-0.907666488022378,"GABAergic","Trpc71"
"Gm8237",-0.215297719276807,7.58801285801128,-3.84584206519684,0.000223169288790476,0.00182890748734494,0.403213641562902,"GABAergic","Gm8237"
"Ppp1r3d1",-0.215255618040867,7.59685880529034,-3.42629403724903,0.000921892123183284,0.00479108253032597,-0.880696691533762,"GABAergic","Ppp1r3d1"
"Samd141",-0.214985760713722,7.59424975585843,-3.38737981637555,0.00104591775822318,0.00525539809531935,-0.995659143060363,"GABAergic","Samd141"
"Serpina9",-0.21491281022095,7.61189284075025,-3.13967760332676,0.00228420008488334,0.00957504486028658,-1.68636204240077,"GABAergic","Serpina9"
"Tmem691",-0.21491159740413,7.61141112518536,-3.14860510083145,0.00222230614153019,0.00938055075387402,-1.66216517377861,"GABAergic","Tmem691"
"Gm326471",-0.214902282660326,7.62207119858415,-2.87906391394882,0.00497670614348288,0.0175706751751415,-2.37066793332871,"GABAergic","Gm326471"
"Pabpc41",-0.214763887617158,7.63001351409163,-3.51005454526475,0.000700357173173757,0.00408048475074475,-0.615432790024212,"GABAergic","Pabpc41"
"Bola21",-0.214757846784597,7.73874840661796,-2.64397755786799,0.00965744111723636,0.0301886257594215,-2.87827662297122,"GABAergic","Bola21"
"Fam149a1",-0.214582539376845,7.59376000215081,-3.39170894828951,0.00103138144852646,0.00520091173352841,-0.9833806455475,"GABAergic","Fam149a1"
"3110035E14Rik1",-0.214563343398761,7.5838927520444,-4.03633370625404,0.000113371133085236,0.00116964045225721,1.02111947032403,"GABAergic","3110035E14Rik1"
"Grpr",-0.214353981672836,7.59239659808443,-3.58437061187558,0.000546856153753571,0.00355292649604138,-0.40982283901722,"GABAergic","Grpr"
"Unc119b1",-0.21418729183505,7.59284468395684,-3.68148978232566,0.00039382921766091,0.0028120947014798,-0.11257735073014,"GABAergic","Unc119b1"
"Nsdhl1",-0.214147144057462,7.61358350696133,-3.40089712203791,0.00100115691830339,0.00509403745639405,-0.946506877303174,"GABAergic","Nsdhl1"
"Dcaf121",-0.214105455673611,7.63566176203982,-3.24289998780304,0.0016574029539322,0.0075298661871658,-1.38625038446676,"GABAergic","Dcaf121"
"Susd11",-0.21409876842189,7.59032100474355,-3.63559459736013,0.000460235549936539,0.0031537952372791,-0.255166254078273,"GABAergic","Susd11"
"Pcsk2os11",-0.213963607121843,7.6072364211593,-3.59758472986633,0.000523139880317764,0.00346875486344472,-0.362972357120828,"GABAergic","Pcsk2os11"
"Tk21",-0.213915200007603,7.68396684410135,-2.53184796437306,0.0130702017443087,0.0386653643973471,-3.17356991169885,"GABAergic","Tk21"
"Sco21",-0.213900791991438,7.5842931677921,-3.88358432427578,0.000195455689975908,0.00168914005055781,0.522542468479624,"GABAergic","Sco21"
"Cbln31",-0.213845111200658,7.54802643713154,-4.14394581659613,7.66620700526978e-05,0.00092366630034367,1.36841845155011,"GABAergic","Cbln31"
"Clec11a1",-0.213693563876491,7.58761261148682,-3.79653395891716,0.000265059545472608,0.00204691285582767,0.245784976789004,"GABAergic","Clec11a1"
"Gm157231",-0.213542250552617,7.61919912782606,-2.75200536365963,0.00715513361164341,0.0237103359467276,-2.69111014177122,"GABAergic","Gm157231"
"Gtpbp11",-0.21349372717656,7.61614511782123,-2.92256111482714,0.00438393738815459,0.0158803199461796,-2.26307228062378,"GABAergic","Gtpbp11"
"Trp53bp21",-0.213487793441427,7.61841870943451,-2.85899016322661,0.00527438807073342,0.0184221298174514,-2.4238405735456,"GABAergic","Trp53bp21"
"Gm36041",-0.213393765271442,7.59295483895324,-3.35267782186752,0.001169599745502,0.00571961212085706,-1.09703304621807,"GABAergic","Gm36041"
"Slc26a21",-0.213385994754141,7.60777852059475,-3.58313927243522,0.00054911724300019,0.00355694946144421,-0.406626148395727,"GABAergic","Slc26a21"
"Nhlrc11",-0.213358320567131,7.60903754425066,-3.57710396022434,0.000560328408809102,0.00358436884191802,-0.424181083074146,"GABAergic","Nhlrc11"
"Zfp6181",-0.213339982062923,7.59363809299768,-3.38571012094367,0.00105157556579058,0.00527701284733565,-1.00098448539483,"GABAergic","Zfp6181"
"Trappc91",-0.213170929024311,7.626198728282,-3.69600401563064,0.000374796463936549,0.00272063988688147,-0.051261650101539,"GABAergic","Trappc91"
"Hrh21",-0.212929213075554,7.61529694288275,-3.16974435916068,0.00208192427237761,0.00889692845048422,-1.60174389893156,"GABAergic","Hrh21"
"Lmf21",-0.212747097081078,7.58744749152164,-3.77668368041863,0.000283955680735146,0.00216721402086295,0.182710284383699,"GABAergic","Lmf21"
"Rtkn1",-0.212597368826525,7.60835417098223,-3.55982505297634,0.000593636086087835,0.00368923350628228,-0.476981443488977,"GABAergic","Rtkn1"
"Pccb1",-0.212246162734735,7.61294821758756,-3.29190568449301,0.00141988928027237,0.00673064399090149,-1.2607718147183,"GABAergic","Pccb1"
"Zfp874b1",-0.212191400730315,7.58644741654321,-3.80927544743178,0.000253568572703394,0.00197786674245702,0.285346961026458,"GABAergic","Zfp874b1"
"Ctc11",-0.212000959664775,7.68131428875978,-2.98721741653897,0.00362218940889558,0.013617500928323,-2.05820148759001,"GABAergic","Ctc11"
"Hmga11",-0.211947655209898,7.58814630673879,-3.70165144566799,0.000367629790709617,0.00268685848215921,-0.052153522392155,"GABAergic","Hmga11"
"Myl6b1",-0.211841908537351,7.62761720226903,-3.64073414343705,0.000452302115477706,0.00310603117020426,-0.221116850684572,"GABAergic","Myl6b1"
"Nphp41",-0.211769615928151,7.61509303252905,-3.11289662389009,0.00247963490275395,0.0100979130686181,-1.75789400153744,"GABAergic","Nphp41"
"Casp91",-0.211765933073074,7.66465206546304,-2.46354529279063,0.0156469547549045,0.0448057610188687,-3.33790756260509,"GABAergic","Casp91"
"Arhgdig1",-0.211681508093645,7.72514068771135,-2.4199004997709,0.0175227705540278,0.0491096618282488,-3.38596666295779,"GABAergic","Arhgdig1"
"Lyrm41",-0.211621904599612,7.65826715023305,-3.12517962075651,0.00238814423364181,0.0098987541548079,-1.70043637976659,"GABAergic","Lyrm41"
"Akirin21",-0.211577228552709,7.61361891795626,-2.89816952609862,0.00470780346205858,0.0167981141357525,-2.32744863265246,"GABAergic","Akirin21"
"Nkain11",-0.211549475542318,7.58899601146762,-3.68670167306831,0.00038689150625441,0.0027769367221615,-0.098309755361977,"GABAergic","Nkain11"
"Rad11",-0.211525655329172,7.58821270090239,-3.52516537084288,0.00066617617751413,0.00398229593591057,-0.592466731847865,"GABAergic","Rad11"
"Mnt1",-0.211446149708769,7.61372139681036,-3.2614052080051,0.0015636526592129,0.00722716182526336,-1.34681659687037,"GABAergic","Mnt1"
"Uap11",-0.211420161522331,7.6780980279288,-2.87764066098332,0.00499729239111954,0.0176383386159822,-2.3423021026686,"GABAergic","Uap11"
"Ppfia41",-0.211275518243056,7.7469753403774,-2.62322338371894,0.0102206384376217,0.0315204083029039,-2.92192939796285,"GABAergic","Ppfia41"
"Zcchc31",-0.211190758657874,7.58882769760675,-3.68129821372624,0.000394086458601052,0.00281231337046524,-0.115219757920547,"GABAergic","Zcchc31"
"Gm35121",-0.211085691914469,7.61664425800994,-3.08613535128906,0.00269036901158489,0.0106739241516639,-1.82963647126,"GABAergic","Gm35121"
"S100a61",-0.211036783580766,7.55075871182764,-4.09331816435458,9.22261594657341e-05,0.0010453502096737,1.19885138249845,"GABAergic","S100a61"
"Stxbp41",-0.210840441540088,7.70812778712289,-2.71977833285122,0.00783145108845466,0.025448627391391,-2.71777737572734,"GABAergic","Stxbp41"
"Mrps111",-0.210805691580139,7.68378724289273,-2.82416837329944,0.00582982432427572,0.0199911908992157,-2.47469322128577,"GABAergic","Mrps111"
"Phf231",-0.210752592094768,7.60666520768594,-3.63472986084864,0.000461583266842171,0.00315789511431625,-0.24978925685443,"GABAergic","Phf231"
"Kctd22",-0.210598879350625,7.58877524231623,-3.51835108233428,0.000681390327211202,0.00402999068329471,-0.611947603260445,"GABAergic","Kctd22"
"Thop11",-0.210497934865266,7.61191496092827,-3.06113530495718,0.00290215236313083,0.0112937318364546,-1.89950679515443,"GABAergic","Thop11"
"Zfp9511",-0.2104495410399,7.58908787041077,-3.64115289393208,0.000451661477398242,0.00310532904959124,-0.239087032582765,"GABAergic","Zfp9511"
"Chrnb21",-0.210262813394622,7.67948953534147,-2.98628114388996,0.00363228729356324,0.0136471950690644,-2.06132063620003,"GABAergic","Chrnb21"
"Pde3a",-0.210198507004309,7.59194184786482,-3.65703014952179,0.000427996559843158,0.00300624710137565,-0.188987251691517,"GABAergic","Pde3a"
"Alk",-0.210023476766303,7.58834355129703,-3.67007162021183,0.00040944353320161,0.00290362254102359,-0.150402659139004,"GABAergic","Alk"
"Spryd41",-0.209986667832705,7.58795155735162,-3.6301460331877,0.000468790029209171,0.00319126948024455,-0.273469977032443,"GABAergic","Spryd41"
"Pcid21",-0.209937164510007,7.58809491818373,-3.61644078324228,0.000490979445157596,0.00330533429006887,-0.315335925900437,"GABAergic","Pcid21"
"Cdan11",-0.209906748579257,7.66371410673103,-3.07960640360248,0.00274424784952853,0.0108355443247372,-1.82060792304344,"GABAergic","Cdan11"
"Pou2f21",-0.209792121992478,7.59272459800308,-3.25900987939338,0.0015755017686261,0.00724684097429572,-1.36503336366617,"GABAergic","Pou2f21"
"Edn1",-0.209761720291936,7.59758938056421,-3.45189303306792,0.000848005226773876,0.00452828952851282,-0.804870660290561,"GABAergic","Edn1"
"Rras21",-0.209641208360943,7.58802682014422,-3.61970125081756,0.000485612087038989,0.00327880631129154,-0.305519330314175,"GABAergic","Rras21"
"Tpra11",-0.209640633911196,7.62848956835813,-3.54133633845911,0.000631346539039812,0.00383317541559886,-0.522438443196203,"GABAergic","Tpra11"
"Hist2h2ac1",-0.209631649420468,7.61456059019433,-3.01931425686145,0.00329132067621344,0.0125910263846513,-2.00976482408673,"GABAergic","Hist2h2ac1"
"Adamtsl11",-0.209436366878309,7.59435118004933,-3.10400948130281,0.00254785262063656,0.0102925947337564,-1.79407739271583,"GABAergic","Adamtsl11"
"Zdhhc181",-0.209435099108259,7.63234493586747,-2.85644218531663,0.00531332076602362,0.0185428320321578,-2.42217255788345,"GABAergic","Zdhhc181"
"Gm476891",-0.209212198706125,7.58765686020413,-3.62734361887671,0.000473248451394753,0.00321098639643686,-0.282436332044123,"GABAergic","Gm476891"
"Zfp518a1",-0.209210886544179,7.66326085241482,-2.54761534073109,0.0125324632889248,0.0373237027635126,-3.14854634559121,"GABAergic","Zfp518a1"
"Cdk201",-0.209132985081086,7.61729676767853,-3.06708211115184,0.00285041718902582,0.0111168061960435,-1.88055327694823,"GABAergic","Cdk201"
"Casp21",-0.209066544838363,7.66544105847202,-2.83552906200297,0.00564297945053018,0.0194634171709504,-2.45499081990497,"GABAergic","Casp21"
"Rex1bd1",-0.20906336484513,7.76360637294396,-2.56407640449192,0.0119923924462274,0.0359916784178191,-3.03180439403447,"GABAergic","Rex1bd1"
"Flad11",-0.209030454296846,7.66058239128918,-2.47770721602125,0.0150780806513462,0.0434052543154239,-3.30918155230105,"GABAergic","Flad11"
"Wif1",-0.208651485896081,7.59439538468014,-3.17829837706207,0.00202750463075557,0.00872974018723556,-1.59009238202879,"GABAergic","Wif1"
"Phf21b1",-0.208082810737624,7.58992023859509,-3.41647992701473,0.000951794698152283,0.00491313159695161,-0.913701247083738,"GABAergic","Phf21b1"
"Xylb1",-0.20806148513486,7.58751164532037,-3.58873768343892,0.000538907849407752,0.00353211683515769,-0.400509691653931,"GABAergic","Xylb1"
"6430573F11Rik1",-0.207888837927741,7.6720852151158,-3.2026318975495,0.00187986690389772,0.00825810558490998,-1.48106203502237,"GABAergic","6430573F11Rik1"
"Sp21",-0.207806983951133,7.61447037240797,-3.14662648477571,0.00223588750149908,0.00942825820373889,-1.66633442556877,"GABAergic","Sp21"
"Fn3krp1",-0.207733788391963,7.58813045382149,-3.52393147365574,0.000668907058357313,0.00399285069466775,-0.595855734886174,"GABAergic","Fn3krp1"
"Psmg11",-0.207654882173324,7.58675236472335,-3.59443285389574,0.000528706630446631,0.00348446589688937,-0.38365783462369,"GABAergic","Psmg11"
"Vps521",-0.207607745143176,7.63523991249546,-3.07271150304699,0.00280223328524964,0.0109702571198574,-1.85438852630908,"GABAergic","Vps521"
"Pnpla61",-0.207467890046594,7.70665678331446,-2.83377560036829,0.00567145493820408,0.0195344867563454,-2.43763056775997,"GABAergic","Pnpla61"
"6030419C18Rik1",-0.207226939746749,7.61641156648019,-3.07803737830797,0.00275734441299085,0.0108734172752515,-1.85175248742783,"GABAergic","6030419C18Rik1"
"Hs3st21",-0.207175030126105,7.58250624523196,-3.64059547433225,0.000452514452516462,0.00310603117020426,-0.244186021946055,"GABAergic","Hs3st21"
"Ago41",-0.207123646340068,7.61744194093109,-2.97018958838796,0.00380995558932374,0.0141986633223747,-2.13785621733264,"GABAergic","Ago41"
"Diras21",-0.207088654784058,7.6433709748229,-3.17762327722473,0.00203175083080937,0.00874272808957844,-1.56442345577327,"GABAergic","Diras21"
"Tspan171",-0.206768157769016,7.61143594928108,-3.38245014458257,0.00106270514610478,0.00532210285034718,-1.00112309356623,"GABAergic","Tspan171"
"Pnma21",-0.206682218582533,7.73670565472037,-2.55280771807575,0.0123597884660748,0.0369335359653234,-3.08556546737279,"GABAergic","Pnma21"
"Asxl11",-0.206666968152623,7.61456735170772,-2.99162026170471,0.00357505092586938,0.0134811248830262,-2.08301289343062,"GABAergic","Asxl11"
"Derl21",-0.206650063195984,7.65347850099473,-3.28557388226508,0.0014486747620565,0.00683576190004607,-1.25699779390524,"GABAergic","Derl21"
"Ctdsp21",-0.20654536773838,7.58806180938003,-3.48404432067859,0.000763103717979268,0.00427931185726286,-0.715255606234223,"GABAergic","Ctdsp21"
"Mfsd13",-0.206496726853168,7.63742660224498,-2.79825617877862,0.0062773895658614,0.0212964473789885,-2.56586718749397,"GABAergic","Mfsd13"
"Amigo11",-0.206407990884281,7.75420448473058,-2.5102023671414,0.0138421915649836,0.0405145276701524,-3.17167489964384,"GABAergic","Amigo11"
"Med131",-0.206336601003806,7.79143119938553,-2.49070324530301,0.014572409084111,0.0422235808390888,-3.18053866245738,"GABAergic","Med131"
"Ddx561",-0.205963618811015,7.63222587074855,-3.43210268347074,0.000904612983091362,0.00472799491376578,-0.845209805871036,"GABAergic","Ddx561"
"Zfp6891",-0.205813733339219,7.61531437516737,-3.38608763379707,0.00105029384063954,0.005272713010654,-0.988527597680215,"GABAergic","Zfp6891"
"Ska21",-0.205786414296901,7.6166969956349,-2.9461520439376,0.00409035135797673,0.0150003724445896,-2.20110416198622,"GABAergic","Ska21"
"Hist1h4d1",-0.205757584714522,7.55373459444357,-3.96524960405881,0.000146309008990737,0.00140099907528939,0.775115872356997,"GABAergic","Hist1h4d1"
"Vps37c1",-0.205742265490658,7.58706874651606,-3.49285778033925,0.000741270625849114,0.00418144021217614,-0.689666018248544,"GABAergic","Vps37c1"
"Marcks1",-0.205698810479829,7.620707849747,-2.99903023265263,0.00349699588083594,0.0132404919211055,-2.06025455749083,"GABAergic","Marcks1"
"Naa251",-0.205260293351542,7.69775044134664,-2.80175727677098,0.00621513311330049,0.0211083201795455,-2.52259847234181,"GABAergic","Naa251"
"Bpgm1",-0.205221299742433,7.6150557406368,-3.01915840664013,0.0032928573395094,0.0125929506738821,-2.01008132850824,"GABAergic","Bpgm1"
"Ppp2r5d1",-0.205176835590203,7.63431464968822,-2.75757886488343,0.00704372433560054,0.0234304507748227,-2.6680570205441,"GABAergic","Ppp2r5d1"
"Pdss21",-0.205091957662399,7.65706883237948,-2.84570463554913,0.00548030463248602,0.019029261468705,-2.43449505471041,"GABAergic","Pdss21"
"Parp111",-0.204982344739301,7.61407889947103,-3.33086655386068,0.00125423500393687,0.00607003620601532,-1.14863697526804,"GABAergic","Parp111"
"Rab91",-0.204819492996517,7.68029947864041,-2.49948078318305,0.014239531816688,0.041427506256665,-3.24791281687757,"GABAergic","Rab91"
"Lyplal11",-0.20481656928347,7.58682175311695,-3.47400451508639,0.000788713923912103,0.00437547599273545,-0.746116886022029,"GABAergic","Lyplal11"
"Fam46a",-0.204664869473639,7.61289657951385,-3.42680415618085,0.000920362294415575,0.00478919204518282,-0.870855349441368,"GABAergic","Fam46a"
"Zfp8391",-0.204574303597764,7.61766731542414,-2.93283899414681,0.00425372132098956,0.0155078383059578,-2.23500969799867,"GABAergic","Zfp8391"
"Oscar1",-0.204467538393,7.59484511916908,-2.74600545425998,0.00727686175691223,0.0239983668358439,-2.72170151398794,"GABAergic","Oscar1"
"Psen11",-0.204265084520772,7.73084758278108,-2.56625019144968,0.0119226627811186,0.0358170527992452,-3.06845305384311,"GABAergic","Psen11"
"Gpc61",-0.204243189122511,7.67046585174526,-2.71844257458672,0.00786070085004399,0.0255303055611217,-2.74159776381555,"GABAergic","Gpc61"
"Foxp41",-0.203986334131998,7.61623123231921,-2.98311903932534,0.00366658389661927,0.0137469202891375,-2.10470862183561,"GABAergic","Foxp41"
"Gm175861",-0.203975645705357,7.61296201952143,-3.29234839680849,0.00141789681515932,0.00672633772023209,-1.25945630915532,"GABAergic","Gm175861"
"Alyref1",-0.203891463032497,7.61532059655374,-2.88103095988719,0.00494838267005859,0.0174806230957663,-2.36981061742827,"GABAergic","Alyref1"
"Stn11",-0.203809546380584,7.586026661333,-3.46462396926653,0.000813373406238021,0.00445279410175679,-0.774628075858285,"GABAergic","Stn11"
"Cenpx1",-0.203763687006456,7.58481700207658,-3.52289345521628,0.000671212608012313,0.00399508319685027,-0.60174656117384,"GABAergic","Cenpx1"
"Tle11",-0.203675744207222,7.69749280611411,-2.78336653693132,0.00654858161898346,0.0220656795795777,-2.56789385870474,"GABAergic","Tle11"
"Rad23a1",-0.203534993010341,7.74496100686554,-2.66645069249489,0.00907943855790549,0.0287438348223488,-2.82158255645725,"GABAergic","Rad23a1"
"Gng41",-0.203278143856861,7.64224559178847,-2.71143366911519,0.00801581517753246,0.0259525870997072,-2.77401601308285,"GABAergic","Gng41"
"Wdtc11",-0.203241658372896,7.61709799001967,-3.28981050566203,0.00142935445853464,0.00676517499253045,-1.26423013984871,"GABAergic","Wdtc11"
"Fam169a1",-0.203226356491883,7.73524053275729,-2.43964090892938,0.0166508313689123,0.0471558232058882,-3.33999576006169,"GABAergic","Fam169a1"
"Bckdha1",-0.203180398513303,7.65496821990038,-2.94891926820011,0.00405712867337768,0.0148961440345021,-2.17125177815927,"GABAergic","Bckdha1"
"Ciz11",-0.203116992568677,7.58934536623294,-3.35397011249135,0.00116475747030343,0.0057132965242947,-1.09659108865608,"GABAergic","Ciz11"
"Ppp1r12c1",-0.202424944009732,7.73915484222561,-2.48805189895978,0.0146743207319909,0.0424198276925245,-3.2401158409346,"GABAergic","Ppp1r12c1"
"Traf3ip11",-0.20239082393832,7.66372394427951,-2.54509508432156,0.0126170557803253,0.0374810044869084,-3.15351440553455,"GABAergic","Traf3ip11"
"Ebf41",-0.202314203774128,7.61534314991722,-3.24314160598754,0.00165614570317287,0.0075284865114928,-1.39728139721786,"GABAergic","Ebf41"
"Bmp31",-0.202246310437446,7.58505210864261,-3.47596770020264,0.000783643171336923,0.00436400840249028,-0.741938011331072,"GABAergic","Bmp31"
"S1pr1",-0.20209983196993,7.56022630719823,-3.90394348677712,0.000181903763023937,0.00159535385097318,0.577183642509015,"GABAergic","S1pr1"
"Racgap11",-0.202088398838025,7.61535215862804,-3.23187095820575,0.00171575168887997,0.00771779056183885,-1.42870437842908,"GABAergic","Racgap11"
"Hrh31",-0.202011213172776,7.6137490254045,-3.24173509607878,0.00166347695912601,0.0075466276664389,-1.40232534847117,"GABAergic","Hrh31"
"Rab4a1",-0.201490251711839,7.68858065295462,-2.53370261034352,0.0130058909527603,0.0384934669028751,-3.16498172816011,"GABAergic","Rab4a1"
"Smad21",-0.201481159867337,7.69413604350847,-2.55809319541515,0.0121862207469025,0.0364851627187117,-3.10726176914465,"GABAergic","Smad21"
"Vps181",-0.201256482810378,7.59124509266709,-3.15564312183142,0.00217461706050049,0.00921057942689797,-1.65540653849483,"GABAergic","Vps181"
"Tprkb1",-0.201250017579181,7.72386361909887,-2.70357167590197,0.00819312085440093,0.0263961310669191,-2.74928546714373,"GABAergic","Tprkb1"
"Mrpl441",-0.201227322698964,7.62844668570897,-3.25049270846332,0.00161831826436991,0.00739717482903519,-1.36875541471302,"GABAergic","Mrpl441"
"Nudt141",-0.201082093378595,7.56122712174952,-3.87635394141986,0.000200496594572515,0.00172072111939483,0.488230849153734,"GABAergic","Nudt141"
"Dedd1",-0.200887826589921,7.63704933603784,-2.76358759727323,0.00692539083771733,0.0231218994608749,-2.65167307434538,"GABAergic","Dedd1"
"AW5549181",-0.200787507581873,7.61658660492291,-3.19769415206921,0.00190898846435399,0.00836235328013872,-1.52394330008841,"GABAergic","AW5549181"
"Szrd11",-0.200757159749912,7.5615507880957,-3.86732957945473,0.000206962548604675,0.00175557431864936,0.459230179753424,"GABAergic","Szrd11"
"Elmo21",-0.200615523253137,7.66026919325459,-3.0453276543192,0.00304393964728779,0.0117716706210164,-1.9142240635931,"GABAergic","Elmo21"
"Itpk11",-0.200436572351247,7.56187378892071,-3.85830596946882,0.000213626741936367,0.001781658513058,0.430278706405208,"GABAergic","Itpk11"
"Amd11",-0.200355315286407,7.66394295817483,-2.58485799091835,0.01134056323037,0.0344519925799002,-3.06183771131292,"GABAergic","Amd11"
"Sowaha1",-0.200239338103324,7.56207276196438,-3.85270902715664,0.000217862645354363,0.0018072696716896,0.412345370972521,"GABAergic","Sowaha1"
"Tmem281",-0.200230596514066,7.56208158510612,-3.85246016988098,0.000218052835844751,0.00180763907336898,0.411548426521408,"GABAergic","Tmem281"
"Pwp11",-0.200224866891662,7.58748986474547,-3.29639023738577,0.00139982694121403,0.00666143458403397,-1.2633514221899,"GABAergic","Pwp11"
"Zfp7641",-0.200188144325582,7.56212443876389,-3.85125067400486,0.000218979458279419,0.00181410886331615,0.407675635809153,"GABAergic","Zfp7641"
"Hebp11",-0.200149406845974,7.56216355043251,-3.85014562689532,0.000219829344337328,0.00181993473197215,0.404138039909844,"GABAergic","Hebp11"
"Zfp9591",-0.200131474575495,7.56218165845913,-3.84963363338796,0.000220224182173781,0.00182198806718442,0.402499234338275,"GABAergic","Zfp9591"
"Rfc41",-0.200109613547206,7.56220373592255,-3.84900908510318,0.00022070673604728,0.00182354899756774,0.400500368331643,"GABAergic","Rfc41"
"Tpm2",-0.200025647004994,7.56228855598149,-3.84660633723401,0.000222572631317051,0.00182890748734494,0.392812514951713,"GABAergic","Tpm2"
"Bckdk1",-0.200022303002068,7.66549758636515,-2.70356719339566,0.00819322295485677,0.0263961310669191,-2.78066048821783,"GABAergic","Bckdk1"
"Lig41",-0.200007572795258,7.56230681852616,-3.84608832430925,0.000222976870965054,0.00182890748734494,0.391155521122499,"GABAergic","Lig41"
"Serinc21",-0.200002752541784,7.56231168928316,-3.84595012582533,0.000223084834683389,0.00182890748734494,0.390713485402162,"GABAergic","Serinc21"
"Cartpt1",-0.200001683266295,7.62342075902775,-3.07534068345407,0.00277998925061449,0.0109418542975344,-1.85436310444483,"GABAergic","Cartpt1"
"Zdhhc121",-0.200001629568416,7.56231282403903,-3.8459179268292,0.000223109996416777,0.00182890748734494,0.390610496693553,"GABAergic","Zdhhc121"
"Grm41",-0.199975754430194,7.56233897241291,-3.8451757032175,0.000223690754335086,0.00182890748734494,0.388236658521046,"GABAergic","Grm41"
"Shisa2",-0.199974753379633,7.56233998410167,-3.84514697647479,0.000223713260740501,0.00182890748734494,0.388144788900097,"GABAergic","Shisa2"
"Rtl61",-0.199915523362831,7.5623998524875,-3.84344571456184,0.000225050000304457,0.00183354725618851,0.382704930797111,"GABAergic","Rtl61"
"Tmem2311",-0.199909597361039,7.56240584332529,-3.84327533323549,0.00022518429379068,0.00183354725618851,0.382160223052601,"GABAergic","Tmem2311"
"Eri11",-0.199903832441428,7.56241167148732,-3.84310955378728,0.000225315033496171,0.00183354725618851,0.381630243883897,"GABAergic","Eri11"
"Gm358351",-0.199892253417418,7.56242337803879,-3.84277649270115,0.000225577916543025,0.00183448358079878,0.380565532127527,"GABAergic","Gm358351"
"A330009N23Rik1",-0.199857206303125,7.56245881524421,-3.84176767724187,0.000226375955139444,0.00183756421751129,0.377341003815573,"GABAergic","A330009N23Rik1"
"Plekhm11",-0.199836212032868,7.56248004613925,-3.84116285278367,0.000226855701461833,0.00183884993804138,0.375408060023045,"GABAergic","Plekhm11"
"Gm372331",-0.199806018399642,7.56251058395724,-3.84029232924717,0.000227547903253161,0.00184205445490654,0.37262635340098,"GABAergic","Gm372331"
"Rilp1",-0.199768296936635,7.56254874184157,-3.8392036512193,0.000228416407977668,0.00184634615390382,0.369148175560797,"GABAergic","Rilp1"
"Gm373051",-0.199765893124224,7.56255117370703,-3.83913423283713,0.00022847189437174,0.00184634615390382,0.368926416993524,"GABAergic","Gm373051"
"Tbc1d161",-0.199752572225489,7.5625646505894,-3.83874945468293,0.000228779682364357,0.00184656057343745,0.367697286137363,"GABAergic","Tbc1d161"
"Tnnt11",-0.199745825409501,7.56257147674829,-3.83855451193445,0.000228935770006885,0.00184656057343745,0.367074596611253,"GABAergic","Tnnt11"
"Gm329261",-0.199736343872435,7.5625810701749,-3.83828048508443,0.000229155350856941,0.00184656057343745,0.366199333161974,"GABAergic","Gm329261"
"D430019H16Rik1",-0.19973571462687,7.56258170686202,-3.83826229642692,0.000229169932744983,0.00184656057343745,0.366141238717424,"GABAergic","D430019H16Rik1"
"Zfp9771",-0.199730323558318,7.56258716176767,-3.83810645077404,0.000229294910851499,0.00184656057343745,0.365643476793336,"GABAergic","Zfp9771"
"Ttc71",-0.199695368666617,7.56262264022794,-3.83709418907521,0.000230108263270061,0.00184794844428155,0.362410697902526,"GABAergic","Ttc71"
"Gm364951",-0.199662670829275,7.56265587659796,-3.83614584564836,0.000230872753960269,0.00184794844428155,0.359382588829405,"GABAergic","Gm364951"
"9330175M20Rik1",-0.199661144591699,7.56265742810452,-3.83610155691943,0.000230908515709797,0.00184794844428155,0.35924118562238,"GABAergic","9330175M20Rik1"
"Prrx11",-0.199661144591699,7.56265742810452,-3.83610155691943,0.000230908515709797,0.00184794844428155,0.35924118562238,"GABAergic","Prrx11"
"Mmp231",-0.199661144591699,7.56265742810452,-3.83610155691943,0.000230908515709797,0.00184794844428155,0.35924118562238,"GABAergic","Mmp231"
"Gck1",-0.199661144591699,7.56265742810452,-3.83610155691943,0.000230908515709797,0.00184794844428155,0.35924118562238,"GABAergic","Gck1"
"Gm119671",-0.199661144591699,7.56265742810452,-3.83610155691943,0.000230908515709797,0.00184794844428155,0.35924118562238,"GABAergic","Gm119671"
"Chtf81",-0.199633750903949,7.63447530415315,-2.95222028483929,0.0040178231207568,0.0147868282706382,-2.17391854089984,"GABAergic","Chtf81"
"Cmc41",-0.199614486983744,7.6392014867051,-2.41283683305638,0.0178445240840072,0.0497753526371162,-3.46606217948078,"GABAergic","Cmc41"
"Gjd31",-0.199569154634038,7.56275096281587,-3.83342840591877,0.000233076812840152,0.00186251335952755,0.35070860447489,"GABAergic","Gjd31"
"Adra2c1",-0.199498711258723,7.56282261804664,-3.83137638168025,0.000234754452807587,0.00187303041776822,0.344161495892941,"GABAergic","Adra2c1"
"Tmem1441",-0.199493392809472,7.6158855437534,-2.92728166019739,0.00432368070815605,0.0157213236414347,-2.25086626101442,"GABAergic","Tmem1441"
"Clec12a",-0.199445552548909,7.56287670788413,-3.8298249975314,0.000236030431777546,0.00187303041776822,0.339213361834609,"GABAergic","Clec12a"
"Mindy4b-ps",-0.199407103383937,7.56291583944247,-3.82870136383183,0.0002369587232793,0.00187303041776822,0.335630424803741,"GABAergic","Mindy4b-ps"
"Med181",-0.199407103383937,7.56291583944247,-3.82870136383183,0.0002369587232793,0.00187303041776822,0.335630424803741,"GABAergic","Med181"
"Fam71f2",-0.199407103383937,7.56291583944247,-3.82870136383183,0.0002369587232793,0.00187303041776822,0.335630424803741,"GABAergic","Fam71f2"
"Ccdc1421",-0.199407103383937,7.56291583944247,-3.82870136383183,0.0002369587232793,0.00187303041776822,0.335630424803741,"GABAergic","Ccdc1421"
"Il17rc1",-0.199407103383937,7.56291583944247,-3.82870136383183,0.0002369587232793,0.00187303041776822,0.335630424803741,"GABAergic","Il17rc1"
"Gm162291",-0.199407103383937,7.56291583944247,-3.82870136383183,0.0002369587232793,0.00187303041776822,0.335630424803741,"GABAergic","Gm162291"
"Plekhg41",-0.199407103383937,7.56291583944247,-3.82870136383183,0.0002369587232793,0.00187303041776822,0.335630424803741,"GABAergic","Plekhg41"
"Nqo11",-0.199407103383937,7.56291583944247,-3.82870136383183,0.0002369587232793,0.00187303041776822,0.335630424803741,"GABAergic","Nqo11"
"Gm10371",-0.199407103383937,7.56291583944247,-3.82870136383183,0.0002369587232793,0.00187303041776822,0.335630424803741,"GABAergic","Gm10371"
"Gm29395",-0.199407103383937,7.56291583944247,-3.82870136383183,0.0002369587232793,0.00187303041776822,0.335630424803741,"GABAergic","Gm29395"
"4930593C16Rik",-0.199407103383937,7.56291583944247,-3.82870136383183,0.0002369587232793,0.00187303041776822,0.335630424803741,"GABAergic","4930593C16Rik"
"Igf2bp21",-0.199407103383937,7.56291583944247,-3.82870136383183,0.0002369587232793,0.00187303041776822,0.335630424803741,"GABAergic","Igf2bp21"
"Rsph1",-0.199407103383937,7.56291583944247,-3.82870136383183,0.0002369587232793,0.00187303041776822,0.335630424803741,"GABAergic","Rsph1"
"Polr3gl1",-0.199250513621679,7.65509656241119,-3.16569541089799,0.0021081553750205,0.00899044955464069,-1.59119758883559,"GABAergic","Polr3gl1"
"Asah21",-0.199181430295991,7.61668387875412,-3.14191065631634,0.00226856962667242,0.00953690686551649,-1.67773767006828,"GABAergic","Asah21"
"Etfb1",-0.199025149628665,7.59922470692162,-3.67908705581844,0.00039706720687177,0.00282870495825412,-0.117962112375116,"GABAergic","Etfb1"
"Fuca21",-0.198909973716085,7.68913159216309,-3.05088377869032,0.00299338746702813,0.0115906204261526,-1.88567203996008,"GABAergic","Fuca21"
"Iqcb11",-0.198886828934671,7.66203893607647,-2.84291537578685,0.00552446248097615,0.0191450933786412,-2.43804995842647,"GABAergic","Iqcb11"
"Gm105161",-0.198616772163979,7.61261931270967,-3.28478803110769,0.00145228527943656,0.00684759130615795,-1.28134388435905,"GABAergic","Gm105161"
"Atp8b21",-0.198567278013024,7.68362081182308,-2.47993439600759,0.0149903214796657,0.0431924517210706,-3.2911453710433,"GABAergic","Atp8b21"
"Mfsd121",-0.198561355614522,7.60983455759617,-3.32723542124329,0.0012688714192443,0.00612473524419361,-1.16203410426786,"GABAergic","Mfsd121"
"Rwdd31",-0.198539844221607,7.61232424991772,-3.28167372966744,0.00146667670786357,0.00689234007351061,-1.29034651831826,"GABAergic","Rwdd31"
"Krcc11",-0.19845513448842,7.66165728286995,-2.87021740812887,0.00510593841453603,0.0179249492855423,-2.36945286158771,"GABAergic","Krcc11"
"Oxld11",-0.198382092953098,7.66120705719444,-2.88207837545935,0.00493336148294331,0.0174474254782919,-2.33959477220617,"GABAergic","Oxld11"
"Shc21",-0.198284572303212,7.63847061174937,-2.83283300315653,0.00568681671974448,0.0195711024658982,-2.4769732435396,"GABAergic","Shc21"
"Mcts21",-0.197956732446205,7.66529142283701,-2.5020929924804,0.0141417923817624,0.0412261318904561,-3.25141824924293,"GABAergic","Mcts21"
"Sntg21",-0.197500362776143,7.6121425985763,-3.03385379826533,0.00315084861832518,0.0121284216356748,-1.97247039372165,"GABAergic","Sntg21"
"Satb21",-0.197075718183922,7.56531102853926,-3.7581050580596,0.000302798194031023,0.00228886595870191,0.11202574010195,"GABAergic","Satb21"
"Gm100371",-0.197010117929369,7.61636391382718,-3.07606796362983,0.00277386514759539,0.0109259896300338,-1.85721104784187,"GABAergic","Gm100371"
"Wdr741",-0.19682752574048,7.61566722988676,-3.0741683598144,0.00278988729959938,0.0109424337262863,-1.8624899748699,"GABAergic","Wdr741"
"A430105J06Rik1",-0.196682944968352,7.61586814358345,-3.05794512639304,0.00293026357317573,0.0113817123452616,-1.90613683374868,"GABAergic","A430105J06Rik1"
"Spsb4",-0.196514399766035,7.61507391082807,-3.14791737056054,0.00222701803287655,0.00939724372254268,-1.66227671449061,"GABAergic","Spsb4"
"Tbc1d10b1",-0.196366084380285,7.61373092648381,-3.23251104361946,0.00171231351011851,0.00771317991309281,-1.42847131031732,"GABAergic","Tbc1d10b1"
"Kdm6b1",-0.196073880539876,7.61341567123243,-3.1614093695792,0.00213625797367133,0.00909577701267752,-1.62617668853465,"GABAergic","Kdm6b1"
"Grk51",-0.196011299439005,7.61498274245708,-3.0419830128485,0.00307475121490915,0.0118686353272232,-1.94938621035706,"GABAergic","Grk51"
"Adcyap11",-0.195991995152504,7.56335094281688,-3.68306761287224,0.000391716543307476,0.00280184570746154,-0.123651685472137,"GABAergic","Adcyap11"
"Ephb61",-0.19593924752871,7.68704559797468,-2.60367674152321,0.010778073936274,0.0330017018379375,-3.0043973821122,"GABAergic","Ephb61"
"Hcn31",-0.195838401983695,7.61350343770448,-3.13984612194978,0.0022830170338785,0.00957504486028658,-1.68534328916699,"GABAergic","Hcn31"
"Zfp1081",-0.195772493230048,7.61188157086002,-3.22404014799649,0.00175834018196523,0.00784645870485023,-1.45347327483772,"GABAergic","Zfp1081"
"Tmbim11",-0.195745318510837,7.56297768541136,-3.67006322036628,0.000409455233423955,0.00290362254102359,-0.164161959235711,"GABAergic","Tmbim11"
"Ncs11",-0.195678379379321,7.67053004735759,-2.51244917469977,0.0137601973930796,0.0403315037511847,-3.2247853788535,"GABAergic","Ncs11"
"Ctns1",-0.195671533117845,7.61123567299309,-3.22249885973291,0.00176683812856538,0.00787428462767267,-1.45815136439534,"GABAergic","Ctns1"
"Plgrkt1",-0.195589048293187,7.65927266605131,-2.99575959827327,0.00353125164471707,0.013340269273003,-2.04608696736896,"GABAergic","Plgrkt1"
"1700037C18Rik1",-0.195265927794705,7.5639957640187,-3.65819892183917,0.000426301832344847,0.00300079735643764,-0.200609456571594,"GABAergic","1700037C18Rik1"
"Fv11",-0.195046245886498,7.61457537184809,-3.10745225579371,0.00252122142112498,0.0102182749301636,-1.77317602435796,"GABAergic","Fv11"
"2810006K23Rik1",-0.194999217126157,7.56749782771836,-3.69108368412963,0.0003811484700163,0.00274668588315276,-0.097479654778164,"GABAergic","2810006K23Rik1"
"Zgrf11",-0.194988698548926,7.61457336153353,-3.12521282917985,0.00238790119291908,0.0098987541548079,-1.72484836811929,"GABAergic","Zgrf11"
"Tdg1",-0.194966001473014,7.65758983898997,-2.89063945965277,0.00481214813116819,0.0171162964482078,-2.31978001385722,"GABAergic","Tdg1"
"Tceanc21",-0.194651258604822,7.61519842689105,-3.10051673482959,0.0025751374354039,0.0103589807369084,-1.79170617607459,"GABAergic","Tceanc21"
"Ccdc143",-0.194475904462041,7.61645341545247,-2.98440767494693,0.0036525712066586,0.0137026628399738,-2.10106600792842,"GABAergic","Ccdc143"
"Mif4gd1",-0.194474653782958,7.61564668901012,-3.09210945379792,0.00264193147809376,0.0105603935832412,-1.81422607375174,"GABAergic","Mif4gd1"
"Prss57",-0.194438462490765,7.56524366871491,-3.63402319836264,0.00046268739926638,0.003160423188061,-0.27486297550972,"GABAergic","Prss57"
"Gng121",-0.19443420308452,7.56473913684806,-3.62924008241182,0.000470226950811607,0.00319929630458994,-0.289740371398208,"GABAergic","Gng121"
"E030037K01Rik1",-0.194333268348948,7.5654389466914,-3.63123824965646,0.00046706320916305,0.00318352259121684,-0.283377812511206,"GABAergic","E030037K01Rik1"
"Bloc1s31",-0.194127157857943,7.59484533170832,-2.72459135910808,0.00772687804407918,0.0251681250727093,-2.77408916732334,"GABAergic","Bloc1s31"
"Rbfa1",-0.194050901036075,7.61517991976741,-2.98462107095441,0.00365025551073128,0.0136981163859012,-2.10141059706413,"GABAergic","Rbfa1"
"Rcbtb21",-0.194017550093833,7.58965464232552,-3.03031252880673,0.0031845409921188,0.0122429224635051,-1.99707945540072,"GABAergic","Rcbtb21"
"Katnal21",-0.193920876385001,7.61302601134212,-3.09703068087428,0.00260264059314792,0.010425684235302,-1.80236312690626,"GABAergic","Katnal21"
"Gm35581",-0.193900139820999,7.68367123724225,-2.50019601398605,0.0142127104086062,0.0413745569248892,-3.24550146046882,"GABAergic","Gm35581"
"Zfp8111",-0.193864957381023,7.56525116485458,-3.6091359349078,0.000503209474070586,0.00337375989909021,-0.35130989501537,"GABAergic","Zfp8111"
"Wnt41",-0.193864868843318,7.56438704849923,-3.60278247184741,0.000514080892700566,0.00342996982710431,-0.371033304395064,"GABAergic","Wnt41"
"Fos1",-0.193574745585458,7.61261528916548,-3.12995958361221,0.00235339719908136,0.00980384667358163,-1.7131432768436,"GABAergic","Fos1"
"Dusp231",-0.193534633173444,7.5660845418529,-3.60207604889259,0.000515303308872453,0.00343627837888616,-0.372672152604946,"GABAergic","Dusp231"
"Phldb2",-0.193502257292874,7.56611486414475,-3.6009197367259,0.00051731017283476,0.00344780840219085,-0.37620032525553,"GABAergic","Phldb2"
"Zfp351",-0.193472979595382,7.56614228954885,-3.5998735078295,0.00051913235853255,0.00345438743666968,-0.379391882294502,"GABAergic","Zfp351"
"AC165953.21",-0.193467441155314,7.56624742723598,-3.60060054221372,0.000517865461029104,0.00344965666740268,-0.377136746625366,"GABAergic","AC165953.21"
"Metrnl1",-0.193413770996476,7.6138931728104,-2.97216595335933,0.00378770991992095,0.0141327360511783,-2.13471028355348,"GABAergic","Metrnl1"
"Erap11",-0.193404649105446,7.56620631468646,-3.59742964378444,0.000523412484912389,0.00346875486344472,-0.386844283438265,"GABAergic","Erap11"
"Prg4",-0.193319159740937,7.56638658418848,-3.59529956747433,0.000527170298416945,0.0034761867180416,-0.393299243736617,"GABAergic","Prg4"
"Dmrtc1a1",-0.193267487850016,7.56579184598264,-3.58778926468821,0.000540624665527219,0.00353671697374422,-0.416407046547145,"GABAergic","Dmrtc1a1"
"Zfp5211",-0.193258428176418,7.56580010783635,-3.58746293856446,0.000541216573914831,0.00353872375252005,-0.417399972307694,"GABAergic","Zfp5211"
"Psen21",-0.193256677657369,7.65309679124324,-3.03604530784077,0.00313016391557556,0.0120600230339313,-1.9434113884595,"GABAergic","Psen21"
"Heatr5a1",-0.193196877425915,7.56650142456633,-3.59091770756242,0.000534981150887197,0.00352021001193537,-0.406645999139023,"GABAergic","Heatr5a1"
"Axin11",-0.193164824841825,7.56643122427397,-3.58882919340906,0.000538742472589703,0.00353211683515769,-0.413040801379213,"GABAergic","Axin11"
"Nfkbil11",-0.193159915308614,7.56643583167677,-3.58865275826528,0.00053906136919548,0.00353211683515769,-0.413577724220326,"GABAergic","Nfkbil11"
"Haus11",-0.193139523988969,7.5659085792286,-3.58317543009968,0.000549050721272976,0.00355694946144421,-0.43043948918578,"GABAergic","Haus11"
"Cdyl1",-0.193118926552336,7.56657467052393,-3.58811958069485,0.000540026144477719,0.00353466479586946,-0.415162497205293,"GABAergic","Cdyl1"
"9330160F10Rik1",-0.193103829381288,7.56648847520853,-3.58663613205819,0.000542719030046567,0.00353880395347577,-0.41971326998067,"GABAergic","9330160F10Rik1"
"Eci11",-0.193101380054095,7.56649077458472,-3.58654802000114,0.000542879378203125,0.00353880395347577,-0.419981290527741,"GABAergic","Eci11"
"Rin21",-0.193100530067245,7.56649157254173,-3.58651744172796,0.00054293503566764,0.00353880395347577,-0.420074302819238,"GABAergic","Rin21"
"Mcm91",-0.19309602185743,7.56649580485704,-3.5863552514942,0.000543230338810687,0.00353880395347577,-0.420567639468418,"GABAergic","Mcm91"
"Zfp874a1",-0.19309261116225,7.56649900689561,-3.58623253786926,0.000543453867140911,0.00353880395347577,-0.420940888418595,"GABAergic","Zfp874a1"
"Apold11",-0.193080625298249,7.56661067117014,-3.58674334515454,0.000542523981912521,0.00353880395347577,-0.419349449940056,"GABAergic","Apold11"
"Rad9a1",-0.193075113798892,7.56651543479485,-3.5856028870252,0.000544602174946495,0.00354405505562979,-0.422855900893182,"GABAergic","Rad9a1"
"Lrrc471",-0.193066577637582,7.56597516038393,-3.58054086105528,0.000553917749697448,0.00356657419406674,-0.438446179284709,"GABAergic","Lrrc471"
"Cd831",-0.193062556923596,7.56597883103529,-3.58039555368105,0.000554187371627667,0.00356657419406674,-0.43888765337675,"GABAergic","Cd831"
"Serpinf1",-0.193059606626467,7.56598152451721,-3.58028892466691,0.000554385303815854,0.00356657419406674,-0.439211606035884,"GABAergic","Serpinf1"
"4932413F04Rik",-0.193055186888836,7.56653414573061,-3.58488557958183,0.000545913143770098,0.00355072437850468,-0.425037205340213,"GABAergic","4932413F04Rik"
"Dennd31",-0.193031650020031,7.58937455426258,-3.01752944660296,0.0033089584853016,0.0126351307084901,-2.03148078677968,"GABAergic","Dennd31"
"Sap301",-0.193010102965482,7.56667712590644,-3.58420400735861,0.000547161570421277,0.00355292649604138,-0.427071836255335,"GABAergic","Sap301"
"Tmlhe1",-0.193003276728057,7.5665828981856,-3.58301583473015,0.000549344397289932,0.00355694946144421,-0.430721496653255,"GABAergic","Tmlhe1"
"Hebp21",-0.19298968195104,7.56669644410588,-3.58346669699124,0.000548515135917008,0.00355694946144421,-0.42931332901404,"GABAergic","Hebp21"
"Stil1",-0.192986285900543,7.56659885857995,-3.58240348771917,0.00055047257540153,0.00355867829539889,-0.432582637764421,"GABAergic","Stil1"
"Gm106381",-0.192978624581102,7.56660605577158,-3.58212731740195,0.000550982104612395,0.00355867829539889,-0.433421940211618,"GABAergic","Gm106381"
"9430060I03Rik1",-0.192970131528158,7.56661403467589,-3.58182112358738,0.00055154754867161,0.0035593890166483,-0.434352429856811,"GABAergic","9430060I03Rik1"
"Uap1l11",-0.192955176699306,7.56672909074798,-3.58222028308078,0.000550810534783512,0.00355867829539889,-0.433101761622888,"GABAergic","Uap1l11"
"Kcnj161",-0.192945221513389,7.56663743892027,-3.58092280841018,0.000553209627805242,0.00356455424769629,-0.437081969067017,"GABAergic","Kcnj161"
"Zbtb7c1",-0.192929241916737,7.56610058514778,-3.5755721075968,0.000563208262022786,0.00359067262110261,-0.453534690622392,"GABAergic","Zbtb7c1"
"Rft11",-0.192893187180114,7.56668654302555,-3.57904098308926,0.000556706801119062,0.00357779979383094,-0.44279831909026,"GABAergic","Rft11"
"C920006O11Rik1",-0.192889240609908,7.56613713508664,-3.57412276048998,0.000565945902500827,0.00360017379048456,-0.457932942846665,"GABAergic","C920006O11Rik1"
"Cog11",-0.192883579830673,7.56679685037321,-3.57963168960808,0.000555606787778422,0.00357258043333172,-0.44096655939996,"GABAergic","Cog11"
"Rbl1",-0.192875923900749,7.56670286544606,-3.57841571080111,0.000557873429181832,0.00357892502828856,-0.444697196511318,"GABAergic","Rbl1"
"Ccdc85c1",-0.192874232109055,7.56670446512076,-3.57835442466527,0.000557987900838893,0.00357892502828856,-0.444883301864255,"GABAergic","Ccdc85c1"
"Sh2d3c1",-0.192869269394539,7.56670915770781,-3.57817463736383,0.000558323840029545,0.00357892502828856,-0.445429241605284,"GABAergic","Sh2d3c1"
"Cmtr21",-0.192859167357685,7.56681996041177,-3.57874833399419,0.000557252535625163,0.00357892502828856,-0.443649444179683,"GABAergic","Cmtr21"
"Proser31",-0.192849165602439,7.56672816858435,-3.57744617111212,0.000559686966846204,0.00358218171127273,-0.447641082827082,"GABAergic","Proser31"
"Stoml21",-0.19284458578106,7.56683376548943,-3.57822053131788,0.000558238067289975,0.00357892502828856,-0.445252224793711,"GABAergic","Stoml21"
"Gm160011",-0.192836969491037,7.61510611917505,-3.06563339004743,0.00286294110646545,0.0111586366618204,-1.88600201473012,"GABAergic","Gm160011"
"Chst111",-0.192825288434513,7.566852036875,-3.57752183412978,0.000559545237549262,0.00358218171127273,-0.447373689858403,"GABAergic","Chst111"
"Zfp6881",-0.192823038633357,7.56685416718673,-3.57744036098099,0.000559697851584031,0.00358218171127273,-0.447621047888317,"GABAergic","Zfp6881"
"Dhrs111",-0.192818965388655,7.5667567311109,-3.57635139514607,0.000561741470006242,0.00358970733407697,-0.450964516881242,"GABAergic","Dhrs111"
"Naaa1",-0.192811844840509,7.56620787599342,-3.57131582624518,0.000571283721957576,0.00362270362263338,-0.46644719634691,"GABAergic","Naaa1"
"Sec24d1",-0.192796295252262,7.56677817513983,-3.57552922423116,0.000563289083191719,0.00359067262110261,-0.453459898280649,"GABAergic","Sec24d1"
"Shroom31",-0.192785409500801,7.56688980161201,-3.57607722093542,0.000562257113832634,0.00359067262110261,-0.451759009553353,"GABAergic","Shroom31"
"Tert1",-0.192776757945522,7.56623995592426,-3.57004215475284,0.000573721491462614,0.00363444803933182,-0.47030896449543,"GABAergic","Tert1"
"Gm57841",-0.192771708666824,7.5662445729899,-3.56985880380353,0.000574073229418564,0.00363482080463489,-0.470864799160447,"GABAergic","Gm57841"
"Pold21",-0.192763660267317,7.56680904995437,-3.57434511299862,0.000565525089141191,0.00360017379048456,-0.457053055685233,"GABAergic","Pold21"
"Ehd41",-0.192751974808129,7.56682010655903,-3.57392096667867,0.000566328064055375,0.00360017379048456,-0.458339901171716,"GABAergic","Ehd41"
"Srpk31",-0.192750285601687,7.56626416369759,-3.56908071623499,0.000575568174271749,0.00363805649337822,-0.473223360512985,"GABAergic","Srpk31"
"Olfr15641",-0.192748726873435,7.56682317983697,-3.57380306192242,0.000566551467727362,0.00360017379048456,-0.458697599903852,"GABAergic","Olfr15641"
"Impa21",-0.192748450815042,7.56682344105304,-3.57379304030635,0.000566570460339753,0.00360017379048456,-0.458728003014852,"GABAergic","Impa21"
"Fam111a1",-0.192726429710968,7.56628598188015,-3.56821395114174,0.000577237834193907,0.00364370372448952,-0.475850270669008,"GABAergic","Fam111a1"
"Ptpru1",-0.192711354046629,7.56695995246518,-3.573391996679,0.000567330998899835,0.0036031615641489,-0.459906855410917,"GABAergic","Ptpru1"
"Trim671",-0.192704661366395,7.56686488137959,-3.57220278929399,0.000569591895827508,0.00361421756276558,-0.463551624540464,"GABAergic","Trim671"
"Phospho11",-0.192668709062305,7.5663387841039,-3.566115386278,0.000581299330716127,0.0036618907077092,-0.482208425652154,"GABAergic","Phospho11"
"Slc45a41",-0.192662294429161,7.56634465318295,-3.56588204756882,0.000581752594217201,0.00366288670433053,-0.482915213720744,"GABAergic","Slc45a41"
"Sh3bgr1",-0.192646592947855,7.56702132191405,-3.57104105843422,0.000571808788519276,0.00362418134092146,-0.467036611225256,"GABAergic","Sh3bgr1"
"Gm170981",-0.192644578284299,7.56636086368196,-3.56523748039796,0.000583006413193613,0.00366891966923567,-0.484867441853114,"GABAergic","Gm170981"
"Ankrd34c1",-0.192638979185947,7.5663659872594,-3.56503373015569,0.000583403282032352,0.00366955637608793,-0.485484493942061,"GABAergic","Ankrd34c1"
"4930426D05Rik",-0.192619643715821,7.56638368182663,-3.56432997534912,0.000584776037424521,0.00367030634952572,-0.487615593146361,"GABAergic","4930426D05Rik"
"A930015D03Rik1",-0.19261709112175,7.5663860179367,-3.56423705210854,0.000584957523277874,0.00367030634952572,-0.487896958286424,"GABAergic","A930015D03Rik1"
"Frrs11",-0.192611901616666,7.56695269927528,-3.56883032226059,0.000576050041054649,0.00363805649337822,-0.473775829996761,"GABAergic","Frrs11"
"Gm267031",-0.192611901616666,7.56695269927528,-3.56883032226059,0.000576050041054649,0.00363805649337822,-0.473775829996761,"GABAergic","Gm267031"
"Tirap",-0.192611901616666,7.56695269927528,-3.56883032226059,0.000576050041054649,0.00363805649337822,-0.473775829996761,"GABAergic","Tirap"
"Gm205081",-0.192611901616666,7.56695269927528,-3.56883032226059,0.000576050041054649,0.00363805649337822,-0.473775829996761,"GABAergic","Gm205081"
"Nop161",-0.192588771909154,7.61415394968004,-2.93375616991453,0.00424227614249322,0.0154843079201002,-2.23498280249527,"GABAergic","Nop161"
"Rsad11",-0.192564804597808,7.66033404791156,-2.79809089120889,0.00628034276421281,0.0213006432642473,-2.55165306093282,"GABAergic","Rsad11"
"Pcbd11",-0.192556068220292,7.56644187536262,-3.5620144817307,0.000589314282453327,0.0036806191470789,-0.494625109907304,"GABAergic","Pcbd11"
"Serpinb6a1",-0.192542674917196,7.6155877779088,-2.92806829096578,0.00431371406295938,0.0156896809851483,-2.24890521882127,"GABAergic","Serpinb6a1"
"Spata11",-0.192539164324735,7.56645735171741,-3.56139842808797,0.000590527316465867,0.00368448667538532,-0.496489467166168,"GABAergic","Spata11"
"Jmjd71",-0.192531376969721,7.56646448191531,-3.56111456642856,0.000591087046124481,0.00368612574995216,-0.497348433668151,"GABAergic","Jmjd71"
"Tacr3",-0.192506463749106,7.56648729483481,-3.56020620415681,0.00059288156636769,0.00368923350628228,-0.500096796649615,"GABAergic","Tacr3"
"Spag41",-0.192500166108332,7.56649306205419,-3.55997652885655,0.000593336118551458,0.00368923350628228,-0.50079162458607,"GABAergic","Spag41"
"Rab421",-0.19249148082493,7.5665010161466,-3.55965973861048,0.000593963621720547,0.00368923350628228,-0.501749942913219,"GABAergic","Rab421"
"Orai11",-0.192480889929974,7.56651071594084,-3.5592733836061,0.000594729769803209,0.0036921442937758,-0.502918614215956,"GABAergic","Orai11"
"Mtmr141",-0.192472976528754,7.56718595133843,-3.56472604096652,0.000584003089864845,0.00367030634952572,-0.48617095692796,"GABAergic","Mtmr141"
"Gm136101",-0.192442335120674,7.56721502262942,-3.56360963933977,0.000586184301753422,0.00367030634952572,-0.489550988576274,"GABAergic","Gm136101"
"Spin2c1",-0.192442335120674,7.56721502262942,-3.56360963933977,0.000586184301753422,0.00367030634952572,-0.489550988576274,"GABAergic","Spin2c1"
"Tdrd121",-0.192442335120674,7.56721502262942,-3.56360963933977,0.000586184301753422,0.00367030634952572,-0.489550988576274,"GABAergic","Tdrd121"
"Ch25h1",-0.192442335120674,7.56721502262942,-3.56360963933977,0.000586184301753422,0.00367030634952572,-0.489550988576274,"GABAergic","Ch25h1"
"Cr2",-0.192356823822889,7.56662438580215,-3.55474266952732,0.000603784305560207,0.00371306403964428,-0.516616308651233,"GABAergic","Cr2"
"Gm13523",-0.192356823822889,7.56662438580215,-3.55474266952732,0.000603784305560207,0.00371306403964428,-0.516616308651233,"GABAergic","Gm13523"
"Cd441",-0.192356823822889,7.56662438580215,-3.55474266952732,0.000603784305560207,0.00371306403964428,-0.516616308651233,"GABAergic","Cd441"
"Chrdl1",-0.192356823822889,7.56662438580215,-3.55474266952732,0.000603784305560207,0.00371306403964428,-0.516616308651233,"GABAergic","Chrdl1"
"Ntrk1",-0.192356823822889,7.56662438580215,-3.55474266952732,0.000603784305560207,0.00371306403964428,-0.516616308651233,"GABAergic","Ntrk1"
"Cftr1",-0.192356823822889,7.56662438580215,-3.55474266952732,0.000603784305560207,0.00371306403964428,-0.516616308651233,"GABAergic","Cftr1"
"F420014N23Rik1",-0.192356823822889,7.56662438580215,-3.55474266952732,0.000603784305560207,0.00371306403964428,-0.516616308651233,"GABAergic","F420014N23Rik1"
"Gm26578",-0.192356823822889,7.56662438580215,-3.55474266952732,0.000603784305560207,0.00371306403964428,-0.516616308651233,"GABAergic","Gm26578"
"Cenpn",-0.192356823822889,7.56662438580215,-3.55474266952732,0.000603784305560207,0.00371306403964428,-0.516616308651233,"GABAergic","Cenpn"
"Gm17173",-0.192356823822889,7.56662438580215,-3.55474266952732,0.000603784305560207,0.00371306403964428,-0.516616308651233,"GABAergic","Gm17173"
"F2r1",-0.192356823822889,7.56662438580215,-3.55474266952732,0.000603784305560207,0.00371306403964428,-0.516616308651233,"GABAergic","F2r1"
"AC112943.21",-0.192356823822889,7.56662438580215,-3.55474266952732,0.000603784305560207,0.00371306403964428,-0.516616308651233,"GABAergic","AC112943.21"
"Aven1",-0.192214017473049,7.56606542930146,-3.54449204111004,0.000624753610117134,0.00379872234275043,-0.547809500518539,"GABAergic","Aven1"
"Gm102691",-0.192176507970503,7.56524219565188,-3.53807568572379,0.00063822780956407,0.00385984752275346,-0.567451623524757,"GABAergic","Gm102691"
"Mei11",-0.192101493403166,7.57023111949718,-3.59550511904428,0.000526806559680098,0.0034761867180416,-0.391160852867751,"GABAergic","Mei11"
"Gm296741",-0.1920721920875,7.56594821040236,-3.53778714101792,0.000638840156925527,0.00386166894663701,-0.568100917772597,"GABAergic","Gm296741"
"Mtbp1",-0.192022656929954,7.61525807037466,-3.01507949857054,0.00333331183996856,0.012708571408298,-2.02093944393986,"GABAergic","Mtbp1"
"Irs21",-0.19199365979424,7.64106265574484,-2.49197630312016,0.0145237014622842,0.0421119474642399,-3.29126655679634,"GABAergic","Irs21"
"Zfp7711",-0.191984998573217,7.63766314815501,-2.4465060158443,0.0163567998895643,0.0464609491026534,-3.39500816829201,"GABAergic","Zfp7711"
"Mob1a1",-0.191934707506607,7.63600701757691,-2.43846277619477,0.016701762271941,0.0472630813404351,-3.41385132487849,"GABAergic","Mob1a1"
"Onecut21",-0.191901563097294,7.57041522623181,-3.58880856235333,0.000538779752836418,0.00353211683515769,-0.411517285706733,"GABAergic","Onecut21"
"Syne21",-0.191899835815746,7.56677883593148,-3.53575885175534,0.000643160279840035,0.003883999548815,-0.573966225536652,"GABAergic","Syne21"
"9930004E17Rik1",-0.191862107977872,7.56613361443282,-3.53002464211893,0.000655523685920131,0.00394331019983947,-0.591457571645033,"GABAergic","9930004E17Rik1"
"Pla2g12a1",-0.191837097501444,7.66781274701687,-2.42785975125524,0.017166426623786,0.0483292546282179,-3.41558347120462,"GABAergic","Pla2g12a1"
"Rpl27-ps31",-0.191775999573033,7.56576358975753,-3.52423140639004,0.000668242270804414,0.00399080201187814,-0.609022171686809,"GABAergic","Rpl27-ps31"
"Ddx471",-0.191761365884382,7.6719843176125,-2.74391013827426,0.0073198153063606,0.0241079904331038,-2.67897431158655,"GABAergic","Ddx471"
"Gpt1",-0.19175098311381,7.56623177954286,-3.52590910114606,0.000664535235262992,0.00397779470296871,-0.603825176457176,"GABAergic","Gpt1"
"Gm350401",-0.191704947444213,7.56580478829149,-3.52147963225759,0.000674364942486526,0.00399850403070129,-0.617290182256156,"GABAergic","Gm350401"
"Tnip11",-0.191675284667938,7.56629868745159,-3.52310185130883,0.00067074913638196,0.00399424029870447,-0.61225499528452,"GABAergic","Tnip11"
"Telo21",-0.191644828116863,7.66671352743694,-2.50165587552385,0.0141581056763022,0.0412543065139493,-3.25193169554053,"GABAergic","Telo21"
"Gpr1731",-0.191637945974364,7.56658037152104,-3.52321114769008,0.0006705061828259,0.00399424029870447,-0.611838604482015,"GABAergic","Gpr1731"
"Gm268821",-0.191611182315175,7.56635536977362,-3.52072228741137,0.000676059308070619,0.00400663610943476,-0.619396559287697,"GABAergic","Gm268821"
"Echdc21",-0.191604674732633,7.56661016741924,-3.52197664018804,0.000673255196000723,0.00399765405854975,-0.615544020718858,"GABAergic","Echdc21"
"Gm447771",-0.191587333573967,7.60832000588061,-3.35772444072805,0.00115079643759478,0.00566272156643587,-1.07554143552475,"GABAergic","Gm447771"
"Retsat",-0.191567307918276,7.5670823716652,-3.52343295433322,0.000670013387249182,0.00399424029870447,-0.611017041893123,"GABAergic","Retsat"
"Thap8",-0.19155512516608,7.56665457665961,-3.52013652804514,0.000677372553219586,0.00401250280928642,-0.621065369404594,"GABAergic","Thap8"
"Efcab71",-0.191512404064152,7.56669306420865,-3.51854472697503,0.000680953483983466,0.00402986778075099,-0.625839954160242,"GABAergic","Efcab71"
"Zfp2131",-0.191510539653206,7.66192165668042,-2.64072362796296,0.00974384057080678,0.0303878431904221,-2.93295136971857,"GABAergic","Zfp2131"
"Zscan291",-0.191502040462602,7.56645192864147,-3.51666587209886,0.000685203191172675,0.00404152642702134,-0.631562302815401,"GABAergic","Zscan291"
"Tigar1",-0.191490839286139,7.63584947114949,-2.83335962872222,0.00567822945258923,0.0195523938697648,-2.47881173314288,"GABAergic","Tigar1"
"Slc25a471",-0.191442277783887,7.56650482826083,-3.51444209315089,0.000690265450782182,0.00406300609804438,-0.638227223551123,"GABAergic","Slc25a471"
"Fggy1",-0.19143588545015,7.56651048764004,-3.51420412448625,0.000690809255993041,0.00406300609804438,-0.63894025425714,"GABAergic","Fggy1"
"Gm97741",-0.191427898049425,7.56720979348943,-3.51824766881869,0.000681623726368702,0.00402999068329471,-0.626574498015865,"GABAergic","Gm97741"
"B130006D01Rik1",-0.191422498984072,7.56721473026751,-3.5180466450102,0.000682077643267842,0.0040307540728352,-0.627177283196509,"GABAergic","B130006D01Rik1"
"Aamdc1",-0.19140575411063,7.67914935399352,-2.63812238548606,0.00981341269522252,0.0305683864326585,-2.92817908052628,"GABAergic","Aamdc1"
"Pdp21",-0.191403427639105,7.56653922716673,-3.51299548738934,0.000693577483768683,0.00407156886166952,-0.642561156641829,"GABAergic","Pdp21"
"Pogk1",-0.191392495030348,7.56654890863421,-3.51258826632554,0.000694512529224125,0.00407255461436424,-0.643780920160784,"GABAergic","Pogk1"
"Gm488821",-0.191391982189263,7.56654936280086,-3.51256916236499,0.000694556424241081,0.00407255461436424,-0.643838140298234,"GABAergic","Gm488821"
"Fkbp91",-0.191361564531612,7.56727045757087,-3.5157767984222,0.000687222874949761,0.0040495896857201,-0.633981785841884,"GABAergic","Fkbp91"
"Cradd1",-0.191360022806385,7.56657766847342,-3.51137837066765,0.000697297675982891,0.00407630895002067,-0.64740433237712,"GABAergic","Cradd1"
"Slc13a51",-0.191342619370702,7.56684615648,-3.51220822530114,0.000695386239148897,0.00407255461436424,-0.644830036494094,"GABAergic","Slc13a51"
"Rap2c1",-0.191336509383147,7.56685166874255,-3.51197991482865,0.000695911621469358,0.0040737090671862,-0.645513785244387,"GABAergic","Rap2c1"
"Gm175091",-0.191333811405956,7.5666008873805,-3.51040135681073,0.00069955443224388,0.00408048475074475,-0.650329618132082,"GABAergic","Gm175091"
"Sdk11",-0.191331390269425,7.5666030322875,-3.51031109276413,0.000699763276537154,0.00408048475074475,-0.650599847441743,"GABAergic","Sdk11"
"2810402E24Rik1",-0.191316099750957,7.56687008325311,-3.51121713225958,0.000697669638182426,0.00407630895002067,-0.647797937985795,"GABAergic","2810402E24Rik1"
"Clec2d1",-0.191313820576968,7.56731413476888,-3.51399693762823,0.000691283048315898,0.0040638667122692,-0.639315097901737,"GABAergic","Clec2d1"
"Hgh11",-0.191284279032242,7.56664477482331,-3.50855411305299,0.00070384015747861,0.00408971640778858,-0.655858784380857,"GABAergic","Hgh11"
"Esrrb",-0.191277414327939,7.56665086801205,-3.50829778540541,0.000704436810102051,0.00408971640778858,-0.656625853525125,"GABAergic","Esrrb"
"Sh3pxd2b1",-0.191271313614843,7.56691049947612,-3.50954255355018,0.00070154383602517,0.00408356426129097,-0.652811148722805,"GABAergic","Sh3pxd2b1"
"Pkmyt11",-0.191271235271944,7.56665636498529,-3.50806676656394,0.000704974960851731,0.00409010718287516,-0.657317153466968,"GABAergic","Pkmyt11"
"3110045C21Rik1",-0.191270167619705,7.56735407959145,-3.51236853855737,0.000695017554272805,0.00407255461436424,-0.644192770760056,"GABAergic","3110045C21Rik1"
"Pctp",-0.191268849158753,7.56735528841175,-3.5123192900655,0.000695130795207573,0.00407255461436424,-0.644340262734673,"GABAergic","Pctp"
"Gm17116",-0.191264452963087,7.56691669169843,-3.50928593825823,0.00070213931745018,0.00408511435984844,-0.653579221854848,"GABAergic","Gm17116"
"M5C1000I18Rik1",-0.19125713039404,7.56692330112227,-3.50901201862081,0.000702775480826757,0.0040868995862512,-0.654399041608732,"GABAergic","M5C1000I18Rik1"
"Gm35725",-0.191250350314993,7.5673722636866,-3.51162789268825,0.000696722420872705,0.00407630895002067,-0.646410735229141,"GABAergic","Gm35725"
"Tti11",-0.191243076422452,7.56693598721204,-3.5084862159216,0.000703998154808595,0.00408971640778858,-0.655972591753692,"GABAergic","Tti11"
"Net11",-0.191242506341906,7.56604494556024,-3.50342218070839,0.000715877107899782,0.00411293146112445,-0.67143421994334,"GABAergic","Net11"
"Inafm21",-0.191226010776563,7.56669666982035,-3.50637373051603,0.000708930700114403,0.00409528573384327,-0.662382355553857,"GABAergic","Inafm21"
"Aldob1",-0.191225971219213,7.56695142903665,-3.5078461197711,0.000705489312818401,0.00409117867854036,-0.657887942893693,"GABAergic","Aldob1"
"Itgb31",-0.191223849603156,7.56669859641302,-3.50629279220877,0.00070912033470278,0.00409528573384327,-0.662624459402416,"GABAergic","Itgb31"
"A230065N10Rik1",-0.191221198080515,7.5667009601655,-3.50619348652743,0.000709353068627728,0.00409528573384327,-0.662921498231498,"GABAergic","A230065N10Rik1"
"Dnajc171",-0.19120239092481,7.566972718956,-3.50696347141247,0.000707550410696358,0.00409528573384327,-0.660528646086708,"GABAergic","Dnajc171"
"Ddx581",-0.191196170457517,7.56672327341939,-3.50525596713436,0.000711553808291882,0.00409762541109153,-0.665725451627734,"GABAergic","Ddx581"
"Carlr",-0.191181589829835,7.56699150218969,-3.50618461576544,0.000709373861756345,0.00409528573384327,-0.662858405111188,"GABAergic","Carlr"
"Sema5b1",-0.191172749086323,7.56699948604424,-3.50585352447479,0.000710150353943791,0.00409528573384327,-0.66384866632298,"GABAergic","Sema5b1"
"Zbtb8b1",-0.191165282637696,7.56700622914621,-3.50557387017354,0.000710806838829392,0.00409707374870997,-0.664685029466071,"GABAergic","Zbtb8b1"
"Zfp6281",-0.191159697499995,7.56745547568135,-3.50823713467534,0.000704578056394198,0.00408971640778858,-0.656560305604989,"GABAergic","Zfp6281"
"Gm44386",-0.191145980728109,7.5667680300888,-3.50337492950493,0.000715988833609421,0.00411293146112445,-0.671349588029488,"GABAergic","Gm44386"
"A830005F24Rik1",-0.191142152669984,7.56747129869884,-3.50758473483206,0.00070609908858268,0.00409280228365766,-0.658512006134591,"GABAergic","A830005F24Rik1"
"Lrig3",-0.191124080975178,7.56678756347837,-3.50255375799494,0.000717933129751576,0.00411854269846685,-0.67380410164933,"GABAergic","Lrig3"
"Tmem1101",-0.191118553084145,7.63567130880684,-2.70090738888823,0.00825401127909615,0.0265575006413231,-2.8045008156639,"GABAergic","Tmem1101"
"Als21",-0.19111750571787,7.6159417559041,-3.00047298817314,0.0034819827690167,0.0131943224926709,-2.0593074975307,"GABAergic","Als21"
"Lpar61",-0.191113042523241,7.56749593657281,-3.50652648495962,0.000708572934250055,0.00409528573384327,-0.661675658824058,"GABAergic","Lpar61"
"Klf61",-0.191099930806581,7.65482902742923,-2.94097658328533,0.00415316137093743,0.0151947914544026,-2.19202415609849,"GABAergic","Klf61"
"Tesk21",-0.191094533167697,7.56751160410115,-3.50585342886224,0.000710150578295118,0.00409528573384327,-0.663687392920618,"GABAergic","Tesk21"
"Fbln51",-0.191094451748242,7.56751167302303,-3.50585046789611,0.000710157526126568,0.00409528573384327,-0.663696242467108,"GABAergic","Fbln51"
"Shc11",-0.191079708680946,7.5668271491575,-3.50088919321941,0.000721889645224541,0.00413031373777619,-0.678778213737553,"GABAergic","Shc11"
"Carhsp1",-0.191066323180079,7.56635689969395,-3.49766221828616,0.000729618588509629,0.0041327623691903,-0.68858674533687,"GABAergic","Carhsp1"
"8430432A02Rik1",-0.191063590245558,7.56709810052716,-3.50176216770988,0.000719812105463485,0.00412222807051308,-0.676079665969468,"GABAergic","8430432A02Rik1"
"Asb111",-0.191050459471794,7.56754891664554,-3.50425021445959,0.000713921888437541,0.00410711936595505,-0.668478148649504,"GABAergic","Asb111"
"Zkscan41",-0.191047273699503,7.56755161401309,-3.50413429895825,0.000714195293451329,0.00410711936595505,-0.668824465144779,"GABAergic","Zkscan41"
"Stpg1",-0.191023950307789,7.56757136301538,-3.50328554334806,0.000716200232674451,0.00411293146112445,-0.67135999648591,"GABAergic","Stpg1"
"Wdr891",-0.191003696750721,7.56661202149927,-3.49644498234628,0.000732554240828298,0.00414669443359519,-0.692149406667473,"GABAergic","Wdr891"
"A730085K08Rik",-0.19100236265985,7.56689617720083,-3.49798529325443,0.000728841284359065,0.0041327623691903,-0.687451463525024,"GABAergic","A730085K08Rik"
"Ptger4",-0.19100236265985,7.56689617720083,-3.49798529325443,0.000728841284359065,0.0041327623691903,-0.687451463525024,"GABAergic","Ptger4"
"Gm280431",-0.19100236265985,7.56689617720083,-3.49798529325443,0.000728841284359065,0.0041327623691903,-0.687451463525024,"GABAergic","Gm280431"
"Gm144351",-0.190999629842367,7.56759195867799,-3.50240026884489,0.000718297100253818,0.00411854269846685,-0.674004126261272,"GABAergic","Gm144351"
"Rnaset2b1",-0.190997224501007,7.56759399576181,-3.5023127004757,0.00071850483015155,0.00411854269846685,-0.674265647115834,"GABAergic","Rnaset2b1"
"B230312C02Rik1",-0.190972568742891,7.56761487810356,-3.50141495324861,0.000720637743185429,0.00412505276426714,-0.676946461797588,"GABAergic","B230312C02Rik1"
"Gm163231",-0.190959094653329,7.56719256444703,-3.49783992612896,0.000729190934447828,0.0041327623691903,-0.687794944117143,"GABAergic","Gm163231"
"Gm269821",-0.190959094653329,7.56719256444703,-3.49783992612896,0.000729190934447828,0.0041327623691903,-0.687794944117143,"GABAergic","Gm269821"
"Myo1a",-0.190959094653329,7.56719256444703,-3.49783992612896,0.000729190934447828,0.0041327623691903,-0.687794944117143,"GABAergic","Myo1a"
"Gm29408",-0.190959094653329,7.56719256444703,-3.49783992612896,0.000729190934447828,0.0041327623691903,-0.687794944117143,"GABAergic","Gm29408"
"Aqp5",-0.190959094653329,7.56719256444703,-3.49783992612896,0.000729190934447828,0.0041327623691903,-0.687794944117143,"GABAergic","Aqp5"
"Gm16537",-0.190959094653329,7.56719256444703,-3.49783992612896,0.000729190934447828,0.0041327623691903,-0.687794944117143,"GABAergic","Gm16537"
"2410137M14Rik1",-0.190959094653329,7.56719256444703,-3.49783992612896,0.000729190934447828,0.0041327623691903,-0.687794944117143,"GABAergic","2410137M14Rik1"
"Evi2a1",-0.190942872616016,7.56646386856208,-3.49303473488979,0.000740838365637004,0.00418090228174408,-0.702396436957175,"GABAergic","Evi2a1"
"BC030867",-0.190925813344569,7.56765448476528,-3.49971185767471,0.000724700485130533,0.0041327623691903,-0.682030740642849,"GABAergic","BC030867"
"Zfp7681",-0.190906601136488,7.56767076211352,-3.49901178597214,0.000726376774052487,0.0041327623691903,-0.684120131669714,"GABAergic","Zfp7681"
"Hist2h2be1",-0.190891947452177,7.56768317832488,-3.49847772239661,0.000727658025613414,0.0041327623691903,-0.685713851709144,"GABAergic","Hist2h2be1"
"Tnfrsf12a1",-0.190869286285702,7.56770238110388,-3.49765165145642,0.000729644025052051,0.0041327623691903,-0.688178598658326,"GABAergic","Tnfrsf12a1"
"Cep1281",-0.190840246693397,7.56699584561241,-3.49163469456272,0.000744264866800322,0.00419451725567302,-0.706416018679563,"GABAergic","Cep1281"
"Topbp11",-0.190839540590215,7.56675635608858,-3.49027373850795,0.000747610048814631,0.00420954659972303,-0.710557827587117,"GABAergic","Topbp11"
"Gm158341",-0.190822360004949,7.56774215258342,-3.4959403889272,0.000733774454163984,0.00414669443359519,-0.693283084871897,"GABAergic","Gm158341"
"Spata171",-0.190822360004949,7.56774215258342,-3.4959403889272,0.000733774454163984,0.00414669443359519,-0.693283084871897,"GABAergic","Spata171"
"Klrg2",-0.190822360004949,7.56774215258342,-3.4959403889272,0.000733774454163984,0.00414669443359519,-0.693283084871897,"GABAergic","Klrg2"
"Nme61",-0.190822360004949,7.56774215258342,-3.4959403889272,0.000733774454163984,0.00414669443359519,-0.693283084871897,"GABAergic","Nme61"
"Bcas11",-0.190791065156828,7.56659551637395,-3.487334191243,0.000754883851303222,0.00423967633949376,-0.719389370250538,"GABAergic","Bcas11"
"Pagr1a",-0.190727937138237,7.5670960118486,-3.48740336949544,0.000754711907331671,0.00423967633949376,-0.719026879282196,"GABAergic","Pagr1a"
"Stap2",-0.190727937138237,7.5670960118486,-3.48740336949544,0.000754711907331671,0.00423967633949376,-0.719026879282196,"GABAergic","Stap2"
"Antxr11",-0.190724747379202,7.56709885772358,-3.48728310337886,0.00075501085497834,0.00423967633949376,-0.719385145640831,"GABAergic","Antxr11"
"Shpk1",-0.190608460771216,7.56659490585272,-3.47960136953166,0.00077433874782777,0.00432667440816867,-0.742463164922989,"GABAergic","Shpk1"
"Npepl11",-0.190598994995571,7.56696843831264,-3.48119934211706,0.000770280048562778,0.00431176157089043,-0.737581438547555,"GABAergic","Npepl11"
"9330102E08Rik1",-0.190570410584137,7.56723662202716,-3.48145811469183,0.000769624682524591,0.00431003714356055,-0.736726242164376,"GABAergic","9330102E08Rik1"
"Plekhh11",-0.190542070639919,7.56681258352913,-3.47793926916471,0.000778581733108533,0.00434451407728277,-0.747349310852311,"GABAergic","Plekhh11"
"Slc4a111",-0.19052576442917,7.56666682280442,-3.47647873635638,0.000782328259926326,0.00435953915836807,-0.751746994609205,"GABAergic","Slc4a111"
"Lzts31",-0.190494257449005,7.61627875452582,-2.87948550331604,0.00497062316449003,0.0175541927920664,-2.37327920453774,"GABAergic","Lzts31"
"Zfp4721",-0.190486699769535,7.56670068877092,-3.47500036080298,0.000786137876320009,0.00437005541364817,-0.756140234324273,"GABAergic","Zfp4721"
"Gm195311",-0.190451284053487,7.56709882418999,-3.47561330424513,0.00078455626702439,0.00436607321693842,-0.754190108897475,"GABAergic","Gm195311"
"Cdr11",-0.190437857220285,7.56711068198236,-3.47510502436895,0.000785867594751035,0.00437005541364817,-0.755700343665688,"GABAergic","Cdr11"
"Snhg91",-0.190397774460306,7.56739096940069,-3.47492665619453,0.000786328262584718,0.00437005541364817,-0.756144334886197,"GABAergic","Snhg91"
"Tmem1041",-0.190380721532253,7.56740625481122,-3.47427999053256,0.000788000529985994,0.00437347342447504,-0.758065379388786,"GABAergic","Tmem1041"
"Ints5.11",-0.190360690217648,7.56742421195111,-3.47352020476848,0.000789969611448204,0.00437852741316311,-0.760322121287529,"GABAergic","Ints5.11"
"Cox8b",-0.190356131397008,7.56742829903066,-3.47334726256667,0.000790418461313452,0.00437905942183033,-0.760835747708603,"GABAergic","Cox8b"
"Ccdc1341",-0.190350782552065,7.56743309453004,-3.47314433765605,0.000790945434355699,0.00438002357891755,-0.761438395893872,"GABAergic","Ccdc1341"
"Fen11",-0.190346505210428,7.56738368744945,-3.47269183211281,0.000792121734027696,0.00438458105231209,-0.762800783533757,"GABAergic","Fen11"
"Tmem2021",-0.190324962704243,7.56745624549955,-3.47216459170081,0.00079349439075529,0.00438826443372244,-0.764347677033924,"GABAergic","Tmem2021"
"Mgat5b1",-0.190313848631551,7.61540190915896,-3.0183538986689,0.00330080025677053,0.0126078581675969,-2.01239473028352,"GABAergic","Mgat5b1"
"1700047M11Rik1",-0.190306903029819,7.56701818792249,-3.46903213162553,0.00080169605398571,0.00441658085619716,-0.773804697012626,"GABAergic","1700047M11Rik1"
"Zfp4231",-0.190295915342969,7.56748118627973,-3.47108008698329,0.000796324929226311,0.00439803843867313,-0.767566175810558,"GABAergic","Zfp4231"
"9430037G07Rik1",-0.19029539425498,7.65751049527279,-2.90410988867435,0.00462696100330758,0.0165572624137967,-2.28564993725069,"GABAergic","9430037G07Rik1"
"Abcc41",-0.19029403840733,7.56702944372547,-3.46854413249185,0.000802980950419041,0.00441710708984943,-0.775252627310402,"GABAergic","Abcc41"
"Gm15337",-0.190284169852825,7.5672464785874,-3.46928108449262,0.000801041311137791,0.00441658085619716,-0.772992820443654,"GABAergic","Gm15337"
"Arhgef10l1",-0.190251868858814,7.56751764640185,-3.4694572582959,0.000800578281118966,0.00441658085619716,-0.772379420969145,"GABAergic","Arhgef10l1"
"Oard11",-0.190241458603914,7.56747690913671,-3.46871554645801,0.000802529398124464,0.00441658085619716,-0.774602335254868,"GABAergic","Oard11"
"Ormdl21",-0.190241303926326,7.56691360875296,-3.46569730439481,0.000810515423816903,0.00445094345612154,-0.783753179343964,"GABAergic","Ormdl21"
"Thoc51",-0.190225366170738,7.56692744812427,-3.46509213929925,0.000812125637399451,0.00445279410175679,-0.785547452170492,"GABAergic","Thoc51"
"Rbm431",-0.190215331883627,7.61558513935783,-3.00869866464261,0.00339752062002264,0.012926649061159,-2.0378781169319,"GABAergic","Rbm431"
"Usp351",-0.190189234117521,7.56733042627614,-3.4656780320917,0.000810566656795703,0.00445094345612154,-0.783679965427124,"GABAergic","Usp351"
"Decr11",-0.190188181992902,7.56757037931821,-3.46710955353927,0.000806769439822458,0.00443598083659579,-0.779339580142525,"GABAergic","Decr11"
"Rnf2231",-0.190168847540132,7.56697653610879,-3.46294516420985,0.000817862648314405,0.00446925383777268,-0.791911158998399,"GABAergic","Rnf2231"
"2010320M18Rik1",-0.190142036793961,7.56699982780058,-3.46192619643904,0.000820598825003911,0.00446994211159285,-0.794930361872935,"GABAergic","2010320M18Rik1"
"Tdrd71",-0.190129715923031,7.5675692277422,-3.46459407506417,0.000813453141783135,0.00445279410175679,-0.786816849145553,"GABAergic","Tdrd71"
"Plxnb31",-0.190124334835415,7.56717800638965,-3.46209958196744,0.000820132633914907,0.00446994211159285,-0.794359536386477,"GABAergic","Plxnb31"
"D7Ertd443e1",-0.19012070460908,7.56739114811113,-3.4630723004087,0.000817521861056293,0.00446925383777268,-0.791403679450325,"GABAergic","D7Ertd443e1"
"Gm26525",-0.190116727599881,7.56762956515654,-3.46447375701429,0.000813774135599065,0.00445279410175679,-0.787149549708779,"GABAergic","Gm26525"
"1700028J19Rik",-0.190116727599881,7.56762956515654,-3.46447375701429,0.000813774135599065,0.00445279410175679,-0.787149549708779,"GABAergic","1700028J19Rik"
"Ovca21",-0.190116727599881,7.56762956515654,-3.46447375701429,0.000813774135599065,0.00445279410175679,-0.787149549708779,"GABAergic","Ovca21"
"Cdca7l",-0.190116727599881,7.56762956515654,-3.46447375701429,0.000813774135599065,0.00445279410175679,-0.787149549708779,"GABAergic","Cdca7l"
"Bmp71",-0.190109986481889,7.56740065704574,-3.46266433000991,0.000818615896371414,0.00446994211159285,-0.79261255692512,"GABAergic","Bmp71"
"Gm102871",-0.190104946515789,7.56740512863067,-3.46247247257112,0.000819130868808814,0.00446994211159285,-0.793181021753397,"GABAergic","Gm102871"
"Wwtr11",-0.190082924647408,7.56705119440542,-3.45967843600266,0.000826665166266068,0.00448183255280118,-0.801588083342977,"GABAergic","Wwtr11"
"Zfp8311",-0.190076371651617,7.56743048357512,-3.46138448704052,0.000822056959205367,0.00447436163650164,-0.796404218956827,"GABAergic","Zfp8311"
"Espl1",-0.190073907510054,7.56705903161831,-3.45933541779624,0.000827594627851579,0.00448491237189436,-0.802603791119648,"GABAergic","Espl1"
"Plek1",-0.190073001202964,7.56743347452139,-3.4612561328378,0.000822402811672864,0.00447436163650164,-0.796784422075151,"GABAergic","Plek1"
"Gm10184",-0.190070246455573,7.56761838217234,-3.46239878723725,0.00081932873183561,0.00446994211159285,-0.793318342826526,"GABAergic","Gm10184"
"A830011K09Rik1",-0.190069326633382,7.56706301323356,-3.45916114405254,0.000828067227322199,0.00448551474948428,-0.803119801929253,"GABAergic","A830011K09Rik1"
"Gm281511",-0.190065279985027,7.56722974017491,-3.45985387666862,0.000826190162871564,0.00448183255280118,-0.80101127592575,"GABAergic","Gm281511"
"Zfp1461",-0.190061562398736,7.56706976201626,-3.458865741904,0.0008288688868906,0.0044857878271375,-0.803994419098545,"GABAergic","Zfp1461"
"Airn1",-0.190056764195362,7.56707393283994,-3.4586831734145,0.000829364705409066,0.0044857878271375,-0.804534933514852,"GABAergic","Airn1"
"1500035N22Rik1",-0.190040694508659,7.56746214670653,-3.46002555846717,0.000825725585750551,0.00448183255280118,-0.800429009968228,"GABAergic","1500035N22Rik1"
"Gpx6",-0.190039197268707,7.56746347564405,-3.45996851647214,0.000825879916104867,0.00448183255280118,-0.800597927079699,"GABAergic","Gpx6"
"1700007F19Rik1",-0.190039069519774,7.56746358903349,-3.45996364943336,0.000825893085413901,0.00448183255280118,-0.800612339628264,"GABAergic","1700007F19Rik1"
"Ankrd631",-0.190003886121036,7.56749276116294,-3.45865739364568,0.000829434740497013,0.0044857878271375,-0.804477811233908,"GABAergic","Ankrd631"
"Vps511",-0.189992097579006,7.56713015583078,-3.45622164580915,0.000836077074315781,0.00449359744142869,-0.811820435747354,"GABAergic","Vps511"
"Scrn21",-0.189977257433257,7.56714306135726,-3.45565649398994,0.000837625407681154,0.00449715413551744,-0.813492584192427,"GABAergic","Scrn21"
"Fancb1",-0.189975551267645,7.56751599124197,-3.45760955561872,0.000832286093857386,0.00449359744142869,-0.807577483175922,"GABAergic","Fancb1"
"Pbld1",-0.189975337148839,7.56714473139004,-3.45558335734085,0.000837825975932016,0.00449715413551744,-0.813708962713116,"GABAergic","Pbld1"
"Ascc11",-0.189958588924381,7.56771071480525,-3.45827358031591,0.00083047809393579,0.00448877750250138,-0.805526905896515,"GABAergic","Ascc11"
"Tmem811",-0.189954255077728,7.56753345303291,-3.45682182470881,0.000834435733050615,0.00449359744142869,-0.80990724402835,"GABAergic","Tmem811"
"Gm16796",-0.189954255077728,7.56753345303291,-3.45682182470881,0.000834435733050615,0.00449359744142869,-0.80990724402835,"GABAergic","Gm16796"
"Frg2f11",-0.189954255077728,7.56753345303291,-3.45682182470881,0.000834435733050615,0.00449359744142869,-0.80990724402835,"GABAergic","Frg2f11"
"Lrrc321",-0.189954255077728,7.56753345303291,-3.45682182470881,0.000834435733050615,0.00449359744142869,-0.80990724402835,"GABAergic","Lrrc321"
"Gm48799",-0.189954255077728,7.56753345303291,-3.45682182470881,0.000834435733050615,0.00449359744142869,-0.80990724402835,"GABAergic","Gm48799"
"A2ml11",-0.189941543737081,7.56661735679531,-3.45229586513977,0.00084688842694808,0.00452707211862068,-0.823621741536841,"GABAergic","A2ml11"
"Msi11",-0.189934551940754,7.56773059885012,-3.45738494965829,0.00083289848835954,0.00449359744142869,-0.808155354974196,"GABAergic","Msi11"
"Ogdhl1",-0.189930502263987,7.56718372886977,-3.45387529406661,0.000842523027235429,0.0045165057313139,-0.818761361189115,"GABAergic","Ogdhl1"
"Smc41",-0.189916035103747,7.56736058100473,-3.45417109662814,0.000841707817886444,0.00451408557474968,-0.817828865457395,"GABAergic","Smc41"
"Rfxank1",-0.18991467040451,7.56719750196751,-3.4532719388451,0.000844188136623285,0.0045215255828636,-0.820545611519838,"GABAergic","Rfxank1"
"Dnase1l11",-0.189913265700277,7.56774820954093,-3.4565978413953,0.000835047916487294,0.00449359744142869,-0.810483083276265,"GABAergic","Dnase1l11"
"Kcnk121",-0.189911405892444,7.56774974830628,-3.45652906307054,0.000835235983994321,0.00449359744142869,-0.810686463304099,"GABAergic","Kcnk121"
"Sufu1",-0.189906173465868,7.56775407758664,-3.45633555398552,0.000835765329676289,0.00449359744142869,-0.811258660163155,"GABAergic","Sufu1"
"1110017D15Rik1",-0.189858551930281,7.56741112955248,-3.45197664424376,0.000847773311477379,0.00452828952851282,-0.824317509503103,"GABAergic","1110017D15Rik1"
"Serac11",-0.189833159544989,7.61087849506888,-3.17471773515434,0.0020501207709411,0.00879365575871291,-1.59158320881924,"GABAergic","Serac11"
"4933406C10Rik1",-0.189817973876724,7.56782707168736,-3.45307224864092,0.0008447399146303,0.00452162836277467,-0.820904403334997,"GABAergic","4933406C10Rik1"
"4930534D22Rik",-0.189816059859817,7.5678286608236,-3.45300130229591,0.00084493603330173,0.00452162836277467,-0.821114033292687,"GABAergic","4930534D22Rik"
"Cryba4",-0.189806240507782,7.56745714560425,-3.44997834917041,0.000853332449703103,0.00454305263870249,-0.830223408123103,"GABAergic","Cryba4"
"Nmb1",-0.189806240507782,7.56745714560425,-3.44997834917041,0.000853332449703103,0.00454305263870249,-0.830223408123103,"GABAergic","Nmb1"
"D930048N14Rik1",-0.18979384036723,7.56730266259932,-3.44866344526063,0.000857009160977573,0.00455390518559513,-0.834166057497684,"GABAergic","D930048N14Rik1"
"Ccne21",-0.189793105253358,7.6112949517892,-2.92314805299037,0.00437640335874733,0.0158711764120556,-2.26421674381563,"GABAergic","Ccne21"
"Kifc11",-0.189788396860675,7.56730740198536,-3.44845567760945,0.000857591481703245,0.00455390518559513,-0.834779789369135,"GABAergic","Kifc11"
"Fgd3",-0.189785144577275,7.56731023365829,-3.44833153834785,0.000857939590968687,0.00455390518559513,-0.835146475035601,"GABAergic","Fgd3"
"Casp61",-0.18978472278264,7.56747545769236,-3.44916660476083,0.000855600474815868,0.00455122241425843,-0.83262109799611,"GABAergic","Casp61"
"Ccdc861",-0.189781090212481,7.56785785365498,-3.45170157798569,0.000848536497859994,0.00452917760793227,-0.824953924034891,"GABAergic","Ccdc861"
"Gm62771",-0.189774733454639,7.56786316089044,-3.45146526841775,0.000849192668894137,0.00453073130738445,-0.825651955506583,"GABAergic","Gm62771"
"Hif1an1",-0.189759416068316,7.64258481377436,-2.41784727488953,0.0176157587490204,0.049281236716714,-3.45540845179657,"GABAergic","Hif1an1"
"Tmem791",-0.189755737624205,7.56787902151394,-3.45075902185432,0.00085115658679389,0.00453685923480778,-0.827737909217348,"GABAergic","Tmem791"
"Me11",-0.18974782416481,7.56750545701518,-3.44779823984978,0.000859436573599323,0.00455795208477248,-0.83666043648862,"GABAergic","Me11"
"Mmp151",-0.189694531630058,7.567930136541,-3.4484825760249,0.000857516071164002,0.00455390518559513,-0.834459343749698,"GABAergic","Mmp151"
"Tedc21",-0.189666116937911,7.65688167341941,-2.87118735053274,0.00509162019689278,0.0178970884775539,-2.37021008949226,"GABAergic","Tedc21"
"Gm29480",-0.189641408529512,7.56797451479518,-3.44650569191851,0.000863075010921061,0.00456943723785425,-0.840293537275579,"GABAergic","Gm29480"
"4930518I15Rik1",-0.189641408529512,7.56797451479518,-3.44650569191851,0.000863075010921061,0.00456943723785425,-0.840293537275579,"GABAergic","4930518I15Rik1"
"Nkx2-1",-0.189641408529512,7.56797451479518,-3.44650569191851,0.000863075010921061,0.00456943723785425,-0.840293537275579,"GABAergic","Nkx2-1"
"Plekhd11",-0.189641408529512,7.56797451479518,-3.44650569191851,0.000863075010921061,0.00456943723785425,-0.840293537275579,"GABAergic","Plekhd11"
"Gm37986",-0.189617393853308,7.56745662267639,-3.44191584314371,0.000876112793960672,0.00461875946178927,-0.854083665789031,"GABAergic","Gm37986"
"Vmn2r11",-0.189617393853308,7.56745662267639,-3.44191584314371,0.000876112793960672,0.00461875946178927,-0.854083665789031,"GABAergic","Vmn2r11"
"6030445D17Rik1",-0.189617393853308,7.56745662267639,-3.44191584314371,0.000876112793960672,0.00461875946178927,-0.854083665789031,"GABAergic","6030445D17Rik1"
"I830134H01Rik",-0.189617393853308,7.56745662267639,-3.44191584314371,0.000876112793960672,0.00461875946178927,-0.854083665789031,"GABAergic","I830134H01Rik"
"Cyp20a11",-0.189577914424565,7.56764367238747,-3.44149125722019,0.000877328193794222,0.00462311260257035,-0.855262433707117,"GABAergic","Cyp20a11"
"Tmem2381",-0.189574575231918,7.5676463899402,-3.44136721009027,0.000877683585145507,0.00462311260257035,-0.855628040194284,"GABAergic","Tmem2381"
"Cib11",-0.189567189781396,7.56765240065039,-3.44109283589993,0.000878470141055487,0.00462420635611916,-0.856436672630963,"GABAergic","Cib11"
"mt-Nd51",-0.189560481907598,7.61809970864331,-3.01963328038979,0.00328817721556271,0.0125867610256426,-2.00858346544716,"GABAergic","mt-Nd51"
"Slc35g11",-0.189409848035329,7.56778051025739,-3.43524317088126,0.000895398425293314,0.00469648962717245,-0.873664973382598,"GABAergic","Slc35g11"
"Mapk121",-0.189363987992023,7.56781787013223,-3.43353664116858,0.000900394554755765,0.00472069979912085,-0.878686768786971,"GABAergic","Mapk121"
"Sash11",-0.18934072356347,7.56783689799793,-3.43266910283982,0.000902944466006669,0.00472799491376578,-0.881238977895529,"GABAergic","Sash11"
"Kat6a1",-0.189320248212148,7.56785372084164,-3.43190380860958,0.000905199502896463,0.00472799491376578,-0.883490028785149,"GABAergic","Kat6a1"
"Megf111",-0.189316655228205,7.56785667307567,-3.43176950156415,0.000905595802580279,0.00472799491376578,-0.883885042321282,"GABAergic","Megf111"
"Tns31",-0.189280311088088,7.56788653896693,-3.4304107038833,0.000909614408404699,0.00474498310563359,-0.887880765939108,"GABAergic","Tns31"
"Dock51",-0.189203991461253,7.56794927339475,-3.42755592479404,0.000918112124892401,0.00478204677008821,-0.896271661368304,"GABAergic","Dock51"
"Nrde21",-0.189183523571607,7.5679661022012,-3.42678998650518,0.000920404756467447,0.00478919204518282,-0.89852202870688,"GABAergic","Nrde21"
"Rtkn21",-0.189166671884787,7.56797995910722,-3.42615926899551,0.000922296688245123,0.00479108253032597,-0.900374820112359,"GABAergic","Rtkn21"
"Pcdhb31",-0.189166573856771,7.56798003971788,-3.42615559977482,0.000922307705332337,0.00479108253032597,-0.90038559802309,"GABAergic","Pcdhb31"
"Cenpj1",-0.189166532600384,7.56798007364395,-3.42615405553394,0.000922312342058722,0.00479108253032597,-0.900390134049122,"GABAergic","Cenpj1"
"Cep1311",-0.189113801241031,7.568023472243,-3.42417899160611,0.000928260660427051,0.00481593427922229,-0.906190372664908,"GABAergic","Cep1311"
"Nlrc3",-0.189061391483343,7.56808781811309,-3.42235414279605,0.00093378867237891,0.00483854589737882,-0.91153726713022,"GABAergic","Nlrc3"
"Fam43a1",-0.189052841942909,7.56807366360793,-3.42189445297077,0.000935186090903969,0.00484376435230311,-0.91289625080867,"GABAergic","Fam43a1"
"Spa171",-0.189036986852206,7.5680867206807,-3.42130006344636,0.000936995905018919,0.00485111355080717,-0.914640416951743,"GABAergic","Spa171"
"Tns11",-0.188972640688298,7.56813972261674,-3.41888696838911,0.000944377297559868,0.00488525313160399,-0.921718967039398,"GABAergic","Tns11"
"Gpatch31",-0.188932952129149,7.56817242306951,-3.41739791635294,0.000948959427166931,0.00490282535018385,-0.926085021111239,"GABAergic","Gpatch31"
"Idh11",-0.188923493480203,7.62774942408807,-3.09023823706121,0.0026570152959099,0.0105888117605144,-1.81267020378319,"GABAergic","Idh11"
"Eaf21",-0.188905078365512,7.56819539310145,-3.41635183691215,0.000952190946479826,0.00491313159695161,-0.929151358596777,"GABAergic","Eaf21"
"Gm28322",-0.188857375954827,7.56823471125396,-3.41456103313996,0.000957747111746793,0.00492362951813492,-0.934399004158543,"GABAergic","Gm28322"
"Strc",-0.188857375954827,7.56823471125396,-3.41456103313996,0.000957747111746793,0.00492362951813492,-0.934399004158543,"GABAergic","Strc"
"Emilin1",-0.188857375954827,7.56823471125396,-3.41456103313996,0.000957747111746793,0.00492362951813492,-0.934399004158543,"GABAergic","Emilin1"
"Slc26a1",-0.188857375954827,7.56823471125396,-3.41456103313996,0.000957747111746793,0.00492362951813492,-0.934399004158543,"GABAergic","Slc26a1"
"Acot21",-0.188857375954827,7.56823471125396,-3.41456103313996,0.000957747111746793,0.00492362951813492,-0.934399004158543,"GABAergic","Acot21"
"Col2a1",-0.188857375954827,7.56823471125396,-3.41456103313996,0.000957747111746793,0.00492362951813492,-0.934399004158543,"GABAergic","Col2a1"
"Colec12",-0.188857375954827,7.56823471125396,-3.41456103313996,0.000957747111746793,0.00492362951813492,-0.934399004158543,"GABAergic","Colec12"
"Cntf",-0.188857375954827,7.56823471125396,-3.41456103313996,0.000957747111746793,0.00492362951813492,-0.934399004158543,"GABAergic","Cntf"
"Prep1",-0.188782719055705,7.61886157828994,-2.49585155421064,0.0143763300197118,0.0417333931098536,-3.29663477341622,"GABAergic","Prep1"
"Tspyl31",-0.188773512782455,7.56760784058319,-3.40765115868604,0.00097947317125444,0.0050124791980485,-0.954949552458333,"GABAergic","Tspyl31"
"Rem21",-0.188742412891908,7.61351476078955,-2.97926571011653,0.00370878218334055,0.013884158942762,-2.11683669502299,"GABAergic","Rem21"
"Tnks1bp11",-0.188722477547787,7.56836742834318,-3.40963286098099,0.000973195308362881,0.00499064205652205,-0.948819181092623,"GABAergic","Tnks1bp11"
"Gtf3c41",-0.188709796732618,7.6636533141263,-2.56572371563845,0.0119395171943379,0.0358590049326558,-3.10787259220006,"GABAergic","Gtf3c41"
"Mtfr11",-0.188681646070091,7.56840114896136,-3.40809779529931,0.000978054946117378,0.00500774962417833,-0.953310726264707,"GABAergic","Mtfr11"
"Tmem621",-0.18856859639735,7.62027901309791,-2.76829505315661,0.0068339554807699,0.0228596731850012,-2.64974550925794,"GABAergic","Tmem621"
"Gmppb1",-0.188564707553736,7.56849776291228,-3.40369862853301,0.000992108452555403,0.00506727645984463,-0.96617388774292,"GABAergic","Gmppb1"
"Sgo2a",-0.188558101085239,7.5685032229305,-3.40344997153668,0.000992908455945437,0.00506727645984463,-0.966900578125883,"GABAergic","Sgo2a"
"Fbxl141",-0.188543210266338,7.56851553038132,-3.40288945595418,0.000994714028342147,0.00507222867614522,-0.968538512883974,"GABAergic","Fbxl141"
"Tamm411",-0.188498994723485,7.56855208082888,-3.40122471105875,0.00100009485684196,0.00509403745639405,-0.973401991947127,"GABAergic","Tamm411"
"Tab31",-0.18849275103736,7.56855724281752,-3.40098958432877,0.00100085704305489,0.00509403745639405,-0.974088756375163,"GABAergic","Tab31"
"Gm205171",-0.188470032633896,7.56857602678079,-3.40013394798676,0.00100363528821679,0.00509620046103534,-0.97658761259849,"GABAergic","Gm205171"
"Kcnj131",-0.188448639759224,7.56622341353113,-3.39142738495625,0.00103232107031978,0.00520199211407886,-1.00293134325485,"GABAergic","Kcnj131"
"Entpd31",-0.188433300625553,7.5686064022332,-3.39875019235422,0.00100814369680842,0.00511699929545708,-0.980627795921566,"GABAergic","Entpd31"
"Idua1",-0.188422477571483,7.56861535346581,-3.39834239261438,0.00100947597882653,0.00512166676093102,-0.981818216080583,"GABAergic","Idua1"
"Rerg",-0.18832483174006,7.56869322796614,-3.39471307811838,0.00102140614974896,0.00517070761141712,-0.992404595117718,"GABAergic","Rerg"
"Gm144061",-0.188294248580055,7.56871671999996,-3.39359190209788,0.00102511838256632,0.00517563837577218,-0.995672182955296,"GABAergic","Gm144061"
"Gm435731",-0.188294248580055,7.56871671999996,-3.39359190209788,0.00102511838256632,0.00517563837577218,-0.995672182955296,"GABAergic","Gm435731"
"Gm62881",-0.188294248580055,7.56871671999996,-3.39359190209788,0.00102511838256632,0.00517563837577218,-0.995672182955296,"GABAergic","Gm62881"
"BC0019811",-0.188294248580055,7.56871671999996,-3.39359190209788,0.00102511838256632,0.00517563837577218,-0.995672182955296,"GABAergic","BC0019811"
"Gucy2g1",-0.188294248580055,7.56871671999996,-3.39359190209788,0.00102511838256632,0.00517563837577218,-0.995672182955296,"GABAergic","Gucy2g1"
"Atxn1l1",-0.187965845085963,7.61293381047344,-2.9729005647744,0.00377947187785482,0.0141147294625875,-2.13420447403018,"GABAergic","Atxn1l1"
"Vat1l1",-0.187961087445389,7.56826131614014,-3.37700915201893,0.00108152781182268,0.00540328508241524,-1.04427837155257,"GABAergic","Vat1l1"
"Shc41",-0.187899599860271,7.56831105962189,-3.374678663594,0.00108968544924213,0.00543966066978876,-1.05104684340149,"GABAergic","Shc41"
"5033417F24Rik1",-0.187826509173081,7.56837021343236,-3.37190705547919,0.00109946248698235,0.00547965038692812,-1.05909175041312,"GABAergic","5033417F24Rik1"
"Pth1r1",-0.187779161549799,7.5684085464347,-3.37011085613789,0.00110584267833009,0.0055048165415469,-1.06430268553034,"GABAergic","Pth1r1"
"Nf21",-0.18767573539135,7.56849231825764,-3.36618514933286,0.00111990833912397,0.00554980801921564,-1.07568401360423,"GABAergic","Nf21"
"Ubald21",-0.187608892813356,7.61759738669758,-2.79873774589295,0.00626879263370263,0.0212776450012105,-2.57677681327993,"GABAergic","Ubald21"
"Commd51",-0.187588025669706,7.56856340032902,-3.36285376401484,0.00113197628339548,0.00559006194864223,-1.08533422054929,"GABAergic","Commd51"
"Prrt41",-0.1875830119758,7.5685674646592,-3.36266327315075,0.00113267001709316,0.00559126289265159,-1.08588580165379,"GABAergic","Prrt41"
"Cdc42ep5",-0.187543482848169,7.5685995129969,-3.36116116910804,0.00113815442495128,0.00561610195373573,-1.09023441050255,"GABAergic","Cdc42ep5"
"C530050E15Rik1",-0.187535738769195,7.56860579240451,-3.36086684699019,0.00113923195887231,0.0056191846620053,-1.09108629966299,"GABAergic","C530050E15Rik1"
"Ppp1r351",-0.187439521294732,7.70485208632953,-2.57845073416229,0.0115380381485128,0.0349577767146102,-3.05422110276675,"GABAergic","Ppp1r351"
"Suv39h21",-0.187347334803666,7.56875133569137,-3.3538387285973,0.00116524891070374,0.00571344882727517,-1.11140300651164,"GABAergic","Suv39h21"
"Brip1os1",-0.187320021279039,7.57157521747516,-3.37908999894777,0.00107429257521302,0.00537146287606512,-1.03657061073305,"GABAergic","Brip1os1"
"Ttc281",-0.187317685356985,7.61427912517228,-2.96068278209476,0.00391865899301999,0.0145122524928016,-2.16552592467922,"GABAergic","Ttc281"
"Ttc39a1",-0.187308346445683,7.56878073940113,-3.35239716121783,0.00117065389097316,0.00571961212085706,-1.11556530861463,"GABAergic","Ttc39a1"
"Rnf2251",-0.187308346445683,7.56878073940113,-3.35239716121783,0.00117065389097316,0.00571961212085706,-1.11556530861463,"GABAergic","Rnf2251"
"Pdzd9",-0.187308346445683,7.56878073940113,-3.35239716121783,0.00117065389097316,0.00571961212085706,-1.11556530861463,"GABAergic","Pdzd9"
"Gm46811",-0.187308346445683,7.56878073940113,-3.35239716121783,0.00117065389097316,0.00571961212085706,-1.11556530861463,"GABAergic","Gm46811"
"Gm42111",-0.187308346445683,7.56878073940113,-3.35239716121783,0.00117065389097316,0.00571961212085706,-1.11556530861463,"GABAergic","Gm42111"
"Tmem30c1",-0.187308346445683,7.56878073940113,-3.35239716121783,0.00117065389097316,0.00571961212085706,-1.11556530861463,"GABAergic","Tmem30c1"
"Rbp11",-0.18725103760127,7.56651632455903,-3.34481884341538,0.00119945729807699,0.00583507058766579,-1.13838710271972,"GABAergic","Rbp11"
"Lhx8",-0.187224653787508,7.5709637232056,-3.36755516886213,0.00111498061800696,0.00553476378778655,-1.07045280409663,"GABAergic","Lhx8"
"Slc18a3",-0.187189402929675,7.57099255407503,-3.36626234358837,0.0011196301415793,0.00554980801921564,-1.07419622072402,"GABAergic","Slc18a3"
"Tmem1651",-0.187158235570017,7.61606639276838,-2.88382732337209,0.0049083729046749,0.0173838207040569,-2.36269720725714,"GABAergic","Tmem1651"
"Capn9",-0.187150152218625,7.56780874882532,-3.341805556383,0.00121109396208789,0.00588706465707431,-1.14664005408552,"GABAergic","Capn9"
"Itm2a1",-0.187117882143991,7.5710510629325,-3.36363850661939,0.00112912259945725,0.0055781892751849,-1.08179018760493,"GABAergic","Itm2a1"
"Fam53c1",-0.187030336352685,7.70171428399967,-2.57034582788255,0.0117922771216975,0.0355285649624342,-3.07456007775504,"GABAergic","Fam53c1"
"C130060K24Rik1",-0.186944542557125,7.5711929424362,-3.35727485299513,0.00115245997196321,0.00566865963220903,-1.10018887483734,"GABAergic","C130060K24Rik1"
"Kpna61",-0.186831040676308,7.68248702029756,-2.56713233043738,0.0118944703555568,0.0357496675012013,-3.09195011029014,"GABAergic","Kpna61"
"Mocs11",-0.186812134326865,7.61731150851884,-2.86071870184166,0.00524812559627016,0.0183447639268974,-2.42080617664223,"GABAergic","Mocs11"
"Limd11",-0.186812053118222,7.56741215003551,-3.32767428911251,0.00126709394724617,0.00611853536393967,-1.18758776779351,"GABAergic","Limd11"
"Rspo31",-0.186483744559106,7.62099107777524,-2.76172868159037,0.00696180417771255,0.0232122487494392,-2.66624885540143,"GABAergic","Rspo31"
"Fa2h1",-0.186435495265749,7.56836123170308,-3.31451888021657,0.00132140278218139,0.0063437557163911,-1.22503068955771,"GABAergic","Fa2h1"
"Zfp132",-0.186357588280568,7.56842162814079,-3.31153668421863,0.00133401398431516,0.0063944046138861,-1.23356766098183,"GABAergic","Zfp132"
"C1galt11",-0.186343748434189,7.56843236014344,-3.31100677749028,0.00133626664789341,0.0064027293823773,-1.23508396695007,"GABAergic","C1galt11"
"Zfp9491",-0.186295719543977,7.68113891296457,-2.53026459274691,0.0131253320417143,0.0387822311042082,-3.17723325013399,"GABAergic","Zfp9491"
"Lrrc141",-0.186293799933166,7.63800919495,-2.69088989472784,0.00848665518284938,0.0272072825675951,-2.82873158276481,"GABAergic","Lrrc141"
"S100b1",-0.186237927035751,7.5673153856137,-3.30517542421418,0.00136129283199768,0.00650756704356366,-1.25227463881891,"GABAergic","S100b1"
"Rab40b1",-0.186161198492583,7.56857399714594,-3.30401354106361,0.00136633146040115,0.00652662564417947,-1.25507701416226,"GABAergic","Rab40b1"
"Tmem171",-0.186157148712039,7.56857714098232,-3.3038583229527,0.00136700590258297,0.006527334840729,-1.2555203933145,"GABAergic","Tmem171"
"Mrpl131",-0.186138348268139,7.68112124408926,-2.44290101633278,0.0165106181825835,0.0468050616521904,-3.37362065183923,"GABAergic","Mrpl131"
"Myo5c1",-0.186083799986375,7.56809818783927,-3.29998500324655,0.00138393738616001,0.00660056224529046,-1.26681734508202,"GABAergic","Myo5c1"
"Amer11",-0.186044036624247,7.61183415303525,-3.07332454244392,0.00279703197661838,0.0109568077114375,-1.86821105638893,"GABAergic","Amer11"
"Knstrn1",-0.186033792177017,7.56813662013811,-3.29806537526135,0.00139240135125028,0.00663328244491976,-1.27229459994741,"GABAergic","Knstrn1"
"Adam191",-0.185938351474583,7.6131919031645,-2.91538322486378,0.00447704567810076,0.0161277610639275,-2.28383132408696,"GABAergic","Adam191"
"Paqr71",-0.185826469435031,7.60826870053272,-3.19722383018758,0.00191178416133211,0.00836574098805765,-1.53130880413113,"GABAergic","Paqr71"
"4930432K21Rik1",-0.185778226401704,7.5688567156118,-3.28962594475638,0.00143019105822451,0.00676655395827914,-1.29608746026233,"GABAergic","4930432K21Rik1"
"Myc",-0.185767585520345,7.61605330612328,-2.87067862144061,0.00509912541074908,0.0179111651138964,-2.39633445516226,"GABAergic","Myc"
"Rnf1821",-0.185765187091611,7.56886615923733,-3.28913962672303,0.00143239769665001,0.00677183063444822,-1.29747096522693,"GABAergic","Rnf1821"
"Col12a11",-0.185716827378744,7.57147491397641,-3.30459034500536,0.00136382790777785,0.00651717533135276,-1.25191810731309,"GABAergic","Col12a11"
"Sycp21",-0.18571191447159,7.56890474781925,-3.28715252772691,0.00144144722948555,0.0068120183236541,-1.3031223031207,"GABAergic","Sycp21"
"Phf71",-0.185674330647498,7.61631523379417,-2.7357841078852,0.00748859355738142,0.0245474449021621,-2.73275385314243,"GABAergic","Phf71"
"Thap111",-0.185665279270037,7.56842022859195,-3.28390466081231,0.00145635390332723,0.00685635506080841,-1.31262186784515,"GABAergic","Thap111"
"Lhfpl21",-0.185657995341496,7.56842584138028,-3.28362450844922,0.00145764645688153,0.00685983789529762,-1.31341831736725,"GABAergic","Lhfpl21"
"Ldoc1",-0.185656517031467,7.56894488623643,-3.28508578777814,0.00145091627423655,0.00684373658809413,-1.30899728752421,"GABAergic","Ldoc1"
"Gm147031",-0.185564518218801,7.56901156843983,-3.28165269005483,0.00146677438631277,0.00689234007351061,-1.31874989211797,"GABAergic","Gm147031"
"AB0418061",-0.185557059970925,7.56850364755559,-3.27974137184712,0.00147567333332389,0.00691738461600322,-1.32445224087735,"GABAergic","AB0418061"
"Otub21",-0.185530037055865,7.56903656870345,-3.28036569439916,0.00147276098986047,0.00690739375818915,-1.32240386595488,"GABAergic","Otub21"
"Tbc1d22b1",-0.185512690318869,7.57136575429881,-3.29474559853342,0.00140715343250777,0.00668559498369887,-1.28014654238698,"GABAergic","Tbc1d22b1"
"Gtf2ird21",-0.18547380054093,7.57167080524104,-3.29556917222746,0.00140348011839696,0.00667428094651834,-1.27763591858078,"GABAergic","Gtf2ird21"
"B930094E09Rik",-0.185426088988963,7.56706139300291,-3.27384964238254,0.00150342401793271,0.00701409476035525,-1.34181332722918,"GABAergic","B930094E09Rik"
"Myadml2os",-0.185425177480891,7.57143553543705,-3.29149199007359,0.00142175351916351,0.00673675467724166,-1.289407126372,"GABAergic","Myadml2os"
"Anln1",-0.185397982882083,7.57093742747132,-3.28632934007749,0.00144521181384253,0.00682461134314527,-1.30440077977744,"GABAergic","Anln1"
"Gm205151",-0.185392470664262,7.56913635222461,-3.2752296458167,0.00149688056262588,0.00699935485387608,-1.33697462306412,"GABAergic","Gm205151"
"Chst121",-0.185377198091928,7.56914743432435,-3.27465930374182,0.00149958166902377,0.00700471648543525,-1.33859154888153,"GABAergic","Chst121"
"Mrps71",-0.185363221147947,7.67581911870528,-2.67985334463672,0.00874985411310175,0.0279068850022084,-2.83128672432036,"GABAergic","Mrps71"
"Il1r11",-0.185356079783425,7.56865851785004,-3.27200841662304,0.00151219613432453,0.00703650319721313,-1.34639453224452,"GABAergic","Il1r11"
"Igdcc3",-0.185356079783425,7.56865851785004,-3.27200841662304,0.00151219613432453,0.00703650319721313,-1.34639453224452,"GABAergic","Igdcc3"
"Selenbp1",-0.185339291360311,7.56917494384984,-3.2732435880634,0.00150630615581686,0.00702226122978482,-1.34260415747092,"GABAergic","Selenbp1"
"Pdk21",-0.18532612210213,7.68850254908751,-2.45745621183598,0.0158973950034337,0.0453636863629828,-3.33663849268363,"GABAergic","Pdk21"
"Slc25a381",-0.185309179771467,7.56919679997787,-3.27211888022309,0.00151166850611876,0.00703650319721313,-1.34579097704403,"GABAergic","Slc25a381"
"Gm169731",-0.185307041355793,7.56919835224409,-3.27203900353823,0.00151205001898864,0.00703650319721313,-1.34601727190577,"GABAergic","Gm169731"
"Dnah141",-0.185253158960267,7.56923747063373,-3.27002614852251,0.00152169378027599,0.00707539146242978,-1.35171835664936,"GABAergic","Dnah141"
"A130051J06Rik",-0.185246761749532,7.56924211567201,-3.26978714923273,0.00152284266386257,0.007078081445144,-1.35239509932649,"GABAergic","A130051J06Rik"
"5033430I15Rik",-0.185163818824491,7.56930235411602,-3.26668798626537,0.00153781426012399,0.00714499250023914,-1.36116705130608,"GABAergic","5033430I15Rik"
"Nab21",-0.185123650617259,7.5681538371278,-3.26226062668951,0.00155944136196252,0.00721468244149616,-1.37429921407797,"GABAergic","Nab21"
"Slc16a15",-0.185118740619028,7.56815751685239,-3.26207155001924,0.00156037128710521,0.00721468244149616,-1.37483401092475,"GABAergic","Slc16a15"
"Zwilch1",-0.185108859297872,7.56934228282502,-3.26463399680926,0.00154781258924351,0.00717532843948896,-1.36697709576827,"GABAergic","Zwilch1"
"Aloxe31",-0.185093866220732,7.59138003717737,-2.6625298275672,0.00917796472824338,0.0289891937585901,-2.92788095016499,"GABAergic","Aloxe31"
"Sco11",-0.185047994098376,7.5693865147303,-3.26235890592073,0.00155895820567997,0.00721468244149616,-1.37340919043127,"GABAergic","Sco11"
"H1fx1",-0.185006444619467,7.56878367445374,-3.25854323231175,0.00157781991749724,0.00724903246736183,-1.38455372507246,"GABAergic","H1fx1"
"Qrfpr1",-0.185003786742437,7.56878557826526,-3.25844371004247,0.00157831472415888,0.00724903246736183,-1.38483477211748,"GABAergic","Qrfpr1"
"Irf6",-0.184980466778254,7.56943560371094,-3.25983431802529,0.00157141401822993,0.0072334005809471,-1.38054250862158,"GABAergic","Irf6"
"Chst14",-0.184980466778254,7.56943560371094,-3.25983431802529,0.00157141401822993,0.0072334005809471,-1.38054250862158,"GABAergic","Chst14"
"Mlf1",-0.184980466778254,7.56943560371094,-3.25983431802529,0.00157141401822993,0.0072334005809471,-1.38054250862158,"GABAergic","Mlf1"
"Fhdc11",-0.184980466778254,7.56943560371094,-3.25983431802529,0.00157141401822993,0.0072334005809471,-1.38054250862158,"GABAergic","Fhdc11"
"Slc8b1",-0.184980466778254,7.56943560371094,-3.25983431802529,0.00157141401822993,0.0072334005809471,-1.38054250862158,"GABAergic","Slc8b1"
"Rsph10b1",-0.184980466778254,7.56943560371094,-3.25983431802529,0.00157141401822993,0.0072334005809471,-1.38054250862158,"GABAergic","Rsph10b1"
"Tph2",-0.184980466778254,7.56943560371094,-3.25983431802529,0.00157141401822993,0.0072334005809471,-1.38054250862158,"GABAergic","Tph2"
"Pole21",-0.184980466778254,7.56943560371094,-3.25983431802529,0.00157141401822993,0.0072334005809471,-1.38054250862158,"GABAergic","Pole21"
"Tmem167b1",-0.18494678249169,7.6088641485326,-3.18268498451441,0.00200011503461725,0.0086350302880231,-1.57149144049685,"GABAergic","Tmem167b1"
"Pola21",-0.184769447640801,7.56895354701295,-3.24966622595771,0.00162253050293622,0.00741369791658266,-1.40959531420208,"GABAergic","Pola21"
"Pcp2",-0.18475018404955,7.56716871220795,-3.24817478938794,0.00163015770446896,0.00744362711177323,-1.41459814345383,"GABAergic","Pcp2"
"Rwdd2b1",-0.184733024563402,7.56844696058519,-3.24720640904984,0.00163512794414092,0.00746301500065791,-1.4168029072375,"GABAergic","Rwdd2b1"
"Gpn21",-0.184730491840104,7.56758569076498,-3.24661673580622,0.0016381613995335,0.00746587696225145,-1.41884842974464,"GABAergic","Gpn21"
"Ramp31",-0.184573819188034,7.56909394185852,-3.24233458608452,0.00166034848913185,0.00753811400245999,-1.43023668052573,"GABAergic","Ramp31"
"Zfp591",-0.184550902141285,7.5691103988487,-3.24147548080396,0.00166483348506039,0.00754862387636077,-1.43265296977169,"GABAergic","Zfp591"
"Fam129a",-0.184542203774987,7.57206908357947,-3.25862667293192,0.001577405177769,0.00724903246736183,-1.38254800712022,"GABAergic","Fam129a"
"Etv51",-0.184540700236422,7.63535608655071,-2.62711838544837,0.0101127276981818,0.0312731001082571,-2.98259699407745,"GABAergic","Etv51"
"Gm426701",-0.184538621166015,7.56859312346342,-3.23970582123412,0.00167410780077231,0.00757959788675094,-1.43792183944842,"GABAergic","Gm426701"
"Nkx6-3",-0.184518509528141,7.57208671007148,-3.25776679094776,0.00158168409821426,0.00725645089051349,-1.38497340801045,"GABAergic","Nkx6-3"
"Gm106451",-0.184518509528141,7.57208671007148,-3.25776679094776,0.00158168409821426,0.00725645089051349,-1.38497340801045,"GABAergic","Gm106451"
"Oxa1l1",-0.184511168295807,7.74005782113713,-2.57436821875859,0.0116654759805506,0.035232065446248,-3.04310278388591,"GABAergic","Oxa1l1"
"Ttc30a11",-0.184469724411271,7.5691687109484,-3.23843193746557,0.0016808137717785,0.00760441083039416,-1.441209043865,"GABAergic","Ttc30a11"
"Bfsp2",-0.184453319368849,7.56819244370793,-3.23612187379843,0.00169303851675269,0.00765273014836017,-1.44820491925914,"GABAergic","Bfsp2"
"Gm98851",-0.184437765894714,7.56866811967646,-3.23583222973466,0.0016945771513049,0.00765273014836017,-1.44881216432337,"GABAergic","Gm98851"
"Zfp4541",-0.184400871501682,7.56921819116462,-3.23585001876804,0.00169448261550579,0.00765273014836017,-1.44846238681732,"GABAergic","Zfp4541"
"Gm7334",-0.184388676855946,7.56824008310712,-3.23362861139215,0.00170632600127729,0.00769458781825988,-1.45521081473704,"GABAergic","Gm7334"
"Pcdha21",-0.184386173038582,7.568704334694,-3.23389752862164,0.00170488816840481,0.00769089864409441,-1.45424478566291,"GABAergic","Pcdha21"
"Gcat1",-0.184361430627023,7.56924654365941,-3.23437083617955,0.0017023602629194,0.00768228758648352,-1.45261576097135,"GABAergic","Gcat1"
"Comtd11",-0.184358404980127,7.60844083396702,-3.08677400044985,0.00268515178831507,0.0106735213622646,-1.83391466664588,"GABAergic","Comtd11"
"Adam4",-0.184349920926153,7.57158308594799,-3.24589299078472,0.00164189175615174,0.00748013094487631,-1.41886415010495,"GABAergic","Adam4"
"Cd2bp21",-0.184331920387793,7.56926776162602,-3.23326400219406,0.00170827728580177,0.00769779270762524,-1.45572263655206,"GABAergic","Cd2bp21"
"Cdh201",-0.184331774794633,7.56874253039608,-3.23185738423801,0.00171582467043621,0.00771779056183885,-1.45997069511545,"GABAergic","Cdh201"
"Ahnak1",-0.184320292131011,7.57198825313347,-3.2481508707132,0.00163028029732471,0.00744362711177323,-1.41224751785203,"GABAergic","Ahnak1"
"Ccnj1",-0.184299311567046,7.56876533005278,-3.23063977070202,0.00172238308927389,0.00773607460654687,-1.46338670530259,"GABAergic","Ccnj1"
"5430416N02Rik1",-0.184296339992681,7.70056584411567,-2.45852659750516,0.0158531127540483,0.0452685525259409,-3.32834832108012,"GABAergic","5430416N02Rik1"
"Zfp5511",-0.184266992501859,7.56931445771895,-3.23082850510781,0.00172136497872786,0.00773607460654687,-1.46255608562686,"GABAergic","Zfp5511"
"Fam83d",-0.184263151599555,7.56931722064132,-3.23068441864237,0.00172214218920898,0.00773607460654687,-1.46296023116981,"GABAergic","Fam83d"
"Tgfbi",-0.184235209371434,7.56933732250309,-3.22963616515234,0.0017278064100578,0.00775482008998819,-1.46590002736616,"GABAergic","Tgfbi"
"Atg71",-0.184216147842069,7.56882375698334,-3.22752011801892,0.0017392935369862,0.0077866640670991,-1.47213421069549,"GABAergic","Atg71"
"Mogs1",-0.184195113773635,7.56883853890584,-3.22673099629679,0.00174359559081978,0.007803109009042,-1.47434584319148,"GABAergic","Mogs1"
"Tmub11",-0.184193456932904,7.56936736558305,-3.2280697007402,0.00173630324106201,0.0077770916714118,-1.47029171751082,"GABAergic","Tmub11"
"Slc30a101",-0.184192351766516,7.56936816090691,-3.22802823525612,0.00173652868827414,0.0077770916714118,-1.47040794582003,"GABAergic","Slc30a101"
"Bcl9l1",-0.184151878709992,7.56886892837046,-3.22510886434635,0.0017524702200199,0.00783152878302017,-1.47889076176146,"GABAergic","Bcl9l1"
"Zmynd191",-0.184141482222949,7.56887623706417,-3.22471877778959,0.00175461065834862,0.00783545097880761,-1.47998344222534,"GABAergic","Zmynd191"
"Fads21",-0.184130510139884,7.56941267281436,-3.22570779941028,0.00174918856161878,0.00782249731520325,-1.4769102665195,"GABAergic","Fads21"
"Mccc1os1",-0.184105033378185,7.56943101491567,-3.22475176498548,0.00175442956025025,0.00783545097880761,-1.47958818256354,"GABAergic","Mccc1os1"
"Ccnd31",-0.184043673269108,7.56947520247477,-3.22244897052895,0.00176711383465499,0.00787428462767267,-1.48603587053298,"GABAergic","Ccnd31"
"Mettl11b",-0.184037338187606,7.57239138812253,-3.23976643951997,0.00167378931885978,0.00757959788675094,-1.43566941028414,"GABAergic","Mettl11b"
"Zbtb481",-0.183971692344001,7.5689956599518,-3.21834692573976,0.00178992130156004,0.00796162127324735,-1.49781689469066,"GABAergic","Zbtb481"
"Ccdc1871",-0.1839579688207,7.61667825216569,-2.68333424237075,0.00866605209077509,0.0276965507201954,-2.86009520616656,"GABAergic","Ccdc1871"
"Nwd11",-0.183937327175804,7.56901984498334,-3.21705701347218,0.0017971498980856,0.00797091859729889,-1.50142366619786,"GABAergic","Nwd11"
"D630023F18Rik1",-0.183927790164499,7.56902655764581,-3.21669902223623,0.00179916089104748,0.00797698701604116,-1.50242445465751,"GABAergic","D630023F18Rik1"
"Gm13322",-0.183908191425386,7.56957282327171,-3.21736342005077,0.00179543034685852,0.00796613893618672,-1.50026212191161,"GABAergic","Gm13322"
"Sdcbp2",-0.183908191425386,7.56957282327171,-3.21736342005077,0.00179543034685852,0.00796613893618672,-1.50026212191161,"GABAergic","Sdcbp2"
"Zc3h12a",-0.183908191425386,7.56957282327171,-3.21736342005077,0.00179543034685852,0.00796613893618672,-1.50026212191161,"GABAergic","Zc3h12a"
"Zan1",-0.183908191425386,7.56957282327171,-3.21736342005077,0.00179543034685852,0.00796613893618672,-1.50026212191161,"GABAergic","Zan1"
"Gm38584",-0.183908191425386,7.56957282327171,-3.21736342005077,0.00179543034685852,0.00796613893618672,-1.50026212191161,"GABAergic","Gm38584"
"Reep41",-0.183908191425386,7.56957282327171,-3.21736342005077,0.00179543034685852,0.00796613893618672,-1.50026212191161,"GABAergic","Reep41"
"Traf41",-0.18384871715863,7.56908222754983,-3.21373060519434,0.00181591696112866,0.0080340568583268,-1.51071944575906,"GABAergic","Traf41"
"Slc10a4",-0.183847941941482,7.57360624544397,-3.24512649798535,0.00164585110825146,0.00749541734069748,-1.41978507491848,"GABAergic","Slc10a4"
"Gm265631",-0.18382284036467,7.56910045108733,-3.21275908948168,0.0018214325450764,0.00804984967393094,-1.51343293932429,"GABAergic","Gm265631"
"Gm155591",-0.183780071129183,7.56827145844092,-3.21004076098279,0.00183694857236988,0.00811264476267269,-1.52146398095999,"GABAergic","Gm155591"
"2700081O15Rik1",-0.18373109352838,7.56830702161566,-3.20814985645748,0.00184781443577456,0.00814487861083484,-1.5267439677527,"GABAergic","2700081O15Rik1"
"Cdk15",-0.183717071054954,7.56917496632514,-3.20878762066791,0.00184414290646539,0.00813284060740422,-1.52451865664618,"GABAergic","Cdk15"
"1700125G02Rik1",-0.183717071054954,7.56917496632514,-3.20878762066791,0.00184414290646539,0.00813284060740422,-1.52451865664618,"GABAergic","1700125G02Rik1"
"Synm1",-0.183716349241495,7.5683177298411,-3.20758056300165,0.00185109755330537,0.00815481740735522,-1.52833312531146,"GABAergic","Synm1"
"Ccdc511",-0.183709882301896,7.5683224268647,-3.20733085954376,0.00185253931227504,0.00815827284078541,-1.52903009069227,"GABAergic","Ccdc511"
"Gm265211",-0.183560659124115,7.56843086500957,-3.20156773108856,0.00188610779667831,0.00827673188004874,-1.5451039724347,"GABAergic","Gm265211"
"Tfe31",-0.18352775776658,7.66510131972717,-2.65386291285421,0.00939920354662524,0.0295600902213936,-2.9002379098236,"GABAergic","Tfe31"
"Jdp21",-0.183494438652639,7.56847902044033,-3.1990094715386,0.00190119016444385,0.00833702118047638,-1.55223180923143,"GABAergic","Jdp21"
"Coa41",-0.183464988052131,7.5685004436087,-3.19787157453849,0.00190793481788337,0.00836235328013872,-1.55540076538216,"GABAergic","Coa41"
"Gm295951",-0.183462639599225,7.56850215211586,-3.19778083235311,0.00190847363433726,0.00836235328013872,-1.55565343675248,"GABAergic","Gm295951"
"Atn11",-0.183451017946636,7.56851060729442,-3.19733177336549,0.00191114218553964,0.00836574098805765,-1.55690375618578,"GABAergic","Atn11"
"Abhd41",-0.183442721375735,7.56851664374944,-3.19701118652371,0.00191304941645405,0.00836832684462277,-1.55779628372209,"GABAergic","Abhd41"
"AI8490531",-0.183430400219898,7.56852560903726,-3.19653507308447,0.00191588518322177,0.00837777840866179,-1.55912167235353,"GABAergic","AI8490531"
"Gm486531",-0.183352137143184,7.56858257286035,-3.19351047432926,0.0019339917593159,0.0084480245452694,-1.56753777361436,"GABAergic","Gm486531"
"Tmem431",-0.183330328419028,7.56859845158069,-3.19266753225411,0.00193906636783804,0.00846423272067186,-1.56988217120246,"GABAergic","Tmem431"
"Gm10308",-0.183304170550592,7.56861749987887,-3.19165642645233,0.00194516973517903,0.00848788903430795,-1.57269361600789,"GABAergic","Gm10308"
"Nlrc5",-0.18326350426516,7.56904453566877,-3.19078094308557,0.00195046891973859,0.00850802084146076,-1.57490229234541,"GABAergic","Nlrc5"
"Mrgpre1",-0.183261098185148,7.56864887255609,-3.18999136123387,0.00195525970602714,0.00852592162747604,-1.57732188891188,"GABAergic","Mrgpre1"
"Gm454471",-0.183233191609658,7.56866830441109,-3.18893312688524,0.00196169776428952,0.008547987800152,-1.58026118864679,"GABAergic","Gm454471"
"Imp41",-0.183225992557,7.56867320194907,-3.1886627868502,0.00196334562136251,0.00854916461793289,-1.58101178885399,"GABAergic","Imp41"
"Tldc11",-0.183218656255612,7.56867819306096,-3.18838729017193,0.00196502623962557,0.00855328244691476,-1.581776654153,"GABAergic","Tldc11"
"2810049E08Rik1",-0.183200069048674,7.56869083942872,-3.18768928159361,0.0019692903277542,0.00855582838500615,-1.58371430860248,"GABAergic","2810049E08Rik1"
"Tmem2411",-0.183199755512893,7.56869105276356,-3.18767750718427,0.00196936233083937,0.00855582838500615,-1.58374699116008,"GABAergic","Tmem2411"
"Gm269061",-0.183176390313529,7.56870695187915,-3.18680004541228,0.00197473511981407,0.00856759754034478,-1.58618231466079,"GABAergic","Gm269061"
"Xpnpep11",-0.183174488833785,7.56870824585427,-3.18672863565866,0.00197517297042115,0.00856759754034478,-1.58638048300482,"GABAergic","Xpnpep11"
"Slc5a11",-0.183171586309697,7.57262058073906,-3.2043077959537,0.0018700775403521,0.00822092181217483,-1.53511667397287,"GABAergic","Slc5a11"
"Gjc2",-0.183171586309697,7.57262058073906,-3.2043077959537,0.0018700775403521,0.00822092181217483,-1.53511667397287,"GABAergic","Gjc2"
"Tor3a1",-0.183139812398861,7.56873184591831,-3.18542633738257,0.00198317395099921,0.00859127056042296,-1.589993852112,"GABAergic","Tor3a1"
"Rcc11",-0.183132865152716,7.56913503856098,-3.1858727537315,0.00198042788526656,0.00858738995672887,-1.58852730396175,"GABAergic","Rcc11"
"Gm435701",-0.18311817999707,7.56914521619431,-3.18532097029121,0.00198382261949918,0.00859127056042296,-1.59005799194608,"GABAergic","Gm435701"
"Alg121",-0.183118057715695,7.5691453009457,-3.18531637561824,0.0019838509100609,0.00859127056042296,-1.59007073701739,"GABAergic","Alg121"
"Ppp1r3c1",-0.183117015812543,7.56914602307553,-3.18527722650219,0.00198409197632331,0.00859127056042296,-1.5901793313698,"GABAergic","Ppp1r3c1"
"Socs11",-0.1831000999506,7.56875887902556,-3.18393483780899,0.0019923744813554,0.00861811338920198,-1.59413072929223,"GABAergic","Socs11"
"Gm114641",-0.183061548361852,7.56878512767182,-3.18248686694312,0.00200134458339731,0.0086350302880231,-1.59814539046967,"GABAergic","Gm114641"
"Gab31",-0.183061548361852,7.56878512767182,-3.18248686694312,0.00200134458339731,0.0086350302880231,-1.59814539046967,"GABAergic","Gab31"
"Gm16337",-0.183061548361852,7.56878512767182,-3.18248686694312,0.00200134458339731,0.0086350302880231,-1.59814539046967,"GABAergic","Gm16337"
"Mrln",-0.183061548361852,7.56878512767182,-3.18248686694312,0.00200134458339731,0.0086350302880231,-1.59814539046967,"GABAergic","Mrln"
"Lrrn4cl",-0.183061548361852,7.56878512767182,-3.18248686694312,0.00200134458339731,0.0086350302880231,-1.59814539046967,"GABAergic","Lrrn4cl"
"Cflar1",-0.183044280179886,7.56282597263465,-3.21318490635614,0.00181901313226168,0.00804202100868094,-1.51468212613316,"GABAergic","Cflar1"
"4833445I07Rik1",-0.182981626943215,7.5692398957438,-3.18018960270541,0.00201565335473526,0.0086824915419176,-1.60428262130575,"GABAergic","4833445I07Rik1"
"Gpr451",-0.182948667183966,7.6155264387853,-2.73863201908528,0.00742904255550968,0.024370715864096,-2.72662491136439,"GABAergic","Gpr451"
"Tnfaip8l31",-0.182911971062575,7.62474593391951,-2.5721516626476,0.0117351973743298,0.035400742051901,-3.11701681129105,"GABAergic","Tnfaip8l31"
"Gna121",-0.182838246829272,7.60888006413604,-3.05692509461109,0.00293930505050263,0.0114096889824015,-1.9143245302609,"GABAergic","Gna121"
"Slc17a91",-0.182833727648817,7.56934252520887,-3.17463092086308,0.00205067201979977,0.00879365575871291,-1.61967108023481,"GABAergic","Slc17a91"
"Lat1",-0.182833727648817,7.56934252520887,-3.17463092086308,0.00205067201979977,0.00879365575871291,-1.61967108023481,"GABAergic","Lat1"
"Col5a3",-0.182833727648817,7.56934252520887,-3.17463092086308,0.00205067201979977,0.00879365575871291,-1.61967108023481,"GABAergic","Col5a3"
"AC122413.11",-0.182833727648817,7.56934252520887,-3.17463092086308,0.00205067201979977,0.00879365575871291,-1.61967108023481,"GABAergic","AC122413.11"
"Gm29594",-0.182833727648817,7.56934252520887,-3.17463092086308,0.00205067201979977,0.00879365575871291,-1.61967108023481,"GABAergic","Gm29594"
"Cep1351",-0.182706524567003,7.57298502768769,-3.18757239021676,0.00197000525293361,0.00855582838500615,-1.58158859370124,"GABAergic","Cep1351"
"Mfsd4b41",-0.182619304541138,7.60901180604899,-3.08595860312571,0.00269181455731993,0.0106739241516639,-1.83629490565954,"GABAergic","Mfsd4b41"
"Ngf1",-0.182489279358466,7.62016519749289,-2.63586746276262,0.00987408602915333,0.0306957433922327,-2.97095366028826,"GABAergic","Ngf1"
"Zbtb441",-0.182481474728486,7.67205519661561,-2.46503372521071,0.0155862756379942,0.0446607436313803,-3.33040048559925,"GABAergic","Zbtb441"
"Cdh151",-0.182372781652458,7.56890232156929,-3.15628103321231,0.00217034209099874,0.00919875182694481,-1.67075141484285,"GABAergic","Cdh151"
"Npr31",-0.182175209773455,7.56903824506617,-3.14884060726934,0.00222069473671755,0.00937693830645281,-1.6912211776256,"GABAergic","Npr31"
"Zc3h41",-0.182053667666106,7.67135832736852,-2.60584297452615,0.0107149707185356,0.0328652463215587,-3.0093602259736,"GABAergic","Zc3h41"
"Gm27022",-0.18204665569517,7.56912678639449,-3.14399882678145,0.00225404346509914,0.00949072497670396,-1.70452077742055,"GABAergic","Gm27022"
"Tap21",-0.181881864702675,7.56790811414042,-3.14001330254238,0.002281843940076,0.00957504486028658,-1.71610084584909,"GABAergic","Tap21"
"Hapln21",-0.181870500588684,7.57357943536829,-3.15684449660027,0.00216657255065943,0.00918591231762333,-1.66645595732822,"GABAergic","Hapln21"
"Snx81",-0.181844818590664,7.61054758336622,-3.00500573509034,0.00343520271756996,0.0130369619954261,-2.05161024073107,"GABAergic","Snx81"
"Akt11",-0.181832916148526,7.6304367180113,-2.97091452145942,0.00380178187295293,0.0141767166596592,-2.12879215200333,"GABAergic","Akt11"
"Gm266581",-0.181825663142688,7.56740356081872,-3.13954733503795,0.00228511499832161,0.00957504486028658,-1.71760971990458,"GABAergic","Gm266581"
"1110035H17Rik1",-0.181809136550664,7.56795864937154,-3.13720305400515,0.00230163802769705,0.00963576093633373,-1.72381119525979,"GABAergic","1110035H17Rik1"
"Gm28971",-0.181729519658695,7.61026007490642,-3.04383468623188,0.00305765765341803,0.0118210378438996,-1.94877113419133,"GABAergic","Gm28971"
"Ccdc182",-0.181710460380552,7.56935871434571,-3.13133507263679,0.0023434858779922,0.00977239910815967,-1.7392280900914,"GABAergic","Ccdc182"
"Abcc2",-0.181695724883999,7.56936889220731,-3.13077997867351,0.00234748101691764,0.0097857707154679,-1.74074684049592,"GABAergic","Abcc2"
"Stc11",-0.181681526357051,7.56937870017103,-3.13024511011822,0.002351336585616,0.00979855172179134,-1.74221004810414,"GABAergic","Stc11"
"Smox1",-0.181676117463295,7.56805119865547,-3.13206072749452,0.00233827271780836,0.00975437893200187,-1.73790559164322,"GABAergic","Smox1"
"Fjx11",-0.181675736237809,7.56805146409294,-3.13204598644996,0.00233837851109634,0.00975437893200187,-1.73794596804759,"GABAergic","Fjx11"
"Ldlr1",-0.181634035738191,7.56941151247999,-3.12845608784476,0.00236427551942396,0.00982990617596453,-1.74710270183551,"GABAergic","Ldlr1"
"Ooep1",-0.181633755847708,7.57304038829712,-3.14206044873763,0.00226752471405334,0.00953574439220668,-1.7075802769732,"GABAergic","Ooep1"
"Dusp161",-0.181595811407302,7.56943793040367,-3.12701611878316,0.00237473806196123,0.00985965183972528,-1.7510391173884,"GABAergic","Dusp161"
"Cd1511",-0.181590155657862,7.56944183985161,-3.12680305679271,0.00237628978457602,0.00986279472461152,-1.75162143653381,"GABAergic","Cd1511"
"C030047K22Rik1",-0.181582686145465,7.56811627646211,-3.12844773497226,0.00236433608590876,0.00982990617596453,-1.7477971680563,"GABAergic","C030047K22Rik1"
"Rell11",-0.181570458846212,7.56757967769309,-3.12963489750713,0.0023557424655,0.0098077376919574,-1.74478532745506,"GABAergic","Rell11"
"Caskin21",-0.181563307092358,7.56946040060598,-3.1257916201431,0.00238366892119418,0.00988680859358949,-1.75438535412219,"GABAergic","Caskin21"
"Kcnu11",-0.181480327401387,7.56951778752142,-3.12266557797477,0.00240661060606004,0.00994871339813628,-1.76292321354369,"GABAergic","Kcnu11"
"Acadl",-0.18147408561062,7.56819198072373,-3.1242475766114,0.00239497493262535,0.00991415872588287,-1.75928471359802,"GABAergic","Acadl"
"Dab21",-0.181455520855438,7.56953494963909,-3.12173104645693,0.0024135088210374,0.00996197485174807,-1.76547426958369,"GABAergic","Dab21"
"4933433G15Rik1",-0.181451033538308,7.5695380544546,-3.12156199632091,0.00241475862261982,0.00996197485174807,-1.76593567164732,"GABAergic","4933433G15Rik1"
"Ermn1",-0.181448291922924,7.57389237973145,-3.14141724103878,0.00227201473440067,0.00954815538567974,-1.70880650923503,"GABAergic","Ermn1"
"Cidea",-0.181447868513791,7.56954024442241,-3.12144276067274,0.00241564050371631,0.00996197485174807,-1.76626109889719,"GABAergic","Cidea"
"Etv41",-0.18144571586144,7.56954173392965,-3.12136166398331,0.00241624047572616,0.00996197485174807,-1.76648242857938,"GABAergic","Etv41"
"2010109A12Rik1",-0.181440226393573,7.56821559696664,-3.12293794110054,0.00240460362142629,0.00994372907094312,-1.76286405796216,"GABAergic","2010109A12Rik1"
"Gm43491",-0.18143929311274,7.56954617822252,-3.1211197001478,0.00241803140406058,0.00996411281089942,-1.76714277043924,"GABAergic","Gm43491"
"AC125351.11",-0.1814380977764,7.56954700537091,-3.12107466828421,0.00241836484983312,0.00996411281089942,-1.76726566202522,"GABAergic","AC125351.11"
"Slc6a111",-0.181388793245468,7.56958112912606,-3.1192172135138,0.00243215601153161,0.00999769993478216,-1.7723333918965,"GABAergic","Slc6a111"
"Mertk",-0.181374293108837,7.56826160257138,-3.12038756046577,0.0024234579612004,0.00997847156552654,-1.76983099095552,"GABAergic","Mertk"
"Epha81",-0.181323571309028,7.56829701062155,-3.11842544182853,0.00243805694175839,0.0100112646809024,-1.77518783080697,"GABAergic","Epha81"
"Gm19426",-0.181309270839939,7.56963619153455,-3.11622133446469,0.00245455397325967,0.0100332723347011,-1.78050196614801,"GABAergic","Gm19426"
"Kif16bos",-0.181309270839939,7.56963619153455,-3.11622133446469,0.00245455397325967,0.0100332723347011,-1.78050196614801,"GABAergic","Kif16bos"
"Lonrf31",-0.181309270839939,7.56963619153455,-3.11622133446469,0.00245455397325967,0.0100332723347011,-1.78050196614801,"GABAergic","Lonrf31"
"Gm127091",-0.181309270839939,7.56963619153455,-3.11622133446469,0.00245455397325967,0.0100332723347011,-1.78050196614801,"GABAergic","Gm127091"
"Gm269541",-0.181309270839939,7.56963619153455,-3.11622133446469,0.00245455397325967,0.0100332723347011,-1.78050196614801,"GABAergic","Gm269541"
"Gm270171",-0.181309270839939,7.56963619153455,-3.11622133446469,0.00245455397325967,0.0100332723347011,-1.78050196614801,"GABAergic","Gm270171"
"Evpl1",-0.181309270839939,7.56963619153455,-3.11622133446469,0.00245455397325967,0.0100332723347011,-1.78050196614801,"GABAergic","Evpl1"
"Gm29543",-0.181309270839939,7.56963619153455,-3.11622133446469,0.00245455397325967,0.0100332723347011,-1.78050196614801,"GABAergic","Gm29543"
"Tigd51",-0.181309270839939,7.56963619153455,-3.11622133446469,0.00245455397325967,0.0100332723347011,-1.78050196614801,"GABAergic","Tigd51"
"Kcp1",-0.181270294660447,7.56833421755246,-3.1163643679144,0.00245348027137037,0.0100332723347011,-1.7808119040011,"GABAergic","Kcp1"
"Thsd41",-0.181240275400075,7.5683551891178,-3.11520298101839,0.00246221103827455,0.0100561911263329,-1.78397967038848,"GABAergic","Thsd41"
"Adamts8",-0.18120001823349,7.56838332078934,-3.11364544979046,0.00247396520532691,0.0100897186262387,-1.78822645284351,"GABAergic","Adamts8"
"Farp21",-0.181199713800206,7.5683835335614,-3.11363367115105,0.0024740542932832,0.0100897186262387,-1.78825856208478,"GABAergic","Farp21"
"Top3a1",-0.181187680711269,7.56839194404409,-3.11316810332507,0.00247757801493654,0.0100974525994622,-1.78952764792885,"GABAergic","Top3a1"
"Ranbp171",-0.181176789180693,7.56839955733378,-3.11274669802985,0.00248077150986284,0.0100979130686181,-1.79067621954656,"GABAergic","Ranbp171"
"Plod1",-0.181169091160488,7.61091553466934,-3.00259520655248,0.0034600075985536,0.013115056291402,-2.05797418085531,"GABAergic","Plod1"
"Btn2a2",-0.181149332467744,7.56841875278459,-3.11168434642562,0.00248883922524223,0.0101200834814076,-1.79357118103374,"GABAergic","Btn2a2"
"Kdelc21",-0.181144970545733,7.56787782529387,-3.11323802011059,0.00247704854130013,0.0100974525994622,-1.78957176156158,"GABAergic","Kdelc21"
"Lor1",-0.181134779644124,7.56787407501582,-3.11288089563077,0.00247975411795369,0.0100979130686181,-1.79054985008095,"GABAergic","Lor1"
"Mad2l11",-0.181123855471787,7.58990011594712,-2.63593428899472,0.00987228305751353,0.0306957433922327,-2.99299269585294,"GABAergic","Mad2l11"
"Zfp9821",-0.181082393310196,7.56846556868271,-3.10909422122157,0.00250861154882763,0.0101771393661166,-1.80062605728773,"GABAergic","Zfp9821"
"0610040J01Rik1",-0.181082393310196,7.56846556868271,-3.10909422122157,0.00250861154882763,0.0101771393661166,-1.80062605728773,"GABAergic","0610040J01Rik1"
"1700110I01Rik",-0.181082393310196,7.56846556868271,-3.10909422122157,0.00250861154882763,0.0101771393661166,-1.80062605728773,"GABAergic","1700110I01Rik"
"Gdnf",-0.181082393310196,7.56846556868271,-3.10909422122157,0.00250861154882763,0.0101771393661166,-1.80062605728773,"GABAergic","Gdnf"
"Creb3l21",-0.181010801288335,7.63096704417643,-2.9204935604974,0.00441057213540818,0.015948484906881,-2.25949903748378,"GABAergic","Creb3l21"
"3110009E18Rik1",-0.180956300415374,7.5680064614933,-3.10595683332414,0.00253275714009936,0.0102516360432593,-1.80940138713512,"GABAergic","3110009E18Rik1"
"Zfp7911",-0.180955727964012,7.56799609039101,-3.10597143303695,0.0025326442807841,0.0102516360432593,-1.80936630957975,"GABAergic","Zfp7911"
"Pcdha81",-0.180955727964012,7.56799609039101,-3.10597143303695,0.0025326442807841,0.0102516360432593,-1.80936630957975,"GABAergic","Pcdha81"
"Aldh1a11",-0.180955727964012,7.56799609039101,-3.10597143303695,0.0025326442807841,0.0102516360432593,-1.80936630957975,"GABAergic","Aldh1a11"
"Gne1",-0.180926041727838,7.63394506452305,-2.8713728918914,0.00508888545654081,0.0178970884775539,-2.38394172971984,"GABAergic","Gne1"
"Asb81",-0.180872204465311,7.6080291183691,-2.98905537744024,0.00360244208033395,0.0135679229793458,-2.09544166721439,"GABAergic","Asb81"
"Lst11",-0.180842857061984,7.56807314422883,-3.10161347609473,0.00256654073999904,0.0103344485994121,-1.82121692243851,"GABAergic","Lst11"
"Muc151",-0.180840883076539,7.56808529398931,-3.10150034111064,0.00256742630147415,0.0103346611746008,-1.8215197273098,"GABAergic","Muc151"
"Exosc21",-0.180802581477476,7.56811147067095,-3.10002134391606,0.00257902927603097,0.0103696178692231,-1.82553838882521,"GABAergic","Exosc21"
"Cgnl1",-0.180800255155015,7.56811306081795,-3.09993151265158,0.00257973558477258,0.0103696178692231,-1.82578242416568,"GABAergic","Cgnl1"
"Arsk1",-0.180786379949486,7.63863073315127,-2.59195316199259,0.0111254499486935,0.033904462392527,-3.06339066705151,"GABAergic","Arsk1"
"Rab3ip1",-0.18074735882003,7.56813839186479,-3.09792595782601,0.00259555138635319,0.0104083403779324,-1.83123389809394,"GABAergic","Rab3ip1"
"Dlk21",-0.180741071104729,7.56814268957225,-3.09768315764559,0.00259747221196265,0.0104083403779324,-1.83189311547862,"GABAergic","Dlk21"
"Mcm51",-0.180684866944273,7.56818111508742,-3.09551278294955,0.00261470112837748,0.0104672390332789,-1.83778395860452,"GABAergic","Mcm51"
"D930048G16Rik1",-0.180595790755267,7.56824204945852,-3.09207284798378,0.00264222579177793,0.0105603935832412,-1.84711380265541,"GABAergic","D930048G16Rik1"
"Crb21",-0.180584790372717,7.56824957747263,-3.09164802210824,0.00264564365505873,0.0105703290057609,-1.84826543915249,"GABAergic","Crb21"
"Zfp9921",-0.180581303020324,7.56825196414812,-3.09151334275007,0.00264672805192143,0.0105703290057609,-1.84863050707412,"GABAergic","Zfp9921"
"Kremen11",-0.180577359020751,7.56825466342335,-3.09136102760251,0.00264795494439502,0.0105703290057609,-1.84904336383937,"GABAergic","Kremen11"
"Bcar31",-0.180550144909783,7.5682841932351,-3.0902725689548,0.00265673782851964,0.0105888117605144,-1.85198848716383,"GABAergic","Bcar31"
"Zfp9941",-0.180533658026257,7.56828457804689,-3.08967329337731,0.0026615849903693,0.0106036178910058,-1.85361693740793,"GABAergic","Zfp9941"
"Trim451",-0.180525493683306,7.5682901679289,-3.08935798108612,0.0026641386501289,0.0106103853171052,-1.85447117463501,"GABAergic","Trim451"
"Nubp21",-0.180497721805435,7.56832010555087,-3.08824785067284,0.00267314753115409,0.0106394358119379,-1.85747343419023,"GABAergic","Nubp21"
"Gm285781",-0.180492705055041,7.56832354304521,-3.08805408728003,0.00267472284930016,0.0106422925808961,-1.85799818510515,"GABAergic","Gm285781"
"Gm439511",-0.180475033571478,7.56833565269424,-3.08737155205673,0.00268027880972509,0.0106609807784258,-1.85984641763926,"GABAergic","Gm439511"
"Pou3f11",-0.180463895807716,7.56834328588529,-3.08694136871413,0.00268378608633902,0.0106715108399447,-1.86101113812557,"GABAergic","Pou3f11"
"6530403H02Rik1",-0.180449179284733,7.56834243560865,-3.0864105961849,0.00268811934007662,0.0106739241516639,-1.86245274962392,"GABAergic","6530403H02Rik1"
"Elovl21",-0.180442826975978,7.56835772711011,-3.08612760203166,0.00269043237424552,0.0106739241516639,-1.86321404993993,"GABAergic","Elovl21"
"Gm142881",-0.180422866072414,7.56836046484026,-3.08539430853377,0.00269643450567818,0.0106739241516639,-1.86520344463136,"GABAergic","Gm142881"
"Fabp4",-0.180422866072414,7.56836046484026,-3.08539430853377,0.00269643450567818,0.0106739241516639,-1.86520344463136,"GABAergic","Fabp4"
"Oxtr",-0.180422866072414,7.56836046484026,-3.08539430853377,0.00269643450567818,0.0106739241516639,-1.86520344463136,"GABAergic","Oxtr"
"Xrra1",-0.180422866072414,7.56836046484026,-3.08539430853377,0.00269643450567818,0.0106739241516639,-1.86520344463136,"GABAergic","Xrra1"
"1810012K16Rik1",-0.180422866072414,7.56836046484026,-3.08539430853377,0.00269643450567818,0.0106739241516639,-1.86520344463136,"GABAergic","1810012K16Rik1"
"Gm458901",-0.180422866072414,7.56836046484026,-3.08539430853377,0.00269643450567818,0.0106739241516639,-1.86520344463136,"GABAergic","Gm458901"
"Ptger2",-0.180422866072414,7.56836046484026,-3.08539430853377,0.00269643450567818,0.0106739241516639,-1.86520344463136,"GABAergic","Ptger2"
"Mcidas1",-0.180422866072414,7.56836046484026,-3.08539430853377,0.00269643450567818,0.0106739241516639,-1.86520344463136,"GABAergic","Mcidas1"
"Panct21",-0.180387964861063,7.56839534261344,-3.08400855422713,0.00270781111572272,0.0107155407991451,-1.86894822143054,"GABAergic","Panct21"
"Pcdhb121",-0.180384553061005,7.56839768241098,-3.0838767715698,0.00270889532854674,0.0107164140985862,-1.86930472158919,"GABAergic","Pcdhb121"
"Pcna1",-0.18036361912915,7.60968276121037,-2.98861981728411,0.00360711278410204,0.0135813924911124,-2.09574256171803,"GABAergic","Pcna1"
"Arrdc41",-0.180285673693552,7.56846552098231,-3.08005740888895,0.00274049403711426,0.0108241664546747,-1.87963154345117,"GABAergic","Arrdc41"
"Klhl43",-0.180252042735376,7.57478233385446,-3.0977025802559,0.00259731850841881,0.0104083403779324,-1.82789934670451,"GABAergic","Klhl43"
"1700028K03Rik1",-0.180236552037686,7.56849924188702,-3.07815995038235,0.00275631922480115,0.0108734172752515,-1.88475804623839,"GABAergic","1700028K03Rik1"
"Ccno1",-0.180171273603296,7.56854407443015,-3.07563833629266,0.00277748133242022,0.0109354515657788,-1.89156690845327,"GABAergic","Ccno1"
"Gm2061",-0.180125284720765,7.56857567308726,-3.07386181604354,0.00279248087116427,0.0109424337262863,-1.89636114848659,"GABAergic","Gm2061"
"Agbl2",-0.180125284720765,7.56857567308726,-3.07386181604354,0.00279248087116427,0.0109424337262863,-1.89636114848659,"GABAergic","Agbl2"
"Nyx",-0.180125284720765,7.56857567308726,-3.07386181604354,0.00279248087116427,0.0109424337262863,-1.89636114848659,"GABAergic","Nyx"
"Wdr95",-0.180125284720765,7.56857567308726,-3.07386181604354,0.00279248087116427,0.0109424337262863,-1.89636114848659,"GABAergic","Wdr95"
"Gm8239",-0.180125284720765,7.56857567308726,-3.07386181604354,0.00279248087116427,0.0109424337262863,-1.89636114848659,"GABAergic","Gm8239"
"Rhcg",-0.180125284720765,7.56857567308726,-3.07386181604354,0.00279248087116427,0.0109424337262863,-1.89636114848659,"GABAergic","Rhcg"
"Pdlim3",-0.180125284720765,7.56857567308726,-3.07386181604354,0.00279248087116427,0.0109424337262863,-1.89636114848659,"GABAergic","Pdlim3"
"Gm493551",-0.180125284720765,7.56857567308726,-3.07386181604354,0.00279248087116427,0.0109424337262863,-1.89636114848659,"GABAergic","Gm493551"
"Upp1",-0.180125284720765,7.56857567308726,-3.07386181604354,0.00279248087116427,0.0109424337262863,-1.89636114848659,"GABAergic","Upp1"
"AI197445",-0.180125284720765,7.56857567308726,-3.07386181604354,0.00279248087116427,0.0109424337262863,-1.89636114848659,"GABAergic","AI197445"
"Gm315081",-0.180125284720765,7.56857567308726,-3.07386181604354,0.00279248087116427,0.0109424337262863,-1.89636114848659,"GABAergic","Gm315081"
"Tmem1411",-0.180111666829098,7.67833118490577,-2.6374152337972,0.0098324036184809,0.0306044968410705,-2.93051123819704,"GABAergic","Tmem1411"
"Iglon51",-0.180055983967778,7.63757823313043,-2.4827637371465,0.0148794947071378,0.0429329293921366,-3.31413420666042,"GABAergic","Iglon51"
"Smyd21",-0.1800182192425,7.65815284403666,-2.54723886161142,0.012545067302278,0.0373344720729371,-3.15314584694643,"GABAergic","Smyd21"
"AC152827.11",-0.179892551980727,7.65762390991169,-2.58308237475363,0.011394980818878,0.034574990699823,-3.07089895513862,"GABAergic","AC152827.11"
"Phospho21",-0.179863754780874,7.66086084086892,-2.54076835311108,0.0127634817027536,0.0378844314592613,-3.16643102028061,"GABAergic","Phospho21"
"Fam177a1",-0.179690407310518,7.61763676746053,-2.65308184592166,0.00941937738333457,0.0296160307390884,-2.93221377582579,"GABAergic","Fam177a1"
"Nat101",-0.179387738013039,7.61751993255536,-2.73216677347777,0.00756486084488056,0.0247312758390326,-2.74198304364551,"GABAergic","Nat101"
"B230217O12Rik1",-0.179342918602631,7.61016020921237,-2.97336473866499,0.00377427509979813,0.0140995647165848,-2.1357584536389,"GABAergic","B230217O12Rik1"
"Csnk1g21",-0.179331644817108,7.61152358152898,-2.81584256210272,0.00597033747383955,0.0204053671303632,-2.53851417859872,"GABAergic","Csnk1g21"
"Teddm3",-0.179100020103233,7.5736532339736,-3.04153475434448,0.00307890257126626,0.011880752168871,-1.98040167797545,"GABAergic","Teddm3"
"Sdk21",-0.178716332842988,7.56887532216233,-3.02231697764489,0.00326184357327389,0.0125013831823128,-2.03474394201173,"GABAergic","Sdk21"
"Neat11",-0.17863355720399,7.56713972418342,-3.02948767894906,0.0031924365674214,0.0122651568899893,-2.01639340888094,"GABAergic","Neat11"
"Klhl211",-0.178554865421916,7.57280382039694,-3.01600920187059,0.00332405078721064,0.0126810544940928,-2.04920468248672,"GABAergic","Klhl211"
"H2-T231",-0.17835237706046,7.57976394465561,-3.3277282374548,0.00126687561078775,0.00611853536393967,-1.18066475320029,"GABAergic","H2-T231"
"Hus11",-0.17802558632618,7.57375835885304,-2.99883118805562,0.00349907180514296,0.0132429036602086,-2.0942245223011,"GABAergic","Hus11"
"Bcor1",-0.178009244325353,7.61224441356888,-2.79109035987177,0.00640659477489621,0.0216627910496187,-2.60000751095013,"GABAergic","Bcor1"
"Fiz11",-0.177983462661541,7.61690278836856,-2.51852764154921,0.0135405532465687,0.0397841946671681,-3.24663111892746,"GABAergic","Fiz11"
"Cyp2j61",-0.177781101995153,7.56946801954806,-2.98737137967833,0.00362053137312116,0.0136153922243738,-2.12724455879821,"GABAergic","Cyp2j61"
"Aga1",-0.177779757390026,7.57333241550835,-2.98770361405818,0.00361695591702245,0.013606069393831,-2.12397312570042,"GABAergic","Aga1"
"Epg51",-0.177730650983511,7.61542435605746,-2.65866972214466,0.00927591077783764,0.0292390278773089,-2.92096397042776,"GABAergic","Epg51"
"Trim321",-0.177688996638474,7.67434666846206,-2.50572319479237,0.0140069626642445,0.040900330979594,-3.2378050392597,"GABAergic","Trim321"
"Gtf2f21",-0.177652469138177,7.65741397751564,-2.59262638457914,0.0111052316155033,0.033869728274366,-3.04897108267895,"GABAergic","Gtf2f21"
"Cyb561d11",-0.177650202200656,7.60987258451485,-2.89032616189653,0.00481653527207918,0.0171269921852443,-2.35114744678455,"GABAergic","Cyb561d11"
"Fbxo61",-0.177512694748223,7.61102067435223,-2.86665307667364,0.00515887316696253,0.0180647900682858,-2.41084672144295,"GABAergic","Fbxo61"
"Gm204981",-0.177450917281104,7.72418427686484,-2.4184471687273,0.0175885448830779,0.0492384033383704,-3.40454422394888,"GABAergic","Gm204981"
"Slc41a11",-0.177390107760879,7.56971694043429,-2.97277988877298,0.00378082401932086,0.014115531311604,-2.16560589324257,"GABAergic","Slc41a11"
"Trak11",-0.177342542552879,7.69382395193338,-2.51850479290879,0.0135413729471489,0.0397841946671681,-3.1976669591408,"GABAergic","Trak11"
"Plekhg11",-0.177324139104652,7.56975900469889,-2.97031921562759,0.00380849283426169,0.0141974755401585,-2.17205978096529,"GABAergic","Plekhg11"
"Dcaf12l21",-0.177295471539495,7.56977729027054,-2.96925001015713,0.00382057361246901,0.0142254181010322,-2.17486273245599,"GABAergic","Dcaf12l21"
"Rasl12",-0.177289085667297,7.56978136398514,-2.96901184762697,0.00382326938792286,0.0142303444755927,-2.17548696856175,"GABAergic","Rasl12"
"Gm48829",-0.177286361361745,7.56978310194554,-2.96891024508877,0.00382441996747949,0.0142303444755927,-2.17575326139705,"GABAergic","Gm48829"
"Mad1l11",-0.177284191143553,7.56978448645144,-2.96882930759769,0.00382533675830599,0.0142303444755927,-2.17596538726597,"GABAergic","Mad1l11"
"Vasn1",-0.177237770552986,7.56981410577099,-2.96709816423876,0.00384499434126651,0.0142863412500351,-2.18050132858886,"GABAergic","Vasn1"
"Sertad11",-0.177227242416541,7.56982082472232,-2.96670556843105,0.00384946532761699,0.014289346362595,-2.18152970394688,"GABAergic","Sertad11"
"Med9os1",-0.177225338378468,7.56982203991265,-2.96663456757368,0.00385027441693555,0.014289346362595,-2.18171567337735,"GABAergic","Med9os1"
"Ptgr21",-0.177215599916758,7.56982825541933,-2.96627142888667,0.00385441501536259,0.0142999373215694,-2.18266676910212,"GABAergic","Ptgr21"
"Siae1",-0.177211268296849,7.63930676606869,-2.43816306038022,0.0167147412105595,0.0472631140260245,-3.41282972778883,"GABAergic","Siae1"
"Krt121",-0.177211098851067,7.57813191420962,-3.25877265230617,0.00157667983595692,0.00724903246736183,-1.37851993812541,"GABAergic","Krt121"
"Mettl21a1",-0.177199341157988,7.61056864139197,-2.8615153518698,0.00523606220340714,0.0183092510409362,-2.42420420793449,"GABAergic","Mettl21a1"
"Gm319461",-0.17710666867269,7.56989780861779,-2.96221003711956,0.00390100504257683,0.0144598185717976,-2.19329739463274,"GABAergic","Gm319461"
"Rbmx21",-0.177098358991161,7.56990311655041,-2.961900261525,0.00390457987379584,0.0144644287265094,-2.19410773289153,"GABAergic","Rbmx21"
"Pcdhb131",-0.177018162253762,7.56995446165106,-2.95890757860893,0.00393927173073848,0.014579887318361,-2.2019327087208,"GABAergic","Pcdhb131"
"Gm452501",-0.177003472992217,7.56996387758952,-2.95835921709823,0.0039456592261618,0.0145904740752884,-2.20336580666727,"GABAergic","Gm452501"
"Zfp9641",-0.17699150033056,7.56997155287843,-2.95791228268083,0.0039508723361598,0.0146053993719819,-2.20453367068558,"GABAergic","Zfp9641"
"Fgf18",-0.176909219934537,7.57002431754347,-2.95484114073309,0.00398686690837001,0.0147121672116776,-2.2125547837007,"GABAergic","Fgf18"
"A430027H14Rik1",-0.176889505943756,7.57003696420606,-2.95410540141318,0.00399553478624483,0.0147397701240483,-2.21447534091383,"GABAergic","A430027H14Rik1"
"Gm10440",-0.176848758012231,7.5700631098072,-2.95258477482259,0.00401350471172409,0.0147797013271501,-2.21844349535282,"GABAergic","Gm10440"
"C1qtnf11",-0.176848758012231,7.5700631098072,-2.95258477482259,0.00401350471172409,0.0147797013271501,-2.21844349535282,"GABAergic","C1qtnf11"
"Gm47400",-0.176848758012231,7.5700631098072,-2.95258477482259,0.00401350471172409,0.0147797013271501,-2.21844349535282,"GABAergic","Gm47400"
"Ddah2",-0.176848758012231,7.5700631098072,-2.95258477482259,0.00401350471172409,0.0147797013271501,-2.21844349535282,"GABAergic","Ddah2"
"Slc5a7",-0.176834418220722,7.5791493270303,-2.98937353345603,0.00359903388778657,0.0135592017448183,-2.11582855082812,"GABAergic","Slc5a7"
"Frat21",-0.176628912665962,7.56846441141994,-2.95205246588472,0.00401981284961585,0.0147894158306972,-2.22076522864307,"GABAergic","Frat21"
"Eya11",-0.176601798397038,7.63672271331384,-2.7332709535182,0.00754150575896268,0.0246679194698806,-2.72698402451791,"GABAergic","Eya11"
"Poc1a1",-0.176565626003341,7.56850616692481,-2.94962307334365,0.00404871875177703,0.0148816041776255,-2.22710556689467,"GABAergic","Poc1a1"
"Tchh1",-0.17651653015845,7.56853857845157,-2.94773857706366,0.00407127322001389,0.01493482135985,-2.23202083717085,"GABAergic","Tchh1"
"Plekhf21",-0.17651653015845,7.56853857845157,-2.94773857706366,0.00407127322001389,0.01493482135985,-2.23202083717085,"GABAergic","Plekhf21"
"Zbtb411",-0.17641258834536,7.65446786990118,-2.70746117138546,0.00810496274201957,0.026172934589764,-2.77806175641837,"GABAergic","Zbtb411"
"Reck1",-0.176412145669416,7.61131970787649,-2.82976261695399,0.00573712061756454,0.0197223453916831,-2.5040193840046,"GABAergic","Reck1"
"Akt21",-0.176269506410167,7.61010439705647,-2.83692714801748,0.00562036912532059,0.0194178120393175,-2.48687922540567,"GABAergic","Akt21"
"Hsd3b71",-0.176225128492066,7.56872646704512,-2.93668590540696,0.00420590672528364,0.0153696414784364,-2.26078939149916,"GABAergic","Hsd3b71"
"Kank31",-0.176143562415762,7.56877705930473,-2.93364955036865,0.00424360515788519,0.0154846045308307,-2.2686736518286,"GABAergic","Kank31"
"Aldh1l11",-0.176076101111884,7.56881893091152,-2.931138726123,0.00427501382169521,0.0155717409824589,-2.27518819096973,"GABAergic","Aldh1l11"
"4933412O06Rik1",-0.17600130943991,7.56886538196475,-2.9283555805543,0.00431007937384451,0.015681056883439,-2.28240387357359,"GABAergic","4933412O06Rik1"
"Zfp8091",-0.175950992525996,7.63074919415622,-2.79146648022721,0.00639975300324122,0.0216523813441176,-2.58682080648513,"GABAergic","Zfp8091"
"Ccdc1151",-0.175938052378378,7.56890469356925,-2.92600208137162,0.00433993837703047,0.0157665794083572,-2.28850119312152,"GABAergic","Ccdc1151"
"2810414N06Rik",-0.175932113941742,7.56890838520635,-2.92578115992844,0.00434275098764369,0.0157675657567754,-2.28907333529156,"GABAergic","2810414N06Rik"
"Brpf31",-0.175820673469996,7.56897769892626,-2.92163600050592,0.00439583656597821,0.0159091081317555,-2.29980180369986,"GABAergic","Brpf31"
"Fhit1",-0.17579998265649,7.56899057585073,-2.92086651711616,0.00440575662141108,0.0159403614203241,-2.30179198188885,"GABAergic","Fhit1"
"Gm107851",-0.17579463903499,7.5689939018427,-2.92066779685808,0.00440832183986819,0.0159449938888849,-2.30230587756659,"GABAergic","Gm107851"
"Gm301221",-0.175774147422541,7.56900665777451,-2.91990577499815,0.0044181713059002,0.0159666586797383,-2.30427621590854,"GABAergic","Gm301221"
"Rapsn1",-0.175770874646227,7.56900869528042,-2.91978407413689,0.00441974621909408,0.015967700314107,-2.30459085475468,"GABAergic","Rapsn1"
"Tspan141",-0.175768221308993,7.58227963849471,-3.2581318221958,0.00157986631479727,0.0072534742754843,-1.37773531960341,"GABAergic","Tspan141"
"Eaf11",-0.175755417308899,7.56901831924231,-2.91920929502651,0.00442719134436698,0.0159759943540547,-2.30607671017845,"GABAergic","Eaf11"
"Gm359111",-0.175716756856991,7.56904239567105,-2.91777181700724,0.00444586163542801,0.0160340432710438,-2.30979165351014,"GABAergic","Gm359111"
"Gm139741",-0.17567724780459,7.56906700925299,-2.91630294349997,0.00446501460088292,0.0160926354610005,-2.31358616013347,"GABAergic","Gm139741"
"Cd4",-0.175675223109661,7.56906827084564,-2.91622767339055,0.00446599810859676,0.0160926354610005,-2.31378056079912,"GABAergic","Cd4"
"Zfp4291",-0.175648920879029,7.56908466192815,-2.91524989929668,0.00447879222025062,0.016129370706126,-2.31630548548577,"GABAergic","Zfp4291"
"Mettl131",-0.17564540700393,7.61212691664464,-2.81001704882918,0.00607049097965255,0.0206680510019797,-2.55320100371795,"GABAergic","Mettl131"
"Baiap2l21",-0.175226899108205,7.61701798329883,-2.56175242402612,0.0120673462416297,0.0361816300697329,-3.14741930199631,"GABAergic","Baiap2l21"
"Ebf11",-0.175225786155269,7.63951859938862,-2.45066319660244,0.0161810111051335,0.0460670676335644,-3.3849905357151,"GABAergic","Ebf11"
"Snhg18",-0.175177079351343,7.56769834877706,-2.90935392695628,0.004556658869058,0.0163670438683096,-2.33230282522146,"GABAergic","Snhg18"
"Wnt7b1",-0.175177079351343,7.56769834877706,-2.90935392695628,0.004556658869058,0.0163670438683096,-2.33230282522146,"GABAergic","Wnt7b1"
"Lrp2bp1",-0.175008493367661,7.57249447813275,-2.8823893484757,0.00492890983741764,0.0174366508216513,-2.39897186315116,"GABAergic","Lrp2bp1"
"Hpcal11",-0.17474090173824,7.63187403806832,-2.83930329785292,0.00558213174109873,0.0193018263881402,-2.46668880787918,"GABAergic","Hpcal11"
"Rwdd4a1",-0.17460190949057,7.72211382490945,-2.43317096737299,0.0169322471918864,0.0477349358589981,-3.37333115238414,"GABAergic","Rwdd4a1"
"Sumo31",-0.174583188651876,7.58329457049305,-3.22815959588244,0.00173581457647586,0.0077770916714118,-1.4616314756442,"GABAergic","Sumo31"
"Efhd21",-0.17445909483594,7.67818139100255,-2.54664941959803,0.0125648239434028,0.0373662748951903,-3.14179516908108,"GABAergic","Efhd21"
"Slc40a11",-0.174349116987409,7.58340589720083,-3.22023108155862,0.00177941140746561,0.00792133947692802,-1.48382182586927,"GABAergic","Slc40a11"
"Klhl111",-0.174261174379494,7.68051756273562,-2.41376336424464,0.0178020224089381,0.0496903054644448,-3.43833894516047,"GABAergic","Klhl111"
"Lpar11",-0.174173113793105,7.58201621467287,-3.19302175618989,0.00193693238680955,0.00845789265316909,-1.56079616017954,"GABAergic","Lpar11"
"Ccdc1711",-0.17414575866806,7.58358749609997,-3.21546608488775,0.00180610293893794,0.0079991925311277,-1.49706436713813,"GABAergic","Ccdc1711"
"Dusp281",-0.174006130851719,7.63039370524897,-2.71828763727637,0.00786410002024338,0.02553466280775,-2.76704066490498,"GABAergic","Dusp281"
"Ighm1",-0.173749008411292,7.57867081886241,-3.15751855072102,0.00216207117941176,0.00917309515777777,-1.66150001646492,"GABAergic","Ighm1"
"Ido11",-0.173721933325828,7.57272265450812,-2.83630940529436,0.00563034920707501,0.0194414673510854,-2.51633074713763,"GABAergic","Ido11"
"Mta31",-0.173614571716979,7.63689672888682,-2.67365408963521,0.0089009250632713,0.028308682735827,-2.87120980993062,"GABAergic","Mta31"
"Hist2h2bb1",-0.17356031003512,7.56870144040264,-2.84820606824061,0.00544097919049374,0.0189138800431449,-2.48867433217078,"GABAergic","Hist2h2bb1"
"Sh3pxd2a1",-0.173496691356925,7.63149262705099,-2.83583342716584,0.00563805006178175,0.0194562068300224,-2.47613413177551,"GABAergic","Sh3pxd2a1"
"Sumf11",-0.173185493514199,7.58317488030712,-3.1693740452036,0.00208431064660241,0.00890406028376452,-1.62573627629567,"GABAergic","Sumf11"
"Nckap5l1",-0.173100288945955,7.6112398639504,-2.72995248401964,0.00761189519092734,0.0248562435201466,-2.75208626503719,"GABAergic","Nckap5l1"
"AC163032.11",-0.172943300554421,7.63117673143802,-2.72985401487593,0.00761399297754021,0.0248562435201466,-2.73851812836744,"GABAergic","AC163032.11"
"Svil1",-0.172892878641055,7.6216296996054,-2.49277930168665,0.014493053569718,0.0420329036691284,-3.302114771941,"GABAergic","Svil1"
"Ino80b1",-0.172310559541531,7.58403653604246,-3.14449776928011,0.00225058546466466,0.00948057217124522,-1.69386939014547,"GABAergic","Ino80b1"
"Jpt21",-0.172097435834566,7.56956914658523,-2.79463369041366,0.00634240480025078,0.0214759191189938,-2.62329224883168,"GABAergic","Jpt21"
"Glt8d21",-0.171967067872975,7.5815768840264,-3.10566284052737,0.00253503077099524,0.0102574932729217,-1.80188721572733,"GABAergic","Glt8d21"
"Rnf391",-0.171940966028411,7.56801887775315,-2.80202655446942,0.00621036830412269,0.0210979114848515,-2.60565634003203,"GABAergic","Rnf391"
"Id41",-0.171732232641337,7.63767859054509,-2.60772281925306,0.0106604809467915,0.0327385717767093,-3.02689026751487,"GABAergic","Id41"
"St8sia3os1",-0.171652707942259,7.58417407861281,-3.12059998775521,0.00242188230246389,0.00997529351927543,-1.75936112308447,"GABAergic","St8sia3os1"
"Sytl51",-0.171640021997201,7.5846084468535,-3.12662651585457,0.00237757624054036,0.00986483488636104,-1.74258133440713,"GABAergic","Sytl51"
"Gm487801",-0.171639504374894,7.56984314248697,-2.77792890447305,0.00665026087796291,0.0223536667105958,-2.66482633478655,"GABAergic","Gm487801"
"Gm266601",-0.171634497734576,7.5698461444643,-2.77774645191387,0.00665369747778231,0.0223588004608665,-2.66527881174292,"GABAergic","Gm266601"
"Pprc11",-0.171624162504931,7.56985234189409,-2.77736982704556,0.00666079655953452,0.0223588004608665,-2.66621275055154,"GABAergic","Pprc11"
"Heca1",-0.171567486181738,7.56988633777301,-2.77530479807586,0.0066998439064714,0.0224655668412078,-2.67133161448454,"GABAergic","Heca1"
"Foxo31",-0.171486361390384,7.56993507415573,-2.77234834633871,0.00675611122216563,0.0226297814486034,-2.67865457296838,"GABAergic","Foxo31"
"Inpp5e1",-0.171312878183695,7.58460485515688,-3.11144027671345,0.00249069618436735,0.0101233462734955,-1.78411265882298,"GABAergic","Inpp5e1"
"1300014J16Rik1",-0.171300995235349,7.57004677457607,-2.76559009562937,0.00688635958967075,0.0230163540284982,-2.69536960931689,"GABAergic","1300014J16Rik1"
"Nans1",-0.171287734209683,7.57005477290248,-2.76510683013968,0.00689576061521174,0.0230415695300963,-2.69656353173934,"GABAergic","Nans1"
"Fxyd71",-0.171257998381538,7.68369122512863,-2.51094844293873,0.0138149160403389,0.0404633250084037,-3.2198639321067,"GABAergic","Fxyd71"
"Pycard1",-0.171249873127337,7.60921425341972,-2.71157402325043,0.0080126818508414,0.0259492123614149,-2.79872422496576,"GABAergic","Pycard1"
"Zfp71",-0.171202152714324,7.57010641454011,-2.76198872656669,0.00695669979542691,0.0232122487494392,-2.70426264036498,"GABAergic","Zfp71"
"Efcab61",-0.171200366143982,7.57010749302838,-2.76192364711544,0.00695797690913484,0.0232122487494392,-2.70442325352756,"GABAergic","Efcab61"
"Slc46a31",-0.171108299246953,7.57016309460926,-2.75857064832468,0.00702406623840178,0.0233947026351492,-2.71269395007035,"GABAergic","Slc46a31"
"Pcdhac11",-0.171082127490794,7.57017890904991,-2.75761775552318,0.00704295254080314,0.0234304507748227,-2.7150428502267,"GABAergic","Pcdhac11"
"Scara31",-0.171075121785409,7.57018314293893,-2.75736270300679,0.00704801553121781,0.0234304507748227,-2.71567144276579,"GABAergic","Scara31"
"Pqlc21",-0.171069880328684,7.57018631078597,-2.75717188586371,0.00705180557200895,0.0234304972285492,-2.71614169095324,"GABAergic","Pqlc21"
"Cmip1",-0.171055983082333,7.63631684624878,-2.60825011258339,0.0106452417077152,0.0326998637605806,-3.02679993878816,"GABAergic","Cmip1"
"Hsf41",-0.171033527855569,7.61243337579557,-2.65273308821726,0.00942839796728653,0.0296368841879498,-2.93773663621203,"GABAergic","Hsf41"
"Gm386421",-0.171005325905341,7.57375777934422,-2.74006084198929,0.00739932822331835,0.0243182370898784,-2.75595016895133,"GABAergic","Gm386421"
"C030037D09Rik",-0.170955623503469,7.57025540385936,-2.75301348360626,0.00713486383245832,0.0236558002032615,-2.72638274592659,"GABAergic","C030037D09Rik"
"Gad1os",-0.170895707199771,7.570291665513,-2.75083370711789,0.00717875756033195,0.0237505682014715,-2.73174570855064,"GABAergic","Gad1os"
"Gm99131",-0.170895707199771,7.570291665513,-2.75083370711789,0.00717875756033195,0.0237505682014715,-2.73174570855064,"GABAergic","Gm99131"
"2700016F22Rik1",-0.170895707199771,7.570291665513,-2.75083370711789,0.00717875756033195,0.0237505682014715,-2.73174570855064,"GABAergic","2700016F22Rik1"
"Pdgfrl",-0.170895707199771,7.570291665513,-2.75083370711789,0.00717875756033195,0.0237505682014715,-2.73174570855064,"GABAergic","Pdgfrl"
"Arrdc21",-0.170895707199771,7.570291665513,-2.75083370711789,0.00717875756033195,0.0237505682014715,-2.73174570855064,"GABAergic","Arrdc21"
"Gipc11",-0.170829794448842,7.63384494578732,-2.64958279962227,0.00951023550895237,0.0298563173959269,-2.93032067017337,"GABAergic","Gipc11"
"Ctnna11",-0.17039498275139,7.58494101419088,-3.0767938725614,0.00276776508422715,0.0109110434228904,-1.87803355073489,"GABAergic","Ctnna11"
"Psmg31",-0.170349463924524,7.63428944532774,-2.6926208838507,0.00844603384370632,0.0271050633567095,-2.82723871773215,"GABAergic","Psmg31"
"Lrrc731",-0.170017426404592,7.58522366262784,-3.06307666213136,0.00288516819846837,0.0112382100888237,-1.91488681308616,"GABAergic","Lrrc731"
"Tpgs11",-0.16995315953727,7.72216082096258,-2.53524030156398,0.0129527866352314,0.0383729009651996,-3.1448272514032,"GABAergic","Tpgs11"
"Prps21",-0.169539713325221,7.61494671847077,-2.53376932895095,0.0130035827623273,0.0384934669028751,-3.214109558566,"GABAergic","Prps21"
"Spin11",-0.169535614466777,7.67135112845261,-2.47224617565465,0.0152952158142504,0.043948513140738,-3.31497673380604,"GABAergic","Spin11"
"Pym11",-0.169181751425232,7.63684170392099,-2.54144149304197,0.0127406012313856,0.0378255648998792,-3.18164350814309,"GABAergic","Pym11"
"Akap14",-0.169046334551907,7.67497969733379,-2.52511816782884,0.0133059686318903,0.0391946524381103,-3.19342025881248,"GABAergic","Akap14"
"Plcg11",-0.168909295755644,7.63862517449597,-2.53002519846247,0.0131336855101451,0.0387976760725782,-3.20642593444776,"GABAergic","Plcg11"
"Gprc5c1",-0.168855464324595,7.56979456168871,-2.6897541710017,0.00851340375839924,0.0272789415547985,-2.88150105856054,"GABAergic","Gprc5c1"
"Macc11",-0.168360690967495,7.57007819377354,-2.67207160812537,0.00893986646932797,0.0283961461183415,-2.92405606572309,"GABAergic","Macc11"
"Wipf11",-0.168272244460161,7.5701290913538,-2.66891356476047,0.00901804170401967,0.0285859252993318,-2.93163089214634,"GABAergic","Wipf11"
"Gm446231",-0.168263719217766,7.57013399949922,-2.66860924594058,0.00902560759642592,0.0285967452438359,-2.93236041882615,"GABAergic","Gm446231"
"Accs",-0.168263155795203,7.61141382195604,-2.62326780720693,0.0102194018358761,0.0315204083029039,-3.00893261766008,"GABAergic","Accs"
"Acot51",-0.168216282071769,7.57016131702751,-2.66691618007839,0.00906780543937106,0.0287143315903534,-2.93641780530792,"GABAergic","Acot51"
"Vgll41",-0.168154868913716,7.5701967006699,-2.66472495747542,0.00912268512848863,0.0288586598125271,-2.94166572129654,"GABAergic","Vgll41"
"Pcolce21",-0.168150214250204,7.57019938330696,-2.66455890930107,0.009126856105189,0.0288644964998459,-2.94206325064352,"GABAergic","Pcolce21"
"Txnl4b1",-0.167972827824356,7.57030170307655,-2.65823411169009,0.00928702325989704,0.0292666223096298,-2.95718931828284,"GABAergic","Txnl4b1"
"Pdcl31",-0.1678704478324,7.57036083425355,-2.6545865579533,0.00938054780853033,0.0295088969084566,-2.96589854579161,"GABAergic","Pdcl31"
"Pdzd41",-0.167819929469443,7.636034245918,-2.59410137089974,0.0110610505185413,0.0337515704290871,-3.06015783249365,"GABAergic","Pdzd41"
"Nol121",-0.167789678772383,7.58541209684134,-2.99670515034581,0.00352131642209373,0.0133080562518252,-2.09207446593254,"GABAergic","Nol121"
"Capn51",-0.167755558995998,7.57042725696367,-2.65049585116106,0.0094864504189972,0.0297891826163348,-2.97565362321297,"GABAergic","Capn51"
"Osbpl51",-0.167713956118523,7.58659794952747,-3.00677069915819,0.00341714530068669,0.0129843151198781,-2.06461258283634,"GABAergic","Osbpl51"
"Igf2bp31",-0.167711231024374,7.57045290401194,-2.64891823169839,0.0095275815563919,0.0298919816140994,-2.979412294356,"GABAergic","Igf2bp31"
"Gpr1081",-0.167706944545275,7.61365210475553,-2.48981590601415,0.0146064455198006,0.0422728518891619,-3.31509153866553,"GABAergic","Gpr1081"
"Ppm1m1",-0.167683601146019,7.57046889530496,-2.64793509395223,0.00955329527381695,0.029946045553945,-2.98175363935074,"GABAergic","Ppm1m1"
"Wdr911",-0.16764035743587,7.57049393162608,-2.64639668970638,0.00959365809906571,0.0300422147386842,-2.98541584839767,"GABAergic","Wdr911"
"Sesn21",-0.167589449667885,7.57052341801686,-2.64458612299102,0.00964135956560278,0.030153546423672,-2.9897235945616,"GABAergic","Sesn21"
"Eed1",-0.167543560563941,7.6364889109922,-2.6026863814355,0.0108070352312194,0.0330822168770186,-3.03978002788903,"GABAergic","Eed1"
"Gm26771",-0.167501337674145,7.57057448654305,-2.64145361632636,0.00972439696358643,0.0303444220060618,-2.99717052433487,"GABAergic","Gm26771"
"Adamtsl3",-0.167501337674145,7.57057448654305,-2.64145361632636,0.00972439696358643,0.0303444220060618,-2.99717052433487,"GABAergic","Adamtsl3"
"March91",-0.167501337674145,7.57057448654305,-2.64145361632636,0.00972439696358643,0.0303444220060618,-2.99717052433487,"GABAergic","March91"
"Adprhl1",-0.167501337674145,7.57057448654305,-2.64145361632636,0.00972439696358643,0.0303444220060618,-2.99717052433487,"GABAergic","Adprhl1"
"Gm12735",-0.167501337674145,7.57057448654305,-2.64145361632636,0.00972439696358643,0.0303444220060618,-2.99717052433487,"GABAergic","Gm12735"
"Ankef11",-0.167125623385107,7.5854394200313,-2.95239737381703,0.00401572446842477,0.0147834887728126,-2.20866576582601,"GABAergic","Ankef11"
"Pakap1",-0.167061901345163,7.58588390287248,-2.95159671213256,0.00402522103803249,0.0148008868391061,-2.21046284380662,"GABAergic","Pakap1"
"Impdh21",-0.166887354080549,7.58922065766321,-3.00630510145416,0.00342190030018705,0.0129984030380537,-2.06420154752785,"GABAergic","Impdh21"
"Bud131",-0.166804013624142,7.67905184203258,-2.52751612014833,0.0132215257264806,0.0390014581092521,-3.18538711496344,"GABAergic","Bud131"
"Fam60a1",-0.166754486363002,7.6376964694778,-2.5717277022621,0.0117485757058801,0.0354313060777576,-3.11135592615483,"GABAergic","Fam60a1"
"Gtpbp31",-0.166631301377166,7.6356501058587,-2.57131910838145,0.0117614821499179,0.0354503523688402,-3.11335688074298,"GABAergic","Gtpbp31"
"Arc1",-0.166559130778947,7.62705786914282,-2.43439640614528,0.01687862211606,0.0475945695206328,-3.43224350074422,"GABAergic","Arc1"
"E2f31",-0.166451954114375,7.58813007569791,-2.97417792974367,0.00376518672071216,0.0140740865072403,-2.14977177483909,"GABAergic","E2f31"
"3300002I08Rik1",-0.166429357052849,7.62728080844719,-2.70833621232399,0.008085248659238,0.0261364771714362,-2.79421365659748,"GABAergic","3300002I08Rik1"
"Flt3l1",-0.16627476801434,7.58784039715293,-2.96488081767239,0.0038703091688235,0.0143546135042139,-2.17438474189698,"GABAergic","Flt3l1"
"Rsl11",-0.166123755284,7.58675100449243,-2.94955168136025,0.00404957109652227,0.0148816041776255,-2.21523561692333,"GABAergic","Rsl11"
"Map101",-0.166102140923634,7.58718670215861,-2.95274694508501,0.0040115847260921,0.0147797013271501,-2.2065959395542,"GABAergic","Map101"
"Midn1",-0.165759931258481,7.58857701357237,-2.91765538890307,0.00444737700093611,0.0160348485129626,-2.29704115963302,"GABAergic","Midn1"
"Map3k201",-0.16573487664534,7.63267601514413,-2.71014616129232,0.00804461014444974,0.026025446270235,-2.78655980189682,"GABAergic","Map3k201"
"Ruvbl21",-0.165703161199884,7.58554283453003,-2.89775585832607,0.00471348119992186,0.0168135388591636,-2.35044179403654,"GABAergic","Ruvbl21"
"Dand51",-0.165466045662544,7.6277657260446,-2.83305190784534,0.00568324576879964,0.0195642385550079,-2.48646696633189,"GABAergic","Dand51"
"Tceanc1",-0.165326227249575,7.58737387632035,-2.92578562111529,0.00434269417445308,0.0157675657567754,-2.27673196186722,"GABAergic","Tceanc1"
"Cyb5d11",-0.165314741892826,7.58671545073476,-2.89534790845057,0.00474665645252803,0.0169124336996477,-2.35585119630646,"GABAergic","Cyb5d11"
"Gm267941",-0.165128540538295,7.58790094737373,-2.92239336467045,0.00438609285011474,0.0158831083367155,-2.28519353472925,"GABAergic","Gm267941"
"Oprm11",-0.164712526784606,7.5880393076707,-2.90873260789518,0.00456493667120919,0.016392032433364,-2.32046552071945,"GABAergic","Oprm11"
"Arl4d1",-0.164598243785377,7.63411232533388,-2.58844927465296,0.0112312169467018,0.0341699932112207,-3.07538815306864,"GABAergic","Arl4d1"
"A730098A19Rik1",-0.164543198644282,7.58894893883606,-2.91015823046046,0.00454596370127923,0.0163380855872792,-2.31620134021605,"GABAergic","A730098A19Rik1"
"Ogfod21",-0.164400285624002,7.58914419395536,-2.90660351266331,0.00459340762843693,0.0164607399256162,-2.32526002716303,"GABAergic","Ogfod21"
"Sde21",-0.164209942442961,7.642379705527,-2.41126906374665,0.0179166464040161,0.0499316375193892,-3.47048298142417,"GABAergic","Sde21"
"Gm136011",-0.16417612569424,7.58604440720355,-2.87527337236941,0.00503170682666505,0.017730862184601,-2.40782884675067,"GABAergic","Gm136011"
"Gm148271",-0.164091572122543,7.58827742581457,-2.88787955583695,0.00485092210321713,0.0172295201204707,-2.37402702379707,"GABAergic","Gm148271"
"Naglu1",-0.164082538132424,7.57437619357282,-2.51212428661424,0.0137720267096233,0.0403472265029333,-3.29654605774185,"GABAergic","Naglu1"
"Prorsd11",-0.164054001117362,7.5878565007692,-2.88367964184854,0.0049104784378659,0.0173863159526151,-2.38507961576055,"GABAergic","Prorsd11"
"Cat1",-0.164040983125244,7.58820166976795,-2.88588413616152,0.00487913456637232,0.0173000171339087,-2.3791990607997,"GABAergic","Cat1"
"Taf131",-0.164026360170359,7.63450709044382,-2.55812380624294,0.01218522195695,0.0364851627187117,-3.1454761018022,"GABAergic","Taf131"
"Tfip111",-0.164024329182833,7.58817440188894,-2.88426617433726,0.00490212099223096,0.017374877995266,-2.3833686214291,"GABAergic","Tfip111"
"Aldh3a21",-0.164009604262641,7.58889232749548,-2.89014322042857,0.00481909872145921,0.0171311988350928,-2.3678174467073,"GABAergic","Aldh3a21"
"Rubcnl",-0.163978428319786,7.58882574798968,-2.88795158120927,0.0048499065756197,0.0172295201204707,-2.37349020011879,"GABAergic","Rubcnl"
"Armt11",-0.163854456978893,7.66866827426374,-2.5587100057934,0.0121661092798583,0.0364425334692352,-3.12049285837548,"GABAergic","Armt11"
"Wdpcp1",-0.163784438738518,7.5889446985834,-2.88191477011363,0.00493570501234963,0.0174501941940782,-2.38890417345882,"GABAergic","Wdpcp1"
"Fxyd11",-0.163746221148299,7.62449449593536,-2.62087258332224,0.0102862703791012,0.0316991843567533,-3.00529278116521,"GABAergic","Fxyd11"
"Egr41",-0.163659818136354,7.58493316765221,-2.82406442652452,0.00583155977234593,0.0199916178935947,-2.53869875657389,"GABAergic","Egr41"
"Nr1d11",-0.163631392501284,7.62905264678549,-2.64065546173695,0.0097456580094988,0.0303878431904221,-2.95561244274262,"GABAergic","Nr1d11"
"Gm30551",-0.163535793983417,7.58922590857059,-2.87524787373285,0.00503207869574251,0.017730862184601,-2.40580045946822,"GABAergic","Gm30551"
"Vps33b1",-0.163534024107257,7.58870388283051,-2.87052685721481,0.00510136633633781,0.017913966110343,-2.41820654056357,"GABAergic","Vps33b1"
"Phf2os11",-0.163530348938524,7.5887539939227,-2.871212167554,0.00509125433441151,0.0178970884775539,-2.41642289830646,"GABAergic","Phf2os11"
"Ddah11",-0.163436045880342,7.58845878189182,-2.86258612337346,0.00521988800137804,0.0182681359551894,-2.43863332867407,"GABAergic","Ddah11"
"E430024P14Rik1",-0.163370997985957,7.58895072640973,-2.86753948989197,0.0051456619354972,0.0180236140613944,-2.42567832528979,"GABAergic","E430024P14Rik1"
"Kctd71",-0.163184050686544,7.58910668774971,-2.86064950699707,0.00524917459342568,0.0183447639268974,-2.44315185713313,"GABAergic","Kctd71"
"Itga91",-0.163106053614228,7.5854068347386,-2.81045039646001,0.00606298813704271,0.0206651147433947,-2.57262898383898,"GABAergic","Itga91"
"Tanc11",-0.163056706805153,7.62868417986954,-2.72882973500687,0.00763584549969424,0.0249042950463089,-2.74403837791657,"GABAergic","Tanc11"
"Akr1c18",-0.163010917103936,7.58902324079897,-2.85520693327926,0.00533229002813337,0.0185881233845885,-2.45706227419424,"GABAergic","Akr1c18"
"Abcb1b1",-0.163010298570409,7.58921019770676,-2.85655668193822,0.00531156562932839,0.0185419210857849,-2.45350805608306,"GABAergic","Abcb1b1"
"Lhx21",-0.162914092174416,7.58363241015753,-2.79447742818399,0.00634522315479215,0.0214796015687318,-2.61391578866026,"GABAergic","Lhx21"
"Hs6st31",-0.162829909905103,7.5893944321426,-2.85015038628498,0.00541059129999494,0.0188293432509639,-2.46967893764968,"GABAergic","Hs6st31"
"Gm39043",-0.162715513398428,7.58577634724673,-2.80203433332791,0.00621023070864663,0.0210979114848515,-2.59348156268486,"GABAergic","Gm39043"
"Appbp2os1",-0.16265755971496,7.58874131336409,-2.84030423506555,0.0055660960436122,0.019257109534772,-2.49507577880162,"GABAergic","Appbp2os1"
"Zfp354b1",-0.162520707537292,7.58866994485388,-2.83492450201242,0.00565278241050355,0.0194918115349678,-2.50873872040278,"GABAergic","Zfp354b1"
"Gm456051",-0.162498049838281,7.58841015234224,-2.83221536515455,0.00569690322613322,0.0196003795498512,-2.51575717785289,"GABAergic","Gm456051"
"Icmt1",-0.162464547243599,7.63454342635734,-2.50390220025588,0.0140744515547331,0.0410394604779694,-3.26943189732433,"GABAergic","Icmt1"
"Rnf251",-0.162423016985907,7.63288331866228,-2.5997135805153,0.0108943922908662,0.0332921468430558,-3.04971673108303,"GABAergic","Rnf251"
"Abt11",-0.162036780976885,7.63814456596241,-2.51614218941203,0.0136263728808193,0.0399960471738333,-3.23985643718498,"GABAergic","Abt11"
"P3h31",-0.161971080060264,7.58963453102381,-2.82254258929821,0.00585702193937616,0.0200678195106732,-2.53937242722585,"GABAergic","P3h31"
"Qars1",-0.161842796142433,7.5891344609879,-2.81115404712042,0.00605082344076523,0.0206349873316561,-2.56834369353269,"GABAergic","Qars1"
"1700112D23Rik",-0.161761008656713,7.58893295354451,-2.81008877964091,0.00606924846837853,0.0206680510019797,-2.57114969405093,"GABAergic","1700112D23Rik"
"Thap41",-0.16152839944706,7.63206974985205,-2.58321754529031,0.0113908299545504,0.0345708485536733,-3.08883226602726,"GABAergic","Thap41"
"Stum1",-0.161437937334816,7.62541334669678,-2.67287781442115,0.00892000821019292,0.0283530736608916,-2.88175522573194,"GABAergic","Stum1"
"Zfp1431",-0.161316054628436,7.58913746094037,-2.79581407188848,0.0063211523449343,0.0214097981988632,-2.60677824572317,"GABAergic","Zfp1431"
"Rnf21",-0.161138779883231,7.5844886613519,-2.72778914811452,0.00765810443250516,0.0249703300071963,-2.77834184074108,"GABAergic","Rnf21"
"Rhoj1",-0.161126425133401,7.58943200118691,-2.7912021455245,0.00640456065316212,0.0216627412662147,-2.61810794535301,"GABAergic","Rhoj1"
"Nphp11",-0.160694242841974,7.59077671483259,-2.787832659701,0.00646613408808335,0.0218293590949713,-2.62565572727165,"GABAergic","Nphp11"
"Usp6nl1",-0.160661766337931,7.58999338379056,-2.77755291549675,0.00665734462243024,0.0223588004608665,-2.6517483978875,"GABAergic","Usp6nl1"
"1110032F04Rik1",-0.160455904981008,7.56764853473694,-2.47182291788027,0.0153121611585105,0.0439870185132212,-3.39263679450622,"GABAergic","1110032F04Rik1"
"Fam96a1",-0.160395099702391,7.62946448463267,-2.69571952665099,0.00837375879049291,0.0268991252666481,-2.82454303591316,"GABAergic","Fam96a1"
"Syne41",-0.160383686652654,7.590409327411,-2.77067653193058,0.00678812004350799,0.0227186002534882,-2.66855998909987,"GABAergic","Syne41"
"Tmsb15b11",-0.160320602132347,7.58764617409636,-2.75209390031674,0.00715335134539756,0.0237103359467276,-2.71635824575538,"GABAergic","Tmsb15b11"
"Lingo11",-0.160307063626029,7.5883476928453,-2.75725114086553,0.00705023117058603,0.0234304972285492,-2.70315090558844,"GABAergic","Lingo11"
"Szt21",-0.160285704815236,7.59021652705572,-2.76690513414678,0.00686083720846346,0.0229434087192217,-2.67803381363571,"GABAergic","Szt21"
"Dnaaf21",-0.160068352350798,7.59025856227396,-2.75906250258988,0.00701433580580708,0.0233685657315613,-2.69741858779797,"GABAergic","Dnaaf21"
"Rab11fip51",-0.160066896388696,7.58996765542259,-2.75755118764518,0.00704427364456958,0.0234304507748227,-2.7013415548078,"GABAergic","Rab11fip51"
"Zfp2751",-0.159953358044064,7.58983079004536,-2.75135528600387,0.00716823226176596,0.023747400525498,-2.71672667591418,"GABAergic","Zfp2751"
"Zkscan171",-0.159817224722893,7.58994055942927,-2.74735729858356,0.00724927138009714,0.0239328166605495,-2.72651024399279,"GABAergic","Zkscan171"
"Slc22a151",-0.159784411557292,7.58569342064844,-2.695650606728,0.00837536019583629,0.0268991252666481,-2.85580600753185,"GABAergic","Slc22a151"
"Bcl7c1",-0.159711353112497,7.58968036714507,-2.74292348276643,0.00734012151970345,0.024162044578122,-2.73759527880845,"GABAergic","Bcl7c1"
"Zfp5681",-0.159682823141658,7.58995723697221,-2.74223777889215,0.00735426413716007,0.0241942085602162,-2.73910115673711,"GABAergic","Zfp5681"
"Phlpp11",-0.159585471323249,7.59048957829033,-2.74419315643036,0.00731400001476553,0.0241016304257143,-2.73394738407433,"GABAergic","Phlpp11"
"Sphk11",-0.159535360830459,7.59007961719148,-2.73802685227191,0.0074416605972613,0.02440565750846,-2.74937198755794,"GABAergic","Sphk11"
"Pex261",-0.15937809286891,7.59059512486378,-2.73346300698494,0.00753745025241478,0.0246676576034988,-2.76024279652801,"GABAergic","Pex261"
"Man2b21",-0.15932047844761,7.59073860545721,-2.73328140044071,0.00754128510486453,0.0246679194698806,-2.76059645365293,"GABAergic","Man2b21"
"Zfp514",-0.159227065203241,7.59071848326003,-2.72906174577155,0.00763089066025477,0.0249012235324117,-2.7709520780873,"GABAergic","Zfp514"
"Gm265141",-0.159208148087674,7.58619834781576,-2.68147652645296,0.00871068510888653,0.0278105485467666,-2.88973987737645,"GABAergic","Gm265141"
"4930553P18Rik",-0.159202211373467,7.59067338564036,-2.73176147324138,0.00757345008696241,0.0247528352855422,-2.76436519679969,"GABAergic","4930553P18Rik"
"Ddit31",-0.159169561434277,7.67085662198242,-2.55013116857982,0.0124485289537971,0.0371450455197455,-3.13875049060275,"GABAergic","Ddit31"
"Ascl11",-0.159106514401234,7.58928315006171,-2.71921570151255,0.00784375920259628,0.0254819507079109,-2.79597094101922,"GABAergic","Ascl11"
"Rorb1",-0.159019724430459,7.67544337655224,-2.45323039361361,0.016073300569755,0.0458024477774189,-3.35482941661592,"GABAergic","Rorb1"
"Oprk11",-0.15901205358126,7.58633157404831,-2.67522746153998,0.00886236058324172,0.0282294391268043,-2.9047159887506,"GABAergic","Oprk11"
"Nectin41",-0.158684012120306,7.59014291453444,-2.70758539154854,0.00810216148392946,0.0261706985985332,-2.82375608304895,"GABAergic","Nectin41"
"Asxl31",-0.15859076218517,7.59074497129456,-2.70766397938792,0.00810038972410088,0.0261706985985332,-2.82317557016972,"GABAergic","Asxl31"
"3222401L13Rik1",-0.158489856834109,7.590417774034,-2.70404878387731,0.00818226012576802,0.0263745060157873,-2.83217863891747,"GABAergic","3222401L13Rik1"
"Ccdc142os1",-0.158459781581343,7.58990886174429,-2.69779367747314,0.0083256944522371,0.0267603906118266,-2.84770008407692,"GABAergic","Ccdc142os1"
"Mfsd4b11",-0.158359122629535,7.59048941719994,-2.70012488428137,0.00827197291852637,0.0266083939655034,-2.84166386214554,"GABAergic","Mfsd4b11"
"Ankrd271",-0.158345268405255,7.59052215446942,-2.69937030144344,0.00828932730528549,0.0266504020359049,-2.84347429912119,"GABAergic","Ankrd271"
"Slc25a271",-0.158226078303251,7.63167420402508,-2.63254689717364,0.00996405134611564,0.0309134693013238,-2.97437851438806,"GABAergic","Slc25a271"
"Eif61",-0.15770341216485,7.58973353140512,-2.66840492274713,0.00903069065703016,0.0286041018513895,-2.91878338173259,"GABAergic","Eif61"
"Epb41l4b1",-0.15763327327661,7.58906085476223,-2.67146398332474,0.0089548598389922,0.0284333274908469,-2.91187915236779,"GABAergic","Epb41l4b1"
"Nudt61",-0.157578615696005,7.59001812664222,-2.6726360004395,0.00892596029883874,0.0283592338219633,-2.90841779167107,"GABAergic","Nudt61"
"Hspbap11",-0.157523655116708,7.59034442858774,-2.67280757576599,0.00892173671601786,0.0283530736608916,-2.90779023215121,"GABAergic","Hspbap11"
"Ptcd11",-0.157507510405137,7.59076945429176,-2.67141155951979,0.00895615448523132,0.0284333274908469,-2.91087260992717,"GABAergic","Ptcd11"
"Lmf11",-0.157481174014127,7.62990447729122,-2.60024577061425,0.0108787069205318,0.0332524021881279,-3.05147359512105,"GABAergic","Lmf11"
"Chd71",-0.157441168903815,7.58931946737715,-2.66338453584312,0.00915640471659796,0.0289358244290758,-2.93111895302788,"GABAergic","Chd71"
"Slc22a41",-0.157352207850694,7.58958695897574,-2.66230582265701,0.00918362286387615,0.0289996844123926,-2.9335271623203,"GABAergic","Slc22a41"
"Rab311",-0.157339462509348,7.59105193417233,-2.6694425399093,0.00900490416632191,0.0285588706118208,-2.91542482329692,"GABAergic","Rab311"
"Rel1",-0.15726414847915,7.58933725983743,-2.6604091333637,0.00923165830120824,0.0291143277046999,-2.93824394813995,"GABAergic","Rel1"
"Slc7a21",-0.157190464004578,7.59034347907724,-2.66211218006216,0.00918851662874879,0.0290077566427811,-2.93348911436422,"GABAergic","Slc7a21"
"6030443J06Rik1",-0.157143423497665,7.59123691068255,-2.66338784627042,0.00915632130050635,0.0289358244290758,-2.92984790462687,"GABAergic","6030443J06Rik1"
"Cenpl1",-0.157058361489519,7.59042930075125,-2.65751808143347,0.00930531553036571,0.0293019451235317,-2.94444445194997,"GABAergic","Cenpl1"
"Tepsin1",-0.157023569161265,7.63535388586156,-2.44689364490223,0.0163403369612194,0.0464248126576769,-3.39714275139453,"GABAergic","Tepsin1"
"Tnfaip11",-0.156890255774818,7.59144906678131,-2.6560724497002,0.00934234640333884,0.0294036314647312,-2.94724389584918,"GABAergic","Tnfaip11"
"Phldb11",-0.156811618452981,7.589497286416,-2.64506882512763,0.00962862125187924,0.030128893024665,-2.9748243186656,"GABAergic","Phldb11"
"Zfp656",-0.156730249421604,7.59040114185389,-2.64625957099356,0.00959726314896901,0.0300459222196532,-2.97137987576345,"GABAergic","Zfp656"
"Zbtb8a1",-0.156695099418299,7.59045342806067,-2.64611619489056,0.00960103402787545,0.0300501468564778,-2.97168769331277,"GABAergic","Zbtb8a1"
"AL589692.1",-0.15656756746061,7.59123020044599,-2.64405001286149,0.00965552519408879,0.0301886257594215,-2.97610971274581,"GABAergic","AL589692.1"
"Bag3",-0.15652834909866,7.59127865733047,-2.64318326423387,0.00967846717918976,0.0302391182511946,-2.97814497440528,"GABAergic","Bag3"
"Zfp9701",-0.156458086574194,7.62672427681253,-2.53282833102561,0.013036171497722,0.0385738884803838,-3.20957104285495,"GABAergic","Zfp9701"
"Pygm1",-0.156454965541358,7.59074552201492,-2.63835211319922,0.0098072503933842,0.0305568610047446,-2.9900007715785,"GABAergic","Pygm1"
"2700049A03Rik1",-0.156411812635169,7.59036137532898,-2.62992895154958,0.0100355028962577,0.0311118138752332,-3.01027665588122,"GABAergic","2700049A03Rik1"
"Nxph2",-0.156408635112152,7.5901174733903,-2.6334277188451,0.00994011486375486,0.0308700764412407,-3.00212764583803,"GABAergic","Nxph2"
"Htr1b1",-0.156280311791521,7.59119342411334,-2.63465775555038,0.00990677553380681,0.0307819440096501,-2.9984970308975,"GABAergic","Htr1b1"
"Zbtb121",-0.156150046808199,7.59130753076421,-2.63271773022469,0.00995940485227417,0.0309067802492429,-3.00303387007258,"GABAergic","Zbtb121"
"Gm98661",-0.156084560800704,7.63265400757649,-2.52017484057514,0.0134815768669297,0.0396554560129409,-3.23449428214441,"GABAergic","Gm98661"
"Gm136191",-0.156052833432197,7.59124777658082,-2.62670235839814,0.0101242043012009,0.0313007910757108,-3.01735092180123,"GABAergic","Gm136191"
"Gm174351",-0.156047623363197,7.59127254312367,-2.6272560698018,0.0101089321052693,0.0312691543934177,-3.01602168844198,"GABAergic","Gm174351"
"Zfp31",-0.155886888743471,7.59007120339877,-2.61705049696837,0.0103937935013859,0.0319908177956844,-3.04097897625052,"GABAergic","Zfp31"
"R3hcc1l1",-0.155746456472039,7.59088634344834,-2.61578847570334,0.010429519393101,0.0320848625851224,-3.04342186474738,"GABAergic","R3hcc1l1"
"Zbtb101",-0.155590273378333,7.59059995960353,-2.61057185598151,0.010578375290089,0.0325186121748836,-3.05592713380024,"GABAergic","Zbtb101"
"Pigg1",-0.155531085449595,7.62726852174812,-2.49131433504528,0.014549010342186,0.0421754773058931,-3.30358085231692,"GABAergic","Pigg1"
"Uevld1",-0.155521438260566,7.58966519139002,-2.6050707006636,0.0107374289535346,0.0329259929116293,-3.06951945478582,"GABAergic","Uevld1"
"BC0303431",-0.155498355500324,7.63588790510678,-2.4183269201897,0.0175939968901845,0.0492425578275123,-3.46025052936412,"GABAergic","BC0303431"
"P3h21",-0.15541019263891,7.59045375549636,-2.60372740495614,0.0107765942631369,0.0330017018379375,-3.07215199297765,"GABAergic","P3h21"
"Srpx",-0.155339474648224,7.58933573471103,-2.59732957087464,0.0109649078707455,0.0334915688136097,-3.08795121705841,"GABAergic","Srpx"
"0610010K14Rik1",-0.155309674011944,7.59183693738098,-2.60704305361648,0.0106801558679018,0.0327746622949212,-3.06343714344198,"GABAergic","0610010K14Rik1"
"Wdr251",-0.155294444109011,7.59081862366873,-2.60158078506471,0.0108394494635713,0.0331569060495243,-3.0769610243042,"GABAergic","Wdr251"
"Mog1",-0.155281627269441,7.59063513368273,-2.57693761979579,0.0115851235856547,0.0350572427875283,-3.13480892000681,"GABAergic","Mog1"
"Zscan121",-0.155187678455874,7.59092862460362,-2.59732485147229,0.010965047871853,0.0334915688136097,-3.08689126328171,"GABAergic","Zscan121"
"Trmt51",-0.155184545528479,7.59153113681642,-2.60237203350138,0.0108162424621929,0.0331022364872538,-3.07463276302991,"GABAergic","Trmt51"
"A330070K13Rik1",-0.155181441719324,7.59093349011467,-2.59714383454449,0.010970418959342,0.0334997291548805,-3.08731318909817,"GABAergic","A330070K13Rik1"
"Bach11",-0.155095864058313,7.63394649486804,-2.41577661574026,0.0177099815942994,0.0494779089566085,-3.46711002326259,"GABAergic","Bach11"
"Mrto41",-0.1543743875936,7.66842913935626,-2.41950438935858,0.017540675808992,0.0491376493881694,-3.4335752345886,"GABAergic","Mrto41"
"Lsm111",-0.154273987726965,7.59007321124093,-2.57008858729481,0.0118004284504389,0.0355444944344532,-3.15114645448176,"GABAergic","Lsm111"
"Ascl41",-0.154215343961353,7.59050135738816,-2.56851546560031,0.0118503874702318,0.0356659895750092,-3.15451915723131,"GABAergic","Ascl41"
"Snai2",-0.154204972144674,7.5902296737898,-2.56745752392001,0.0118840926118627,0.0357444472402365,-3.15716212159311,"GABAergic","Snai2"
"Acvr1c1",-0.153852302399491,7.59918860273542,-2.6008103165624,0.0108620902238028,0.0332179742921125,-3.07291444735296,"GABAergic","Acvr1c1"
"A930009A15Rik1",-0.15381957420216,7.5907747216568,-2.55618744474163,0.0122485482218403,0.0366452467292762,-3.18295687823576,"GABAergic","A930009A15Rik1"
"Gorasp11",-0.153611910706101,7.59051352154016,-2.54947837929255,0.012470258883697,0.0371919003381675,-3.19865796201172,"GABAergic","Gorasp11"
"Tppp31",-0.153610415271355,7.59561833228845,-2.55462150565084,0.012299976907871,0.0367902418478377,-3.18331738207959,"GABAergic","Tppp31"
"Oser11",-0.153499629138723,7.59195585062853,-2.54968130071122,0.0124635004179728,0.0371807788911158,-3.197231401784,"GABAergic","Oser11"
"Panx11",-0.153288115051302,7.59105910077237,-2.53074977456087,0.0131084166657556,0.0387599358641953,-3.24144649604469,"GABAergic","Panx11"
"Dolk1",-0.153233916223138,7.62925315658848,-2.4626872976721,0.0156820286705791,0.0448729480751409,-3.36694090834082,"GABAergic","Dolk1"
"Ubap11",-0.153182750778194,7.59115566623656,-2.52816936826508,0.0131986054936843,0.0389431037034291,-3.2473062621403,"GABAergic","Ubap11"
"Fam71e11",-0.153113112281668,7.59225820830211,-2.53836738340883,0.0128453936375755,0.0380912918697003,-3.22313483757579,"GABAergic","Fam71e11"
"D230017M19Rik1",-0.152993454904267,7.59198330394592,-2.53409965270874,0.0129921603393758,0.0384711786713562,-3.23313546496163,"GABAergic","D230017M19Rik1"
"Cables11",-0.152950708077555,7.59022114719182,-2.51813305030707,0.0135547155670759,0.039804548080315,-3.27092937420721,"GABAergic","Cables11"
"Asphd11",-0.152510649869413,7.59056729586823,-2.50586535405562,0.0140017062602396,0.0408946045397915,-3.29869209674948,"GABAergic","Asphd11"
"Slc35d31",-0.152227673389407,7.59072544106115,-2.44716381299386,0.0163288714516352,0.0464096813056417,-3.4309108207282,"GABAergic","Slc35d31"
"Gm94841",-0.152153322202548,7.59285295449851,-2.5089789401545,0.0138870230405173,0.040636160323702,-3.29007648549746,"GABAergic","Gm94841"
"Fam196a1",-0.151980481661132,7.59665562380684,-2.5254768453357,0.0132933072044358,0.0391759540268459,-3.24964510378572,"GABAergic","Fam196a1"
"Dnajc141",-0.151677284621869,7.59014063544513,-2.48492152334456,0.0147954669937218,0.0427302176849169,-3.34650913743046,"GABAergic","Dnajc141"
"Moap11",-0.151635619244388,7.59173038285311,-2.49106277768457,0.0145586384400904,0.0421935317705562,-3.33153317953458,"GABAergic","Moap11"
"1110002E22Rik1",-0.151622543914513,7.58885042531352,-2.46731839953833,0.0154935454762548,0.0444258085398157,-3.38709644519234,"GABAergic","1110002E22Rik1"
"Scyl11",-0.151377119875516,7.59038699241311,-2.47673291836767,0.0151166160287941,0.0434856756878384,-3.36482741832264,"GABAergic","Scyl11"
"Ndst11",-0.15129780072438,7.5904217978739,-2.47378000682653,0.0152339486157637,0.0437826082264074,-3.37145734174831,"GABAergic","Ndst11"
"Pus31",-0.151064558272397,7.5942649529564,-2.48916654048259,0.0146313989214298,0.0423056059214687,-3.33416511811804,"GABAergic","Pus31"
"Dcaf41",-0.151012298059806,7.5910443308827,-2.46841694293736,0.015449133858935,0.044339442920764,-3.38309885570859,"GABAergic","Dcaf41"
"Dusp141",-0.150963991431012,7.59141487620533,-2.43854735442205,0.0166981013114647,0.0472630813404351,-3.44963348399436,"GABAergic","Dusp141"
"Arpin1",-0.150338779440392,7.59252086636117,-2.45332118653688,0.0160695029770455,0.0458021433038895,-3.41594688491844,"GABAergic","Arpin1"
"Gm445931",-0.150337813697648,7.59363709127102,-2.43463829210091,0.0168680551368202,0.0475755827836223,-3.45683502527936,"GABAergic","Gm445931"
"Nfatc21",-0.150124115265728,7.59067314374901,-2.43923860599116,0.0166682073926448,0.0471942627749764,-3.44860287227796,"GABAergic","Nfatc21"
"Klf161",-0.150123038627481,7.59099961580026,-2.44118506896312,0.0165842869947798,0.0469807938711734,-3.44404684288643,"GABAergic","Klf161"
"Pkdcc1",-0.150043777922289,7.59162412949675,-2.44337176529883,0.0164904591951102,0.0467763653968726,-3.43875292952637,"GABAergic","Pkdcc1"
"Zfp7901",-0.150038733703209,7.59113242918259,-2.44287132487248,0.0165118904039718,0.0468050616521904,-3.44020126760119,"GABAergic","Zfp7901"
"Nos31",-0.149454657610876,7.59163011371145,-2.42571815644645,0.017261666965565,0.0484983670008289,-3.47795417455352,"GABAergic","Nos31"
"Tprn1",-0.149363156301691,7.59163597698384,-2.42346398815265,0.0173624223175852,0.0487262914882932,-3.48293840305382,"GABAergic","Tprn1"
"Mgat4b1",-0.149247711175521,7.59316796066984,-2.42131522152669,0.0174589542369601,0.0489513841727137,-3.48666023056197,"GABAergic","Mgat4b1"
"Acaa21",-0.149181822206332,7.59171913498837,-2.41717275153929,0.0176464029496058,0.0493336022988528,-3.49678220544941,"GABAergic","Acaa21"
"P2ry141",-0.149057684642041,7.5921814954761,-2.41390006080035,0.017795759527717,0.0496894071438742,-3.50368714754414,"GABAergic","P2ry141"
"Zfp144",-0.149042020916456,7.59312439803782,-2.413050105943,0.0178347328680868,0.0497592254705389,-3.5049282147665,"GABAergic","Zfp144"
"Gm171021",-0.148377289092234,7.60348193589505,-2.63161483424049,0.00998943714645741,0.0309844826262276,-2.99716984211176,"GABAergic","Gm171021"
"Erich11",-0.14462547885432,7.60572646906262,-2.52127323623863,0.013442378205272,0.0395495290487021,-3.25275813930862,"GABAergic","Erich11"
"Sil11",-0.142685067007776,7.60641555034833,-2.45811532809507,0.0158701140590739,0.0453006139148837,-3.39515938349317,"GABAergic","Sil11"
"Tmem421",-0.14074555210837,7.60706633639035,-2.41385777687438,0.0177976965958518,0.0496894071438742,-3.49294899334757,"GABAergic","Tmem421"
"Calm22",-1.70596808655513,9.41432971014978,-6.04291182082186,2.51414815561266e-06,0.0222200413993047,-3.44290712007329,"Non-neuronal","Calm22"
