"","logFC","AveExpr","t","P.Value","adj.P.Val","B","Cell_type","SYMBOL"
"Slc1a2",-0.592413453314988,9.03659008064548,-3.60382459747493,0.000388418742044311,0.0341808492998993,-0.794225193294233,"Glutamatergic","Slc1a2"
"R3hdm2",-0.544260706688489,8.87319230639138,-3.42530664719921,0.000733566919678592,0.0416292663369128,-1.14055754701194,"Glutamatergic","R3hdm2"
"Zfp365",-0.535244494893906,7.96795249164964,-4.79482311080543,3.0122254586578e-06,0.00612415041678479,3.91270950901198,"Glutamatergic","Zfp365"
"Fryl",0.53501178708937,8.01586822083352,4.22627351963976,3.49229274866823e-05,0.0160738389427743,1.80719356477783,"Glutamatergic","Fryl"
"Polr2l",-0.508595441734,7.95780911024896,-3.81948977079014,0.000174312289104258,0.0250134640779519,0.554565344282382,"Glutamatergic","Polr2l"
"Slc2a13",-0.505512218249663,7.92875659658085,-4.28760999785003,2.71130482564301e-05,0.0145924049628863,2.12997141720081,"Glutamatergic","Slc2a13"
"Cit",-0.485821755227921,8.62700508600404,-3.20218897533156,0.00156744571585406,0.047475119342794,-1.55198770327333,"Glutamatergic","Cit"
"Kat6b",-0.471635243855831,8.07156157125768,-3.3492609485107,0.000954465123258127,0.0422486469828881,-0.893156112603388,"Glutamatergic","Kat6b"
"Adam22",-0.460864526258392,8.56339553340711,-3.16317169023601,0.00178273024010207,0.0494447515620526,-1.61145664022303,"Glutamatergic","Adam22"
"Rtn4r",-0.459481284275996,7.90591623872894,-3.59451594959734,0.000401760290889937,0.0345029801622105,-0.104136758564925,"Glutamatergic","Rtn4r"
"Fhod3",-0.452335988789966,7.80693307269501,-4.44367867948743,1.40628186607785e-05,0.0106905414187628,2.77146992550912,"Glutamatergic","Fhod3"
"Senp7",-0.449536630292528,8.04413655486918,-3.90923152061273,0.000123582378909817,0.024373639723038,0.754320739612847,"Glutamatergic","Senp7"
"Pck2",-0.448000162230968,7.65909536785054,-4.69603157848357,4.68790306310282e-06,0.00701885217390603,3.86568310242621,"Glutamatergic","Pck2"
"Tfdp2",-0.444955336024011,8.07484810975545,-3.27479586087914,0.00122962648017535,0.0453705400035905,-1.09385538328365,"Glutamatergic","Tfdp2"
"Rmnd5a",-0.444728297812208,7.74527991509671,-4.87165009637618,2.12554256187679e-06,0.00612415041678479,4.51485473189771,"Glutamatergic","Rmnd5a"
"Abca8b",-0.434010289678012,7.81328747416893,-3.94854951554785,0.000106090026647529,0.0233964759218012,1.06269072652488,"Glutamatergic","Abca8b"
"Tmem201",-0.432920439613666,7.77895570720664,-3.71158614838205,0.000261444795489814,0.030097582783719,0.296743969754306,"Glutamatergic","Tmem201"
"Arhgef4",-0.423682064841442,7.86110955602738,-3.70224132256363,0.000270671996873253,0.030097582783719,0.246295110724417,"Glutamatergic","Arhgef4"
"Arpc4",-0.423587023521554,7.81412541942508,-4.81876369633237,2.7032933842143e-06,0.00612415041678479,4.22123175825239,"Glutamatergic","Arpc4"
"Slc50a1",-0.422969049784339,8.245750995999,-3.27757036670211,0.00121817193680003,0.0453705400035905,-1.18358435680438,"Glutamatergic","Slc50a1"
"Kdm4b",0.417351023905487,7.70655748633212,4.10333266958655,5.75198155592168e-05,0.0186364202411862,1.62374317431623,"Glutamatergic","Kdm4b"
"Lrif1",-0.409759182635483,7.95529215386742,-3.40111367458506,0.000798040322190979,0.0416292663369128,-0.691409829095868,"Glutamatergic","Lrif1"
"Hs3st1",-0.407757665660555,7.64416720053465,-4.64060399363071,5.99034591844262e-06,0.00711653095110983,3.65090072058718,"Glutamatergic","Hs3st1"
"Acsl6",-0.405255218524963,7.89098147416839,-4.02186404290348,7.95654531448228e-05,0.0203176857801994,1.26188027141713,"Glutamatergic","Acsl6"
"Smg7",-0.40354956041615,7.79351535997975,-3.48526998338453,0.000594152081217659,0.0382428007745717,-0.407266419120496,"Glutamatergic","Smg7"
"Zfp326",-0.402333455637044,8.06569981298797,-3.27402893319927,0.00123281036352763,0.0453705400035905,-1.09133001584751,"Glutamatergic","Zfp326"
"Rbm4",-0.39932744617106,7.66308050555781,-4.20684252694939,3.78168469766009e-05,0.0161563560281771,2.0070979202098,"Glutamatergic","Rbm4"
"Usp42",-0.398712567774107,7.76707768253833,-4.18542107871361,4.12725404364953e-05,0.0162984901780138,1.90349123533617,"Glutamatergic","Usp42"
"Msmo1",-0.396771231975857,7.92387179039468,-3.84595667123714,0.000157598684087947,0.0246960691325258,0.66545993876459,"Glutamatergic","Msmo1"
"Coro6",-0.396040367391492,7.70142098161929,-5.10528998933748,7.18174683272724e-07,0.00612415041678479,5.50411824150712,"Glutamatergic","Coro6"
"Sytl2",-0.395508275652263,7.9713146385309,-3.27619802095211,0.00122382520419214,0.0453705400035905,-1.05360483626829,"Glutamatergic","Sytl2"
"Otud7a",-0.393457973385286,7.93436802022716,-3.21351381801887,0.00150962901244889,0.0468537872024726,-1.20434897761989,"Glutamatergic","Otud7a"
"Vps8",-0.392215780172768,7.70868576794397,-4.60612992899638,6.96946875695558e-06,0.00764282666147375,3.49193250546388,"Glutamatergic","Vps8"
"Usp22",0.385376645323491,7.99961723654243,3.2665711333017,0.00126417345911122,0.0458330639797021,-1.08068432939008,"Glutamatergic","Usp22"
"Hdac4",-0.385198112842184,7.80658099056161,-3.47336893741474,0.00061967501255093,0.0382428007745717,-0.4442610928345,"Glutamatergic","Hdac4"
"Max",-0.3815063094272,7.80953020292595,-3.86185758504035,0.000148299994215659,0.0246960691325258,0.782756165799322,"Glutamatergic","Max"
"Crhr1",-0.380462087970669,7.66078507749846,-3.77084329101319,0.000209497852541969,0.0266341137876682,0.494918987686171,"Glutamatergic","Crhr1"
"Maf1",-0.378741016185816,7.69180094819824,-4.50325481663474,1.08947826255961e-05,0.0103544014073665,3.10447668597492,"Glutamatergic","Maf1"
"Mfsd11",-0.378631081205413,7.75989968812571,-3.85916442425263,0.000149837451826866,0.0246960691325258,0.780072663711913,"Glutamatergic","Mfsd11"
"Zfp809",-0.378180256571522,7.67193029017847,-4.14290162495376,4.90458014458535e-05,0.0179281268054382,1.77526084321532,"Glutamatergic","Zfp809"
"Snx10",-0.377606997992198,8.10253453506109,-3.51617455028709,0.000532399833040742,0.0375511268773656,-0.456221688017342,"Glutamatergic","Snx10"
"Usp40",-0.37731125117579,7.76504611813009,-4.07562599978426,6.42659547248288e-05,0.0193609399345443,1.51678338494765,"Glutamatergic","Usp40"
"Dcp1a",0.376436323440981,7.78927433515233,3.38242863573281,0.000851418674635521,0.0416292663369128,-0.713931380997461,"Glutamatergic","Dcp1a"
"Hspb3",-0.374013881690221,7.57719861886927,-4.58220104560051,7.73786140819486e-06,0.00787935373108756,3.44185032494631,"Glutamatergic","Hspb3"
"Med25",-0.373274271194879,7.69757454969031,-4.39517307508008,1.72784932117896e-05,0.0115317814852478,2.68734396647216,"Glutamatergic","Med25"
"Kcnh1",-0.371064421533449,7.81183843024864,-4.19516032922669,3.96655766685045e-05,0.0161563560281771,1.90364576958116,"Glutamatergic","Kcnh1"
"Smarca5",-0.369140655325991,8.06815104213078,-3.67375571108172,0.000300731857324865,0.0315101291964991,0.0218210143885198,"Glutamatergic","Smarca5"
"Fam13c",0.36903515729737,7.84845857728363,3.69849292842267,0.000274458877797663,0.030097582783719,0.214933998141651,"Glutamatergic","Fam13c"
"Tmem57",-0.368612235903333,8.18840591548856,-3.1948634674108,0.00160593094392465,0.0474982397024685,-1.36136906626631,"Glutamatergic","Tmem57"
"Efr3b",-0.368461503451344,7.78418882256241,-3.67504881147082,0.000299301687986882,0.0315101291964991,0.182603128214631,"Glutamatergic","Efr3b"
"Ttr",0.36792000675702,7.60168111132809,4.2942454725694,2.63762914355213e-05,0.0145924049628863,2.33470664403547,"Glutamatergic","Ttr"
"Mef2c",-0.367812922790751,10.2062258920713,-3.20499709726718,0.00155292104361395,0.0474056582393157,-2.05363117448853,"Glutamatergic","Mef2c"
"Pcnx",-0.367002197914133,7.92376483806936,-3.31393820309109,0.00107692120955317,0.0439125105199195,-0.925598855555473,"Glutamatergic","Pcnx"
"Arhgap42",-0.366530723635159,7.69320954599988,-3.94027445831991,0.000109563754077838,0.0233964759218012,1.06277269564012,"Glutamatergic","Arhgap42"
"Pttg1",-0.364541115546377,7.77845095515354,-3.29600798576602,0.00114453751225064,0.0446253689695613,-0.968589223589671,"Glutamatergic","Pttg1"
"Prmt7",-0.361263156134273,7.67418675910732,-4.46580957743832,1.279448262445e-05,0.0106905414187628,2.9665350875672,"Glutamatergic","Prmt7"
"Paqr9",-0.359847105271276,7.75555026016811,-3.36748860108787,0.000896477607002823,0.0416292663369128,-0.760852032293814,"Glutamatergic","Paqr9"
"Krt12",-0.358901140777597,7.68003157424821,-4.10820708865643,5.64050952652039e-05,0.0186364202411862,1.6500433414768,"Glutamatergic","Krt12"
"Gm3294",-0.358592781163202,7.73190723570474,-3.8377362087323,0.000162619975464115,0.0246960691325258,0.708727571460254,"Glutamatergic","Gm3294"
"Ctsl",-0.35853332210328,7.73962687684952,-3.59513882094354,0.000400854276505696,0.0345029801622105,-0.0688487824633777,"Glutamatergic","Ctsl"
"2310011J03Rik",-0.357262120172391,7.74589343395852,-3.47711783530376,0.00061152637818174,0.0382428007745717,-0.433820956655258,"Glutamatergic","2310011J03Rik"
"Cabp1",-0.356312697346567,7.77979283057362,-3.37422126941291,0.000875903289329118,0.0416292663369128,-0.739526457593004,"Glutamatergic","Cabp1"
"Bloc1s2",-0.355317584702174,7.76066686051392,-3.3203380073177,0.00105370167037913,0.0436673575957118,-0.89850496351688,"Glutamatergic","Bloc1s2"
"Epc2",-0.355238661710849,7.86846284680835,-3.37505213139629,0.000873395042257243,0.0416292663369128,-0.741760135091193,"Glutamatergic","Epc2"
"Nprl3",-0.352495398572232,7.71100242756481,-4.44060816919669,1.4248056043525e-05,0.0106905414187628,2.85901740492528,"Glutamatergic","Nprl3"
"Gm20045",-0.347807033408072,7.69274884291514,-3.25355278675797,0.00132070458860608,0.0462603553198239,-1.10511219635981,"Glutamatergic","Gm20045"
"Phldb1",-0.347763478848848,7.63265431757935,-3.63903520547256,0.000341630595024509,0.0329073362342527,0.0632508566457846,"Glutamatergic","Phldb1"
"Tmem209",-0.346836777425934,7.73529839755162,-3.5349377864311,0.000497901297656616,0.0364866164183178,-0.257119981619018,"Glutamatergic","Tmem209"
"Ulk1",-0.346581879750704,7.65014207957399,-3.94663877342734,0.000106882707150458,0.0233964759218012,1.08797849609095,"Glutamatergic","Ulk1"
"Park7",-0.344530629021312,7.86179713383464,-4.0451968234555,7.25419814520789e-05,0.0195124242939781,1.36202885584343,"Glutamatergic","Park7"
"D3Ertd254e",-0.343964240727417,7.72871362680847,-3.466906715271,0.000633960611713033,0.0388273100954186,-0.466396857870965,"Glutamatergic","D3Ertd254e"
"Arf4",0.34220349420414,7.82557335442934,3.32171841181996,0.00104875487086459,0.0436373335459497,-0.890478983331431,"Glutamatergic","Arf4"
"Zfp281",-0.341323464510501,7.64093029843081,-4.66345976292314,5.41578099838428e-06,0.00701885217390603,3.74330940382076,"Glutamatergic","Zfp281"
"Col4a1",-0.34106773798701,7.73249387093276,-3.57896109354843,0.000425020566861284,0.0352272860533399,-0.11955980849152,"Glutamatergic","Col4a1"
"Cope",-0.34041569983076,7.86171659873247,-3.53284650463129,0.000501639788018399,0.0364866164183178,-0.272538077696121,"Glutamatergic","Cope"
"Acsl5",-0.340228615788758,7.79656983517851,-3.64159796759355,0.000338441169402127,0.0328218864693655,0.0755111520365466,"Glutamatergic","Acsl5"
"Trpm4",-0.339366505962451,7.61191394642604,-4.95918419873846,1.42168231405215e-06,0.00612415041678479,4.95539668624065,"Glutamatergic","Trpm4"
"Ccdc34",-0.33598594991389,7.77025498258356,-3.59623495184567,0.000399264534965318,0.0345029801622105,-0.0652627922979043,"Glutamatergic","Ccdc34"
"Cic",-0.335943864588237,7.64951319376795,-3.73922279034375,0.000235863032275456,0.0286824964984871,0.39020763546795,"Glutamatergic","Cic"
"Vipr1",-0.335136996691949,7.6734673451462,-3.6693689688803,0.00030563175336019,0.0315730889558179,0.164236135883844,"Glutamatergic","Vipr1"
"2700049A03Rik",-0.334897706488041,7.60120615291002,-4.47177169020024,1.24720447489801e-05,0.0106905414187628,3.007988707018,"Glutamatergic","2700049A03Rik"
"Ubxn11",-0.334068438414456,7.58117402928035,-4.86585770464503,2.18246664450794e-06,0.00612415041678479,4.58463482574837,"Glutamatergic","Ubxn11"
"Chrd",-0.332583082449827,7.71260253948342,-3.21268386145019,0.00151379807218017,0.0468537872024726,-1.2193542037128,"Glutamatergic","Chrd"
"Cds1",-0.332330307140521,7.84530524041926,-4.15239683603672,4.71972919950177e-05,0.0177064367021308,1.73050035467308,"Glutamatergic","Cds1"
"Tomm40",-0.330674027288651,7.72546863410919,-3.67417186564677,0.000300270888552863,0.0315101291964991,0.181665625151185,"Glutamatergic","Tomm40"
"Klhl22",-0.329080891413155,7.74994012042871,-3.43024763274978,0.000721013163189844,0.0416292663369128,-0.575625434005398,"Glutamatergic","Klhl22"
"Uba3",-0.327908599217587,7.78602571580634,-3.51495725921385,0.000534713717459681,0.0375511268773656,-0.316869114310811,"Glutamatergic","Uba3"
"Ankfy1",-0.327580398319506,7.7578167156893,-3.53416158381045,0.000499285817244476,0.0364866164183178,-0.258440005930192,"Glutamatergic","Ankfy1"
"Pxk",-0.327076188035323,7.7788452751295,-3.43890786797328,0.000699493297514499,0.0410369401208506,-0.547171113876218,"Glutamatergic","Pxk"
"Creb1",-0.326259703017587,7.79809267448819,-3.3675698282751,0.000896226719670964,0.0416292663369128,-0.758183126873185,"Glutamatergic","Creb1"
"Ypel2",-0.325725965547834,7.65156785834693,-3.32354174472578,0.00104225395806668,0.0436373335459497,-0.911482693439738,"Glutamatergic","Ypel2"
"Cadm4",-0.325550552065132,7.83938102755668,-3.545726885584,0.000479026144229601,0.0361905428330017,-0.230170424365537,"Glutamatergic","Cadm4"
"Flnb",-0.324583876048891,7.78329426351841,-3.18960228610802,0.00163410938641857,0.047737425026195,-1.26893475373997,"Glutamatergic","Flnb"
"Naaladl2",-0.324278647498343,7.68330930290103,-3.38582480360837,0.000841475242059788,0.0416292663369128,-0.715732122132143,"Glutamatergic","Naaladl2"
"Zfr2",-0.323882084249438,7.71833953161487,-4.06335828685572,6.7488016441964e-05,0.0195124242939781,1.48720430536251,"Glutamatergic","Zfr2"
"Lin54",-0.323635179860622,7.59390924235863,-4.31888049805735,2.38051582329349e-05,0.0145924049628863,2.42884333802528,"Glutamatergic","Lin54"
"Htr1f",-0.323564962836228,7.84068478391003,-3.50587918291858,0.000552269636496735,0.0378517112398916,-0.349295790813905,"Glutamatergic","Htr1f"
"Lyrm9",-0.321829327550794,7.63552160586362,-4.20660327793274,3.78538686215365e-05,0.0161563560281771,2.01002853277901,"Glutamatergic","Lyrm9"
"Mat2b",-0.320351014773562,8.04452173278045,-3.31356212159808,0.00107830041094442,0.0439125105199195,-0.97548326886923,"Glutamatergic","Mat2b"
"Nsmaf",-0.320335039245844,7.7408041534285,-3.25018562109113,0.00133570384857117,0.0463335827495891,-1.10405653864138,"Glutamatergic","Nsmaf"
"Napepld",0.320185916879952,7.82599939771568,3.40201470014933,0.000795547083599985,0.0416292663369128,-0.660046373352952,"Glutamatergic","Napepld"
"Arhgap15",-0.319873096356702,7.6780129368441,-4.40091293248559,1.68640331294593e-05,0.0115317814852478,2.71663056817,"Glutamatergic","Arhgap15"
"Zmat3",-0.31983789768916,7.76001692744322,-3.37810213815783,0.000864244901466128,0.0416292663369128,-0.728004975592129,"Glutamatergic","Zmat3"
"Nuak1",-0.318893207268704,7.7291683741146,-3.28614240957957,0.00118340614425301,0.0452849700352098,-1.00246060292671,"Glutamatergic","Nuak1"
"Rsbn1",0.317381219504734,7.81028098474839,3.16050467988116,0.00179840218287675,0.0496860882152925,-1.34166671763269,"Glutamatergic","Rsbn1"
"Sppl2a",-0.316804696938508,7.91654267940661,-3.22037009703286,0.00147559355264086,0.0465918473871831,-1.18232747116145,"Glutamatergic","Sppl2a"
"Oscp1",-0.31578563701507,7.73832695175358,-3.38055011054852,0.000856965714431919,0.0416292663369128,-0.725093959398315,"Glutamatergic","Oscp1"
"Ncapd2",-0.314581911380674,7.57578284310872,-4.38818931768167,1.77959590821726e-05,0.0115317814852478,2.69164127028162,"Glutamatergic","Ncapd2"
"Sdhb",-0.314189684678024,7.90094296998726,-3.31751622656149,0.00106388147063831,0.0439125105199195,-0.910196894022856,"Glutamatergic","Sdhb"
"Wsb2",-0.312412635494356,7.7600425078872,-3.49803451832102,0.000567874262190697,0.0378858244078597,-0.368418467594168,"Glutamatergic","Wsb2"
"Plekho1",-0.310818232807806,7.583061795344,-3.94220479174965,0.00010874390063497,0.0233964759218012,1.06982624593758,"Glutamatergic","Plekho1"
"Nasp",-0.31022861796619,7.58241541681768,-3.63451699924012,0.000347322686802799,0.0330473370261428,0.0382994986757526,"Glutamatergic","Nasp"
"Zfp317",-0.309968292255668,7.78818961986188,-3.38122692202122,0.000854963301299934,0.0416292663369128,-0.717835009962102,"Glutamatergic","Zfp317"
"Gm9856",-0.308766801484374,7.68124033092411,-3.67188525524784,0.00030281198792932,0.0315101291964991,0.172549601921867,"Glutamatergic","Gm9856"
"Ube2e1",-0.308300729907901,7.80158175874675,-3.62855850620186,0.000354965916665318,0.0330966340553713,0.0324320949948635,"Glutamatergic","Ube2e1"
"Dnajb9",-0.307637717735756,7.74620904938368,-3.32206768712215,0.00104750664672257,0.0436373335459497,-0.895337292689829,"Glutamatergic","Dnajb9"
"Epb41l4aos",-0.30719759104923,7.72006834421212,-3.39464289558035,0.000816161341168748,0.0416292663369128,-0.685548406840108,"Glutamatergic","Epb41l4aos"
"Glce",0.305839824452764,7.74397140176019,3.40511665667077,0.000787019176615533,0.0416292663369128,-0.647320223586588,"Glutamatergic","Glce"
"Fbxl19",-0.30430284713801,7.59709928144571,-3.58763735662183,0.000411894657764667,0.0345461740889162,-0.109136911257257,"Glutamatergic","Fbxl19"
"Ripk2",-0.304208894736132,7.74833090447713,-3.16542133715142,0.00176960919606713,0.0493126677247708,-1.34559427588116,"Glutamatergic","Ripk2"
"Grm2",-0.304074121368124,7.58447375571746,-3.98318516559809,9.26540997002822e-05,0.0224891162302823,1.21272478746656,"Glutamatergic","Grm2"
"Iffo2",-0.30248773758993,7.53819380741478,-4.27421571645517,2.86607280415837e-05,0.0145924049628863,2.2635153746373,"Glutamatergic","Iffo2"
"Pofut2",-0.302472123499936,7.58696429945388,-4.76553788850212,3.43667251222491e-06,0.00612415041678479,4.17170051260277,"Glutamatergic","Pofut2"
"Ubxn6",-0.301171838529065,7.78588894392569,-3.74903382026301,0.000227364496423938,0.0279423125949971,0.418119967057878,"Glutamatergic","Ubxn6"
"Jade1",-0.300014227127131,7.6316716246928,-4.17937587926472,4.2301075798717e-05,0.0162984901780138,1.91134147776852,"Glutamatergic","Jade1"
"Cntnap1",-0.299725133537376,7.670477082779,-3.56121989445914,0.00045309403693976,0.035406124350735,-0.180122132492383,"Glutamatergic","Cntnap1"
"Dbr1",-0.299669471288904,7.59407326057451,-4.67817927849516,5.0742798055621e-06,0.00701885217390603,3.81831936116867,"Glutamatergic","Dbr1"
"Cpne7",0.299513195039816,7.72314018105461,3.66032050509212,0.000315977425514413,0.0317223533671371,0.135441636799979,"Glutamatergic","Cpne7"
"Cog8",0.298537887798243,7.69196941754219,3.28408446345723,0.00119166736661724,0.0452849700352098,-1.0190257842838,"Glutamatergic","Cog8"
"Ube3b",-0.298414141819847,7.66323437978518,-3.26466032634056,0.00127232770396246,0.0458330639797021,-1.08033117277672,"Glutamatergic","Ube3b"
"Ints2",-0.29804821446648,7.76990760827629,-3.22887462769753,0.00143436530893767,0.0465918473871831,-1.15979371079021,"Glutamatergic","Ints2"
"Gmpr",-0.297221947926219,7.6316498264388,-4.12756640661302,5.21779459212588e-05,0.0181426535866699,1.7248581317138,"Glutamatergic","Gmpr"
"Mpp2",-0.296631092572266,7.75097024428636,-3.34850276003194,0.00095695130660068,0.0422486469828881,-0.815950732307639,"Glutamatergic","Mpp2"
"Gm20878",-0.296125048049863,7.70788861254061,-3.49954003794282,0.000564847783905245,0.0378858244078597,-0.367541807431769,"Glutamatergic","Gm20878"
"Cpne8",-0.29494073040382,7.81426328463545,-3.54121012748644,0.000486844782485502,0.0363259358815644,-0.239276820188649,"Glutamatergic","Cpne8"
"Gm45716",-0.293667624837928,7.6315638757886,-3.33727233529667,0.000994491516972853,0.0430926172217781,-0.875566289262723,"Glutamatergic","Gm45716"
"Cnp",-0.290273698438275,7.57092633109285,-4.02108321613017,7.98113358369226e-05,0.0203176857801994,1.34514603884744,"Glutamatergic","Cnp"
"Ift46",-0.289698091601838,7.70537724486644,-3.57003537849752,0.000438933566283073,0.035402293015589,-0.149480549757377,"Glutamatergic","Ift46"
"Brsk2",-0.289497191046468,7.667717546384,-3.21811179757089,0.00148672461301605,0.0465918473871831,-1.2129140311294,"Glutamatergic","Brsk2"
"Nr4a1",-0.288935937215328,7.77779859159518,-3.2441932787288,0.00136278918857159,0.0465660628476808,-1.11252703008959,"Glutamatergic","Nr4a1"
"Parn",-0.288799877809179,7.69694356864964,-3.18448054798517,0.00166198044600858,0.0480201285354255,-1.30144656868858,"Glutamatergic","Parn"
"Tbc1d9",0.288433722129083,7.70468744557976,3.40495953709029,0.000787449067999638,0.0416292663369128,-0.655579314156059,"Glutamatergic","Tbc1d9"
"Rrm2b",-0.288402106588546,7.70142718870296,-3.49647358265485,0.000571028190886459,0.0378858244078597,-0.377722314901188,"Glutamatergic","Rrm2b"
"Pfkfb2",-0.288376638912385,7.66624616550551,-3.44518308391463,0.000684277118958305,0.0406460608661233,-0.540718807231765,"Glutamatergic","Pfkfb2"
"Etv5",-0.287858575395864,7.7022785251526,-3.63420400020331,0.000347720296992243,0.0330473370261428,0.0534440750291774,"Glutamatergic","Etv5"
"Cdk5rap3",-0.287489816662408,7.58201100058688,-3.8463544289128,0.000157359487869899,0.0246960691325258,0.740623343087065,"Glutamatergic","Cdk5rap3"
"Slc36a1",-0.286519407079282,7.6327186488015,-3.48725972928881,0.000589982235202299,0.0382428007745717,-0.418936452864318,"Glutamatergic","Slc36a1"
"Ift140",-0.284891943874018,7.59759615018606,-3.69882355067452,0.000274122860942985,0.030097582783719,0.250781536585543,"Glutamatergic","Ift140"
"Lpcat4",-0.284762379561892,7.84084011493081,-3.40595249307503,0.00078473594779627,0.0416292663369128,-0.648363615423306,"Glutamatergic","Lpcat4"
"Rasd2",-0.284752233473594,7.54278517646447,-4.132280500215,5.11953478431731e-05,0.0181426535866699,1.74145822561903,"Glutamatergic","Rasd2"
"Ufd1",-0.283084410058469,7.78508670163099,-3.22478101284721,0.00145407501505336,0.0465918473871831,-1.17136795804894,"Glutamatergic","Ufd1"
"Asb8",-0.281799395191696,7.60960499398147,-3.89522653884451,0.000130449636510374,0.024373639723038,0.909901093174234,"Glutamatergic","Asb8"
"Rspo1",-0.280799928464766,7.55773630326195,-4.29352919070876,2.64548897566778e-05,0.0145924049628863,2.3356170750664,"Glutamatergic","Rspo1"
"Vps33a",-0.280364959226482,7.76737817069203,-3.17146831679736,0.00173478201229233,0.0487791959906103,-1.32274538529871,"Glutamatergic","Vps33a"
"Deaf1",-0.279404406238012,7.67699674181053,-3.22928176906638,0.00143241864505818,0.0465918473871831,-1.17809901974904,"Glutamatergic","Deaf1"
"Cacna1i",-0.279327025113911,7.70847776607898,-3.60531413304913,0.000386322962099299,0.0341808492998993,-0.0372458017895543,"Glutamatergic","Cacna1i"
"Rcc2",-0.279073105882772,7.65316951111212,-3.27277923747101,0.00123801487523827,0.0453705400035905,-1.05928941981107,"Glutamatergic","Rcc2"
"Heca",-0.278938823159373,7.58409814250778,-4.04601993436902,7.23053315917678e-05,0.0195124242939781,1.43415644058073,"Glutamatergic","Heca"
"Rhebl1",-0.278045956759775,7.55245999302059,-4.24406928680154,3.24593222291152e-05,0.0159565550930437,2.15154821012649,"Glutamatergic","Rhebl1"
"Dlgap3",-0.277772916540139,7.71119253469496,-3.23287797312962,0.00141533030230317,0.0465918473871831,-1.15949419505458,"Glutamatergic","Dlgap3"
"Tmem25",-0.277717538849292,7.71799317608663,-3.25215820850542,0.00132689774315231,0.0463335827495891,-1.10283112201033,"Glutamatergic","Tmem25"
"Pou3f2",-0.277125603505499,7.72371858306253,-3.17165980555076,0.00173368958263704,0.0487791959906103,-1.33127830714519,"Glutamatergic","Pou3f2"
"Ccdc62",-0.276036536482907,7.56072919732529,-4.04532615637588,7.25047485955944e-05,0.0195124242939781,1.43038396341534,"Glutamatergic","Ccdc62"
"Gm10600",-0.274866133218003,7.6285176275015,-3.31302184364928,0.00108028464834002,0.0439125105199195,-0.946541162377077,"Glutamatergic","Gm10600"
"Shd",-0.274777827708838,7.58630857438067,-3.87650561648013,0.000140196300314893,0.024373639723038,0.843834392221134,"Glutamatergic","Shd"
"3632451O06Rik",-0.274003543065779,7.61899723638963,-3.78918842467449,0.000195505653384399,0.0257094354545963,0.552134926703892,"Glutamatergic","3632451O06Rik"
"Cnot8",-0.272873170385601,7.62286021345372,-3.97707845012117,9.48991225972647e-05,0.0224891162302823,1.19327182237078,"Glutamatergic","Cnot8"
"Lrrc29",-0.272395961658525,7.82768216690097,-3.23950584472013,0.00138433096964364,0.0465918473871831,-1.12325450439118,"Glutamatergic","Lrrc29"
"Dusp1",-0.272068010610284,7.67583678280273,-4.84605305600607,2.38844573913782e-06,0.00612415041678479,4.45380857632635,"Glutamatergic","Dusp1"
"Eci2",-0.271553658512217,7.5978854424942,-3.56810430636384,0.000441999435285733,0.035402293015589,-0.170485693869172,"Glutamatergic","Eci2"
"Abcd2",-0.270904814087126,7.68961691949189,-3.42740272420858,0.000728216571921348,0.0416292663369128,-0.590701884467046,"Glutamatergic","Abcd2"
"Plekha2",-0.269980979862636,7.54261901465962,-4.07875534990301,6.34678223682536e-05,0.0193609399345443,1.5484358040877,"Glutamatergic","Plekha2"
"Zfp944",-0.268397386508069,7.65338087958676,-3.17604601645735,0.00170884028698993,0.0483357681177152,-1.33800570384802,"Glutamatergic","Zfp944"
"Ptpn9",-0.267931127916233,7.73571599773303,-3.41689016748717,0.000755422797232376,0.0416292663369128,-0.616890022517707,"Glutamatergic","Ptpn9"
"Tbc1d30",-0.267625797247116,7.73382149806532,-3.62325406668768,0.000361903156812992,0.0334205685785031,0.0195820609114516,"Glutamatergic","Tbc1d30"
"Tcp11l2",-0.267452882604957,7.61452001778695,-4.20162205240156,3.8632583414921e-05,0.0161563560281771,1.99360015343097,"Glutamatergic","Tcp11l2"
"Sfxn5",-0.267382669716923,7.60575557105626,-3.57016426899383,0.000438729646335749,0.035402293015589,-0.162453302500253,"Glutamatergic","Sfxn5"
"Stat3",-0.267036006630876,7.54813657725728,-4.10477735855368,5.71872609086388e-05,0.0186364202411862,1.64232824060338,"Glutamatergic","Stat3"
"Edc3",-0.266938169850896,7.67414724125921,-3.19533206927504,0.00160344311839003,0.0474982397024685,-1.27725845944559,"Glutamatergic","Edc3"
"Map2k7",-0.266847496349255,7.5971589663165,-3.60812469792971,0.000382397439795069,0.0341808492998993,-0.0432418424339795,"Glutamatergic","Map2k7"
"Fam105a",0.266674231246627,7.71540136809649,3.38472089680077,0.000844695344817609,0.0416292663369128,-0.712121288435706,"Glutamatergic","Fam105a"
"Tmem42",-0.266397751283421,7.6472819855616,-3.50734105234181,0.000549406505134958,0.037837387136251,-0.354216040126348,"Glutamatergic","Tmem42"
"Ccdc124",-0.265671645763876,7.74256805231656,-3.19059137553674,0.00162877718536633,0.0476946997990786,-1.27645424303347,"Glutamatergic","Ccdc124"
"Polr3h",-0.265656969666705,7.60235086436515,-3.80251494773306,0.000185900775317465,0.0252400138373884,0.5953384599872,"Glutamatergic","Polr3h"
"Ybx3",-0.264536161032253,7.64882290241207,-3.42923019937278,0.000723581649674413,0.0416292663369128,-0.591587024288935,"Glutamatergic","Ybx3"
"Gtf3a",-0.262912035209362,7.55519851798168,-3.97352634391535,9.62286819617861e-05,0.0224891162302823,1.17646655922296,"Glutamatergic","Gtf3a"
"Abcd4",-0.262623099116435,7.63049329890823,-3.75122199738942,0.000225508926686441,0.0279423125949971,0.427389003086658,"Glutamatergic","Abcd4"
"Tctn1",-0.262088789567054,7.55182571152001,-3.94086893744281,0.000109310642603519,0.0233964759218012,1.06226993916856,"Glutamatergic","Tctn1"
"Sp3os",-0.262003986910302,7.5437253604631,-3.80631980835484,0.000183241530422721,0.025118185170253,0.599674623254079,"Glutamatergic","Sp3os"
"Prpf19",-0.261378243315502,7.7377523109785,-3.34596340831315,0.000965322175626501,0.0423434859560966,-0.827476189696227,"Glutamatergic","Prpf19"
"Mum1",-0.261282911424103,7.64336643656179,-3.48510591476327,0.000594497144357168,0.0382428007745717,-0.422052026286104,"Glutamatergic","Mum1"
"Coq5",-0.261239106573261,7.65570654800342,-3.18245112233323,0.00167314532565887,0.0481290235109193,-1.31961055830161,"Glutamatergic","Coq5"
"Mfsd13a",-0.260249733266857,7.54233920888921,-3.73489549834567,0.000239706037147272,0.0286824964984871,0.360307868461683,"Glutamatergic","Mfsd13a"
"Ambra1",-0.260230816400047,7.70587027215019,-3.87846893588142,0.000139142606205238,0.024373639723038,0.853625887627024,"Glutamatergic","Ambra1"
"Rad23a",-0.26005478619991,7.72337206391854,-3.29410595966232,0.00115193744929061,0.0446253689695613,-0.978876068986485,"Glutamatergic","Rad23a"
"Pkib",-0.259380505223743,7.68633128512245,-3.22612596299244,0.00144757187134963,0.0465918473871831,-1.18542373509572,"Glutamatergic","Pkib"
"Acp6",-0.258611088798097,7.58966945713796,-3.59249345193856,0.000404715469044281,0.0345461740889162,-0.095494200154814,"Glutamatergic","Acp6"
"AW554918",-0.257999781669501,7.59801112816134,-3.43956592192065,0.000697882909612612,0.0410369401208506,-0.572382733908158,"Glutamatergic","AW554918"
"Nudt16",-0.257225972237318,7.55743490302599,-3.66613675367494,0.000309290125088017,0.0316127279965611,0.13655280596951,"Glutamatergic","Nudt16"
"Mthfsl",-0.256661435033181,7.64317472862672,-3.37061815151015,0.000886858565049817,0.0416292663369128,-0.770736429326157,"Glutamatergic","Mthfsl"
"Amdhd2",-0.256519479861406,7.57491813472752,-3.84994872794347,0.000155213559132156,0.0246960691325258,0.752023879493692,"Glutamatergic","Amdhd2"
"D030056L22Rik",-0.256438402175921,7.56334824195915,-3.93554036652468,0.000111599352040017,0.0233964759218012,1.04489650758353,"Glutamatergic","D030056L22Rik"
"Htr2a",-0.256410116077747,7.57546861854571,-3.4627604386857,0.00064328833663342,0.0388589768095171,-0.507052380435219,"Glutamatergic","Htr2a"
"Mfsd5",-0.25613030900013,7.6249285152471,-3.58759597933485,0.000411956340847065,0.0345461740889162,-0.103177641380558,"Glutamatergic","Mfsd5"
"Eif1ad",-0.256071111280588,7.63836070635177,-3.32515476080458,0.00103653422684003,0.0436373335459497,-0.908514366713365,"Glutamatergic","Eif1ad"
"Lrrc4",-0.255708783738889,7.65471426097613,-3.33103899085888,0.00101591585071799,0.0433648489470536,-0.885559364989011,"Glutamatergic","Lrrc4"
"Tceal6",-0.254716688874511,7.88413122792338,-3.27423435389075,0.00123195681323251,0.0453705400035905,-1.02898835882304,"Glutamatergic","Tceal6"
"Spg11",-0.254275826153648,7.58570141230838,-3.42006572941285,0.000747105954558945,0.0416292663369128,-0.636151304257232,"Glutamatergic","Spg11"
"Arih1",-0.252388203311871,7.79482728017549,-3.26731528884737,0.00126101098764607,0.0458330639797021,-1.04742240847372,"Glutamatergic","Arih1"
"Trpc3",-0.251863743431047,7.62965314657947,-3.8395712299355,0.000161486122636987,0.0246960691325258,0.722564700194938,"Glutamatergic","Trpc3"
"Tfr2",-0.251190055407554,7.56668781006593,-4.28174133927983,2.77810467599257e-05,0.0145924049628863,2.29144659106282,"Glutamatergic","Tfr2"
"Uqcc1",-0.251188477817736,7.68963458291168,-3.24057952849787,0.00137936896584043,0.0465918473871831,-1.14365511926396,"Glutamatergic","Uqcc1"
"Dkkl1",-0.251012319651978,7.64016256980358,-3.25449264902363,0.00131654593332687,0.0462603553198239,-1.1141528556431,"Glutamatergic","Dkkl1"
"Fam102a",-0.250689831731722,7.61517219992402,-3.46662364124568,0.00063459338189061,0.0388273100954186,-0.485651832751084,"Glutamatergic","Fam102a"
"Lrp3",-0.250508768065706,7.61360170507715,-4.07205524420321,6.51883499479605e-05,0.0193609399345443,1.52713271324074,"Glutamatergic","Lrp3"
"Rbm8a",-0.250307321686797,7.64415482225713,-3.20027627706953,0.0015774109168168,0.047475119342794,-1.27345358333022,"Glutamatergic","Rbm8a"
"Unc50",-0.250054128866683,7.72146131871428,-3.26633891174286,0.00126516184989608,0.0458330639797021,-1.06254246606594,"Glutamatergic","Unc50"
"Kcnab3",-0.248634772892299,7.54578663357598,-3.7329698187793,0.000241435155711171,0.0286824964984871,0.354238536171601,"Glutamatergic","Kcnab3"
"Pcbd2",-0.247727461103973,7.5624937423979,-3.80888530901583,0.000181468851144245,0.0251166984651685,0.611212222366339,"Glutamatergic","Pcbd2"
"Fap",-0.24755207805441,7.56056928493503,-4.09110248551771,6.0409936391137e-05,0.0191378678487122,1.59384768847345,"Glutamatergic","Fap"
"Rexo1",-0.246915734406035,7.7315709095384,-3.29330272272552,0.00115507583822728,0.0446253689695613,-0.983217741108508,"Glutamatergic","Rexo1"
"Carmil3",-0.2468446918309,7.59805872562121,-3.30326414345289,0.00111671146498355,0.0446253689695613,-0.98516238130958,"Glutamatergic","Carmil3"
"Mmab",-0.24670468594114,7.58808752320748,-3.19202071695808,0.0016211000566403,0.0476503142421941,-1.31295787470476,"Glutamatergic","Mmab"
"Ccpg1",-0.246606566369211,7.71826797488105,-3.16086951931284,0.00179625080384371,0.0496860882152925,-1.36430638657307,"Glutamatergic","Ccpg1"
"Fbxo22",-0.246034780988865,7.67892258700197,-3.70969836620237,0.000263284541801092,0.030097582783719,0.295192346749145,"Glutamatergic","Fbxo22"
"Lrriq1",-0.245606314174164,7.60260909132695,-3.21738739780623,0.00149031161676175,0.0465918473871831,-1.23577631818058,"Glutamatergic","Lrriq1"
"2410021H03Rik",-0.244403984901828,7.58576165697593,-3.83185735895162,0.000166303495841924,0.0246960691325258,0.69184738075815,"Glutamatergic","2410021H03Rik"
"Socs4",-0.24422235442119,7.62576462866436,-3.52723838090659,0.000511795674575262,0.0368492885694189,-0.295401132712263,"Glutamatergic","Socs4"
"Gm28175",-0.243713234747708,7.5703513759468,-3.81593705088278,0.000176679582438397,0.0250134640779519,0.636141336952479,"Glutamatergic","Gm28175"
"Gorasp2",-0.243306099581432,7.7306946050047,-3.38034737603589,0.000857566376143788,0.0416292663369128,-0.725973227886124,"Glutamatergic","Gorasp2"
"AL589692.1",-0.241133078510129,7.5172604950079,-3.88824175551301,0.000134008428631081,0.024373639723038,0.875719668518435,"Glutamatergic","AL589692.1"
"Repin1",-0.240975040118895,7.55953698493422,-4.05439601921007,6.99385939555896e-05,0.0195124242939781,1.46252259107574,"Glutamatergic","Repin1"
"Gm34304",-0.240775256440133,7.5182145204033,-3.60463252333574,0.000387280664576005,0.0341808492998993,-0.0711664769933833,"Glutamatergic","Gm34304"
"Actr1a",-0.240457751578741,7.72084367140328,-3.32547513594594,0.00103540166831512,0.0436373335459497,-0.890116064517428,"Glutamatergic","Actr1a"
"Dexi",-0.239922034147501,7.63945468746869,-3.62214551412302,0.000363368976547978,0.0334205685785031,0.00813682820628525,"Glutamatergic","Dexi"
"Coro1c",-0.238694546921782,7.61565779365203,-3.22461179167364,0.00145489515580176,0.0465918473871831,-1.21068532729232,"Glutamatergic","Coro1c"
"Rccd1",-0.23790454196982,7.60252058222786,-3.57107055757169,0.000437298303330147,0.035402293015589,-0.161451480052392,"Glutamatergic","Rccd1"
"Hrh3",-0.237476536903076,7.63625888848116,-3.21883486665692,0.00148315218718108,0.0465918473871831,-1.22181236766438,"Glutamatergic","Hrh3"
"Polr3d",-0.23715963535739,7.64351665168208,-3.37202865359539,0.000882554789620066,0.0416292663369128,-0.768444999407383,"Glutamatergic","Polr3d"
"Jade3",-0.23461987745892,7.61271987400994,-3.40950026319234,0.000775113344373416,0.0416292663369128,-0.661401270383872,"Glutamatergic","Jade3"
"Tmem219",-0.234059449757921,7.56794674215813,-3.32339375406668,0.001042780200854,0.0436373335459497,-0.933462520106301,"Glutamatergic","Tmem219"
"Pigz",-0.233947128140678,7.542912226827,-3.98372051716625,9.24597137716617e-05,0.0224891162302823,1.21102413514423,"Glutamatergic","Pigz"
"Ccng2",-0.233587584328384,7.63389700643247,-3.2179003681336,0.00148777071767287,0.0465918473871831,-1.22584358094338,"Glutamatergic","Ccng2"
"Gpr68",-0.233484945921858,7.54281361632043,-3.61098749467529,0.000378437575221367,0.0341808492998993,-0.0453467614149723,"Glutamatergic","Gpr68"
"Gm28905",-0.23303179274673,7.56729458773429,-3.90908697513255,0.000123651470139322,0.024373639723038,0.953764463710447,"Glutamatergic","Gm28905"
"Invs",-0.232284492528978,7.6535885853353,-3.55186778278571,0.000468585094000754,0.0359147801079288,-0.212181697420302,"Glutamatergic","Invs"
"Fbxw17",-0.231987927973528,7.56957652822538,-3.47571884983279,0.000614555410475865,0.0382428007745717,-0.46816093353466,"Glutamatergic","Fbxw17"
"Diablo",-0.231945592252423,7.63879835914244,-3.29502592361571,0.0011483527369658,0.0446253689695613,-0.997483374493299,"Glutamatergic","Diablo"
"Hs6st3",-0.23181188687624,7.55513325497073,-3.36327712458659,0.000909575804960446,0.0419910057272469,-0.816516188987373,"Glutamatergic","Hs6st3"
"Caprin2",-0.231435376834775,7.56890254358969,-3.65531707858287,0.000321838990137053,0.0320557017980915,0.103330899116282,"Glutamatergic","Caprin2"
"Ick",-0.231088708681271,7.59287336974338,-4.22606426854441,3.49529326056399e-05,0.0160738389427743,2.08439257540103,"Glutamatergic","Ick"
"Fam228b",-0.230672237999062,7.63242123876771,-3.30343727272727,0.00111605530369809,0.0446253689695613,-0.974006560683623,"Glutamatergic","Fam228b"
"Dynlt1c",-0.230064577838291,7.56773714562841,-3.34840891117895,0.000957259467002717,0.0422486469828881,-0.858353882535809,"Glutamatergic","Dynlt1c"
"St3gal4",-0.229635143278393,7.51922493907338,-3.81514156491862,0.000177213795726231,0.0250134640779519,0.625899316382674,"Glutamatergic","St3gal4"
"Fstl1",-0.229092974854604,7.64259848843657,-3.29734272710732,0.00113937107023635,0.0446253689695613,-0.990814596468916,"Glutamatergic","Fstl1"
"Dhx35",-0.229071442536088,7.60825243912691,-3.31277856303133,0.0010811792362859,0.0439125105199195,-0.95372228017746,"Glutamatergic","Dhx35"
"Rbbp8",-0.22880993267499,7.52960581407635,-3.7210764683132,0.000252378380401556,0.0297347619091287,0.312050797612553,"Glutamatergic","Rbbp8"
"Sgsm3",-0.228503575451438,7.693065522628,-3.41362896755407,0.000764053964712563,0.0416292663369128,-0.631940712694743,"Glutamatergic","Sgsm3"
"Vav3",-0.228496895371663,7.56886795752702,-3.76427479189592,0.00021473411432173,0.0268530660857069,0.46245140065676,"Glutamatergic","Vav3"
"Iars",0.228481305208689,7.66411092751008,3.26507383518162,0.00127055894763388,0.0458330639797021,-1.0713990386756,"Glutamatergic","Iars"
"Igfbp4",-0.227475799379566,7.70882633024338,-3.76932675737043,0.000210695968604659,0.0266341137876682,0.49024675841568,"Glutamatergic","Igfbp4"
"Nemp2",-0.227381825339061,7.53912324855411,-3.71627138689721,0.000256931073202551,0.0300230277014391,0.298077655406829,"Glutamatergic","Nemp2"
"Plekhh1",-0.226163401221226,7.5181351467981,-3.91909234211617,0.000118954568527766,0.024373639723038,0.982714642998303,"Glutamatergic","Plekhh1"
"Mmd2",0.225920913082373,7.62365779533437,3.28550585766772,0.00118595574869528,0.0452849700352098,-1.02470723439288,"Glutamatergic","Mmd2"
"Rabgef1",-0.225837229061336,7.6403298383141,-3.56498233113336,0.000446998649186729,0.035402293015589,-0.173540406190134,"Glutamatergic","Rabgef1"
"Keap1",-0.224772505559389,7.60057022496817,-3.50212613151692,0.000559684352461164,0.0378858244078597,-0.378469949344439,"Glutamatergic","Keap1"
"Tnnc1",-0.224167211715553,7.55520624272447,-3.38492688864704,0.00084409359341227,0.0416292663369128,-0.751078050708501,"Glutamatergic","Tnnc1"
"Gm30648",-0.223796503208448,7.5308078837045,-3.97426825974241,9.59495268128248e-05,0.0224891162302823,1.17654859602341,"Glutamatergic","Gm30648"
"Fastkd5",-0.222729812258023,7.51585620514609,-3.81826701509044,0.000175123640860246,0.0250134640779519,0.63609424597202,"Glutamatergic","Fastkd5"
"Selenoh",-0.222443748496847,7.63469582347692,-3.78774749020874,0.000196571861991512,0.0257094354545963,0.549243283765062,"Glutamatergic","Selenoh"
"Col26a1",-0.22168638296792,7.58528236584906,-3.34031918902698,0.000984173262391342,0.0429063425952629,-0.877974370040199,"Glutamatergic","Col26a1"
"Myo16",-0.220828406320722,7.60047036135287,-3.44596537113079,0.000682402091775636,0.0406460608661233,-0.553099324840006,"Glutamatergic","Myo16"
"Ifrd2",-0.220644819445589,7.52390944890721,-3.56518299049977,0.000446675742449267,0.035402293015589,-0.196362641875716,"Glutamatergic","Ifrd2"
"Lrguk",-0.220091233949808,7.55166422638821,-3.36768014297895,0.000895886094322546,0.0416292663369128,-0.804118887553615,"Glutamatergic","Lrguk"
"Zbtb34",-0.219853496771459,7.53056898152587,-3.85735763655172,0.000150877356587847,0.0246960691325258,0.771215002804021,"Glutamatergic","Zbtb34"
"Sulf1",-0.219291016286426,7.59785888047088,-3.19878723502118,0.00158520948316391,0.047475119342794,-1.29079817045637,"Glutamatergic","Sulf1"
"B4galt7",-0.218866057556534,7.58917965431919,-3.17968210173696,0.00168849117565006,0.0483357681177152,-1.348117469146,"Glutamatergic","B4galt7"
"Rab35",-0.21827987939573,7.62125607869095,-3.79246015367754,0.000193105042415259,0.0257094354545963,0.563660551311412,"Glutamatergic","Rab35"
"Gm19265",-0.218248961472928,7.58140234777168,-3.7902264708285,0.000194740952062824,0.0257094354545963,0.551077782588146,"Glutamatergic","Gm19265"
"Med18",-0.217901672026993,7.52285253575095,-3.653666555294,0.00032379496765749,0.0320557017980915,0.0892643575696344,"Glutamatergic","Med18"
"Nfya",-0.217624956975711,7.54136365943753,-3.84331010747419,0.000159199020533727,0.0246960691325258,0.724814346644993,"Glutamatergic","Nfya"
"Neurl1b",-0.217145516289265,7.57229567223716,-3.24786966967382,0.00134611209222496,0.0463530772627029,-1.15558237530014,"Glutamatergic","Neurl1b"
"Hkdc1",-0.217053441293293,7.53370485731889,-3.82548703513079,0.000170384122245334,0.0250134640779519,0.663098814435721,"Glutamatergic","Hkdc1"
"Rasgef1c",-0.216921001552873,7.53100290101848,-4.02525160196924,7.85070343853305e-05,0.0203176857801994,1.35656346411936,"Glutamatergic","Rasgef1c"
"Ctsk",-0.216484018234103,7.52412880730983,-3.27288774543038,0.00123756217185457,0.0453705400035905,-1.09600584142731,"Glutamatergic","Ctsk"
"Ethe1",-0.21607233652743,7.53074708823701,-3.68121911745146,0.000292565207273712,0.0313594706383011,0.180695289467317,"Glutamatergic","Ethe1"
"Fem1c",-0.215570043522172,7.57651480060029,-3.93842393444826,0.000110355220528676,0.0233964759218012,1.05615637142024,"Glutamatergic","Fem1c"
"Cavin3",-0.215568257346386,7.53432421265332,-3.41118149078244,0.00077059197565349,0.0416292663369128,-0.676771534778447,"Glutamatergic","Cavin3"
"Glb1",-0.214711366306179,7.53926290756662,-3.68946507345692,0.000283785657508127,0.0306488510108778,0.209238674141198,"Glutamatergic","Glb1"
"Kif22",-0.214450704962013,7.54991227285742,-3.21602218742974,0.00149709354888177,0.0467014565270428,-1.25533662653013,"Glutamatergic","Kif22"
"Pcdhac2",-0.214232253327888,7.58305052628283,-3.66319293163611,0.000312657965787129,0.0316127279965611,0.131478042891572,"Glutamatergic","Pcdhac2"
"Calhm2",-0.213729736071873,7.56628841761285,-3.55239761086537,0.000467694344091089,0.0359147801079288,-0.228021076653002,"Glutamatergic","Calhm2"
"Purg",-0.213667288045896,7.57294533495672,-3.33399611258762,0.00100569899608519,0.0432760950292104,-0.900275417799792,"Glutamatergic","Purg"
"Whrn",-0.213509852803325,7.52787989117684,-3.41923216897025,0.000749280734769417,0.0416292663369128,-0.653206212158202,"Glutamatergic","Whrn"
"Adgrf4",-0.21318079136194,7.51714565545728,-3.60420013391232,0.000387889355191777,0.0341808492998993,-0.0727350904747732,"Glutamatergic","Adgrf4"
"Cmtm4",-0.213110073427723,7.62647186249296,-3.26314455371581,0.00127883090977493,0.0459219482361495,-1.09616316222607,"Glutamatergic","Cmtm4"
"Pelo",-0.212790623151942,7.52342688733578,-3.89748450665907,0.000129318496853195,0.024373639723038,0.908289489588024,"Glutamatergic","Pelo"
"Mpg",-0.212722869790987,7.55038121853489,-3.59062644966932,0.000407461581539976,0.0345461740889162,-0.109353090482429,"Glutamatergic","Mpg"
"Otulin",-0.212708175798881,7.56833651416151,-3.17345900759189,0.00172345632625431,0.0486526601724384,-1.3722211068505,"Glutamatergic","Otulin"
"Sec22c",-0.212684033680126,7.55696312783714,-3.38707476442911,0.000837842939860145,0.0416292663369128,-0.744039284334216,"Glutamatergic","Sec22c"
"B630019K06Rik",-0.212646615790004,7.54862636503463,-3.88175355683147,0.000137396557620191,0.024373639723038,0.857452383132635,"Glutamatergic","B630019K06Rik"
"Igdcc4",-0.212171586270009,7.56545659133344,-3.19816130777924,0.00158849831134349,0.047475119342794,-1.30202496800952,"Glutamatergic","Igdcc4"
"Ddx25",-0.211933122895121,7.63192115399097,-3.22981404492948,0.00142987737432679,0.0465918473871831,-1.19173755500955,"Glutamatergic","Ddx25"
"Ppp1r14a",-0.211804349632063,7.5146791194217,-3.29409112212496,0.00115199535016782,0.0446253689695613,-1.03546834236782,"Glutamatergic","Ppp1r14a"
"Llgl2",-0.210534287183459,7.51352601799657,-3.83481064828765,0.000164443279469774,0.0246960691325258,0.692097890708538,"Glutamatergic","Llgl2"
"Htr5a",-0.210373140534473,7.53315330699977,-3.39813234812592,0.000806342131315525,0.0416292663369128,-0.717100628479849,"Glutamatergic","Htr5a"
"Haus7",-0.210305985964751,7.52276799930191,-3.89737059100069,0.000129375339815119,0.024373639723038,0.907829092193719,"Glutamatergic","Haus7"
"Pdk3",-0.210083325664614,7.65897461661481,-3.33938757128643,0.000987317569955168,0.0429121929185393,-0.861461567880895,"Glutamatergic","Pdk3"
"Sstr2",-0.207913358195692,7.55215286889268,-3.86676843736868,0.00014553493389952,0.0246960691325258,0.806413846792847,"Glutamatergic","Sstr2"
"Tvp23b",-0.207884587429726,7.69394024274373,-3.1982206119867,0.0015881864364552,0.047475119342794,-1.26370948176779,"Glutamatergic","Tvp23b"
"L3mbtl1",-0.207810067883784,7.58242099610747,-3.49109188396551,0.000582028487381718,0.0381615046781296,-0.417115257624707,"Glutamatergic","L3mbtl1"
"Gm16867",-0.207576181199495,7.54214670389062,-3.5083329624321,0.000547471742823427,0.037837387136251,-0.372956800856646,"Glutamatergic","Gm16867"
"Klhl40",-0.207493587580856,7.5398628598917,-3.29703482932725,0.00114056093404551,0.0446253689695613,-1.02015219670671,"Glutamatergic","Klhl40"
"Erlin2",-0.207378782165472,7.61537761846666,-3.612493625675,0.000376369795688053,0.0341808492998993,-0.0261455909871495,"Glutamatergic","Erlin2"
"Prickle3",-0.207310402849114,7.51547216611835,-3.70157779885648,0.00027133872146358,0.030097582783719,0.2451034487052,"Glutamatergic","Prickle3"
"Sertad1",-0.206932868568062,7.53510777619696,-3.1884748593484,0.00164020709107105,0.0477809385384921,-1.33888904203825,"Glutamatergic","Sertad1"
"Dda1",-0.205904972034181,7.70903234323639,-3.22355934167639,0.00146000556354178,0.0465918473871831,-1.1880618393885,"Glutamatergic","Dda1"
"5430403G16Rik",-0.205290784292762,7.5213212080276,-3.59636605667419,0.000399074788492621,0.0345029801622105,-0.0972792159334706,"Glutamatergic","5430403G16Rik"
"Zfp212",-0.205112483488262,7.52048851415961,-3.83448681019217,0.000164646292122568,0.0246960691325258,0.691826486343907,"Glutamatergic","Zfp212"
"Far2os1",-0.205076717018498,7.51615514628164,-3.38191089752539,0.000852944131793277,0.0416292663369128,-0.770112482592172,"Glutamatergic","Far2os1"
"Ift80",-0.204410586811317,7.6820358369256,-3.22705060755052,0.00144311666997894,0.0465918473871831,-1.18370981236936,"Glutamatergic","Ift80"
"Pou6f2",-0.204316201582288,7.52062849871951,-3.86613058531694,0.000145891294935414,0.0246960691325258,0.800037274335799,"Glutamatergic","Pou6f2"
"Mrps23",-0.204286520125216,7.62791176106522,-3.25621251219041,0.00130896745560821,0.0462603553198239,-1.11360443093036,"Glutamatergic","Mrps23"
"Thumpd2",-0.203978892715237,7.55826338148922,-3.37790396013195,0.000864836714044065,0.0416292663369128,-0.771624199346512,"Glutamatergic","Thumpd2"
"Pigf",-0.203425373772896,7.55629911649245,-3.88120756434992,0.000137685350565554,0.024373639723038,0.856439808732923,"Glutamatergic","Pigf"
"Gm26534",-0.20319666237618,7.5525384604386,-3.27521733796062,0.00122787998475959,0.0453705400035905,-1.08064569108099,"Glutamatergic","Gm26534"
"Rbfa",-0.202644721081148,7.5866217900336,-3.25407813050666,0.00131837857206101,0.0462603553198239,-1.13320962048115,"Glutamatergic","Rbfa"
"Tchp",-0.202601955211044,7.54234389572405,-3.19049402965434,0.00162930126277717,0.0476946997990786,-1.33161434775715,"Glutamatergic","Tchp"
"Gm43597",-0.202522916725252,7.57801246212609,-3.16457946994556,0.00177450887645956,0.0493126677247708,-1.39477592248624,"Glutamatergic","Gm43597"
"Rpp40",-0.202448848335649,7.56100538890397,-3.28907687511507,0.0011717184253381,0.0451459942476213,-1.03730310267342,"Glutamatergic","Rpp40"
"Cep76",-0.202159280180899,7.54643358524771,-3.3711146419404,0.000885341426193771,0.0416292663369128,-0.795640142585305,"Glutamatergic","Cep76"
"Lrrc3",-0.201962292958597,7.53072816024683,-3.70687829468791,0.000266055632352117,0.030097582783719,0.26522988235955,"Glutamatergic","Lrrc3"
"A330102I10Rik",-0.201889224088235,7.54205566749539,-3.39027892959788,0.000828598620877073,0.0416292663369128,-0.738338775587816,"Glutamatergic","A330102I10Rik"
"Ermard",-0.201578993402448,7.56381648402371,-3.35972792339041,0.000920752679989687,0.0419910057272469,-0.825279231872688,"Glutamatergic","Ermard"
"Thrsp",-0.201456998623116,7.53056226217531,-3.42053315738158,0.000745889007564774,0.0416292663369128,-0.647875272516532,"Glutamatergic","Thrsp"
"Rgs3",-0.201316292671949,7.54261360594025,-3.51163862208338,0.000541069952924524,0.0376858956225504,-0.362178226490961,"Glutamatergic","Rgs3"
"Sprtn",-0.200921801688387,7.58753238387744,-3.206704513055,0.0015441507523031,0.047239083958869,-1.27044233438014,"Glutamatergic","Sprtn"
"Cdca4",-0.200187760037752,7.57441913382894,-3.22912362324654,0.00143317449578464,0.0465918473871831,-1.20958042836632,"Glutamatergic","Cdca4"
"S1pr5",-0.199949813576041,7.53071349308722,-3.40226383663286,0.000794858980710788,0.0416292663369128,-0.704972061151775,"Glutamatergic","S1pr5"
"Sncaip",-0.19887271265434,7.5236026077868,-3.38426238564258,0.00084603620403272,0.0416292663369128,-0.761512084639284,"Glutamatergic","Sncaip"
"Nup210",-0.197810145487307,7.60876752140648,-3.15969994214908,0.00180315598000762,0.049721067023189,-1.39965667193387,"Glutamatergic","Nup210"
"1700007F19Rik",-0.197413530889468,7.51324206414598,-3.64780049685978,0.000330837665956727,0.0325270466612352,0.0681582401875813,"Glutamatergic","1700007F19Rik"
"1700030J22Rik",-0.197186223474852,7.5239708980941,-3.87682013558329,0.000140026993513128,0.024373639723038,0.837122965104384,"Glutamatergic","1700030J22Rik"
"Acbd4",-0.197184571897563,7.66174284684448,-3.18411303997515,0.00166399715884541,0.0480201285354255,-1.31279451079384,"Glutamatergic","Acbd4"
"Myo1c",-0.196699788161904,7.51443604801377,-3.37301014883423,0.000879571526548868,0.0416292663369128,-0.797748151809373,"Glutamatergic","Myo1c"
"Dtx3l",-0.196694098164802,7.50668634524338,-3.48039794326874,0.000604479168407256,0.0382428007745717,-0.468374021407772,"Glutamatergic","Dtx3l"
"H2-T23",-0.196596783213345,7.5852091017076,-3.184661093582,0.00166099052547882,0.0480201285354255,-1.3349609886119,"Glutamatergic","H2-T23"
"Plpp1",-0.196381515303522,7.59066051565828,-3.53597368537111,0.000496059169772288,0.0364866164183178,-0.27436032096799,"Glutamatergic","Plpp1"
"1700020D05Rik",-0.195863053709071,7.51543915845007,-3.56940751633742,0.000439928192734963,0.035402293015589,-0.184854039938808,"Glutamatergic","1700020D05Rik"
"Ftsj3",-0.195329668349407,7.55712697209077,-3.37221211186975,0.000881996449935204,0.0416292663369128,-0.78936787357632,"Glutamatergic","Ftsj3"
"Rad51d",-0.194165962812443,7.50694065145603,-3.33101952808383,0.00101598341388299,0.0433648489470536,-0.927160393246442,"Glutamatergic","Rad51d"
"Smad5",-0.194054277410382,7.56820183041158,-3.48092390537942,0.000603356259898643,0.0382428007745717,-0.452314557379276,"Glutamatergic","Smad5"
"Igsf9",-0.193286086290225,7.5143101987777,-3.51996239744448,0.000525259668525614,0.0374405091725057,-0.342355126361752,"Glutamatergic","Igsf9"
"Nudt14",-0.191337598545308,7.51963027319373,-3.47402506861547,0.000618241535765443,0.0382428007745717,-0.48529342424741,"Glutamatergic","Nudt14"
"9430060I03Rik",-0.191141440721569,7.52097005500845,-3.41427857774355,0.000762327372439088,0.0416292663369128,-0.670142975730978,"Glutamatergic","9430060I03Rik"
"Kremen1",-0.190838582756271,7.52271271120144,-3.52080236496756,0.000523688532641509,0.0374405091725057,-0.337629036893253,"Glutamatergic","Kremen1"
"Tfap4",-0.190523245057632,7.50611345620336,-3.44316503808339,0.000689136364423945,0.0407648465196173,-0.58455521894146,"Glutamatergic","Tfap4"
"Afap1l1",-0.190499865068719,7.54393472694354,-3.17786696410179,0.00169862125323467,0.0483357681177152,-1.36746271323051,"Glutamatergic","Afap1l1"
"Snx18",-0.190427568161886,7.52288757587336,-3.47950534652562,0.000606389310409757,0.0382428007745717,-0.46737783530483,"Glutamatergic","Snx18"
"Klhl42",-0.190109442178859,7.54759409340942,-3.21891651786232,0.00148274927858531,0.0465918473871831,-1.24712296594387,"Glutamatergic","Klhl42"
"C1ra",-0.189800324728596,7.50522673269505,-3.32608441752416,0.00103325097717237,0.0436373335459497,-0.942448384686132,"Glutamatergic","C1ra"
"Maf",-0.189781362517624,7.52152274889304,-3.73338820702086,0.000241058474989951,0.0286824964984871,0.351484502761255,"Glutamatergic","Maf"
"Ccdc163",-0.189300628881753,7.50557974058177,-3.39301142202087,0.000820790478006797,0.0416292663369128,-0.739252137351894,"Glutamatergic","Ccdc163"
"Trp53",-0.187611308851418,7.62062195884018,-3.56297045792357,0.000450248360736693,0.035406124350735,-0.182950781786785,"Glutamatergic","Trp53"
"Sft2d2",-0.187590529795692,7.50520673709492,-3.41720606957228,0.000754591584160918,0.0416292663369128,-0.665026206992548,"Glutamatergic","Sft2d2"
"Hhatl",-0.187400843062522,7.51352514076655,-3.69376265392478,0.000279309095348777,0.0303956523915433,0.219012956894765,"Glutamatergic","Hhatl"
"Slc25a35",-0.187257866912513,7.50430665907715,-3.34882985628817,0.000955877982223997,0.0422486469828881,-0.874062919206627,"Glutamatergic","Slc25a35"
"Map3k6",-0.187106740686596,7.52138930467038,-3.64313645211096,0.000336539980372594,0.0328218864693655,0.054244124456619,"Glutamatergic","Map3k6"
"Taco1",-0.18688458661501,7.56779735608111,-3.30156698909092,0.00112316273619315,0.0446253689695613,-0.998466578696937,"Glutamatergic","Taco1"
"Kcnd1",-0.186561334966815,7.51317449993364,-3.3213937977317,0.00104991620414287,0.0436373335459497,-0.954197701326635,"Glutamatergic","Kcnd1"
"Zbtb5",-0.186560787678858,7.54602269278399,-3.53984108784306,0.000489238193691104,0.0363259358815644,-0.272307182024889,"Glutamatergic","Zbtb5"
"Galnt2",-0.186466831102912,7.57193820464987,-3.46470412277524,0.000638899812761952,0.0388589768095171,-0.501839639779787,"Glutamatergic","Galnt2"
"Cbx8",-0.186131914903765,7.50462781328745,-3.36999973360825,0.000888751674500573,0.0416292663369128,-0.809733280328591,"Glutamatergic","Cbx8"
"Six4",-0.186037550917037,7.50434663257931,-3.391006184089,0.000826513730987235,0.0416292663369128,-0.745693627111462,"Glutamatergic","Six4"
"Pmvk",-0.185842190862111,7.57135391906285,-3.1969163737034,0.00159505841341873,0.0474952514510366,-1.30403658381996,"Glutamatergic","Pmvk"
"Taf5",-0.1857380446163,7.51631005204877,-3.76879833760692,0.000211114959175541,0.0266341137876682,0.469129998803192,"Glutamatergic","Taf5"
"Dnmbp",-0.185600917802694,7.54943643590315,-3.25878989444312,0.00129768622861716,0.0462603553198239,-1.13042010545102,"Glutamatergic","Dnmbp"
"Rbm14",-0.185190520101205,7.53859784191459,-3.40113958569591,0.000797968521396842,0.0416292663369128,-0.705849267990614,"Glutamatergic","Rbm14"
"F8",-0.184828846703121,7.5155759166028,-3.29755246670363,0.001138561198104,0.0446253689695613,-1.02475631634202,"Glutamatergic","F8"
"Nkain4",-0.184382854775242,7.55639965650893,-3.56036014354591,0.000454497808374335,0.035406124350735,-0.20471512053822,"Glutamatergic","Nkain4"
"Fstl3",-0.183480850817219,7.5347806920863,-3.35626167725313,0.000931791887060094,0.0422486469828881,-0.844105369234381,"Glutamatergic","Fstl3"
"Etohd2",-0.182530976305853,7.51503607646195,-3.26020666716991,0.00129152354965803,0.0462603553198239,-1.13564188794828,"Glutamatergic","Etohd2"
"Neu2",-0.181218869403554,7.52059195796258,-3.43650489488539,0.000705403425475836,0.0412140624327193,-0.602201529493457,"Glutamatergic","Neu2"
"Map3k3",-0.180479142394959,7.56205925394687,-3.4968410430104,0.000570284248929251,0.0378858244078597,-0.404030814238504,"Glutamatergic","Map3k3"
"Esrrg",-0.180373160657846,7.52718033206865,-3.8873220156788,0.000134483847198247,0.024373639723038,0.873644252461801,"Glutamatergic","Esrrg"
"Gm17501",-0.180018880792923,7.53370470534417,-3.32395627843217,0.00104078122671518,0.0436373335459497,-0.941670259821797,"Glutamatergic","Gm17501"
"AI606181",-0.179845812828765,7.50129555484395,-3.37027158924087,0.00088791900216068,0.0416292663369128,-0.809772623093228,"Glutamatergic","AI606181"
"Gm30025",-0.179475079737469,7.51384657471333,-3.22456576153447,0.00145511831793296,0.0465918473871831,-1.24070131474694,"Glutamatergic","Gm30025"
"Nrm",-0.178599879346667,7.51438667948478,-3.3872721655639,0.000837270646082855,0.0416292663369128,-0.754840745454492,"Glutamatergic","Nrm"
"Tle3",-0.178376194774679,7.52038491210631,-3.1794932052426,0.0016895427711158,0.0483357681177152,-1.36976319842454,"Glutamatergic","Tle3"
"Melk",-0.17768711664008,7.49692991921926,-3.19931641436583,0.00158243392536634,0.047475119342794,-1.31945198736572,"Glutamatergic","Melk"
"Tsacc",-0.177604053174994,7.52686169738735,-3.22105976657415,0.00147220964469078,0.0465918473871831,-1.24680403455034,"Glutamatergic","Tsacc"
"9230116L04Rik",-0.177476910695523,7.51445209885676,-3.1684905427338,0.00175185222285162,0.0490656292514199,-1.40308396924493,"Glutamatergic","9230116L04Rik"
"2310074N15Rik",-0.176320816926087,7.51362430300084,-3.23214816100574,0.00141878282257815,0.0465918473871831,-1.2185775288109,"Glutamatergic","2310074N15Rik"
"Tceanc",-0.17606775594848,7.49652559478245,-3.22428292221617,0.00145649026960976,0.0465918473871831,-1.24675832585216,"Glutamatergic","Tceanc"
"Pcdhb21",-0.176033399647312,7.51987499207467,-3.66318422749019,0.000312667974713462,0.0316127279965611,0.11947426129648,"Glutamatergic","Pcdhb21"
"Fam20a",-0.175969343147776,7.55421988154167,-3.30238095320861,0.00112006435547425,0.0446253689695613,-1.00003360859007,"Glutamatergic","Fam20a"
"Prr5l",-0.175892008542643,7.49648170115079,-3.24046008611813,0.00137992014834919,0.0465918473871831,-1.19932386996449,"Glutamatergic","Prr5l"
"B630019A10Rik",-0.17573780381328,7.49644318459122,-3.22420401240776,0.00145687324677736,0.0465918473871831,-1.24701115615049,"Glutamatergic","B630019A10Rik"
"Efna1",-0.175200501854897,7.51399336348662,-3.23987086888816,0.0013826421626294,0.0465918473871831,-1.19578528751595,"Glutamatergic","Efna1"
"Hyal2",-0.175033857621712,7.51488033249393,-3.56655114708913,0.000444479901947359,0.035402293015589,-0.194088636264218,"Glutamatergic","Hyal2"
"9030612E09Rik",-0.17495858706782,7.49624850807339,-3.25731948650605,0.00130411109974514,0.0462603553198239,-1.14970928975053,"Glutamatergic","9030612E09Rik"
"Slc10a7",-0.173895451699393,7.53797998633996,-3.49035098518359,0.000583558362782846,0.0381615046781296,-0.430483600345206,"Glutamatergic","Slc10a7"
"Tmem232",-0.172793434546602,7.528239673167,-3.22733224753732,0.00144176217858519,0.0465918473871831,-1.22795341735354,"Glutamatergic","Tmem232"
"Gm47760",-0.172480314418821,7.51286912474674,-3.21919443213777,0.0014813786690218,0.0465918473871831,-1.256636915464,"Glutamatergic","Gm47760"
"Slc22a21",-0.172361491686103,7.49559910104202,-3.2779976341374,0.00121641680692222,0.0453705400035905,-1.08863139479004,"Glutamatergic","Slc22a21"
"Spag4",-0.172246270914103,7.50556109404455,-3.33337622508872,0.00100783274057926,0.0432760950292104,-0.920409626469456,"Glutamatergic","Spag4"
"Sp1",-0.171941546977161,7.54035398065203,-3.3007299159545,0.00112635740223749,0.0446253689695613,-1.00885981391008,"Glutamatergic","Sp1"
"Kbtbd8",-0.171889639286913,7.5296334189453,-3.53113377028783,0.0005047211771828,0.0365243913802944,-0.303785734494633,"Glutamatergic","Kbtbd8"
"Rdh11",-0.171722212033029,7.55297742906992,-3.49773161398496,0.000568485011559834,0.0378858244078597,-0.403532633382974,"Glutamatergic","Rdh11"
"Wdsub1",-0.171614272468527,7.52872630838651,-3.24362962932773,0.00136536295386718,0.0465660628476808,-1.18005474172249,"Glutamatergic","Wdsub1"
"Ptgr2",-0.171562663935473,7.55563516517425,-3.42540043797306,0.000733326730124307,0.0416292663369128,-0.627396494632047,"Glutamatergic","Ptgr2"
"Nkapl",-0.171529322782956,7.51375054323787,-3.51699706576265,0.000530841678683638,0.0375511268773656,-0.351829635376316,"Glutamatergic","Nkapl"
"Artn",-0.171203578207785,7.49530940790906,-3.34751585552266,0.000960196522338366,0.0422486469828881,-0.880236107306174,"Glutamatergic","Artn"
"Slc5a5",-0.171061554883128,7.53234134501313,-3.3593530762729,0.000921940571873476,0.0419910057272469,-0.8354719326406,"Glutamatergic","Slc5a5"
"Cenpk",-0.170938331851779,7.52989251666571,-3.40913763077444,0.00077609182663967,0.0416292663369128,-0.684209662469446,"Glutamatergic","Cenpk"
"Lipo3",-0.170881496999102,7.52678027525146,-3.24631151295104,0.0013531570284977,0.0464833893934054,-1.17266105618082,"Glutamatergic","Lipo3"
"Zfp518b",-0.170246424676966,7.54184675464728,-3.27811104908596,0.00121595131595151,0.0453705400035905,-1.07497562034487,"Glutamatergic","Zfp518b"
"Fkbp1b",-0.170093546529371,7.57564727026161,-3.89323347718829,0.000131455864479134,0.024373639723038,0.90009621656616,"Glutamatergic","Fkbp1b"
"Zfp746",-0.170010231328543,7.52812430825704,-3.54987893490497,0.000471942994174788,0.0359787129676779,-0.244505978705879,"Glutamatergic","Zfp746"
"Pigl",-0.169851205730776,7.54484977071941,-3.48323945143225,0.000598435866195788,0.0382428007745717,-0.450755943059751,"Glutamatergic","Pigl"
"Il17re",-0.169283282424963,7.52268690791132,-3.2192317152273,0.00148119488680915,0.0465918473871831,-1.25409153131983,"Glutamatergic","Il17re"
"Rcsd1",-0.167206098050802,7.51144524472674,-3.54107787668515,0.000487075508119007,0.0363259358815644,-0.275935661355913,"Glutamatergic","Rcsd1"
"Ccdc171",-0.167187774394313,7.54497616187181,-3.27935871444625,0.00121084142505832,0.0453705400035905,-1.07107903825615,"Glutamatergic","Ccdc171"
"Gpam",-0.167082269310625,7.50594254269541,-3.29494892032797,0.00114865238778732,0.0446253689695613,-1.0355109906518,"Glutamatergic","Gpam"
"Man2b2",-0.166858483682556,7.49496874165733,-3.34753772347973,0.000960124503382094,0.0422486469828881,-0.880254388514223,"Glutamatergic","Man2b2"
"Rarg",-0.16679001251312,7.52625799410611,-3.4950363310145,0.000573946727439812,0.0378858244078597,-0.418273799482066,"Glutamatergic","Rarg"
"Gm26905",-0.166493239369253,7.50395105560694,-3.46050934514345,0.00064840621687032,0.0390028650957944,-0.531130883546795,"Glutamatergic","Gm26905"
"Nfkbia",-0.165877046400936,7.53635679364384,-3.16963870792265,0.00174525198317956,0.0489769926618265,-1.39429267360267,"Glutamatergic","Nfkbia"
"Gpat3",-0.16576914695912,7.51841835720008,-3.39314575215088,0.000820408405594477,0.0416292663369128,-0.735586581951545,"Glutamatergic","Gpat3"
"Nbeal2",-0.165325029171409,7.50929212132407,-3.35184948651055,0.000946022340275004,0.0422486469828881,-0.863697763056981,"Glutamatergic","Nbeal2"
"Gtpbp3",-0.165094681921082,7.51650087540384,-3.42491491443748,0.000734570906908517,0.0416292663369128,-0.63838479216891,"Glutamatergic","Gtpbp3"
"Cracr2a",-0.165049169198313,7.51513898651705,-3.2451220748146,0.00135855789928163,0.0465567341638437,-1.18009994803813,"Glutamatergic","Cracr2a"
"Mcrip2",-0.164734233559188,7.5286173320598,-3.3789865221608,0.000861608499939636,0.0416292663369128,-0.776550541149379,"Glutamatergic","Mcrip2"
"Cwh43",-0.163940692611649,7.52279141090292,-3.25527983636688,0.00131307219242939,0.0462603553198239,-1.14850923915506,"Glutamatergic","Cwh43"
"Zfp324",-0.162949035770905,7.51019409617628,-3.45906975231879,0.000651699104998482,0.0390362287431024,-0.534231271436601,"Glutamatergic","Zfp324"
"St8sia2",-0.162700870742936,7.50974873394789,-3.47644617131148,0.000612978890545595,0.0382428007745717,-0.480092347552162,"Glutamatergic","St8sia2"
"Lima1",-0.16267486089995,7.52258425454046,-3.30006833472606,0.00112888829052547,0.0446253689695613,-1.0156257071155,"Glutamatergic","Lima1"
"Fgf9",-0.162499273229536,7.530016851967,-3.26514199991697,0.00127026759708178,0.0458330639797021,-1.11756211814669,"Glutamatergic","Fgf9"
"Acy1",-0.161999613603513,7.50430334658344,-3.24828664300702,0.00134423260621079,0.0463530772627029,-1.17423032161918,"Glutamatergic","Acy1"
"Nkain1",-0.161571859872923,7.50455555403176,-3.17711026768781,0.00170286088971812,0.0483357681177152,-1.38165342245174,"Glutamatergic","Nkain1"
"Timp3",-0.161259288872449,7.52725133942459,-3.8110247651464,0.000180002981085878,0.0251166984651685,0.612963508028176,"Glutamatergic","Timp3"
"Amigo2",-0.161093098576644,7.50742838275387,-3.31088215171111,0.0010881763789588,0.043946295916251,-0.987513693661947,"Glutamatergic","Amigo2"
"Helb",-0.161083613677026,7.5027304685277,-3.24999562573416,0.00133655489385633,0.0463335827495891,-1.16964610209923,"Glutamatergic","Helb"
"Brms1",-0.160858591597249,7.52662833097004,-3.25093569739004,0.00133234894964972,0.0463335827495891,-1.16034463757829,"Glutamatergic","Brms1"
"Tox2",-0.160629195054848,7.52484955840106,-3.42592201800948,0.000731992352872496,0.0416292663369128,-0.633561618620799,"Glutamatergic","Tox2"
"Ifih1",-0.160463741816621,7.50455062345562,-3.23538080665094,0.0014035493013886,0.0465918473871831,-1.21209308277665,"Glutamatergic","Ifih1"
"Pde9a",-0.159981501477649,7.52015906162722,-3.20788951555948,0.00153809090658194,0.0471548902456604,-1.28783201260497,"Glutamatergic","Pde9a"
"9330158H04Rik",-0.159909830595454,7.50428633254608,-3.22605821943414,0.00144789878047347,0.0465918473871831,-1.23948305150699,"Glutamatergic","9330158H04Rik"
"2010015M23Rik",-0.159817473738777,7.50333371270886,-3.21771388315597,0.00148869396955531,0.0465918473871831,-1.26414818556173,"Glutamatergic","2010015M23Rik"
"Mageb16",-0.159740537209121,7.50408396347793,-3.27474170077829,0.00122985107347647,0.0453705400035905,-1.09610902720702,"Glutamatergic","Mageb16"
"Mospd3",-0.159332099331401,7.52591754770229,-3.78475556638628,0.000198803308481679,0.0257649087792255,0.524065682404206,"Glutamatergic","Mospd3"
"Gm14286",-0.159146314129819,7.50337349120057,-3.38484560870273,0.000844330983719313,0.0416292663369128,-0.764779484049935,"Glutamatergic","Gm14286"
"Pwp1",-0.158584605053875,7.6034905553784,-3.31413718565598,0.00107619214676415,0.0439125105199195,-0.95040590674624,"Glutamatergic","Pwp1"
"Nudt22",-0.158528953677253,7.51021091220884,-3.51119768790309,0.000541919795357943,0.0376858956225504,-0.370815703939235,"Glutamatergic","Nudt22"
"Cfap70",-0.158171434536908,7.51890401390379,-3.63010703361978,0.000352964459097448,0.0330966340553713,0.0114458275731018,"Glutamatergic","Cfap70"
"Gm15859",-0.157556573833316,7.50354912838255,-3.36239724687519,0.00091233478595379,0.0419910057272469,-0.833124579731119,"Glutamatergic","Gm15859"
"Mis18a",-0.156378088179999,7.5042959264,-3.37133643952589,0.000884664456597896,0.0416292663369128,-0.805748194785821,"Glutamatergic","Mis18a"
"Tbx22",-0.155606251257216,7.50305593544933,-3.35940453956946,0.000921777399866595,0.0419910057272469,-0.842341415569956,"Glutamatergic","Tbx22"
"Slc13a5",-0.155543471972539,7.49521110275459,-3.21259131676332,0.00151426360626549,0.0468537872024726,-1.28127083322752,"Glutamatergic","Slc13a5"
"Lipg",-0.155091481604601,7.49971478099889,-3.35330696689625,0.000941299321258742,0.0422486469828881,-0.861654680470807,"Glutamatergic","Lipg"
"Dtwd2",-0.155020252688408,7.50333298087702,-3.36193638592518,0.00091378299484289,0.0419910057272469,-0.834581110692674,"Glutamatergic","Dtwd2"
"Rnf113a1",-0.154850036436737,7.5007707751676,-3.34122574791062,0.000981122495603534,0.0429045469243067,-0.897974952137065,"Glutamatergic","Rnf113a1"
"B3galt4",-0.15437663191644,7.50197200816515,-3.27834525315499,0.00121499059229209,0.0453705400035905,-1.08601198336149,"Glutamatergic","B3galt4"
"Pus7l",-0.153825857346746,7.50208480816128,-3.22013594182723,0.00147674409023434,0.0465918473871831,-1.25744548302437,"Glutamatergic","Pus7l"
"Bok",-0.153711913606585,7.52336589006276,-3.70819303537091,0.000264760318988388,0.030097582783719,0.268132437210344,"Glutamatergic","Bok"
"Vegfc",-0.153341043852335,7.49527569948213,-3.21064807027052,0.00152406957639951,0.0469302234839331,-1.28691986656263,"Glutamatergic","Vegfc"
"Slx4",-0.152755264619455,7.55208632454436,-3.22614086855211,0.00144749995099721,0.0465918473871831,-1.2250830268663,"Glutamatergic","Slx4"
"Vrk2",-0.152685859673811,7.52007035265592,-3.62837502248651,0.000355203774584161,0.0330966340553713,0.00601941842513387,"Glutamatergic","Vrk2"
"Zfp965",-0.151933516949069,7.51852370882785,-3.22563790664726,0.00144992860965089,0.0465918473871831,-1.23643899792841,"Glutamatergic","Zfp965"
"Fezf2",-0.151896533389708,7.57869414461985,-3.38830821950158,0.000834272961150901,0.0416292663369128,-0.73473981275066,"Glutamatergic","Fezf2"
"Polr1b",-0.151508391954729,7.50025623049983,-3.31302104674201,0.00108028757759013,0.0439125105199195,-0.982973782251874,"Glutamatergic","Polr1b"
"Marveld2",-0.151037371387715,7.50121551958402,-3.23167547801558,0.00142102311246283,0.0465918473871831,-1.22392341357075,"Glutamatergic","Marveld2"
"Zfp319",-0.151033960352894,7.51307207611686,-3.17791139420951,0.00169837262328138,0.0483357681177152,-1.3765976735755,"Glutamatergic","Zfp319"
"Kazald1",-0.150994157375318,7.50094377032271,-3.28417832039776,0.00119128943169151,0.0452849700352098,-1.06894725024156,"Glutamatergic","Kazald1"
"Gm45606",-0.150977800968716,7.50314059079192,-3.35452040895191,0.000937383905466755,0.0422486469828881,-0.857133371019593,"Glutamatergic","Gm45606"
"Gpr3",-0.150739650773501,7.51687886397425,-3.5836942400492,0.000417812038284286,0.0348323299285425,-0.13880704603513,"Glutamatergic","Gpr3"
"D830030K20Rik",-0.150666542985104,7.52662530374421,-3.35313360198031,0.000941859961961771,0.0422486469828881,-0.855433186794383,"Glutamatergic","D830030K20Rik"
"Slc8b1",-0.150628542676061,7.49515729100207,-3.20390178312576,0.00155857151495124,0.047475119342794,-1.30660125421096,"Glutamatergic","Slc8b1"
"Mcm8",-0.150551874747836,7.52818963006859,-3.28711726686784,0.00117951139582788,0.0452849700352098,-1.0529031110274,"Glutamatergic","Mcm8"
"Tmco4",-0.149614556855757,7.49498931394747,-3.19613914096142,0.00159916671552312,0.0474952514510366,-1.32921075623285,"Glutamatergic","Tmco4"
"Agmat",-0.149388434518506,7.50335035286803,-3.33577659487111,0.000999593705009356,0.0431824480564042,-0.913750543754383,"Glutamatergic","Agmat"
"C2cd4b",-0.149261426188473,7.51108883181894,-3.46380362726715,0.000640929488206581,0.0388589768095171,-0.519297765680513,"Glutamatergic","C2cd4b"
"3110045C21Rik",-0.149079781877234,7.49469649617838,-3.19827813780845,0.0015878839681502,0.047475119342794,-1.32308018258484,"Glutamatergic","3110045C21Rik"
"D17H6S53E",-0.149048047233209,7.49964511795759,-3.21062648389797,0.00152417883509126,0.0469302234839331,-1.28583516395548,"Glutamatergic","D17H6S53E"
"1110012L19Rik",-0.148982374996384,7.4965150476792,-3.1760478212268,0.00170883013062174,0.0483357681177152,-1.3869538475972,"Glutamatergic","1110012L19Rik"
"Hilpda",-0.148058154619128,7.49514142051252,-3.20123380401346,0.0015724148614892,0.047475119342794,-1.31436594812578,"Glutamatergic","Hilpda"
"Tppp3",-0.145089605654703,7.52695440886218,-3.41886536918675,0.00075023959891099,0.0416292663369128,-0.654916950880343,"Glutamatergic","Tppp3"
"Ces5a",-0.144888573743195,7.49443696263274,-3.17756327902752,0.00170032157138153,0.0483357681177152,-1.38315906315689,"Glutamatergic","Ces5a"
"Fam118a",-0.144091014546697,7.50166906387241,-3.30612981246144,0.00110589664558973,0.0445357699986645,-1.00327754271866,"Glutamatergic","Fam118a"
"Pcdhb9",-0.143109475470462,7.50327949222446,-3.31178374975636,0.00108484453266648,0.0439362035729922,-0.98589728408849,"Glutamatergic","Pcdhb9"
"Cox6a2",-0.142733960320717,7.50992672413123,-3.22901081906253,0.00143371386441197,0.0465918473871831,-1.22899127479007,"Glutamatergic","Cox6a2"
"Fbxo30",-0.142216231469146,7.51673403216927,-3.54527742164132,0.00047979886331631,0.0361905428330017,-0.261639378695905,"Glutamatergic","Fbxo30"
"Pcx",-0.141997984779465,7.51693229970634,-3.55829338922427,0.000457889069864058,0.0354764488042501,-0.220128606157763,"Glutamatergic","Pcx"
"Hsd17b7",-0.140822046424098,7.52917522522288,-3.19909363595911,0.00158360185371506,0.047475119342794,-1.31096068804951,"Glutamatergic","Hsd17b7"
"Zfp966",-0.140164309521705,7.51128542314187,-3.41052269490261,0.000772360746921627,0.0416292663369128,-0.684224924543736,"Glutamatergic","Zfp966"
"Gm49355",-0.139723226771464,7.50756861115165,-3.38738200819564,0.000836952354892388,0.0416292663369128,-0.755999587263958,"Glutamatergic","Gm49355"
"Uchl1os",-0.139500669610783,7.50340567692362,-3.28341044299589,0.00119438473156838,0.0452849700352098,-1.07055380349724,"Glutamatergic","Uchl1os"
"Maneal",-0.138643666900347,7.552900704744,-3.25724432986083,0.00130444028549593,0.0462603553198239,-1.13382217344594,"Glutamatergic","Maneal"
"Mdc1",-0.138531243295547,7.50763510198147,-3.3693201231494,0.000890836457083858,0.0416292663369128,-0.811064218171327,"Glutamatergic","Mdc1"
"Kctd15",-0.13761500854369,7.50412113955645,-3.26447044712616,0.00127314066610284,0.0458330639797021,-1.12652129765135,"Glutamatergic","Kctd15"
"Gm2897",-0.136686876023231,7.50346030061946,-3.25679056922695,0.00130642939584574,0.0462603553198239,-1.14939847648908,"Glutamatergic","Gm2897"
"1700013F07Rik",-0.135787464173037,7.50192963036511,-3.2494401905473,0.00133904574164076,0.0463335827495891,-1.17151696447599,"Glutamatergic","1700013F07Rik"
"Ogg1",-0.13563762886536,7.53133058293144,-3.1646613736769,0.00177403164465023,0.0493126677247708,-1.40897299280373,"Glutamatergic","Ogg1"
"Uap1l1",-0.135620798955162,7.51345946062311,-3.47542631547006,0.000615190569659346,0.0382428007745717,-0.482541846299998,"Glutamatergic","Uap1l1"
"Gm15351",-0.134627808024094,7.51447247521006,-3.49499658156208,0.000574027642543329,0.0378858244078597,-0.421014219861854,"Glutamatergic","Gm15351"
"Gm28800",-0.133700914458069,7.50262309199478,-3.2304684979011,0.00142675852323353,0.0465918473871831,-1.22705191097005,"Glutamatergic","Gm28800"
"Hexim2",-0.133506105321884,7.5009650758227,-3.20913966685574,0.00153172181411183,0.0470608322887462,-1.28983986275481,"Glutamatergic","Hexim2"
"Acadl",-0.131723257705417,7.49803404523633,-3.18484744178643,0.00165996936246628,0.0480201285354255,-1.36111141229494,"Glutamatergic","Acadl"
"Ptger3",-0.131297645752212,7.51724741733858,-3.19304974719721,0.0016155938130249,0.0476503142421941,-1.33165396556803,"Glutamatergic","Ptger3"
"Stac2",-0.131033143521932,7.50440942619913,-3.22583646087058,0.00144896939690196,0.0465918473871831,-1.24009706833971,"Glutamatergic","Stac2"
"6330418K02Rik",-0.130542109020332,7.5005684470292,-3.19621991431918,0.00159873930695154,0.0474952514510366,-1.32750557957264,"Glutamatergic","6330418K02Rik"
"Gm29675",-0.129557283338677,7.49944758998825,-3.18220162799368,0.00167452270352245,0.0481290235109193,-1.36839729243907,"Glutamatergic","Gm29675"
"Acvr2b",-0.129307231093343,7.50164032202036,-3.19251945423138,0.00161842919243767,0.0476503142421941,-1.33796090161868,"Glutamatergic","Acvr2b"
"Mapkapk3",-0.129062464267765,7.50167281249921,-3.18808838693159,0.00164230218040552,0.0477809385384921,-1.35078939268182,"Glutamatergic","Mapkapk3"
"Nudt12",-0.126213421395085,7.5198577589079,-3.21242051141395,0.00151512316921576,0.0468537872024726,-1.27471552933164,"Glutamatergic","Nudt12"
"Frat1",-0.125941637432652,7.50057217268062,-3.16459952044318,0.00177439203642503,0.0493126677247708,-1.41887059414308,"Glutamatergic","Frat1"
"Lars21",1.23779301396313,9.25568825681587,4.31476816681306,5.4284976941502e-05,0.0426666584946498,0.726860159330466,"GABAergic","Lars21"
"C130073E24Rik1",1.17550816993329,8.31273188384194,5.06682551280426,3.44849189090708e-06,0.0162667305633906,3.56020142321827,"GABAergic","C130073E24Rik1"
"Pbx31",1.04525643702756,7.9124094484991,4.67920133204403,1.46191725624099e-05,0.0336844031596661,2.91072480221376,"GABAergic","Pbx31"
"Scyl21",-1.0153265010033,7.94180225047464,-4.45718025620633,3.26996534949833e-05,0.0346387960817828,2.22078068410124,"GABAergic","Scyl21"
"Pvalb1",-1.00599872441092,8.32276609202877,-5.22549693327834,1.88510076686874e-06,0.0162667305633906,4.24399627840609,"GABAergic","Pvalb1"
"Ypel11",0.998621597899437,7.84035438741032,5.01180380486043,4.24497144138586e-06,0.0162667305633906,4.06148779542669,"GABAergic","Ypel11"
"Maf2",-0.98960381254196,8.58213592827727,-4.30648661260351,5.58955083975851e-05,0.0426666584946498,1.34236105050207,"GABAergic","Maf2"
"Baiap21",0.985073542826021,7.9140559471388,4.58514364761658,2.0604315087036e-05,0.0338381723200809,2.57765540079655,"GABAergic","Baiap21"
"Meis21",0.979392621533988,8.02859541494952,4.29353553852582,5.85072953069702e-05,0.0426666584946498,1.50443388259034,"GABAergic","Meis21"
"4930570G19Rik1",0.914814654723283,7.8130345504279,4.62874651343933,1.75805862002433e-05,0.0336844031596661,2.79009414222731,"GABAergic","4930570G19Rik1"
"Glmp1",0.898382479736635,7.9753318594171,4.17306256415522,8.91879211508926e-05,0.0434917759135605,1.30453278586695,"GABAergic","Glmp1"
"Ppp2r5a1",0.888049520724774,7.81419711206813,4.62916873137871,1.75535328429489e-05,0.0336844031596661,2.79113014702864,"GABAergic","Ppp2r5a1"
"Dph31",-0.887989594599493,8.03241912432383,-4.08779678075997,0.000119764887981255,0.0470045574833243,1.03737285420772,"GABAergic","Dph31"
"Vwc21",-0.871479113887558,8.0349874390941,-4.18087313848244,8.67986599475718e-05,0.0434917759135605,1.31404641008876,"GABAergic","Vwc21"
"Tex2611",0.870584313825804,7.8063803485373,4.45341332075707,3.31442899181986e-05,0.0346387960817828,2.21577866891009,"GABAergic","Tex2611"
"Hap11",0.869198011054422,8.00401708861328,4.37967361561777,4.31287088721298e-05,0.0413173030995003,1.78119493450027,"GABAergic","Hap11"
"Palm21",0.854164477289748,7.80868086235347,4.49740603439935,2.82986324088564e-05,0.0346387960817828,2.35906198237733,"GABAergic","Palm21"
"Pcbp31",0.8191723216704,7.97788435433054,4.09492975928089,0.000116861248480101,0.0470045574833243,1.01599695244047,"GABAergic","Pcbp31"
"Kctd41",0.818973696267204,7.86263117594566,4.50436897597342,2.75976930538237e-05,0.0346387960817828,2.3667798258356,"GABAergic","Kctd41"
"Col11a11",-0.810538804791857,7.95083923313213,-4.20583263362068,7.95709091096682e-05,0.0434917759135605,1.42181164170888,"GABAergic","Col11a11"
"Zdhhc71",0.807930149158216,7.82716641597906,4.18283503970969,8.62082985661293e-05,0.0434917759135605,1.35081116112649,"GABAergic","Zdhhc71"
"Cpa61",0.790468404270708,7.78273569341025,4.18349196803639,8.60114886622013e-05,0.0434917759135605,1.34598854747564,"GABAergic","Cpa61"
"Setdb21",0.772709240680808,7.77820969168028,4.1194598160534,0.000107384899849257,0.0457221040247058,1.14282642492371,"GABAergic","Setdb21"
"Igfbp51",0.772247352635125,7.82025571052553,4.16791542385984,9.07970269594166e-05,0.0434917759135605,1.30536141179595,"GABAergic","Igfbp51"
"Trpm31",0.747348483085844,7.7771347300621,4.03547077064249,0.00014329552284629,0.0499189494133622,0.880293560804705,"GABAergic","Trpm31"
"Egr31",0.745813416265499,7.81216679282508,4.2893184294194,5.93829624142655e-05,0.0426666584946498,1.68768515299343,"GABAergic","Egr31"
"Fam19a11",0.743750655157426,7.84480808611461,4.22677279796744,7.39589909569366e-05,0.0434917759135605,1.4894703189521,"GABAergic","Fam19a11"
"Rnf42",0.742305295283669,7.87479256914812,4.13612787017086,0.000101373493940775,0.0457221040247058,1.20669305524694,"GABAergic","Rnf42"
"Jak21",0.730238189995573,7.80414495144031,4.1286328231078,0.000104035309571355,0.0457221040247058,1.17960932235831,"GABAergic","Jak21"
"Zbtb13",0.727519104082721,7.87352300277523,4.08084112821193,0.000122663250217443,0.0470045574833243,1.03683988455326,"GABAergic","Zbtb13"
"Ormdl31",0.719879086890865,7.84027545760514,4.19000460066238,8.40836983960129e-05,0.0434917759135605,1.37481194418493,"GABAergic","Ormdl31"
"Gabra51",0.71133328119387,7.86318580113634,4.04835767974463,0.000137117859206757,0.0492595909200274,0.937461933955629,"GABAergic","Gabra51"
"mt-Nd4l1",0.688667677141162,7.95300096179555,4.05135521074874,0.000135718129900365,0.0492595909200274,0.93389251281469,"GABAergic","mt-Nd4l1"
"Apod2",2.4965211169325,8.12052629337151,5.71950622107661,1.39402755607771e-05,0.00307820238073301,3.06195715725329,"Non-neuronal","Apod2"
"Gabrg22",-1.91683616791949,8.6035675327035,-4.30862882767558,0.000348119533849152,0.00431212174532981,-3.97568394631877,"Non-neuronal","Gabrg22"
"Cldn111",1.85731603984268,8.10075394771177,3.37660455266643,0.00302765666478345,0.0119617264987347,-1.66316888741191,"Non-neuronal","Cldn111"
"Nap1l12",1.81783329449133,8.12929794953377,5.64220375909935,1.65495394399123e-05,0.00307820238073301,2.58291057324065,"Non-neuronal","Nap1l12"
"Vdac32",1.74914993763363,8.12055632334416,4.74031806172759,0.000128026783322263,0.00307820238073301,1.1588834120404,"Non-neuronal","Vdac32"
"Tle42",-1.73170076288278,8.98741630852006,-3.24414377208702,0.00409984330631371,0.0135858980350087,-4.23693916749848,"Non-neuronal","Tle42"
"Ppp1r23",1.71773114729573,8.12234174786678,4.72328499822453,0.000133156483858428,0.00307820238073301,1.09756424502241,"Non-neuronal","Ppp1r23"
"Tmsb102",-1.71659372617882,8.61731262285864,-2.94829355450119,0.00799989982713453,0.0243732105064609,-4.22274565035221,"Non-neuronal","Tmsb102"
"Cnp1",1.70570400309937,8.09338521346972,2.98097970532785,0.0074355307459714,0.0227057217036326,-2.49397459070805,"Non-neuronal","Cnp1"
"Anln2",1.65844549379495,8.08392280626129,2.96750019400015,0.00766345983094103,0.0233754202192371,-2.52124009399365,"Non-neuronal","Anln2"
"Ppp1r212",1.64408505763709,8.12672585501771,4.63058476724687,0.00016494971982145,0.00316582904288603,0.83043864841412,"Non-neuronal","Ppp1r212"
"Mtf12",1.63476810411926,8.07918196764986,3.01982074297478,0.0068147478142171,0.0208727309746446,-2.41529748514761,"Non-neuronal","Mtf12"
"Frg12",1.63059521887714,8.07834606320939,3.02205805986511,0.0067805578534985,0.0207914957173804,-2.41075522318203,"Non-neuronal","Frg12"
"Exosc42",1.61759569964122,8.12733908524526,4.61839493310603,0.000169666236692221,0.00316902868336938,0.792989638254281,"Non-neuronal","Exosc42"
"Bpgm2",1.59602092917557,8.07140832201149,3.00704887457537,0.00701313643228101,0.0214480695024835,-2.44123909689278,"Non-neuronal","Bpgm2"
"Fam171b2",1.59527613592476,9.29693807539811,4.22299560772525,0.000424874691824762,0.00505315148829596,-3.37885825410957,"Non-neuronal","Fam171b2"
"Endod12",1.59527528941398,8.07125874902694,3.00330243851654,0.00707238137663822,0.0216130061979534,-2.44883649760436,"Non-neuronal","Endod12"
"Xylt12",1.56710349977663,8.06560731861318,3.04882503218818,0.00638416040109549,0.019679857848773,-2.35633012110106,"Non-neuronal","Xylt12"
"Fkbp32",-1.56709370940473,8.64395180051403,-2.82361683798427,0.0105551412010513,0.0296396526304977,-4.24600771677052,"Non-neuronal","Fkbp32"
"Abca32",1.56702143258963,8.06559085559569,3.04885556194304,0.00638372134435947,0.019679857848773,-2.35626796336889,"Non-neuronal","Abca32"
"Mum12",1.56392354825898,8.06496940197581,3.0498604321979,0.00636928633033391,0.0196488981028693,-2.35422217256934,"Non-neuronal","Mum12"
"Os92",1.56025671084262,8.06423379993825,3.0510752194336,0.00635187802393665,0.0196026281201535,-2.35174869041533,"Non-neuronal","Os92"
"Auts22",1.55361421763194,9.0512647307491,3.8052340027653,0.00112359178009209,0.0110635601566639,-3.15764649700388,"Non-neuronal","Auts22"
"Gal3st1",1.54986488543509,8.06214904535578,3.03371090641427,0.00660514672274015,0.0202612626657206,-2.38710783869728,"Non-neuronal","Gal3st1"
"Acaa1a2",1.54474468702127,8.06112190584936,3.03541258599335,0.00657990126528432,0.0202144024966794,-2.38364885485491,"Non-neuronal","Acaa1a2"
"Fmnl22",1.54069418174262,8.06030935816652,3.06755592730988,0.00612020744543615,0.0189091863154664,-2.31814493418397,"Non-neuronal","Fmnl22"
"Clcn62",1.53965060428067,8.0601000094202,3.03696254124015,0.00655698796356299,0.0201820268950378,-2.38049797566482,"Non-neuronal","Clcn62"
"Nedd91",1.53948773662528,8.06006733695184,3.06715416013986,0.00612575654227997,0.0189191455852117,-2.3189657027629,"Non-neuronal","Nedd91"
"Wapl2",1.53826766955316,8.05982258145913,3.06832460939284,0.00610960418769553,0.0188835980497352,-2.31657702632124,"Non-neuronal","Wapl2"
"Gtf2h32",1.53659417658783,8.05948686234812,3.02041870216369,0.00680559371265671,0.0208546726819171,-2.41413369109377,"Non-neuronal","Gtf2h32"
"St182",1.52628054786487,8.05741777913846,3.03490745094381,0.00658738549707402,0.0202144024966794,-2.38468655110516,"Non-neuronal","St182"
"Fa2h1",1.52627481840472,8.05741662968201,3.03490931308453,0.00658735789192676,0.0202144024966794,-2.38468276592067,"Non-neuronal","Fa2h1"
"P3h42",1.52583601952316,8.05732859681112,3.03505197540066,0.00658524333912013,0.0202144024966794,-2.3843927730831,"Non-neuronal","P3h42"
"Dnajb22",1.52503270316362,8.05716743302614,3.03531339342775,0.00658137028275517,0.0202144024966794,-2.38386137110168,"Non-neuronal","Dnajb22"
"Arrdc32",1.52483558754198,8.05712788697764,3.03537758771138,0.00658041954501076,0.0202144024966794,-2.38373087673733,"Non-neuronal","Arrdc32"
"Dmac22",1.52395955545198,8.14922598509778,4.47641331191692,0.000235747965055648,0.00355162127454769,-0.227604906733352,"Non-neuronal","Dmac22"
"Tprn1",1.52383069565304,8.05692628126274,3.03570514483622,0.00657557038770292,0.0202144024966794,-2.38306500315248,"Non-neuronal","Tprn1"
"Pcbp42",1.523804929306,8.05692111189306,3.03571355021012,0.00657544599999894,0.0202144024966794,-2.3830479159967,"Non-neuronal","Pcbp42"
"Idi12",1.51982813788514,8.05612325980967,3.03701475584404,0.00655621740983837,0.0201820268950378,-2.38040252506088,"Non-neuronal","Idi12"
"Wdr612",1.50814964158729,8.05378013457914,3.04088144949552,0.00649939769579076,0.0200199167948723,-2.37253919586573,"Non-neuronal","Wdr612"
"Ost42",1.50671800151244,8.05349288564019,3.0769442748153,0.00599191590342685,0.0185339299902576,-2.29898919512977,"Non-neuronal","Ost42"
"Ndufaf42",-1.50280622307391,8.62052792627181,-2.89351877175432,0.00903930711083116,0.027305890585448,-4.2238653009599,"Non-neuronal","Ndufaf42"
"Cadm22",1.4996231432592,9.79544554752194,2.86278259706351,0.00967816503991364,0.0279943827135327,-4.25569556897031,"Non-neuronal","Cadm22"
"C1qbp2",1.49824405902144,8.05179292319933,3.0442093491335,0.00645087706585812,0.0198779867161954,-2.36576900204066,"Non-neuronal","C1qbp2"
"Thy12",-1.49504714898138,8.47096140390092,-2.92986858137345,0.00833598802227201,0.0252375372389962,-4.21086947870908,"Non-neuronal","Thy12"
"Kif13b2",1.49294062423061,8.13425079890269,4.36439761574736,0.000305785536227562,0.00386868637202366,0.1410278038744,"Non-neuronal","Kif13b2"
"Stk162",1.47859039092186,8.13493748067956,4.35730612633306,0.000310867422219821,0.00390866534738523,0.108266332050097,"Non-neuronal","Stk162"
"Eef1a12",1.43816712753281,9.60117655603134,2.8848665878198,0.00921492977292326,0.0278260778406573,-4.22949926322336,"Non-neuronal","Eef1a12"
"Aplp22",1.41954230344739,8.92284350154965,3.54407611838284,0.0020585373313702,0.0110635601566639,-3.26182244195703,"Non-neuronal","Aplp22"
"Cfl12",-1.40462259687838,8.51289971126741,-3.12299551084395,0.00539945684482151,0.0167140720824288,-4.16613594270581,"Non-neuronal","Cfl12"
"Pbx12",1.39351837692807,8.96477092292453,3.78746908530298,0.00117095508026995,0.0110635601566639,-3.13798696736134,"Non-neuronal","Pbx12"
"Agbl42",-1.38187708389796,8.50696350489978,-2.70277036666911,0.0137653502922554,0.0382710610483588,-4.25682971711368,"Non-neuronal","Agbl42"
"Klhl72",-1.37561162058141,8.47077217164963,-3.02037329824299,0.0068062883799004,0.0208546726819171,-4.18335379530516,"Non-neuronal","Klhl72"
"Uba32",1.35577589131297,8.14173627150185,4.07845821111919,0.000594872878743188,0.00685451964387512,-0.575686223316696,"Non-neuronal","Uba32"
"Slc12a52",-1.32992193629186,8.58651108160429,-2.72173327796804,0.0132064619351724,0.0367926602200779,-4.25343400320511,"Non-neuronal","Slc12a52"
"Ndufv22",1.32637570798811,8.84169349774907,3.40195301165199,0.00285638994920407,0.011491954617594,-3.31814119622078,"Non-neuronal","Ndufv22"
"Mt12",1.27618312953921,8.84185025056793,3.36412220550472,0.00311565536080658,0.0119617264987347,-3.34094815162744,"Non-neuronal","Mt12"
"Tpt12",1.26511586714397,9.15000161896881,2.62551366202608,0.0162829402160927,0.0451471433735221,-4.11260540791325,"Non-neuronal","Tpt12"
"Hbp12",1.26035714788655,8.1479978735722,3.78859308035673,0.00116790047399123,0.0110635601566639,-1.22419695173297,"Non-neuronal","Hbp12"
"Pcmtd22",1.22942656878044,8.80124336562615,3.21610647896991,0.0043703754555637,0.0139417710413367,-3.41753660201763,"Non-neuronal","Pcmtd22"
"Hmgb12",1.22624216349012,8.14774555888384,3.75648150526633,0.00125836441457422,0.0110635601566639,-1.26711359048001,"Non-neuronal","Hmgb12"
"Gps22",1.20639545314032,8.17286012633742,3.36441024450969,0.003113596744594,0.0119617264987347,-2.3694547686008,"Non-neuronal","Gps22"
"Zfp4512",1.17271854407058,8.15088385027642,3.60723779067918,0.00177876113374948,0.0110635601566639,-1.57771603264976,"Non-neuronal","Zfp4512"
"Zfp6382",1.16983788024029,8.77830277957409,3.21342342610083,0.00439715868396809,0.0139417710413367,-3.41142557403088,"Non-neuronal","Zfp6382"
"Aig12",1.16886765808929,8.77643786847975,3.20415292333127,0.00449093719188167,0.0139922535641353,-3.41653904551797,"Non-neuronal","Aig12"
"Abcc52",1.16823216416075,8.7653695263567,3.16715230866671,0.00488501346628955,0.0151851679588328,-3.4357735761525,"Non-neuronal","Abcc52"
"Pmp221",1.14817102078162,8.17337584361034,3.23408669444655,0.00419495049630647,0.0137715586309335,-2.5314912934679,"Non-neuronal","Pmp221"
"Cdh23",1.14758801289144,8.15331344831202,3.50963925037165,0.00222892492380184,0.0110635601566639,-1.78052752141012,"Non-neuronal","Cdh23"
"Git22",1.13981900338905,8.15382409112324,3.474668964648,0.00241615834994084,0.0110635601566639,-1.84323508614017,"Non-neuronal","Git22"
"Ap4s12",1.13518601493608,8.15236061789805,3.55567214139065,0.00200410488994689,0.0110635601566639,-1.69038008858571,"Non-neuronal","Ap4s12"
"Tmem602",1.12130287947111,8.15547586174706,3.42509507719834,0.00270835678981115,0.0110635601566639,-1.9510239149086,"Non-neuronal","Tmem602"
"Snapc32",1.09091667011553,8.15742774064917,3.33397622230525,0.00333864770772723,0.0124529569474374,-2.1200608964302,"Non-neuronal","Snapc32"
"Vps4b2",1.08394335799341,8.15820074215993,3.31179237500721,0.00351265264237024,0.012464476209246,-2.16627435005216,"Non-neuronal","Vps4b2"
"Clic42",1.07411243006277,8.15942735332141,3.27320846623335,0.00383666268625083,0.0133838983501932,-2.2426754702586,"Non-neuronal","Clic42"
"Micu12",1.07305048068993,8.15901172771396,3.2793745597769,0.00378298876244513,0.0132079886620134,-2.2265369518278,"Non-neuronal","Micu12"
"Dnaja22",1.07257267632834,8.17444052298315,3.1241931048996,0.00538483434389115,0.0166751531737931,-2.67592488182214,"Non-neuronal","Dnaja22"
"Fam13c2",1.06572904743338,8.17680071613274,3.00400373424107,0.00706125466246412,0.021587112618995,-2.84561802635268,"Non-neuronal","Fam13c2"
"Numb2",1.06362799781196,8.71505856016424,3.13607835448008,0.00524178585817664,0.016238357942219,-3.43753515543593,"Non-neuronal","Numb2"
"Mfsd14b2",1.06179215059382,8.15937155018915,3.25619953298052,0.00398860573371863,0.0135858980350087,-2.26479677368991,"Non-neuronal","Mfsd14b2"
"Fmr12",1.0576409609711,8.15952975165875,3.2497552182251,0.00404769526885241,0.0135858980350087,-2.27644776263844,"Non-neuronal","Fmr12"
"Hs3st12",1.05607354482365,8.1595958342012,3.241933883042,0.00412055959774689,0.0135858980350087,-2.28826997553498,"Non-neuronal","Hs3st12"
"Dnaja12",1.04354869447306,8.66772551669601,2.82472163583563,0.0105293924526,0.0295775578735846,-3.62167308133919,"Non-neuronal","Dnaja12"
"Atp5o.12",1.0398712734117,8.17918316068688,2.91594359380804,0.00859896510695336,0.0259950134318341,-2.97280258693617,"Non-neuronal","Atp5o.12"
"Ubn12",1.02652815528915,8.63323521208501,2.75988283593257,0.0121468216014182,0.0339451713251586,-3.65251993912899,"Non-neuronal","Ubn12"
"Phka12",1.02651244243225,8.16392669867207,3.10865567573997,0.00557756689726892,0.0172588462188219,-2.53866955683248,"Non-neuronal","Phka12"
"Gatm2",1.0194828167712,8.18232039902874,2.81937372819083,0.0106545935136665,0.0298982815569773,-3.10861679724987,"Non-neuronal","Gatm2"
"Psmd62",1.00819393417834,8.18456317908386,2.80411653221449,0.0110196571588259,0.030890734316695,-3.14335660712312,"Non-neuronal","Psmd62"
"Enah2",0.991154812135016,8.63392931739526,2.76342578410269,0.012052633675593,0.0336935309109791,-3.65042411214814,"Non-neuronal","Enah2"
"Ep4002",0.96966524166477,8.61623253781364,2.74176313277701,0.0126395982999261,0.0352617051337101,-3.65853263902054,"Non-neuronal","Ep4002"
"Lyst2",0.952121744752169,8.1703284098731,2.89838966059879,0.0089418563762687,0.0270215459215995,-2.88929899488925,"Non-neuronal","Lyst2"
"Dpp62",0.948956718278141,8.64865334482987,2.78518046553013,0.0114893882122118,0.0321410498990175,-3.64113282258444,"Non-neuronal","Dpp62"
"Uqcr102",0.945741256170797,8.76346438157258,2.71413935969712,0.0134276349445787,0.0373832341800643,-3.80466616868273,"Non-neuronal","Uqcr102"
"Kdm5b2",0.943141679943657,8.17181550976149,2.84880837899227,0.00998273848248833,0.0281489003656993,-2.96589982484719,"Non-neuronal","Kdm5b2"
"Dock92",0.934591683139931,8.1696525209522,2.85844048670314,0.00977183602376654,0.0279943827135327,-2.9294280052665,"Non-neuronal","Dock92"
"Rplp12",0.902118952295149,8.81487644875063,3.2009633953231,0.0045236501687119,0.0140887802919109,-3.44909642720762,"Non-neuronal","Rplp12"
"Zfp6722",0.885695539307719,8.17514107128683,2.64891418290062,0.0154776846520464,0.0429290707959079,-3.23105639138058,"Non-neuronal","Zfp6722"
"Rpl342",0.882797926479173,8.54760363511607,2.60180136837255,0.0171392210959158,0.0474566247839601,-3.72676891303077,"Non-neuronal","Rpl342"
"Tiprl2",0.878775707331948,8.17757552498655,2.6047503124208,0.0170304613630441,0.0472036808137525,-3.30153820460175,"Non-neuronal","Tiprl2"
"Ndufb62",0.874637335175672,8.16613185356803,3.06105646063135,0.00621057687350332,0.0191738303096582,-2.63340732645136,"Non-neuronal","Ndufb62"
"Spata52",0.861765371376378,8.17428785580678,2.65748216714601,0.0151923871892328,0.0421521383985024,-3.21357772064195,"Non-neuronal","Spata52"
"Map3k122",0.767784498231467,8.14879512461254,2.69434471044773,0.0140208241550918,0.0389680234033728,-2.91809690474388,"Non-neuronal","Map3k122"
"Cnot42",0.765943330290672,8.14126573695042,2.74653700771345,0.0125079531561055,0.0349303806813999,-2.78260253122111,"Non-neuronal","Cnot42"
"Vma212",0.763922696812038,8.13163380416746,2.73036748235707,0.012959200955838,0.0361161698443789,-2.7905828463581,"Non-neuronal","Vma212"
"Rabl22",0.763660278989089,8.1320416614338,2.73441287015947,0.012844873152613,0.0358098160029152,-2.78279544784237,"Non-neuronal","Rabl22"
"Cdk162",0.763398147601556,8.15075765414288,2.66709820154277,0.01487812705448,0.0412942898629118,-2.97521472592453,"Non-neuronal","Cdk162"
"Pcgf52",0.760233039122038,8.13692502849959,2.74384251448251,0.0125820955282042,0.0351166312454644,-2.76924097834603,"Non-neuronal","Pcgf52"
"Cryzl12",0.759727411630664,8.14065718428689,2.73901868687535,0.0127158758365909,0.0354623414229231,-2.79149124467826,"Non-neuronal","Cryzl12"
"Znrf12",0.754074079225722,8.14436325625757,2.70978443532403,0.0135560564755587,0.037727854748091,-2.86007254102824,"Non-neuronal","Znrf12"
"Clvs12",0.753591239163402,8.14528323860276,2.70286737942242,0.0137624346877638,0.0382710610483588,-2.8772277127744,"Non-neuronal","Clvs12"
"Nop532",0.289035619258494,8.12951284164486,2.79140998821106,0.0113327859593875,0.0317247810666268,-2.68756408316664,"Non-neuronal","Nop532"
"Gpr1622",0.283571957133722,8.12955959518733,2.87678800196898,0.00938186319711196,0.0279943827135327,-2.53353329942126,"Non-neuronal","Gpr1622"
"Mkl12",0.280755069799999,8.13104144937278,2.84398763924296,0.0100899232755288,0.0283920878057512,-2.59055634130514,"Non-neuronal","Mkl12"
"Npdc12",0.279402730925995,8.13445256687007,2.67160678545981,0.0147329137764967,0.0409191715847733,-2.88855065589945,"Non-neuronal","Npdc12"
"Rint12",0.279183192616604,8.13017227036838,2.92872057908626,0.00835737234477832,0.0252928660806442,-2.43872604137956,"Non-neuronal","Rint12"
"Tril1",0.279099310306474,8.13319498217027,2.74379960319803,0.0125832796657073,0.0351166312454644,-2.76531683196962,"Non-neuronal","Tril1"
"Adra1a2",0.279040241699215,8.12995950949328,2.94814467905814,0.0080025624170568,0.0243732105064609,-2.4035369239722,"Non-neuronal","Adra1a2"
"Tsg1012",0.278662986093754,8.12496317497781,3.30424677629993,0.00357383731206108,0.0125640304812519,-1.73484498472673,"Non-neuronal","Tsg1012"
"Supt62",0.278650341255521,8.11765226806272,3.78018778512033,0.00119093607073186,0.0110635601566639,-0.786757373961335,"Non-neuronal","Supt62"
"Gng102",0.278418853297192,8.13136422156739,2.87526406872934,0.00941367697204973,0.0279943827135327,-2.53455720655466,"Non-neuronal","Gng102"
"Slc38a3",0.278411537215805,8.12512894572862,3.25028745269044,0.00404278287940805,0.0135858980350087,-1.83924130612023,"Non-neuronal","Slc38a3"
"Samd82",0.278094081860667,8.12238968950787,3.53295050243642,0.00211213119837677,0.0110635601566639,-1.2851515373323,"Non-neuronal","Samd82"
"Spin12",0.277967838227863,8.13031649665599,2.95221839629758,0.00793001225674856,0.0241794039387742,-2.39606087540952,"Non-neuronal","Spin12"
"Tomm70a2",0.277662142805663,8.1209594999946,3.68226790886116,0.00149490602682282,0.0110635601566639,-0.9849996846789,"Non-neuronal","Tomm70a2"
"Ankrd292",0.277502383976813,8.13338048677559,2.74671882856755,0.0125029651444009,0.0349284414319031,-2.76019795694911,"Non-neuronal","Ankrd292"
"Zfp3862",0.277450655172461,8.12542436038259,3.31872239456198,0.00345736309126864,0.012464476209246,-1.7067234040117,"Non-neuronal","Zfp3862"
"Itga62",0.277341228035862,8.13278819053835,2.78587188602577,0.0114719053707606,0.0321031820402949,-2.69225345666749,"Non-neuronal","Itga62"
"Knop12",0.277286741763052,8.13257871009339,2.79993764183871,0.0111217142483779,0.0311660852258194,-2.66767276736695,"Non-neuronal","Knop12"
"Abcb72",0.277070364111096,8.13169164382058,2.86078115200142,0.00972123412816013,0.0279943827135327,-2.56033265758661,"Non-neuronal","Abcb72"
"Cfap692",0.276546222658239,8.13232332477001,2.83039137777243,0.0103981947405809,0.029219106809888,-2.61414299248172,"Non-neuronal","Cfap692"
"Rgl12",0.27648939261341,8.13093252935473,2.92417665219624,0.00844253304410918,0.0255410956912712,-2.44681899444771,"Non-neuronal","Rgl12"
"Tmem191c2",0.276464339567259,8.13079417350745,2.93421511082477,0.0082554994593767,0.0250276552958166,-2.42869294063564,"Non-neuronal","Tmem191c2"
"Btg12",0.276463550958841,8.13078977077847,2.93453541027943,0.0082495978700146,0.0250225498406297,-2.42811391958186,"Non-neuronal","Btg12"
"Rpe2",0.276294806962922,8.13101614493714,2.92271240258672,0.00847015290677141,0.0256151278425968,-2.44947121995529,"Non-neuronal","Rpe2"
"Trak12",0.276054351362686,8.11696013207193,3.99764572412457,0.000718056524063002,0.00819269259923215,-0.338293746359401,"Non-neuronal","Trak12"
"Sesn32",0.276041381863998,8.11899652379559,4.01180435027012,0.000694767524918295,0.0079492740017023,-0.310267588603821,"Non-neuronal","Sesn32"
"Rab72",0.275991289763298,8.12181900898237,3.68814883676412,0.001474653898569,0.0110635601566639,-0.973678838613629,"Non-neuronal","Rab72"
"Psma62",0.275677635377216,8.13446278599627,2.70908871995553,0.0135766801364945,0.037772329996711,-2.82476481583622,"Non-neuronal","Psma62"
"Cdadc12",0.275423511753055,8.12618639506183,3.31932676485703,0.00345258183734686,0.012464476209246,-1.70603836425183,"Non-neuronal","Cdadc12"
"Vps13d2",0.275086741551948,8.11639392250022,4.09482479580311,0.000572624948589987,0.00661690902951639,-0.137230900175809,"Non-neuronal","Vps13d2"
"Tmem87b2",0.275068599120956,8.11863157649448,4.12044269004649,0.000539460811928114,0.00626036191873782,-0.0860020435162463,"Non-neuronal","Tmem87b2"
"Ralbp12",0.274842714342262,8.1213281546452,3.82758090858139,0.00106670721852584,0.0110635601566639,-0.691289306937359,"Non-neuronal","Ralbp12"
"Brms1l2",0.27463533303078,8.12351231459092,3.61250989306015,0.00175718299413373,0.0110635601566639,-1.12773147325562,"Non-neuronal","Brms1l2"
"Tmem332",0.27459463857535,8.12003439607727,4.00607849605629,0.000704093531240764,0.00804466415258935,-0.324636000828603,"Non-neuronal","Tmem332"
"Ubxn72",0.274532817233385,8.12560066872295,3.41551354946983,0.00276871008059135,0.0111502259928765,-1.51908006008803,"Non-neuronal","Ubxn72"
"Caprin12",0.27452613202141,8.11760263190175,4.16061794364199,0.000491280581415105,0.00575874283834564,-0.00231907273949439,"Non-neuronal","Caprin12"
"Prpf42",0.274520717613967,8.12601341533645,3.37792520756368,0.00301849006350794,0.0119617264987347,-1.59267985653183,"Non-neuronal","Prpf42"
"Hlcs2",0.274484176294579,8.12158572497922,3.83296574112402,0.00105343372010787,0.0109867734783046,-0.681062382278802,"Non-neuronal","Hlcs2"
"Tmed22",0.274396494089313,8.12008521734651,4.01312885453653,0.000692627861868393,0.00793595444549208,-0.310397958172074,"Non-neuronal","Tmed22"
"Cdkl32",0.274379187536116,8.12245717441018,3.74337371778494,0.00129725993471085,0.0110635601566639,-0.863872217452293,"Non-neuronal","Cdkl32"
"Iars22",0.274321274289723,8.11811677052907,4.1937612967398,0.000454795483124456,0.0053542131045115,0.0654523902951967,"Non-neuronal","Iars22"
"Nbn2",0.274316429018381,8.1241413618648,3.56968973063973,0.00194019856059777,0.0110635601566639,-1.21393989620059,"Non-neuronal","Nbn2"
"Ufc12",0.274313566084959,8.13105128383102,2.96834146360182,0.00764903959896754,0.0233401864732187,-2.36718254598825,"Non-neuronal","Ufc12"
"Bmpr22",0.274245921100581,8.12096256614914,3.9191255666202,0.000862085723238496,0.00942616580449619,-0.504660514375885,"Non-neuronal","Bmpr22"
"Eefsec2",0.274244855592444,8.12553208702334,3.43623168302077,0.00263983106919206,0.0110635601566639,-1.47865081726114,"Non-neuronal","Eefsec2"
"Tmx12",0.274233582761525,8.11791318953149,4.20031403437458,0.000447910215654394,0.0052961476807391,0.0791684706104085,"Non-neuronal","Tmx12"
"St132",0.274229166178385,8.11790615424312,4.20123198090311,0.000446954068889871,0.00529253471676725,0.0810668437267603,"Non-neuronal","St132"
"Tmed92",0.274215169311342,8.12114118822285,3.90078280729975,0.000899685092364353,0.00973263062019151,-0.542444444891816,"Non-neuronal","Tmed92"
"Rnf116",0.27420424396053,8.11588178860565,4.14372879905857,0.000510986401243339,0.00595540741277158,-0.0357601820027096,"Non-neuronal","Rnf116"
"Gabra32",0.274180407416432,8.1172103346642,4.19081212280213,0.000457928848950299,0.0053833109627322,0.0603275103027299,"Non-neuronal","Gabra32"
"Usp112",0.274164123665948,8.11775052552,4.205121419963,0.00044292542685133,0.00525247572512474,0.0892500899451569,"Non-neuronal","Usp112"
"Rpl10-ps32",0.274122450661535,8.11384337412498,4.15113579591975,0.00050224845912002,0.00586196730981545,-0.0191025875806039,"Non-neuronal","Rpl10-ps32"
"Kcnd22",0.274091069686403,8.12613671743519,3.38119701343095,0.00299589770655706,0.0119617264987347,-1.5865700832254,"Non-neuronal","Kcnd22"
"Elp22",0.274077452887933,8.12649220741725,3.34844495283923,0.00322973588846855,0.0120577794642917,-1.65039820453128,"Non-neuronal","Elp22"
"Rrp82",0.274048333470106,8.13535094962545,2.67847395004849,0.0145143148095703,0.0403258029289121,-2.87688604304184,"Non-neuronal","Rrp82"
"Tdp12",0.274022269140332,8.12166533731681,3.85834606783264,0.000993050186627912,0.0105188323804923,-0.630010352685574,"Non-neuronal","Tdp12"
"Gpr137c2",0.274011728905364,8.12459031840409,3.5424083660907,0.00206648486743442,0.0110635601566639,-1.26877147951572,"Non-neuronal","Gpr137c2"
"Emsy2",0.273991930151073,8.12114085563286,3.92287107777281,0.000854602776989111,0.00935692273325225,-0.497643594524908,"Non-neuronal","Emsy2"
"Cep1642",0.273858830335679,8.12078122890779,3.98080558074082,0.000746773058197121,0.00842579587854866,-0.378703789515537,"Non-neuronal","Cep1642"
"Tram1l12",0.273736372110603,8.12505341917751,3.50156141351407,0.00227086283214376,0.0110635601566639,-1.35005517960645,"Non-neuronal","Tram1l12"
"Trim442",0.273650313618702,8.12011475222586,4.0858933496238,0.000584660708233675,0.00674640405883822,-0.161938206275742,"Non-neuronal","Trim442"
"Phyh2",0.273532014239316,8.11556362940371,4.23355889699868,0.000414555902428746,0.00495214723385881,0.150324987347486,"Non-neuronal","Phyh2"
"Adarb12",0.273528183454969,8.13670287805387,2.60246585413499,0.0171146571860873,0.0474047450489685,-3.00402445170182,"Non-neuronal","Adarb12"
"Ei242",0.273506619134636,8.12336627859862,3.69771128755164,0.00144230239163931,0.0110635601566639,-0.957800081467194,"Non-neuronal","Ei242"
"Tceal62",0.273426168090072,8.1158590555044,4.24421287459889,0.000404403188432107,0.00486659754126508,0.172023812996951,"Non-neuronal","Tceal62"
"Fuca12",0.273381370126184,8.12260123809801,3.7966597933767,0.00114620911914183,0.0110635601566639,-0.757375850890386,"Non-neuronal","Fuca12"
"1700123O20Rik2",0.273099526947036,8.11693353662562,4.31924122920677,0.000339632916198325,0.00421818896682957,0.325387735091341,"Non-neuronal","1700123O20Rik2"
"Psmd82",0.272971999006892,8.11523126398188,4.29399734828269,0.000360170718418771,0.00443266080837625,0.275679062315244,"Non-neuronal","Psmd82"
"Tomm202",0.272943674745997,8.13172908210165,2.94902131048868,0.0079868964181048,0.0243437251259957,-2.40270793626735,"Non-neuronal","Tomm202"
"Zfp6522",0.272857382343932,8.13578278793674,2.67043898558765,0.014770396988537,0.0410092762804603,-2.890599467719,"Non-neuronal","Zfp6522"
"Msl12",0.272842617580275,8.11612553281473,4.33796548995373,0.000325163196580405,0.00407581294943235,0.365195753512504,"Non-neuronal","Msl12"
"Lifr2",0.272820778778656,8.1119897860891,4.24207563757236,0.000406419664632222,0.00487711178559749,0.171182089015246,"Non-neuronal","Lifr2"
"Cse1l2",0.272755803526436,8.13379260163798,2.80457320921408,0.0110085585761771,0.030870259916305,-2.66005129842322,"Non-neuronal","Cse1l2"
"Tlk12",0.272754882196735,8.13319957381907,2.8459545122794,0.0100460591499329,0.028278439856299,-2.58725291269629,"Non-neuronal","Tlk12"
"Kcnip12",0.27273888409665,8.13147805759049,2.97470002229925,0.00754089032176928,0.0230188152974083,-2.356194933486,"Non-neuronal","Kcnip12"
"Chic22",0.272711288488386,8.11648295395168,4.37404408178799,0.000299006578513753,0.00384853928368274,0.438954766591918,"Non-neuronal","Chic22"
"Ssbp12",0.272555463798073,8.1163060307895,4.38787099556986,0.000289552637186034,0.00376881712561342,0.46772654528808,"Non-neuronal","Ssbp12"
"Ap2a12",0.272537395240248,8.11390193946891,4.30846009407756,0.000348256175375745,0.00431212174532981,0.307283993338233,"Non-neuronal","Ap2a12"
"Klhl132",0.27212130419145,8.11528041739341,4.42615131169949,0.000264918684083483,0.0035986031377348,0.548426391763666,"Non-neuronal","Klhl132"
"Med82",0.27186754310034,8.11447990785081,4.44232021482784,0.000255158129482431,0.00359334434298014,0.583258927998909,"Non-neuronal","Med82"
"Tmtc12",0.271726137980562,8.11417397714556,4.4586835657524,0.000245648826030642,0.00359334434298014,0.617610753782541,"Non-neuronal","Tmtc12"
"Atp1b32",0.271422167308377,8.11365690817057,4.48919216974867,0.000228862122266966,0.00350024567277723,0.681610883664226,"Non-neuronal","Atp1b32"
"Bcdin3d2",0.271377388528047,8.11336094127297,4.48759064943364,0.000229713861212556,0.00350561709046607,0.678890960106105,"Non-neuronal","Bcdin3d2"
"Arsb2",0.270966928781241,8.13546896184412,2.71614937882987,0.0133687527707496,0.0372320451181266,-2.81331499399229,"Non-neuronal","Arsb2"
"Ncoa12",0.270605089473683,8.1105730255566,4.5088751732226,0.000218650450360885,0.00341405261743915,0.728197229611682,"Non-neuronal","Ncoa12"
"Smim10l12",0.270302457476228,8.13430377251619,2.79309540551593,0.0112907683653377,0.031618038090197,-2.68046974207411,"Non-neuronal","Smim10l12"
"Mrpl182",0.270228015724794,8.10918880315988,4.51973822987694,0.000213212661421715,0.00337804868687539,0.753083124246608,"Non-neuronal","Mrpl182"
"Asb132",0.270112792744269,8.13474696116553,2.80801870813874,0.0109251666402847,0.0306469760754192,-2.65538953578898,"Non-neuronal","Asb132"
"Arpc32",0.270052891904473,8.10658377429605,4.46096634575505,0.0002443509086953,0.00359334434298014,0.632971504888019,"Non-neuronal","Arpc32"
"Spast2",0.269924948063238,8.11038715187355,4.63950655505765,0.000161581832876399,0.00316582904288603,0.999619033896204,"Non-neuronal","Spast2"
"Ppm1k2",0.269700880541773,8.10906548438649,4.61161797100529,0.000172347084849328,0.00316902868336938,0.944627586496332,"Non-neuronal","Ppm1k2"
"Diaph22",0.269463452386905,8.10903413111896,4.66916405631037,0.000150877772171068,0.00310988037834514,1.06426521336787,"Non-neuronal","Diaph22"
"Tns32",0.269400566471162,8.01180209874117,3.57258347135461,0.00192725860150871,0.0110635601566639,-1.26594905628832,"Non-neuronal","Tns32"
"Aco22",0.269293600242957,8.10820977262017,4.6645248202575,0.000152503642029729,0.00311712846209006,1.05644282498376,"Non-neuronal","Aco22"
"Psmb32",0.269287230753778,8.01021398046321,3.5981626612258,0.00181651957806141,0.0110635601566639,-1.21178496861648,"Non-neuronal","Psmb32"
"Zcrb12",0.268700248149056,8.10621674093677,4.67757697134322,0.000147973942863485,0.00310988037834514,1.08751053981212,"Non-neuronal","Zcrb12"
"Tmem1582",0.268652892056149,8.10753325483244,4.78985447406093,0.000114216330665949,0.00307820238073301,1.31844802500807,"Non-neuronal","Tmem1582"
"Nipsnap22",0.268277587978463,8.01477864616913,3.70474917053081,0.00141894211039874,0.0110635601566639,-0.985387091634328,"Non-neuronal","Nipsnap22"
"Oaz22",0.268126160058018,8.0155373569682,3.72182364246708,0.00136381499196315,0.0110635601566639,-0.949041517900502,"Non-neuronal","Oaz22"
"Mfn12",0.268056383696112,8.05896284689146,3.70574279382607,0.001415674400939,0.0110635601566639,-0.983112275044382,"Non-neuronal","Mfn12"
"Taf42",0.268030985054029,8.01602428669659,3.73267552126127,0.00132988742960507,0.0110635601566639,-0.925931759027984,"Non-neuronal","Taf42"
"Ogfod32",0.26802524591153,8.01605383919915,3.733331070824,0.00132786492458936,0.0110635601566639,-0.924535486821139,"Non-neuronal","Ogfod32"
"Golga7b2",0.267925040625537,8.01657519803272,3.74484920567184,0.00129282273006653,0.0110635601566639,-0.899998324355733,"Non-neuronal","Golga7b2"
"Lncpint2",0.267923451387637,8.04248443788233,3.75360451596405,0.00126680112876895,0.0110635601566639,-0.881235287977987,"Non-neuronal","Lncpint2"
"Max2",0.267920208941072,8.04214383022137,3.75505450370985,0.0012625420760945,0.0110635601566639,-0.878146375414471,"Non-neuronal","Max2"
"Ddx102",0.267920099399221,8.04154406708258,3.75580616538425,0.00126033981365048,0.0110635601566639,-0.876545968194841,"Non-neuronal","Ddx102"
"Trappc122",0.267917118199341,8.04189801169847,3.75633852759847,0.00125878237404081,0.0110635601566639,-0.87541078996447,"Non-neuronal","Trappc122"
"Ing32",0.267914360363887,8.04171990907735,3.75743247339665,0.00125558799902897,0.0110635601566639,-0.873080016130041,"Non-neuronal","Ing32"
"Cep3502",0.26790259695113,8.03979751367425,3.76345289994729,0.00123815149156229,0.0110635601566639,-0.86025356910699,"Non-neuronal","Cep3502"
"Adss2",0.267893858450472,8.03895234910558,3.76719418250757,0.001227437200949,0.0110635601566639,-0.852280983590451,"Non-neuronal","Adss2"
"Tmem562",0.267876514705884,8.03647287236677,3.77538209026605,0.00120430872294335,0.0110635601566639,-0.834831269754436,"Non-neuronal","Tmem562"
"Aqr2",0.267534152615439,8.01871245607965,3.79113155856347,0.00116103091156021,0.0110635601566639,-0.801323721747961,"Non-neuronal","Aqr2"
"Haus22",0.267440307906797,8.01925170491817,3.80256689534287,0.0011305792384616,0.0110635601566639,-0.776925297121842,"Non-neuronal","Haus22"
"Ttc39c2",0.2673605787612,8.06956450773816,3.78661622931111,0.00117327812336871,0.0110635601566639,-0.81081667530764,"Non-neuronal","Ttc39c2"
"Bfar2",0.267334775224584,8.01987135238003,3.81558749329896,0.00109687131983461,0.0110635601566639,-0.749136469233548,"Non-neuronal","Bfar2"
"Strada2",0.267315121513087,8.05990657766784,3.7497299518903,0.00127825196802992,0.0110635601566639,-0.889457776746735,"Non-neuronal","Strada2"
"Tmod12",0.26731494228548,8.05989669862833,3.7497632167218,0.00127815322180657,0.0110635601566639,-0.889386922483525,"Non-neuronal","Tmod12"
"Palm4",0.267175002248342,8.04602408253471,3.83969886840373,0.00103706755448344,0.0108299673372565,-0.697576950563377,"Non-neuronal","Palm4"
"Syt62",0.267158733258186,8.05965240551533,3.76915668290796,0.00122185384126241,0.0110635601566639,-0.848058319618169,"Non-neuronal","Syt62"
"Kat6b2",0.267083584205655,8.02140634546572,3.84728892821313,0.00101892147803548,0.0106545565991575,-0.681444883238459,"Non-neuronal","Kat6b2"
"Gm438481",0.267075617928604,8.04629656278116,3.85101424671897,0.00101013100381017,0.0106168161705372,-0.67341189946827,"Non-neuronal","Gm438481"
"Kcnh32",0.267069463820577,8.04565933781435,3.85330641213692,0.00100475981340377,0.0105740246856917,-0.668517424111622,"Non-neuronal","Kcnh32"
"Otud32",0.267066359413072,8.04533882498938,3.85445923888777,0.00100206916360147,0.0105593687123031,-0.666055699467251,"Non-neuronal","Otud32"
"Pcdhga52",0.267061931786274,8.04488276303957,3.85609946112363,0.000998253304020469,0.0105328023712147,-0.662553100681435,"Non-neuronal","Pcdhga52"
"Slc7a52",0.267060917680053,8.04477848115328,3.85647448048121,0.000997382880973255,0.0105328023712147,-0.66175225249185,"Non-neuronal","Slc7a52"
"Sox42",0.267060905541677,8.02154933149131,3.8502017065157,0.00101204186444019,0.0106231749254464,-0.675223010909357,"Non-neuronal","Sox42"
"Ermard2",0.267060552780143,8.04474097385482,3.85660936156676,0.000997070005526211,0.0105328023712147,-0.661464214490287,"Non-neuronal","Ermard2"
"Rapgef22",0.267054600748725,8.04412877311282,3.85881117618152,0.000991976376783069,0.0105188323804923,-0.656762135995545,"Non-neuronal","Rapgef22"
"Trim332",0.267044240698289,8.04304993038888,3.86269588026871,0.000983052648933566,0.0104537690183981,-0.648465637373562,"Non-neuronal","Trim332"
"S100a102",0.267040773601937,8.04269036458153,3.86399012559069,0.000980097356638155,0.0104359842882872,-0.645701398321202,"Non-neuronal","S100a102"
"Polr2c2",0.267036819710347,8.04228120248465,3.86546254333943,0.000976745973087328,0.0104139298703347,-0.642556535320897,"Non-neuronal","Polr2c2"
"Iscu2",0.267034820526197,8.04207467673432,3.86620559798985,0.000975059031949352,0.0104095869093281,-0.640969448223113,"Non-neuronal","Iscu2"
"Med162",0.267032608922507,8.04184648352336,3.86702648253075,0.00097319876611379,0.0104033797139759,-0.639216098170489,"Non-neuronal","Med162"
"Hist1h4h2",0.267021871442073,8.04074265232301,3.87099521601725,0.000964254633099136,0.0103349294338096,-0.630738781819953,"Non-neuronal","Hist1h4h2"
"BC0240632",0.26697680627414,8.02208627277869,3.86107842098568,0.000986758439874979,0.010479477687184,-0.65198651340082,"Non-neuronal","BC0240632"
"Zfp9512",0.266928711109435,8.02239810783107,3.86735006846151,0.000972466435605321,0.0104033797139759,-0.638585850872254,"Non-neuronal","Zfp9512"
"Dph72",0.266827109851692,8.04463186638516,3.88781021765058,0.000927258443552898,0.00995151377084806,-0.594798430288907,"Non-neuronal","Dph72"
"Ociad22",0.266816590706416,8.04352731068264,3.89161416749727,0.00091908704226293,0.00987684688085724,-0.586670109939415,"Non-neuronal","Ociad22"
"Zmym52",0.266815806592489,8.04344454865835,3.89189910730227,0.000918477847609899,0.00987684688085724,-0.58606122501512,"Non-neuronal","Zmym52"
"Rnf1872",0.266814174471484,8.04327237402577,3.89249174984764,0.000917212079303418,0.00987684688085724,-0.584794803732072,"Non-neuronal","Rnf1872"
"Dcp22",0.266811684985274,8.04300999576794,3.89339452752794,0.000915287260971169,0.00987514836604835,-0.582865628157138,"Non-neuronal","Dcp22"
"Cnnm12",0.26681129760128,8.04296919362232,3.89353487833731,0.000914988379591303,0.00987514836604835,-0.582565705181661,"Non-neuronal","Cnnm12"
"Tacc22",0.266783409002694,8.04004990781835,3.90354600626319,0.000893918227222868,0.00969603303794404,-0.561170579163779,"Non-neuronal","Tacc22"
"Lamtor12",0.266733724701612,8.05774146591012,3.90113181202594,0.000898954671060587,0.00973263062019151,-0.566302291026599,"Non-neuronal","Lamtor12"
"Emp31",0.266668294597012,8.04526036572435,3.90740034365708,0.000885935582262006,0.00962227765247186,-0.552920808744054,"Non-neuronal","Emp31"
"Fam161b2",0.266656730531229,8.04403073604501,3.91142322161229,0.000877679609939855,0.00954535244232717,-0.544321968451055,"Non-neuronal","Fam161b2"
"Syvn11",0.266653644171698,8.04369747685072,3.9125126375576,0.000875457070063115,0.00953392672685869,-0.541993256769264,"Non-neuronal","Syvn11"
"Syncrip2",0.266647431610171,8.04302753649594,3.9146989498515,0.00087101363441055,0.00949825189802926,-0.537319725210637,"Non-neuronal","Syncrip2"
"Ddx462",0.266645553190858,8.0428252002383,3.91535826423459,0.000869678066870507,0.00949641754898198,-0.535910322793554,"Non-neuronal","Ddx462"
"Snf82",0.266557721987171,8.04989152669179,3.84727239157097,0.00101896066799564,0.0106545565991575,-0.681396527655049,"Non-neuronal","Snf82"
"Zmat22",0.266555293185474,8.02615332465448,3.93718919347448,0.000826589356728951,0.00906240487464962,-0.489262927038063,"Non-neuronal","Zmat22"
"Rerg1",0.266430808083054,8.04144164551787,3.94306094779139,0.000815367674211443,0.00895143863658581,-0.476665746393185,"Non-neuronal","Rerg1"
"Trmt62",0.266420194339934,8.04255656149923,3.9468940199373,0.000808124252895414,0.0088839064828435,-0.46846432925856,"Non-neuronal","Trmt62"
"Rnf1142",0.266419746103638,8.04224735889402,3.94698116897682,0.000807960314053922,0.0088839064828435,-0.468278437610541,"Non-neuronal","Rnf1142"
"Taf1c2",0.266418801424568,8.04221559156345,3.94729225422884,0.000807375392073979,0.0088839064828435,-0.467613019854512,"Non-neuronal","Taf1c2"
"Stx1b2",0.266407890738994,8.04148219701832,3.95080184391158,0.000800805624423331,0.00883928596293595,-0.460106400107398,"Non-neuronal","Stx1b2"
"Trim282",0.266390773526331,8.04065289244692,3.9563571697136,0.000790515162891146,0.00873755550287972,-0.448222917316042,"Non-neuronal","Trim282"
"Rgs72",0.266387571549133,8.04057988251884,3.95741206200832,0.000788576074517952,0.00872798145061706,-0.445966141955371,"Non-neuronal","Rgs72"
"U2af12",0.266364773818596,8.04005044842643,3.9648929538259,0.00077496025496062,0.00858896685845319,-0.429961154457918,"Non-neuronal","U2af12"
"Nbr12",0.266357048932073,8.03511449855276,3.84939767871959,0.00101393624594866,0.0106293445371036,-0.67688652496097,"Non-neuronal","Nbr12"
"Snx212",0.266268144060664,8.03979986670635,3.9680116810378,0.000769353423409439,0.00853845852583327,-0.423288432994486,"Non-neuronal","Snx212"
"P4htm2",0.266261285720148,8.03896279445977,3.96998070009202,0.000765834391420417,0.00851101471885941,-0.419076628395445,"Non-neuronal","P4htm2"
"Zfp8212",0.266260002081316,8.03909484596896,3.97048960674133,0.000764927487794074,0.00851101471885941,-0.417987445083674,"Non-neuronal","Zfp8212"
"Prmt82",0.266255802445955,8.03850207125003,3.97165004742244,0.000762863514975626,0.00850862023464042,-0.415505331157012,"Non-neuronal","Prmt82"
"Nudt212",0.26625004885035,8.03819940868625,3.97348832252788,0.000759605305518577,0.0084936100485862,-0.411572211273847,"Non-neuronal","Nudt212"
"Aaed12",0.266228268790006,8.03603965168215,3.97127662738633,0.000763527076986786,0.00850862023464042,-0.416308640524647,"Non-neuronal","Aaed12"
"Whamm2",0.266221513046251,8.03537626381285,3.97321325240004,0.000760091962553258,0.0084936100485862,-0.412165704054102,"Non-neuronal","Whamm2"
"Atg16l12",0.266219796038164,8.03479566479294,3.97342912742864,0.000759710007865626,0.0084936100485862,-0.411704768868809,"Non-neuronal","Atg16l12"
"Trir2",0.266218749138418,8.0345693040769,3.9736439084431,0.00075933017891203,0.0084936100485862,-0.411245557161875,"Non-neuronal","Trir2"
"Man2b22",0.266211064424273,8.03776240940743,3.98668203528646,0.000736624354507647,0.00833440768278123,-0.383338085534983,"Non-neuronal","Man2b22"
"Pgrmc22",0.266209388326972,8.0349206020158,3.97716044972723,0.000753138240270514,0.0084624027411611,-0.403719804239361,"Non-neuronal","Pgrmc22"
"Maip12",0.26620638141682,8.03476121985379,3.97810689315266,0.00075148036146197,0.00845545330635287,-0.401694712617075,"Non-neuronal","Maip12"
"Phpt12",0.266205516763905,8.03495473626127,3.97853752072048,0.000750727239895721,0.00845545330635287,-0.400772837369281,"Non-neuronal","Phpt12"
"Slc25a252",0.266156892684481,8.0384413217192,3.98589759488784,0.000737971089670414,0.00833804835342891,-0.38501576880015,"Non-neuronal","Slc25a252"
"Klhl322",0.266152484172285,8.03909720791501,3.987820940126,0.000734673436151408,0.00832391142491881,-0.380898379203,"Non-neuronal","Klhl322"
"Lss2",0.266136274390269,8.03784515757664,3.9927756710214,0.000726245940780004,0.00825141163162756,-0.370296146432477,"Non-neuronal","Lss2"
"Pmpcb2",0.266134529649049,8.03366802560924,3.99070376722979,0.000729758236137379,0.00827975348811377,-0.374737676173623,"Non-neuronal","Pmpcb2"
"Mepce2",0.266133822923151,8.03773566901645,3.99356891524939,0.000724905703085921,0.00824770334909646,-0.36859854612096,"Non-neuronal","Mepce2"
"Rfx52",0.266128267668659,8.03755887074933,3.99540666891856,0.000721810177296315,0.00822398570350914,-0.364665441618826,"Non-neuronal","Rfx52"
"Lgr52",0.265823247798923,8.05172241676759,4.07510440166415,0.000599537542157955,0.0068984977446322,-0.194014373740329,"Non-neuronal","Lgr52"
"Pdpk12",0.265805299154536,8.03962228849878,4.06323457479502,0.000616342529360367,0.00707185680725893,-0.219449321398829,"Non-neuronal","Pdpk12"
"Cyp512",0.26542417655378,8.05154765040519,4.10160414638528,0.000563655054780346,0.0065225232868252,-0.137265419950261,"Non-neuronal","Cyp512"
"Agpat52",0.265332974081407,8.06174395991631,4.06503679907289,0.000613760981478757,0.00705218302871425,-0.215561334123148,"Non-neuronal","Agpat52"
"Golph3l2",0.265317393074288,8.05136324111092,4.11868604404543,0.000541672216062083,0.00627707048100434,-0.100683165593503,"Non-neuronal","Golph3l2"
"Tmub22",0.265305407241256,8.05052903839826,4.1217124042243,0.000537868025095293,0.00625079483450029,-0.0942027838277433,"Non-neuronal","Tmub22"
"Zfp32",0.265291979183863,8.04980132858143,4.12590640022849,0.000532640269737005,0.00619889641532265,-0.0852216421972525,"Non-neuronal","Zfp32"
"Vcl2",0.265082612655514,8.05078938540814,4.15908900895804,0.000493032715915717,0.00577096567478324,-0.0141567737487431,"Non-neuronal","Vcl2"
"Zfand62",0.265030037456873,8.03479256642992,4.21397314795315,0.000433892113467096,0.00515286473438661,0.10335183922258,"Non-neuronal","Zfand62"
"Pgpep1",0.264986708180828,8.0324124625258,4.2238666785259,0.000424014120889282,0.0050502999611044,0.124531867115294,"Non-neuronal","Pgpep1"
"Zfx2",0.264910401862138,8.03449588033252,4.23606108491338,0.00041214869374554,0.00493063179944113,0.150641670019521,"Non-neuronal","Zfx2"
"Rcn22",0.264890053211685,8.04891562948948,4.1941281055012,0.000454407271164548,0.0053542131045115,0.0608755567122703,"Non-neuronal","Rcn22"
"Soat12",0.264890033647119,8.03353493904382,4.24104737766777,0.000407393416655813,0.00488092112591316,0.161315268795209,"Non-neuronal","Soat12"
"Abcd22",0.264875722564407,8.04831133010066,4.19855710953214,0.000449745977921882,0.00531013574803267,0.0703586603731639,"Non-neuronal","Abcd22"
"Zfp2352",0.264865645612853,8.03239397286076,4.24693716624435,0.000401847377794708,0.00484300506423697,0.173922391426403,"Non-neuronal","Zfp2352"
"Gabarap2",0.26485804302482,8.09845110864471,5.07153226345982,5.98855962665223e-05,0.00307820238073301,1.91953763448155,"Non-neuronal","Gabarap2"
"Apopt12",0.264836277714671,8.03114943902458,4.25422672306496,0.000395088077063677,0.00476860757702228,0.189525157020466,"Non-neuronal","Apopt12"
"Irak1bp12",0.264832889014423,8.0695926077695,4.18740282856438,0.000461578052486326,0.00541838016879691,0.0464936781747802,"Non-neuronal","Irak1bp12"
"Gm37642",0.264810738447663,8.05964213475741,4.15632481930342,0.000496216338957603,0.00579988493882198,-0.0200676211845909,"Non-neuronal","Gm37642"
"Gbe12",0.264688811092479,8.03549643492942,4.27478514142452,0.000376633630150837,0.00457968756052212,0.23353233107712,"Non-neuronal","Gbe12"
"Scara31",0.264672960182066,8.06273605546098,4.24201614235442,0.000406475942303023,0.00487711178559749,0.163417653045162,"Non-neuronal","Scara31"
"Pttg1ip2",0.264672110607443,8.03472072887841,4.27883465897763,0.000373101872802977,0.00456418606804845,0.242197997510742,"Non-neuronal","Pttg1ip2"
"Gm138892",0.26464311600573,8.03361385329933,4.28642185104648,0.000366574043493674,0.00449108410214012,0.258433495587216,"Non-neuronal","Gm138892"
"Alkbh82",0.264617716543666,8.03247052985472,4.29253680761341,0.000361396462636074,0.00444102752801278,0.271517491060478,"Non-neuronal","Alkbh82"
"Cdk92",0.264596513878246,8.03179088726843,4.29827640208946,0.000356603553742926,0.00440207877040775,0.283797994348804,"Non-neuronal","Cdk92"
"Lrp82",0.26457355796991,8.05384711766223,4.26026017231339,0.000389579912061151,0.00471611991758551,0.202462677287476,"Non-neuronal","Lrp82"
"Pla2g72",0.264571272946251,8.05332438707645,4.22421422861611,0.000423671248380181,0.0050502999611044,0.125298775816939,"Non-neuronal","Pla2g72"
"Acvr1c2",0.264539539038008,8.0693110541424,4.25574251844132,0.000393696939714299,0.00475887756994922,0.192805136759604,"Non-neuronal","Acvr1c2"
"Vps452",0.264526163146921,8.05230672617522,4.27550987735323,0.000375999099538811,0.00457897106998238,0.235099724784177,"Non-neuronal","Vps452"
"1110059G10Rik2",0.264488725050976,8.02837590062279,4.32054021412683,0.000338608517456735,0.00421189646714149,0.331424066103693,"Non-neuronal","1110059G10Rik2"
"Eif1b2",0.264478734837599,8.05011638068643,4.28738604952064,0.000365752728385621,0.00448778046065917,0.260512872939831,"Non-neuronal","Eif1b2"
"Nhlrc32",0.264469441639219,8.04595611150968,4.27306853927442,0.000378140866071637,0.00458446489641247,0.229869092315776,"Non-neuronal","Nhlrc32"
"Zfp9302",0.264460508881355,8.03349133730655,4.3209564182622,0.000338280950053195,0.00421189646714149,0.332321073581735,"Non-neuronal","Zfp9302"
"S1pr1",0.264451119353529,8.04448143782887,4.27415768738724,0.000377183855629972,0.00457968756052212,0.232198568425557,"Non-neuronal","S1pr1"
"Stx162",0.264450736799612,8.04488038403987,4.27669164547967,0.000374966723508211,0.00457674710293511,0.23762196343867,"Non-neuronal","Stx162"
"Hsbp12",0.264447145222782,8.08980219469756,4.75579973781742,0.000123537930625131,0.00307820238073301,1.25842844992047,"Non-neuronal","Hsbp12"
"Fzd21",0.264441407185799,8.04400024664148,4.27636260717161,0.000375253880474212,0.00457674710293511,0.236916909740131,"Non-neuronal","Fzd21"
"Prpf312",0.26443743845047,8.03240213670975,4.32623470415694,0.000334154279211019,0.00416924089168963,0.343610517451372,"Non-neuronal","Prpf312"
"Ppp1r3c1",0.264424996768328,8.03127973955159,4.3272491369738,0.000333366990928535,0.00416580717542801,0.34577930502536,"Non-neuronal","Ppp1r3c1"
"Metap22",0.264408495629419,8.03150428493493,4.33419001559216,0.000328030056108601,0.00410542231760534,0.360625023644947,"Non-neuronal","Metap22"
"Il182",0.264361168818787,8.04562565327601,4.29525069825182,0.000359122187053092,0.00442645301769228,0.277337317219541,"Non-neuronal","Il182"
"Laptm4b2",0.264347925261158,8.06780385932907,4.30092597907484,0.000354412590809027,0.00438168149883197,0.289497230027416,"Non-neuronal","Laptm4b2"
"Casp92",0.264216548633357,8.0332818986604,4.36767217985445,0.000303467208774421,0.0038513350130732,0.432220450967597,"Non-neuronal","Casp92"
"Slc38a62",0.26420872478785,8.03286999091521,4.36917576166304,0.000302408633207045,0.00384853928368274,0.435434374242364,"Non-neuronal","Slc38a62"
"Galc2",0.26420197319248,8.03812824074067,4.35914278981612,0.000309543141805549,0.00389803940957916,0.413989540516095,"Non-neuronal","Galc2"
"CT025619.12",0.264201290083101,8.03277899325366,4.37182223803119,0.000300554433619871,0.00384853928368274,0.441091592539837,"Non-neuronal","CT025619.12"
"Orc32",0.264190063500597,8.0322280734708,4.37412002200062,0.000298953816470979,0.00384853928368274,0.44600286824497,"Non-neuronal","Orc32"
"Shisa72",0.264185832553697,8.03747328167742,4.36297380035248,0.000306799119023395,0.00386947416008576,0.42217953549157,"Non-neuronal","Shisa72"
"C788592",0.26418344482947,8.03737660132929,4.36353991516872,0.000306395710280596,0.00386947416008576,0.423389747068817,"Non-neuronal","C788592"
"Psd22",0.264182846605902,8.03203216837875,4.37623758947607,0.000297486330640563,0.00384745834620188,0.450529053212948,"Non-neuronal","Psd22"
"Dffb2",0.264174636293905,8.03701855690148,4.36563067402415,0.000304910471164673,0.003863624116705,0.427859179251592,"Non-neuronal","Dffb2"
"Pias12",0.264172722424365,8.03136355796971,4.37758128863467,0.000296558900403845,0.00384157110634598,0.453400625348088,"Non-neuronal","Pias12"
"Dusp192",0.264171642257839,8.03164211941998,4.37916592677754,0.000295468909844497,0.00383462591303911,0.456787880202628,"Non-neuronal","Dusp192"
"Fam45a2",0.264162614947172,8.0526759297433,4.34086685772896,0.000322977206975066,0.0040546598437379,0.374922152812466,"Non-neuronal","Fam45a2"
"Tcerg1l2",0.264150488742215,8.03604029253222,4.3713520673469,0.000300883011641017,0.00384853928368274,0.440089158542465,"Non-neuronal","Tcerg1l2"
"Hnrnpd2",0.26414385410451,8.03577248067052,4.37292116114457,0.000299787860130006,0.00384853928368274,0.443443055367766,"Non-neuronal","Hnrnpd2"
"Fam114a1",0.264143135756361,8.04695993704888,4.39957400576948,0.000281786259171502,0.00370328145130884,0.500411823805222,"Non-neuronal","Fam114a1"
"Mea12",0.264142464399892,8.0231730268029,4.37172285740726,0.000300623855508513,0.00384853928368274,0.440863348269906,"Non-neuronal","Mea12"
"Prr32",0.264140602473329,8.04290842082849,4.39676405886596,0.000283631662243787,0.0037117837035762,0.494404932483002,"Non-neuronal","Prr32"
"Cxxc42",0.264137000841329,8.04282637596061,4.3978498550824,0.000282917139342654,0.0037117837035762,0.496724940298858,"Non-neuronal","Cxxc42"
"E2f52",0.264124658064373,8.0461981019639,4.40435567907685,0.000278673681859672,0.00367424700474624,0.510627658074519,"Non-neuronal","E2f52"
"Tsnax2",0.264123997844063,8.02999053610447,4.3915384688967,0.000287095918971337,0.00374282900774331,0.483228983815395,"Non-neuronal","Tsnax2"
"Zfp280c2",0.264104400315833,8.05310745393581,4.37046409998578,0.000301504552232969,0.00384853928368274,0.438203740230473,"Non-neuronal","Zfp280c2"
"Rorb2",0.264104028620677,8.04535319879509,4.40968391345948,0.000275246073984118,0.00364085660465171,0.522010242106597,"Non-neuronal","Rorb2"
"Eif3a2",0.264096338857006,8.02919747351991,4.3959441603071,0.000284172410886309,0.0037117837035762,0.492642219365843,"Non-neuronal","Eif3a2"
"Tcerg12",0.264002814221965,8.05089707280701,4.3790458305725,0.000295551376456733,0.00383462591303911,0.456545720497008,"Non-neuronal","Tcerg12"
"Cklf2",0.263997210665465,8.03027006531611,4.41178377519056,0.000273906937864433,0.00362904387545141,0.526485634709521,"Non-neuronal","Cklf2"
"Lgr42",0.263994275763259,8.03013350833709,4.4123658458523,0.00027353689873843,0.00362904387545141,0.527728977923755,"Non-neuronal","Lgr42"
"Rfx4",0.263979763607521,8.02959935390016,4.41437829921025,0.000272261397700003,0.0036249533065295,0.532027309041411,"Non-neuronal","Rfx4"
"Bicc11",0.263974782897272,8.03878318891524,4.40494865856204,0.000278290108098788,0.00367424700474624,0.511889398542882,"Non-neuronal","Bicc11"
"Msi22",0.263962881989499,8.02921207527423,4.41771370079626,0.000270160579064821,0.00362034082222972,0.539151414738068,"Non-neuronal","Msi22"
"Rmdn32",0.263942030315176,8.03746197227285,4.41263990753716,0.00027336284411961,0.00362904387545141,0.528319592703459,"Non-neuronal","Rmdn32"
"Slbp2",0.263938708502919,8.02883643738602,4.42428130462126,0.000266071528672501,0.0035986031377348,0.553178612811105,"Non-neuronal","Slbp2"
"Pdgfrb",0.26393743627653,8.02804702036631,4.41633829573329,0.000271024899906318,0.00362034082222972,0.536211563240739,"Non-neuronal","Pdgfrb"
"Alg52",0.263934159696102,8.02849132413219,4.42263213451389,0.000267092420459371,0.0035986031377348,0.549655738808261,"Non-neuronal","Alg52"
"Pcdhga91",0.263931263092086,8.03702793376399,4.41516489156376,0.000271764481427831,0.00362426894494329,0.533713044642744,"Non-neuronal","Pcdhga91"
"Bmt22",0.263931218332199,8.02860875451281,4.42514054901444,0.000265541185293176,0.0035986031377348,0.555013398368902,"Non-neuronal","Bmt22"
"Paip2b2",0.263928125141308,8.02850075340439,4.42534544350404,0.000265414877440731,0.0035986031377348,0.555450829938821,"Non-neuronal","Paip2b2"
"Cds12",0.263925746949314,8.03680562823995,4.41645779354417,0.000270949695758641,0.00362034082222972,0.536474636756663,"Non-neuronal","Cds12"
"Icam52",0.263925629690934,8.06006523747173,4.39581408161606,0.000284258297151564,0.0037117837035762,0.492385672503999,"Non-neuronal","Icam52"
"Prdx62",0.263923975659536,8.02833280619742,4.42537206141576,0.000265398473186136,0.0035986031377348,0.555507411698067,"Non-neuronal","Prdx62"
"Rora2",0.263912827514664,8.02813086879651,4.4280501656595,0.000263753202287449,0.0035986031377348,0.561226698825139,"Non-neuronal","Rora2"
"Mocs22",0.263908300010188,8.02796172075894,4.42821379190809,0.000263653013447757,0.0035986031377348,0.561575876640784,"Non-neuronal","Mocs22"
"Slc39a142",0.263906089596067,8.03601563864219,4.42105807004668,0.000268070498029169,0.0035986031377348,0.546300161225284,"Non-neuronal","Slc39a142"
"Mrpl242",0.263905081492067,8.03597521803275,4.42129369017936,0.000267923861384006,0.0035986031377348,0.546803390531561,"Non-neuronal","Mrpl242"
"Mul12",0.263905016091321,8.03597259605874,4.42130897502348,0.000267914351751476,0.0035986031377348,0.546836035299807,"Non-neuronal","Mul12"
"Rabgef12",0.263900074635971,8.03577459878112,4.42246348958588,0.000267197039382308,0.0035986031377348,0.549301776775687,"Non-neuronal","Rabgef12"
"Gm45168",0.263892221029158,8.03073249095479,4.43691566744717,0.000258379678622735,0.00359334434298014,0.580161891417805,"Non-neuronal","Gm45168"
"Ak62",0.263889995777503,8.05010091439324,4.39999319158103,0.000281512001065882,0.00370328145130884,0.501309615330182,"Non-neuronal","Ak62"
"Nrarp",0.263888394419983,8.03056919606625,4.43775088090319,0.000257879160105267,0.00359334434298014,0.581945184576548,"Non-neuronal","Nrarp"
"Slc7a10",0.263887497972099,8.03053095898988,4.4379464545973,0.000257762099796764,0.00359334434298014,0.582362756789293,"Non-neuronal","Slc7a10"
"Rit12",0.263886165891074,8.02764261331709,4.43431620994389,0.00025994372606245,0.00359334434298014,0.574607192505822,"Non-neuronal","Rit12"
"Brix12",0.263885659518128,8.03519824280485,4.42582740386466,0.000265118009930928,0.0035986031377348,0.556485933097996,"Non-neuronal","Brix12"
"Rapgef32",0.263880786347313,8.03024489221312,4.43940962092587,0.000256888020336247,0.00359334434298014,0.585486736622611,"Non-neuronal","Rapgef32"
"Tmem176b1",0.263873181163897,8.02992118793298,4.44106528975106,0.00025590254178925,0.00359334434298014,0.589021623261612,"Non-neuronal","Tmem176b1"
"Nono2",0.26387075070393,8.02685580561569,4.43251673636848,0.00026103201910463,0.00359334434298014,0.5707632833014,"Non-neuronal","Nono2"
"Ntmt12",0.263866874604157,8.02973269880109,4.441966091055,0.000255367971912889,0.00359334434298014,0.590944663193752,"Non-neuronal","Ntmt12"
"Gpbp1l12",0.263860465269212,8.02954786712768,4.44284186054965,0.000254849335220734,0.00359334434298014,0.592814216902854,"Non-neuronal","Gpbp1l12"
"AW5549182",0.263860324465911,8.02954381243655,4.44286106624162,0.000254837973374996,0.00359334434298014,0.592855216015404,"Non-neuronal","AW5549182"
"Idh21",0.263856320025146,8.02942860101884,4.4434066707063,0.000254515413684211,0.00359334434298014,0.594019932212528,"Non-neuronal","Idh21"
"Ptpn142",0.263843854728804,8.03806351632186,4.43345743859184,0.000260462526155396,0.00359334434298014,0.572782131501827,"Non-neuronal","Ptpn142"
"Gdpd52",0.263837081032071,8.03778995163578,4.43504820878044,0.000259502333343191,0.00359334434298014,0.576178835946127,"Non-neuronal","Gdpd52"
"Slc35b22",0.263834290613622,8.02879836977636,4.4463873250479,0.000252760506312578,0.00359334434298014,0.600382602548327,"Non-neuronal","Slc35b22"
"Sash11",0.263830666584886,8.02869526843299,4.4468742966348,0.000252474954661882,0.00359334434298014,0.601422085144487,"Non-neuronal","Sash11"
"Sox61",0.263826154794892,8.0243179738355,4.42231565709986,0.000267288781239333,0.0035986031377348,0.548972737403152,"Non-neuronal","Sox61"
"Simc12",0.26382602735203,8.0373444116103,4.43764128941351,0.000257944779315483,0.00359334434298014,0.581715519871185,"Non-neuronal","Simc12"
"Zfp36l21",0.263823557691859,8.02849349639116,4.44782677994576,0.000251917374112713,0.00359334434298014,0.603455214696181,"Non-neuronal","Zfp36l21"
"Ccdc1732",0.26382313398244,8.0260005657672,4.43367173895276,0.000260332965672952,0.00359334434298014,0.573228352147074,"Non-neuronal","Ccdc1732"
"Dapp1",0.263815487333492,8.02470911456785,4.43210154548201,0.000261283770778589,0.00359334434298014,0.56987310341598,"Non-neuronal","Dapp1"
"Tm2d12",0.263808128498034,8.0254674664263,4.44410749962931,0.000254101689086133,0.00359334434298014,0.595510205093746,"Non-neuronal","Tm2d12"
"Gpd12",0.263808052625179,8.02805557421484,4.44989156673185,0.000250712910248118,0.00359334434298014,0.607862492601851,"Non-neuronal","Gpd12"
"Ankrd452",0.263804555240255,8.03648309019409,4.44266076408009,0.000254956494706057,0.00359334434298014,0.592432228883829,"Non-neuronal","Ankrd452"
"Ganc2",0.263800569679548,8.02784528197808,4.45088186614681,0.000250137293330125,0.00359334434298014,0.609976220547916,"Non-neuronal","Ganc2"
"Bbs13",0.263794713753831,8.03608966744484,4.44495696197967,0.000253601128870471,0.00359334434298014,0.597334337149833,"Non-neuronal","Bbs13"
"Cdkn2aip2",0.263788890808188,8.035857287856,4.44631425511294,0.000252803381310278,0.00359334434298014,0.600231896455435,"Non-neuronal","Cdkn2aip2"
"Tpst12",0.263787229212948,8.03579103178484,4.44670138474255,0.00025257630995475,0.00359334434298014,0.601058330027025,"Non-neuronal","Tpst12"
"Spata242",0.263786928987201,8.02499525283239,4.43795188434277,0.00025775885059534,0.00359334434298014,0.582366318954362,"Non-neuronal","Spata242"
"Amigo22",0.263779535273348,8.03803034846234,4.44634639713596,0.00025278452054209,0.00359334434298014,0.600301838368344,"Non-neuronal","Amigo22"
"Dlst2",0.263769044766099,8.02475672409429,4.44313799662217,0.000254674201554219,0.00359334434298014,0.593439137282529,"Non-neuronal","Dlst2"
"E130307A14Rik2",0.263768133206396,8.03757419316671,4.44898558088824,0.000251240688215755,0.00359334434298014,0.605935757063878,"Non-neuronal","E130307A14Rik2"
"Riok22",0.263766413726843,8.02447323242419,4.44083233580523,0.000256040968892641,0.00359334434298014,0.58851583610207,"Non-neuronal","Riok22"
"B3galt42",0.263758291047359,8.04979873651997,4.43349190557564,0.000260441683922774,0.00359334434298014,0.572863038532004,"Non-neuronal","B3galt42"
"Tdp22",0.263752436165142,8.02403332855988,4.44166039032067,0.000255549260192287,0.00359334434298014,0.590283119602626,"Non-neuronal","Tdp22"
"Lrch12",0.26374839987655,8.03678414900781,4.45354914397021,0.000248593536954448,0.00359334434298014,0.615677016505288,"Non-neuronal","Lrch12"
"Slc32a12",0.263747125939057,8.03673317383809,4.45384349480944,0.000248423762894284,0.00359334434298014,0.616305300576664,"Non-neuronal","Slc32a12"
"Zfp7582",0.263739629992224,8.03643350930533,4.45557450227832,0.000247427722580018,0.00359334434298014,0.62000001793012,"Non-neuronal","Zfp7582"
"Rxrb2",0.263734059955138,8.0260059629834,4.45950798504914,0.000245179287592477,0.00359334434298014,0.628386387874143,"Non-neuronal","Rxrb2"
"Rab1b2",0.263729162184722,8.02385151438155,4.44990256110042,0.000250706512392111,0.00359334434298014,0.607879510860339,"Non-neuronal","Rab1b2"
"Arhgef402",0.263727111982774,8.025561932136,4.36865643925946,0.000302773834241789,0.00384853928368274,0.434313258728236,"Non-neuronal","Arhgef402"
"Fbxo212",0.263725586530437,8.02568325124684,4.37160129360438,0.000300708795291898,0.00384853928368274,0.44060876515006,"Non-neuronal","Fbxo212"
"Acox12",0.263718686671218,8.02326560269308,4.44722903860517,0.000252267144759539,0.00359334434298014,0.602170990830015,"Non-neuronal","Acox12"
"Rbbp72",0.263709998690265,8.03274148818563,4.46457797457873,0.00024231154822456,0.00359334434298014,0.639214079821971,"Non-neuronal","Rbbp72"
"Htatsf12",0.263703985194922,8.03501498692133,4.46378296296847,0.00024275898636891,0.00359334434298014,0.637518720038347,"Non-neuronal","Htatsf12"
"Afg3l22",0.263702622365915,8.02515492573223,4.4634763522216,0.000242931771432591,0.00359334434298014,0.63685477582745,"Non-neuronal","Afg3l22"
"C230037L18Rik2",0.263699440104918,8.02466099858135,4.36940766339271,0.000302245697022286,0.00384853928368274,0.43591731446173,"Non-neuronal","C230037L18Rik2"
"Etv52",0.263684949895658,8.02468161103531,4.46567675142052,0.00024169451645288,0.00359334434298014,0.641550081525594,"Non-neuronal","Etv52"
"Cldn101",0.263677680796444,8.01997476112922,4.43175389491756,0.000261494757350245,0.00359334434298014,0.569122127381668,"Non-neuronal","Cldn101"
"Mrpl232",0.263662304800605,8.03089320432179,4.47545296340827,0.000236273805232197,0.00355284178477619,0.6624190379927,"Non-neuronal","Mrpl232"
"Psmb62",0.26366223879423,8.033367971209,4.47334120560454,0.00023743426259519,0.00356370429190382,0.657914564159794,"Non-neuronal","Psmb62"
"Cpsf22",0.263649355103103,8.04898434992022,4.48251377412158,0.000232435081384131,0.00353182038740981,0.677492513336271,"Non-neuronal","Cpsf22"
"Ablim32",0.263645632688838,8.03723531715935,4.47639852511318,0.000235756052643608,0.00355162127454769,0.664439957829309,"Non-neuronal","Ablim32"
"Tgfbr12",0.26364438368858,8.02094615122865,4.4501636741135,0.000250554613526387,0.00359334434298014,0.608432054324678,"Non-neuronal","Tgfbr12"
"Sall3",0.263644290728817,8.0371817975538,4.47670853929633,0.000235586550036428,0.00355162127454769,0.665101371122025,"Non-neuronal","Sall3"
"Vac142",0.263621292275845,8.03626690108562,4.48201334141816,0.000232705067935053,0.00353182038740981,0.676418478098092,"Non-neuronal","Vac142"
"Setd22",0.263602762851382,8.05226764477181,4.44499274894581,0.000253580062606438,0.00359334434298014,0.597420116559671,"Non-neuronal","Setd22"
"Lmtk22",0.263600328781119,8.03543675233666,4.48683523808416,0.000230116721119715,0.00350561709046607,0.686704286094194,"Non-neuronal","Lmtk22"
"1500011K16Rik2",0.263592017298056,8.0306444641349,4.48918154629371,0.00022886776165314,0.00350024567277723,0.691706671226969,"Non-neuronal","1500011K16Rik2"
"Slc38a12",0.263590401874779,8.03504490285696,4.48911406070739,0.000228903589172402,0.00350024567277723,0.69156498411377,"Non-neuronal","Slc38a12"
"Zcchc62",0.263584313346164,8.03480496396704,4.49051031112761,0.000228163482073979,0.00350024567277723,0.694543051691889,"Non-neuronal","Zcchc62"
"Ctu22",0.263580297443122,8.03464686837291,4.49143066040806,0.0002276769543223,0.00350024567277723,0.696506019708586,"Non-neuronal","Ctu22"
"Fam69b2",0.263568440607441,8.03418085653849,4.49414519565374,0.000226248042126481,0.00349246266166779,0.702295494879834,"Non-neuronal","Fam69b2"
"Cacng32",0.263559756540954,8.03384026334578,4.49613072298469,0.000225208602544271,0.00348302658117422,0.70652995171562,"Non-neuronal","Cacng32"
"Cebpzos1",0.263548561495652,8.01984486426225,4.47820092754831,0.000234772292659415,0.00355162127454769,0.668267462919522,"Non-neuronal","Cebpzos1"
"C130071C03Rik2",0.263544232371166,8.07155816607734,4.5046442993668,0.000220805978546576,0.00343452511563364,0.724699877500496,"Non-neuronal","C130071C03Rik2"
"Sobp2",0.263540470570693,8.03308779466728,4.50051865042203,0.00022292853142181,0.00345433067260272,0.715887268751293,"Non-neuronal","Sobp2"
"Ppp2r1a2",0.263514605175433,8.03208720225324,4.5063542378104,0.00021993223792736,0.00342748803743117,0.728330351876141,"Non-neuronal","Ppp2r1a2"
"Rab11fip32",0.263512668586129,8.03034925259242,4.55170013520414,0.000197991382690605,0.00333469958216992,0.824966191066083,"Non-neuronal","Rab11fip32"
"Pdcd42",0.263482473917349,8.02926578186318,4.55551527000726,0.000196249307938572,0.00331910212074903,0.833091151141013,"Non-neuronal","Pdcd42"
"Zfp262",0.263481577815979,8.02929530201303,4.55631371896347,0.000195886680423125,0.00331910212074903,0.834791647025064,"Non-neuronal","Zfp262"
"Ttc82",0.263474457182544,8.03562130450825,4.51446671976381,0.000215834208171908,0.00337804868687539,0.745627941191295,"Non-neuronal","Ttc82"
"Swt12",0.263469482109957,8.03548502290807,4.51598458114118,0.000215076053427181,0.00337804868687539,0.748863630690226,"Non-neuronal","Swt12"
"6030458C11Rik2",0.263468127360396,8.0354372429601,4.51631809892077,0.000214909825272658,0.00337804868687539,0.749574581912675,"Non-neuronal","6030458C11Rik2"
"AC124490.12",0.263466426370793,8.03548866538886,4.5175362264039,0.000214303800037455,0.00337804868687539,0.752171285221673,"Non-neuronal","AC124490.12"
"Iqsec32",0.263460304239573,8.035054679755,4.5174470187296,0.000214348122807334,0.00337804868687539,0.751980935023849,"Non-neuronal","Iqsec32"
"Capn51",0.263458668467345,8.02994155879753,4.51890273054109,0.000213626007539691,0.00337804868687539,0.755081743408401,"Non-neuronal","Capn51"
"Phgdh1",0.263448839056102,8.01329206351777,4.43723246206984,0.000258189717978729,0.00359334434298014,0.580807355321681,"Non-neuronal","Phgdh1"
"Ccdc1072",0.263445239363896,8.03459634138857,4.52168275362204,0.000212253768915572,0.00337804868687539,0.761009505068997,"Non-neuronal","Ccdc1072"
"Zfp354c2",0.263442285856432,8.03446611361172,4.52221313813335,0.000211992979066433,0.00337804868687539,0.762139939527597,"Non-neuronal","Zfp354c2"
"Dazap22",0.263429478870917,8.04704771030013,4.54202891489292,0.000202477721037022,0.00335469706850544,0.804370766551834,"Non-neuronal","Dazap22"
"Mast12",0.26341536514408,8.03366761154945,4.52980407244651,0.000208295738410479,0.00336469189976316,0.778317799379385,"Non-neuronal","Mast12"
"Slitrk52",0.263412737053494,8.04297038063089,4.50134068249843,0.000222503979617808,0.00345433067260272,0.717644867839816,"Non-neuronal","Slitrk52"
"Socs62",0.263401079712768,8.03318712098404,4.53342395837822,0.000206555609044294,0.00336469189976316,0.786031477457198,"Non-neuronal","Socs62"
"Trmt1122",0.263397093902174,8.03293673312049,4.53365288117765,0.000206446056996588,0.00336469189976316,0.786519183004442,"Non-neuronal","Trmt1122"
"Rest1",0.263383087621699,8.03658256373697,4.53536900319933,0.000205626663568132,0.00336469189976316,0.790177363731968,"Non-neuronal","Rest1"
"Pik3cb2",0.263381591260917,8.03652371308133,4.53571056221515,0.00020546397194846,0.00336469189976316,0.790905122367841,"Non-neuronal","Pik3cb2"
"Jun2",0.263372327825831,8.04407282826919,4.51561017146506,0.000215262816955842,0.00337804868687539,0.748069171192022,"Non-neuronal","Jun2"
"Trak22",0.263370331417963,8.04386074628678,4.51427660770944,0.000215929356751715,0.00337804868687539,0.745226223777351,"Non-neuronal","Trak22"
"Fbxl32",0.263370205207343,8.04497887910258,4.55628481420917,0.000195899796144638,0.00331910212074903,0.834735591282328,"Non-neuronal","Fbxl32"
"Zfp9482",0.263368130758601,8.03599510634603,4.53878007508518,0.000204007714518383,0.00335951975224098,0.797445059100987,"Non-neuronal","Zfp9482"
"Zfp6872",0.263360230923815,8.03568552736096,4.54057904356097,0.000203159081086157,0.00335914456226807,0.801277738861224,"Non-neuronal","Zfp6872"
"Tmem50a2",0.263356264482038,8.02603618888117,4.57484768920974,0.000187656621876093,0.00324730197406655,0.874251833907318,"Non-neuronal","Tmem50a2"
"Arxes22",0.263343616797955,8.03503602555045,4.5443564152389,0.000201388741489553,0.00335030145606853,0.809324845614978,"Non-neuronal","Arxes22"
"4732440D04Rik2",0.263338026523976,8.03484757260926,4.54649985826401,0.000200391105283467,0.00334586496447053,0.813890860129971,"Non-neuronal","4732440D04Rik2"
"Rrn32",0.263337205535028,8.03478595567974,4.54581188459388,0.000200710768612369,0.00334586496447053,0.812425303366537,"Non-neuronal","Rrn32"
"Bbx2",0.263336699195498,8.03476621945214,4.54592678059053,0.00020065734702772,0.00334586496447053,0.812670051522199,"Non-neuronal","Bbx2"
"Kcnq22",0.263325832938439,8.03434314459033,4.54839066189315,0.000199515196947398,0.00334586496447053,0.817918377173334,"Non-neuronal","Kcnq22"
"Derl22",0.263310486973048,8.03383163066439,4.55284489922199,0.000197467025668938,0.00333276816144567,0.82740566044361,"Non-neuronal","Derl22"
"Stard72",0.263309554871757,8.05787702705679,4.5928487509703,0.000179997358852585,0.0031901492685529,0.912570343013765,"Non-neuronal","Stard72"
"Ypel42",0.263302612959422,8.04950630419942,4.54963400854484,0.000198941327281041,0.00334377623436213,0.82057200160081,"Non-neuronal","Ypel42"
"Epha32",0.263296214661969,8.05052924025249,4.56280580801633,0.000192963191508602,0.00329809003353623,0.848623595480615,"Non-neuronal","Epha32"
"Scaper2",0.263287408715695,8.03300191426993,4.5583289672043,0.00019497442967863,0.00331910212074903,0.839084929302464,"Non-neuronal","Scaper2"
"Strn2",0.263273082624615,8.05596215945244,4.58868843447938,0.000181739006851114,0.00320010134357969,0.903717965002946,"Non-neuronal","Strn2"
"Bhlhe412",0.26326714973419,8.03223200146877,4.5627685961394,0.000192979822490872,0.00329809003353623,0.84853868882684,"Non-neuronal","Bhlhe412"
"Cobl2",0.26324722856058,8.07005622047445,4.60308139070749,0.000175784993748607,0.00317370348270851,0.934340270321232,"Non-neuronal","Cobl2"
"Thoc72",0.263240484732427,8.04552367303903,4.5562440899298,0.000195918276556979,0.00331910212074903,0.834649039461391,"Non-neuronal","Thoc72"
"Pik3ca2",0.263239714531775,8.03132629652698,4.56972609535533,0.000189895344833716,0.00325906884013139,0.863351989078343,"Non-neuronal","Pik3ca2"
"Btbd102",0.263229309167944,8.03102996103761,4.57265652495716,0.000188611132235471,0.00324730197406655,0.869590447343968,"Non-neuronal","Btbd102"
"Cep1042",0.263220474262566,8.03203810195011,4.57220015470032,0.000188810551165763,0.00324730197406655,0.868619223746486,"Non-neuronal","Cep1042"
"Yae1d12",0.263219993186912,8.03201856183719,4.57229081556614,0.000188770918387793,0.00324730197406655,0.868812218984312,"Non-neuronal","Yae1d12"
"Rbfox32",0.263204861062113,8.03149948938412,4.5759758512367,0.000187167077478972,0.00324649077887301,0.876656480095825,"Non-neuronal","Rbfox32"
"Dnajc32",0.263203052955371,8.03144022866461,4.57643896364625,0.000186966492106244,0.00324649077887301,0.87764224739394,"Non-neuronal","Dnajc32"
"Gm143262",0.263181353065075,8.03071915727672,4.58188446912504,0.000184624124575403,0.00321609690240022,0.889232495995274,"Non-neuronal","Gm143262"
"Mark22",0.26317784835422,8.0305145876517,4.58199282407105,0.00018457781787571,0.00321609690240022,0.889463049720153,"Non-neuronal","Mark22"
"Sema3c2",0.263161190797365,8.04930952930983,4.60523764899559,0.000174910126469926,0.00316902868336938,0.938923238180795,"Non-neuronal","Sema3c2"
"Cyth22",0.263156335394668,8.02955574286544,4.58290405202653,0.000184188858064426,0.00321609690240022,0.891401995835568,"Non-neuronal","Cyth22"
"Tbk12",0.263143966372542,8.02941228194058,4.58748995229761,0.000182243881632896,0.00320206042566654,0.90116121288291,"Non-neuronal","Tbk12"
"3222401L13Rik1",0.263139135941779,8.03316766026493,4.59458752841364,0.000179274451252092,0.00318427436885539,0.91626436267495,"Non-neuronal","3222401L13Rik1"
"Frmd62",0.263118878630008,8.04467823490991,4.58432663360534,0.000183583279479262,0.00321609690240022,0.894433628308747,"Non-neuronal","Frmd62"
"Rrp1b2",0.263113840714902,8.0293940554612,4.5897118402966,0.000181309003046152,0.00319945496698578,0.90588919946091,"Non-neuronal","Rrp1b2"
"Nacc22",0.263111538157923,8.03203324662601,4.59968114061535,0.000177173579398537,0.00317468517270287,0.927100347922634,"Non-neuronal","Nacc22"
"Thap14",0.263108987159293,8.02873823859779,4.5959603097719,0.000178705780419754,0.00318111930790962,0.919183562129076,"Non-neuronal","Thap14"
"Slc8a32",0.263103418322339,8.03165738906083,4.60076767377142,0.000176728663511611,0.00317370348270851,0.929411582320021,"Non-neuronal","Slc8a32"
"Zfp16",0.263100335376047,8.02905780376508,4.59190173187166,0.000180392325443382,0.00319019905974329,0.91054864219975,"Non-neuronal","Zfp16"
"Afg3l12",0.263098306819019,8.03188292211125,4.60219307881033,0.000176146696235051,0.00317370348270851,0.932443713278054,"Non-neuronal","Afg3l12"
"Egr12",0.263094152221603,8.02829466199719,4.59711757424393,0.000178227802126428,0.00318111930790962,0.921645359861061,"Non-neuronal","Egr12"
"Ppib2",0.263077483974726,8.04695838290272,4.63387466212283,0.000163699638959791,0.00316582904288603,0.999806800547784,"Non-neuronal","Ppib2"
"Caprin22",0.263075449334258,8.03092728870786,4.60966806329607,0.000173126332119871,0.00316902868336938,0.948342139961642,"Non-neuronal","Caprin22"
"Scamp52",0.263068068178383,8.03040784156566,4.60902393535387,0.00017338452802443,0.00316902868336938,0.94697215726591,"Non-neuronal","Scamp52"
"Dcaf16",0.263067693213336,8.02821513491418,4.59651743280118,0.000178475513724934,0.00318111930790962,0.920368541006724,"Non-neuronal","Dcaf16"
"Mettl42",0.263066087124799,8.0340051190971,4.61048547686904,0.000172799234460377,0.00316902868336938,0.950081128989717,"Non-neuronal","Mettl42"
"Tars22",0.263062575820401,8.03387750339107,4.61129263766748,0.000172476852090472,0.00316902868336938,0.951797622709411,"Non-neuronal","Tars22"
"Pcgf22",0.26305843325693,8.03374223265909,4.61237338304884,0.000172046150300979,0.00316902868336938,0.954095863881021,"Non-neuronal","Pcgf22"
"Cop12",0.263052475603904,8.03352697855228,4.61376087861568,0.000171494793785329,0.00316902868336938,0.957046311094154,"Non-neuronal","Cop12"
"Bbs52",0.263052223229773,8.03345728041874,4.61330185865618,0.00017167699915656,0.00316902868336938,0.956070211000143,"Non-neuronal","Bbs52"
"Tmem1012",0.263039922919905,8.0297688203601,4.61433485063172,0.000171267233656206,0.00316902868336938,0.958266065141033,"Non-neuronal","Tmem1012"
"Lrfn52",0.263038233914227,8.02980727740954,4.61586594288361,0.00017066169920226,0.00316902868336938,0.961521757762395,"Non-neuronal","Lrfn52"
"Tmem106c2",0.263036049980845,8.02980574281712,4.61702675092471,0.00017020405085616,0.00316902868336938,0.96398997682935,"Non-neuronal","Tmem106c2"
"Fars22",0.263034695955883,8.03267784107674,4.61600895467536,0.000170605249760755,0.00316902868336938,0.961826410917628,"Non-neuronal","Fars22"
"Csdc22",0.263033122681655,8.03807262862051,4.54260027266086,0.000202209847942293,0.00335469706850544,0.805584754148018,"Non-neuronal","Csdc22"
"Nlgn12",0.263028658464701,8.0292926698464,4.61665610488006,0.000170350043106058,0.00316902868336938,0.963201664910714,"Non-neuronal","Nlgn12"
"Virma2",0.263025057081525,8.02707057263219,4.60139990875388,0.000176470294069944,0.00317370348270851,0.930754570345007,"Non-neuronal","Virma2"
"Cyp4f132",0.263013541316667,8.01252880494209,4.52879203930919,0.000208784876711286,0.00336469189976316,0.776138880048139,"Non-neuronal","Cyp4f132"
"Snw12",0.263006763550036,8.04616734128117,4.64250702550938,0.000160464867908613,0.00316582904288603,1.01814986352691,"Non-neuronal","Snw12"
"E130309D02Rik2",0.262997163818138,8.02644655875323,4.606582650248,0.000174366642097262,0.00316902868336938,0.94177817910627,"Non-neuronal","E130309D02Rik2"
"Fam76a2",0.262996466207804,8.04581591419935,4.64478559154902,0.000159621856650374,0.00316582904288603,1.02299084736785,"Non-neuronal","Fam76a2"
"2010111I01Rik2",0.262993615395516,8.04357170698236,4.69254178599153,0.000142947556819763,0.00307820238073301,1.12437672148571,"Non-neuronal","2010111I01Rik2"
"Pacs12",0.262988851215431,8.0282403371376,4.6218705301842,0.000168307732466911,0.00316902868336938,0.974287782924629,"Non-neuronal","Pacs12"
"Srp192",0.262987965617477,8.03915024125317,4.6059708887362,0.000174613629211394,0.00316902868336938,0.940480708746944,"Non-neuronal","Srp192"
"Trappc15",0.262986074627524,8.02629707027953,4.61032756954866,0.000172862374250488,0.00316902868336938,0.949742757143733,"Non-neuronal","Trappc15"
"F8a2",0.26298554653733,8.02844424711821,4.62332511658502,0.000167742446030625,0.00316902868336938,0.977380219638612,"Non-neuronal","F8a2"
"Sec23a2",0.262972289195079,8.02570590895508,4.60773853560715,0.000173900938052235,0.00316902868336938,0.944236205927492,"Non-neuronal","Sec23a2"
"Gm143912",0.262962568213053,8.01108298067395,4.52861312570784,0.00020887147011437,0.00336469189976316,0.775755325891419,"Non-neuronal","Gm143912"
"Mrpl572",0.262960202785254,8.03023814426295,4.63504790817492,0.000163256152963754,0.00316582904288603,1.0022979138137,"Non-neuronal","Mrpl572"
"Sept52",0.262952554387748,8.03000555077692,4.63703870637,0.000162506408828379,0.00316582904288603,1.00652853505106,"Non-neuronal","Sept52"
"Cct82",0.262950442637027,8.02762782970723,4.62942251398189,0.000165393650058582,0.00316582904288603,0.990341192156011,"Non-neuronal","Cct82"
"Il6st2",0.262941950269137,8.01067447889438,4.53160632833927,0.000207427528215676,0.00336469189976316,0.782133793793249,"Non-neuronal","Il6st2"
"Coq52",0.262941131920347,8.03014484962491,4.64114963810504,0.000160969203661482,0.00316582904288603,1.01526393455113,"Non-neuronal","Coq52"
"Slc4a82",0.2629408378881,8.04283228835851,4.62965130820751,0.000165306165283371,0.00316582904288603,0.990830216224395,"Non-neuronal","Slc4a82"
"Myt12",0.26293156052814,8.0478813375323,4.67138940911614,0.000150104103525412,0.00310988037834514,1.0794888230823,"Non-neuronal","Myt12"
"Get42",0.262922056507502,8.02953400315507,4.64365682599439,0.000160038910204229,0.00316582904288603,1.02059085562999,"Non-neuronal","Get42"
"Gpsm12",0.2629218476441,8.05714706777749,4.67148194992685,0.000150072017687567,0.00310988037834514,1.07968556183508,"Non-neuronal","Gpsm12"
"Pigm2",0.262917589587931,8.02954930507006,4.64643728578446,0.000159013571274052,0.00316582904288603,1.02649807718541,"Non-neuronal","Pigm2"
"Trim462",0.262914886372161,8.02737291318777,4.63099103380227,0.000164794827777781,0.00316582904288603,0.993674953633939,"Non-neuronal","Trim462"
"Ubap12",0.262913220830726,8.02743938792888,4.63317604761571,0.000163964292671562,0.00316582904288603,0.998318924974035,"Non-neuronal","Ubap12"
"BC0020592",0.26289666331117,8.02698577734701,4.63480852052979,0.000163346542598339,0.00316582904288603,1.00178817943512,"Non-neuronal","BC0020592"
"Kif3b2",0.262896485077819,8.02697978851194,4.63480570243601,0.000163347606974684,0.00316582904288603,1.00178218840936,"Non-neuronal","Kif3b2"
"Hid12",0.262893120766368,8.02689920422065,4.63533721426663,0.00016314698222367,0.00316582904288603,1.00291172110066,"Non-neuronal","Hid12"
"Wipf22",0.262889996346988,8.02681898910063,4.63573139239834,0.000162998356338005,0.00316582904288603,1.00374938386627,"Non-neuronal","Wipf22"
"Ciapin12",0.262885154959469,8.00891441422059,4.52666077479614,0.000209818757362415,0.00336661852296498,0.771590645461794,"Non-neuronal","Ciapin12"
"Tubgcp42",0.262880850595324,8.03387224724855,4.65560812843208,0.000155678500618467,0.00313476386765156,1.04597891233084,"Non-neuronal","Tubgcp42"
"Garem12",0.262880475740808,8.0436017544918,4.72328302280429,0.000133157090684034,0.00307820238073301,1.18955964516091,"Non-neuronal","Garem12"
"Grip12",0.262873371086163,8.03360846920625,4.65737802799091,0.000155043042813688,0.00313476386765156,1.04973782452498,"Non-neuronal","Grip12"
"Eya32",0.262871341187197,8.0335117503727,4.65761611269008,0.000154957762112391,0.00313476386765156,1.05024344893457,"Non-neuronal","Eya32"
"Srebf22",0.262854887612648,8.02582139210143,4.63819623354597,0.00016207207911133,0.00316582904288603,1.00898701593124,"Non-neuronal","Srebf22"
"Tub2",0.262853010793524,8.05125762949537,4.69050802584411,0.000143620387076305,0.00307820238073301,1.1200620441122,"Non-neuronal","Tub2"
"Arid3b2",0.262850243602011,8.031996691755,4.66253557663316,0.000153206208552059,0.00312364036734586,1.06069024116768,"Non-neuronal","Arid3b2"
"Sh2b12",0.262848623980092,8.00809783205007,4.52893698421552,0.000208714750561887,0.00336469189976316,0.776440613110754,"Non-neuronal","Sh2b12"
"Thop12",0.262839679297791,8.03242124798317,4.6652587672715,0.000152245247894117,0.00311712846209006,1.06647252942099,"Non-neuronal","Thop12"
"Upp22",0.262835573884648,8.03222416650973,4.66577101087082,0.000152065169171769,0.00311712846209006,1.06756013228493,"Non-neuronal","Upp22"
"Nr4a22",0.262823439711428,8.03182671757213,4.66880728576391,0.000151002181861872,0.00310988037834514,1.07400649363474,"Non-neuronal","Nr4a22"
"Gaa2",0.262821708105315,8.02690738642385,4.6565620495054,0.000155335682147612,0.00313476386765156,1.04800399229217,"Non-neuronal","Gaa2"
"Thoc32",0.262817734383246,8.02678063286622,4.65662404959533,0.000155313427091764,0.00313476386765156,1.04813564506867,"Non-neuronal","Thoc32"
"Reep22",0.262817031057582,8.05599033735701,4.71434162994441,0.000135932650913065,0.00307820238073301,1.17060649793203,"Non-neuronal","Reep22"
"Arl62",0.262815959225826,8.03145284062511,4.6695522838492,0.000150742510821385,0.00310988037834514,1.07558810701323,"Non-neuronal","Arl62"
"Naa102",0.262811601689123,8.03059236865233,4.67096075778086,0.000150252816414406,0.00310988037834514,1.07857816257969,"Non-neuronal","Naa102"
"Kcnn22",0.262811196596479,8.00753267457748,4.53648032095306,0.000205097795899799,0.00336469189976316,0.792515244106882,"Non-neuronal","Kcnn22"
"Eri32",0.262808301339189,8.03126019565666,4.67200378718541,0.000149891215530531,0.00310988037834514,1.08079238795526,"Non-neuronal","Eri32"
"Nt5c22",0.262805628072729,8.0340534670035,4.71151767805069,0.000136821359877073,0.00307820238073301,1.16462100587509,"Non-neuronal","Nt5c22"
"Calu2",0.26280509597383,8.03038945171077,4.67272640517676,0.000149641211974957,0.00310988037834514,1.08232632339538,"Non-neuronal","Calu2"
"Ndufaf52",0.262802257142179,8.03027275325716,4.67319292638434,0.000149480033997943,0.00310988037834514,1.08331663032476,"Non-neuronal","Ndufaf52"
"Fam212b2",0.262802103859698,8.05810786766075,4.72514961968346,0.000132584940314575,0.00307820238073301,1.19351418213095,"Non-neuronal","Fam212b2"
"Apip2",0.262798520992821,8.00672137887117,4.52558588363338,0.000210342146734446,0.00336837276315889,0.769295671680595,"Non-neuronal","Apip2"
"Gabpb12",0.262798499983849,8.00704502249898,4.53263358056931,0.000206934298932262,0.00336469189976316,0.784316955479412,"Non-neuronal","Gabpb12"
"Cnep1r12",0.26279560264255,8.03006245144048,4.67496055170135,0.000148870929555832,0.00310988037834514,1.08706873429653,"Non-neuronal","Cnep1r12"
"Mrps210",0.262789863225038,8.00659177734277,4.52726708362073,0.000209524111252199,0.00336661852296498,0.772878791208393,"Non-neuronal","Mrps210"
"Kctd172",0.262787639943359,8.03050908249536,4.67650501601787,0.000148340778461614,0.00310988037834514,1.09034699068585,"Non-neuronal","Kctd172"
"Tusc22",0.26277976399542,8.02414360420984,4.65104804587082,0.000157327890746799,0.00316015405240792,1.03629151723553,"Non-neuronal","Tusc22"
"Stx32",0.262775718618218,8.02960009459981,4.67980377890979,0.000147214832418765,0.00310988037834514,1.09734831217084,"Non-neuronal","Stx32"
"Gm144192",0.262759249979311,8.02335793061114,4.64791295264407,0.000158472094872147,0.00316582904288603,1.02963141190924,"Non-neuronal","Gm144192"
"Atat12",0.262744853708004,8.00539880802509,4.52411074463506,0.000211062570530394,0.00337326917733743,0.766148876379358,"Non-neuronal","Atat12"
"Tmem2372",0.262742086363194,8.02865914090414,4.68321073908925,0.000146061025771636,0.00310988037834514,1.10457853261414,"Non-neuronal","Tmem2372"
"Tmem1302",0.26273375682076,8.02850110501779,4.62191876744417,0.000168288955517789,0.00316902868336938,0.974390439788382,"Non-neuronal","Tmem1302"
"Oxct12",0.262732952470821,8.04828888511379,4.77760804606505,0.000117483539470248,0.00307820238073301,1.30458389554588,"Non-neuronal","Oxct12"
"Ubac12",0.262727157248778,8.00564237466776,4.53879193334818,0.000204002108886556,0.00335951975224098,0.797437705571094,"Non-neuronal","Ubac12"
"Ccdc1342",0.262724347449078,8.03153810561285,4.69722528490596,0.00014141020931961,0.00307820238073301,1.13431198660867,"Non-neuronal","Ccdc1342"
"Gnb12",0.262719535070489,8.04409460021634,4.71624701594009,0.000135336319861052,0.00307820238073301,1.17464640092518,"Non-neuronal","Gnb12"
"Pcdhgc42",0.262714329886459,8.03123222211923,4.70003645730936,0.000140495490188404,0.00307820238073301,1.14027461581945,"Non-neuronal","Pcdhgc42"
"Kcnj32",0.262709491761161,8.02777297547202,4.62242714680174,0.00016809119121135,0.00316902868336938,0.975470939273562,"Non-neuronal","Kcnj32"
"Chchd62",0.26270876716578,8.02793772097038,4.68996701755205,0.000143799907914228,0.00307820238073301,1.11891446027249,"Non-neuronal","Chchd62"
"Ctnnb12",0.262708405150507,8.02786065935835,4.68886413270992,0.000144166577388971,0.00307820238073301,1.1165744907201,"Non-neuronal","Ctnnb12"
"Aes2",0.262706294734406,8.02787306015447,4.69026993098779,0.000143699365296141,0.00307820238073301,1.11955713300063,"Non-neuronal","Aes2"
"Snx292",0.262705866290384,8.03088065770599,4.70139965157557,0.00014005408135928,0.00307820238073301,1.14316583108672,"Non-neuronal","Snx292"
"Sclt12",0.262702543862625,8.03066220879139,4.70104316952763,0.000140169376328793,0.00307820238073301,1.14240978746277,"Non-neuronal","Sclt12"
"Rbak2",0.262701811902425,8.03070385850928,4.70195634799428,0.000139874224019614,0.00307820238073301,1.14434650092179,"Non-neuronal","Rbak2"
"Hexdc2",0.262699750237221,8.0305782627452,4.70184311028326,0.000139910789893823,0.00307820238073301,1.14410634868148,"Non-neuronal","Hexdc2"
"Hikeshi2",0.262689177805662,8.02736259691091,4.6912430242556,0.000143376858256662,0.00307820238073301,1.12162165232988,"Non-neuronal","Hikeshi2"
"Dph52",0.26268378772884,8.02998894794574,4.70517741065665,0.000138838140803089,0.00307820238073301,1.15117747304045,"Non-neuronal","Dph52"
"C1d2",0.262678157594087,8.02717799079889,4.69430606936766,0.000142366460342127,0.00307820238073301,1.12811978648941,"Non-neuronal","C1d2"
"Immp1l2",0.262660447989371,8.02710581863446,4.69579719981763,0.000141877194559325,0.00307820238073301,1.13128293600265,"Non-neuronal","Immp1l2"
"Papd72",0.262659040209117,8.02745453643642,4.69553282338615,0.000141963816862928,0.00307820238073301,1.13072210510347,"Non-neuronal","Papd72"
"Mrps212",0.2626551397723,8.01469551868675,4.72707395928512,0.00013199769445973,0.00307820238073301,1.19759910521644,"Non-neuronal","Mrps212"
"Gm472832",0.262649524493242,8.04324210959386,4.73834066457074,0.000128611889759058,0.00307820238073301,1.22146347121273,"Non-neuronal","Gm472832"
"Mlycd2",0.262638563889377,8.02878100232312,4.71141761832341,0.000136852956673821,0.00307820238073301,1.16440929685539,"Non-neuronal","Mlycd2"
"Phrf12",0.262636670170356,8.03099511469607,4.71621605144764,0.000135345989670253,0.00307820238073301,1.1745817515845,"Non-neuronal","Phrf12"
"Neu12",0.262633371931056,8.02676406020547,4.69802919076575,0.000141148015491046,0.00307820238073301,1.13601741762931,"Non-neuronal","Neu12"
"Lage32",0.262630223229496,8.0425318454111,4.7424836519633,0.000127389081171488,0.00307820238073301,1.23023880177926,"Non-neuronal","Lage32"
"Tiam12",0.262624038631145,8.03056691012978,4.71925480537172,0.000134400349871736,0.00307820238073301,1.1810231268565,"Non-neuronal","Tiam12"
"L3mbtl32",0.262620230696755,8.03044977702625,4.72030812616642,0.000134074125924189,0.00307820238073301,1.18325574392493,"Non-neuronal","L3mbtl32"
"Setx2",0.262616198943019,8.02629711293696,4.69947472308135,0.000140677791560814,0.00307820238073301,1.13908351375015,"Non-neuronal","Setx2"
"Polr3gl2",0.262612439780475,8.0301502956798,4.72174488054771,0.000133630440009235,0.00307820238073301,1.18630097505674,"Non-neuronal","Polr3gl2"
"Abce12",0.262607972071359,8.02612328926501,4.70121463324155,0.000140113908813138,0.00307820238073301,1.14277379874441,"Non-neuronal","Abce12"
"Scrn12",0.262601068812285,8.02977877662872,4.7236905998726,0.000133031947104748,0.00307820238073301,1.19042475276421,"Non-neuronal","Scrn12"
"Oprl11",0.262599158187449,8.04257851693682,4.73444126847571,0.000129773652900834,0.00307820238073301,1.21320314451435,"Non-neuronal","Oprl11"
"Mrpl322",0.262596078693173,8.03058928786207,4.76227400985798,0.000121708295152562,0.00307820238073301,1.27214180598798,"Non-neuronal","Mrpl322"
"Dbn12",0.262594126919412,8.04002036035922,4.727911607494,0.000131742894279051,0.00307820238073301,1.19936866484084,"Non-neuronal","Dbn12"
"Cdk82",0.262585214022252,8.02565806489159,4.70624409371024,0.000138496746578931,0.00307820238073301,1.15343995446306,"Non-neuronal","Cdk82"
"Bag12",0.26257477178079,8.02482894025471,4.71106493430903,0.000136964385880719,0.00307820238073301,1.16366214395686,"Non-neuronal","Bag12"
"Slc37a32",0.262574090605757,8.02719331398566,4.72110626465505,0.00013382746808482,0.00307820238073301,1.184948036871,"Non-neuronal","Slc37a32"
"Zfp582",0.262572559855657,8.02525544884826,4.70592784558762,0.000138597873825239,0.00307820238073301,1.1527693789421,"Non-neuronal","Zfp582"
"Clns1a2",0.262564616944993,8.02884764391613,4.72883551907701,0.000131462431209107,0.00307820238073301,1.20132777158168,"Non-neuronal","Clns1a2"
"Dnpep2",0.262560449805671,8.02874872672524,4.7295521474216,0.000131245307247599,0.00307820238073301,1.20284628589486,"Non-neuronal","Dnpep2"
"Ptk2b2",0.262552581347283,8.02323946722211,4.62440383014678,0.000167324471587968,0.00316902868336938,0.979671248857077,"Non-neuronal","Ptk2b2"
"Apaf12",0.262548623859104,8.02455972560518,4.70647290724375,0.00013842362499308,0.00307820238073301,1.15392530425747,"Non-neuronal","Apaf12"
"Slc16a72",0.262544419622724,8.02842527229533,4.73332700779642,0.000130107576026899,0.00307820238073301,1.21084446083898,"Non-neuronal","Slc16a72"
"Mrpl362",0.262539065195791,8.02397482882077,4.71564694994697,0.000135523837216758,0.00307820238073301,1.17337650257088,"Non-neuronal","Mrpl362"
"Usf22",0.262538775556375,8.02821453417447,4.7328228626621,0.000130258944479844,0.00307820238073301,1.20977640795323,"Non-neuronal","Usf22"
"Spred12",0.262538240405557,8.0282593471184,4.73399683183579,0.00012990673816908,0.00307820238073301,1.21226361165863,"Non-neuronal","Spred12"
"Aip2",0.262526017463283,8.0258614772204,4.72479695828969,0.000132692847383016,0.00307820238073301,1.19277036193481,"Non-neuronal","Aip2"
"Hcn12",0.262519781234828,8.02395788180863,4.71220301219687,0.000136605143783364,0.00307820238073301,1.16607523164921,"Non-neuronal","Hcn12"
"Mxd12",0.262517390609175,8.03078075933783,4.75049997393909,0.000125056357828265,0.00307820238073301,1.24721655147549,"Non-neuronal","Mxd12"
"St6galnac32",0.262510618704218,8.03766773855999,4.69859454966487,0.000140963918268711,0.00307820238073301,1.13721613861184,"Non-neuronal","St6galnac32"
"Ik2",0.262508004759884,8.02803575465387,4.77398358938036,0.000118468536470023,0.00307820238073301,1.29692157585581,"Non-neuronal","Ik2"
"Zfp682",0.26249051032356,8.02983893043739,4.75607217748708,0.000123460380614417,0.00307820238073301,1.25901416525647,"Non-neuronal","Zfp682"
"Bicdl12",0.262465458855709,8.0273037208623,4.74430500538295,0.000126855235943024,0.00307820238073301,1.23409901702782,"Non-neuronal","Bicdl12"
"Tmeff12",0.262453860523397,8.02405881571461,4.73300530180334,0.000130204146969258,0.00307820238073301,1.21016418401453,"Non-neuronal","Tmeff12"
"Nfrkb2",0.262436898353947,8.02659285144977,4.74811650126967,0.000125745388106518,0.00307820238073301,1.24217099768573,"Non-neuronal","Nfrkb2"
"Mynn2",0.262429372599046,8.04221073378342,4.84590889255641,0.000100396824924898,0.00307820238073301,1.44888549468701,"Non-neuronal","Mynn2"
"Smc1a2",0.262423731940188,8.02804971529633,4.76354940987712,0.000121351112770942,0.00307820238073301,1.27484218521455,"Non-neuronal","Smc1a2"
"Map3k42",0.262418063405508,8.02797774351479,4.76579048282392,0.000120726057321809,0.00307820238073301,1.27958515601867,"Non-neuronal","Map3k42"
"Elovl52",0.262414360047887,8.02794386291765,4.76747664885036,0.0001202579200254,0.00307820238073301,1.2831534761012,"Non-neuronal","Elovl52"
"Sirt32",0.262410066501903,8.02597197203411,4.75262270939987,0.000124445921058205,0.00307820238073301,1.25171283488322,"Non-neuronal","Sirt32"
"Rap2c1",0.262408632944832,8.02590014771136,4.75192987040715,0.00012464482905746,0.00307820238073301,1.25024592226909,"Non-neuronal","Rap2c1"
"Dab21",0.262404714141184,8.02773948901116,4.76951561327791,0.000119694287959838,0.00307820238073301,1.28746820345239,"Non-neuronal","Dab21"
"Fgf142",0.262388514913659,8.02549676845949,4.75663816494402,0.00012329942965574,0.00307820238073301,1.26021425929502,"Non-neuronal","Fgf142"
"Asic12",0.262388342318208,8.02734168090642,4.77193970249105,0.000119027674491452,0.00307820238073301,1.29259759550165,"Non-neuronal","Asic12"
"Mtfp12",0.262377481423655,8.02667302343211,4.70795232302966,0.000137951791953942,0.00307820238073301,1.15706211207757,"Non-neuronal","Mtfp12"
"Utp112",0.26237530497422,8.0389939196719,4.801216859897,0.000111267297927363,0.00307820238073301,1.35450611448195,"Non-neuronal","Utp112"
"Tspyl12",0.262366733860309,8.0336904990404,4.76960916109715,0.000119668492749,0.00307820238073301,1.28766421034901,"Non-neuronal","Tspyl12"
"Arl152",0.262365058137443,8.02479357766531,4.75640346599019,0.000123366145662706,0.00307820238073301,1.25971773210295,"Non-neuronal","Arl152"
"Naa302",0.262349645398593,8.02613684690665,4.77191103708162,0.000119035535344847,0.00307820238073301,1.29253760727035,"Non-neuronal","Naa302"
"Arid1b2",0.262349425612197,8.02613250615083,4.7719636915774,0.000119021096420031,0.00307820238073301,1.29264901814608,"Non-neuronal","Arid1b2"
"Ftsj12",0.262345245455165,8.02617664304007,4.77568730799264,0.000118004489754015,0.00307820238073301,1.3005270398728,"Non-neuronal","Ftsj12"
"Nrep2",0.262341193235394,8.02581687009076,4.77037220252519,0.000119458299051195,0.00307820238073301,1.28928176494902,"Non-neuronal","Nrep2"
"Kcnq32",0.262341101436989,8.02020077269411,4.74238853879825,0.000127417021568867,0.00307820238073301,1.23004279446698,"Non-neuronal","Kcnq32"
"Rbm49",0.262326804656624,8.02949330962529,4.79770014647305,0.000112171702956471,0.00307820238073301,1.34707577841974,"Non-neuronal","Rbm49"
"Mrps162",0.262322670036313,8.04001697871928,4.82960326993642,0.000104232299509516,0.00307820238073301,1.41447062339119,"Non-neuronal","Mrps162"
"Zfp1312",0.262289305478778,8.02855163277138,4.80285671660602,0.000110848099030142,0.00307820238073301,1.3579756947965,"Non-neuronal","Zfp1312"
"Wdr472",0.262286845086837,8.02848432012243,4.80304496836333,0.000110800078444692,0.00307820238073301,1.35837360618497,"Non-neuronal","Wdr472"
"Plagl21",0.262285702497427,8.02845948671985,4.80329123533418,0.000110737290742282,0.00307820238073301,1.3588940956238,"Non-neuronal","Plagl21"
"Dpm22",0.26228411828057,8.02407980465704,4.70988977620192,0.000137336335577178,0.00307820238073301,1.16117060678502,"Non-neuronal","Dpm22"
"Ak52",0.262283152473481,8.02839926699593,4.80371861611438,0.000110628412183214,0.00307820238073301,1.35979737373406,"Non-neuronal","Ak52"
"2510002D24Rik2",0.26228298869663,8.02838016749801,4.80336349330245,0.000110718874844373,0.00307820238073301,1.35904686568684,"Non-neuronal","2510002D24Rik2"
"Erh2",0.262282339715606,8.01996082694837,4.75117306284468,0.000124862469645664,0.00307820238073301,1.24864619553984,"Non-neuronal","Erh2"
"2210016L21Rik2",0.262277540494803,8.02825350525098,4.80432974339558,0.000110472911146104,0.00307820238073301,1.36108902385771,"Non-neuronal","2210016L21Rik2"
"Kcnab12",0.262270238724826,8.02807464566414,4.80537713182294,0.00011020691839933,0.00307820238073301,1.36330261806912,"Non-neuronal","Kcnab12"
"Pcif12",0.262263722272873,8.02387627836672,4.77855692779317,0.000117227039971997,0.00307820238073301,1.30659899956913,"Non-neuronal","Pcif12"
"Eif52",0.262257342383989,8.02774752541874,4.80691356535026,0.000109817902081862,0.00307820238073301,1.36654968066529,"Non-neuronal","Eif52"
"Cyp4x12",0.262255163049626,8.0276982621752,4.80731915589031,0.000109715441108788,0.00307820238073301,1.36740678846801,"Non-neuronal","Cyp4x12"
"Rpf22",0.262247554653243,8.02749942706959,4.80804880271967,0.000109531360230186,0.00307820238073301,1.36894875679403,"Non-neuronal","Rpf22"
"Tceal82",0.262241865008838,8.02364026264198,4.78804783748805,0.000114692473030646,0.00307820238073301,1.32667242581313,"Non-neuronal","Tceal82"
"Otub12",0.262217780807214,8.02678850718066,4.81244448942003,0.000108428983789596,0.00307820238073301,1.37823697071534,"Non-neuronal","Otub12"
"Psmc22",0.262217088198971,8.02675933178296,4.81223849956224,0.000108480391257081,0.00307820238073301,1.37780179173691,"Non-neuronal","Psmc22"
"Magoh2",0.26220697563281,8.02651228388404,4.81353729440648,0.000108156672472054,0.00307820238073301,1.38054595462297,"Non-neuronal","Magoh2"
"Snrpc2",0.262205235192851,8.03742754843337,4.85558465646408,9.818879538311e-05,0.00307820238073301,1.46929964489619,"Non-neuronal","Snrpc2"
"Ctsd2",0.262200375233586,8.02633866938035,4.81404928963433,0.000108029329058144,0.00307820238073301,1.3816277541018,"Non-neuronal","Ctsd2"
"Ppp1r9b2",0.262192949747805,8.02616545888445,4.81518623898933,0.00010774709000502,0.00307820238073301,1.38402977747825,"Non-neuronal","Ppp1r9b2"
"Fuz2",0.26217976016143,8.01480320206194,4.72403508526262,0.000132926268165326,0.00307820238073301,1.19115879422472,"Non-neuronal","Fuz2"
"Clip42",0.262174563989061,8.01468897237252,4.72424229964404,0.000132862741231714,0.00307820238073301,1.1915980005794,"Non-neuronal","Clip42"
"Nbdy2",0.262167410855245,8.036063974786,4.86278873043222,9.65768324386642e-05,0.00307820238073301,1.48449313942135,"Non-neuronal","Nbdy2"
"Wscd12",0.262166712704001,8.03605870410256,4.86124951699832,9.69189737992521e-05,0.00307820238073301,1.48124740780377,"Non-neuronal","Wscd12"
"Etfdh2",0.262161930679203,8.02821727959814,4.83966815580461,0.000101847608172929,0.00307820238073301,1.43572247505272,"Non-neuronal","Etfdh2"
"Fndc102",0.262159084733216,8.01435004944881,4.72484979517989,0.000132676674733428,0.00307820238073301,1.19288561975751,"Non-neuronal","Fndc102"
"Ift1222",0.262158929207015,8.02813602770817,4.83991538747867,0.000101789732047722,0.00307820238073301,1.43624434659831,"Non-neuronal","Ift1222"
"H2-Ke62",0.262158787381253,8.01434355879201,4.72486132205829,0.000132673146778592,0.00307820238073301,1.1929100514052,"Non-neuronal","H2-Ke62"
"Gm384131",0.262155009667867,8.02631059756758,4.8258950703488,0.000105125086159624,0.00307820238073301,1.40664772751998,"Non-neuronal","Gm384131"
"Smchd12",0.262153868124131,8.02653364445741,4.77612933288925,0.000117884395154485,0.00307820238073301,1.30146195366593,"Non-neuronal","Smchd12"
"Leprotl12",0.262152619751496,8.03045904471816,4.88579296237033,9.16068559399224e-05,0.00307820238073301,1.53298150496067,"Non-neuronal","Leprotl12"
"Wnt22",0.262144576783455,8.02605496434701,4.82716948633756,0.000104817387001069,0.00307820238073301,1.40933904632076,"Non-neuronal","Wnt22"
"Cdc232",0.262135518621172,8.02753413681294,4.84249411397096,0.000101188043964731,0.00307820238073301,1.44168716182472,"Non-neuronal","Cdc232"
"Ahsa22",0.262127199490967,8.02733554552744,4.84374646437417,0.000100897137672854,0.00307820238073301,1.44433016891002,"Non-neuronal","Ahsa22"
"Tecpr12",0.262120404682539,8.02546623108553,4.8300963296001,0.000104114170497432,0.00307820238073301,1.41551950322407,"Non-neuronal","Tecpr12"
"Med42",0.26211884514193,8.02542841673479,4.83028392574009,0.000104069261173375,0.00307820238073301,1.41591561765292,"Non-neuronal","Med42"
"P4ha22",0.262118519108346,8.02542051395647,4.83032312516628,0.000104059879559507,0.00307820238073301,1.41599838798536,"Non-neuronal","P4ha22"
"Hinfp2",0.262118011499878,8.02540821174168,4.83038414252782,0.000104045277955948,0.00307820238073301,1.41612722706976,"Non-neuronal","Hinfp2"
"Fastkd22",0.262113431793215,8.0269677990395,4.84480446311684,0.000100652037594955,0.00307820238073301,1.44656311767689,"Non-neuronal","Fastkd22"
"Plpp52",0.262108318398835,8.01325273302668,4.72674069223912,0.000132099207968928,0.00307820238073301,1.19689335632159,"Non-neuronal","Plpp52"
"Nsun51",0.262105199764045,8.0250984301111,4.83191893060077,0.000103678681547118,0.00307820238073301,1.41936786215282,"Non-neuronal","Nsun51"
"Shc32",0.262103530227111,8.02505816324345,4.83211818986917,0.000103631182972613,0.00307820238073301,1.41978857586391,"Non-neuronal","Shc32"
"Ift572",0.262101067870019,8.02664786549946,4.84594800365204,0.000100387799127769,0.00307820238073301,1.44897643206523,"Non-neuronal","Ift572"
"Tmem14c2",0.262098445280835,8.02887844978399,4.89329372008044,9.00430539763473e-05,0.00307820238073301,1.54878272365658,"Non-neuronal","Tmem14c2"
"Slc33a12",0.262098195294008,8.02662207885334,4.84745242190074,0.000100041243069791,0.00307820238073301,1.45215077005716,"Non-neuronal","Slc33a12"
"Rnf1702",0.262098118064256,8.02492779054636,4.83276295401868,0.000103477637912415,0.00307820238073301,1.42114990269162,"Non-neuronal","Rnf1702"
"Acvr2a2",0.262088494746547,8.02469658301948,4.83390496214687,0.000103206244018718,0.00307820238073301,1.42356101095504,"Non-neuronal","Acvr2a2"
"Gm27239",0.262087845927472,8.01568062795007,4.76082298706074,0.000122115956080713,0.00307820238073301,1.26907824715708,"Non-neuronal","Gm27239"
"Pex132",0.262081073613047,8.01267273742862,4.72769252319328,0.000131809488378858,0.00307820238073301,1.19891068584082,"Non-neuronal","Pex132"
"Lmtk32",0.262077983632999,8.02444528748878,4.83514293817948,0.000102912858421266,0.00307820238073301,1.42617462331762,"Non-neuronal","Lmtk32"
"Ly6e2",0.26207150912422,8.02429121431248,4.83590000707837,0.000102733858711165,0.00307820238073301,1.42777288834074,"Non-neuronal","Ly6e2"
"Csnk1d2",0.262066979781742,8.02578604802481,4.84936062005459,9.96034165885907e-05,0.00307820238073301,1.45617768693815,"Non-neuronal","Csnk1d2"
"Setd42",0.262064746028443,8.01232809950722,4.72824226886638,0.000131642449044435,0.00307820238073301,1.2000758085989,"Non-neuronal","Setd42"
"2610002M06Rik2",0.26206358887077,8.0241032082658,4.83682267174982,0.000102516132420669,0.00307820238073301,1.4297206871448,"Non-neuronal","2610002M06Rik2"
"Fam171a12",0.2620632687051,8.02409561926634,4.8368598893317,0.000102507359800184,0.00307820238073301,1.42979925426178,"Non-neuronal","Fam171a12"
"Neto12",0.262061431761876,8.01225841134725,4.7283519851116,0.000131609137589269,0.00307820238073301,1.20030833793622,"Non-neuronal","Neto12"
"Zfp9442",0.262059762378092,8.01222334390116,4.72840701028347,0.000131592434354717,0.00307820238073301,1.20042495644269,"Non-neuronal","Zfp9442"
"Igsf32",0.262057023137374,8.01500076788757,4.76219056034936,0.000121731702684134,0.00307820238073301,1.27197343144924,"Non-neuronal","Igsf32"
"Odf2l2",0.262048424089937,8.02374467983786,4.83857868997359,0.000102103046116966,0.00307820238073301,1.43342756416288,"Non-neuronal","Odf2l2"
"Epha72",0.262047703036346,8.02372767970269,4.83866183889173,0.000102083528020196,0.00307820238073301,1.43360308201909,"Non-neuronal","Epha72"
"Clip12",0.262044555293573,8.02365351604211,4.83902445608932,0.000101998452674903,0.00307820238073301,1.43436851927152,"Non-neuronal","Clip12"
"Mapk72",0.26204376589287,8.01188847782446,4.72892621018092,0.000131434933554672,0.00307820238073301,1.20152532479539,"Non-neuronal","Mapk72"
"Fam50a2",0.26202659099466,8.02487351281525,4.85594241266589,9.81081049648566e-05,0.00307820238073301,1.47006309720788,"Non-neuronal","Fam50a2"
"Zbtb412",0.262019904939692,8.02307553995474,4.84184351595226,0.000101339505615122,0.00307820238073301,1.44031884118129,"Non-neuronal","Zbtb412"
"Chrm32",0.262015150005262,8.01129487085243,4.7298175647679,0.000131164983250655,0.00307820238073301,1.20341439449468,"Non-neuronal","Chrm32"
"Sar1a2",0.262014187816256,8.02294220023667,4.84249211897083,0.000101188508057358,0.00307820238073301,1.44168779193405,"Non-neuronal","Sar1a2"
"Uggt22",0.261981832191095,8.01061263939857,4.73079452781007,0.000130869750473289,0.00307820238073301,1.20548486164518,"Non-neuronal","Uggt22"
"Pi4ka2",0.261979808568435,8.01057148889955,4.73085190910814,0.000130852431087248,0.00307820238073301,1.2056064681411,"Non-neuronal","Pi4ka2"
"Myg12",0.261974664938491,8.02358514273008,4.86045501571049,9.70960586989182e-05,0.00307820238073301,1.47958201132476,"Non-neuronal","Myg12"
"Hyou12",0.261968570824773,8.01034356167393,4.73116652681853,0.000130757511297679,0.00307820238073301,1.20627322623251,"Non-neuronal","Hyou12"
"Ophn12",0.261964333678343,8.0130043034616,4.76595509875063,0.000120680273162084,0.00307820238073301,1.27994255432675,"Non-neuronal","Ophn12"
"Asns2",0.2619632814965,8.02176762215085,4.84817302291179,9.98756760138174e-05,0.00307820238073301,1.45367661236677,"Non-neuronal","Asns2"
"Actr1b2",0.261944168086045,8.00985206350158,4.73182634919133,0.000130558669895568,0.00307820238073301,1.207671554152,"Non-neuronal","Actr1b2"
"Gm300252",0.261919873315504,8.01207176485518,4.76758121987688,0.000120228948131893,0.00307820238073301,1.28338467456264,"Non-neuronal","Gm300252"
"Osgepl12",0.261919418538044,8.01206230890444,4.76759726726437,0.000120224502753369,0.00307820238073301,1.28341864260145,"Non-neuronal","Osgepl12"
"Lrp122",0.261901711239801,8.01169542511249,4.76821297897334,0.000120054066556016,0.00307820238073301,1.2847219324586,"Non-neuronal","Lrp122"
"Nrf12",0.261897899617999,8.01161678017583,4.76834320135384,0.000120018050831018,0.00307820238073301,1.28499757504668,"Non-neuronal","Nrf12"
"Cryl11",0.261882518573795,8.0302799700584,4.9697247334191,7.5571819036133e-05,0.00307820238073301,1.70949547390955,"Non-neuronal","Cryl11"
"Scn3b2",0.261879706419175,8.03021058694927,4.97071859226691,7.54000707087938e-05,0.00307820238073301,1.71158190245036,"Non-neuronal","Scn3b2"
"Asb72",0.261876545831004,8.02562157971587,4.9091680731482,8.68221581967757e-05,0.00307820238073301,1.58220940781806,"Non-neuronal","Asb72"
"Grid22",0.261873980024443,8.02555556844902,4.90938091745736,8.67797755762096e-05,0.00307820238073301,1.58265748779542,"Non-neuronal","Grid22"
"Gtf2f22",0.261866351856495,8.02979672478803,4.97328371291709,7.49586222199265e-05,0.00307820238073301,1.71696678394236,"Non-neuronal","Gtf2f22"
"Nefl2",0.261862881038962,8.01951445010956,4.85890648695347,9.74421506296157e-05,0.00307820238073301,1.47632145256073,"Non-neuronal","Nefl2"
"Dhx352",0.261854764307181,8.00806655717643,4.73374518218885,0.000129982155161739,0.00307820238073301,1.21173809346375,"Non-neuronal","Dhx352"
"Ercc22",0.261852986042569,8.02503765931076,4.91148194265531,8.63625333971641e-05,0.00307820238073301,1.58708016940908,"Non-neuronal","Ercc22"
"Asap22",0.261844718637941,8.0248442331674,4.91254529713755,8.61521382611139e-05,0.00307820238073301,1.58931829914535,"Non-neuronal","Asap22"
"Gga22",0.261824168752995,8.01011981236442,4.77069363876762,0.000119369865505481,0.00307820238073301,1.28997266938803,"Non-neuronal","Gga22"
"Tm7sf32",0.261821382990134,8.01006409501809,4.77077661675016,0.000119347047367211,0.00307820238073301,1.29014830333356,"Non-neuronal","Tm7sf32"
"Trmt10a2",0.261805737689262,8.02236284775795,4.90262922234392,8.81344890896777e-05,0.00307820238073301,1.568449890096,"Non-neuronal","Trmt10a2"
"Inpp4a2",0.261804924509417,8.00705542039331,4.73421361675132,0.000129841805307162,0.00307820238073301,1.21273110742295,"Non-neuronal","Inpp4a2"
"Actr1a2",0.261804235675226,8.0238941888332,4.91732887524056,8.52120724183787e-05,0.00307820238073301,1.59938565687991,"Non-neuronal","Actr1a2"
"Atp5g22",0.261803699282565,8.03715541942733,5.0139270618786,6.8303998729343e-05,0.00307820238073301,1.80219323274439,"Non-neuronal","Atp5g22"
"4930522L14Rik2",0.261803330230397,8.02390688386188,4.91812510834228,8.50566104390994e-05,0.00307820238073301,1.60106091903279,"Non-neuronal","4930522L14Rik2"
"Drosha2",0.26179599075692,8.02213759313849,4.90353654649904,8.79511959149379e-05,0.00307820238073301,1.57036043205983,"Non-neuronal","Drosha2"
"Zcchc92",0.261788140265245,8.02195867912236,4.9043577313342,8.77856375373154e-05,0.00307820238073301,1.57208949472238,"Non-neuronal","Zcchc92"
"Fbxl24",0.261787679531214,8.00671065289355,4.73434683609675,0.000129801918855802,0.00307820238073301,1.21301354451637,"Non-neuronal","Fbxl24"
"Mrpl352",0.261787654072664,8.02772783496545,4.98086354385163,7.36694311811617e-05,0.00307820238073301,1.73287794563725,"Non-neuronal","Mrpl352"
"Npc22",0.261782626253464,8.02340857642396,4.92020367251938,8.46521320562824e-05,0.00307820238073301,1.60543480357328,"Non-neuronal","Npc22"
"Nmd32",0.261777320018112,8.02171433366984,4.9055736123859,8.75410851395385e-05,0.00307820238073301,1.57464948412821,"Non-neuronal","Nmd32"
"Kank32",0.261774661914516,8.01485623614849,4.83861000092876,0.000102095695844989,0.00307820238073301,1.43350430620837,"Non-neuronal","Kank32"
"Pwwp2a2",0.261771249485206,8.02158054173814,4.90642211670311,8.73708334051615e-05,0.00307820238073301,1.5764358445012,"Non-neuronal","Pwwp2a2"
"Hs3st52",0.261761016138507,8.01456227410061,4.83922029671801,0.000101952535460231,0.00307820238073301,1.4347928739406,"Non-neuronal","Hs3st52"
"Peli32",0.26175593489618,8.01445320048236,4.83944468830721,0.000101899949878152,0.00307820238073301,1.43526664582345,"Non-neuronal","Peli32"
"Poglut12",0.261751154693323,8.02112790852194,4.90852940237842,8.69494595839345e-05,0.00307820238073301,1.58087226597646,"Non-neuronal","Poglut12"
"Spats22",0.261743346087746,8.01418387459592,4.83999396443803,0.000101771344420137,0.00307820238073301,1.43642635649994,"Non-neuronal","Spats22"
"Cdk5r22",0.261726070617594,8.02056507167786,4.91097375047775,8.64632682206047e-05,0.00307820238073301,1.58601790927853,"Non-neuronal","Cdk5r22"
"Pdia62",0.261719065218609,8.00806428286416,4.77351761950839,0.000118595775506923,0.00307820238073301,1.29594995950085,"Non-neuronal","Pdia62"
"Ap1s12",0.261711085451992,8.00791307831193,4.77370217486595,0.000118545363763789,0.00307820238073301,1.29634059689681,"Non-neuronal","Ap1s12"
"Shoc22",0.261700738751646,8.02000198786645,4.91339649811828,8.59840945411633e-05,0.00307820238073301,1.591117612728,"Non-neuronal","Shoc22"
"Kcnab32",0.26170054874256,8.01327784324754,4.84179113708889,0.000101351709599856,0.00307820238073301,1.44022071007328,"Non-neuronal","Kcnab32"
"Srp92",0.261695233733318,8.01718084349599,4.88375568962306,9.20363355533679e-05,0.00307820238073301,1.52870753090127,"Non-neuronal","Srp92"
"Sbno12",0.261685159565812,8.00742498944047,4.77428059992332,0.000118387506079801,0.00307820238073301,1.29756492004022,"Non-neuronal","Sbno12"
"Atg16l22",0.261682590280852,8.01290203179586,4.84251338480776,0.000101183561142115,0.00307820238073301,1.44174554631345,"Non-neuronal","Atg16l22"
"Sel1l2",0.261682561100762,8.03440264135962,5.06590216448947,6.06596700171359e-05,0.00307820238073301,1.91096232946408,"Non-neuronal","Sel1l2"
"Abhd122",0.261671575025644,8.00717116531237,4.77457087472905,0.000118308367556506,0.00307820238073301,1.29817933407918,"Non-neuronal","Abhd122"
"Ddn2",0.261663997934869,8.01920440531097,4.91761715362525,8.5155753717147e-05,0.00307820238073301,1.60000030606821,"Non-neuronal","Ddn2"
"Tmem1632",0.261662256030023,8.02175850488888,4.94400256283143,8.01577312680367e-05,0.00307820238073301,1.65548093723294,"Non-neuronal","Tmem1632"
"Ap1s22",0.261658708688671,8.01240623740872,4.84344510214567,0.000100967063043221,0.00307820238073301,1.44371259295222,"Non-neuronal","Ap1s22"
"Kifc22",0.261654372929882,8.00413686352066,4.73487101210186,0.000129645098618557,0.00307820238073301,1.21412553385864,"Non-neuronal","Kifc22"
"Glce2",0.261654258445143,8.0123143462263,4.84361512776937,0.00010092760579658,0.00307820238073301,1.44407154857513,"Non-neuronal","Glce2"
"Dnajc122",0.261651490099907,8.00679828730641,4.77498412036207,0.000118195795514784,0.00307820238073301,1.29905404238086,"Non-neuronal","Dnajc122"
"Orc22",0.261648086055754,8.01218715326953,4.84384909128599,0.000100873336255896,0.00307820238073301,1.44456548732682,"Non-neuronal","Orc22"
"Slit32",0.261644797775998,8.01211951473145,4.84397285364869,0.000100844640636489,0.00307820238073301,1.44482677102729,"Non-neuronal","Slit32"
"Prelid3a2",0.261639649714863,8.01201379166937,4.84416538902426,0.000100800015709184,0.00307820238073301,1.44523324542851,"Non-neuronal","Prelid3a2"
"Oxld12",0.26163204866551,8.01185807238178,4.84444694145308,0.000100734794866377,0.00307820238073301,1.44582764760968,"Non-neuronal","Oxld12"
"Cog72",0.261622729885616,8.01166777867042,4.84478770752434,0.000100655914553626,0.00307820238073301,1.44654705603234,"Non-neuronal","Cog72"
"Tsr32",0.261619622019201,8.02080745321659,4.94856829548014,7.93235758451896e-05,0.00307820238073301,1.66507768571731,"Non-neuronal","Tsr32"
"Zfp4142",0.261616094017806,8.02072612536531,4.94894740966618,7.9254709397299e-05,0.00307820238073301,1.66587447431049,"Non-neuronal","Zfp4142"
"Timm92",0.261614037045026,8.02067180910296,4.94913376735309,7.92208795971953e-05,0.00307820238073301,1.66626616879477,"Non-neuronal","Timm92"
"Ubac22",0.261612250970685,8.02064024877364,4.94935317070381,7.91810697506988e-05,0.00307820238073301,1.66672725111909,"Non-neuronal","Ubac22"
"Zmiz12",0.261607996185256,8.02054563719748,4.94980117808045,7.90998436801495e-05,0.00307820238073301,1.66766879933601,"Non-neuronal","Zmiz12"
"Atg2b2",0.261593898118177,8.01108376106309,4.84580832462648,0.000100420037096074,0.00307820238073301,1.44870171568504,"Non-neuronal","Atg2b2"
"Hdac92",0.261592120435929,8.02750505345038,5.04890618458685,6.30586782793252e-05,0.00307820238073301,1.87543424138172,"Non-neuronal","Hdac92"
"Plekhm32",0.26158107282388,8.02722563273309,5.04998101024841,6.29041476115529e-05,0.00307820238073301,1.8776832034612,"Non-neuronal","Plekhm32"
"Scyl22",0.26157710647046,8.01074671232754,4.84638084174567,0.000100287966544658,0.00307820238073301,1.44991036627712,"Non-neuronal","Scyl22"
"Ncoa62",0.261576635397612,8.01985165558393,4.95307183301696,7.85094135763565e-05,0.00307820238073301,1.6745420170777,"Non-neuronal","Ncoa62"
"Tnpo22",0.261574068650451,8.01068596649553,4.84648278376153,0.000100264468621735,0.00307820238073301,1.45012557712864,"Non-neuronal","Tnpo22"
"Zfp1482",0.261570067953001,8.01060607392185,4.84661627755414,0.00010023370636319,0.00307820238073301,1.45040739699114,"Non-neuronal","Zfp1482"
"Cct22",0.261569240561634,8.00530115905921,4.7764810353226,0.000117788928853798,0.00307820238073301,1.30222263976939,"Non-neuronal","Cct22"
"Sorbs12",0.261568848963063,8.01058175536286,4.84665678088272,0.00010022437468333,0.00307820238073301,1.45049290384813,"Non-neuronal","Sorbs12"
"Yeats22",0.261567731138744,8.01964258803716,4.95388760138089,7.83628464788556e-05,0.00307820238073301,1.67625627328602,"Non-neuronal","Yeats22"
"Ppm1l2",0.261565983007757,8.01052462482743,4.84675169284353,0.000100202511089382,0.00307820238073301,1.45069327304182,"Non-neuronal","Ppm1l2"
"Pard6a2",0.261563843764693,8.01956284557956,4.95435218946736,7.82794992341623e-05,0.00307820238073301,1.67723245130424,"Non-neuronal","Pard6a2"
"Fam120aos2",0.261560026755462,8.0267208891634,5.05259716727901,6.25296218065852e-05,0.00307820238073301,1.88315637795721,"Non-neuronal","Fam120aos2"
"Ntng12",0.261558297666846,8.02663469203032,5.05172406861164,6.26543609205863e-05,0.00307820238073301,1.88133048641643,"Non-neuronal","Ntng12"
"Zfp1132",0.261551689110298,8.02650016339103,5.05310459500564,6.24572418877479e-05,0.00307820238073301,1.88421817737507,"Non-neuronal","Zfp1132"
"Acsl12",0.261551606989058,8.02646680910906,5.05234548865776,6.25655530768752e-05,0.00307820238073301,1.88263061558507,"Non-neuronal","Acsl12"
"Ndst42",0.261548285886321,8.01672536196892,4.92881619316283,8.29968656290793e-05,0.00307820238073301,1.62356314128369,"Non-neuronal","Ndst42"
"Mrpl282",0.261545014325359,8.0048707658317,4.77685355087441,0.000117687898396224,0.00307820238073301,1.30301121779914,"Non-neuronal","Mrpl282"
"Cenpv2",0.261539342256908,8.0262474564892,5.05559710465262,6.21029425991669e-05,0.00307820238073301,1.88943139945247,"Non-neuronal","Cenpv2"
"Mblac22",0.261533306769899,8.00987765434547,4.84780280523229,9.99607034166529e-05,0.00307820238073301,1.45291227486334,"Non-neuronal","Mblac22"
"Lrrfip12",0.261525725781004,8.01872354640821,4.95806845642928,7.76160300979186e-05,0.00307820238073301,1.6850407267035,"Non-neuronal","Lrrfip12"
"Arpc22",0.261525529011585,8.00179519909964,4.73459353973674,0.00012972808745211,0.00307820238073301,1.21353899158118,"Non-neuronal","Arpc22"
"Cacng52",0.26152180030972,8.01386067488046,4.9013234637423,8.83989523125501e-05,0.00307820238073301,1.56571577726191,"Non-neuronal","Cacng52"
"Hcfc22",0.261509395153847,8.02540212491926,5.05581893161476,6.20715100205476e-05,0.00307820238073301,1.88989739995054,"Non-neuronal","Hcfc22"
"Scgn1",0.261509211378608,8.0135984380776,4.90189410799951,8.82832773854217e-05,0.00307820238073301,1.56691779473128,"Non-neuronal","Scgn1"
"Pcsk12",0.261508851048797,8.02538626463199,5.05580422441034,6.20735935108505e-05,0.00307820238073301,1.88986668492481,"Non-neuronal","Pcsk12"
"Lima12",0.261507571877011,8.01356437616438,4.90196775184759,8.82683602785956e-05,0.00307820238073301,1.56707291861932,"Non-neuronal","Lima12"
"Arhgap202",0.261497253394935,8.0091731355902,4.8488972727876,9.97095504264338e-05,0.00307820238073301,1.45522279705117,"Non-neuronal","Arhgap202"
"Mrpl452",0.261490555783104,8.00904332444908,4.84909316020964,9.96646666796089e-05,0.00307820238073301,1.45563633386552,"Non-neuronal","Mrpl452"
"Fbrsl12",0.261486393643357,8.00896282253271,4.84921372967432,9.96370507422818e-05,0.00307820238073301,1.45589086753883,"Non-neuronal","Fbrsl12"
"Tmem1382",0.261484480090382,8.01308682412918,4.90298862089836,8.80618388594331e-05,0.00307820238073301,1.56922325852363,"Non-neuronal","Tmem1382"
"Snx72",0.261482676696216,8.01304970113499,4.90306706570193,8.80459897978051e-05,0.00307820238073301,1.56938849131091,"Non-neuronal","Snx72"
"Tbpl12",0.261475135156743,8.02456133938057,5.05884703332241,6.16440453926689e-05,0.00307820238073301,1.89623139052285,"Non-neuronal","Tbpl12"
"Igsf112",0.261472120487137,8.01283289960312,4.903522541565,8.79540221828903e-05,0.00307820238073301,1.57034788103076,"Non-neuronal","Igsf112"
"Srbd12",0.261451526505712,8.01241238775222,4.90439302106512,8.77785298931591e-05,0.00307820238073301,1.57218138813904,"Non-neuronal","Srbd12"
"Gtf2e22",0.261445417462062,8.02673696156804,5.09450189502486,5.68301708201396e-05,0.00307820238073301,1.97071210833536,"Non-neuronal","Gtf2e22"
"Rtn22",0.261437140283916,8.00802561485582,4.85054465103119,9.93327235760107e-05,0.00307820238073301,1.45870062104699,"Non-neuronal","Rtn22"
"Nsa22",0.261421973139712,8.02328224821058,5.06341234818017,6.10052270359744e-05,0.00307820238073301,1.90577931350191,"Non-neuronal","Nsa22"
"Isca12",0.261415734928216,8.00007955832444,4.73352393428473,0.000130048497642861,0.00307820238073301,1.21127383666445,"Non-neuronal","Isca12"
"Ttyh32",0.261410208030203,8.01157836686257,4.90606820529817,8.7441804587483e-05,0.00307820238073301,1.57570977942736,"Non-neuronal","Ttyh32"
"Ppp6r32",0.261408898777835,8.01155214882047,4.9061197483376,8.7431464831261e-05,0.00307820238073301,1.57581834149406,"Non-neuronal","Ppp6r32"
"Cacna1b2",0.261400951973479,8.0160786535059,4.96971527754038,7.5573455008497e-05,0.00307820238073301,1.70950446432824,"Non-neuronal","Cacna1b2"
"Gpr892",0.261398054996183,8.02560202241184,5.09996781458601,5.61267381861639e-05,0.00307820238073301,1.9821228178924,"Non-neuronal","Gpr892"
"Pygo22",0.261392486045205,8.01122485844585,4.90675582308479,8.73039675350906e-05,0.00307820238073301,1.57715806365927,"Non-neuronal","Pygo22"
"Med132",0.261387628379795,8.02536280190405,5.10135577375797,5.59495295090256e-05,0.00307820238073301,1.98501974120498,"Non-neuronal","Med132"
"Zfp9542",0.261379847677161,8.0109742639032,4.9072351801765,8.72080079697603e-05,0.00307820238073301,1.57816769473578,"Non-neuronal","Zfp9542"
"Rnf143",0.261378636663968,8.02222599852747,5.06607365763884,6.06359421616315e-05,0.00307820238073301,1.91134520507782,"Non-neuronal","Rnf143"
"Xab22",0.26136364622838,8.01065474182117,4.90783714605982,8.70876556235021e-05,0.00307820238073301,1.57943555863146,"Non-neuronal","Xab22"
"Mettl162",0.26135597224695,8.01050406917517,4.90811739048745,8.70316832373938e-05,0.00307820238073301,1.58002580823678,"Non-neuronal","Mettl162"
"Dapk12",0.261350898965914,8.01040469575093,4.90830094602569,8.69950420156012e-05,0.00307820238073301,1.58041241126203,"Non-neuronal","Dapk12"
"4430402I18Rik2",0.261348633539559,8.0229667686281,5.09022500868793,5.73868283166708e-05,0.00307820238073301,1.96179465431273,"Non-neuronal","4430402I18Rik2"
"Qsox22",0.261334750013058,8.01008962557818,4.90887619034535,8.68803135005893e-05,0.00307820238073301,1.58162398179066,"Non-neuronal","Qsox22"
"Lrrc452",0.261318988886289,8.00978394727578,4.90942444539699,8.67711106609986e-05,0.00307820238073301,1.58277870343427,"Non-neuronal","Lrrc452"
"Usp462",0.261316373374505,8.0222511068085,5.09404403503555,5.68895001720716e-05,0.00307820238073301,1.96976930129139,"Non-neuronal","Usp462"
"Phtf22",0.261312863591696,8.02053763759652,5.02408462034238,6.67366945929424e-05,0.00307820238073301,1.82349854011268,"Non-neuronal","Phtf22"
"Med232",0.261308013288075,8.02201382554906,5.09379554185197,5.69217262010506e-05,0.00307820238073301,1.96925132122039,"Non-neuronal","Med232"
"Dusp141",0.261307885344631,8.01888592687118,4.98699251390375,7.26434809910602e-05,0.00307820238073301,1.74575579965012,"Non-neuronal","Dusp141"
"Mfap32",0.261302414073178,8.02329368615021,5.10863024477303,5.50300182877896e-05,0.00307820238073301,2.000202310063,"Non-neuronal","Mfap32"
"Git12",0.261297619572714,8.01860780795398,4.9841793039167,7.31125806718798e-05,0.00307820238073301,1.73985455267419,"Non-neuronal","Git12"
"Qpct2",0.261290368304627,8.021611301742,5.0370494619165,6.4789171031165e-05,0.00307820238073301,1.85063963104377,"Non-neuronal","Qpct2"
"Slc9a62",0.261269499776834,8.01348791648127,4.98133853583369,7.35893972666542e-05,0.00307820238073301,1.73390734718367,"Non-neuronal","Slc9a62"
"Map3k102",0.261219818792406,8.00790838351649,4.9125444325919,8.61523091085914e-05,0.00307820238073301,1.58934999122235,"Non-neuronal","Map3k102"
"Abcc82",0.261183084572672,7.99922024906357,4.77869739985138,0.000117189116109744,0.00307820238073301,1.30691933148359,"Non-neuronal","Abcc82"
"Myo9a2",0.261182541943342,8.01919019928175,5.04552862196038,6.3546795366214e-05,0.00307820238073301,1.86839002005034,"Non-neuronal","Myo9a2"
"Med192",0.261162834738903,8.02019732026333,5.12385980959927,5.31544095130861e-05,0.00307820238073301,2.03196800135935,"Non-neuronal","Med192"
"Pitpna2",0.261139414039229,8.00275986419353,4.85594573399632,9.810735616764e-05,0.00307820238073301,1.47010549251759,"Non-neuronal","Pitpna2"
"1700021F05Rik2",0.261132532641935,8.00632638327302,4.91482582772254,8.57026645537755e-05,0.00307820238073301,1.59415533353743,"Non-neuronal","1700021F05Rik2"
"Heatr5b2",0.261130472557966,8.00628965410995,4.91487542537465,8.56929157431993e-05,0.00307820238073301,1.59425980620379,"Non-neuronal","Heatr5b2"
"Sppl2a2",0.261125690882114,8.00620450867752,4.91498980572575,8.56704376697069e-05,0.00307820238073301,1.59450073830727,"Non-neuronal","Sppl2a2"
"Tstd32",0.261110309522509,8.01759351036722,5.04862474620415,6.30992051521898e-05,0.00307820238073301,1.87487208092955,"Non-neuronal","Tstd32"
"Mzf12",0.261100706293808,8.01160190035578,5.00564344874741,6.96098024893486e-05,0.00307820238073301,1.78488648135205,"Non-neuronal","Mzf12"
"Adprh2",0.261060567418315,8.00506100962675,4.91643681864515,8.53865860646942e-05,0.00307820238073301,1.59754890186957,"Non-neuronal","Adprh2"
"Maea2",0.261029913818119,8.0045333974844,4.91704161592677,8.52682296200344e-05,0.00307820238073301,1.59882305394111,"Non-neuronal","Maea2"
"Nsmaf2",0.261019645995268,8.00999899674092,5.00619501252265,6.95220729177789e-05,0.00307820238073301,1.78604789015686,"Non-neuronal","Nsmaf2"
"Tmem802",0.261018205015582,8.00993812212225,5.00451488334815,6.97896582506572e-05,0.00307820238073301,1.78252626911156,"Non-neuronal","Tmem802"
"Agrn2",0.260975293095262,8.00917836460966,5.00821589599975,6.92015975027476e-05,0.00307820238073301,1.79028645391505,"Non-neuronal","Agrn2"
"Rwdd2b2",0.260959041555854,8.00885320677413,5.00747446497407,6.9319000364084e-05,0.00307820238073301,1.78873359217049,"Non-neuronal","Rwdd2b2"
"Rasgef1a2",0.260953178188511,8.00324040874811,4.91836689010847,8.50094602970129e-05,0.00307820238073301,1.60161547535334,"Non-neuronal","Rasgef1a2"
"Sart32",0.260952647487092,8.00876615727701,5.00931146457432,6.90284878614731e-05,0.00307820238073301,1.79258404569837,"Non-neuronal","Sart32"
"Rimbp22",0.26094841783837,8.00865617445156,5.00774492079235,6.92761512646429e-05,0.00307820238073301,1.78930114868471,"Non-neuronal","Rimbp22"
"Arfip22",0.260941965982521,8.00853179546863,5.00763419586954,6.92936904817999e-05,0.00307820238073301,1.78906951206607,"Non-neuronal","Arfip22"
"Cacng82",0.260941683288611,8.00852778211299,5.00770583245549,6.92823424796644e-05,0.00307820238073301,1.78921967372058,"Non-neuronal","Cacng82"
"Fam172a2",0.260926690782626,8.00829411299743,5.01020750535248,6.88872324202108e-05,0.00307820238073301,1.79446361899262,"Non-neuronal","Fam172a2"
"Cul12",0.260882799818847,8.00759693672524,5.01631911039024,6.79315733641012e-05,0.00307820238073301,1.80727267653172,"Non-neuronal","Cul12"
"Arhgap332",0.260862694325612,8.0071738121247,5.01323470695384,6.84121801340756e-05,0.00307820238073301,1.80081151811495,"Non-neuronal","Arhgap332"
"Smim112",0.260860328365457,7.9956348075971,4.80894516837031,0.000109305646463696,0.00307820238073301,1.37088531214143,"Non-neuronal","Smim112"
"Adgrb12",0.260831370180798,8.00655756990876,5.01028896467679,6.8874405415469e-05,0.00307820238073301,1.79464077460716,"Non-neuronal","Adgrb12"
"Tbc1d192",0.260827937850014,8.00646649757024,5.00856662439126,6.91461313443085e-05,0.00307820238073301,1.79103140780501,"Non-neuronal","Tbc1d192"
"Clk22",0.260812458476596,7.9981428461944,4.85625925478752,9.803669867499e-05,0.00307820238073301,1.47077949380943,"Non-neuronal","Clk22"
"Hpca2",0.260788209941866,8.00396230030824,4.98722505209558,7.26048425212472e-05,0.00307820238073301,1.74628936470593,"Non-neuronal","Hpca2"
"Ero1l2",0.260770978467812,8.00550471777388,5.01108623455398,6.87489911912433e-05,0.00307820238073301,1.79631568851102,"Non-neuronal","Ero1l2"
"4933431E20Rik2",0.26075011322874,8.00510538932302,5.00902701165194,6.90733916499936e-05,0.00307820238073301,1.79200159987101,"Non-neuronal","4933431E20Rik2"
"Edc32",0.260673957139231,8.00748793705369,5.09117062459258,5.72632763318673e-05,0.00307820238073301,1.96382644879587,"Non-neuronal","Edc32"
"Slc27a42",0.260665037691121,8.00363710756384,5.00842615925911,6.91683398665849e-05,0.00307820238073301,1.79074821213388,"Non-neuronal","Slc27a42"
"Gm169732",0.260663932614388,8.00732948534801,5.09255623111267,5.70827245057789e-05,0.00307820238073301,1.9667199878218,"Non-neuronal","Gm169732"
"Gpalpp12",0.260662631025622,8.0035637588652,5.00633162192669,6.95003617184404e-05,0.00307820238073301,1.78635826111807,"Non-neuronal","Gpalpp12"
"5031425E22Rik2",0.260658820523492,8.00723872900957,5.09265539142103,5.70698256104553e-05,0.00307820238073301,1.96692742965344,"Non-neuronal","5031425E22Rik2"
"Gtpbp82",0.260652916606071,8.00711298176483,5.09149514498592,5.7220937611684e-05,0.00307820238073301,1.96450574246333,"Non-neuronal","Gtpbp82"
"Gtf2h22",0.260652585966663,8.00711152254632,5.09176698568549,5.71854962731601e-05,0.00307820238073301,1.96507329151201,"Non-neuronal","Gtf2h22"
"Trappc42",0.26064174309403,8.00328056700157,5.01057140902868,6.88299490590925e-05,0.00307820238073301,1.79524582387303,"Non-neuronal","Trappc42"
"Cwc152",0.260625784305538,8.00306935747122,5.01402081587736,6.82893629031655e-05,0.00307820238073301,1.80247526157715,"Non-neuronal","Cwc152"
"Plod22",0.260624546637185,8.00886662124134,5.13390504731765,5.19529912575997e-05,0.00307820238073301,2.05294820025576,"Non-neuronal","Plod22"
"Iqce2",0.260610738677933,8.00637646084903,5.09249866831736,5.7090213705052e-05,0.00307820238073301,1.96660435871,"Non-neuronal","Iqce2"
"Fam204a2",0.2606082066458,8.00633400133706,5.0926440304765,5.70713033058103e-05,0.00307820238073301,1.9669080351683,"Non-neuronal","Fam204a2"
"Ppp4c2",0.260605766924789,8.00629417497671,5.09284918503567,5.70446252528249e-05,0.00307820238073301,1.96733652363798,"Non-neuronal","Ppp4c2"
"Lpin22",0.26059672526033,8.00612108711587,5.09199355553024,5.71559741940431e-05,0.00307820238073301,1.96555106137425,"Non-neuronal","Lpin22"
"Trpm22",0.260537314290148,8.00151412752854,5.0065278197209,6.94691922413862e-05,0.00307820238073301,1.78677823580052,"Non-neuronal","Trpm22"
"Serpinb6a2",0.260534199780335,8.00505885105523,5.09346434913998,5.69647060389717e-05,0.00307820238073301,1.96862687547828,"Non-neuronal","Serpinb6a2"
"Psmg42",0.260519201614783,7.99724476000607,4.91962545323567,8.47644543707772e-05,0.00307820238073301,1.60428673472692,"Non-neuronal","Psmg42"
"Prss232",0.26049656481324,8.0066260301135,5.13906089381929,5.13471122907719e-05,0.00307820238073301,2.06370030886215,"Non-neuronal","Prss232"
"Cops42",0.260486139433959,8.00082900454303,5.01245107001469,6.85348344744866e-05,0.00307820238073301,1.79919598333658,"Non-neuronal","Cops42"
"Pcyt1b2",0.260472668240783,8.0062495976684,5.14210714657039,5.09925210370169e-05,0.00307820238073301,2.07004698045409,"Non-neuronal","Pcyt1b2"
"Wnk22",0.260453433193566,8.00369587549248,5.09309360466371,5.70128577689511e-05,0.00307820238073301,1.96785992235024,"Non-neuronal","Wnk22"
"Klhdc92",0.260418419979558,8.00534321531621,5.14443295071881,5.07234696252531e-05,0.00307820238073301,2.07489549290613,"Non-neuronal","Klhdc92"
"Gzf12",0.260410438976093,8.00520140619432,5.14400733727543,5.07725968376211e-05,0.00307820238073301,2.07400999950005,"Non-neuronal","Gzf12"
"Zfp3172",0.260404407963645,8.00406360967205,5.12931869172457,5.24980581526049e-05,0.00307820238073301,2.04341713839305,"Non-neuronal","Zfp3172"
"Narfl2",0.260396077790457,8.00498833990241,5.14622657752887,5.05169677294509e-05,0.00307820238073301,2.0786323625968,"Non-neuronal","Narfl2"
"Cfdp12",0.260388366754943,8.00263303259938,5.09298424663687,5.70270689260042e-05,0.00307820238073301,1.96763730256201,"Non-neuronal","Cfdp12"
"Lzts12",0.260374889475862,8.00356594344607,5.12889090294939,5.25491945277214e-05,0.00307820238073301,2.04252848191085,"Non-neuronal","Lzts12"
"1110038F14Rik2",0.26037439015293,8.00458838240674,5.14369761497012,5.08083775315622e-05,0.00307820238073301,2.07336853488526,"Non-neuronal","1110038F14Rik2"
"Timm442",0.260361225850189,8.00442810870239,5.14814981112522,5.02964941941287e-05,0.00307820238073301,2.08263997863725,"Non-neuronal","Timm442"
"Mrps112",0.260359764844289,8.00228684579358,5.10102210024232,5.59920794988003e-05,0.00307820238073301,1.98441656852111,"Non-neuronal","Mrps112"
"Hopx1",0.260318750986962,8.00046137698046,4.97976674260228,7.38545748586226e-05,0.00307820238073301,1.73065406099747,"Non-neuronal","Hopx1"
"Rassf12",0.260306001257197,8.00248828205997,5.13192540032132,5.2187553379612e-05,0.00307820238073301,2.04885831554657,"Non-neuronal","Rassf12"
"Fam76b2",0.26030391573514,8.00242095871612,5.12967743392049,5.24552143879545e-05,0.00307820238073301,2.04417432953636,"Non-neuronal","Fam76b2"
"Acbd42",0.260293671134413,8.00227225550316,5.13073566421603,5.23290394340749e-05,0.00307820238073301,2.04638046640203,"Non-neuronal","Acbd42"
"Ccpg12",0.260288027620706,8.00320577934946,5.14680353331502,5.04507242597255e-05,0.00307820238073301,2.07984422766931,"Non-neuronal","Ccpg12"
"Tmem63c2",0.260284944538481,8.00209617245696,5.12823318336283,5.26279148823398e-05,0.00307820238073301,2.04116642154946,"Non-neuronal","Tmem63c2"
"Zfp7192",0.260276290884182,8.00202138566571,5.13253354914006,5.21153813313486e-05,0.00307820238073301,2.05012833520474,"Non-neuronal","Zfp7192"
"Retreg22",0.26027325350061,8.00089034323824,5.09633387898482,5.65934116961887e-05,0.00307820238073301,1.97463978562819,"Non-neuronal","Retreg22"
"Brat12",0.26026631748717,8.00181595837558,5.12932689875304,5.24970776081183e-05,0.00307820238073301,2.04344747796679,"Non-neuronal","Brat12"
"Golph32",0.260255782534873,8.00067019074153,5.09717512421941,5.64850283909524e-05,0.00307820238073301,1.97639733726724,"Non-neuronal","Golph32"
"Rab11fip42",0.260236072678129,8.00138362346971,5.13239382656878,5.21319539158403e-05,0.00307820238073301,2.04984112858626,"Non-neuronal","Rab11fip42"
"Fam110b2",0.26023144556643,8.00133694403072,5.13416280943606,5.19225288494374e-05,0.00307820238073301,2.05352726097615,"Non-neuronal","Fam110b2"
"Spryd72",0.260218749356929,8.00016924790842,5.09534197194934,5.67214774791496e-05,0.00307820238073301,1.97257446933243,"Non-neuronal","Spryd72"
"Mcf2l2",0.260218403444506,8.00108919091443,5.13110611882036,5.22849423680375e-05,0.00307820238073301,2.04715970035523,"Non-neuronal","Mcf2l2"
"Rasgrf22",0.260215810192107,8.00020948457271,5.10239091018065,5.58177381926522e-05,0.00307820238073301,1.98728629475799,"Non-neuronal","Rasgrf22"
"Spock22",0.260206893770207,8.00000455867627,5.09417741282132,5.68722106230615e-05,0.00307820238073301,1.97014459847768,"Non-neuronal","Spock22"
"Ddhd12",0.260203438304663,8.00090283309831,5.13256474349594,5.21116820805047e-05,0.00307820238073301,2.05020049858593,"Non-neuronal","Ddhd12"
"Tmem1792",0.260203020500254,8.00189399966299,5.15041409692125,5.00381778615479e-05,0.00307820238073301,2.08736951679097,"Non-neuronal","Tmem1792"
"Epn12",0.260202713445191,7.99995759012308,5.09478503666893,5.67935129017689e-05,0.00307820238073301,1.97141341405514,"Non-neuronal","Epn12"
"Ppp1cb2",0.260183173760705,7.99972827199154,5.09660051446511,5.65590363754724e-05,0.00307820238073301,1.97520487741172,"Non-neuronal","Ppp1cb2"
"Ripor22",0.260164121405793,8.00034966140128,5.12930889193872,5.24992290180783e-05,0.00307820238073301,2.04342015216501,"Non-neuronal","Ripor22"
"Zc2hc1a2",0.260136495676594,8.00000601317232,5.13040526222817,5.23684007537678e-05,0.00307820238073301,2.04570770269653,"Non-neuronal","Zc2hc1a2"
"Eif4e4",0.260120283787493,8.0007186799424,5.15452568223023,4.95725618806261e-05,0.00307820238073301,2.09593635666773,"Non-neuronal","Eif4e4"
"Mpp62",0.260119506776967,7.99980446908731,5.13176453955032,5.22066605257261e-05,0.00307820238073301,2.0485418638755,"Non-neuronal","Mpp62"
"Acsl42",0.260104751768653,7.99870465804406,5.09208643006167,5.71438771093907e-05,0.00307820238073301,1.96578901825694,"Non-neuronal","Acsl42"
"Fbxo312",0.260089017787053,7.99940052316748,5.13012053787927,5.24023445816993e-05,0.00307820238073301,2.04511930240386,"Non-neuronal","Fbxo312"
"Rilpl12",0.260053436078347,7.99809080538634,5.09283841421113,5.70460255625128e-05,0.00307820238073301,1.96736385946722,"Non-neuronal","Rilpl12"
"Mfsd62",0.25997711998493,7.99804229247033,5.1313882550683,5.22513836362615e-05,0.00307820238073301,2.04777268905675,"Non-neuronal","Mfsd62"
"Bloc1s12",0.259827976489067,7.99716099901476,5.15781453445057,4.920329126381e-05,0.00307820238073301,2.10281317397229,"Non-neuronal","Bloc1s12"
"Borcs82",0.259817308597404,7.99613705072701,5.12558652728869,5.29458991177622e-05,0.00307820238073301,2.03569824004491,"Non-neuronal","Borcs82"
"Pom1212",0.259809865895867,7.99526184037782,5.08595103175662,5.79486461438642e-05,0.00307820238073301,1.95300569954707,"Non-neuronal","Pom1212"
"Rtraf2",0.259739298882922,7.99534557187477,5.13240485391237,5.21306457606569e-05,0.00307820238073301,2.04991633497347,"Non-neuronal","Rtraf2"
"Egln12",0.259642444575802,7.99362236309225,5.09793489916159,5.63873228476791e-05,0.00307820238073301,1.97804299711505,"Non-neuronal","Egln12"
"Snrpd32",0.259629839632582,7.98831881712306,4.90529894995879,8.75962680098768e-05,0.00307820238073301,1.57418065919277,"Non-neuronal","Snrpd32"
"Nacad2",0.259608361661675,7.99467301639069,5.14884698683038,5.02168141133093e-05,0.00307820238073301,2.08417157469709,"Non-neuronal","Nacad2"
"Ccdc922",0.259586032210795,7.99370295259411,5.12736572020057,5.27319222407693e-05,0.00307820238073301,2.03943125909524,"Non-neuronal","Ccdc922"
"Rack12",0.259515538851225,7.99300926022151,5.12845722989648,5.26010860069008e-05,0.00307820238073301,2.04171381433656,"Non-neuronal","Rack12"
"Sucla22",0.259465758896409,7.99255030169789,5.13164521936899,5.22208380506248e-05,0.00307820238073301,2.04836306831495,"Non-neuronal","Sucla22"
"Cct42",0.259459390875201,7.99320422026376,5.15481068881554,4.95404501908893e-05,0.00307820238073301,2.09660324091172,"Non-neuronal","Cct42"
"2410015M20Rik2",0.259296521048521,7.99020288246784,5.07555424400825,5.93387752425803e-05,0.00307820238073301,1.93133559341854,"Non-neuronal","2410015M20Rik2"
"Gars2",0.258989449838666,7.98891047155609,5.14956684928176,5.01346759302178e-05,0.00307820238073301,2.08574112297629,"Non-neuronal","Gars2"
"Naa382",0.258974297618336,7.985786453936,5.03191546399596,6.55533777283574e-05,0.00307820238073301,1.84009670513643,"Non-neuronal","Naa382"
"Txn12",0.257071597497396,7.97579886796693,4.99515848088264,7.12990527037043e-05,0.00307820238073301,1.76319774041976,"Non-neuronal","Txn12"
"Psmb42",0.255240974260894,7.96966671646973,5.04563298916666,6.35316551345131e-05,0.00307820238073301,1.8691420735598,"Non-neuronal","Psmb42"
"Appl22",0.249742927899387,7.95405090539314,3.42891418516914,0.00268466241856028,0.0110635601566639,-1.57388369014564,"Non-neuronal","Appl22"
"Mfge81",0.245840518218519,7.95093018372813,3.37030567421252,0.00307175383508767,0.0119617264987347,-1.69841721760563,"Non-neuronal","Mfge81"
"Tbcel2",0.234812875053573,7.94644009631692,3.73047879290033,0.00133668708432057,0.0110635601566639,-0.937830139598877,"Non-neuronal","Tbcel2"
"Hist1h4c1",0.234228921347571,7.88401530544902,2.60295673312495,0.0170965323089432,0.0473706710944322,-3.26399984967617,"Non-neuronal","Hist1h4c1"
"Arhgef42",0.225223152947101,7.90403449911056,2.78495562557461,0.0114950788586039,0.0321459149242843,-2.90775243338791,"Non-neuronal","Arhgef42"
"Spata2l2",0.22482784718765,7.90547612810441,2.79775556045908,0.0111753634818724,0.0313056411587576,-2.88234809076267,"Non-neuronal","Spata2l2"
"Gm442572",0.224801880323976,7.9415506555564,3.01342100965993,0.00691346891699284,0.0211671319682863,-2.44611587225152,"Non-neuronal","Gm442572"
"Gpr37l11",0.224724307181398,7.94152741484461,3.01208199521426,0.00693429841430233,0.021222918585534,-2.44888093227827,"Non-neuronal","Gpr37l11"
"F31",0.224668278134937,7.9415106590724,3.01111493508399,0.00694937954265769,0.0212610765624371,-2.45087769031979,"Non-neuronal","F31"
"Ddit4l1",0.224100399018526,7.90836887418654,2.82310340082837,0.0105671280163266,0.0296630732963481,-2.83190907522703,"Non-neuronal","Ddit4l1"
"Mid1ip12",0.223704906780235,7.94122646343134,2.99449760550232,0.00721352699528046,0.0220360653798748,-2.48515992786916,"Non-neuronal","Mid1ip12"
"Ran2",0.223629378156918,7.91092944551023,2.8384630094347,0.0102141140394789,0.0287117545650175,-2.80125274538828,"Non-neuronal","Ran2"
"Sumo32",0.223620461789335,7.91099083182697,2.83871912309477,0.0102083245223865,0.0287053992359538,-2.80074082044417,"Non-neuronal","Sumo32"
"Fxyd12",0.22357215226417,7.91132524371259,2.84011624990069,0.0101767973903819,0.0286266413453516,-2.7979479413196,"Non-neuronal","Fxyd12"
"Tmem229a1",0.223362974413905,7.91280978829792,2.84635549293608,0.0100371391439477,0.0282631107428226,-2.78546990408037,"Non-neuronal","Tmem229a1"
"Acvr1b2",0.223362626478283,7.91281230868323,2.84636613453241,0.0100369025199486,0.0282631107428226,-2.78544861369108,"Non-neuronal","Acvr1b2"
"Jak12",0.223345041216539,7.91293992048005,2.84690514566439,0.0100249241853074,0.0282482709551354,-2.78437019136818,"Non-neuronal","Jak12"
"Spry22",0.223309005911639,7.91320282118842,2.84801686254278,0.0100002619674782,0.0281885416165748,-2.78214571224482,"Non-neuronal","Spry22"
"0610012G03Rik2",0.22327358572567,7.91346309089972,2.84911910490241,0.00997586732663578,0.028139279022948,-2.77993989799139,"Non-neuronal","0610012G03Rik2"
"Psma42",0.223266416557363,7.91351599661951,2.84934335831331,0.0099709111733615,0.0281350545942753,-2.77949108492617,"Non-neuronal","Psma42"
"3110009E18Rik2",0.223265604115846,7.9135219969584,2.84936879634804,0.00997034912446608,0.0281350545942753,-2.77944017335466,"Non-neuronal","3110009E18Rik2"
"Zfp2752",0.223256937774465,7.91358606410914,2.84964045762413,0.00996434870932323,0.0281350545942753,-2.77889646196111,"Non-neuronal","Zfp2752"
"Ptgs12",0.223254523812293,7.91360392966526,2.84971622940018,0.00996267569050489,0.0281350545942753,-2.77874480678815,"Non-neuronal","Ptgs12"
"Mrpl492",0.223245512865699,7.9136706961949,2.84999946714342,0.00995642426658521,0.0281332099370166,-2.77817790183103,"Non-neuronal","Mrpl492"
"Pef12",0.223242238740572,7.9136949860069,2.85010253546436,0.00995415034811492,0.0281332099370166,-2.77797160411929,"Non-neuronal","Pef12"
"Cmtm62",0.223214929730728,7.91389821435032,2.85096542378754,0.00993513260847512,0.028092563006585,-2.7762443787274,"Non-neuronal","Cmtm62"
"Dusp222",0.223202846430083,7.91398849722681,2.85134906006191,0.00992668859224892,0.0280784463483814,-2.77547640452935,"Non-neuronal","Dusp222"
"Ppil12",0.22319401338101,7.91405463628961,2.85163022011311,0.0099205044938074,0.0280707144546516,-2.77491354770223,"Non-neuronal","Ppil12"
"Snx172",0.223191300438519,7.91407497393775,2.85171669619249,0.00991860320013067,0.0280707144546516,-2.77474042663634,"Non-neuronal","Snx172"
"Pdcd62",0.223178280763182,7.91417273371727,2.85213250228172,0.00990946601556019,0.0280589996646649,-2.77390797714842,"Non-neuronal","Pdcd62"
"Rtl8a2",0.223166171883734,7.91426388937582,2.85252041087857,0.00990094914134749,0.0280446452872082,-2.77313134127714,"Non-neuronal","Rtl8a2"
"Eef1e12",0.223157409504461,7.91432999426024,2.85280183220042,0.00989477468010136,0.0280369181548675,-2.77256788200743,"Non-neuronal","Eef1e12"
"Dnajb15",0.223152973731072,7.91436350399646,2.852944526406,0.00989164534005707,0.0280369181548675,-2.77228217364635,"Non-neuronal","Dnajb15"
"Cckbr2",0.22315190870848,7.91437155419638,2.85297881017148,0.00989089362492755,0.0280369181548675,-2.77221352851308,"Non-neuronal","Cckbr2"
"Nln2",0.223144177819516,7.9144300428104,2.85322794097676,0.00988543275959805,0.0280369181548675,-2.77171469448011,"Non-neuronal","Nln2"
"Agfg12",0.223140677644982,7.91445655435451,2.85334089083734,0.00988295788789447,0.0280369181548675,-2.77148853030849,"Non-neuronal","Agfg12"
"Ptpn32",0.223122341694562,7.9145957512832,2.85393417591401,0.00986996802346096,0.0280154186569626,-2.77030052059418,"Non-neuronal","Ptpn32"
"Plcd11",0.223116822194992,7.91463775607593,2.85411329073076,0.00986604955535721,0.0280140709015117,-2.76994183967594,"Non-neuronal","Plcd11"
"2310061I04Rik2",0.223106800775382,7.91471414475992,2.85443912038437,0.00985892525148897,0.028003616243318,-2.76928933959654,"Non-neuronal","2310061I04Rik2"
"Otud6b2",0.223102314444191,7.91474839360027,2.85458524632961,0.00985573179217046,0.028003616243318,-2.76899670232667,"Non-neuronal","Otud6b2"
"Dhcr242",0.223099020596954,7.91477355933075,2.85469263417002,0.00985338555352144,0.028003616243318,-2.76878164014797,"Non-neuronal","Dhcr242"
"Zfp955b2",0.223094530785384,7.91480789030974,2.85483915378169,0.00985018521680808,0.028003616243318,-2.76848820554152,"Non-neuronal","Zfp955b2"
"Tubgcp22",0.223090454413997,7.91483908778625,2.854972321613,0.00984727737898386,0.028003616243318,-2.76822150603372,"Non-neuronal","Tubgcp22"
"Ddx13",0.22308754637338,7.9148613599535,2.85506740388164,0.00984520167670428,0.028003616243318,-2.76803107909229,"Non-neuronal","Ddx13"
"Blvrb1",0.22308682302083,7.91486690208151,2.85509106543788,0.00984468519607722,0.028003616243318,-2.76798369034074,"Non-neuronal","Blvrb1"
"Map1s2",0.22308573528889,7.91487523755927,2.85512665413173,0.0098439084207215,0.028003616243318,-2.76791241397276,"Non-neuronal","Map1s2"
"Mboat22",0.223081838206968,7.91490511711666,2.85525423818936,0.00984112419461103,0.028003616243318,-2.76765688850611,"Non-neuronal","Mboat22"
"Trap12",0.223078605260146,7.91492992310879,2.85536017258003,0.00983881299581757,0.028003616243318,-2.76744472002814,"Non-neuronal","Trap12"
"Srp54a2",0.22307627167339,7.91494783884413,2.85543668999872,0.00983714391855146,0.028003616243318,-2.76729146703294,"Non-neuronal","Srp54a2"
"Csrp11",0.223074011749116,7.91496519738278,2.85551083402499,0.00983552687108207,0.028003616243318,-2.76714296624177,"Non-neuronal","Csrp11"
"Oscp12",0.223073918234688,7.91496591584642,2.85551390295442,0.00983545994461925,0.028003616243318,-2.76713681954875,"Non-neuronal","Oscp12"
"Trp53rka1",0.223060904205463,7.91506603888745,2.85594168480253,0.0098261352525331,0.028003616243318,-2.76628000221304,"Non-neuronal","Trp53rka1"
"Usp392",0.223059261136895,7.91507869921172,2.85599579155833,0.00982495644953767,0.028003616243318,-2.76617162699255,"Non-neuronal","Usp392"
"Eogt2",0.223054869129595,7.91511256234803,2.85614052951371,0.00982180376585384,0.028003616243318,-2.76588171503048,"Non-neuronal","Eogt2"
"Gm167411",0.223048111208645,7.91516472812499,2.8563635426792,0.00981694798877499,0.028003616243318,-2.76543500693191,"Non-neuronal","Gm167411"
"Pde122",0.223033870600824,7.91527489734203,2.85683470769549,0.00980669664282889,0.028003616243318,-2.76449119703916,"Non-neuronal","Pde122"
"Txndc152",0.223029155493595,7.91531144758806,2.85699107786143,0.009803296696346,0.028003616243318,-2.76417795372715,"Non-neuronal","Txndc152"
"Trub12",0.223023268895656,7.91535712998203,2.8571865552176,0.00979904803385757,0.028003616243318,-2.76378636193976,"Non-neuronal","Trub12"
"Gamt2",0.223019594407806,7.91538567430414,2.85730871911865,0.00979639372141527,0.028003616243318,-2.7635416313119,"Non-neuronal","Gamt2"
"Ubap22",0.223008237838212,7.91547403525657,2.8576869891429,0.0097881792413594,0.028003616243318,-2.76278382109268,"Non-neuronal","Ubap22"
"Nt5c3b2",0.223002090166356,7.9155219565661,2.85789220337388,0.00978372558952204,0.028003616243318,-2.76237268909568,"Non-neuronal","Nt5c3b2"
"Klf92",0.222992166606654,7.91559944301893,2.85822412076618,0.0097765262801655,0.0279943827135327,-2.76170769487035,"Non-neuronal","Klf92"
"Ggt72",0.222990416751269,7.91561312341468,2.85828273372678,0.00977525548901718,0.0279943827135327,-2.76159026144021,"Non-neuronal","Ggt72"
"Scaf13",0.222985868113516,7.91564870854876,2.85843521357576,0.00977195030594127,0.0279943827135327,-2.76128475802645,"Non-neuronal","Scaf13"
"Enho2",0.222984437936116,7.91565990430061,2.85848319171515,0.00977091054399481,0.0279943827135327,-2.7611886295046,"Non-neuronal","Enho2"
"Slc30a92",0.222982979060856,7.9156713282166,2.8585321501449,0.0097698496469426,0.0279943827135327,-2.76109053630951,"Non-neuronal","Slc30a92"
"Mindy22",0.222977360677871,7.91571535686789,2.85872086344625,0.00976576138658859,0.0279943827135327,-2.76071242459269,"Non-neuronal","Mindy22"
"Fabp71",0.222977253313924,7.91571619874225,2.85872447221082,0.00976568322276705,0.0279943827135327,-2.76070519387829,"Non-neuronal","Fabp71"
"Asic22",0.222977218600806,7.91571647094284,2.85872563902426,0.00976565795036898,0.0279943827135327,-2.76070285598757,"Non-neuronal","Asic22"
"Fundc12",0.222975016278544,7.91573374442104,2.85879968635075,0.00976405426308312,0.0279943827135327,-2.7605544900738,"Non-neuronal","Fundc12"
"Sgpp12",0.22297280146914,7.91575112401967,2.8588741944195,0.0097624408520581,0.0279943827135327,-2.76040519965058,"Non-neuronal","Sgpp12"
"Ctnnbl11",0.222971372234834,7.91576234357257,2.85892229686046,0.0097613993689814,0.0279943827135327,-2.76030881697722,"Non-neuronal","Ctnnbl11"
"Bivm2",0.222970504638285,7.9157691559126,2.85895150510896,0.0097607670227694,0.0279943827135327,-2.76025029225079,"Non-neuronal","Bivm2"
"Rgs202",0.22296959720718,7.91577628238154,2.85898206115912,0.00976010553925356,0.0279943827135327,-2.76018906670626,"Non-neuronal","Rgs202"
"Vsir",0.222969220651287,7.91577924005125,2.8589947430011,0.0097598310128091,0.0279943827135327,-2.76016365587269,"Non-neuronal","Vsir"
"Ptdss12",0.222966380386531,7.915801556657,2.85909043716687,0.00975775974016511,0.0279943827135327,-2.75997191050851,"Non-neuronal","Ptdss12"
"Mettl28",0.222965336719433,7.91580976038696,2.85912561737593,0.00975699838062262,0.0279943827135327,-2.75990141827763,"Non-neuronal","Mettl28"
"Fsd1l2",0.222962324943142,7.91583344466594,2.85922719036775,0.00975480048794967,0.0279943827135327,-2.75969789004345,"Non-neuronal","Fsd1l2"
"Map3k72",0.222960668443854,7.91584647769284,2.85928308872294,0.0097535911308621,0.0279943827135327,-2.75958588190682,"Non-neuronal","Map3k72"
"Fam91a12",0.222960447183548,7.91584821887695,2.85929055686835,0.0097534295689325,0.0279943827135327,-2.7595709173118,"Non-neuronal","Fam91a12"
"Dbt2",0.222960368840124,7.91584883541185,2.85929320127371,0.00975337236187291,0.0279943827135327,-2.75956561847558,"Non-neuronal","Dbt2"
"Sema6b1",0.222959966876608,7.91585199888405,2.85930676996742,0.00975307883210625,0.0279943827135327,-2.75953842961979,"Non-neuronal","Sema6b1"
"Nfya2",0.222954766536315,7.91589295033688,2.85948243528776,0.00974927945180878,0.0279943827135327,-2.75918642863419,"Non-neuronal","Nfya2"
"Snap232",0.222952583596702,7.91591015405294,2.85955624188077,0.00974768354805739,0.0279943827135327,-2.75903853157495,"Non-neuronal","Snap232"
"Stau12",0.222951941306064,7.91591521746713,2.85957796578155,0.00974721386463128,0.0279943827135327,-2.75899499996865,"Non-neuronal","Stau12"
"Plekhg11",0.222951619925207,7.91591775129242,2.85958883700293,0.00974697883061976,0.0279943827135327,-2.75897321554495,"Non-neuronal","Plekhg11"
"Slc25a262",0.222951591724774,7.9159179736381,2.85958979096918,0.00974695820628615,0.0279943827135327,-2.75897130392719,"Non-neuronal","Slc25a262"
"Arf62",0.222949548726509,7.91593408518473,2.85965891949204,0.00974546378918518,0.0279943827135327,-2.75883277924654,"Non-neuronal","Arf62"
"Orc52",0.222945208689081,7.91596833511264,2.85980588928645,0.00974228733312681,0.0279943827135327,-2.75853826681825,"Non-neuronal","Orc52"
"Fibp2",0.222942477059236,7.91598990844307,2.85989847396423,0.00974028681144443,0.0279943827135327,-2.75835273391822,"Non-neuronal","Fibp2"
"Gm71731",0.22294038951692,7.916006403548,2.85996927072734,0.00973875733744731,0.0279943827135327,-2.75821086100252,"Non-neuronal","Gm71731"
"Rreb12",0.222936129266479,7.91604008964973,2.86011386694678,0.00973563423544382,0.0279943827135327,-2.75792109417119,"Non-neuronal","Rreb12"
"Lactb22",0.22293552886684,7.91604483952984,2.86013425733156,0.00973519390525646,0.0279943827135327,-2.75788023199653,"Non-neuronal","Lactb22"
"9030624J02Rik2",0.222934059979828,7.91605646276791,2.86018415559936,0.00973411643311744,0.0279943827135327,-2.75778023582681,"Non-neuronal","9030624J02Rik2"
"Nxpe32",0.222933255270912,7.91606283194931,2.86021149941023,0.00973352603637833,0.0279943827135327,-2.7577254385521,"Non-neuronal","Nxpe32"
"Armcx52",0.222929809794782,7.91609011496704,2.86032863793276,0.00973099721631346,0.0279943827135327,-2.75749068971766,"Non-neuronal","Armcx52"
"Arrb12",0.222928513121474,7.91610038791532,2.86037274802845,0.00973004511816827,0.0279943827135327,-2.75740229100799,"Non-neuronal","Arrb12"
"Paqr82",0.222921940534607,7.91615250361074,2.86059655331245,0.00972521574983341,0.0279943827135327,-2.75695376742884,"Non-neuronal","Paqr82"
"Supt7l2",0.222916985598667,7.91619184133358,2.86076551843184,0.0097215712690998,0.0279943827135327,-2.75661513987734,"Non-neuronal","Supt7l2"
"Tob22",0.222914344888948,7.91621282335327,2.8608556530602,0.00971962765246702,0.0279943827135327,-2.75643449581549,"Non-neuronal","Tob22"
"Lypd62",0.222911696100141,7.91623388157354,2.8609461232171,0.00971767717532151,0.0279943827135327,-2.75625317732625,"Non-neuronal","Lypd62"
"Abhd14b2",0.222910066929914,7.91624683967039,2.86100179775744,0.00971647705534579,0.0279943827135327,-2.75614159453616,"Non-neuronal","Abhd14b2"
"Impa21",0.222907637296474,7.91626617295984,2.86108486910314,0.00971468663423743,0.0279943827135327,-2.75597510173636,"Non-neuronal","Impa21"
"Arl6ip62",0.222905401707116,7.91628397114756,2.86116135049814,0.00971303852477621,0.0279943827135327,-2.75582181513648,"Non-neuronal","Arl6ip62"
"Rad172",0.222901776156918,7.9163128535061,2.86128547456007,0.00971036432666239,0.0279943827135327,-2.7555730384812,"Non-neuronal","Rad172"
"Apeh2",0.222901153812534,7.91631781358828,2.86130679241685,0.00970990511388719,0.0279943827135327,-2.75553031161948,"Non-neuronal","Apeh2"
"Dach12",0.22289971310864,7.91632929855377,2.86135615519209,0.00970884185910662,0.0279943827135327,-2.75543137458812,"Non-neuronal","Dach12"
"Rcan32",0.222899564487117,7.91633048353445,2.86136124841683,0.00970873215940089,0.0279943827135327,-2.75542116628464,"Non-neuronal","Rcan32"
"Kifc32",0.222898465932995,7.91633924364589,2.86139890148744,0.00970792121089445,0.0279943827135327,-2.755345698387,"Non-neuronal","Kifc32"
"Pnp1",0.222897267781057,7.91634880034582,2.86143998008607,0.00970703655956592,0.0279943827135327,-2.75526336432636,"Non-neuronal","Pnp1"
"Styx2",0.222896750810338,7.916352924573,2.86145770821347,0.0097066547979885,0.0279943827135327,-2.75522783161728,"Non-neuronal","Styx2"
"Ppp4r3a2",0.22289636157309,7.91635603008786,2.8614710575771,0.00970636733921972,0.0279943827135327,-2.75520107526944,"Non-neuronal","Ppp4r3a2"
"Api52",0.222896248966017,7.91635692856798,2.86147491981579,0.00970628417315387,0.0279943827135327,-2.75519333411324,"Non-neuronal","Api52"
"Eva1b",0.222895497039269,7.91636292867463,2.86150071246577,0.00970572879433134,0.0279943827135327,-2.75514163733693,"Non-neuronal","Eva1b"
"Rsph10b1",0.222895497039269,7.91636292867463,2.86150071246577,0.00970572879433134,0.0279943827135327,-2.75514163733693,"Non-neuronal","Rsph10b1"
"Snta12",0.222894908626612,7.91636762467831,2.86152089962772,0.00970529413662862,0.0279943827135327,-2.75510117565147,"Non-neuronal","Snta12"
"Nova12",0.222894029969324,7.91637463818,2.86155104998901,0.00970464499212663,0.0279943827135327,-2.75504074426732,"Non-neuronal","Nova12"
"Tgfbrap12",0.222888986654621,7.91641492008262,2.8617242352925,0.00970091707731652,0.0279943827135327,-2.75469361887564,"Non-neuronal","Tgfbrap12"
"Abca72",0.222887482883785,7.9164269395046,2.86177591649221,0.00969980487534159,0.0279943827135327,-2.75459002983158,"Non-neuronal","Abca72"
"Dguok2",0.222883814210141,7.91645627912817,2.86190208220658,0.00969709024763272,0.0279943827135327,-2.75433714239803,"Non-neuronal","Dguok2"
"Gm49242",0.222883018375765,7.91646264676691,2.86192946626547,0.00969650113841498,0.0279943827135327,-2.75428225309193,"Non-neuronal","Gm49242"
"Farp12",0.222880535148336,7.91648252266371,2.86201494735388,0.00969466241711504,0.0279943827135327,-2.75411091145143,"Non-neuronal","Farp12"
"Rida2",0.222878935522165,7.91649533183934,2.8620700400754,0.00969347753496992,0.0279943827135327,-2.7540004805069,"Non-neuronal","Rida2"
"Htra12",0.222874902464424,7.91652764673574,2.86220904070746,0.00969048865794244,0.0279943827135327,-2.75372185657265,"Non-neuronal","Htra12"
"Ctbs2",0.222874729433587,7.91652903377981,2.86221500741591,0.00969036037789186,0.0279943827135327,-2.75370989632255,"Non-neuronal","Ctbs2"
"Rgs162",0.222874350403038,7.91653207233422,2.86222807861936,0.00969007936186796,0.0279943827135327,-2.75368369510239,"Non-neuronal","Rgs162"
"Ift742",0.222874066630689,7.91653434740108,2.86223786557304,0.00968986895859853,0.0279943827135327,-2.75366407713205,"Non-neuronal","Ift742"
"Ano102",0.222873134191357,7.91654182396531,2.8622700291436,0.00968917752603788,0.0279943827135327,-2.75359960502042,"Non-neuronal","Ano102"
"Smarcd22",0.222870688822382,7.91656143883188,2.86235441545964,0.00968736366604824,0.0279943827135327,-2.75343045084544,"Non-neuronal","Smarcd22"
"Med122",0.222868761113456,7.916576908783,2.86242097453338,0.00968593322727506,0.0279943827135327,-2.75329703054397,"Non-neuronal","Med122"
"9430037G07Rik2",0.222867371444628,7.91658806496342,2.86246897636918,0.00968490173274553,0.0279943827135327,-2.75320080829647,"Non-neuronal","9430037G07Rik2"
"Aqp42",0.222866714522029,7.91659333987424,2.86249167356599,0.009684414037361,0.0279943827135327,-2.75315531035733,"Non-neuronal","Aqp42"
"Mfap3l2",0.222866206974134,7.91659741586317,2.86250921231086,0.00968403719792488,0.0279943827135327,-2.75312015276979,"Non-neuronal","Mfap3l2"
"Ss182",0.222864006587645,7.91661509182089,2.86258527435841,0.00968240308295939,0.0279943827135327,-2.75296768044552,"Non-neuronal","Ss182"
"Arfgap12",0.222863813189918,7.91661664581199,2.86259196165901,0.00968225942582027,0.0279943827135327,-2.75295427516143,"Non-neuronal","Arfgap12"
"Ak32",0.222861853281648,7.91663239777778,2.86265974962452,0.00968080331455246,0.0279943827135327,-2.75281838759294,"Non-neuronal","Ak32"
"Tmc72",0.222860417530404,7.9166439413137,2.86270942957457,0.00967973630367573,0.0279943827135327,-2.75271879859649,"Non-neuronal","Tmc72"
"Cers12",0.222857086682297,7.9166707354703,2.86282475276893,0.00967725986183463,0.0279943827135327,-2.75248761809992,"Non-neuronal","Cers12"
"Ercc12",0.222856550549307,7.91667505007363,2.86284332419372,0.00967686111721527,0.0279943827135327,-2.75245038893793,"Non-neuronal","Ercc12"
"Stx172",0.222856064252728,7.91667896404792,2.86286017146823,0.0096764994052281,0.0279943827135327,-2.75241661601746,"Non-neuronal","Stx172"
"Tiparp2",0.222855750861876,7.91668148660471,2.86287102968169,0.00967626628560883,0.0279943827135327,-2.75239484904308,"Non-neuronal","Tiparp2"
"Shmt22",0.22285470282868,7.91668992372348,2.86290734763381,0.00967548659912272,0.0279943827135327,-2.75232204386329,"Non-neuronal","Shmt22"
"Tbc1d52",0.222854180537997,7.91669412910879,2.86292545037071,0.00967509798573938,0.0279943827135327,-2.7522857538947,"Non-neuronal","Tbc1d52"
"Uvssa2",0.222853303561072,7.91670119143838,2.86295585197176,0.00967444538500129,0.0279943827135327,-2.75222480861434,"Non-neuronal","Uvssa2"
"Id42",0.222852987265281,7.91670373891249,2.86296681844046,0.00967420998915418,0.0279943827135327,-2.75220282437159,"Non-neuronal","Id42"
"Amotl21",0.222851197391782,7.91671815802488,2.86302889256861,0.00967287766813938,0.0279943827135327,-2.75207838516029,"Non-neuronal","Amotl21"
"Flad12",0.222849108976148,7.91673498929906,2.86310135565683,0.0096713225874338,0.0279943827135327,-2.75193311815444,"Non-neuronal","Flad12"
"Nsdhl2",0.222847743110019,7.91674600144639,2.86314876855895,0.00967030522136166,0.0279943827135327,-2.75183806865668,"Non-neuronal","Nsdhl2"
"Ddah22",0.222847323088112,7.91674938848805,2.86316335192625,0.0096699923182493,0.0279943827135327,-2.75180883300856,"Non-neuronal","Ddah22"
"Phkb2",0.22284636204207,7.91675713949835,2.86319672570983,0.00966927628142488,0.0279943827135327,-2.75174192754043,"Non-neuronal","Phkb2"
"Zfp284",0.222844796980643,7.91676976548688,2.86325109210501,0.00966810995554158,0.0279943827135327,-2.75163293695008,"Non-neuronal","Zfp284"
"Hacd22",0.222843841794974,7.91677747348182,2.86328428342518,0.00966739796626931,0.0279943827135327,-2.75156639656832,"Non-neuronal","Hacd22"
"Sox112",0.222843566980142,7.91677969143407,2.86329383431996,0.00966719309868969,0.0279943827135327,-2.75154724933885,"Non-neuronal","Sox112"
"Slc25a381",0.222843473542209,7.91678044557533,2.86329708180517,0.00966712344077894,0.0279943827135327,-2.75154073891298,"Non-neuronal","Slc25a381"
"Rhpn12",0.222839862759508,7.91680960015513,2.86342263496081,0.00966443071958206,0.0279943827135327,-2.75128903311214,"Non-neuronal","Rhpn12"
"Ccdc612",0.222839042355474,7.91681622756323,2.8634511777266,0.00966381866717011,0.0279943827135327,-2.75123181076295,"Non-neuronal","Ccdc612"
"Tmem120b2",0.22283714398016,7.91683156762886,2.86351724689759,0.00966240206564596,0.0279943827135327,-2.75109935496721,"Non-neuronal","Tmem120b2"
"Aga2",0.222836301394098,7.91683837829666,2.86354658153857,0.00966177315992528,0.0279943827135327,-2.75104054439761,"Non-neuronal","Aga2"
"P3h12",0.222831929705293,7.91687373507363,2.86369888181398,0.00965850862336139,0.0279943827135327,-2.75073520696014,"Non-neuronal","P3h12"
"Gm149662",0.222830930649841,7.91688181985974,2.86373371029557,0.00965776222800752,0.0279943827135327,-2.75066538069516,"Non-neuronal","Gm149662"
"Tet12",0.222826015972896,7.91692161733176,2.86390517046273,0.0096540885396087,0.0279943827135327,-2.75032162261166,"Non-neuronal","Tet12"
"A830008E24Rik1",0.222825266944382,7.91692768649198,2.86393132073861,0.00965352836419877,0.0279943827135327,-2.75026919366534,"Non-neuronal","A830008E24Rik1"
"Daam22",0.222824926517248,7.91693044520377,2.86394320744884,0.00965327374457841,0.0279943827135327,-2.75024536182793,"Non-neuronal","Daam22"
"Srebf11",0.222822240122693,7.91695222211259,2.86403704418025,0.00965126393823517,0.0279943827135327,-2.75005722600669,"Non-neuronal","Srebf11"
"Wnt7a1",0.222821564252419,7.91695770298962,2.86406066257236,0.00965075813989813,0.0279943827135327,-2.75000987251282,"Non-neuronal","Wnt7a1"
"Ston21",0.222820412268907,7.91696704671666,2.86410092808661,0.00964989589466798,0.0279943827135327,-2.74992914220215,"Non-neuronal","Ston21"
"Elovl21",0.222813467445921,7.91702342624444,2.86434391971484,0.00964469404279212,0.0279943827135327,-2.74944194800452,"Non-neuronal","Elovl21"
"Gramd31",0.222812496660786,7.91703131414158,2.86437792030716,0.00964396638839791,0.0279943827135327,-2.74937377623964,"Non-neuronal","Gramd31"
"Pxmp21",0.222810275555801,7.91704936757072,2.8644557431761,0.00964230108166154,0.0279943827135327,-2.74921773901328,"Non-neuronal","Pxmp21"
"Wwtr11",0.222807251813055,7.91707395913367,2.86456175888759,0.00964003292898752,0.0279943827135327,-2.74900517191962,"Non-neuronal","Wwtr11"
"Lgi41",0.22280707024029,7.9170754363539,2.86456812760043,0.00963989668988112,0.0279943827135327,-2.74899240222784,"Non-neuronal","Lgi41"
"Dera1",0.222806891962016,7.91707688682862,2.86457438104195,0.00963976291844827,0.0279943827135327,-2.74897986365316,"Non-neuronal","Dera1"
"Etnppl",0.222806864722025,7.91707710845861,2.86457533655996,0.00963974247849814,0.0279943827135327,-2.74897794777387,"Non-neuronal","Etnppl"
"Col9a31",0.222805035872301,7.91709199138627,2.86463950354569,0.00963836994642779,0.0279943827135327,-2.74884928805082,"Non-neuronal","Col9a31"
"Itpripl2",0.22280267923376,7.91711117823149,2.86472223219397,0.00963660065688786,0.0279943827135327,-2.74868340930184,"Non-neuronal","Itpripl2"
"Gm40578",0.222801563999264,7.91712026151666,2.86476139911258,0.00963576311592318,0.0279943827135327,-2.74860487535524,"Non-neuronal","Gm40578"
"Eci12",0.222800254567146,7.91713092934024,2.8648074003058,0.00963477952074227,0.0279943827135327,-2.74851263746812,"Non-neuronal","Eci12"
"Lrrc511",0.222795996215391,7.91716564305192,2.86495710412659,0.00963157922773014,0.0279943827135327,-2.74821245988098,"Non-neuronal","Lrrc511"
"Tspan151",0.222795502537756,7.91716966957926,2.86497446994867,0.00963120805590927,0.0279943827135327,-2.7481776385712,"Non-neuronal","Tspan151"
"Lcat",0.222794830683545,7.917175150053,2.86499810686647,0.00963070286962978,0.0279943827135327,-2.7481302425729,"Non-neuronal","Lcat"
"Ddo1",0.222793976189554,7.91718212153715,2.86502817514247,0.00963006026416936,0.0279943827135327,-2.74806995042361,"Non-neuronal","Ddo1"
"Tle22",0.222792290918635,7.9171958748632,2.8650874961543,0.00962879260318393,0.0279943827135327,-2.74795100078409,"Non-neuronal","Tle22"
"Fam163a2",0.222791239814426,7.91720445541116,2.86512450748514,0.00962800177023102,0.0279943827135327,-2.74787678576452,"Non-neuronal","Fam163a2"
"Irak22",0.222790255754159,7.9172124904609,2.8651591669831,0.0096272612461225,0.0279943827135327,-2.74780728633327,"Non-neuronal","Irak22"
"Ddx312",0.222785828433083,7.91724866205204,2.86531520791973,0.00962392800021684,0.0279943827135327,-2.74749438851945,"Non-neuronal","Ddx312"
"Bag31",0.22277904158278,7.91730418001361,2.86555474977386,0.00961881321505024,0.0279943827135327,-2.74701404077713,"Non-neuronal","Bag31"
"Sept101",0.222776069907185,7.91732851526038,2.86565976454711,0.00961657172329969,0.0279943827135327,-2.74680345270175,"Non-neuronal","Sept101"
"Slc7a111",0.222773506770757,7.91734951782771,2.86575040556898,0.00961463743541172,0.0279943827135327,-2.74662168643102,"Non-neuronal","Slc7a111"
"Ranbp3l1",0.222771752104728,7.91736390259963,2.86581249029956,0.00961331275677144,0.0279943827135327,-2.74649718415032,"Non-neuronal","Ranbp3l1"
"Eva1a",0.222769291517554,7.91738408395251,2.86589959884678,0.00961145444940067,0.0279943827135327,-2.74632249851775,"Non-neuronal","Eva1a"
"Cpq1",0.222767204482262,7.91740121012901,2.86597352562844,0.00960987762202872,0.0279943827135327,-2.74617424587757,"Non-neuronal","Cpq1"
"Ddx592",0.222755746332511,7.91749537708497,2.8663800921745,0.00960121016055177,0.0279943827135327,-2.74535889438831,"Non-neuronal","Ddx592"
"Gm13322",0.222755746332511,7.91749537708497,2.8663800921745,0.00960121016055177,0.0279943827135327,-2.74535889438831,"Non-neuronal","Gm13322"
"0610043K17Rik1",0.222755746332511,7.91749537708497,2.8663800921745,0.00960121016055177,0.0279943827135327,-2.74535889438831,"Non-neuronal","0610043K17Rik1"
"Mroh72",0.222755746332511,7.91749537708497,2.8663800921745,0.00960121016055177,0.0279943827135327,-2.74535889438831,"Non-neuronal","Mroh72"
"Slc25a34",0.222755746332511,7.91749537708497,2.8663800921745,0.00960121016055177,0.0279943827135327,-2.74535889438831,"Non-neuronal","Slc25a34"
"Tlr6",0.222755746332511,7.91749537708497,2.8663800921745,0.00960121016055177,0.0279943827135327,-2.74535889438831,"Non-neuronal","Tlr6"
"Smo1",0.222755746332511,7.91749537708497,2.8663800921745,0.00960121016055177,0.0279943827135327,-2.74535889438831,"Non-neuronal","Smo1"
"Cideb",0.222755746332511,7.91749537708497,2.8663800921745,0.00960121016055177,0.0279943827135327,-2.74535889438831,"Non-neuronal","Cideb"
"Gm31614",0.222755746332511,7.91749537708497,2.8663800921745,0.00960121016055177,0.0279943827135327,-2.74535889438831,"Non-neuronal","Gm31614"
"Tnfsf13",0.222755746332511,7.91749537708497,2.8663800921745,0.00960121016055177,0.0279943827135327,-2.74535889438831,"Non-neuronal","Tnfsf13"
"Prr5",0.222755746332511,7.91749537708497,2.8663800921745,0.00960121016055177,0.0279943827135327,-2.74535889438831,"Non-neuronal","Prr5"
"Cyp4f151",0.222755746332511,7.91749537708497,2.8663800921745,0.00960121016055177,0.0279943827135327,-2.74535889438831,"Non-neuronal","Cyp4f151"
"Igfbp21",0.221266675231546,7.93255211102207,2.93288778606816,0.00827999905310207,0.0250773612423624,-2.61144051588529,"Non-neuronal","Igfbp21"
"Ccdc342",0.221247797510338,7.93278915840633,2.93394330710987,0.00826051069075202,0.0250276552958166,-2.60930659729022,"Non-neuronal","Ccdc342"
"Sdf22",0.221244855732579,7.93282619778365,2.93410811641798,0.00825747176056723,0.0250276552958166,-2.6089733832079,"Non-neuronal","Sdf22"
"Nelfa2",0.221235195392278,7.93294808368305,2.93465043073007,0.00824747958343446,0.0250225498406297,-2.60787687831637,"Non-neuronal","Nelfa2"
"Fgf15",0.221234929514338,7.93295144383222,2.93466538068065,0.00824720429449836,0.0250225498406297,-2.60784665004133,"Non-neuronal","Fgf15"
"1110034G24Rik2",0.22122806339826,7.93303832034441,2.93505190025959,0.00824008997824436,0.025021699131399,-2.60706510275088,"Non-neuronal","1110034G24Rik2"
"Gabrg12",0.221222509420971,7.93310873987674,2.93536518616835,0.00823432794240273,0.025013539137956,-2.60643160901542,"Non-neuronal","Gabrg12"
"Nkain42",0.221216615048506,7.93318361814026,2.93569829279171,0.00822820561283451,0.0250042781697455,-2.60575801057167,"Non-neuronal","Nkain42"
"Dock12",0.221211592539022,7.93324753728111,2.9359826332932,0.00822298304612872,0.0249977455456865,-2.60518300488492,"Non-neuronal","Dock12"
"Slco1c1",0.221205624867609,7.93332362486356,2.93632108857587,0.00821677069636612,0.0249881979868928,-2.60449854113768,"Non-neuronal","Slco1c1"
"Zfp354b1",0.221205600749438,7.93332393267806,2.93632245777108,0.0082167455739528,0.0249881979868928,-2.60449577213669,"Non-neuronal","Zfp354b1"
"Aox1",0.221199077870977,7.93340727413291,2.93669315976423,0.00820994653931045,0.024986126111968,-2.60374606428357,"Non-neuronal","Aox1"
"Gli3",0.221199077870977,7.93340727413291,2.93669315976423,0.00820994653931045,0.024986126111968,-2.60374606428357,"Non-neuronal","Gli3"
"Osbpl22",0.219520534111032,7.9408602693992,3.3695986194791,0.00307674292371233,0.0119617264987347,-1.70883941586758,"Non-neuronal","Osbpl22"
"Fam57b2",0.219382456576649,7.93564071810805,3.13649401479888,0.00523685045658629,0.0162292489387922,-2.19546734710691,"Non-neuronal","Fam57b2"
"Hap12",0.219377802400843,7.93552690973721,3.13698962862341,0.00523097161651133,0.0162172081174999,-2.19444500834181,"Non-neuronal","Hap12"
"Gm34482",0.219377445651621,7.93551819656499,3.13702757551417,0.00523052176488752,0.0162172081174999,-2.19436673062053,"Non-neuronal","Gm34482"
"Zfp6122",0.219371775494135,7.93537990809245,3.13762988831334,0.00522338651688996,0.0162060447425247,-2.19312422965814,"Non-neuronal","Zfp6122"
"Mcm3ap2",0.219362899460017,7.93516417864435,3.13856967803076,0.00521227226331734,0.016177731729144,-2.19118541718548,"Non-neuronal","Mcm3ap2"
"Tmed72",0.219356729122357,7.9350147445037,3.13922079038328,0.00520458547896146,0.0161600392638746,-2.18984205707464,"Non-neuronal","Tmed72"
"Ndufaf32",0.219355037138732,7.93497384401894,3.13939901903665,0.00520248330032686,0.0161596798962043,-2.18947432594985,"Non-neuronal","Ndufaf32"
"Pacsin22",0.219043890200807,7.93488963569401,3.17693081189006,0.00477771108211305,0.0148572934453324,-2.11183805370347,"Non-neuronal","Pacsin22"
"Snn2",0.219042183414856,7.93484836625175,3.17710267072299,0.00477584588703853,0.0148571725778426,-2.11148224947005,"Non-neuronal","Snn2"
"Las1l2",0.219039052559941,7.93477274874619,3.17741756804873,0.00477243012461177,0.0148522261146583,-2.11083029500313,"Non-neuronal","Las1l2"
"Ruvbl21",0.219021344272056,7.93434712146129,3.17919006533333,0.00475324775912699,0.0147981900193257,-2.10716023992462,"Non-neuronal","Ruvbl21"
"Klhl41",0.218617632571116,7.92030922305823,3.20587022829723,0.00447341945336739,0.0139430142732351,-2.05192181071478,"Non-neuronal","Klhl41"
"Clec12a",0.218617632571116,7.92030922305823,3.20587022829723,0.00447341945336739,0.0139430142732351,-2.05192181071478,"Non-neuronal","Clec12a"
"Upb1",0.218617632571116,7.92030922305823,3.20587022829723,0.00447341945336739,0.0139430142732351,-2.05192181071478,"Non-neuronal","Upb1"
"Slc38a8",0.218617632571116,7.92030922305823,3.20587022829723,0.00447341945336739,0.0139430142732351,-2.05192181071478,"Non-neuronal","Slc38a8"
"Trim43a",0.218617632571116,7.92030922305823,3.20587022829723,0.00447341945336739,0.0139430142732351,-2.05192181071478,"Non-neuronal","Trim43a"
"AC154378.1",0.218617632571116,7.92030922305823,3.20587022829723,0.00447341945336739,0.0139430142732351,-2.05192181071478,"Non-neuronal","AC154378.1"
"Cd226",0.218617632571116,7.92030922305823,3.20587022829723,0.00447341945336739,0.0139430142732351,-2.05192181071478,"Non-neuronal","Cd226"
"Pcdhgb71",0.218610920395606,7.92021162299816,3.20640964357129,0.00446793078582489,0.0139430142732351,-2.05080217281669,"Non-neuronal","Pcdhgb71"
"G630016G05Rik1",0.218601613270763,7.92007655649815,3.20715543570355,0.00446035299570504,0.0139430142732351,-2.04925408809263,"Non-neuronal","G630016G05Rik1"
"Gm464042",0.218601516072082,7.92007514756445,3.20716321110975,0.00446027405792814,0.0139430142732351,-2.04923794773179,"Non-neuronal","Gm464042"
"A430105J06Rik2",0.218596100639938,7.91999670185867,3.20759598598966,0.00445588257006459,0.0139417710413367,-2.04833956804736,"Non-neuronal","A430105J06Rik2"
"Grm22",0.218595326123373,7.91998549106382,3.20765781213117,0.00445525554694475,0.0139417710413367,-2.0482112231252,"Non-neuronal","Grm22"
"Pakap1",0.218594750527195,7.91997716093836,3.20770374810857,0.00445478973301688,0.0139417710413367,-2.04811586418916,"Non-neuronal","Pakap1"
"Rnf171",0.218592963343004,7.91995130401391,3.2078463148386,0.00445334433682034,0.0139417710413367,-2.04781990629661,"Non-neuronal","Rnf171"
"Cyp2r12",0.218589371708274,7.91989937469107,3.20813254604684,0.00445044379469291,0.0139417710413367,-2.04722570139447,"Non-neuronal","Cyp2r12"
"AW5519841",0.218587943098824,7.91987873201165,3.20824629366248,0.00444929163723362,0.0139417710413367,-2.04698956194316,"Non-neuronal","AW5519841"
"Adamts32",0.218586111515886,7.91985227717191,3.20839204013909,0.00444781578590888,0.0139417710413367,-2.04668698986158,"Non-neuronal","Adamts32"
"Nup1602",0.218584136908068,7.91982376986141,3.20854905899259,0.00444622632257926,0.0139417710413367,-2.0463610121652,"Non-neuronal","Nup1602"
"Bbs22",0.218580961690439,7.91977795841309,3.20880131273945,0.00444367397862053,0.0139417710413367,-2.0458373142245,"Non-neuronal","Bbs22"
"Zfp3982",0.218579042237399,7.91975028223814,3.20895366149219,0.00444213318106703,0.0139417710413367,-2.04552102149083,"Non-neuronal","Zfp3982"
"Vstm52",0.218577123232314,7.91972262557316,3.2091058682619,0.00444059433938468,0.0139417710413367,-2.0452050196582,"Non-neuronal","Vstm52"
"Crtc22",0.218576247825346,7.91971001355713,3.20917526623021,0.0044398928841208,0.0139417710413367,-2.04506093880919,"Non-neuronal","Crtc22"
"1500015A07Rik2",0.218574593650088,7.91968618921031,3.20930634069171,0.00443856831466689,0.0139417710413367,-2.04478880588706,"Non-neuronal","1500015A07Rik2"
"Dlx1as2",0.218574566638702,7.91968580025779,3.20930848037908,0.00443854669530833,0.0139417710413367,-2.0447843635076,"Non-neuronal","Dlx1as2"
"Trmt2b2",0.218573357776117,7.9348527768546,3.24112044955597,0.00412821070446738,0.0135858980350087,-1.9784629056262,"Non-neuronal","Trmt2b2"
"Dhdh1",0.218572369626949,7.91965417286481,3.2094824445311,0.0044367893082866,0.0139417710413367,-2.04442317978761,"Non-neuronal","Dhdh1"
"2610301B20Rik2",0.21857218405161,7.91965150217115,3.209497132405,0.0044366409623329,0.0139417710413367,-2.04439268464773,"Non-neuronal","2610301B20Rik2"
"Aen2",0.218571017016074,7.91963470965816,3.20958947787838,0.00443570839366248,0.0139417710413367,-2.0442009550444,"Non-neuronal","Aen2"
"Chd12",0.218569820496658,7.91961749790218,3.20968411554025,0.00443475287508357,0.0139417710413367,-2.04400446487559,"Non-neuronal","Chd12"
"Supt32",0.218569449537703,7.91961216274007,3.20971344782548,0.00443445675946694,0.0139417710413367,-2.04394356381086,"Non-neuronal","Supt32"
"Ccdc1912",0.218569035318667,7.91960620598315,3.20974619605567,0.00443412618192925,0.0139417710413367,-2.04387557023166,"Non-neuronal","Ccdc1912"
"Carnmt12",0.218568963095524,7.91960516742627,3.20975190552397,0.00443406855006805,0.0139417710413367,-2.04386371591825,"Non-neuronal","Carnmt12"
"Ykt62",0.218568764761447,7.91960231551015,3.20976758368465,0.00443391029712795,0.0139417710413367,-2.04383116402718,"Non-neuronal","Ykt62"
"Gm368391",0.218568735583903,7.91960189596759,3.20976989005205,0.00443388701747497,0.0139417710413367,-2.04382637541225,"Non-neuronal","Gm368391"
"Tmem1072",0.218568554763335,7.91959929602421,3.20978418264186,0.00443374275580814,0.0139417710413367,-2.04379670028122,"Non-neuronal","Tmem1072"
"Gpr1532",0.218568146669364,7.91959342863635,3.20981643612231,0.00443341722343908,0.0139417710413367,-2.04372973354811,"Non-neuronal","Gpr1532"
"Ripply22",0.218566455007648,7.91956911297718,3.20995008442269,0.00443206856767644,0.0139417710413367,-2.04345224257524,"Non-neuronal","Ripply22"
"Kdm2a2",0.218566029412373,7.9195629971348,3.209983695218,0.00443172946135697,0.0139417710413367,-2.04338245676519,"Non-neuronal","Kdm2a2"
"Slc25a301",0.218565380424569,7.91955367235358,3.21003493806871,0.00443121251021585,0.0139417710413367,-2.04327606130531,"Non-neuronal","Slc25a301"
"Rsbn12",0.218565085916334,7.91954944129358,3.21005818787478,0.00443097797953534,0.0139417710413367,-2.04322778762091,"Non-neuronal","Rsbn12"
"Tulp32",0.21856334057246,7.93464288453889,3.24205738745681,0.00411939913318317,0.0135858980350087,-1.97651229356284,"Non-neuronal","Tulp32"
"Tmem1172",0.21856268584271,7.93462919012954,3.24211849009206,0.00411882512229433,0.0135858980350087,-1.97638507899577,"Non-neuronal","Tmem1172"
"Fads21",0.218562653876792,7.91951451304477,3.21025008840282,0.00442904265923548,0.0139417710413367,-2.04282934019026,"Non-neuronal","Fads21"
"Ccdc144",0.218562257819731,7.91950882696511,3.21028132320792,0.00442872773362362,0.0139417710413367,-2.0427644860736,"Non-neuronal","Ccdc144"
"Trpc42",0.218560956650635,7.93459303642385,3.24227978664901,0.00411731024374854,0.0135858980350087,-1.9760492596262,"Non-neuronal","Trpc42"
"Calb22",0.218560784556595,7.91948768060133,3.21039747153001,0.00442755685704514,0.0139417710413367,-2.04252332108704,"Non-neuronal","Calb22"
"Cox102",0.218557650588946,7.91944272740903,3.2106442983769,0.00442506962842201,0.0139417710413367,-2.04201081388821,"Non-neuronal","Cox102"
"Mbd42",0.218557146456553,7.91943550193417,3.21068395496679,0.00442467014326191,0.0139417710413367,-2.04192847069222,"Non-neuronal","Mbd42"
"Nubp12",0.218556804448174,7.91943060061035,3.21071085422371,0.0044243991905498,0.0139417710413367,-2.04187261675475,"Non-neuronal","Nubp12"
"Hps12",0.218556402326465,7.93449791437723,3.24270405068,0.00411332820053209,0.0135858980350087,-1.97516592204844,"Non-neuronal","Hps12"
"Yipf62",0.218555901056821,7.91941765608512,3.2107818905499,0.00442368372862151,0.0139417710413367,-2.04172511550226,"Non-neuronal","Yipf62"
"Ccdc1892",0.218555687485325,7.9194145962791,3.21079868087422,0.0044235146367205,0.0139417710413367,-2.04169025161342,"Non-neuronal","Ccdc1892"
"Spindoc2",0.218555610023526,7.91941348653558,3.21080477035404,0.00442345331237888,0.0139417710413367,-2.0416776072393,"Non-neuronal","Spindoc2"
"Clpx2",0.218554191026349,7.91939316124526,3.2109162909882,0.00442233038604512,0.0139417710413367,-2.04144604144004,"Non-neuronal","Clpx2"
"Wdr762",0.218554108172348,7.9193919746883,3.21092280079045,0.00442226484596545,0.0139417710413367,-2.04143252416857,"Non-neuronal","Wdr762"
"Lcmt22",0.218554058615292,7.93444901934037,3.24292206778577,0.00411128340485658,0.0135858980350087,-1.97471198894332,"Non-neuronal","Lcmt22"
"Osbpl32",0.218551028672937,7.91934789013091,3.2111646156159,0.00441983094750819,0.0139417710413367,-2.04093040305745,"Non-neuronal","Osbpl32"
"Wdr532",0.218550785443376,7.91934440960075,3.21118370336808,0.00441963888233992,0.0139417710413367,-2.04089076750818,"Non-neuronal","Wdr532"
"Fam219a2",0.218550735927661,7.91934370107367,3.2111875889687,0.00441959978556678,0.0139417710413367,-2.0408826990853,"Non-neuronal","Fam219a2"
"Nr4a12",0.218547737543187,7.93431733686997,3.24350900353783,0.00410578342733514,0.0135858980350087,-1.97348989281481,"Non-neuronal","Nr4a12"
"3110062M04Rik2",0.218547344009209,7.91929518616644,3.2114535920342,0.00441692407356216,0.0139417710413367,-2.04033033959031,"Non-neuronal","3110062M04Rik2"
"Mnat12",0.218546665613549,7.91928548786565,3.21150675389563,0.00441638951028629,0.0139417710413367,-2.04021994675039,"Non-neuronal","Mnat12"
"Lysmd42",0.218545782978755,7.91927287219528,3.21157590097221,0.00441569430377142,0.0139417710413367,-2.04007635923696,"Non-neuronal","Lysmd42"
"Rrm12",0.218545712913825,7.93427521746418,3.24369667008049,0.00410402638264781,0.0135858980350087,-1.97309912871727,"Non-neuronal","Rrm12"
"Zbtb242",0.218545506298127,7.91926891810875,3.21159757198282,0.00441547644481663,0.0139417710413367,-2.04003135808897,"Non-neuronal","Zbtb242"
"Sgf292",0.218543677431016,7.91924278824073,3.21174076267946,0.00441403721012207,0.0139417710413367,-2.03973401209453,"Non-neuronal","Sgf292"
"Fuk1",0.21854340265765,7.91923886344162,3.2117622676879,0.00441382109902015,0.0139417710413367,-2.03968935507164,"Non-neuronal","Fuk1"
"Prrc2a2",0.218542316057813,7.91922334529717,3.211847288667,0.00441296679542289,0.0139417710413367,-2.03951280085247,"Non-neuronal","Prrc2a2"
"Ric8b2",0.218541237122277,7.91920794070929,3.21193167639566,0.0044121190141807,0.0139417710413367,-2.03933756045236,"Non-neuronal","Ric8b2"
"Carmil32",0.218541131344257,7.91920643067505,3.21193994790481,0.00441203592497403,0.0139417710413367,-2.03932038369027,"Non-neuronal","Carmil32"
"Fam122a2",0.218539092448265,7.9191773320825,3.21209932038461,0.00441043528959488,0.0139417710413367,-2.03898942576556,"Non-neuronal","Fam122a2"
"Copb12",0.218538913728064,7.93413397702994,3.24432573526595,0.00409814205441783,0.0135858980350087,-1.97178923172876,"Non-neuronal","Copb12"
"4930570G19Rik2",0.218537441964462,7.91915378748441,3.2122282447926,0.00440914086930722,0.0139417710413367,-2.03872169418586,"Non-neuronal","4930570G19Rik2"
"Atf12",0.218536292880255,7.91913740112564,3.21231795715062,0.00440824036232385,0.0139417710413367,-2.0385353908988,"Non-neuronal","Atf12"
"Mei11",0.218534583070267,7.9191130271778,3.21245137686176,0.00440690146494478,0.0139417710413367,-2.03825831923707,"Non-neuronal","Mei11"
"Gosr12",0.218534302668837,7.91910903093351,3.21247324910925,0.00440668200974496,0.0139417710413367,-2.03821289703173,"Non-neuronal","Gosr12"
"Setd62",0.218530329939902,7.91905247764126,3.21278252624897,0.0044035800174042,0.0139417710413367,-2.03757061170274,"Non-neuronal","Setd62"
"Kxd12",0.218529022781948,7.91903388950255,3.21288411129135,0.00440256160267087,0.0139417710413367,-2.03735964358513,"Non-neuronal","Kxd12"
"Efr3b2",0.218526521164844,7.91899833244776,3.21307838685458,0.00440061458221301,0.0139417710413367,-2.03695617441118,"Non-neuronal","Efr3b2"
"Med242",0.218524494775353,7.91896954609433,3.21323562512428,0.00439903936227558,0.0139417710413367,-2.03662961927397,"Non-neuronal","Med242"
"Prdx32",0.218523798977173,7.91895966506936,3.21328958872157,0.0043984988792538,0.0139417710413367,-2.03651754580626,"Non-neuronal","Prdx32"
"Dcaf52",0.218523590218695,7.91895670082072,3.21330577657816,0.00439833675921268,0.0139417710413367,-2.03648392621115,"Non-neuronal","Dcaf52"
"Slc9a52",0.218522697916197,7.91894403235647,3.21337495477771,0.00439764401090529,0.0139417710413367,-2.03634025364091,"Non-neuronal","Slc9a52"
"Kansl22",0.218520216582696,7.91890881820099,3.21356720741293,0.00439571935748343,0.0139417710413367,-2.0359409700825,"Non-neuronal","Kansl22"
"Ufd12",0.218519423025346,7.91889756085592,3.21362865478123,0.0043951043771086,0.0139417710413367,-2.03581335065323,"Non-neuronal","Ufd12"
"Parp22",0.218517230657748,7.91886647148305,3.21379832249644,0.00439340673631234,0.0139417710413367,-2.03546096621979,"Non-neuronal","Parp22"
"Arl6ip42",0.218515344931622,7.91883974388484,3.21394414941964,0.00439194814958447,0.0139417710413367,-2.03515809314562,"Non-neuronal","Arl6ip42"
"Rpap22",0.218512481024933,7.91879917555487,3.21416542690269,0.00438973579442034,0.0139417710413367,-2.03469850743853,"Non-neuronal","Rpap22"
"Traf3ip12",0.21851208033745,7.91879350193683,3.21419636704511,0.00438942653824907,0.0139417710413367,-2.03463424518479,"Non-neuronal","Traf3ip12"
"Hgsnat2",0.218511822600036,7.91878985274489,3.21421626650022,0.00438922764834017,0.0139417710413367,-2.0345929142045,"Non-neuronal","Hgsnat2"
"Impad12",0.218510945083889,7.91877743010577,3.2142840037809,0.00438855069757124,0.0139417710413367,-2.03445222402251,"Non-neuronal","Impad12"
"Prtn31",0.218509721310632,7.91876011011119,3.21437843269421,0.00438760716659283,0.0139417710413367,-2.03425609411522,"Non-neuronal","Prtn31"
"Pcnx32",0.218509314286902,7.91875435067948,3.21440983003604,0.00438729348906281,0.0139417710413367,-2.03419088115977,"Non-neuronal","Pcnx32"
"Dtymk2",0.218508639785237,7.9187448076712,3.21446184991775,0.00438677382858886,0.0139417710413367,-2.03408283438675,"Non-neuronal","Dtymk2"
"Zfp242",0.2185070866268,7.91872283922484,3.21458158550568,0.00438557793979289,0.0139417710413367,-2.03383413847103,"Non-neuronal","Zfp242"
"Ninj12",0.218505467235434,7.91869994286952,3.21470635388033,0.00438433212288454,0.0139417710413367,-2.03357498672766,"Non-neuronal","Ninj12"
"Phf202",0.21850445038081,7.91868557034912,3.2147846607345,0.00438355040220096,0.0139417710413367,-2.03341233716696,"Non-neuronal","Phf202"
"Tcf202",0.218501939591797,7.9186500974798,3.2149778876542,0.00438162204010753,0.0139417710413367,-2.03301098517155,"Non-neuronal","Tcf202"
"Igtp",0.218500782197967,7.91863375297398,3.21506689864826,0.00438073400820222,0.0139417710413367,-2.03282609820008,"Non-neuronal","Igtp"
"Eif2b52",0.218496699685034,7.91857613751913,3.21538056546131,0.00437760606103066,0.0139417710413367,-2.03217456258349,"Non-neuronal","Eif2b52"
"Spcs32",0.218493908879521,7.91853678480294,3.21559471507034,0.00437547176965193,0.0139417710413367,-2.03172973064763,"Non-neuronal","Spcs32"
"Nrg12",0.218490706297362,7.91849165888688,3.21584018889725,0.0043730265376375,0.0139417710413367,-2.03121982271188,"Non-neuronal","Nrg12"
"Tnk22",0.21848964541928,7.91847673203974,3.21592131601842,0.00437221870106493,0.0139417710413367,-2.03105130028365,"Non-neuronal","Tnk22"
"Tab22",0.218489114730875,7.91846926956085,3.21596185947517,0.00437181503748224,0.0139417710413367,-2.03096708047205,"Non-neuronal","Tab22"
"A330009N23Rik1",0.218488762988415,7.91846432393338,3.21598872744815,0.00437154755139088,0.0139417710413367,-2.03091126821928,"Non-neuronal","A330009N23Rik1"
"Dnajc182",0.218486225624917,7.91842866029422,3.21618244100403,0.00436961949385305,0.0139417710413367,-2.03050886777479,"Non-neuronal","Dnajc182"
"Tmem2452",0.21848415005564,7.91839950382738,3.21634076353702,0.00436804430362468,0.0139417710413367,-2.03017998039198,"Non-neuronal","Tmem2452"
"Ephx11",0.218484050784675,7.91839810969433,3.21634833277805,0.00436796900923025,0.0139417710413367,-2.03016425651395,"Non-neuronal","Ephx11"
"Gnptab2",0.218484025685449,7.91839775721324,3.21635024650755,0.00436794997276593,0.0139417710413367,-2.03016028104794,"Non-neuronal","Gnptab2"
"Pomt12",0.218480203864895,7.91834411074737,3.21664143893574,0.00436505433301156,0.0139417710413367,-2.02955536848872,"Non-neuronal","Pomt12"
"Mospd22",0.218478687430988,7.91832283864536,3.21675686460968,0.00436390704924083,0.0139417710413367,-2.02931558354074,"Non-neuronal","Mospd22"
"Fitm22",0.218473334295319,7.91824780952473,3.21716380648667,0.0043598645587334,0.0139417710413367,-2.02847018627769,"Non-neuronal","Fitm22"
"Irf2bpl2",0.218461757373921,7.91808588435356,3.21804110640566,0.0043511620265128,0.0139417710413367,-2.02664755619771,"Non-neuronal","Irf2bpl2"
"Nubp21",0.218457783736343,7.91803041127332,3.21834135648976,0.00434818753382142,0.0139417710413367,-2.02602374420552,"Non-neuronal","Nubp21"
"Atf42",0.218454067784946,7.91797858439875,3.21862173260508,0.00434541171678923,0.0139417710413367,-2.02544120989016,"Non-neuronal","Atf42"
"St8sia52",0.218447513446884,7.91788728507998,3.21911532189068,0.00434052921529426,0.0139417710413367,-2.02441565376827,"Non-neuronal","St8sia52"
"Bri3bp2",0.218443680067295,7.91783395553269,3.21940344229527,0.00433768164967952,0.0139417710413367,-2.02381699265043,"Non-neuronal","Bri3bp2"
"Bud312",0.218441917548625,7.9178094523731,3.21953577599785,0.00433637437321441,0.0139417710413367,-2.02354202306189,"Non-neuronal","Bud312"
"Ube2e12",0.218427673548786,7.91761181505098,3.22060203949668,0.00432585515075287,0.0139417710413367,-2.02132638335942,"Non-neuronal","Ube2e12"
"Prrt32",0.218421203173716,7.91752226534409,3.22108450952649,0.00432110352207698,0.0139417710413367,-2.0203237751537,"Non-neuronal","Prrt32"
"Spag72",0.218415229342678,7.91743971374373,3.22152891120925,0.00431673131381245,0.0139417710413367,-2.0194002423365,"Non-neuronal","Spag72"
"Arhgef252",0.21841221166328,7.91739805873953,3.22175302020686,0.00431452807278643,0.0139417710413367,-2.01893449834516,"Non-neuronal","Arhgef252"
"Tnrc6c2",0.218411553863619,7.91738898278854,3.22180183804478,0.00431404828452229,0.0139417710413367,-2.018833043888,"Non-neuronal","Tnrc6c2"
"Eif4b2",0.218408010767914,7.91734012229507,3.22206457627636,0.00431146695117817,0.0139417710413367,-2.01828700806296,"Non-neuronal","Eif4b2"
"Col5a12",0.21840543627972,7.91730464583143,3.22225526687685,0.00430959440987562,0.0139417710413367,-2.01789069825128,"Non-neuronal","Col5a12"
"Rnf2082",0.218403662895278,7.91728022159842,3.22238651233325,0.00430830606801888,0.0139417710413367,-2.01761792909461,"Non-neuronal","Rnf2082"
"Rbm142",0.218399656759011,7.91722508547737,3.22268267635501,0.0043054002193762,0.0139417710413367,-2.01700239727574,"Non-neuronal","Rbm142"
"Exph52",0.218391605649415,7.91711444230404,3.22327651820691,0.00429957942551085,0.0139417710413367,-2.01576814469601,"Non-neuronal","Exph52"
"Abcc42",0.218388214556115,7.91706790517181,3.22352609977082,0.00429713533631374,0.0139417710413367,-2.01524939246759,"Non-neuronal","Abcc42"
"Timm222",0.218384427500495,7.91701597980966,3.22380444431627,0.00429441117637937,0.0139417710413367,-2.01467084487828,"Non-neuronal","Timm222"
"Aamdc2",0.218374929472319,7.91688596156048,3.22450077916551,0.00428760351631319,0.0139417710413367,-2.0132234370496,"Non-neuronal","Aamdc2"
"Polr2j2",0.218364261648364,7.91674029046457,3.22527987892379,0.00427999918532464,0.0139417710413367,-2.01160390083362,"Non-neuronal","Polr2j2"
"Coro2b2",0.218363631838577,7.91673170219865,3.22532577659675,0.00427955161577752,0.0139417710413367,-2.01150848902803,"Non-neuronal","Coro2b2"
"Mrap21",0.2183454817196,7.91648477083716,3.22664373831571,0.00426671901263426,0.0139417710413367,-2.00876857395392,"Non-neuronal","Mrap21"
"Phf22",0.218341295742824,7.9164279766027,3.22694640324725,0.00426377735622243,0.0139417710413367,-2.00813932350992,"Non-neuronal","Phf22"
"Glb12",0.218304374925748,7.9159295607848,3.22959494585145,0.00423811992216091,0.013896455286892,-2.00263229164389,"Non-neuronal","Glb12"
"Prkaca2",0.218302752246998,7.91590775862318,3.22971048656303,0.00423700407004856,0.013896455286892,-2.00239202603353,"Non-neuronal","Prkaca2"
"Spin4",0.218301720681383,7.91951259962239,3.24039389358808,0.00413505636566461,0.0135858980350087,-1.98010672935869,"Non-neuronal","Spin4"
"Glis11",0.218301720681383,7.91951259962239,3.24039389358808,0.00413505636566461,0.0135858980350087,-1.98010672935869,"Non-neuronal","Glis11"
"Artn1",0.218301720681383,7.91951259962239,3.24039389358808,0.00413505636566461,0.0135858980350087,-1.98010672935869,"Non-neuronal","Artn1"
"Gm464401",0.218301720681383,7.91951259962239,3.24039389358808,0.00413505636566461,0.0135858980350087,-1.98010672935869,"Non-neuronal","Gm464401"
"Egfl81",0.218301720681383,7.91951259962239,3.24039389358808,0.00413505636566461,0.0135858980350087,-1.98010672935869,"Non-neuronal","Egfl81"
"Gstp2",0.218301720681383,7.91951259962239,3.24039389358808,0.00413505636566461,0.0135858980350087,-1.98010672935869,"Non-neuronal","Gstp2"
"Zar1",0.218298931433333,7.91946190595236,3.24060095975276,0.00413310424602392,0.0135858980350087,-1.97967583003914,"Non-neuronal","Zar1"
"Tacr12",0.218298084090984,7.91944652108904,3.24066378139929,0.00413251217173794,0.0135858980350087,-1.97954509857695,"Non-neuronal","Tacr12"
"1500035N22Rik2",0.218296981636088,7.91942651910443,3.24074543128086,0.00413174277092879,0.0135858980350087,-1.97937518486605,"Non-neuronal","1500035N22Rik2"
"Meis12",0.218296108143803,7.91941067778707,3.24081009077796,0.00413113357259395,0.0135858980350087,-1.97924062748754,"Non-neuronal","Meis12"
"Kiz2",0.218294784560678,7.91938668485618,3.24090801230533,0.00413021115833576,0.0135858980350087,-1.97903685011354,"Non-neuronal","Kiz2"
"Mtmr112",0.218294517860822,7.91938185193156,3.24092773523601,0.00413002539396042,0.0135858980350087,-1.97899580597898,"Non-neuronal","Mtmr112"
"Bambi2",0.218294125094117,7.91937473550718,3.24095677608989,0.00412975188169769,0.0135858980350087,-1.97893537080013,"Non-neuronal","Bambi2"
"Pgbd11",0.218293434372526,7.91936222336827,3.24100783320569,0.00412927105896069,0.0135858980350087,-1.97882911858759,"Non-neuronal","Pgbd11"
"Xrcc62",0.218292735751951,7.91934957182801,3.24105945568157,0.00412878496756474,0.0135858980350087,-1.9787216894307,"Non-neuronal","Xrcc62"
"Trit12",0.218286872427759,7.91924353690907,3.24149197505189,0.00412471443959438,0.0135858980350087,-1.97782157734108,"Non-neuronal","Trit12"
"Rhcg",0.218285233511535,7.91921394456654,3.24161263874097,0.00412357954779047,0.0135858980350087,-1.97757046016523,"Non-neuronal","Rhcg"
"Fam126a2",0.218283007564874,7.91917378527057,3.24177635841754,0.00412204018381509,0.0135858980350087,-1.97722973421541,"Non-neuronal","Fam126a2"
"Samd111",0.218281439774488,7.91914552250477,3.24189155730419,0.00412095736962206,0.0135858980350087,-1.97698998508574,"Non-neuronal","Samd111"
"Mmgt22",0.218280815765577,7.91913427856835,3.24193738257194,0.00412052671128859,0.0135858980350087,-1.9768946140889,"Non-neuronal","Mmgt22"
"Ppargc1b2",0.218280618877786,7.91913073148148,3.2419518383288,0.00412039086757393,0.0135858980350087,-1.97686452887516,"Non-neuronal","Ppargc1b2"
"Myadml22",0.218279910052471,7.91911796385901,3.2420038690197,0.0041199019606607,0.0135858980350087,-1.9767562427251,"Non-neuronal","Myadml22"
"Trdmt12",0.218277560507381,7.91907568465952,3.24217608320091,0.00411828415208097,0.0135858980350087,-1.97639782825475,"Non-neuronal","Trdmt12"
"Pitpnm32",0.218274091503766,7.91901339793282,3.2424294854402,0.00411590477652658,0.0135858980350087,-1.97587043678364,"Non-neuronal","Pitpnm32"
"Kcnk121",0.218272680154977,7.91898808260311,3.24253245115199,0.00411493834085752,0.0135858980350087,-1.97565613740165,"Non-neuronal","Kcnk121"
"Pibf12",0.218270875852217,7.91895574052767,3.24266397573717,0.00411370417381536,0.0135858980350087,-1.97538239697397,"Non-neuronal","Pibf12"
"Sergef2",0.218270739303647,7.91895329388709,3.24267392445057,0.00411361083429768,0.0135858980350087,-1.97536169073809,"Non-neuronal","Sergef2"
"Immp2l2",0.218269575361816,7.91893244433407,3.24275869892491,0.00411281555814169,0.0135858980350087,-1.97518524919801,"Non-neuronal","Immp2l2"
"Gpkow2",0.218268534975476,7.91891381656193,3.24283443121724,0.0041121052343036,0.0135858980350087,-1.97502762627633,"Non-neuronal","Gpkow2"
"Hist1h3d",0.218267746029255,7.91889969611629,3.24289183341987,0.00411156691555828,0.0135858980350087,-1.97490815350681,"Non-neuronal","Hist1h3d"
"Gm62772",0.218265986704546,7.91886822466022,3.24301975421142,0.0041103675197644,0.0135858980350087,-1.97464190668108,"Non-neuronal","Gm62772"
"Mrpl112",0.218265693242706,7.91541219123079,3.23232951642666,0.00421178711463577,0.0138212538029697,-1.99694521559928,"Non-neuronal","Mrpl112"
"Ccdc92b2",0.218265431843609,7.91885830387624,3.24306007411572,0.00410998954781868,0.0135858980350087,-1.97455798668604,"Non-neuronal","Ccdc92b2"
"Catsper22",0.218265224864718,7.91885460372808,3.24307511162369,0.00410984858999353,0.0135858980350087,-1.97452668824536,"Non-neuronal","Catsper22"
"Zfp9452",0.218264010702863,7.91883290464682,3.24316329096393,0.00410902211392646,0.0135858980350087,-1.97434315476309,"Non-neuronal","Zfp9452"
"Nup1552",0.218263709407142,7.91882752168951,3.24318516420167,0.00410881712834138,0.0135858980350087,-1.9742976283673,"Non-neuronal","Nup1552"
"Hmgcll12",0.218263220197117,7.91881878288624,3.24322067224002,0.00410848438513539,0.0135858980350087,-1.97422372269331,"Non-neuronal","Hmgcll12"
"Exo52",0.218262592444013,7.91880757187766,3.24326622291077,0.0041080575716648,0.0135858980350087,-1.9741289142192,"Non-neuronal","Exo52"
"2210016F16Rik2",0.218261200367122,7.91878272128238,3.24336718127516,0.00410711173784232,0.0135858980350087,-1.97391877989525,"Non-neuronal","2210016F16Rik2"
"Ccnj1",0.218260987535866,7.91877892320166,3.24338261014928,0.00410696721033297,0.0135858980350087,-1.97388666616449,"Non-neuronal","Ccnj1"
"AU0222522",0.218258974411675,7.91874301459176,3.24352846449643,0.00410560118827135,0.0135858980350087,-1.97358308246674,"Non-neuronal","AU0222522"
"Ddx182",0.218257451449838,7.91871586907005,3.24363870484497,0.00410456900898534,0.0135858980350087,-1.97335362421402,"Non-neuronal","Ddx182"
"Hat12",0.218256385120457,7.91869687285218,3.24371583993637,0.00410384694447783,0.0135858980350087,-1.97319307135093,"Non-neuronal","Hat12"
"Edem32",0.21825597954183,7.91868964984295,3.24374516711456,0.00410357244417872,0.0135858980350087,-1.97313202804992,"Non-neuronal","Edem32"
"Zfp3692",0.218254550449524,7.91866420861403,3.24384845498592,0.0041026058197281,0.0135858980350087,-1.97291703761024,"Non-neuronal","Zfp3692"
"Kat82",0.218254307198284,7.91865987966758,3.24386602840093,0.00410244138020881,0.0135858980350087,-1.97288045894207,"Non-neuronal","Kat82"
"Fech2",0.218252577250369,7.91862910577435,3.24399094275038,0.00410127270590096,0.0135858980350087,-1.97262045119032,"Non-neuronal","Fech2"
"Epm2a2",0.218252243490157,7.91862317108308,3.24401502970426,0.00410104739042166,0.0135858980350087,-1.97257031420798,"Non-neuronal","Epm2a2"
"Rcbtb22",0.218251798682342,7.91861526309764,3.24404712432023,0.00410074718800986,0.0135858980350087,-1.97250350914511,"Non-neuronal","Rcbtb22"
"Cd24a1",0.218251670563364,7.91861298561356,3.24405636723289,0.00410066073684232,0.0135858980350087,-1.97248426995912,"Non-neuronal","Cd24a1"
"Rce12",0.218250487028582,7.91859195243923,3.24414172222523,0.00409986247527698,0.0135858980350087,-1.97230660234953,"Non-neuronal","Rce12"
"Tmem1102",0.218250012575028,7.91858352359056,3.24417592451484,0.00409954264933723,0.0135858980350087,-1.97223540949748,"Non-neuronal","Tmem1102"
"Hbs1l2",0.218248712398117,7.9185604339431,3.24426960828881,0.00409866673613925,0.0135858980350087,-1.97204040366573,"Non-neuronal","Hbs1l2"
"Nsrp12",0.21824866530501,7.91855959785712,3.24427300038167,0.00409863502458687,0.0135858980350087,-1.97203334288899,"Non-neuronal","Nsrp12"
"Tmem1962",0.218246772231075,7.91852600192785,3.24440928906363,0.00409736110489819,0.0135858980350087,-1.97174965112099,"Non-neuronal","Tmem1962"
"Gm30552",0.218245223926104,7.91849854410711,3.24452065737147,0.00409632040820765,0.0135858980350087,-1.97151783029253,"Non-neuronal","Gm30552"
"Aatf2",0.218244446160898,7.91848476162202,3.24457654067365,0.00409579829609256,0.0135858980350087,-1.97140150468892,"Non-neuronal","Aatf2"
"Rnf1232",0.21824386803791,7.91847453383848,3.24461796640604,0.00409541130152402,0.0135858980350087,-1.97131527358072,"Non-neuronal","Rnf1232"
"Zfp5662",0.21824327827093,7.91846410257115,3.24466021373463,0.00409501666844786,0.0135858980350087,-1.97122733198586,"Non-neuronal","Zfp5662"
"Snap292",0.21824261883347,7.91845244204115,3.24470743657549,0.00409457560294271,0.0135858980350087,-1.97112903309933,"Non-neuronal","Snap292"
"Evi5l2",0.218240490396946,7.91841482751304,3.2448597457491,0.00409315333768868,0.0135858980350087,-1.97081198461661,"Non-neuronal","Evi5l2"
"Spg72",0.218240086049533,7.91840768546597,3.24488866156703,0.00409288337582388,0.0135858980350087,-1.97075179273217,"Non-neuronal","Spg72"
"E4f12",0.218239616714763,7.91839939703128,3.24492221719522,0.00409257011786445,0.0135858980350087,-1.97068194234603,"Non-neuronal","E4f12"
"Rad51d2",0.21823958113791,7.9183987688108,3.24492476047085,0.0040925463761148,0.0135858980350087,-1.97067664818151,"Non-neuronal","Rad51d2"
"Ifngr11",0.218237001801223,7.91835324710575,3.24510902432572,0.00409082661094571,0.0135858980350087,-1.97029307601748,"Non-neuronal","Ifngr11"
"Phf82",0.218236108341855,7.91833749007336,3.24517279435486,0.00409023159895995,0.0135858980350087,-1.97016032818747,"Non-neuronal","Phf82"
"1700003E16Rik1",0.218235353725302,7.91832418618868,3.24522663160777,0.00408972933138699,0.0135858980350087,-1.97004825659371,"Non-neuronal","1700003E16Rik1"
"Chst102",0.218235268489362,7.91832268373956,3.24523271134677,0.00408967261504389,0.0135858980350087,-1.97003560053357,"Non-neuronal","Chst102"
"Tmem1152",0.218234941649623,7.91831692304312,3.24525602179875,0.0040894551648631,0.0135858980350087,-1.96998707562242,"Non-neuronal","Tmem1152"
"Setd72",0.218232983422383,7.91828242465245,3.24539560143463,0.00408815334047942,0.0135858980350087,-1.96969651372375,"Non-neuronal","Setd72"
"1300017J02Rik1",0.21823283522479,7.9182798149651,3.24540615898745,0.00408805488927667,0.0135858980350087,-1.96967453602504,"Non-neuronal","1300017J02Rik1"
"Alg16",0.218232775151746,7.91827875715337,3.245410438343,0.00408801498412522,0.0135858980350087,-1.9696656276692,"Non-neuronal","Alg16"
"Ppp2r3d2",0.218231793934509,7.91826148284029,3.24548031736211,0.004087363413429,0.0135858980350087,-1.96952015977735,"Non-neuronal","Ppp2r3d2"
"Pnmal12",0.218230539578795,7.91823941008897,3.24556959669867,0.00408653109643633,0.0135858980350087,-1.9693343049747,"Non-neuronal","Pnmal12"
"Dusp182",0.218229868897303,7.9182276128599,3.24561730896708,0.00408608636108812,0.0135858980350087,-1.96923498078278,"Non-neuronal","Dusp182"
"Cep1202",0.218229419070661,7.91821970227264,3.24564930034082,0.00408578818971551,0.0135858980350087,-1.96916838310114,"Non-neuronal","Cep1202"
"Dnajc113",0.218229056665583,7.91821333013365,3.24567506892906,0.00408554803243386,0.0135858980350087,-1.9691147395216,"Non-neuronal","Dnajc113"
"Zfp7072",0.218226427572254,7.91816713143542,3.2458618641982,0.00408380755557404,0.0135858980350087,-1.96872587679393,"Non-neuronal","Zfp7072"
"Tsen152",0.218226265974544,7.91816429345346,3.24587333730523,0.0040837006777566,0.0135858980350087,-1.96870199238012,"Non-neuronal","Tsen152"
"Smarcal12",0.21822596251721,7.91815896463934,3.24589487956188,0.0040835000080724,0.0135858980350087,-1.96865714622101,"Non-neuronal","Smarcal12"
"Cnih32",0.218224292667009,7.91812965339529,3.24601336064692,0.00408239650917032,0.0135858980350087,-1.96841049386588,"Non-neuronal","Cnih32"
"Fam120a2",0.218224026679847,7.91812498632243,3.2460322238012,0.00408222085000978,0.0135858980350087,-1.96837122460704,"Non-neuronal","Fam120a2"
"Cactin2",0.218221560231268,7.91808173373087,3.24620701445337,0.00408059349961342,0.0135858980350087,-1.96800734341215,"Non-neuronal","Cactin2"
"Atad12",0.218220947369236,7.91807099314405,3.2462504117024,0.00408018955707513,0.0135858980350087,-1.96791699781078,"Non-neuronal","Atad12"
"Rbbp82",0.218220832006542,7.91806897168141,3.24625857908479,0.00408011353926556,0.0135858980350087,-1.96789999469521,"Non-neuronal","Rbbp82"
"Plxna32",0.2182195386133,7.91804631453182,3.24635011457109,0.00407926166841945,0.0135858980350087,-1.96770943253623,"Non-neuronal","Plxna32"
"Gm476891",0.218219510023371,7.91480088082898,3.23554076500083,0.00418106779839454,0.0137315246426886,-1.9902652899059,"Non-neuronal","Gm476891"
"Scn7a2",0.21821918475029,7.9180401177966,3.24637514732311,0.00407902873247745,0.0135858980350087,-1.96765731815498,"Non-neuronal","Scn7a2"
"Mtpap2",0.218217257702546,7.91800638775449,3.24651138871439,0.00407776120024232,0.0135858980350087,-1.96737368266459,"Non-neuronal","Mtpap2"
"Unc119b2",0.218217013939615,7.91800212295585,3.24652861294215,0.00407760098069188,0.0135858980350087,-1.96733782403794,"Non-neuronal","Unc119b2"
"Fam189a12",0.21821475515197,7.9179626242133,3.24668811476838,0.00407611758855327,0.0135858980350087,-1.96700575964793,"Non-neuronal","Fam189a12"
"Gm24151",0.218214619738106,7.91796025743467,3.24669767093367,0.00407602873143339,0.0135858980350087,-1.96698586469433,"Non-neuronal","Gm24151"
"Snhg102",0.218214577410479,7.91795951765456,3.24670065785982,0.00407600095816432,0.0135858980350087,-1.96697964621838,"Non-neuronal","Snhg102"
"Hipk32",0.218213012281323,7.91793217216636,3.24681105799423,0.00407497455661053,0.0135858980350087,-1.96674980345222,"Non-neuronal","Hipk32"
"Babam12",0.218212687574391,7.91792650117829,3.24683395074831,0.00407476175186962,0.0135858980350087,-1.96670214264925,"Non-neuronal","Babam12"
"Zik12",0.218210216013697,7.91788336024968,3.2470080763714,0.0040731434829585,0.0135858980350087,-1.96633962507926,"Non-neuronal","Zik12"
"Narf2",0.21820891425413,7.9178606556896,3.24709969776461,0.00407229223434673,0.0135858980350087,-1.96614887382578,"Non-neuronal","Narf2"
"Uxt1",0.218207710786749,7.91783967625856,3.24718434602402,0.00407150592699591,0.0135858980350087,-1.96597263918358,"Non-neuronal","Uxt1"
"Stip12",0.218207509850031,7.91783617443914,3.24719847415445,0.00407137470360914,0.0135858980350087,-1.96594322481844,"Non-neuronal","Stip12"
"Rc3h12",0.218205009779703,7.91779262862309,3.24737413424021,0.00406974350109931,0.0135858980350087,-1.9655775030406,"Non-neuronal","Rc3h12"
"Slc12a92",0.218203193280284,7.91776101708377,3.24750162224913,0.00406856003026371,0.0135858980350087,-1.96531207195862,"Non-neuronal","Slc12a92"
"Cops32",0.218201158247458,7.91772563043146,3.24764430486462,0.0040672359062606,0.0135858980350087,-1.96501500271306,"Non-neuronal","Cops32"
"Cnot72",0.218199148287337,7.91769070867111,3.2477850815488,0.00406592988190459,0.0135858980350087,-1.96472189870329,"Non-neuronal","Cnot72"
"Pcdhgc52",0.218192960088371,7.91758337271956,3.24821757793364,0.0040619200528505,0.0135858980350087,-1.9638214014489,"Non-neuronal","Pcdhgc52"
"Pcdhb41",0.218191938018187,7.91756567074124,3.24828887714457,0.00406125938299883,0.0135858980350087,-1.96367294726737,"Non-neuronal","Pcdhb41"
"Ift202",0.218191826336427,7.91756373689121,3.24829666572344,0.0040611872191403,0.0135858980350087,-1.96365673039281,"Non-neuronal","Ift202"
"Col6a12",0.218190257965266,7.93424802338608,3.29343510267825,0.00366332594113849,0.012806685230409,-1.86924779744064,"Non-neuronal","Col6a12"
"Phax2",0.218189275091454,7.91751958425637,3.24847446394173,0.00405954019792011,0.0135858980350087,-1.96328652800962,"Non-neuronal","Phax2"
"Ttll42",0.218186024644689,7.93415601683364,3.29380069754721,0.00366026441501856,0.0128014836698951,-1.86848362795148,"Non-neuronal","Ttll42"
"Rab40b2",0.218182528411593,7.93408013510268,3.29410208420869,0.00365774245583254,0.0127981655390098,-1.86785365225036,"Non-neuronal","Rab40b2"
"Fat32",0.21818247725057,7.91740216286583,3.2489470600724,0.00405516550597197,0.0135858980350087,-1.96230248967302,"Non-neuronal","Fat32"
"Hsd17b42",0.218166491495483,7.93373328557572,3.29547812814072,0.00364624949365115,0.0127634421819501,-1.86497719715587,"Non-neuronal","Hsd17b42"
"Erbb42",0.218166337565863,7.93372996598204,3.29549128527906,0.0036461397735097,0.0127634421819501,-1.86494969239652,"Non-neuronal","Erbb42"
"Ldlr2",0.218166181793783,7.93372660684032,3.29550459892082,0.00364602875153953,0.0127634421819501,-1.86492186044387,"Non-neuronal","Ldlr2"
"Puf602",0.218165941901021,7.93372143404677,3.29552510031991,0.00364585779758879,0.0127634421819501,-1.86487900255021,"Non-neuronal","Puf602"
"Slitrk42",0.218162654983748,7.93365060308289,3.29580576683098,0.00364351820632081,0.0127634421819501,-1.86429226688456,"Non-neuronal","Slitrk42"
"Igsf212",0.218161283325748,7.93362106932007,3.29592276144907,0.00364254339141961,0.0127634421819501,-1.86404768527027,"Non-neuronal","Igsf212"
"Tmem250-ps2",0.218160315805355,7.93360024592092,3.29600523945989,0.0036418563268046,0.0127634421819501,-1.86387526071083,"Non-neuronal","Tmem250-ps2"
"Plcb3",0.21815879091668,7.93356744120167,3.29613515415479,0.00364077435850482,0.0127634421819501,-1.86360366529008,"Non-neuronal","Plcb3"
"Wtap2",0.218158428627668,7.91698936151591,3.25060558765981,0.00403984935344184,0.0135858980350087,-1.95884884710047,"Non-neuronal","Wtap2"
"Sdhd2",0.218154814663134,7.91692767456067,3.25085303370724,0.00403756908744086,0.0135858980350087,-1.95833354195417,"Non-neuronal","Sdhd2"
"Lurap1l2",0.218152088647583,7.91688120380445,3.25103937369695,0.00403585275560541,0.0135858980350087,-1.95794548392974,"Non-neuronal","Lurap1l2"
"Slc22a51",0.218151167222,7.91686550773967,3.25110229885169,0.00403527332834573,0.0135858980350087,-1.957814439457,"Non-neuronal","Slc22a51"
"Smap22",0.218137930733326,7.91664067490944,3.25200289676365,0.0040269893374302,0.0135858980350087,-1.95593884011373,"Non-neuronal","Smap22"
"Ndufv12",0.218136183345555,7.91661108385428,3.25212132223015,0.0040259012574359,0.0135858980350087,-1.95569219655084,"Non-neuronal","Ndufv12"
"Ebp2",0.218134080732987,7.91657550492614,3.25226367883292,0.00402459368066618,0.0135858980350087,-1.95539570913269,"Non-neuronal","Ebp2"
"Npnt2",0.218130861840141,7.9136466975711,3.24154274427063,0.00412423689700025,0.0135858980350087,-1.97777587838479,"Non-neuronal","Npnt2"
"Fbxo342",0.21812245224256,7.91637927977711,3.25304815768617,0.00401739550321161,0.0135858980350087,-1.95376181471663,"Non-neuronal","Fbxo342"
"Lcmt12",0.218117611462444,7.91629786454491,3.25337331909243,0.00401441559091735,0.0135858980350087,-1.95308454979101,"Non-neuronal","Lcmt12"
"Tpm42",0.218115879336287,7.93265174313794,3.29975136862468,0.00361078327518782,0.012682954207104,-1.85604274231821,"Non-neuronal","Tpm42"
"Dync1li12",0.218112353658592,7.91620961497642,3.25372555869873,0.00401118995772715,0.0135858980350087,-1.95235086749434,"Non-neuronal","Dync1li12"
"Ppp2r5c2",0.218112100586029,7.91620537198498,3.25374248846694,0.00401103498716786,0.0135858980350087,-1.95231560391019,"Non-neuronal","Ppp2r5c2"
"Socs52",0.218112047976698,7.91620448999596,3.25374600758527,0.00401100277483586,0.0135858980350087,-1.95230827381492,"Non-neuronal","Socs52"
"Ramp31",0.218091363628764,7.91585915817767,3.25512210964897,0.00399842593131542,0.0135858980350087,-1.94944180502317,"Non-neuronal","Ramp31"
"Pgbd52",0.218066570789216,7.91544898149501,3.25675193748824,0.00398357996671688,0.0135858980350087,-1.94604646347205,"Non-neuronal","Pgbd52"
"Myl6b2",0.218058877225825,7.91272774969399,3.24626169750865,0.00408008451493909,0.0135858980350087,-1.96795240861428,"Non-neuronal","Myl6b2"
"Svbp2",0.218050962229549,7.91519282164635,3.25776713629173,0.00397435982261057,0.0135858980350087,-1.94393135652733,"Non-neuronal","Svbp2"
"Tceal92",0.2180274596624,7.91481008947106,3.2592800579812,0.00396065795849535,0.0135858980350087,-1.94077900103363,"Non-neuronal","Tceal92"
"Tomm72",0.218013411336289,7.92413717391757,3.28757669117437,0.00371272768392906,0.0129682437564461,-1.88158083851671,"Non-neuronal","Tomm72"
"Arnt22",0.218010797645139,7.91212293818166,3.24933724661781,0.00405155712491154,0.0135858980350087,-1.96154820897357,"Non-neuronal","Arnt22"
"Gna121",0.217994035689259,7.9142718710427,3.26139944473258,0.00394154114673545,0.0135858980350087,-1.93636245838365,"Non-neuronal","Gna121"
"9130019O22Rik1",0.217928213239075,7.91323232770384,3.26546447790435,0.00390512648733128,0.0135858980350087,-1.927889674075,"Non-neuronal","9130019O22Rik1"
"Slc8a22",0.217881354146053,7.91052956870129,3.25731848961566,0.00397843190745142,0.0135858980350087,-1.9449223606396,"Non-neuronal","Slc8a22"
"Fxyd21",0.217859501455782,7.92746959678356,3.3197910367472,0.00344891331603313,0.012464476209246,-1.81410943828765,"Non-neuronal","Fxyd21"
"Nptxr2",0.217828940126128,7.91171369032747,3.27132990734916,0.00385316231739275,0.0134299380685476,-1.91566033792651,"Non-neuronal","Nptxr2"
"Hspa12a2",0.217810247932096,7.91143413292529,3.27239949210593,0.00384375953371151,0.0134029077611415,-1.91342977481737,"Non-neuronal","Hspa12a2"
"Fstl12",0.217791801811793,7.91116018899515,3.27344437937872,0.00383459551462067,0.0133824257878332,-1.91125057243393,"Non-neuronal","Fstl12"
"Chrna101",0.217726651385722,7.91924924739435,3.30777044865551,0.00354513640367154,0.0124685190851137,-1.83936687115943,"Non-neuronal","Chrna101"
"Oprd12",0.217721694005996,7.91916771712533,3.30810111129337,0.00354245470138619,0.012464476209246,-1.83867515539459,"Non-neuronal","Oprd12"
"Airn2",0.217719731405564,7.91913547644545,3.30823178684645,0.00354139545864965,0.012464476209246,-1.83840179014457,"Non-neuronal","Airn2"
"Slco5a12",0.217717683601641,7.91910185826154,3.30836799530549,0.00354029169654508,0.012464476209246,-1.8381168479629,"Non-neuronal","Slco5a12"
"Gm11816",0.217717194764762,7.91909383651975,3.30840048884168,0.003540028435647,0.012464476209246,-1.83804887252969,"Non-neuronal","Gm11816"
"Pparg2",0.217715823237827,7.91907135540004,3.3084914543995,0.00353929153939557,0.012464476209246,-1.83785857504579,"Non-neuronal","Pparg2"
"Ppp3cc2",0.217715254868375,7.9190620456057,3.30852910207552,0.00353898660598994,0.012464476209246,-1.83777981685921,"Non-neuronal","Ppp3cc2"
"Mettl5os2",0.217712494409502,7.9190168544402,3.30871179338707,0.00353750723327247,0.012464476209246,-1.83739762759638,"Non-neuronal","Mettl5os2"
"Sp92",0.217708966181981,7.918959153753,3.30894492021001,0.0035356203293121,0.012464476209246,-1.83690992104394,"Non-neuronal","Sp92"
"Casp22",0.217700788780314,7.91882567673555,3.30948361791166,0.00353126393242984,0.012464476209246,-1.83578292565869,"Non-neuronal","Casp22"
"Cacna1h2",0.21770041879459,7.91881964603619,3.30950793770494,0.00353106738452136,0.012464476209246,-1.835732045944,"Non-neuronal","Cacna1h2"
"Fosl22",0.217700226959536,7.91881651944778,3.30952054552809,0.00353096549472333,0.012464476209246,-1.83570566894359,"Non-neuronal","Fosl22"
"Cacna1d2",0.217696894349366,7.91876223486243,3.30973937345426,0.00352919750061309,0.012464476209246,-1.83524785266246,"Non-neuronal","Cacna1d2"
"Slx42",0.217694953645406,7.93274150055781,3.36593544700353,0.00310271831844369,0.0119617264987347,-1.71719302384962,"Non-neuronal","Slx42"
"Gm266012",0.217694548082222,7.91872405226354,3.30989321038832,0.00352795511193475,0.012464476209246,-1.83492600212433,"Non-neuronal","Gm266012"
"Cox152",0.217693913288484,7.91871372682221,3.30993479974996,0.00352761930929962,0.012464476209246,-1.83483899024095,"Non-neuronal","Cox152"
"Zfp1412",0.21769388922842,7.91871333550774,3.30993637580972,0.00352760658442427,0.012464476209246,-1.83483569285648,"Non-neuronal","Zfp1412"
"Mapk42",0.217693742836259,7.91871095464246,3.30994596483863,0.00352752916497883,0.012464476209246,-1.8348156309736,"Non-neuronal","Mapk42"
"Grasp2",0.217693604617,7.91870870680274,3.30995501785991,0.00352745607465179,0.012464476209246,-1.83479669049886,"Non-neuronal","Grasp2"
"Lman22",0.217692599613939,7.9326934305273,3.36611311244838,0.00310145355455268,0.0119617264987347,-1.71681977408545,"Non-neuronal","Lman22"
"Pkn12",0.217692295718304,7.9326872274719,3.36613603250834,0.00310129042815517,0.0119617264987347,-1.71677162201753,"Non-neuronal","Pkn12"
"Gpr1072",0.217692117090172,7.91868452180975,3.31005240639281,0.00352666989385305,0.012464476209246,-1.83459293628114,"Non-neuronal","Gpr1072"
"Mon1a2",0.217691745973255,7.91867848983184,3.31007669181777,0.0035264738735061,0.012464476209246,-1.83454212663559,"Non-neuronal","Mon1a2"
"Pck22",0.217690483755888,7.9326502543283,3.36627261721553,0.00310031850338602,0.0119617264987347,-1.71648467391899,"Non-neuronal","Pck22"
"Cyb561d12",0.217690269393986,7.91865449739404,3.31017327129381,0.00352569443560021,0.012464476209246,-1.83434006355717,"Non-neuronal","Cyb561d12"
"Capn61",0.217689659603503,7.93263344442271,3.36633469886758,0.00309987683452371,0.0119617264987347,-1.71635424703078,"Non-neuronal","Capn61"
"Mblac12",0.217688935467475,7.91863283284297,3.31026045698766,0.00352499095430981,0.012464476209246,-1.8341576530399,"Non-neuronal","Mblac12"
"Cul92",0.217688600204294,7.91862738925834,3.31028236042103,0.00352481424213379,0.012464476209246,-1.8341118263655,"Non-neuronal","Cul92"
"Zfp6532",0.217688462985359,7.918625161441,3.31029132412393,0.00352474192741141,0.012464476209246,-1.83409307236066,"Non-neuronal","Zfp6532"
"Dchs11",0.217687398837583,7.91860788787225,3.31036081707307,0.00352418134190724,0.012464476209246,-1.83394767772258,"Non-neuronal","Dchs11"
"Hdac42",0.217687380166832,7.91860758485664,3.31036203600458,0.00352417150981274,0.012464476209246,-1.83394512744222,"Non-neuronal","Hdac42"
"Arhgap27os22",0.217686917239075,7.91860007239705,3.31039225476984,0.00352392776905023,0.012464476209246,-1.83388190288939,"Non-neuronal","Arhgap27os22"
"Scaf82",0.217686602415327,7.9185949640414,3.31041280155159,0.00352376205071066,0.012464476209246,-1.83383891426421,"Non-neuronal","Scaf82"
"Crybg11",0.217683908423994,7.93251626073148,3.36676718391067,0.00309680170786072,0.0119617264987347,-1.71544562888112,"Non-neuronal","Crybg11"
"Rab11fip22",0.217683672559244,7.9325114593556,3.36678489320384,0.00309667585207538,0.0119617264987347,-1.71540842250193,"Non-neuronal","Rab11fip22"
"Agbl52",0.217683050822978,7.932498804695,3.36683156424972,0.00309634419593955,0.0119617264987347,-1.71531036867424,"Non-neuronal","Agbl52"
"Gart2",0.217682507253284,7.93248774303724,3.36687235530383,0.00309605435301643,0.0119617264987347,-1.71522466822761,"Non-neuronal","Gart2"
"Trmt2a2",0.217682167801757,7.91852306354005,3.31070186935267,0.00352143140671654,0.012464476209246,-1.83323411157007,"Non-neuronal","Trmt2a2"
"Cebpg2",0.217681499351948,7.93246723720504,3.36694796063434,0.00309551720580863,0.0119617264987347,-1.71506582376195,"Non-neuronal","Cebpg2"
"Eml62",0.217681408187805,7.9185107580212,3.31075131797512,0.00352103287232556,0.012464476209246,-1.83313065148304,"Non-neuronal","Eml62"
"Stard101",0.217681038720488,7.91850477386674,3.31077536218955,0.00352083910236003,0.012464476209246,-1.83308034427192,"Non-neuronal","Stard101"
"Fbxw92",0.217679443306494,7.91847895399255,3.3108790446863,0.00352000365477537,0.012464476209246,-1.83286341085161,"Non-neuronal","Fbxw92"
"Scfd12",0.21767928074655,7.91847632662247,3.31088958414416,0.00351991874132478,0.012464476209246,-1.83284135925597,"Non-neuronal","Scfd12"
"Dxo2",0.217678979953398,7.91847146542996,3.31090908352044,0.00351976164561304,0.012464476209246,-1.83280056087969,"Non-neuronal","Dxo2"
"Rnf2162",0.217677707045002,7.91845089892321,3.31099156823253,0.00351909718769417,0.012464476209246,-1.83262797827548,"Non-neuronal","Rnf2162"
"Epg52",0.21767709130707,7.91844095344906,3.31103144871499,0.00351877597335901,0.012464476209246,-1.83254453609712,"Non-neuronal","Epg52"
"Btg22",0.217676913330061,7.91843807911499,3.31104297367286,0.00351868315179886,0.012464476209246,-1.83252042231796,"Non-neuronal","Btg22"
"Dgka2",0.217674728425155,7.91840280643029,3.3111843715562,0.00351754453374817,0.012464476209246,-1.83222457275443,"Non-neuronal","Dgka2"
"Cited22",0.217673864778914,7.91838887082224,3.31124021910565,0.00351709491609052,0.012464476209246,-1.83210772110621,"Non-neuronal","Cited22"
"Cldn122",0.217673622436578,7.91838496114417,3.31125588565617,0.00351696879786703,0.012464476209246,-1.83207494139807,"Non-neuronal","Cldn122"
"Syn12",0.217671525434663,7.93226466594916,3.36769399434392,0.00309022181547642,0.0119617264987347,-1.71349839141707,"Non-neuronal","Syn12"
"C920021L13Rik2",0.217669995562755,7.91832648615218,3.3114901154493,0.00351508373829894,0.012464476209246,-1.83158484981133,"Non-neuronal","C920021L13Rik2"
"Rcc22",0.217669071056744,7.91831159167827,3.31154975139819,0.00351460395164026,0.012464476209246,-1.83146006915711,"Non-neuronal","Rcc22"
"Dhx382",0.217668760346186,7.91830658690995,3.31156978760918,0.00351444276951225,0.012464476209246,-1.8314181458236,"Non-neuronal","Dhx382"
"0610010K14Rik1",0.217668519797225,7.91830271261724,3.31158529722808,0.00351431800670748,0.012464476209246,-1.83138569379701,"Non-neuronal","0610010K14Rik1"
"Tspoap12",0.217668087415774,7.91829574942546,3.3116131705716,0.00351409379825922,0.012464476209246,-1.8313273720727,"Non-neuronal","Tspoap12"
"Rhbdd32",0.217663460422171,7.9182212964398,3.31191105801984,0.00351169851599679,0.012464476209246,-1.83070407091427,"Non-neuronal","Rhbdd32"
"Fuom2",0.217662906538399,7.93209012468217,3.36833555420839,0.00308567508999113,0.0119617264987347,-1.71215040491767,"Non-neuronal","Fuom2"
"Klhl242",0.217662338738134,7.91820326431662,3.31198316497346,0.00351111895159545,0.012464476209246,-1.83055319221938,"Non-neuronal","Klhl242"
"Fam160a22",0.217662277719117,7.91820228356775,3.31198708635138,0.00351108743594471,0.012464476209246,-1.83054498699418,"Non-neuronal","Fam160a22"
"Rabepk2",0.217661117853392,7.91818364493888,3.31206160137378,0.00351048862011644,0.012464476209246,-1.83038906883093,"Non-neuronal","Rabepk2"
"Fam193b2",0.217659944586224,7.9181647981188,3.31213693179817,0.00350988335314432,0.012464476209246,-1.83023144374835,"Non-neuronal","Fam193b2"
"E130311K13Rik2",0.217659611418197,7.91815944757537,3.31215831472721,0.00350971156360216,0.012464476209246,-1.83018670092109,"Non-neuronal","E130311K13Rik2"
"Zfp2872",0.217659463444622,7.91815707136586,3.31216781057835,0.00350963527697597,0.012464476209246,-1.83016683125601,"Non-neuronal","Zfp2872"
"Ptpn122",0.217659301661528,7.91815447352974,3.31217819178765,0.00350955187952232,0.012464476209246,-1.83014510900309,"Non-neuronal","Ptpn122"
"Slc25a152",0.21765858958547,7.91814304097749,3.31222387354567,0.00350918491811902,0.012464476209246,-1.83004952163795,"Non-neuronal","Slc25a152"
"Fam71e12",0.217658404951802,7.9181400770725,3.3122357155806,0.00350908979722108,0.012464476209246,-1.83002474257941,"Non-neuronal","Fam71e12"
"Rbm482",0.217658232353418,7.91813730652989,3.31224678467087,0.00350900088726614,0.012464476209246,-1.83000158086489,"Non-neuronal","Rbm482"
"Gt(ROSA)26Sor2",0.21765803245045,7.91813409788989,3.31225960362169,0.00350889792470786,0.012464476209246,-1.82997475760353,"Non-neuronal","Gt(ROSA)26Sor2"
"Kdm3a2",0.217656095730864,7.91810302244358,3.31238372863577,0.00350790109825217,0.012464476209246,-1.82971502870599,"Non-neuronal","Kdm3a2"
"Sec24a2",0.217655479316301,7.9180931359354,3.31242320869196,0.00350758409885307,0.012464476209246,-1.82963241712256,"Non-neuronal","Sec24a2"
"Nat8l2",0.217655230811514,7.91808915079502,3.31243912132878,0.00350745633856332,0.012464476209246,-1.82959912004731,"Non-neuronal","Nat8l2"
"Lemd22",0.217654285055289,7.9180739871496,3.31249966266495,0.00350697030243024,0.012464476209246,-1.82947243744476,"Non-neuronal","Lemd22"
"Ndst22",0.217654204676927,7.91807269863002,3.3125048066098,0.00350692900900461,0.012464476209246,-1.82946167373025,"Non-neuronal","Ndst22"
"Iqgap12",0.217654127626171,7.91807146348602,3.31250973739691,0.00350688942716612,0.012464476209246,-1.82945135604545,"Non-neuronal","Iqgap12"
"Urm12",0.217652924715114,7.91805218452084,3.31258669093457,0.00350627174014458,0.012464476209246,-1.82929033015659,"Non-neuronal","Urm12"
"2310033P09Rik2",0.217651237376241,7.91802515438986,3.31269455367871,0.00350540613173342,0.012464476209246,-1.82906462520417,"Non-neuronal","2310033P09Rik2"
"Togaram12",0.217647197252426,7.91796049440023,3.31295243370213,0.00350333746833811,0.012464476209246,-1.828524999928,"Non-neuronal","Togaram12"
"Rmnd5a2",0.217646515299302,7.91794958849624,3.31299590918962,0.00350298883411449,0.012464476209246,-1.82843402470542,"Non-neuronal","Rmnd5a2"
"Elf22",0.217646314405599,7.91794637623336,3.31300871351133,0.00350288616146677,0.012464476209246,-1.82840723080088,"Non-neuronal","Elf22"
"2700049A03Rik2",0.217644103466948,7.91791103749742,3.31314954331394,0.00350175709883263,0.012464476209246,-1.82811253355372,"Non-neuronal","2700049A03Rik2"
"Txndc122",0.217643735418314,7.91790515722737,3.31317297112569,0.00350156930760586,0.012464476209246,-1.82806350879587,"Non-neuronal","Txndc122"
"B830012L14Rik2",0.217642772631218,7.91788977822041,3.31323423527538,0.00350107827674026,0.012464476209246,-1.8279353078329,"Non-neuronal","B830012L14Rik2"
"Tpst22",0.217642039346549,7.91787806838479,3.31328087511784,0.00350070450455865,0.012464476209246,-1.82783770927258,"Non-neuronal","Tpst22"
"AU0403202",0.217641514211455,7.91786968420981,3.31331426487665,0.00350043694266673,0.012464476209246,-1.82776783767061,"Non-neuronal","AU0403202"
"Zfp7721",0.217640982522004,7.91786119684868,3.31334806208478,0.00350016613614162,0.012464476209246,-1.8276971132899,"Non-neuronal","Zfp7721"
"Sin3b2",0.217640145859782,7.9178478441786,3.31340122615507,0.00349974019045356,0.012464476209246,-1.82758586131582,"Non-neuronal","Sin3b2"
"C1galt11",0.217639162514435,7.93161171619241,3.370088061797,0.00307328849670164,0.0119617264987347,-1.70846793514803,"Non-neuronal","C1galt11"
"Psmg22",0.217639114324461,7.91783138644232,3.31346674118164,0.00349921535978973,0.012464476209246,-1.82744876302912,"Non-neuronal","Psmg22"
"St3gal32",0.217638053032999,7.91781445972103,3.31353410935753,0.00349867576414425,0.012464476209246,-1.82730778621587,"Non-neuronal","St3gal32"
"Pcdhb92",0.217637075391066,7.91779887230994,3.31359613471583,0.00349817903459623,0.012464476209246,-1.82717798943249,"Non-neuronal","Pcdhb92"
"Ilkap2",0.217637059508991,7.91779861912891,3.31359714207467,0.00349817096774109,0.012464476209246,-1.82717588138834,"Non-neuronal","Ilkap2"
"Dnajc142",0.217636796480044,7.91779442629321,3.3136138241096,0.00349803738188536,0.012464476209246,-1.82714097179707,"Non-neuronal","Dnajc142"
"Prps22",0.217635950815693,7.91778094833742,3.31366744302743,0.00349760804786625,0.012464476209246,-1.82702876614569,"Non-neuronal","Prps22"
"Ddx19b2",0.217635917855673,7.91778042310506,3.31366953236257,0.00349759131931737,0.012464476209246,-1.82702439389005,"Non-neuronal","Ddx19b2"
"Zc3h32",0.217632880634689,7.91773204781525,3.31386190772981,0.00349605137491818,0.012464476209246,-1.82662181636706,"Non-neuronal","Zc3h32"
"Tnks1bp11",0.217632455550825,7.91772528110867,3.31388880793588,0.00349583609450026,0.012464476209246,-1.82656552281864,"Non-neuronal","Tnks1bp11"
"Fam105a2",0.217630855064601,7.91769981212204,3.31399003659428,0.00349502608505877,0.012464476209246,-1.82635368269286,"Non-neuronal","Fam105a2"
"Mgat12",0.217628054983143,7.91765528549628,3.31416693486571,0.00349361102488186,0.012464476209246,-1.82598348638806,"Non-neuronal","Mgat12"
"Chtop2",0.217627463025059,7.91764587742368,3.31420429937945,0.00349331220710334,0.012464476209246,-1.82590529287798,"Non-neuronal","Chtop2"
"Srp682",0.217625429020315,7.91761356449163,3.31433259817387,0.00349228634474633,0.012464476209246,-1.82563679789309,"Non-neuronal","Srp682"
"Sh3pxd2a2",0.217624328694219,7.9175960932143,3.31440194658053,0.00349173196562474,0.012464476209246,-1.82549166937946,"Non-neuronal","Sh3pxd2a2"
"Zfp3411",0.217624055269745,7.91759175267493,3.3144191730621,0.00349159426850677,0.012464476209246,-1.82545561865409,"Non-neuronal","Zfp3411"
"Pde2a2",0.217620884885853,7.917541451834,3.31461873616507,0.00348999948011129,0.012464476209246,-1.82503798009954,"Non-neuronal","Pde2a2"
"Porcn2",0.217614841197166,7.91744570692755,3.31499824695876,0.00348696862426728,0.012464476209246,-1.82424373921638,"Non-neuronal","Porcn2"
"Pafah1b32",0.217612489667166,7.9174085044262,3.31514558610164,0.00348579263598455,0.012464476209246,-1.82393538257602,"Non-neuronal","Pafah1b32"
"Ints42",0.217611459308135,7.91739221252366,3.31521008785106,0.00348527793701632,0.012464476209246,-1.82380039012103,"Non-neuronal","Ints42"
"Gabra42",0.217610549630261,7.91737783334368,3.31526700587371,0.00348482381501534,0.012464476209246,-1.82368126881938,"Non-neuronal","Gabra42"
"Upf12",0.217605250450236,7.91729415411117,3.31559803343165,0.00348218384995914,0.012464476209246,-1.82298846709153,"Non-neuronal","Upf12"
"Sys12",0.217600089319737,7.91721279298364,3.31591955380806,0.00347962157882347,0.012464476209246,-1.82231554927864,"Non-neuronal","Sys12"
"Dtd12",0.217600046360948,7.91721211634381,3.31592222633528,0.0034796002885619,0.012464476209246,-1.82230995582577,"Non-neuronal","Dtd12"
"Napepld2",0.217598906026395,7.91719415848627,3.31599314612614,0.00347903536393791,0.012464476209246,-1.82216152425885,"Non-neuronal","Napepld2"
"G3bp12",0.217598526708267,7.91718818649961,3.31601672729761,0.00347884754366752,0.012464476209246,-1.82211216990609,"Non-neuronal","G3bp12"
"Cmc42",0.217597973293403,7.91717947485038,3.31605112315746,0.00347857360392021,0.012464476209246,-1.82204018075912,"Non-neuronal","Cmc42"
"Ttbk22",0.217597662033797,7.91717457580511,3.31607046418083,0.00347841957502965,0.012464476209246,-1.82199970071083,"Non-neuronal","Ttbk22"
"Rcor12",0.217596934677922,7.91716312957402,3.31611564822407,0.00347805976237162,0.012464476209246,-1.82190513198845,"Non-neuronal","Rcor12"
"Jmjd62",0.217594287837652,7.91712149963496,3.31627992671707,0.00347675187556984,0.012464476209246,-1.82156130027731,"Non-neuronal","Jmjd62"
"Uevld2",0.217592101453797,7.91708713875673,3.31641545420589,0.00347567324932691,0.012464476209246,-1.82127764125841,"Non-neuronal","Uevld2"
"Fstl52",0.217580490347435,7.91690506767857,3.3171325837094,0.00346997126002879,0.012464476209246,-1.81977665017928,"Non-neuronal","Fstl52"
"Dpy19l42",0.217578540837981,7.91687456494318,3.31725256024848,0.00346901820534956,0.012464476209246,-1.81952552634204,"Non-neuronal","Dpy19l42"
"Apc22",0.217576055289675,7.91683570305594,3.31740534672387,0.00346780489000221,0.012464476209246,-1.8192057251139,"Non-neuronal","Apc22"
"Exosc92",0.217566241219378,7.91668256373275,3.31800666059359,0.00346303373944358,0.012464476209246,-1.81794707103413,"Non-neuronal","Exosc92"
"Med252",0.217558978158131,7.91656954308269,3.31844966651074,0.00345952280048865,0.012464476209246,-1.81701975356354,"Non-neuronal","Med252"
"Bbip12",0.217558401511813,7.91656058124304,3.31848476570918,0.0034592447790452,0.012464476209246,-1.81694628147358,"Non-neuronal","Bbip12"
"Ndnf1",0.217557724308874,7.91655005875393,3.31852597187293,0.00345891841211251,0.012464476209246,-1.81686002565908,"Non-neuronal","Ndnf1"
"Adamts11",0.217556206949212,7.91652649013287,3.31861824584586,0.0034581876799285,0.012464476209246,-1.81666687011983,"Non-neuronal","Adamts11"
"Fndc3b2",0.217552906322533,7.91647526253526,3.3188187079082,0.00345660070974285,0.012464476209246,-1.81624724258412,"Non-neuronal","Fndc3b2"
"Dcaf62",0.217542710546627,7.91631736280128,3.31943572942193,0.00345172049295112,0.012464476209246,-1.81495559871516,"Non-neuronal","Dcaf62"
"Slc5a32",0.21753608753738,7.91621507182439,3.31983474778698,0.00344856812256437,0.012464476209246,-1.81412028690106,"Non-neuronal","Slc5a32"
"Rims32",0.217525595515506,7.91605347145385,3.32046398830928,0.00344360264921372,0.012464476209246,-1.81280298355998,"Non-neuronal","Rims32"
"Klf132",0.21751231081071,7.91584964010316,3.32125567329122,0.00343736523092806,0.012464476209246,-1.81114553552328,"Non-neuronal","Klf132"
"Skida11",0.217503424437408,7.91571377967236,3.32178211127927,0.00343322372663074,0.012464476209246,-1.81004335753099,"Non-neuronal","Skida11"
"Dedd3",0.217487318379628,7.91546852793856,3.32272987340006,0.0034257799599076,0.012464476209246,-1.80805898696595,"Non-neuronal","Dedd3"
"Mrpl162",0.217474978884828,7.91528148777615,3.32345045253597,0.00342013107189789,0.012464476209246,-1.80655020526245,"Non-neuronal","Mrpl162"
"Etv41",0.217468022698651,7.93857670378921,3.43146160215182,0.00266897118125389,0.0110635601566639,-1.57908109377396,"Non-neuronal","Etv41"
"Rlbp1",0.217467423469801,7.93855850167381,3.4315292257089,0.00266855587294182,0.0110635601566639,-1.57893836838843,"Non-neuronal","Rlbp1"
"Cp1",0.217466799185892,7.9385395402022,3.43159966239314,0.00266812335540024,0.0110635601566639,-1.57878970504828,"Non-neuronal","Cp1"
"Lhfpl32",0.217466307581293,7.93852460985036,3.4316551188267,0.00266778287278451,0.0110635601566639,-1.57867265852116,"Non-neuronal","Lhfpl32"
"C1ql1",0.217465505186128,7.93850024291526,3.43174561508642,0.00266722734987866,0.0110635601566639,-1.57848165600183,"Non-neuronal","C1ql1"
"Gfod12",0.217448458483912,7.91488199331204,3.32498297238836,0.00340814737747931,0.012464476209246,-1.80334113388946,"Non-neuronal","Gfod12"
"Strn32",0.217445981885689,7.93560014795356,3.42093619522101,0.00273439286395754,0.0110635601566639,-1.60131561725428,"Non-neuronal","Strn32"
"Rab4a2",0.217399565621773,7.91415431894438,3.32775100267162,0.00338660656462813,0.012464476209246,-1.79754420600909,"Non-neuronal","Rab4a2"
"Coa42",0.217387994680124,7.91398376437471,3.32839530785384,0.0033816117360772,0.012464476209246,-1.7961947435412,"Non-neuronal","Coa42"
"1190005I06Rik1",0.217376957890528,7.90643583639354,3.29297633534061,0.00366717124463697,0.0128146211662894,-1.87049044832153,"Non-neuronal","1190005I06Rik1"
"Emp1",0.217369005975574,7.91862907243558,3.35213282137742,0.00320253722363173,0.0119617264987347,-1.74631917985371,"Non-neuronal","Emp1"
"4930579G18Rik1",0.217369005975574,7.91862907243558,3.35213282137742,0.00320253722363173,0.0119617264987347,-1.74631917985371,"Non-neuronal","4930579G18Rik1"
"Mylk1",0.217369005975574,7.91862907243558,3.35213282137742,0.00320253722363173,0.0119617264987347,-1.74631917985371,"Non-neuronal","Mylk1"
"Npffr21",0.217366431808907,7.9185856892171,3.35228515758427,0.00320141855794224,0.0119617264987347,-1.74599955642305,"Non-neuronal","Npffr21"
"Ccdc941",0.217362920540483,7.9185265757444,3.35249258152533,0.00319989597658349,0.0119617264987347,-1.74556434665734,"Non-neuronal","Ccdc941"
"Lgr61",0.217362104779898,7.91851285251817,3.35254071071108,0.00319954278899682,0.0119617264987347,-1.74546336295223,"Non-neuronal","Lgr61"
"Lmln2",0.217350538805507,7.91831896592199,3.3532188139026,0.00319457070625294,0.0119617264987347,-1.74404055632019,"Non-neuronal","Lmln2"
"Gm174842",0.217346117367985,7.91824506874917,3.35347672309448,0.0031926816166423,0.0119617264987347,-1.74349939373521,"Non-neuronal","Gm174842"
"Cdca7l",0.21734600423804,7.91824317945902,3.3534833133754,0.00319263335961353,0.0119617264987347,-1.74348556546099,"Non-neuronal","Cdca7l"
"Zkscan22",0.217340040696635,7.9181436926285,3.3538300958113,0.00319009506926934,0.0119617264987347,-1.74275791082475,"Non-neuronal","Zkscan22"
"Fam214a2",0.217337003907945,7.91809311073732,3.35400622060273,0.00318880667290841,0.0119617264987347,-1.74238834242044,"Non-neuronal","Fam214a2"
"Gm44191",0.217336660466227,7.91808739360945,3.35402611944929,0.00318866113999302,0.0119617264987347,-1.7423465877998,"Non-neuronal","Gm44191"
"Zfp5532",0.217336157020697,7.91807901420182,3.3540552815854,0.00318844787051068,0.0119617264987347,-1.74228539553235,"Non-neuronal","Zfp5532"
"Gm266522",0.217335230996076,7.91806360517251,3.35410889914252,0.00318805578932317,0.0119617264987347,-1.74217288706581,"Non-neuronal","Gm266522"
"Brca22",0.217334733085904,7.91805532201163,3.35413771647756,0.00318784508057599,0.0119617264987347,-1.74211241804132,"Non-neuronal","Brca22"
"Fdxacb11",0.21733447999079,7.9180511121087,3.35415236152375,0.00318773800306128,0.0119617264987347,-1.74208168748655,"Non-neuronal","Fdxacb11"
"Ahcy1",0.217332865502394,7.91802426595445,3.35424573071086,0.00318705541545474,0.0119617264987347,-1.7418857649046,"Non-neuronal","Ahcy1"
"Ppip5k12",0.217332052792299,7.9180107576966,3.3542926978874,0.00318671210993884,0.0119617264987347,-1.7417872102794,"Non-neuronal","Ppip5k12"
"Adat22",0.217331065651535,7.9179943553211,3.3543497153745,0.00318629539060466,0.0119617264987347,-1.74166756602574,"Non-neuronal","Adat22"
"Fam3a2",0.217330852789442,7.91799081913341,3.35436200600228,0.00318620557003258,0.0119617264987347,-1.74164177559194,"Non-neuronal","Fam3a2"
"Nudt132",0.217330002907904,7.91797670302259,3.35441106270841,0.00318584708568822,0.0119617264987347,-1.74153883570629,"Non-neuronal","Nudt132"
"Gm420471",0.217329986092923,7.91797642377608,3.35441203305282,0.0031858399952463,0.0119617264987347,-1.7415367995468,"Non-neuronal","Gm420471"
"Gabpb22",0.217329928813379,7.91797547254704,3.35441533841711,0.00318581584260475,0.0119617264987347,-1.74152986360787,"Non-neuronal","Gabpb22"
"Pcdhb81",0.217328693055544,7.91795495519788,3.35448662174932,0.00318529501152109,0.0119617264987347,-1.74138028317229,"Non-neuronal","Pcdhb81"
"Cers62",0.21732867273522,7.91795461789224,3.35448779347179,0.00318528645103749,0.0119617264987347,-1.74137782443342,"Non-neuronal","Cers62"
"Tctn32",0.217327668642606,7.91793795350499,3.35454567459863,0.00318486360555513,0.0119617264987347,-1.74125636666114,"Non-neuronal","Tctn32"
"Rcl12",0.217326277202127,7.91791487013336,3.35462582794224,0.00318427814317895,0.0119617264987347,-1.74108817224029,"Non-neuronal","Rcl12"
"Sccpdh2",0.217325453245445,7.91307270215443,3.33180736374527,0.0033552805452307,0.012464476209246,-1.78904756831529,"Non-neuronal","Sccpdh2"
"Slc4a72",0.217325350843587,7.91789950845596,3.35467915403601,0.00318388869294297,0.0119617264987347,-1.74097627193578,"Non-neuronal","Slc4a72"
"4933427D14Rik2",0.217325042353431,7.91789439390435,3.35469690590341,0.00318375905815755,0.0119617264987347,-1.74093902107017,"Non-neuronal","4933427D14Rik2"
"Panx12",0.217324536569291,7.91788600954334,3.35472600394803,0.00318354657796713,0.0119617264987347,-1.74087796108784,"Non-neuronal","Panx12"
"E2f42",0.217324328017053,7.91788255281171,3.35473799955076,0.00318345898753698,0.0119617264987347,-1.74085278922125,"Non-neuronal","E2f42"
"Ctps3",0.217322944777881,7.91785963211133,3.35481752403729,0.00318287836914347,0.0119617264987347,-1.7406859126819,"Non-neuronal","Ctps3"
"Fam120c2",0.217319201623653,7.91779766214158,3.35503239874061,0.00318131006056209,0.0119617264987347,-1.74023500968502,"Non-neuronal","Fam120c2"
"Pigl2",0.217316675639489,7.91775588863493,3.35517713431872,0.00318025410411759,0.0119617264987347,-1.7399312869483,"Non-neuronal","Pigl2"
"Arfgap32",0.21731642453163,7.91775173793817,3.35519151068434,0.00318014923631912,0.0119617264987347,-1.73990111850107,"Non-neuronal","Arfgap32"
"Zfp8682",0.217314507779871,7.91772006684903,3.35530117790389,0.00317934938488097,0.0119617264987347,-1.73967098379554,"Non-neuronal","Zfp8682"
"Tex152",0.217311875625659,7.91767660929682,3.35545157485288,0.00317825279410902,0.0119617264987347,-1.73935537629208,"Non-neuronal","Tex152"
"Kcna5",0.217311430861404,7.91766927004685,3.35547696486038,0.00317806770426665,0.0119617264987347,-1.73930209519543,"Non-neuronal","Kcna5"
"2610044O15Rik82",0.217310948042677,7.91766130412677,3.35550451970955,0.00317786684496347,0.0119617264987347,-1.73924427108297,"Non-neuronal","2610044O15Rik82"
"Frzb2",0.217310350833315,7.91765145274856,3.35553859204857,0.00317761849403881,0.0119617264987347,-1.739172769839,"Non-neuronal","Frzb2"
"Hnrnpul12",0.217309767002249,7.91764182402961,3.35557188949719,0.00317737580961298,0.0119617264987347,-1.73910289458742,"Non-neuronal","Hnrnpul12"
"Exoc72",0.217309247492008,7.91763325775057,3.35560150889644,0.00317715994746989,0.0119617264987347,-1.73904073767988,"Non-neuronal","Exoc72"
"Pcdhb172",0.21730922951512,7.91763296135483,3.35560253366899,0.00317715247932445,0.0119617264987347,-1.73903858717222,"Non-neuronal","Pcdhb172"
"Leo12",0.217308478456797,7.91762057985543,3.35564533803422,0.00317684055305693,0.0119617264987347,-1.73894876116954,"Non-neuronal","Leo12"
"Arl14ep2",0.217307474858186,7.91760404016724,3.35570250552649,0.00317642400584533,0.0119617264987347,-1.73882879347653,"Non-neuronal","Arl14ep2"
"Cpne52",0.21730480692623,7.91756009964459,3.35585431269117,0.00317531813258635,0.0119617264987347,-1.73851021983265,"Non-neuronal","Cpne52"
"Adal2",0.217304774533118,7.91755956638392,3.35585615440938,0.00317530471849471,0.0119617264987347,-1.7385063548947,"Non-neuronal","Adal2"
"Ing42",0.217303986549238,7.917546596312,3.35590094454832,0.00317497850814627,0.0119617264987347,-1.73841236042758,"Non-neuronal","Ing42"
"Nob12",0.217303589359988,7.91754005999349,3.35592351343951,0.00317481414945765,0.0119617264987347,-1.73836499833546,"Non-neuronal","Nob12"
"Snx162",0.217302664624506,7.91752484563612,3.35597603774517,0.00317443167176562,0.0119617264987347,-1.73825477289595,"Non-neuronal","Snx162"
"Camk12",0.217302530666447,7.9175226420747,3.35598364408163,0.00317437628678971,0.0119617264987347,-1.73823881051235,"Non-neuronal","Camk12"
"Orai22",0.217302435107683,7.91752107023048,3.35598906968015,0.00317433678127439,0.0119617264987347,-1.73822742454288,"Non-neuronal","Orai22"
"Arxes12",0.217301493695365,7.91750558774299,3.35604250441904,0.0031739477316166,0.0119617264987347,-1.7381152881121,"Non-neuronal","Arxes12"
"Nudt52",0.217300173791324,7.91748388908756,3.35611737226287,0.00317340270960313,0.0119617264987347,-1.73795817232076,"Non-neuronal","Nudt52"
"Galnt162",0.217299597648711,7.91747442066559,3.35615003398167,0.00317316496795759,0.0119617264987347,-1.73788962905673,"Non-neuronal","Galnt162"
"BC0226871",0.217299547054589,7.91747358928406,3.35615290164633,0.00317314409532397,0.0119617264987347,-1.73788361102438,"Non-neuronal","BC0226871"
"Prmt12",0.217297109541568,7.91743355243422,3.35629095760208,0.00317213939800221,0.0119617264987347,-1.73759388806147,"Non-neuronal","Prmt12"
"Nsfl1c2",0.217296545761089,7.91742429699802,3.35632286062436,0.00317190726923779,0.0119617264987347,-1.73752693637098,"Non-neuronal","Nsfl1c2"
"Mfsd14",0.21729481593733,7.91739591022771,3.35642068076922,0.00317119562635278,0.0119617264987347,-1.73732165028809,"Non-neuronal","Mfsd14"
"Wnk32",0.217291747847338,7.91734560409408,3.35659393204126,0.00316993560495196,0.0119617264987347,-1.73695806128367,"Non-neuronal","Wnk32"
"Tbcd2",0.217291745553817,7.9173455665083,3.35659406143532,0.00316993466407856,0.0119617264987347,-1.73695778973315,"Non-neuronal","Tbcd2"
"Cyb5b2",0.217291407497437,7.91734002682198,3.35661313174795,0.00316979599957806,0.0119617264987347,-1.7369177681445,"Non-neuronal","Cyb5b2"
"Asnsd12",0.217290543504279,7.91732587162722,3.35666185362317,0.00316944175894025,0.0119617264987347,-1.73681551862379,"Non-neuronal","Asnsd12"
"Ppfia12",0.217289601751201,7.91731044728455,3.35671493202962,0.00316905588756092,0.0119617264987347,-1.73670412602805,"Non-neuronal","Ppfia12"
"Parg2",0.21728777890432,7.91728060639699,3.35681758568581,0.00316830974280189,0.0119617264987347,-1.73648869182816,"Non-neuronal","Parg2"
"Pcdhb222",0.217286971928796,7.9172674018353,3.35686299503204,0.00316797973695026,0.0119617264987347,-1.73639339308694,"Non-neuronal","Pcdhb222"
"Tmem171",0.217286562719429,7.91726070734248,3.35688601334517,0.00316781246755713,0.0119617264987347,-1.73634508540606,"Non-neuronal","Tmem171"
"Xk2",0.217285998155879,7.91725147287885,3.3569177612497,0.003167581776203,0.0119617264987347,-1.73627845715944,"Non-neuronal","Xk2"
"Manbal2",0.21728414237952,7.91722113100597,3.35702204470244,0.00316682413209588,0.0119617264987347,-1.73605960024583,"Non-neuronal","Manbal2"
"Plch22",0.217283458467538,7.91720995398951,3.35706044742181,0.00316654517194403,0.0119617264987347,-1.73597900517684,"Non-neuronal","Plch22"
"Polr2a2",0.217283043065602,7.91720316646369,3.35708376525951,0.0031663758012228,0.0119617264987347,-1.7359300683878,"Non-neuronal","Polr2a2"
"Rnf1452",0.217282610234885,7.9171960951963,3.35710805530141,0.00316619937827058,0.0119617264987347,-1.7358790911851,"Non-neuronal","Rnf1452"
"Bphl2",0.21728231974306,7.91719134995081,3.35712435391416,0.00316608100390956,0.0119617264987347,-1.73584488545702,"Non-neuronal","Bphl2"
"Tmem52",0.217282242797346,7.9171900931062,3.35712867063244,0.00316604965296354,0.0119617264987347,-1.73583582600061,"Non-neuronal","Tmem52"
"Iah12",0.217281729778828,7.91718171422928,3.35715744634386,0.00316584067193732,0.0119617264987347,-1.73577543463116,"Non-neuronal","Iah12"
"Ep3002",0.21727755261195,7.91711354601392,3.35739142092555,0.00316414195426893,0.0119617264987347,-1.73528439055938,"Non-neuronal","Ep3002"
"Foxred22",0.217276737962767,7.91710026303842,3.35743698387413,0.00316381125908042,0.0119617264987347,-1.73518876658593,"Non-neuronal","Foxred22"
"Gnb52",0.217276284425891,7.91709286967582,3.35746234039764,0.00316362723648894,0.0119617264987347,-1.73513555018765,"Non-neuronal","Gnb52"
"Setbp12",0.217275354888241,7.91707772038054,3.35751428795476,0.00316325026472369,0.0119617264987347,-1.73502652627264,"Non-neuronal","Setbp12"
"Ralgps12",0.217273561959319,7.91704851358566,3.35761440519018,0.00316252386058976,0.0119617264987347,-1.73481640635854,"Non-neuronal","Ralgps12"
"Rab422",0.217271925895688,7.91702187793386,3.35770566971074,0.00316186183008116,0.0119617264987347,-1.7346248650246,"Non-neuronal","Rab422"
"Clgn2",0.217269185226168,7.91697729270776,3.35785835299936,0.00316075457306888,0.0119617264987347,-1.73430441907011,"Non-neuronal","Clgn2"
"Gna112",0.217268748684806,7.91697019495276,3.35788264976347,0.00316057840833698,0.0119617264987347,-1.73425342569908,"Non-neuronal","Gna112"
"Gm28892",0.217266191937159,7.91692864613581,3.35802482463796,0.00315954775618829,0.0119617264987347,-1.73395503174705,"Non-neuronal","Gm28892"
"Ngly12",0.217260318973119,7.9168333456234,3.35835058540811,0.00315718749753318,0.0119617264987347,-1.73327132287756,"Non-neuronal","Ngly12"
"Alyref3",0.217258371790107,7.91680179139209,3.3584583391914,0.00315640716145884,0.0119617264987347,-1.73304516598473,"Non-neuronal","Alyref3"
"3110043O21Rik2",0.217257655956575,7.9167901965982,3.35849792064443,0.00315612056622986,0.0119617264987347,-1.73296209092028,"Non-neuronal","3110043O21Rik2"
"Pcdhb202",0.217257494833947,7.91678758719177,3.35850682745557,0.00315605607869228,0.0119617264987347,-1.73294339694166,"Non-neuronal","Pcdhb202"
"Taf1a2",0.217257307844625,7.92996453689952,3.4248169462442,0.00271009036329512,0.0110635601566639,-1.59316382674829,"Non-neuronal","Taf1a2"
"Bace12",0.217256074498841,7.91676459092371,3.35858530600292,0.00315548793022165,0.0119617264987347,-1.7327786825934,"Non-neuronal","Bace12"
"Cpsf32",0.21725476371245,7.92991385314175,3.42497609252688,0.00270909828072712,0.0110635601566639,-1.59282828810293,"Non-neuronal","Cpsf32"
"Fam19a52",0.21725464945911,7.92991157797246,3.42498323373115,0.00270905377241103,0.0110635601566639,-1.59281323176795,"Non-neuronal","Fam19a52"
"Tbc1d312",0.217253802075056,7.91672782217526,3.35871072671986,0.00315458015020935,0.0119617264987347,-1.73251544249858,"Non-neuronal","Tbc1d312"
"Dctn62",0.217245719117848,7.92973400130107,3.42553986090875,0.00270558674355575,0.0110635601566639,-1.59163963692604,"Non-neuronal","Dctn62"
"Ercc42",0.217245676211512,7.91659657818849,3.35915781821252,0.00315134623792274,0.0119617264987347,-1.73157704776693,"Non-neuronal","Ercc42"
"5031439G07Rik2",0.217242969931253,7.91655294965814,3.35930623664315,0.0031502734129082,0.0119617264987347,-1.73126552942362,"Non-neuronal","5031439G07Rik2"
"Ap4b11",0.217242306500833,7.91654226056913,3.35934258383987,0.00315001073608082,0.0119617264987347,-1.73118923922164,"Non-neuronal","Ap4b11"
"Col15a12",0.217242064111637,7.92966146870062,3.42576679646473,0.00270417449543741,0.0110635601566639,-1.59116115601956,"Non-neuronal","Col15a12"
"Klhl112",0.217239730619805,7.91650078155238,3.35948357071924,0.003148992043942,0.0119617264987347,-1.73089331636553,"Non-neuronal","Klhl112"
"Rbm152",0.217239622118276,7.92961305515911,3.42591813270057,0.00270323311379123,0.0110635601566639,-1.59084206911494,"Non-neuronal","Rbm152"
"Pithd12",0.21723916227196,7.91649163449638,3.35951464897774,0.00314876753330797,0.0119617264987347,-1.73082808471077,"Non-neuronal","Pithd12"
"Abhd17a2",0.217236934953918,7.92955982460677,3.42608439953484,0.00270219922805289,0.0110635601566639,-1.59049149889296,"Non-neuronal","Abhd17a2"
"Psph2",0.217236430075236,7.91644768722426,3.35966390211266,0.00314768954101729,0.0119617264987347,-1.73051480867046,"Non-neuronal","Psph2"
"Eif3l2",0.217235516582773,7.91643300296913,3.35971374924501,0.00314732959683799,0.0119617264987347,-1.73041018110931,"Non-neuronal","Eif3l2"
"Crem2",0.217234478876538,7.91641632760617,3.35977034119423,0.0031469209975014,0.0119617264987347,-1.73029139606796,"Non-neuronal","Crem2"
"Rnasek2",0.217233082654649,7.91639390050664,3.35984642925597,0.00314637171629381,0.0119617264987347,-1.73013168865013,"Non-neuronal","Rnasek2"
"Gnl12",0.217231818847037,7.91637360964327,3.35991524617526,0.00314587500653568,0.0119617264987347,-1.72998724269197,"Non-neuronal","Gnl12"
"Kcnj92",0.217230558040053,7.91635337576087,3.35998384752409,0.00314537992922753,0.0119617264987347,-1.72984324871104,"Non-neuronal","Kcnj92"
"Thoc51",0.21722759531326,7.91630586344534,3.36014484646718,0.00314421834346065,0.0119617264987347,-1.7295053105475,"Non-neuronal","Thoc51"
"Epb41l22",0.217225906863735,7.92934184478571,3.42676387232678,0.00269797814477909,0.0110635601566639,-1.58905881512318,"Non-neuronal","Epb41l22"
"Ttll15",0.217222992191317,7.91623214076329,3.36039441695938,0.00314241855684909,0.0119617264987347,-1.72898145449319,"Non-neuronal","Ttll15"
"Slc25a201",0.217220879230252,7.91619833911632,3.36050874479369,0.00314159441482217,0.0119617264987347,-1.72874147468351,"Non-neuronal","Slc25a201"
"Prss351",0.217219861117363,7.91618206084787,3.36056378065907,0.00314119775959495,0.0119617264987347,-1.72862595117128,"Non-neuronal","Prss351"
"Hist1h3e2",0.217217764893483,7.91614856298151,3.36067698914358,0.00314038199621788,0.0119617264987347,-1.72838831890849,"Non-neuronal","Hist1h3e2"
"Jkamp2",0.21721755728563,7.91614524670241,3.3606881933927,0.0031403012713709,0.0119617264987347,-1.72836480035837,"Non-neuronal","Jkamp2"
"Crnkl12",0.217216464785952,7.91612779927358,3.36074713060972,0.00313987667150959,0.0119617264987347,-1.7282410865489,"Non-neuronal","Crnkl12"
"Mtmr42",0.217212809208163,7.91606946666551,3.36094405563963,0.00313845837771118,0.0119617264987347,-1.72782772291134,"Non-neuronal","Mtmr42"
"Slc35b42",0.217210313456026,7.91602968368881,3.3610782511681,0.00313749223421968,0.0119617264987347,-1.72754603188863,"Non-neuronal","Slc35b42"
"Poc1b2",0.21720860330985,7.91600244319737,3.36117008798454,0.00313683122117725,0.0119617264987347,-1.72735325532118,"Non-neuronal","Poc1b2"
"Chpf3",0.217196386667664,7.91580831244709,3.36182337327283,0.00313213301306393,0.0119617264987347,-1.72598190508597,"Non-neuronal","Chpf3"
"Pfkl2",0.217190443844024,7.91571417108124,3.36213941790558,0.00312986260257889,0.0119617264987347,-1.7253184608918,"Non-neuronal","Pfkl2"
"Hist1h3i2",0.217189745566543,7.91570312214324,3.36217647797736,0.00312959647507162,0.0119617264987347,-1.72524066332157,"Non-neuronal","Hist1h3i2"
"Prr72",0.21718745208018,7.91566685062647,3.36229809069493,0.00312872333280334,0.0119617264987347,-1.72498536940024,"Non-neuronal","Prr72"
"Enpp41",0.217177081447901,7.9155031947369,3.36284587940427,0.00312479333600556,0.0119617264987347,-1.72383541207845,"Non-neuronal","Enpp41"
"6030443J06Rik2",0.217168598808862,7.91536976460982,3.36329137111225,0.00312160081607172,0.0119617264987347,-1.72290018116863,"Non-neuronal","6030443J06Rik2"
"Amer32",0.21713829844932,7.91489629698929,3.36486390711391,0.00311035711927837,0.0119617264987347,-1.71959875889741,"Non-neuronal","Amer32"
"Nefm2",0.217136795170476,7.91043099135588,3.34140008365837,0.00328232351566671,0.0122484870641966,-1.76894690416753,"Non-neuronal","Nefm2"
"Gsr2",0.217127443122098,7.91472786277765,3.36542018296914,0.00310638923785642,0.0119617264987347,-1.71843083957981,"Non-neuronal","Gsr2"
"Sap182",0.217126619839079,7.91471511392593,3.36546221974681,0.00310608959385286,0.0119617264987347,-1.71834258074075,"Non-neuronal","Sap182"
"Igdcc42",0.217114535451251,7.91452839370273,3.36607678982596,0.0031017120867479,0.0119617264987347,-1.71705223252507,"Non-neuronal","Igdcc42"
"Dennd5a2",0.217112511151367,7.91449719063022,3.36617928946447,0.00310098258314222,0.0119617264987347,-1.71683702118199,"Non-neuronal","Dennd5a2"
"Snrpd12",0.217112028672564,7.91448975675345,3.36620370060097,0.00310080887062752,0.0119617264987347,-1.71678576666889,"Non-neuronal","Snrpd12"
"Gm269452",0.217103428367822,7.91435745071269,3.36663761034138,0.00309772270935713,0.0119617264987347,-1.71587470420542,"Non-neuronal","Gm269452"
"Timp22",0.217094329813805,7.91421790045044,3.36709413876017,0.00309447892472514,0.0119617264987347,-1.7149161304253,"Non-neuronal","Timp22"
"Glcci11",0.217091400999585,7.91417307114533,3.36724054501722,0.00309343936548671,0.0119617264987347,-1.71460871659066,"Non-neuronal","Glcci11"
"Ccndbp12",0.217090785636233,7.91416365788105,3.36727127196338,0.00309322123194064,0.0119617264987347,-1.71454419799007,"Non-neuronal","Ccndbp12"
"Rgs23",0.217083942929624,7.91405911692521,3.36761215475922,0.00309080228360592,0.0119617264987347,-1.71382842661992,"Non-neuronal","Rgs23"
"Has2",0.21706996857217,7.93010046455314,3.4579552394991,0.00251103002674392,0.0110635601566639,-1.52315081602316,"Non-neuronal","Has2"
"Nckap51",0.2170681214253,7.93006382886438,3.45806165091138,0.00251041456796614,0.0110635601566639,-1.52292603800295,"Non-neuronal","Nckap51"
"Lims21",0.21706668759608,7.9300354051047,3.45814416151752,0.0025099374479933,0.0110635601566639,-1.52275174612369,"Non-neuronal","Lims21"
"Neu41",0.217066380142922,7.93002931188408,3.45816184384361,0.0025098352110344,0.0110635601566639,-1.5227143946542,"Non-neuronal","Neu41"
"Efs1",0.217065226765701,7.9300064589544,3.4582281448968,0.00250945190325145,0.0110635601566639,-1.52257434259561,"Non-neuronal","Efs1"
"Ednrb",0.217064085940893,7.92998386270111,3.45829367425381,0.00250907311346515,0.0110635601566639,-1.52243592025523,"Non-neuronal","Ednrb"
"Mcrip22",0.217058207140369,7.92986754709809,3.458630564759,0.0025071266190869,0.0110635601566639,-1.52172427633508,"Non-neuronal","Mcrip22"
"Bcas11",0.217054226710546,7.9297889111015,3.45885791702143,0.00250581385689967,0.0110635601566639,-1.52124401412721,"Non-neuronal","Bcas11"
"Mzt12",0.217051196027106,7.91356216490257,3.36922343058349,0.00307939354078205,0.0119617264987347,-1.7104449876136,"Non-neuronal","Mzt12"
"Klhl52",0.217050101455602,7.92970751542596,3.45909290298927,0.00250445772715809,0.0110635601566639,-1.5207476215541,"Non-neuronal","Klhl52"
"Shd2",0.217049479513553,7.91353626762898,3.36930697839293,0.00307880310239845,0.0119617264987347,-1.71026954300962,"Non-neuronal","Shd2"
"Pcdhga62",0.217048796380673,7.92968178638731,3.45916710851146,0.00250402962894959,0.0110635601566639,-1.52059086620047,"Non-neuronal","Pcdhga62"
"Gnb42",0.217047116676993,7.92964868687639,3.45926251957217,0.00250347929987586,0.0110635601566639,-1.52038931452186,"Non-neuronal","Gnb42"
"Galnt132",0.217043324816293,7.92957402892155,3.45947751088558,0.00250223967030209,0.0110635601566639,-1.5199351518674,"Non-neuronal","Galnt132"
"Fam162a2",0.217041769569726,7.91342013193588,3.36968113038979,0.00307616030460819,0.0119617264987347,-1.70948384181827,"Non-neuronal","Fam162a2"
"Med292",0.217040606065661,7.91340263223096,3.36973743547258,0.00307576278998799,0.0119617264987347,-1.70936560273151,"Non-neuronal","Med292"
"Med111",0.217038683576792,7.92948276591713,3.45973991564819,0.00250072747513855,0.0110635601566639,-1.5193808242302,"Non-neuronal","Med111"
"4930518I15Rik",0.217032104301404,7.92717210589088,3.44702438700113,0.0025750483634849,0.0110635601566639,-1.54628112300466,"Non-neuronal","4930518I15Rik"
"Cenpk1",0.217032104301404,7.92717210589088,3.44702438700113,0.0025750483634849,0.0110635601566639,-1.54628112300466,"Non-neuronal","Cenpk1"
"Galnt19",0.217031380254405,7.92933942049683,3.46015117110145,0.00249835928617788,0.0110635601566639,-1.51851203876363,"Non-neuronal","Galnt19"
"Erp442",0.217028867728528,7.92929018046228,3.46029218544125,0.0024975477718149,0.0110635601566639,-1.51821413972385,"Non-neuronal","Erp442"
"Slc30a62",0.217020359906635,7.92694883582548,3.44766806258198,0.00257123450428284,0.0110635601566639,-1.54492241932692,"Non-neuronal","Slc30a62"
"Runx22",0.21701617453007,7.9268694692363,3.44789622886821,0.00256988392379235,0.0110635601566639,-1.54444078545001,"Non-neuronal","Runx22"
"Rusc22",0.217015602139804,7.92685862327876,3.44792738296872,0.00256969956802536,0.0110635601566639,-1.54437502222706,"Non-neuronal","Rusc22"
"Jakmip12",0.217012421822612,7.92679839675304,3.44810026335818,0.00256867677692385,0.0110635601566639,-1.54401008730438,"Non-neuronal","Jakmip12"
"Tmem200a2",0.217011687800877,7.91296988846703,3.37112361532872,0.00306599221021805,0.0119617264987347,-1.70645457263121,"Non-neuronal","Tmem200a2"
"Gm207211",0.217009549966409,7.91293806436946,3.37122508374447,0.00306527820000223,0.0119617264987347,-1.70624147828803,"Non-neuronal","Gm207211"
"Tcta2",0.217007259086788,7.9267007578178,3.44838012040767,0.00256702194118208,0.0110635601566639,-1.54341932881137,"Non-neuronal","Tcta2"
"Txndc92",0.217004875422831,7.9288218954596,3.46162672037921,0.00248988056833985,0.0110635601566639,-1.51539479054325,"Non-neuronal","Txndc92"
"Ehmt22",0.217003558586662,7.92663087129199,3.44858011567687,0.00256583998206532,0.0110635601566639,-1.54299714876681,"Non-neuronal","Ehmt22"
"Cadps22",0.216997055383713,7.92650825221753,3.44893037606309,0.00256377125479648,0.0110635601566639,-1.54225775827977,"Non-neuronal","Cadps22"
"Marcks2",0.216996628835973,7.92866173426154,3.46208041555682,0.00248727926436167,0.0110635601566639,-1.51443627580855,"Non-neuronal","Marcks2"
"Arf42",0.21699656851296,7.92649908234736,3.44895653686402,0.00256361680825819,0.0110635601566639,-1.54220253309408,"Non-neuronal","Arf42"
"Trp53i112",0.216994159687617,7.9264537346228,3.44908584242212,0.0025628535563424,0.0110635601566639,-1.54192956951369,"Non-neuronal","Trp53i112"
"Wdfy32",0.216994147888537,7.92861363001419,3.46221640803556,0.0024865000595467,0.0110635601566639,-1.51414896322463,"Non-neuronal","Wdfy32"
"Mrpl102",0.216989062243144,7.91263424025825,3.37219050757287,0.00305849288197673,0.0119617264987347,-1.7042139408904,"Non-neuronal","Mrpl102"
"Slc2a132",0.216986854956933,7.92631642977677,3.44947667195761,0.00256054796477875,0.0110635601566639,-1.54110452108979,"Non-neuronal","Slc2a132"
"BC0040042",0.216976469349439,7.92612176114714,3.45002901206797,0.00255729306311356,0.0110635601566639,-1.53993849882531,"Non-neuronal","BC0040042"
"Snx34",0.21697579018334,7.92825882363084,3.46321552084949,0.00248078273628121,0.0110635601566639,-1.51203808066864,"Non-neuronal","Snx34"
"Gtf3c62",0.216967753743027,7.92810413053281,3.46364894355131,0.00247830654156734,0.0110635601566639,-1.51112233803551,"Non-neuronal","Gtf3c62"
"Tsix2",0.216896787808657,7.91129143005107,3.37638403322866,0.00302918993706255,0.0119617264987347,-1.69540597303767,"Non-neuronal","Tsix2"
"Mreg1",0.216816729199211,7.91688203232678,3.41912154484805,0.00274583011140804,0.0110635601566639,-1.60529161728874,"Non-neuronal","Mreg1"
"6820408C15Rik1",0.216816729199211,7.91688203232678,3.41912154484805,0.00274583011140804,0.0110635601566639,-1.60529161728874,"Non-neuronal","6820408C15Rik1"
"6430550D23Rik",0.216816729199211,7.91688203232678,3.41912154484805,0.00274583011140804,0.0110635601566639,-1.60529161728874,"Non-neuronal","6430550D23Rik"
"B230312C02Rik1",0.216816729199211,7.91688203232678,3.41912154484805,0.00274583011140804,0.0110635601566639,-1.60529161728874,"Non-neuronal","B230312C02Rik1"
"Gm99032",0.216816729199211,7.91688203232678,3.41912154484805,0.00274583011140804,0.0110635601566639,-1.60529161728874,"Non-neuronal","Gm99032"
"Trpv4",0.216816729199211,7.91688203232678,3.41912154484805,0.00274583011140804,0.0110635601566639,-1.60529161728874,"Non-neuronal","Trpv4"
"Ubap1l1",0.216816729199211,7.91688203232678,3.41912154484805,0.00274583011140804,0.0110635601566639,-1.60529161728874,"Non-neuronal","Ubap1l1"
"Zbed42",0.216816729199211,7.91688203232678,3.41912154484805,0.00274583011140804,0.0110635601566639,-1.60529161728874,"Non-neuronal","Zbed42"
"9030025P20Rik1",0.216816729199211,7.91688203232678,3.41912154484805,0.00274583011140804,0.0110635601566639,-1.60529161728874,"Non-neuronal","9030025P20Rik1"
"Rftn12",0.216816729199211,7.91688203232678,3.41912154484805,0.00274583011140804,0.0110635601566639,-1.60529161728874,"Non-neuronal","Rftn12"
"Zfp722",0.216811262815498,7.91679463284655,3.41937857501276,0.00274420726844514,0.0110635601566639,-1.60475012463603,"Non-neuronal","Zfp722"
"Sntb11",0.216803825775102,7.91667597332199,3.41972671067931,0.00274201070349187,0.0110635601566639,-1.60401668945735,"Non-neuronal","Sntb11"
"Gpr1502",0.216802703931327,7.91665809882968,3.41977907003104,0.0027416804911458,0.0110635601566639,-1.6039063805462,"Non-neuronal","Gpr1502"
"Sgcd2",0.216802677140357,7.91665767204469,3.41978031993768,0.00274167260889367,0.0110635601566639,-1.60390374728264,"Non-neuronal","Sgcd2"
"Cpsf42",0.216801908558319,7.9166454299688,3.41981616750557,0.00274144655382864,0.0110635601566639,-1.60382822471685,"Non-neuronal","Cpsf42"
"Myzap",0.216800753954519,7.91662704500416,3.41986998371268,0.00274110722274422,0.0110635601566639,-1.60371484618717,"Non-neuronal","Myzap"
"Rasal11",0.21679982080006,7.91661219123131,3.41991344668264,0.00274083320276149,0.0110635601566639,-1.60362327941892,"Non-neuronal","Rasal11"
"Hdhd32",0.216799057292793,7.91660004120255,3.41994898718678,0.00274060915136217,0.0110635601566639,-1.60354840341111,"Non-neuronal","Hdhd32"
"Klhl82",0.216799001256772,7.91659914959472,3.41995159486662,0.00274059271295889,0.0110635601566639,-1.6035429096008,"Non-neuronal","Klhl82"
"Gys12",0.216798972031083,7.91659868458136,3.41995295486682,0.0027405841397701,0.0110635601566639,-1.60354004437802,"Non-neuronal","Gys12"
"Psmd92",0.216797213757477,7.91657071656924,3.42003472437293,0.00274006872838504,0.0110635601566639,-1.60336777367061,"Non-neuronal","Psmd92"
"Myc2",0.216797135592663,7.91656947360809,3.42003835715663,0.00274004583235029,0.0110635601566639,-1.60336012016754,"Non-neuronal","Myc2"
"Fbxw41",0.216795080592361,7.91653680667238,3.42013379455541,0.00273944439454167,0.0110635601566639,-1.60315905350225,"Non-neuronal","Fbxw41"
"Toe12",0.216794788085768,7.91653215865869,3.42014736794758,0.00273935886679144,0.0110635601566639,-1.60313045714491,"Non-neuronal","Toe12"
"Stx22",0.216793830806109,7.9165169502824,3.42019177000183,0.0027390791018619,0.0110635601566639,-1.60303691101489,"Non-neuronal","Stx22"
"Zfyve212",0.216793815611604,7.91651670892406,3.42019247453923,0.00273907466299492,0.0110635601566639,-1.60303542669618,"Non-neuronal","Zfyve212"
"Tapbp2",0.216793213946008,7.91650715267064,3.42022036653857,0.00273889893793653,0.0110635601566639,-1.60297666382964,"Non-neuronal","Tapbp2"
"Gpat32",0.216791567492617,7.91648101155286,3.42029663318581,0.00273841849965507,0.0110635601566639,-1.60281598495629,"Non-neuronal","Gpat32"
"Mrm21",0.216791165634292,7.9164746332675,3.42031523472848,0.00273830133263899,0.0110635601566639,-1.60277679508742,"Non-neuronal","Mrm21"
"Bcs1l2",0.216790449937143,7.91646327579139,3.42034835062473,0.00273809275509578,0.0110635601566639,-1.6027070262068,"Non-neuronal","Bcs1l2"
"Rfx12",0.216788262919297,7.91642858603854,3.42044944363088,0.00273745612626474,0.0110635601566639,-1.60249404201287,"Non-neuronal","Rfx12"
"D130040H23Rik2",0.21678796817384,7.91642391275784,3.42046305622344,0.0027373704126598,0.0110635601566639,-1.60246536275022,"Non-neuronal","D130040H23Rik2"
"Gm269351",0.216787702467969,7.91641970029029,3.42047532525119,0.00273729316125851,0.0110635601566639,-1.60243951412318,"Non-neuronal","Gm269351"
"Anks62",0.216786999036011,7.9164085499142,3.42050779542216,0.00273708872456727,0.0110635601566639,-1.60237110527998,"Non-neuronal","Anks62"
"Spag6l2",0.216786944731658,7.91640768921982,3.42051030143123,0.00273707294701067,0.0110635601566639,-1.60236582556383,"Non-neuronal","Spag6l2"
"Chrna41",0.216786343098595,7.9163981546756,3.4205380589355,0.002736898194801,0.0110635601566639,-1.60230734539996,"Non-neuronal","Chrna41"
"Tyw52",0.216786178277866,7.91639554295756,3.42054566122872,0.00273685033514977,0.0110635601566639,-1.60229132869962,"Non-neuronal","Tyw52"
"Gtf2h42",0.216786044861304,7.91639342896569,3.42055181437819,0.00273681159907334,0.0110635601566639,-1.60227836508827,"Non-neuronal","Gtf2h42"
"D730003I15Rik2",0.216785765086369,7.91638899621451,3.42056471569335,0.00273673038284813,0.0110635601566639,-1.60225118426127,"Non-neuronal","D730003I15Rik2"
"Slc35e32",0.216785626219962,7.91638679616527,3.42057111833332,0.00273669007789449,0.0110635601566639,-1.602237695008,"Non-neuronal","Slc35e32"
"Grid12",0.216785609319058,7.91638652841225,3.42057189753247,0.00273668517283485,0.0110635601566639,-1.60223605337017,"Non-neuronal","Grid12"
"1110035H17Rik1",0.216785477191634,7.91638443523143,3.42057798881415,0.00273664682850659,0.0110635601566639,-1.60222322009172,"Non-neuronal","1110035H17Rik1"
"Cbwd12",0.216784933178341,7.91637581783853,3.42060306277728,0.00273648899465901,0.0110635601566639,-1.60217039355339,"Non-neuronal","Cbwd12"
"Zbtb262",0.216784150340086,7.91636342001824,3.42063912767676,0.00273626199150506,0.0110635601566639,-1.6020944109171,"Non-neuronal","Zbtb262"
"Klhl422",0.216781220934782,7.91631705479208,3.42077390915802,0.00273541380067759,0.0110635601566639,-1.60181044831661,"Non-neuronal","Klhl422"
"Cfap612",0.216780070053317,7.91629885119089,3.42082678572373,0.00273508111468416,0.0110635601566639,-1.60169904565388,"Non-neuronal","Cfap612"
"Ssbp32",0.216778799411887,7.9162787611927,3.42088511527582,0.00273471416598041,0.0110635601566639,-1.60157615416475,"Non-neuronal","Ssbp32"
"Gm203871",0.216777778657432,7.91626262810577,3.42093193614596,0.002734419652887,0.0110635601566639,-1.60147750953819,"Non-neuronal","Gm203871"
"Vps542",0.21677738768863,7.91625645022816,3.4209498606104,0.00273430691249274,0.0110635601566639,-1.60143974530897,"Non-neuronal","Vps542"
"Has11",0.216777196312783,7.91625342649491,3.42095863269593,0.00273425173993468,0.0110635601566639,-1.60142126379718,"Non-neuronal","Has11"
"Aars22",0.216776928942646,7.91624920236674,3.4209708861646,0.00273417467283909,0.0110635601566639,-1.60139544750676,"Non-neuronal","Aars22"
"9530077C05Rik2",0.216776423319176,7.9162412151181,3.42099405243285,0.00273402897649639,0.0110635601566639,-1.60134663949255,"Non-neuronal","9530077C05Rik2"
"Tmem1682",0.216775784481981,7.91623112537917,3.42102331048352,0.00273384497886346,0.0110635601566639,-1.60128499690848,"Non-neuronal","Tmem1682"
"Zfp6462",0.216775525821221,7.91622704070571,3.42103515315031,0.00273377050631884,0.0110635601566639,-1.60126004606309,"Non-neuronal","Zfp6462"
"Gatb2",0.216775013397432,7.91621894970911,3.42105860792186,0.00273362301699913,0.0110635601566639,-1.60121063010442,"Non-neuronal","Gatb2"
"Snd12",0.216774293741837,7.91620758885315,3.42109153396731,0.0027334159831882,0.0110635601566639,-1.60114125941498,"Non-neuronal","Snd12"
"Cplx12",0.216774207773628,7.93498326842818,3.56127664132023,0.00197830846209051,0.0110635601566639,-1.3040145554487,"Non-neuronal","Cplx12"
"Rapgefl12",0.216773823509198,7.9162001669431,3.42111303933844,0.00273328076910157,0.0110635601566639,-1.60109595048731,"Non-neuronal","Rapgefl12"
"Gtf3c42",0.216773607969782,7.9161967653565,3.42112289434037,0.00273321880840031,0.0110635601566639,-1.60107518731114,"Non-neuronal","Gtf3c42"
"Dmap12",0.216772992294514,7.91618705023419,3.42115103637387,0.00273304188045099,0.0110635601566639,-1.60101589575715,"Non-neuronal","Dmap12"
"Copg22",0.216772902102427,7.91618562719949,3.42115515796533,0.00273301596909865,0.0110635601566639,-1.6010072121026,"Non-neuronal","Copg22"
"Tigar2",0.216772759854247,7.91618338291705,3.42116165788447,0.00273297510632131,0.0110635601566639,-1.60099351761996,"Non-neuronal","Tigar2"
"Socs72",0.216772498607921,7.91617926144194,3.42117359364511,0.00273290007182304,0.0110635601566639,-1.60096837051971,"Non-neuronal","Socs72"
"Dpy19l32",0.216771070374874,7.91615673549129,3.42123880785793,0.00273249013655256,0.0110635601566639,-1.60083097244715,"Non-neuronal","Dpy19l32"
"Vipas392",0.216770702291598,7.91615093180134,3.42125560425745,0.00273238456449441,0.0110635601566639,-1.60079558451488,"Non-neuronal","Vipas392"
"Fam114a22",0.21676979138383,7.91613657218382,3.42129715225142,0.00273212343602329,0.0110635601566639,-1.60070804795359,"Non-neuronal","Fam114a22"
"5730522E02Rik2",0.216769152359578,7.91612650107794,3.42132628337769,0.00273194036198399,0.0110635601566639,-1.60064667214597,"Non-neuronal","5730522E02Rik2"
"Wwp22",0.216768911954253,7.91612271279638,3.4213372393324,0.00273187151260175,0.0110635601566639,-1.60062358924075,"Non-neuronal","Wwp22"
"Cadm42",0.216768829036603,7.91612140625704,3.42134101769771,0.00273184776900347,0.0110635601566639,-1.6006156286684,"Non-neuronal","Cadm42"
"Mrpl382",0.216768119597572,7.91611022900485,3.42137333621989,0.00273164468469269,0.0110635601566639,-1.60054753729278,"Non-neuronal","Mrpl382"
"Slc7a41",0.216768032875296,7.91610886286602,3.42137728575464,0.00273161986747877,0.0110635601566639,-1.60053921607629,"Non-neuronal","Slc7a41"
"Aasdhppt2",0.216768014370225,7.91610857135998,3.42137812848766,0.00273161457212785,0.0110635601566639,-1.60053744053438,"Non-neuronal","Aasdhppt2"
"Ncbp12",0.216767895886131,7.91610670494919,3.42138352407155,0.00273158066897226,0.0110635601566639,-1.60052607265616,"Non-neuronal","Ncbp12"
"Bsdc12",0.216767529228862,7.91610092966336,3.42140021824302,0.00273147577375065,0.0110635601566639,-1.60049089993286,"Non-neuronal","Bsdc12"
"Tango62",0.216767392765804,7.91609878038317,3.42140643040994,0.00273143674157923,0.0110635601566639,-1.60047781159761,"Non-neuronal","Tango62"
"AC165953.22",0.21676698512021,7.9160923605678,3.42142498399876,0.00273132016927732,0.0110635601566639,-1.60043872126159,"Non-neuronal","AC165953.22"
"Fam102a2",0.216766957512341,7.91609192581523,3.42142624035212,0.0027313122757788,0.0110635601566639,-1.60043607426471,"Non-neuronal","Fam102a2"
"Prps12",0.216766707461713,7.91608798834053,3.42143761831748,0.00273124079057931,0.0110635601566639,-1.60041210215139,"Non-neuronal","Prps12"
"Unc5a2",0.216766638859677,7.91608690813975,3.4214407395429,0.00273122118094262,0.0110635601566639,-1.60040552607339,"Non-neuronal","Unc5a2"
"Ngdn1",0.216766290097327,7.91608141693264,3.42145660505804,0.0027311215052472,0.0110635601566639,-1.60037209917059,"Non-neuronal","Ngdn1"
"Capn72",0.21676603264084,7.91607736371802,3.42146831449847,0.00273104794253913,0.0110635601566639,-1.60034742865052,"Non-neuronal","Capn72"
"Vps392",0.216765947594841,7.91607602488745,3.42147218203124,0.0027310236458036,0.0110635601566639,-1.60033928017661,"Non-neuronal","Vps392"
"Eif4e22",0.216765555307476,7.91606984980707,3.42149001861842,0.0027309115949844,0.0110635601566639,-1.6003017003997,"Non-neuronal","Eif4e22"
"Rnf1812",0.216764844921809,7.91605866946203,3.42152230606373,0.00273070877424317,0.0110635601566639,-1.60023367415644,"Non-neuronal","Rnf1812"
"Pick12",0.216764121933386,7.9160472934012,3.42155514979338,0.00273050247425924,0.0110635601566639,-1.6001644758047,"Non-neuronal","Pick12"
"Ostm12",0.216763183652115,7.9160325337125,3.42159774895307,0.00273023492069437,0.0110635601566639,-1.60007472365372,"Non-neuronal","Ostm12"
"Nlgn22",0.216762427564346,7.91602064328066,3.4216320558887,0.00273001946702093,0.0110635601566639,-1.60000244229249,"Non-neuronal","Nlgn22"
"Fndc52",0.216762394324403,7.91602012060732,3.42163356370906,0.00273000999802337,0.0110635601566639,-1.59999926546041,"Non-neuronal","Fndc52"
"Arpin2",0.216762034859733,7.91601446865085,3.42164986739204,0.00272990761419007,0.0110635601566639,-1.59996491516244,"Non-neuronal","Arpin2"
"Anxa62",0.216761072648262,7.91599934277561,3.42169348868029,0.00272963369986297,0.0110635601566639,-1.59987300919506,"Non-neuronal","Anxa62"
"C1qtnf122",0.216760402578729,7.91598881211817,3.42172384847638,0.00272944307532135,0.0110635601566639,-1.59980904386982,"Non-neuronal","C1qtnf122"
"Npr22",0.216760136475313,7.91598463073018,3.42173590123872,0.0027293674014861,0.0110635601566639,-1.59978364977927,"Non-neuronal","Npr22"
"Bcar12",0.21675985021345,7.91598013298538,3.42174886453224,0.0027292860131383,0.0110635601566639,-1.59975633726966,"Non-neuronal","Bcar12"
"Dhdds2",0.216759697806073,7.91597773853083,3.42175576519727,0.00272924268918512,0.0110635601566639,-1.5997417981757,"Non-neuronal","Dhdds2"
"Kcnc42",0.216757953810933,7.91595034720838,3.42183467678185,0.0027287473122386,0.0110635601566639,-1.59957553817267,"Non-neuronal","Kcnc42"
"Kdsr2",0.216757274325479,7.91593967932868,3.42186539567905,0.00272855449455706,0.0110635601566639,-1.59951081594824,"Non-neuronal","Kdsr2"
"Dcun1d42",0.216757093598926,7.91593684232663,3.42187356368494,0.00272850322752247,0.0110635601566639,-1.59949360661129,"Non-neuronal","Dcun1d42"
"Shcbp1l1",0.216756393040295,7.91592584668845,3.42190521588893,0.00272830456928717,0.0110635601566639,-1.59942691789775,"Non-neuronal","Shcbp1l1"
"Ccdc1262",0.216756309194912,7.91592453085735,3.42190900309355,0.0027282808006654,0.0110635601566639,-1.59941893854965,"Non-neuronal","Ccdc1262"
"Brwd32",0.216756217199268,7.91592308716072,3.42191315817961,0.0027282547234416,0.0110635601566639,-1.5994101841026,"Non-neuronal","Brwd32"
"Wdr372",0.216754526623186,7.91589656441104,3.42198946706415,0.00272777585418467,0.0110635601566639,-1.59924940693135,"Non-neuronal","Wdr372"
"Fam217b2",0.216754243289665,7.91589212072336,3.42200224723377,0.00272769566149944,0.0110635601566639,-1.59922248002014,"Non-neuronal","Fam217b2"
"Zfp122",0.216753797352701,7.91588512765216,3.42202235670334,0.00272756948379691,0.0110635601566639,-1.59918011077053,"Non-neuronal","Zfp122"
"Gne2",0.216753074158106,7.91587378883464,3.42205495564785,0.00272736495254497,0.0110635601566639,-1.59911142700847,"Non-neuronal","Gne2"
"Entpd62",0.216752636255985,7.91586692434383,3.42207468659061,0.00272724116461574,0.0110635601566639,-1.59906985521615,"Non-neuronal","Entpd62"
"Cbll12",0.216752296837154,7.91586160432997,3.42208997589761,0.00272714524640273,0.0110635601566639,-1.59903764163816,"Non-neuronal","Cbll12"
"Aars3",0.216752244323609,7.91586078129035,3.4220923410726,0.00272713040865806,0.0110635601566639,-1.59903265836643,"Non-neuronal","Aars3"
"Trmt10c2",0.216752007602205,7.91585707135238,3.42210300175921,0.00272706353063903,0.0110635601566639,-1.59901019697996,"Non-neuronal","Trmt10c2"
"Mzt22",0.216751475448046,7.91584873237604,3.42212696069228,0.00272691323419289,0.0110635601566639,-1.59895971700781,"Non-neuronal","Mzt22"
"Fam32a2",0.216751207359695,7.91584453191281,3.42213902730855,0.00272683754235291,0.0110635601566639,-1.59893429338758,"Non-neuronal","Fam32a2"
"Pigt2",0.216750963601513,7.91584071297495,3.42214999684845,0.00272676873407804,0.0110635601566639,-1.59891118123118,"Non-neuronal","Pigt2"
"Pvr2",0.216749754909533,7.91582178093887,3.42220436224139,0.00272642774322368,0.0110635601566639,-1.59879663651656,"Non-neuronal","Pvr2"
"Nucb12",0.216748527942702,7.91580257020533,3.42225950224084,0.00272608193666522,0.0110635601566639,-1.59868045954184,"Non-neuronal","Nucb12"
"Pcnt2",0.216748475310435,7.9158017463071,3.42226186647216,0.00272606711052104,0.0110635601566639,-1.59867547823055,"Non-neuronal","Pcnt2"
"Ccnk2",0.216747662518329,7.91578902474612,3.42229836579667,0.00272583823254209,0.0110635601566639,-1.59859857602064,"Non-neuronal","Ccnk2"
"Fam219b2",0.216747462709337,7.91578589791045,3.42230733523454,0.00272578199036827,0.0110635601566639,-1.59857967785971,"Non-neuronal","Fam219b2"
"Bnip11",0.216747349837107,7.91578413164801,3.42231240151673,0.00272575022313721,0.0110635601566639,-1.59856900345184,"Non-neuronal","Bnip11"
"Gcat1",0.216745897172285,7.91576140559871,3.4223775685217,0.00272534163732199,0.0110635601566639,-1.59843169961359,"Non-neuronal","Gcat1"
"Spr2",0.216745730092133,7.91575879241486,3.42238505950547,0.00272529467400878,0.0110635601566639,-1.59841591644159,"Non-neuronal","Spr2"
"Ubl4a2",0.216744978538906,7.91574703963649,3.42241874422159,0.00272508350384383,0.0110635601566639,-1.59834494418463,"Non-neuronal","Ubl4a2"
"Mrpl26",0.216744711837528,7.91574286964873,3.42243069351558,0.0027250085973409,0.0110635601566639,-1.59831976751421,"Non-neuronal","Mrpl26"
"Ubfd12",0.216744159078479,7.91573422817115,3.42245545217597,0.00272485339923862,0.0110635601566639,-1.59826760200502,"Non-neuronal","Ubfd12"
"Aup12",0.216743102547908,7.91571771533926,3.42250274839836,0.00272455694998417,0.0110635601566639,-1.59816795063526,"Non-neuronal","Aup12"
"Ppp1r16a2",0.2167427256,7.91571182526886,3.42251961415158,0.00272445124434277,0.0110635601566639,-1.5981324150876,"Non-neuronal","Ppp1r16a2"
"Pnma22",0.216742363903891,7.91570617419124,3.42253579327008,0.00272434984595123,0.0110635601566639,-1.59809832623677,"Non-neuronal","Pnma22"
"Map4k22",0.21674212610827,7.91570245927238,3.42254642791162,0.00272428319813738,0.0110635601566639,-1.59807591940002,"Non-neuronal","Map4k22"
"B4galt72",0.21674180093233,7.91569737973131,3.42256096746201,0.00272419208066225,0.0110635601566639,-1.59804528503742,"Non-neuronal","B4galt72"
"Gsk3a2",0.216741754271453,7.91569665089021,3.42256305352906,0.00272417900779636,0.0110635601566639,-1.59804088976039,"Non-neuronal","Gsk3a2"
"Papolg2",0.216740777778169,7.91568140061473,3.42260669381974,0.00272390553902481,0.0110635601566639,-1.59794894098576,"Non-neuronal","Papolg2"
"Usp252",0.216740328766616,7.91567438983749,3.42262675040307,0.00272377986491962,0.0110635601566639,-1.59790668232674,"Non-neuronal","Usp252"
"Haus82",0.216740218589698,7.91567266971208,3.42263167084519,0.00272374903440874,0.0110635601566639,-1.59789631508888,"Non-neuronal","Haus82"
"Trnt12",0.216739751487634,7.91566537780886,3.4226525271151,0.00272361835697903,0.0110635601566639,-1.59785237147653,"Non-neuronal","Trnt12"
"Hrh22",0.216738552342314,7.91564666304687,3.42270603781623,0.00272328310751228,0.0110635601566639,-1.59773962570058,"Non-neuronal","Hrh22"
"Mta22",0.216738175663949,7.91564078581434,3.4227228373521,0.00272317786523502,0.0110635601566639,-1.59770422943744,"Non-neuronal","Mta22"
"Epb412",0.216738098838761,7.91563958721487,3.42272626314035,0.00272315640455176,0.0110635601566639,-1.59769701137243,"Non-neuronal","Epb412"
"Tmem941",0.216737906645915,7.91563658881974,3.4227348325868,0.00272310272240038,0.0110635601566639,-1.59767895572247,"Non-neuronal","Tmem941"
"Cfap742",0.216737862160195,7.91563589482569,3.42273681593901,0.00272309029810383,0.0110635601566639,-1.59767477683886,"Non-neuronal","Cfap742"
"Ddx39b2",0.216737473999422,7.91562983979371,3.42275411905341,0.00272298190871179,0.0110635601566639,-1.59763831951004,"Non-neuronal","Ddx39b2"
"Utp202",0.216736697463091,7.91561772865247,3.42278872058449,0.00272276517206582,0.0110635601566639,-1.59756541468943,"Non-neuronal","Utp202"
"Cdk132",0.216736000640673,7.91560686333784,3.4228197539622,0.00272257079999013,0.0110635601566639,-1.59750002783652,"Non-neuronal","Cdk132"
"Nom12",0.216735804733767,7.91560380906757,3.42282847602752,0.00272251617332952,0.0110635601566639,-1.59748165056634,"Non-neuronal","Nom12"
"Msto12",0.216735712388258,7.91560236942944,3.42283258696662,0.00272249042671899,0.0110635601566639,-1.59747298887311,"Non-neuronal","Msto12"
"Sorcs32",0.216735507285282,7.91559917209042,3.42284171655986,0.00272243324937848,0.0110635601566639,-1.59745375293924,"Non-neuronal","Sorcs32"
"Prelid12",0.216734676270685,7.91558621961162,3.42287869330663,0.00272220168135003,0.0110635601566639,-1.59737584335842,"Non-neuronal","Prelid12"
"Cbx62",0.21673454577969,7.91558418604926,3.42288449764333,0.00272216533326765,0.0110635601566639,-1.59736361367926,"Non-neuronal","Cbx62"
"Rbpj2",0.21673451555995,7.91558371511916,3.42288584176344,0.00272215691614846,0.0110635601566639,-1.59736078163135,"Non-neuronal","Rbpj2"
"St6galnac52",0.216734146824181,7.91557796928523,3.42290224015262,0.0027220542285773,0.0110635601566639,-1.59732623037617,"Non-neuronal","St6galnac52"
"Ube2ql12",0.216732643692551,7.91555455376315,3.422969042966,0.00272163594518743,0.0110635601566639,-1.59718547727539,"Non-neuronal","Ube2ql12"
"Ttc9b2",0.216730256384537,7.9155173879951,3.42307499442925,0.00272097266342723,0.0110635601566639,-1.59696223760393,"Non-neuronal","Ttc9b2"
"Atp9a2",0.216729980918073,7.91551310135422,3.42308720839862,0.00272089621123605,0.0110635601566639,-1.59693650272913,"Non-neuronal","Atp9a2"
"Pacrg2",0.216729778993261,7.91550995936519,3.42309616007127,0.00272084018042406,0.0110635601566639,-1.59691764151825,"Non-neuronal","Pacrg2"
"Irf2bp22",0.216727992571041,7.91548217119161,3.42317529934032,0.00272034487676909,0.0110635601566639,-1.59675089452132,"Non-neuronal","Irf2bp22"
"Sh3gl32",0.216727838105609,7.91547976920036,3.42318213750928,0.00272030208333543,0.0110635601566639,-1.59673648643156,"Non-neuronal","Sh3gl32"
"Fam81a2",0.216727728721222,7.91547806830726,3.42318697949144,0.00272027178248893,0.0110635601566639,-1.59672628432527,"Non-neuronal","Fam81a2"
"Smarcd32",0.216727335435751,7.91547195333609,3.42320438545943,0.00272016285967832,0.0110635601566639,-1.59668960975852,"Non-neuronal","Smarcd32"
"Agap12",0.216727196961505,7.91546980046357,3.42321051287337,0.00272012451665697,0.0110635601566639,-1.59667669922487,"Non-neuronal","Agap12"
"Cep832",0.216726505359214,7.91545904949276,3.42324110689407,0.00271993307887787,0.0110635601566639,-1.59661223722402,"Non-neuronal","Cep832"
"L3mbtl22",0.216725424522068,7.91544225265372,3.42328888916909,0.00271963411449291,0.0110635601566639,-1.5965115592224,"Non-neuronal","L3mbtl22"
"Rbsn1",0.21672365649026,7.91541478901121,3.42336697221442,0.00271914563356643,0.0110635601566639,-1.596347036697,"Non-neuronal","Rbsn1"
"Ubxn112",0.21672326029787,7.91540863691898,3.42338445612011,0.00271903626754176,0.0110635601566639,-1.59631019770552,"Non-neuronal","Ubxn112"
"Ttc7b2",0.216719757315684,7.91535427659771,3.42353882781146,0.00271807082306377,0.0110635601566639,-1.59598493212489,"Non-neuronal","Ttc7b2"
"Endog2",0.216719369085603,7.91534825570106,3.42355591289191,0.0027179639932358,0.0110635601566639,-1.59594893327396,"Non-neuronal","Endog2"
"Atf6b2",0.2167181241273,7.91532895324272,3.42361066866979,0.00271762164333987,0.0110635601566639,-1.59583356084145,"Non-neuronal","Atf6b2"
"Plppr12",0.216718123617498,7.91532894534021,3.42361069108145,0.00271762150322393,0.0110635601566639,-1.5958335136192,"Non-neuronal","Plppr12"
"Gprasp22",0.216714050691802,7.91526585069414,3.42378948723817,0.00271650390990499,0.0110635601566639,-1.5954567821925,"Non-neuronal","Gprasp22"
"0610009B22Rik2",0.216713075781529,7.9152507603965,3.42383220751043,0.00271623694699852,0.0110635601566639,-1.59536676837716,"Non-neuronal","0610009B22Rik2"
"Paf12",0.216710915206824,7.91521733448047,3.42392677730089,0.00271564606335995,0.0110635601566639,-1.59516750453377,"Non-neuronal","Paf12"
"1810030O07Rik2",0.216707978048515,7.91517193141695,3.42405510470444,0.00271484445993914,0.0110635601566639,-1.59489711058573,"Non-neuronal","1810030O07Rik2"
"Zfp2632",0.216707777683695,7.91516883570875,3.42406384902801,0.00271478984655278,0.0110635601566639,-1.59487868570485,"Non-neuronal","Zfp2632"
"Coa62",0.216704465437494,7.91511768922641,3.42420822057258,0.00271388831828106,0.0110635601566639,-1.59457448439244,"Non-neuronal","Coa62"
"Tomm222",0.216703773987436,7.91510701898471,3.42423831577242,0.00271370042581842,0.0110635601566639,-1.59451107145645,"Non-neuronal","Tomm222"
"Tfg2",0.216702483561256,7.91508711187729,3.42429444140627,0.00271335005246219,0.0110635601566639,-1.59439281020933,"Non-neuronal","Tfg2"
"Katna12",0.216700824911762,7.91506153640712,3.42436650629779,0.00271290024087107,0.0110635601566639,-1.59424096336441,"Non-neuronal","Katna12"
"4921504A21Rik2",0.21670023120832,7.91505238513955,3.4243922806624,0.00271273938131795,0.0110635601566639,-1.59418665450995,"Non-neuronal","4921504A21Rik2"
"Xpo51",0.216698548849548,7.91502646297011,3.42446525707136,0.00271228398143285,0.0110635601566639,-1.59403288656631,"Non-neuronal","Xpo51"
"Mogs2",0.216698473425694,7.91502530115053,3.42446852670193,0.00271226357948208,0.0110635601566639,-1.59402599714887,"Non-neuronal","Mogs2"
"Ino80c1",0.216692253407626,7.91492958569107,3.42473755633915,0.0027105853957436,0.0110635601566639,-1.5934591242411,"Non-neuronal","Ino80c1"
"Phf132",0.216691579016387,7.91491921945884,3.4247666530515,0.00271040395409344,0.0110635601566639,-1.59339781422705,"Non-neuronal","Phf132"
"Klhl332",0.216687958817668,7.91486361089705,3.42492260592532,0.00270943166450784,0.0110635601566639,-1.5930692032552,"Non-neuronal","Klhl332"
"Pcdhb62",0.216687669894603,7.91485917564207,3.42493503480076,0.00270935419131609,0.0110635601566639,-1.59304301409415,"Non-neuronal","Pcdhb62"
"Pknox22",0.216686995689823,7.91484882753338,3.42496402764154,0.00270917347804197,0.0110635601566639,-1.59298192259483,"Non-neuronal","Pknox22"
"Purg2",0.216685358038005,7.91482370118439,3.42503439297534,0.00270873493797957,0.0110635601566639,-1.59283365392362,"Non-neuronal","Purg2"
"Zmynd191",0.216675046961543,7.91466580257345,3.42547552596153,0.00270598723971767,0.0110635601566639,-1.59190412396942,"Non-neuronal","Zmynd191"
"Jph32",0.216667817940551,7.91455541243392,3.42578284495478,0.00270407465111486,0.0110635601566639,-1.59125655222313,"Non-neuronal","Jph32"
"Map4k42",0.216667734730421,7.91455414327183,3.42578637300485,0.00270405270213557,0.0110635601566639,-1.59124911800791,"Non-neuronal","Map4k42"
"Zfhx31",0.216667248746832,7.91454673148767,3.42580697410467,0.00270392454046713,0.0110635601566639,-1.5912057078923,"Non-neuronal","Zfhx31"
"Fbll11",0.216663867072381,7.91449518923872,3.42595012402273,0.00270303415414155,0.0110635601566639,-1.59090406532294,"Non-neuronal","Fbll11"
"Gtf2a12",0.216660558794138,7.91444481977846,3.42608982710599,0.00270216548470496,0.0110635601566639,-1.59060968469877,"Non-neuronal","Gtf2a12"
"Rgs82",0.216657806613788,7.91440295779474,3.42620579124735,0.00270144463158768,0.0110635601566639,-1.59036532562229,"Non-neuronal","Rgs82"
"Evl2",0.216628760204573,7.9139633935225,3.42741556628528,0.00269393571811535,0.0110635601566639,-1.58781604834492,"Non-neuronal","Evl2"
"Homer22",0.216600023827891,7.93124955342401,3.56862112374952,0.00194499870643508,0.0110635601566639,-1.28841959729896,"Non-neuronal","Homer22"
"Gm100531",0.216588813040905,7.91336550662467,3.42903763835384,0.00268389990266748,0.0110635601566639,-1.58439784397626,"Non-neuronal","Gm100531"
"Trmt122",0.216588226530391,7.91335678513186,3.42906109717205,0.00268375503195098,0.0110635601566639,-1.58434840808508,"Non-neuronal","Trmt122"
"Mkks2",0.216404982978447,7.91071013250191,3.43589907136595,0.00264185279145973,0.0110635601566639,-1.56993755869729,"Non-neuronal","Mkks2"
"Polr2l2",0.216351520662965,7.89702442452993,3.30811639672962,0.00354233078319033,0.012464476209246,-1.83900337339881,"Non-neuronal","Polr2l2"
"Slc13a31",0.216333955076465,7.91376962441359,3.46893781382397,0.00244828575809073,0.0110635601566639,-1.50005496709152,"Non-neuronal","Slc13a31"
"Pld12",0.216333955076465,7.91376962441359,3.46893781382397,0.00244828575809073,0.0110635601566639,-1.50005496709152,"Non-neuronal","Pld12"
"Ebf3",0.216333955076465,7.91376962441359,3.46893781382397,0.00244828575809073,0.0110635601566639,-1.50005496709152,"Non-neuronal","Ebf3"
"Nr2e1",0.216333955076465,7.91376962441359,3.46893781382397,0.00244828575809073,0.0110635601566639,-1.50005496709152,"Non-neuronal","Nr2e1"
"Acss31",0.216333955076465,7.91376962441359,3.46893781382397,0.00244828575809073,0.0110635601566639,-1.50005496709152,"Non-neuronal","Acss31"
"Gdf101",0.216333955076465,7.91376962441359,3.46893781382397,0.00244828575809073,0.0110635601566639,-1.50005496709152,"Non-neuronal","Gdf101"
"Slc47a11",0.216333955076465,7.91376962441359,3.46893781382397,0.00244828575809073,0.0110635601566639,-1.50005496709152,"Non-neuronal","Slc47a11"
"Lgals121",0.216333955076465,7.91376962441359,3.46893781382397,0.00244828575809073,0.0110635601566639,-1.50005496709152,"Non-neuronal","Lgals121"
"Dhx162",0.216324496216049,7.91362559518742,3.46925550927872,0.00244649388406545,0.0110635601566639,-1.49938413573662,"Non-neuronal","Dhx162"
"Zswim41",0.216316426987327,7.9135030765521,3.4695244356819,0.00244497808691387,0.0110635601566639,-1.49881628407397,"Non-neuronal","Zswim41"
"Drc12",0.216316150701881,7.91349888729482,3.46953360948172,0.0024449263953145,0.0110635601566639,-1.49879691315428,"Non-neuronal","Drc12"
"Efemp22",0.216315302301603,7.91348602554085,3.46956176573577,0.00244476775001623,0.0110635601566639,-1.49873745987851,"Non-neuronal","Efemp22"
"Sox92",0.216310005718102,7.91340580967866,3.46973706595005,0.0024437802557,0.0110635601566639,-1.49836730542727,"Non-neuronal","Sox92"
"Telo22",0.216309179688811,7.91339331208356,3.46976433040677,0.00244362670589608,0.0110635601566639,-1.49830973532782,"Non-neuronal","Telo22"
"Bin32",0.216309026622378,7.91339099660019,3.4697693804104,0.00244359826598745,0.0110635601566639,-1.49829907202468,"Non-neuronal","Bin32"
"Tmem1452",0.216308737203278,7.91338661878346,3.46977892710843,0.00244354450310988,0.0110635601566639,-1.49827891375638,"Non-neuronal","Tmem1452"
"Utp14a2",0.216307524626219,7.9133682815656,3.46981889804123,0.00244331941672685,0.0110635601566639,-1.49819451341236,"Non-neuronal","Utp14a2"
"Slc7a6os2",0.216305259482482,7.91333404629504,3.46989344953762,0.00244289965299128,0.0110635601566639,-1.49803709480841,"Non-neuronal","Slc7a6os2"
"Tedc22",0.216303643013297,7.91330963050578,3.469946559339,0.00244260066043898,0.0110635601566639,-1.49792495131207,"Non-neuronal","Tedc22"
"Tpd52l12",0.216303623455325,7.91330933517321,3.46994720145463,0.00244259704573722,0.0110635601566639,-1.49792359545928,"Non-neuronal","Tpd52l12"
"Lrfn42",0.216302951895636,7.91329919551527,3.46996924288992,0.00244247296969581,0.0110635601566639,-1.49787705409427,"Non-neuronal","Lrfn42"
"Fgfr1op3",0.21630233421426,7.91328987130683,3.46998950428019,0.0024423589193857,0.0110635601566639,-1.49783427137431,"Non-neuronal","Fgfr1op3"
"Tfip112",0.216301259905817,7.91327365855408,3.47002471742805,0.00244216071887719,0.0110635601566639,-1.49775991745364,"Non-neuronal","Tfip112"
"Dkkl12",0.216301235825081,7.91327329520852,3.47002550634648,0.00244215627855701,0.0110635601566639,-1.49775825162225,"Non-neuronal","Dkkl12"
"Zfp9591",0.216299805822927,7.91325172353192,3.47007232470353,0.00244189278201774,0.0110635601566639,-1.49765939289858,"Non-neuronal","Zfp9591"
"Slc25a372",0.216299599032552,7.91324860491707,3.47007909006968,0.00244185470844179,0.0110635601566639,-1.49764510757737,"Non-neuronal","Slc25a372"
"Fam227a2",0.216299326500506,7.91324449516997,3.47008800432943,0.00244180454238947,0.0110635601566639,-1.49762628478933,"Non-neuronal","Fam227a2"
"Ece12",0.216299182571027,7.91324232487982,3.47009271124458,0.00244177805407617,0.0110635601566639,-1.49761634596524,"Non-neuronal","Ece12"
"Hic22",0.216298895006282,7.91323798904049,3.47010211363512,0.00244172514267357,0.0110635601566639,-1.49759649247407,"Non-neuronal","Hic22"
"Snx113",0.216298894072397,7.91323797496016,3.47010214416631,0.00244172497086296,0.0110635601566639,-1.49759642800636,"Non-neuronal","Snx113"
"Gmeb12",0.216298545401698,7.91323271832477,3.47011354125328,0.00244166083593976,0.0110635601566639,-1.49757236264355,"Non-neuronal","Gmeb12"
"Fstl42",0.216298444011373,7.91323118985415,3.4701168547558,0.00244164219015022,0.0110635601566639,-1.49756536606329,"Non-neuronal","Fstl42"
"Ccdc85b2",0.216297756236544,7.91322082290338,3.47013932373705,0.00244151575606813,0.0110635601566639,-1.49751792200454,"Non-neuronal","Ccdc85b2"
"Arhgef14",0.216297580715788,7.91321817762018,3.4701450556214,0.00244148350349917,0.0110635601566639,-1.49750581892731,"Non-neuronal","Arhgef14"
"Zfp1122",0.216297298648294,7.91321392688184,3.47015426505329,0.0024414316840997,0.0110635601566639,-1.49748637288669,"Non-neuronal","Zfp1122"
"Ddx212",0.216296233027442,7.91319787157063,3.47018903627196,0.0024412360440375,0.0110635601566639,-1.49741295224897,"Non-neuronal","Ddx212"
"Tssc42",0.216295774186461,7.91319096010097,3.47020399801694,0.00244115186661178,0.0110635601566639,-1.49738136001295,"Non-neuronal","Tssc42"
"St6galnac42",0.216295053034661,7.91318009956017,3.47022750065776,0.00244101964236062,0.0110635601566639,-1.49733173339443,"Non-neuronal","St6galnac42"
"Elovl62",0.216293549208031,7.9131574601455,3.47027646204773,0.00244074421155603,0.0110635601566639,-1.49722834981241,"Non-neuronal","Elovl62"
"Nacc12",0.216293348515754,7.91315443965451,3.47028299115729,0.00244070748456022,0.0110635601566639,-1.49721456338777,"Non-neuronal","Nacc12"
"Csrnp22",0.216291875881611,7.9131322820175,3.47033086425062,0.00244043820948714,0.0110635601566639,-1.49711347784587,"Non-neuronal","Csrnp22"
"B4galnt42",0.2162917062379,7.91312973019643,3.47033637503745,0.00244040721446241,0.0110635601566639,-1.49710184164996,"Non-neuronal","B4galnt42"
"Hdac72",0.216291565249914,7.91312760952882,3.47034095431824,0.00244038145892107,0.0110635601566639,-1.49709217235828,"Non-neuronal","Hdac72"
"Cd2762",0.216290190978901,7.91310694356075,3.47038556013271,0.00244013059358081,0.0110635601566639,-1.49699798584301,"Non-neuronal","Cd2762"
"Hsd17b72",0.216289812107742,7.91310124781001,3.47039784775709,0.00244006149182192,0.0110635601566639,-1.49697204016469,"Non-neuronal","Hsd17b72"
"Nxpe42",0.216289679325133,7.91309925179212,3.47040215319663,0.00244003727983114,0.0110635601566639,-1.49696294910409,"Non-neuronal","Nxpe42"
"Gm206831",0.21628872036545,7.91308483905635,3.47043323191976,0.00243986251310558,0.0110635601566639,-1.49689732549239,"Non-neuronal","Gm206831"
"Serp12",0.216288534575873,7.91308204724224,3.47043925003107,0.00243982867254635,0.0110635601566639,-1.49688461808142,"Non-neuronal","Serp12"
"Dusp17",0.216288192984825,7.91307691467852,3.47045031224775,0.00243976646958431,0.0110635601566639,-1.49686125990291,"Non-neuronal","Dusp17"
"Ing11",0.216287860713321,7.91307192269291,3.47046106938955,0.00243970598355785,0.0110635601566639,-1.49683854590163,"Non-neuronal","Ing11"
"Mrps272",0.21628744172233,7.91306562861925,3.4704746294448,0.00243962973921133,0.0110635601566639,-1.49680991347587,"Non-neuronal","Mrps272"
"Mtmr32",0.216287110184649,7.91306064887573,3.47048535556688,0.00243956943092828,0.0110635601566639,-1.49678726498068,"Non-neuronal","Mtmr32"
"Ube3b2",0.216287026820936,7.91305939682537,3.47048805209933,0.00243955426973897,0.0110635601566639,-1.4967815711804,"Non-neuronal","Ube3b2"
"Sec61a12",0.216286833529511,7.91305649388716,3.47049430363956,0.00243951912095987,0.0110635601566639,-1.49676837088699,"Non-neuronal","Sec61a12"
"Ccdc1812",0.216286752813209,7.91305528170726,3.47049691388907,0.0024395044451907,0.0110635601566639,-1.49676285927609,"Non-neuronal","Ccdc1812"
"Abhd82",0.216286525171762,7.91305186320893,3.47050427446387,0.00243946306183814,0.0110635601566639,-1.49674731722862,"Non-neuronal","Abhd82"
"Armc12",0.216286362682516,7.91304942325804,3.47050952747848,0.00243943352824151,0.0110635601566639,-1.49673622535087,"Non-neuronal","Armc12"
"Chac22",0.216285835134848,7.91304150245161,3.47052657693494,0.00243933767489366,0.0110635601566639,-1.49670022498291,"Non-neuronal","Chac22"
"Rps6kc12",0.216285664472565,7.91303894035271,3.4705320907169,0.00243930667678287,0.0110635601566639,-1.49668858249151,"Non-neuronal","Rps6kc12"
"Astn22",0.21628562901187,7.91303840801033,3.47053323627979,0.00243930023655414,0.0110635601566639,-1.49668616360634,"Non-neuronal","Astn22"
"Kpna62",0.216282377575512,7.91298962296001,3.47063811870239,0.00243871066996826,0.0110635601566639,-1.49646470185947,"Non-neuronal","Kpna62"
"Psme22",0.216281861922485,7.91298189076429,3.47065472397153,0.00243861734104646,0.0110635601566639,-1.49642963946493,"Non-neuronal","Psme22"
"Ets22",0.216281841719917,7.91298158785399,3.47065537438547,0.00243861368550534,0.0110635601566639,-1.49642826610161,"Non-neuronal","Ets22"
"Rgmb2",0.216281817704268,7.91298122777439,3.47065614754424,0.0024386093401048,0.0110635601566639,-1.49642663355993,"Non-neuronal","Rgmb2"
"Elmo22",0.216281704755445,7.91297953430899,3.47065978358998,0.00243858890446217,0.0110635601566639,-1.49641895596981,"Non-neuronal","Elmo22"
"Numbl2",0.216281579012181,7.91297764908719,3.47066383107693,0.00243856615659762,0.0110635601566639,-1.49641040961305,"Non-neuronal","Numbl2"
"Trib22",0.216279907325423,7.91295259343916,3.47071759645767,0.00243826400184086,0.0110635601566639,-1.49629688288745,"Non-neuronal","Trib22"
"Tmem38a2",0.216278892981475,7.91293739684748,3.47075018052813,0.00243808090134225,0.0110635601566639,-1.49622808098325,"Non-neuronal","Tmem38a2"
"Ube4b2",0.216278789873509,7.91293585239602,3.47075349102152,0.00243806229935935,0.0110635601566639,-1.49622109081328,"Non-neuronal","Ube4b2"
"2810001G20Rik2",0.216278715690753,7.91293474124662,3.4707558726202,0.00243804891701211,0.0110635601566639,-1.49621606202241,"Non-neuronal","2810001G20Rik2"
"Nadk1",0.216278463197576,7.91293095946848,3.47076397758282,0.00243800337527779,0.0110635601566639,-1.49619894824115,"Non-neuronal","Nadk1"
"Pdxdc12",0.216278221933647,7.91292734616945,3.47077172035839,0.00243795986945192,0.0110635601566639,-1.49618259922652,"Non-neuronal","Pdxdc12"
"Bicd22",0.216277953263062,7.9129233227472,3.47078034069315,0.00243791143361372,0.0110635601566639,-1.49616439723149,"Non-neuronal","Bicd22"
"Gsdme2",0.216277801332157,7.91292104769219,3.4707852144899,0.00243788404919933,0.0110635601566639,-1.49615410612122,"Non-neuronal","Gsdme2"
"Sirt72",0.216277678452395,7.91291920773923,3.47078915586345,0.00243786190401495,0.0110635601566639,-1.49614578383999,"Non-neuronal","Sirt72"
"Lzic2",0.216277218607622,7.9129123228579,3.47080390151209,0.00243777905518431,0.0110635601566639,-1.49611464814154,"Non-neuronal","Lzic2"
"Fhod32",0.216277021177148,7.91290936720832,3.47081023054682,0.00243774349617908,0.0110635601566639,-1.49610128427459,"Non-neuronal","Fhod32"
"Gm143252",0.216276667637482,7.91290407498708,3.47082156115041,0.00243767983766835,0.0110635601566639,-1.49607735951104,"Non-neuronal","Gm143252"
"Atp13a12",0.216276409373688,7.91290020935826,3.47082983596028,0.00243763334849776,0.0110635601566639,-1.4960598871108,"Non-neuronal","Atp13a12"
"Pdk12",0.216276356949757,7.91289942472932,3.47083151539462,0.00243762391328057,0.0110635601566639,-1.4960563409572,"Non-neuronal","Pdk12"
"Shank22",0.21627606101655,7.91289499574875,3.47084099430657,0.00243757066055171,0.0110635601566639,-1.49603632607827,"Non-neuronal","Shank22"
"Hdac62",0.21627573586478,7.91289012997042,3.47085140617432,0.00243751216777648,0.0110635601566639,-1.49601434125099,"Non-neuronal","Hdac62"
"Rragc2",0.216274433074581,7.91287063934842,3.47089309277387,0.00243727799068884,0.0110635601566639,-1.49592631935549,"Non-neuronal","Rragc2"
"Bcas32",0.216274185197761,7.91286693187879,3.47090101874414,0.00243723346855824,0.0110635601566639,-1.4959095835537,"Non-neuronal","Bcas32"
"Pdcd6ip2",0.216273867607349,7.91286218214652,3.47091117123224,0.00243717644069658,0.0110635601566639,-1.49588814642996,"Non-neuronal","Pdcd6ip2"
"Pik3cd2",0.216273831728381,7.91286164558842,3.47091231799993,0.00243716999923413,0.0110635601566639,-1.49588572501382,"Non-neuronal","Pik3cd2"
"Aqp112",0.216273800323655,7.91286117594637,3.4709133217304,0.00243716436123395,0.0110635601566639,-1.49588360562279,"Non-neuronal","Aqp112"
"Nwd22",0.21627363262719,7.91285866820993,3.4709186810158,0.00243713425809886,0.0110635601566639,-1.49587228941677,"Non-neuronal","Nwd22"
"Cog22",0.216273365245934,7.91285467006808,3.47092722436519,0.00243708627081558,0.0110635601566639,-1.49585425001703,"Non-neuronal","Cog22"
"Myo1c2",0.216272229507264,7.91283769128492,3.47096349031316,0.00243688257834971,0.0110635601566639,-1.49577767399536,"Non-neuronal","Myo1c2"
"Trabd2",0.216271060430148,7.9128202206561,3.47100078175878,0.00243667314350935,0.0110635601566639,-1.49569893266672,"Non-neuronal","Trabd2"
"Serpinb81",0.216270646577807,7.91281403765935,3.47101397340957,0.00243659906128766,0.0110635601566639,-1.49567107835095,"Non-neuronal","Serpinb81"
"Prlr2",0.216269275393256,7.91279355796537,3.47105764482665,0.00243635382533714,0.0110635601566639,-1.49557886571467,"Non-neuronal","Prlr2"
"Mfsd4a2",0.216268630196283,7.91278392461204,3.47107817513475,0.00243623854620337,0.0110635601566639,-1.49553551578479,"Non-neuronal","Mfsd4a2"
"Galntl62",0.216268254365223,7.9246899263845,3.57937186236646,0.00189723630532125,0.0110635601566639,-1.26559367937004,"Non-neuronal","Galntl62"
"Mon22",0.216267125163635,7.91276146101611,3.47112601877556,0.0024359699215982,0.0110635601566639,-1.4954344935633,"Non-neuronal","Mon22"
"Zdhhc32",0.216267082541125,7.91276082500728,3.47112737275297,0.00243596231993258,0.0110635601566639,-1.49543163463055,"Non-neuronal","Zdhhc32"
"Rbm8a2",0.216267061442998,7.9127605101865,3.47112804295155,0.00243595855723038,0.0110635601566639,-1.49543021950161,"Non-neuronal","Rbm8a2"
"Ablim22",0.216266866073928,7.9127575950418,3.4711342483941,0.00243592371822728,0.0110635601566639,-1.49541711666735,"Non-neuronal","Ablim22"
"Unc5d2",0.216265340520377,7.9127348382899,3.47118266608446,0.00243565190528494,0.0110635601566639,-1.49531488242984,"Non-neuronal","Unc5d2"
"Epb41l12",0.216264457679054,7.91272167406017,3.47121065478276,0.00243549479264021,0.0110635601566639,-1.49525578416647,"Non-neuronal","Epb41l12"
"Fam177a2",0.216264231613851,7.91271830376264,3.47121781810101,0.00243545458344554,0.0110635601566639,-1.49524065879196,"Non-neuronal","Fam177a2"
"Slc25a162",0.216263326353128,7.91270481014676,3.47124648826592,0.0024352936583874,0.0110635601566639,-1.49518012164484,"Non-neuronal","Slc25a162"
"Ldb12",0.216263193974286,7.91270283726967,3.47125067880224,0.0024352701378678,0.0110635601566639,-1.49517127331612,"Non-neuronal","Ldb12"
"Apex22",0.216263114382424,7.91270165113201,3.47125319808904,0.00243525599779623,0.0110635601566639,-1.49516595383559,"Non-neuronal","Apex22"
"Kpna42",0.216262398653581,7.91269098618153,3.47127584452931,0.00243512889311316,0.0110635601566639,-1.49511813582906,"Non-neuronal","Kpna42"
"Slc30a101",0.216261022105678,7.91267048145465,3.47131935843836,0.0024348846866653,0.0110635601566639,-1.49502625617027,"Non-neuronal","Slc30a101"
"Plxnd12",0.216259771129907,7.90878709854625,3.4403324918031,0.00261502960830609,0.0110635601566639,-1.56059605425299,"Non-neuronal","Plxnd12"
"Fgfr1op22",0.216258988454493,7.91264020545722,3.47138354393695,0.00243452451220674,0.0110635601566639,-1.49489072855839,"Non-neuronal","Fgfr1op22"
"Bsn2",0.216258604779708,7.91263449573913,3.47139563999683,0.00243445664150224,0.0110635601566639,-1.49486518775803,"Non-neuronal","Bsn2"
"Twf12",0.216257265206456,7.91261456624497,3.47143783926849,0.00243421987696828,0.0110635601566639,-1.49477608414406,"Non-neuronal","Twf12"
"Kndc12",0.216257009056633,7.91261075636517,3.47144590261912,0.00243417463906302,0.0110635601566639,-1.49475905841522,"Non-neuronal","Kndc12"
"Gm26942",0.216256926795794,7.91260953291443,3.47144849171064,0.00243416011362967,0.0110635601566639,-1.49475359156056,"Non-neuronal","Gm26942"
"Lrrc75a1",0.216256842821204,7.91260828400926,3.47145113453954,0.00243414528680447,0.0110635601566639,-1.49474801123993,"Non-neuronal","Lrrc75a1"
"Mpv172",0.216256354796631,7.91260102657785,3.47146648951857,0.00243405914390517,0.0110635601566639,-1.49471558928022,"Non-neuronal","Mpv172"
"Fam69c",0.216255857464919,7.91259363192342,3.471482130278,0.00243397140083434,0.0110635601566639,-1.49468256390599,"Non-neuronal","Fam69c"
"Srsf62",0.216255325716814,7.91258572686519,3.47149884553379,0.00243387763338828,0.0110635601566639,-1.49464726974927,"Non-neuronal","Srsf62"
"Rbm452",0.216254911386501,7.91257956830647,3.47151186417455,0.00243380460527819,0.0110635601566639,-1.49461978097928,"Non-neuronal","Rbm452"
"Rhobtb32",0.216254043391949,7.9125666692211,3.47153912135072,0.00243365171303712,0.0110635601566639,-1.49456222766162,"Non-neuronal","Rhobtb32"
"Mrpl502",0.216253770144638,7.91256260930276,3.47154769750646,0.00243360360921346,0.0110635601566639,-1.49454411918082,"Non-neuronal","Mrpl502"
"Tubgcp62",0.216252815830332,7.91254843289339,3.47157763282426,0.00243343570876803,0.0110635601566639,-1.49448091103158,"Non-neuronal","Tubgcp62"
"Pold32",0.216251611364446,7.91253054673637,3.47161537762024,0.0024332240229665,0.0110635601566639,-1.49440121329159,"Non-neuronal","Pold32"
"Mrpl392",0.216250639762489,7.9125161236757,3.47164579469322,0.0024330534467405,0.0110635601566639,-1.4943369880034,"Non-neuronal","Mrpl392"
"Sh3bp52",0.216248537657716,7.91248493430379,3.47171151062048,0.00243268495786392,0.0110635601566639,-1.49419822973262,"Non-neuronal","Sh3bp52"
"Sri2",0.216247719121982,7.9124727952751,3.47173706534511,0.00243254167970179,0.0110635601566639,-1.49414427133343,"Non-neuronal","Sri2"
"Fxyd72",0.216246989544969,7.91246197823924,3.4717598265721,0.00243241407088747,0.0110635601566639,-1.49409621138355,"Non-neuronal","Fxyd72"
"Rnf261",0.216246780208968,7.91245887500305,3.4717663545841,0.00243237747337857,0.0110635601566639,-1.49408242759945,"Non-neuronal","Rnf261"
"Kctd23",0.216246760955978,7.91245858960366,3.47176695491359,0.00243237410782317,0.0110635601566639,-1.49408116001425,"Non-neuronal","Kctd23"
"Slc35a22",0.216246582139455,7.91245593897748,3.47177253010111,0.0024323428525349,0.0110635601566639,-1.49406938810408,"Non-neuronal","Slc35a22"
"Gm382501",0.216246222296559,7.91245060543469,3.47178374659612,0.0024322799724778,0.0110635601566639,-1.49404570467659,"Non-neuronal","Gm382501"
"Ilk2",0.216246127195032,7.91244919595684,3.47178671034107,0.00243226335788874,0.0110635601566639,-1.49403944678331,"Non-neuronal","Ilk2"
"Cdk182",0.216246045176188,7.91244798040943,3.47178926616878,0.00243224903015066,0.0110635601566639,-1.49403405020013,"Non-neuronal","Cdk182"
"Cherp2",0.216245921463672,7.91244614700861,3.47179312086813,0.00243222742121318,0.0110635601566639,-1.4940259110739,"Non-neuronal","Cherp2"
"Eif3g2",0.216245754511308,7.91244367291655,3.47179832216163,0.00243219826374548,0.0110635601566639,-1.4940149286401,"Non-neuronal","Eif3g2"
"Sec16b1",0.2162444886467,7.9124249182426,3.47183773336637,0.0024319773431606,0.0110635601566639,-1.49393171265695,"Non-neuronal","Sec16b1"
"Pdp12",0.2162422199275,7.91239132485357,3.47190825240979,0.00243158209600642,0.0110635601566639,-1.49378281325196,"Non-neuronal","Pdp12"
"Hcfc1r12",0.216241543383527,7.91238131191702,3.47192925303469,0.00243146440331675,0.0110635601566639,-1.49373847093761,"Non-neuronal","Hcfc1r12"
"Gmip2",0.21623961420075,7.91235277183977,3.47198906495375,0.00243112923326129,0.0110635601566639,-1.49361217961636,"Non-neuronal","Gmip2"
"Opa32",0.216239435764129,7.91235013297466,3.47199459178202,0.00243109826468296,0.0110635601566639,-1.49360050986937,"Non-neuronal","Opa32"
"Extl12",0.21623834015184,7.91233393352325,3.47202850691117,0.00243090823591617,0.0110635601566639,-1.49352889903045,"Non-neuronal","Extl12"
"Foxj22",0.216237579612761,7.9123226917679,3.47205202953984,0.00243077644561751,0.0110635601566639,-1.49347923169394,"Non-neuronal","Foxj22"
"Smim72",0.216237554734507,7.91232232408186,3.47205279871744,0.0024307721362627,0.0110635601566639,-1.49347760759855,"Non-neuronal","Smim72"
"Nfix2",0.216236230372595,7.9123027550723,3.47209371938223,0.00243054288708996,0.0110635601566639,-1.4933912048839,"Non-neuronal","Nfix2"
"Cpne92",0.21623356720006,7.91226342900734,3.47217585558209,0.00243008280100035,0.0110635601566639,-1.49321777708001,"Non-neuronal","Cpne92"
"Map3k52",0.216231411319186,7.91223161880665,3.47224219799475,0.00242971124640339,0.0110635601566639,-1.4930776975558,"Non-neuronal","Map3k52"
"Slc15a22",0.216229469581306,7.91220298734053,3.47230183727884,0.00242937728078553,0.0110635601566639,-1.49295177161813,"Non-neuronal","Slc15a22"
"Actn42",0.216229331109733,7.92396703466848,3.58036746554176,0.00189287215770417,0.0110635601566639,-1.26348046444705,"Non-neuronal","Actn42"
"Selenon2",0.216229251362995,7.91219977077788,3.47230853300867,0.00242933978913233,0.0110635601566639,-1.49293763386606,"Non-neuronal","Selenon2"
"Rdh142",0.216228703090065,7.91219169017725,3.47232535003109,0.00242924562745355,0.0110635601566639,-1.49290212543992,"Non-neuronal","Rdh142"
"Ap1b12",0.216228285894908,7.91218554240039,3.47233814080971,0.00242917401187722,0.0110635601566639,-1.49287511826531,"Non-neuronal","Ap1b12"
"Wdr202",0.216224413064367,7.91212851215745,3.47245664157433,0.00242851062480116,0.0110635601566639,-1.49262490942646,"Non-neuronal","Wdr202"
"Tex22",0.216223430843191,7.91211405962004,3.47248662778596,0.00242834278524224,0.0110635601566639,-1.49256159505177,"Non-neuronal","Tex22"
"Emd2",0.216222962349318,7.91210716775807,3.47250092077545,0.00242826278818785,0.0110635601566639,-1.49253141614105,"Non-neuronal","Emd2"
"Plxnc12",0.216219769123838,7.91206022112447,3.47259817498962,0.00242771853069341,0.0110635601566639,-1.49232606916235,"Non-neuronal","Plxnc12"
"Slitrk22",0.216209419415224,7.91190839379312,3.4729114049652,0.00242596643766794,0.0110635601566639,-1.49166470459697,"Non-neuronal","Slitrk22"
"Slc16a15",0.216209195233783,7.91190511074491,3.47291815622425,0.00242592868731436,0.0110635601566639,-1.49165044981645,"Non-neuronal","Slc16a15"
"Spata23",0.216206787023931,7.91186985850109,3.47299059039619,0.00242552370062125,0.0110635601566639,-1.49149751062475,"Non-neuronal","Spata23"
"Fdx12",0.216203084318548,7.91181571057945,3.47310164146406,0.00242490293218038,0.0110635601566639,-1.49126303542193,"Non-neuronal","Fdx12"
"Ubqln22",0.216201028187649,7.91178566999406,3.47316314195691,0.00242455921558107,0.0110635601566639,-1.49113318250424,"Non-neuronal","Ubqln22"
"Rnf52",0.216200002372134,7.91177069005019,3.47319378043396,0.00242438799983354,0.0110635601566639,-1.49106849212277,"Non-neuronal","Rnf52"
"Ipo132",0.216195475492267,7.91170464358794,3.47332863351212,0.00242363454730536,0.0110635601566639,-1.49078376270201,"Non-neuronal","Ipo132"
"Mro2",0.216194326210576,7.91168789114873,3.47336277835621,0.00242344380943379,0.0110635601566639,-1.49071166930044,"Non-neuronal","Mro2"
"Rassf32",0.216187984807757,7.91159556800723,3.47355051399135,0.00242239535577092,0.0110635601566639,-1.49031528575566,"Non-neuronal","Rassf32"
"Sf3b42",0.216186875206105,7.91157943301592,3.47358324774419,0.00242221259215624,0.0110635601566639,-1.49024617220625,"Non-neuronal","Sf3b42"
"Ppp2cb2",0.216183748048654,7.91153399139752,3.47367531513597,0.00242169862151133,0.0110635601566639,-1.49005178290131,"Non-neuronal","Ppp2cb2"
"Degs12",0.216183269557265,7.91152704235614,3.4736893784188,0.00242162012200688,0.0110635601566639,-1.49002209000999,"Non-neuronal","Degs12"
"Atn11",0.216167832021259,7.91130342178837,3.47413967868274,0.00241910792485541,0.0110635601566639,-1.48907134389557,"Non-neuronal","Atn11"
"Hsdl12",0.21616773404737,7.91130200614687,3.47414251534733,0.00241909210741138,0.0110635601566639,-1.48906535472215,"Non-neuronal","Hsdl12"
"Prodh1",0.216158233789913,7.9111649478883,3.47441631612687,0.00241756585362297,0.0110635601566639,-1.48848727018246,"Non-neuronal","Prodh1"
"Lsm62",0.216146010014704,7.91098921535894,3.47476494366142,0.00241562386270025,0.0110635601566639,-1.48775121035364,"Non-neuronal","Lsm62"
"Kyat12",0.216138741209557,7.913646202537,3.49736595204391,0.00229295019094828,0.0110635601566639,-1.43985071683116,"Non-neuronal","Kyat12"
"Bmp7",0.216138741209557,7.913646202537,3.49736595204391,0.00229295019094828,0.0110635601566639,-1.43985071683116,"Non-neuronal","Bmp7"
"Dcaf12l2",0.216138741209557,7.913646202537,3.49736595204391,0.00229295019094828,0.0110635601566639,-1.43985071683116,"Non-neuronal","Dcaf12l2"
"Dmrtb1",0.216138741209557,7.913646202537,3.49736595204391,0.00229295019094828,0.0110635601566639,-1.43985071683116,"Non-neuronal","Dmrtb1"
"Cd38",0.216138741209557,7.913646202537,3.49736595204391,0.00229295019094828,0.0110635601566639,-1.43985071683116,"Non-neuronal","Cd38"
"Gm32005",0.216138741209557,7.913646202537,3.49736595204391,0.00229295019094828,0.0110635601566639,-1.43985071683116,"Non-neuronal","Gm32005"
"Il17rd",0.216138741209557,7.913646202537,3.49736595204391,0.00229295019094828,0.0110635601566639,-1.43985071683116,"Non-neuronal","Il17rd"
"Gm46751",0.216138741209557,7.913646202537,3.49736595204391,0.00229295019094828,0.0110635601566639,-1.43985071683116,"Non-neuronal","Gm46751"
"Gdf9",0.216138741209557,7.913646202537,3.49736595204391,0.00229295019094828,0.0110635601566639,-1.43985071683116,"Non-neuronal","Gdf9"
"Ntn1",0.216138741209557,7.913646202537,3.49736595204391,0.00229295019094828,0.0110635601566639,-1.43985071683116,"Non-neuronal","Ntn1"
"Npff1",0.216138741209557,7.913646202537,3.49736595204391,0.00229295019094828,0.0110635601566639,-1.43985071683116,"Non-neuronal","Npff1"
"Cacng42",0.21613317115151,7.91356056421071,3.49752227369474,0.00229212344077341,0.0110635601566639,-1.43952026127158,"Non-neuronal","Cacng42"
"Orai12",0.216132598763821,7.91355177282523,3.49753828644645,0.00229203876949543,0.0110635601566639,-1.43948641132383,"Non-neuronal","Orai12"
"Tmem255b",0.216130615311121,7.91352132156446,3.49759370065874,0.00229174577728575,0.0110635601566639,-1.43936926938748,"Non-neuronal","Tmem255b"
"Itga91",0.216129988245892,7.91351169860599,3.4976111960164,0.00229165328153832,0.0110635601566639,-1.43933228544203,"Non-neuronal","Itga91"
"Gpr171",0.216129278611795,7.91350081095109,3.49763098131974,0.00229154868356668,0.0110635601566639,-1.4392904607544,"Non-neuronal","Gpr171"
"Olig2",0.216127888579477,7.91347949160149,3.49766969448968,0.00229134403419052,0.0110635601566639,-1.43920862406322,"Non-neuronal","Olig2"
"Fbn22",0.216127022802175,7.91346621786395,3.49769377856673,0.00229121672764913,0.0110635601566639,-1.43915771224381,"Non-neuronal","Fbn22"
"Cspg4",0.21612692780226,7.91346476159616,3.49769641993951,0.00229120276598373,0.0110635601566639,-1.43915212859621,"Non-neuronal","Cspg4"
"Rnf1802",0.216125913152456,7.91344921073282,3.49772461490561,0.00229105373934988,0.0110635601566639,-1.43909252677585,"Non-neuronal","Rnf1802"
"Nfatc22",0.216125722683974,7.9134462921306,3.49772990429759,0.00229102578293038,0.0110635601566639,-1.43908134544977,"Non-neuronal","Nfatc22"
"Angptl11",0.21612530267801,7.91343985691088,3.49774156433202,0.00229096415646377,0.0110635601566639,-1.43905669713694,"Non-neuronal","Angptl11"
"9630001P10Rik1",0.216125220657026,7.9134386003114,3.49774384076947,0.0022909521250606,0.0110635601566639,-1.43905188494521,"Non-neuronal","9630001P10Rik1"
"Dynlt1c2",0.21612360947547,7.91341392317412,3.49778851855791,0.0022907160070783,0.0110635601566639,-1.43895744008613,"Non-neuronal","Dynlt1c2"
"Vash12",0.216122185417413,7.91339212299655,3.49782794493127,0.00229050766224477,0.0110635601566639,-1.43887409643913,"Non-neuronal","Vash12"
"Itpr21",0.216121995606609,7.91338921805503,3.49783319559223,0.00229047991704597,0.0110635601566639,-1.43886299704891,"Non-neuronal","Itpr21"
"Wipf11",0.216120762349305,7.91337034822569,3.49786728533887,0.00229029979028883,0.0110635601566639,-1.4387909346938,"Non-neuronal","Wipf11"
"Lhfpl22",0.216119287547345,7.91334779266861,3.49790799418836,0.00229008470714039,0.0110635601566639,-1.43870488038595,"Non-neuronal","Lhfpl22"
"Abca61",0.216119072952822,7.91334451158574,3.49791391239125,0.00229005344027069,0.0110635601566639,-1.4386923699317,"Non-neuronal","Abca61"
"Slc25a422",0.216117742441569,7.91332417368165,3.49795057627757,0.00228985974810969,0.0110635601566639,-1.43861486644975,"Non-neuronal","Slc25a422"
"Mdk1",0.21611361725553,7.91326117381954,3.49806392639139,0.00228926103123106,0.0110635601566639,-1.43837525760079,"Non-neuronal","Mdk1"
"Maml22",0.216113546685114,7.91326009681486,3.49806586122982,0.00228925081272584,0.0110635601566639,-1.43837116759256,"Non-neuronal","Maml22"
"S1pr2",0.216113098163947,7.91325325233313,3.49807815504051,0.00228918588619961,0.0110635601566639,-1.43834518001364,"Non-neuronal","S1pr2"
"Nkx2-2",0.216112574976727,7.91324526972121,3.498092488104,0.00228911019218584,0.0110635601566639,-1.43831488173228,"Non-neuronal","Nkx2-2"
"Gm16503",0.2161122526095,7.91324035183927,3.49810131564686,0.00228906357447764,0.0110635601566639,-1.43829622143679,"Non-neuronal","Gm16503"
"Galnt32",0.216111781255152,7.91323316202326,3.49811421759539,0.00228899544176673,0.0110635601566639,-1.43826894838634,"Non-neuronal","Galnt32"
"Rhoc1",0.216109029498754,7.91319121038057,3.49818941133579,0.00228859839780788,0.0110635601566639,-1.43810999894924,"Non-neuronal","Rhoc1"
"Pag12",0.216108704012004,7.91318625072541,3.49819829110041,0.0022885515146474,0.0110635601566639,-1.43809122836897,"Non-neuronal","Pag12"
"Hip12",0.216108378207569,7.91318128676355,3.49820717648361,0.00228850460276882,0.0110635601566639,-1.43807244592159,"Non-neuronal","Hip12"
"Prdm52",0.216106778809605,7.91315692605805,3.49825075126122,0.00228827455609361,0.0110635601566639,-1.43798033512698,"Non-neuronal","Prdm52"
"Cracr2a2",0.216105993072878,7.9131449630813,3.49827213135096,0.00228816169136018,0.0110635601566639,-1.43793514078778,"Non-neuronal","Cracr2a2"
"Apbb1ip1",0.216102307013306,7.91308888362354,3.49837219351731,0.00228763353960704,0.0110635601566639,-1.4377236249726,"Non-neuronal","Apbb1ip1"
"Emid1",0.216102079212059,7.9130854201107,3.49837836465521,0.00228760097081397,0.0110635601566639,-1.43771058019113,"Non-neuronal","Emid1"
"Pskh12",0.216101478357748,7.91035484091844,3.47600044311421,0.00240875400206915,0.0110635601566639,-1.48514278291588,"Non-neuronal","Pskh12"
"P2rx72",0.21610045473643,7.9130607289753,3.49842232862146,0.00228736895983004,0.0110635601566639,-1.43761764766092,"Non-neuronal","P2rx72"
"Mpzl12",0.216100130841768,7.91305580753843,3.49843108530392,0.00228732275096817,0.0110635601566639,-1.43759913751683,"Non-neuronal","Mpzl12"
"Pawr1",0.216100011512379,7.91305399451357,3.4984343106871,0.00228730573090864,0.0110635601566639,-1.43759231960541,"Non-neuronal","Pawr1"
"Ptprq1",0.216098145667455,7.91302565518627,3.49848469006951,0.0022870398995857,0.0110635601566639,-1.43748582633537,"Non-neuronal","Ptprq1"
"E130308A19Rik2",0.216098000016257,7.91302344370234,3.49848861858371,0.00228701917170751,0.0110635601566639,-1.43747752215213,"Non-neuronal","E130308A19Rik2"
"Spsb41",0.21609684865114,7.9130059657795,3.49851965193655,0.00228685543804703,0.0110635601566639,-1.43741192321162,"Non-neuronal","Spsb41"
"S100a162",0.216096579667067,7.91300188351195,3.4985268965457,0.00228681721675642,0.0110635601566639,-1.43739660942578,"Non-neuronal","S100a162"
"Ppp1r14c2",0.216093680365181,7.91295790493146,3.49860485289603,0.00228640597249346,0.0110635601566639,-1.43723182432236,"Non-neuronal","Ppp1r14c2"
"B230354K17Rik2",0.216092901522402,7.91294609808619,3.49862575350556,0.00228629572758695,0.0110635601566639,-1.43718764449157,"Non-neuronal","B230354K17Rik2"
"Zfp9742",0.216092606427863,7.91294162540179,3.49863366798367,0.00228625398228102,0.0110635601566639,-1.4371709148367,"Non-neuronal","Zfp9742"
"Zdhhc121",0.216092064378227,7.9129334108072,3.49864819936099,0.00228617733776755,0.0110635601566639,-1.43714019837629,"Non-neuronal","Zdhhc121"
"Cntrl2",0.216091283838606,7.91292158455255,3.49866910950526,0.00228606705343071,0.0110635601566639,-1.43709599851293,"Non-neuronal","Cntrl2"
"Plekha82",0.216091084496473,7.91291856473194,3.49867444696554,0.00228603890342334,0.0110635601566639,-1.43708471619878,"Non-neuronal","Plekha82"
"Fbxl62",0.216090836203027,7.91291480362918,3.49868109353092,0.00228600384961354,0.0110635601566639,-1.43707066670597,"Non-neuronal","Fbxl62"
"Acvr2b2",0.216090232183846,7.91290565534609,3.49869725517928,0.00228591861571646,0.0110635601566639,-1.43703650428022,"Non-neuronal","Acvr2b2"
"Ikbip2",0.216089634190101,7.9128966001187,3.49871324536432,0.00228583428916906,0.0110635601566639,-1.43700270432796,"Non-neuronal","Ikbip2"
"Sncaip2",0.216089326885936,7.91289194740563,3.49872145862799,0.00228579097652921,0.0110635601566639,-1.4369853431966,"Non-neuronal","Sncaip2"
"Zcchc241",0.216088351201198,7.91287717825927,3.49874751775308,0.0022856535591027,0.0110635601566639,-1.43693025968662,"Non-neuronal","Zcchc241"
"Car81",0.216088311471097,7.9128765769571,3.49874857831204,0.00228564796663584,0.0110635601566639,-1.43692801789,"Non-neuronal","Car81"
"Sapcd21",0.216088299042587,7.91287638885727,3.49874891007057,0.00228564621723229,0.0110635601566639,-1.4369273166229,"Non-neuronal","Sapcd21"
"Sde22",0.216087498369358,7.91286427265791,3.49877027345357,0.00228553356825924,0.0110635601566639,-1.43688215899787,"Non-neuronal","Sde22"
"Gm122161",0.216085751579015,7.91283785043569,3.49881681760157,0.00228528816021612,0.0110635601566639,-1.43678377483693,"Non-neuronal","Gm122161"
"Arvcf2",0.216085461903997,7.9128334702385,3.49882452775406,0.00228524751027624,0.0110635601566639,-1.436767477288,"Non-neuronal","Arvcf2"
"Klhl10",0.216085312621297,7.91283121308731,3.49882850021427,0.00228522656670527,0.0110635601566639,-1.43675908039314,"Non-neuronal","Klhl10"
"E230001N04Rik2",0.216085146131209,7.91282869589181,3.49883292982144,0.00228520321319088,0.0110635601566639,-1.43674971719417,"Non-neuronal","E230001N04Rik2"
"Nsun72",0.216084807176052,7.9128235715915,3.49884194556889,0.00228515568162349,0.0110635601566639,-1.43673065992874,"Non-neuronal","Nsun72"
"Cand22",0.216084459587336,7.91281831736471,3.49885118756556,0.00228510695826707,0.0110635601566639,-1.43671112443507,"Non-neuronal","Cand22"
"Mlst82",0.216084181037171,7.9128141071747,3.49885859142515,0.00228506792621796,0.0110635601566639,-1.43669547435671,"Non-neuronal","Mlst82"
"Tex92",0.216083432785075,7.9128027995169,3.49887846903873,0.00228496313763635,0.0110635601566639,-1.43665345763227,"Non-neuronal","Tex92"
"Eps82",0.216082871482412,7.9127943188893,3.49889336982416,0.00228488458844455,0.0110635601566639,-1.4366219608197,"Non-neuronal","Eps82"
"Pogz2",0.216081541269378,7.91277422719404,3.49892864698395,0.00228469863620377,0.0110635601566639,-1.43654739319189,"Non-neuronal","Pogz2"
"Dll32",0.216081274993727,7.91277020639414,3.4989357025613,0.00228466144677775,0.0110635601566639,-1.43653247938023,"Non-neuronal","Dll32"
"Zfp6191",0.216080125402918,7.91275285146387,3.49896614048148,0.00228450101758648,0.0110635601566639,-1.43646814094106,"Non-neuronal","Zfp6191"
"Abhd17b2",0.216079792743369,7.91274783065823,3.49897494137253,0.00228445463278458,0.0110635601566639,-1.43644953799981,"Non-neuronal","Abhd17b2"
"Elovl72",0.216079525332049,7.91274379503872,3.49898201377058,0.0022844173586194,0.0110635601566639,-1.43643458868006,"Non-neuronal","Elovl72"
"Cnksr31",0.216079503336821,7.9127434631151,3.49898259540217,0.00228441429323152,0.0110635601566639,-1.43643335925346,"Non-neuronal","Cnksr31"
"Rftn2",0.216077950429633,7.91272003472756,3.49902362508446,0.00228419806366474,0.0110635601566639,-1.43634663268557,"Non-neuronal","Rftn2"
"Numa12",0.216076491120472,7.91269802936789,3.49906211950207,0.00228399521346351,0.0110635601566639,-1.43626526526007,"Non-neuronal","Numa12"
"Slc22a152",0.216075617544801,7.91268486152578,3.49908513427257,0.00228387394329216,0.0110635601566639,-1.4362166179817,"Non-neuronal","Slc22a152"
"Lyar2",0.216075079219005,7.91267674896117,3.49909930596452,0.00228379927251024,0.0110635601566639,-1.43618666272521,"Non-neuronal","Lyar2"
"Tmem255a2",0.216072229422223,7.91263382653411,3.4991741916658,0.00228340473894309,0.0110635601566639,-1.43602837439802,"Non-neuronal","Tmem255a2"
"Ttc282",0.216069951632977,7.91259954843047,3.49923388130616,0.0022830903135416,0.0110635601566639,-1.43590220707471,"Non-neuronal","Ttc282"
"Mgst11",0.216069686510732,7.90990747991482,3.4768497213049,0.00240404283683668,0.0110635601566639,-1.48334985619999,"Non-neuronal","Mgst11"
"St3gal62",0.216069077465741,7.91258640005446,3.49925675001085,0.00228296986002162,0.0110635601566639,-1.435853869126,"Non-neuronal","St3gal62"
"Ifi272",0.216066577216321,7.91254881463596,3.49932203888218,0.00228262600640567,0.0110635601566639,-1.43571586742663,"Non-neuronal","Ifi272"
"Zscan212",0.216065263679631,7.91252908108316,3.49935626855001,0.00228244575111558,0.0110635601566639,-1.43564351611773,"Non-neuronal","Zscan212"
"Mipol12",0.21606427911891,7.9125142954098,3.49938189349627,0.00228231081793217,0.0110635601566639,-1.43558935274231,"Non-neuronal","Mipol12"
"Afap12",0.216062004873172,7.91248016018291,3.49944098042886,0.0022819997140338,0.0110635601566639,-1.43546446125167,"Non-neuronal","Afap12"
"9530027J09Rik",0.216061805824559,7.9124771737857,3.49944614496054,0.0022819725237805,0.0110635601566639,-1.43545354505586,"Non-neuronal","9530027J09Rik"
"Gna132",0.216057276924553,7.90973247185472,3.47718240857,0.00240219980756088,0.0110635601566639,-1.48264748707833,"Non-neuronal","Gna132"
"Trafd12",0.216053617415832,7.91235448976443,3.49965763700347,0.00228085933338914,0.0110635601566639,-1.43500652103541,"Non-neuronal","Trafd12"
"Isy12",0.216051679103688,7.91232549712552,3.49970742476632,0.002280597352801,0.0110635601566639,-1.43490128727397,"Non-neuronal","Isy12"
"Fbxo72",0.216051419053813,7.91232160879244,3.49971409643619,0.00228056224907695,0.0110635601566639,-1.4348871857492,"Non-neuronal","Fbxo72"
"Hspa142",0.216051191018761,7.91231819942724,3.49971994519622,0.00228053147562117,0.0110635601566639,-1.43487482356766,"Non-neuronal","Hspa142"
"Safb22",0.216045695839062,7.91223611804553,3.4998604483748,0.00227979233612693,0.0110635601566639,-1.43457785194401,"Non-neuronal","Safb22"
"Cmbl1",0.216044675681531,7.91222089631048,3.49988643931507,0.00227965563247983,0.0110635601566639,-1.43452291709832,"Non-neuronal","Cmbl1"
"Slc46a11",0.216043851288151,7.91220859929932,3.49990742146814,0.00227954527926629,0.0110635601566639,-1.4344785689854,"Non-neuronal","Slc46a11"
"Ap3s22",0.216043580153253,7.91220455566219,3.49991431814664,0.00227950900813016,0.0110635601566639,-1.43446399210522,"Non-neuronal","Ap3s22"
"Lrrc8a1",0.216042044267126,7.91218165665617,3.49995334674391,0.00227930375893567,0.0110635601566639,-1.43438150107382,"Non-neuronal","Lrrc8a1"
"Slc7a62",0.216040033928177,7.91215170137057,3.50000433231925,0.0022790356560858,0.0110635601566639,-1.43427373811313,"Non-neuronal","Slc7a62"
"Trp53inp22",0.216039435146689,7.91214278298827,3.50001949665457,0.00227895592184807,0.0110635601566639,-1.4342416869064,"Non-neuronal","Trp53inp22"
"Fen11",0.216038824175424,7.9121336848599,3.50003495940561,0.00227887462136626,0.0110635601566639,-1.43420900501231,"Non-neuronal","Fen11"
"Dusp232",0.216038424142776,7.912127728863,3.50004507799007,0.00227882142113808,0.0110635601566639,-1.43418761851042,"Non-neuronal","Dusp232"
"Hccs2",0.216038255007505,7.91212521088133,3.50004935482489,0.00227879893529846,0.0110635601566639,-1.43417857905618,"Non-neuronal","Hccs2"
"6430548M08Rik2",0.216037818879341,7.91211871872084,3.50006037929349,0.00227874097418146,0.0110635601566639,-1.43415527791878,"Non-neuronal","6430548M08Rik2"
"Ints92",0.21603603325078,7.91209214774481,3.50010546129467,0.00227850397077688,0.0110635601566639,-1.43405999355848,"Non-neuronal","Ints92"
"Cox202",0.216033653923863,7.90939787533808,3.47782515027179,0.00239864306825214,0.0110635601566639,-1.48129046564939,"Non-neuronal","Cox202"
"Cdh62",0.216032687409802,7.91204240209545,3.50018969547976,0.00227806120303489,0.0110635601566639,-1.43388195894569,"Non-neuronal","Cdh62"
"Lbh2",0.21603266933489,7.91204213350804,3.50019014968516,0.00227805881578378,0.0110635601566639,-1.43388099895551,"Non-neuronal","Lbh2"
"Mcam1",0.216032247866173,7.91203587106996,3.50020073822372,0.00227800316434698,0.0110635601566639,-1.4338586194587,"Non-neuronal","Mcam1"
"Pias42",0.216027940007613,7.91197191204929,3.50030868167784,0.0022774359095379,0.0110635601566639,-1.43363047580885,"Non-neuronal","Pias42"
"Foxn21",0.216026896413838,7.9119564313826,3.50033475393714,0.00227729891778702,0.0110635601566639,-1.43357537116409,"Non-neuronal","Foxn21"
"Ramp22",0.216026871953943,7.91195606860829,3.50033536466054,0.00227729570895382,0.0110635601566639,-1.43357408038005,"Non-neuronal","Ramp22"
"Tex2612",0.216023713521681,7.91190924916414,3.50041408636108,0.00227688213049745,0.0110635601566639,-1.43340770005219,"Non-neuronal","Tex2612"
"Igbp12",0.216023648562842,7.91190828674824,3.50041570251731,0.00227687364050819,0.0110635601566639,-1.43340428427684,"Non-neuronal","Igbp12"
"Msantd11",0.216022446536638,7.91189048149996,3.50044558750858,0.00227671665433945,0.0110635601566639,-1.43334112189775,"Non-neuronal","Msantd11"
"C030018K13Rik1",0.216022284395098,7.90925823279788,3.47803609087219,0.00239747691632052,0.0110635601566639,-1.48084577227386,"Non-neuronal","C030018K13Rik1"
"Gm5083",0.216022284395098,7.90925823279788,3.47803609087219,0.00239747691632052,0.0110635601566639,-1.48084577227386,"Non-neuronal","Gm5083"
"Gm98851",0.216021981988527,7.91188360217489,3.50045712648539,0.00227665604282732,0.0110635601566639,-1.43331673414178,"Non-neuronal","Gm98851"
"Irgm12",0.216018610857445,7.91183371177115,3.50054068388694,0.0022762171830055,0.0110635601566639,-1.43314013540262,"Non-neuronal","Irgm12"
"Tram12",0.216018524391189,7.91183243285741,3.50054282292667,0.00227620594944412,0.0110635601566639,-1.4331356145554,"Non-neuronal","Tram12"
"Topors2",0.216017498556346,7.91181726261024,3.5005681847316,0.00227607276141257,0.0110635601566639,-1.43308201260522,"Non-neuronal","Topors2"
"Rprm2",0.216017169488138,7.91181239736821,3.50057631416465,0.00227603007115493,0.0110635601566639,-1.43306483114687,"Non-neuronal","Rprm2"
"Tvp23b2",0.216016856389215,7.91180776871895,3.5005840463137,0.00227598946789462,0.0110635601566639,-1.43304848935539,"Non-neuronal","Tvp23b2"
"Perp",0.216016186948051,7.91024664257672,3.48740338922639,0.00234625006284004,0.0110635601566639,-1.46099626386892,"Non-neuronal","Perp"
"Mfsd4b5",0.216016186948051,7.91024664257672,3.48740338922639,0.00234625006284004,0.0110635601566639,-1.46099626386892,"Non-neuronal","Mfsd4b5"
"Asgr1",0.216016186948051,7.91024664257672,3.48740338922639,0.00234625006284004,0.0110635601566639,-1.46099626386892,"Non-neuronal","Asgr1"
"Gm20751",0.216016186948051,7.91024664257672,3.48740338922639,0.00234625006284004,0.0110635601566639,-1.46099626386892,"Non-neuronal","Gm20751"
"1700109K24Rik",0.216016186948051,7.91024664257672,3.48740338922639,0.00234625006284004,0.0110635601566639,-1.46099626386892,"Non-neuronal","1700109K24Rik"
"Ly6g6e1",0.216016186948051,7.91024664257672,3.48740338922639,0.00234625006284004,0.0110635601566639,-1.46099626386892,"Non-neuronal","Ly6g6e1"
"Sgms12",0.216016053399689,7.91179590002478,3.50060386422415,0.00227588540282988,0.0110635601566639,-1.43300660452532,"Non-neuronal","Sgms12"
"Kat6a2",0.21601535251511,7.91178554306576,3.50062114764166,0.00227579465036874,0.0110635601566639,-1.43297007636739,"Non-neuronal","Kat6a2"
"Sox21",0.216015060159138,7.90916983175155,3.47816830008027,0.00239674630296969,0.0110635601566639,-1.48056707108306,"Non-neuronal","Sox21"
"Zfp6542",0.216012521738332,7.91174373698882,3.50069081530524,0.00227542887274587,0.0110635601566639,-1.43282283574726,"Non-neuronal","Zfp6542"
"Ryk2",0.216012200687485,7.91173899803208,3.50069870269305,0.00227538746507393,0.0110635601566639,-1.43280616603864,"Non-neuronal","Ryk2"
"Ccpg1os2",0.216011943668089,7.91173520458895,3.50070501494972,0.00227535432715258,0.0110635601566639,-1.43279282532158,"Non-neuronal","Ccpg1os2"
"Hsdl22",0.216011716301122,7.91173184906381,3.50071059744395,0.00227532502071519,0.0110635601566639,-1.4327810269366,"Non-neuronal","Hsdl22"
"Rel2",0.21600904201236,7.91169240020326,3.50077615200961,0.00227498090652056,0.0110635601566639,-1.43264248037249,"Non-neuronal","Rel2"
"Rsl11",0.216006043638404,7.9116482118947,3.50084941718872,0.00227459637781884,0.0110635601566639,-1.43248763880892,"Non-neuronal","Rsl11"
"Gm27621",0.216002181442136,7.91004816617089,3.48774765138943,0.00234438807063163,0.0110635601566639,-1.46026921848976,"Non-neuronal","Gm27621"
"Tbrg42",0.216001709045644,7.91158440802617,3.50095489685135,0.00227404288539501,0.0110635601566639,-1.43226471580095,"Non-neuronal","Tbrg42"
"Rpp382",0.216000812243096,7.91157121870217,3.50097665572125,0.0022739287247275,0.0110635601566639,-1.43221873042092,"Non-neuronal","Rpp382"
"Zdhhc182",0.21600003979731,7.91155986141201,3.50099537970989,0.00227383049146736,0.0110635601566639,-1.43217915906416,"Non-neuronal","Zdhhc182"
"Gm328342",0.215999392927022,7.91000875691995,3.48781557386151,0.00234402087387374,0.0110635601566639,-1.46012577607752,"Non-neuronal","Gm328342"
"Gpatch42",0.215999200926161,7.91154753072964,3.5010156953472,0.00227372391253242,0.0110635601566639,-1.4321362239939,"Non-neuronal","Gpatch42"
"Ppip5k22",0.21599757422879,7.91152362935463,3.50105503557773,0.00227351754166513,0.0110635601566639,-1.43205308259449,"Non-neuronal","Ppip5k22"
"Dbnl2",0.215997541489603,7.91152314844255,3.50105582660311,0.0022735133922957,0.0110635601566639,-1.43205141084974,"Non-neuronal","Dbnl2"
"Htr42",0.215996517893159,7.90996816226459,3.48788538860354,0.00234364350629239,0.0110635601566639,-1.45997833841573,"Non-neuronal","Htr42"
"6530403H02Rik1",0.215995806496607,7.90995812339456,3.48790262983943,0.00234355032195397,0.0110635601566639,-1.45994192780991,"Non-neuronal","6530403H02Rik1"
"Nectin12",0.21599457393273,7.91147957889108,3.5011274053855,0.00227313795251846,0.0110635601566639,-1.43190013755399,"Non-neuronal","Nectin12"
"Ulk12",0.215992910781576,7.911455179119,3.50116741619399,0.00227292811736764,0.0110635601566639,-1.43181557992073,"Non-neuronal","Ulk12"
"Calb12",0.215992428531139,7.90889453409418,3.47857337828185,0.00239450912732137,0.0110635601566639,-1.47971323001818,"Non-neuronal","Calb12"
"Mccc22",0.215991800692854,7.90990163876035,3.48799946437698,0.00234302702455388,0.0110635601566639,-1.45973743058148,"Non-neuronal","Mccc22"
"Chst22",0.215990729897732,7.9114232039606,3.50121976789485,0.00227265358969072,0.0110635601566639,-1.43170494194501,"Non-neuronal","Chst22"
"Mrpl152",0.215990534061675,7.91142033381792,3.50122446255867,0.00227262897288558,0.0110635601566639,-1.43169502046095,"Non-neuronal","Mrpl152"
"Eif3j12",0.215989331879165,7.91140271885827,3.50125325888854,0.00227247798301815,0.0110635601566639,-1.43163416374357,"Non-neuronal","Eif3j12"
"Poldip32",0.21598907981189,7.91139902632746,3.50125929175926,0.00227244635168496,0.0110635601566639,-1.43162141420076,"Non-neuronal","Poldip32"
"St3gal12",0.215988918889317,7.90986104870124,3.48806886640536,0.00234265204420994,0.0110635601566639,-1.45959086708494,"Non-neuronal","St3gal12"
"Zfp7462",0.215988517660636,7.90985540042444,3.4880785118031,0.00234259993463748,0.0110635601566639,-1.45957049797194,"Non-neuronal","Zfp7462"
"Kcnh52",0.21598830520808,7.91138768107548,3.50127781996977,0.00227234920794161,0.0110635601566639,-1.43158225773283,"Non-neuronal","Kcnh52"
"Nras2",0.215988047738282,7.91138391067657,3.50128397492696,0.00227231693829458,0.0110635601566639,-1.43156925021269,"Non-neuronal","Nras2"
"Creld22",0.215988039103225,7.91138378422988,3.50128418132167,0.00227231585620158,0.0110635601566639,-1.43156881403055,"Non-neuronal","Creld22"
"Fam228a2",0.215987769973872,7.90984484795362,3.48809663145174,0.00234250204573652,0.0110635601566639,-1.45953223202482,"Non-neuronal","Fam228a2"
"Tyw31",0.215987708781036,7.90984398422965,3.48809811480885,0.00234249403228279,0.0110635601566639,-1.45952909939613,"Non-neuronal","Tyw31"
"Armcx32",0.215987406222115,7.91137451767092,3.50129930287667,0.00227223657779192,0.0110635601566639,-1.43153685707285,"Non-neuronal","Armcx32"
"Tmem692",0.215986969029769,7.90983354415916,3.4881160390524,0.00234239720331894,0.0110635601566639,-1.45949124610573,"Non-neuronal","Tmem692"
"Ncan2",0.215986598866627,7.91136269927371,3.50131857736513,0.00227213553057321,0.0110635601566639,-1.4314961236368,"Non-neuronal","Ncan2"
"Otud7a2",0.215986173168264,7.90982231501815,3.48813530667532,0.00234229312164923,0.0110635601566639,-1.45945055587395,"Non-neuronal","Otud7a2"
"Cxadr2",0.215986020121177,7.9113542292885,3.50133238319806,0.00227206315570367,0.0110635601566639,-1.43146694734871,"Non-neuronal","Cxadr2"
"Nagk2",0.215985683819308,7.90981541203604,3.48814714537793,0.0023422291724827,0.0110635601566639,-1.45942555440725,"Non-neuronal","Nagk2"
"Gatc2",0.215985275205245,7.90980964878101,3.48815702602612,0.00234217580146239,0.0110635601566639,-1.45940468806353,"Non-neuronal","Gatc2"
"Aoc21",0.215985223785356,7.90980892358891,3.48815826909124,0.00234216908704302,0.0110635601566639,-1.45940206291087,"Non-neuronal","Aoc21"
"Gm65982",0.215984484836071,7.90979850327788,3.48817612531562,0.00234207263869266,0.0110635601566639,-1.45936435348496,"Non-neuronal","Gm65982"
"Ank12",0.215984300643954,7.91132907408571,3.50137334719665,0.0022718484218605,0.0110635601566639,-1.43138037713258,"Non-neuronal","Ank12"
"Pycrl2",0.215984030497807,7.90979209766145,3.48818709693288,0.00234201337869822,0.0110635601566639,-1.45934118325582,"Non-neuronal","Pycrl2"
"Gm306481",0.215983558742966,7.90978544749605,3.48819848335985,0.00234195187979094,0.0110635601566639,-1.4593171370438,"Non-neuronal","Gm306481"
"5033430I15Rik2",0.215982562419965,7.90977140603291,3.48822251160246,0.00234182210674947,0.0110635601566639,-1.4592663935383,"Non-neuronal","5033430I15Rik2"
"Qtrt12",0.215982419577355,7.90976933944975,3.4882262225533,0.0023418020650752,0.0110635601566639,-1.45925855486537,"Non-neuronal","Qtrt12"
"Med182",0.215981844434695,7.90976095865128,3.48824146193321,0.00234171976376432,0.0110635601566639,-1.45922636273154,"Non-neuronal","Med182"
"Fbxl141",0.215981171525666,7.9097511553344,3.48825927976426,0.0023416235409631,0.0110635601566639,-1.45918872384224,"Non-neuronal","Fbxl141"
"Camkmt2",0.215981145424959,7.90975077513034,3.48825997061844,0.00234161981017635,0.0110635601566639,-1.45918726446333,"Non-neuronal","Camkmt2"
"Ubxn82",0.215980917426944,7.91127962048497,3.50145371287563,0.00227142720193852,0.0110635601566639,-1.43121053949125,"Non-neuronal","Ubxn82"
"Ddah12",0.215980580447638,7.91127469775072,3.50146170054425,0.00227138534044434,0.0110635601566639,-1.43119365914719,"Non-neuronal","Ddah12"
"D130043K22Rik2",0.215980107545057,7.9097356592918,3.48828742623381,0.00234147154766913,0.0110635601566639,-1.45912926654214,"Non-neuronal","D130043K22Rik2"
"Cdk42",0.215979795734979,7.90973111909597,3.48829566869308,0.00234142703953707,0.0110635601566639,-1.45911185498934,"Non-neuronal","Cdk42"
"Atg1011",0.215978999634193,7.91125161182669,3.50149913062403,0.00227118918831443,0.0110635601566639,-1.43111455833687,"Non-neuronal","Atg1011"
"Nrp12",0.215978851176104,7.90971736855649,3.48832062039187,0.00234129230891577,0.0110635601566639,-1.45905914653271,"Non-neuronal","Nrp12"
"Rmdn12",0.215977979582691,7.90970468417913,3.48834362196537,0.00234116811506345,0.0110635601566639,-1.45901055764224,"Non-neuronal","Rmdn12"
"1700112D23Rik1",0.215977292565732,7.90969468863581,3.4883617372023,0.00234107030888286,0.0110635601566639,-1.45897229078354,"Non-neuronal","1700112D23Rik1"
"Sap302",0.21597701021405,7.91122257567854,3.50154613933577,0.00227094286304939,0.0110635601566639,-1.43101521550923,"Non-neuronal","Sap302"
"Zfp9312",0.215976475360685,7.90968280203207,3.48838326765684,0.00234095406879383,0.0110635601566639,-1.45892680964042,"Non-neuronal","Zfp9312"
"Pgp2",0.215976155268858,7.91121010332797,3.50156630820772,0.00227083718639177,0.0110635601566639,-1.43097259308325,"Non-neuronal","Pgp2"
"Bet1l2",0.21597579907051,7.91120490796698,3.50157470538523,0.00227079319003674,0.0110635601566639,-1.43095484754396,"Non-neuronal","Bet1l2"
"Mettl12",0.215975101381006,7.90966282441767,3.48841942411955,0.00234075887759532,0.0110635601566639,-1.45885043253404,"Non-neuronal","Mettl12"
"Tsta32",0.215974694730612,7.9111888043791,3.50160071775917,0.00227065690556562,0.0110635601566639,-1.43089987636841,"Non-neuronal","Tsta32"
"Rdx2",0.215974459409282,7.91118537365457,3.50160625641387,0.00227062788839213,0.0110635601566639,-1.4308881717149,"Non-neuronal","Rdx2"
"Mlec2",0.215971937459805,7.91114862302995,3.50166552041966,0.00227031742539784,0.0110635601566639,-1.43076293153187,"Non-neuronal","Mlec2"
"Gm143081",0.215971692595397,7.9096133014851,3.48850889397276,0.00234027594214636,0.0110635601566639,-1.45866143680322,"Non-neuronal","Gm143081"
"Nagpa2",0.215971406412491,7.91114088831502,3.50167797774396,0.00227025217123571,0.0110635601566639,-1.43073660608793,"Non-neuronal","Nagpa2"
"Jarid22",0.215969532009479,7.90958194243207,3.48856543088918,0.00233997082086866,0.0110635601566639,-1.45854200911078,"Non-neuronal","Jarid22"
"Lin372",0.215969366164218,7.90957953629131,3.48856976513025,0.00233994743123453,0.0110635601566639,-1.45853285354898,"Non-neuronal","Lin372"
"Mttp2",0.215968920525376,7.90957307148651,3.4885814076841,0.00233988460359492,0.0110635601566639,-1.45850826007214,"Non-neuronal","Mttp2"
"Zdhhc242",0.215968539161398,7.90956753989125,3.48859136653052,0.00233983086319749,0.0110635601566639,-1.45848722323923,"Non-neuronal","Zdhhc242"
"Fancc1",0.215966671148844,7.90954045526319,3.48864008753997,0.00233956797009808,0.0110635601566639,-1.45838430635292,"Non-neuronal","Fancc1"
"Cog62",0.215966581050242,7.91107066845107,3.50179082240982,0.0022696611505902,0.0110635601566639,-1.43049813877359,"Non-neuronal","Cog62"
"Twsg12",0.215966469807937,7.91106905093425,3.50179341648782,0.00226964756596432,0.0110635601566639,-1.4304926569132,"Non-neuronal","Twsg12"
"S100a132",0.215966009213505,7.91106235429561,3.50180415361909,0.00226959133877998,0.0110635601566639,-1.43046996699832,"Non-neuronal","S100a132"
"Tex102",0.21596548187232,7.90952322078753,3.48867105420164,0.00233940089258191,0.0110635601566639,-1.45831889344804,"Non-neuronal","Tex102"
"9230110C19Rik2",0.215963236315339,7.90949069832912,3.48872941488932,0.00233908604527585,0.0110635601566639,-1.45819561477197,"Non-neuronal","9230110C19Rik2"
"Taok22",0.21596274237047,7.90948354787475,3.48874223299685,0.00233901689906301,0.0110635601566639,-1.45816853841193,"Non-neuronal","Taok22"
"Tlcd1",0.21596265948383,7.90853616082795,3.47908544201614,0.00239168403020303,0.0110635601566639,-1.47863406141387,"Non-neuronal","Tlcd1"
"Nrip22",0.215962515875352,7.90948026948685,3.48874810833728,0.00233898520570131,0.0110635601566639,-1.45815612763155,"Non-neuronal","Nrip22"
"Akap15",0.215961389660412,7.91099524589559,3.50191152621469,0.00226902913567051,0.0110635601566639,-1.43024306670581,"Non-neuronal","Akap15"
"Ddx412",0.21596056944847,7.90945210656461,3.48879853910394,0.00233871318429464,0.0110635601566639,-1.45804960039168,"Non-neuronal","Ddx412"
"Pnkp2",0.215960406081639,7.90944974365912,3.48880276695117,0.00233869038088182,0.0110635601566639,-1.45804066973357,"Non-neuronal","Pnkp2"
"Snupn2",0.215960156019171,7.90944612706172,3.48880923696877,0.00233865548447181,0.0110635601566639,-1.45802700285118,"Non-neuronal","Snupn2"
"Col4a12",0.215959810216342,7.90944112630388,3.4888181812128,0.00233860724402419,0.0110635601566639,-1.4580081095707,"Non-neuronal","Col4a12"
"Id11",0.215959442277561,7.90943580608285,3.4888276942823,0.00233855593671255,0.0110635601566639,-1.45798801475223,"Non-neuronal","Id11"
"Iqcc2",0.21595901271083,7.90942993916879,3.48883729024426,0.00233850418345568,0.0110635601566639,-1.45796775566648,"Non-neuronal","Iqcc2"
"Aldh4a12",0.215958295004041,7.90942104378062,3.48884934641074,0.00233843916334121,0.0110635601566639,-1.45794233558981,"Non-neuronal","Aldh4a12"
"Dusp61",0.215957587502121,7.91094008792569,3.50199946952559,0.00226856876651148,0.0110635601566639,-1.43005722662342,"Non-neuronal","Dusp61"
"Rab232",0.215957328531553,7.90940906921326,3.48886555943939,0.00233835172765843,0.0110635601566639,-1.45790815109691,"Non-neuronal","Rab232"
"Rpa32",0.215957075834273,7.9094059390706,3.48886979440217,0.00233832888934271,0.0110635601566639,-1.45789922189417,"Non-neuronal","Rpa32"
"Gmpr3",0.215957063690196,7.90940578865093,3.4888699978816,0.00233832779202399,0.0110635601566639,-1.45789879286861,"Non-neuronal","Gmpr3"
"Lrrc572",0.215956892001853,7.91093000571866,3.50201551433561,0.00226848478442236,0.0110635601566639,-1.43002332125685,"Non-neuronal","Lrrc572"
"Gm98562",0.215955928639778,7.90939173286737,3.48888899863868,0.00233822532745364,0.0110635601566639,-1.45785873094689,"Non-neuronal","Gm98562"
"Tdrd32",0.215955593701483,7.9093875864216,3.48889459887855,0.00233819512812292,0.0110635601566639,-1.45784692325009,"Non-neuronal","Tdrd32"
"Mapk62",0.215955276196993,7.910906591324,3.5020527399726,0.00226828994898748,0.0110635601566639,-1.4299446575151,"Non-neuronal","Mapk62"
"Zfp2482",0.215954463007031,7.90937359286446,3.48891348202391,0.0023380933034663,0.0110635601566639,-1.45780710972862,"Non-neuronal","Zfp2482"
"Crocc2",0.215954125975175,7.90936942296763,3.48891910396269,0.00233806298881005,0.0110635601566639,-1.45779525640745,"Non-neuronal","Crocc2"
"Nipa12",0.215953323549053,7.90935949730125,3.48893247672167,0.00233799088168366,0.0110635601566639,-1.45776706133891,"Non-neuronal","Nipa12"
"Rnf1282",0.215952883312822,7.91087193912541,3.50210773973294,0.00226800211564952,0.0110635601566639,-1.42982843485404,"Non-neuronal","Rnf1282"
"Acbd52",0.215952670561434,7.90935142249395,3.48894334624889,0.00233793227382239,0.0110635601566639,-1.45774414419534,"Non-neuronal","Acbd52"
"Csf2ra2",0.215951859318948,7.90934139367603,3.48895683409686,0.00233785955013822,0.0110635601566639,-1.45771570677699,"Non-neuronal","Csf2ra2"
"Mettl21a2",0.215951759315663,7.90934015763307,3.48895849554317,0.00233785059211771,0.0110635601566639,-1.45771220383967,"Non-neuronal","Mettl21a2"
"Vamp32",0.215949155453891,7.90930799136723,3.48900166136221,0.00233761786680336,0.0110635601566639,-1.45762119538823,"Non-neuronal","Vamp32"
"Tmcc32",0.215949132607331,7.90930770928635,3.48900203929835,0.00233761582928936,0.0110635601566639,-1.45762039857606,"Non-neuronal","Tmcc32"
"Rfesd2",0.215948868499089,7.91081386011637,3.50219967466714,0.00226752106770963,0.0110635601566639,-1.42963416444882,"Non-neuronal","Rfesd2"
"Otud52",0.215948555321256,7.91080933283721,3.5022068279763,0.00226748364235828,0.0110635601566639,-1.42961904867493,"Non-neuronal","Otud52"
"Dnttip22",0.215948358829627,7.91080649260334,3.50221131471206,0.00226746016854523,0.0110635601566639,-1.42960956768754,"Non-neuronal","Dnttip22"
"Rap1b2",0.215948181870672,7.9092959730744,3.48901775432174,0.00233753110864144,0.0110635601566639,-1.4575872663211,"Non-neuronal","Rap1b2"
"Arf22",0.215948051758736,7.91080205434137,3.5022183243744,0.00226742349570284,0.0110635601566639,-1.42959475547761,"Non-neuronal","Arf22"
"Prrt22",0.215947510894712,7.90928769302743,3.48902883050655,0.00233747139807078,0.0110635601566639,-1.45756391435002,"Non-neuronal","Prrt22"
"Zfp8102",0.215947469350527,7.90928718043318,3.48902951590346,0.00233746770321608,0.0110635601566639,-1.45756246932843,"Non-neuronal","Zfp8102"
"Klc22",0.215946720976434,7.90927794806384,3.48904185467828,0.00233740118802447,0.0110635601566639,-1.45753645557841,"Non-neuronal","Klc22"
"B3gntl11",0.215945775800717,7.90926629181364,3.48905741677119,0.0023373172994034,0.0110635601566639,-1.45750364633727,"Non-neuronal","B3gntl11"
"Bckdk2",0.215945740503993,7.91076866282823,3.50227100371686,0.00226714790893272,0.0110635601566639,-1.42948343848374,"Non-neuronal","Bckdk2"
"H132",0.215945462256447,7.90926242605178,3.48906257391951,0.00233728950006514,0.0110635601566639,-1.45749277367845,"Non-neuronal","H132"
"Samd4b2",0.215945376453972,7.90926136825775,3.48906398473237,0.00233728189520889,0.0110635601566639,-1.45748979930908,"Non-neuronal","Samd4b2"
"Adora12",0.21594491227536,7.90925564638312,3.48907161360398,0.00233724077290417,0.0110635601566639,-1.45747371564846,"Non-neuronal","Adora12"
"Zfp372",0.21594484110024,7.90925476911044,3.48907278287197,0.00233723447020086,0.0110635601566639,-1.45747125053006,"Non-neuronal","Zfp372"
"1810009A15Rik2",0.215943947848444,7.90924376142593,3.489087445729,0.00233715543444741,0.0110635601566639,-1.4574403375587,"Non-neuronal","1810009A15Rik2"
"Zfp7862",0.215943684241554,7.90924051371261,3.48909176879608,0.00233713213274713,0.0110635601566639,-1.45743122349127,"Non-neuronal","Zfp7862"
"Zfp1202",0.215943033537057,7.91072958640551,3.50233252103722,0.00226682612891163,0.0110635601566639,-1.42935344685717,"Non-neuronal","Zfp1202"
"Rad212",0.215942581611584,7.91072306600447,3.50234277225575,0.00226677251200659,0.0110635601566639,-1.42933178521084,"Non-neuronal","Rad212"
"Nfasc2",0.215942241548161,7.91071816018948,3.50235048246994,0.00226673218612887,0.0110635601566639,-1.4293154929292,"Non-neuronal","Nfasc2"
"Gm217812",0.215940932194603,7.9106992763174,3.50238014049834,0.00226657707562014,0.0110635601566639,-1.42925282336232,"Non-neuronal","Gm217812"
"Slc45a42",0.215940702029347,7.90920379598799,3.48914054676675,0.00233686923117404,0.0110635601566639,-1.45732838903109,"Non-neuronal","Slc45a42"
"Cpsf12",0.215940401747199,7.90920010128269,3.48914544511185,0.00233684283187648,0.0110635601566639,-1.45731806239396,"Non-neuronal","Cpsf12"
"Gm197101",0.21593737354454,7.90916286687838,3.48919470817705,0.0023365773482636,0.0110635601566639,-1.45721420786117,"Non-neuronal","Gm197101"
"Ube2j12",0.215937318838981,7.91064720538954,3.50246174941892,0.00226615031761956,0.0110635601566639,-1.42908037903969,"Non-neuronal","Ube2j12"
"Pdhx2",0.215936614552039,7.90915354150855,3.48920701723095,0.00233651101817091,0.0110635601566639,-1.4571882587557,"Non-neuronal","Pdhx2"
"Cetn42",0.215936403131425,7.90915094439372,3.48921044323914,0.00233649255668854,0.0110635601566639,-1.45718103630656,"Non-neuronal","Cetn42"
"Dgat12",0.215935804246659,7.90914358882423,3.48922014152891,0.00233644029699502,0.0110635601566639,-1.45716059117568,"Non-neuronal","Dgat12"
"Pwp22",0.215935319108455,7.90913763160148,3.48922799081838,0.00233639800156975,0.0110635601566639,-1.4571440440233,"Non-neuronal","Pwp22"
"Slu72",0.215935037886147,7.90913417888273,3.48923253798521,0.00233637349977899,0.0110635601566639,-1.45713445813151,"Non-neuronal","Slu72"
"Trappc92",0.215934490462136,7.90912745898125,3.48924138341286,0.00233632583811838,0.0110635601566639,-1.45711581112705,"Non-neuronal","Trappc92"
"Msh32",0.215934356677417,7.9091258169323,3.48924354393138,0.00233631419678028,0.0110635601566639,-1.45711125656013,"Non-neuronal","Msh32"
"Slc9a41",0.215933210942559,7.90911175801158,3.48926202716483,0.0023362146074803,0.0110635601566639,-1.45707229243903,"Non-neuronal","Slc9a41"
"Kctd182",0.21593316565781,7.90911120247091,3.48926275699118,0.00233621067519703,0.0110635601566639,-1.45707075391437,"Non-neuronal","Kctd182"
"Gpc51",0.215931015966292,7.90815982069484,3.47960429551371,0.00238882481934368,0.0110635601566639,-1.47754081846987,"Non-neuronal","Gpc51"
"Vangl21",0.215930950374271,7.90908403833816,3.48929839283875,0.00233601867820665,0.0110635601566639,-1.45699563173384,"Non-neuronal","Vangl21"
"Pde7b2",0.215930239856013,7.91054537050895,3.50262062489713,0.00226531973615406,0.0110635601566639,-1.42874467141125,"Non-neuronal","Pde7b2"
"Tnip12",0.215930066903717,7.91054288544658,3.50262448987114,0.00226529953428135,0.0110635601566639,-1.42873650471967,"Non-neuronal","Tnip12"
"Cyth32",0.215929803867875,7.91053910628961,3.50263036642663,0.00226526881839257,0.0110635601566639,-1.42872408756391,"Non-neuronal","Cyth32"
"Ppp1r12c2",0.215929678812245,7.90906845718123,3.489318788802,0.00233590879687269,0.0110635601566639,-1.45695263659282,"Non-neuronal","Ppp1r12c2"
"Sfxn52",0.215929498719655,7.90906625105021,3.48932167403556,0.00233589325335906,0.0110635601566639,-1.4569465544915,"Non-neuronal","Sfxn52"
"Rundc3b2",0.215928132190009,7.90904951628766,3.48934353896771,0.00233577546451631,0.0110635601566639,-1.45690046327614,"Non-neuronal","Rundc3b2"
"Lyplal12",0.215927628209871,7.91050786005989,3.50267890311421,0.00226501513997081,0.0110635601566639,-1.4286215299742,"Non-neuronal","Lyplal12"
"Zfp7702",0.215927380739362,7.90904031780595,3.48935554134459,0.00233571080885142,0.0110635601566639,-1.45687516251156,"Non-neuronal","Zfp7702"
"1700018L02Rik2",0.21592726427658,7.90903889243758,3.48935740018167,0.00233570079563011,0.0110635601566639,-1.45687124413457,"Non-neuronal","1700018L02Rik2"
"Slc35b32",0.215926631931953,7.90903115444206,3.48936748662851,0.00233564646249026,0.0110635601566639,-1.45684998224768,"Non-neuronal","Slc35b32"
"Akt1s12",0.215925501928502,7.90901733149416,3.48938548481221,0.00233554951391478,0.0110635601566639,-1.45681204295469,"Non-neuronal","Akt1s12"
"Fyttd12",0.215925450665946,7.91047660897607,3.50272735639506,0.00226476192538505,0.0110635601566639,-1.42851914930594,"Non-neuronal","Fyttd12"
"Polr3d2",0.215924296443932,7.90900259212671,3.48940464798911,0.00233544629437022,0.0110635601566639,-1.45677164828959,"Non-neuronal","Polr3d2"
"Dag12",0.215924290145242,7.90900251513184,3.48940474801635,0.00233544575560044,0.0110635601566639,-1.45677143744004,"Non-neuronal","Dag12"
"Tet22",0.215923740597973,7.90899579824417,3.48941347114189,0.00233539877130655,0.0110635601566639,-1.45675304981877,"Non-neuronal","Tet22"
"Cep892",0.215922982392495,7.91044121234786,3.50278212716409,0.00226447572947174,0.0110635601566639,-1.42840342076126,"Non-neuronal","Cep892"
"Sult4a12",0.215922973757277,7.90898642794645,3.48942563009323,0.00233533328260096,0.0110635601566639,-1.45672741989872,"Non-neuronal","Sult4a12"
"Gpd1l2",0.215921900131715,7.90897331378273,3.48944262730186,0.00233524173783558,0.0110635601566639,-1.45669159165518,"Non-neuronal","Gpd1l2"
"Igip2",0.215921505421901,7.90896849388678,3.48944886853912,0.00233520812422644,0.0110635601566639,-1.45667843589252,"Non-neuronal","Igip2"
"Mest2",0.215920861050846,7.90896062695866,3.48945904864017,0.00233515329798865,0.0110635601566639,-1.4566569775783,"Non-neuronal","Mest2"
"Ccdc1302",0.215920781119673,7.90895965124547,3.48946031066956,0.00233514650125603,0.0110635601566639,-1.45665431739411,"Non-neuronal","Ccdc1302"
"Mboat72",0.215920723335759,7.9089589459015,3.48946122291208,0.00233514158833308,0.0110635601566639,-1.45665239451357,"Non-neuronal","Mboat72"
"Noct2",0.215920235384899,7.90895299034255,3.48946892274736,0.00233510012093067,0.0110635601566639,-1.45663616436604,"Non-neuronal","Noct2"
"Oat2",0.215919665172446,7.90894603223879,3.48947791271022,0.00233505170647363,0.0110635601566639,-1.45661721489621,"Non-neuronal","Oat2"
"Zfp2731",0.215917802664689,7.90892331579831,3.48950721728119,0.00233489389678807,0.0110635601566639,-1.45655544594469,"Non-neuronal","Zfp2731"
"Tmem126b2",0.215916853014812,7.90891173974158,3.48952212384156,0.00233481362666437,0.0110635601566639,-1.45652402586307,"Non-neuronal","Tmem126b2"
"Tmem742",0.215914490799448,7.9088829638957,3.48955910038879,0.00233461452391221,0.0110635601566639,-1.45644608767472,"Non-neuronal","Tmem742"
"Isoc2b2",0.215912823687565,7.91029582996116,3.5030058555502,0.00226330704238491,0.0110635601566639,-1.42793070057559,"Non-neuronal","Isoc2b2"
"Rfng2",0.215912469375178,7.91029076805219,3.50301360963749,0.00226326654811246,0.0110635601566639,-1.42791431708398,"Non-neuronal","Rfng2"
"Eif2b42",0.215911073319326,7.90884138133482,3.48961233585966,0.00233432790322784,0.0110635601566639,-1.45633388204362,"Non-neuronal","Eif2b42"
"Spaca62",0.215911059346828,7.90884121143984,3.48961255288584,0.00233432673482608,0.0110635601566639,-1.45633342461908,"Non-neuronal","Spaca62"
"Exoc12",0.21591003595853,7.90882877040389,3.48962843461891,0.00233424123405553,0.0110635601566639,-1.45629995094851,"Non-neuronal","Exoc12"
"Fkbp72",0.215909196475888,7.90881856886576,3.48964144186597,0.0023341712106414,0.0110635601566639,-1.45627253599983,"Non-neuronal","Fkbp72"
"Katnbl12",0.215908278552449,7.90880741802971,3.48965564337262,0.0023340947603934,0.0110635601566639,-1.45624260417087,"Non-neuronal","Katnbl12"
"Slc45a12",0.215908148942977,7.90880584387813,3.48965764682728,0.0023340839754963,0.0110635601566639,-1.45623838160501,"Non-neuronal","Slc45a12"
"Zdhhc82",0.215906721753798,7.90878851558171,3.48967967870388,0.00233396537783449,0.0110635601566639,-1.45619194659505,"Non-neuronal","Zdhhc82"
"Dscr32",0.215906381888931,7.90878439055439,3.48968491742605,0.0023339371786495,0.0110635601566639,-1.45618090539793,"Non-neuronal","Dscr32"
"Zmym22",0.215906038720004,7.91019899767344,3.50315377079853,0.00226253470564628,0.0110635601566639,-1.42761817597635,"Non-neuronal","Zmym22"
"Parp14",0.215905864134685,7.90877810751767,3.48969289235195,0.00233389425157106,0.0110635601566639,-1.45616409740448,"Non-neuronal","Parp14"
"St8sia12",0.215905820715947,7.91019588996148,3.50315850335257,0.00226250999898881,0.0110635601566639,-1.42760817685419,"Non-neuronal","St8sia12"
"Rae12",0.215905131450593,7.90876921849714,3.4897041658482,0.00233383357042013,0.0110635601566639,-1.4561403374543,"Non-neuronal","Rae12"
"Phf232",0.21590452259207,7.90876183372967,3.48971352341944,0.00233378320317991,0.0110635601566639,-1.45612061560858,"Non-neuronal","Phf232"
"Sbsn1",0.215903422246737,7.9087484923493,3.48973041010648,0.00233369231309119,0.0110635601566639,-1.45608502579661,"Non-neuronal","Sbsn1"
"Acp62",0.215903323166669,7.90874729131963,3.48973192910852,0.0023336841374588,0.0110635601566639,-1.45608182441562,"Non-neuronal","Acp62"
"Mansc11",0.21590114505224,7.91012929017102,3.50325970561627,0.00226198172848673,0.0110635601566639,-1.4273943545462,"Non-neuronal","Mansc11"
"4933434E20Rik2",0.215901000067134,7.90871914480533,3.48976747125653,0.00233349284916408,0.0110635601566639,-1.45600691814917,"Non-neuronal","4933434E20Rik2"
"Dpagt12",0.215897702662111,7.90867923859962,3.48981767820161,0.00233322266104859,0.0110635601566639,-1.45590110790724,"Non-neuronal","Dpagt12"
"Pes12",0.21589674650127,7.91006673018699,3.50335438795264,0.00226148760166435,0.0110635601566639,-1.42719431070689,"Non-neuronal","Pes12"
"Gtf2f12",0.215895163953802,7.90864855023851,3.48985614029134,0.00233301569857666,0.0110635601566639,-1.45582005180653,"Non-neuronal","Gtf2f12"
"Rab352",0.215894699208849,7.91003764241183,3.50339828527994,0.00226125854699438,0.0110635601566639,-1.42710156590666,"Non-neuronal","Rab352"
"Drap12",0.215893998577447,7.90863447339642,3.48987373995469,0.00233292100174589,0.0110635601566639,-1.45578296238125,"Non-neuronal","Drap12"
"Terf22",0.21589370811431,7.90863096584873,3.48987812107587,0.00233289742925303,0.0110635601566639,-1.45577372969214,"Non-neuronal","Terf22"
"Gm36042",0.215893580837654,7.90862942902155,3.48988004012835,0.00233288710392184,0.0110635601566639,-1.45576968552596,"Non-neuronal","Gm36042"
"Cndp22",0.21589332184007,7.91001808378117,3.50342775683141,0.0022611047783229,0.0110635601566639,-1.42703929976419,"Non-neuronal","Cndp22"
"Kcnip42",0.21589244084938,7.90861566749583,3.48989720990249,0.00233279472512316,0.0110635601566639,-1.45573350255018,"Non-neuronal","Kcnip42"
"Myh92",0.215890464957778,7.90997754404682,3.50348872794116,0.00226078669248871,0.0110635601566639,-1.4269104837327,"Non-neuronal","Myh92"
"Arhgdia2",0.215889830871994,7.90858418441004,3.48993639281162,0.00233258392220448,0.0110635601566639,-1.45565093125084,"Non-neuronal","Arhgdia2"
"Ehbp12",0.215889644892491,7.90858194226942,3.48993917813662,0.00233256893795044,0.0110635601566639,-1.45564506172689,"Non-neuronal","Ehbp12"
"Plxna12",0.215888246194792,7.90856508512356,3.48996009706171,0.00233245640312891,0.0110635601566639,-1.45560097952587,"Non-neuronal","Plxna12"
"Gnb1l1",0.215887080077573,7.90992956073865,3.50356069258895,0.00226041131015764,0.0110635601566639,-1.4267584428633,"Non-neuronal","Gnb1l1"
"Pqbp12",0.215884855231198,7.9085242562296,3.4900106022787,0.00233218472881014,0.0110635601566639,-1.45549455278971,"Non-neuronal","Pqbp12"
"Pole42",0.215884543058723,7.90989363120203,3.50361443595671,0.00226013101379586,0.0110635601566639,-1.42664489955603,"Non-neuronal","Pole42"
"Hddc22",0.215883364578057,7.90850632552029,3.49003271016792,0.00233206581731992,0.0110635601566639,-1.45544796714399,"Non-neuronal","Hddc22"
"1110032A03Rik2",0.215883066780333,7.90850274466242,3.49003711993632,0.00233204209925528,0.0110635601566639,-1.45543867497581,"Non-neuronal","1110032A03Rik2"
"Acyp22",0.215882560397633,7.90849665666005,3.49004461316485,0.00233200179725738,0.0110635601566639,-1.45542288546575,"Non-neuronal","Acyp22"
"Smarca22",0.215879425012859,7.90845898879726,3.49009086206088,0.00233175306479442,0.0110635601566639,-1.45532543279271,"Non-neuronal","Smarca22"
"Surf22",0.215876978699249,7.90842963202616,3.49012677096726,0.00233155996012789,0.0110635601566639,-1.455249769837,"Non-neuronal","Surf22"
"Dhrs7b2",0.215874882649569,7.90840450135976,3.49015741606042,0.00233139517473174,0.0110635601566639,-1.45518519953357,"Non-neuronal","Dhrs7b2"
"Flrt32",0.215872934550291,7.9097278006779,3.50386703483546,0.00225881405307992,0.0110635601566639,-1.42611118213011,"Non-neuronal","Flrt32"
"Trappc52",0.215872149828546,7.90837176765093,3.49019720164995,0.00233118125598532,0.0110635601566639,-1.45510137179006,"Non-neuronal","Trappc52"
"Kif1a2",0.21587169502,7.90836632342079,3.49020380436294,0.00233114575645611,0.0110635601566639,-1.45508746016654,"Non-neuronal","Kif1a2"
"Retreg12",0.215870895985547,7.90835676106782,3.49021539156447,0.00233108345907843,0.0110635601566639,-1.45506304659274,"Non-neuronal","Retreg12"
"Cby32",0.2158668399705,7.9083082681352,3.49027395788941,0.00233076860843331,0.0110635601566639,-1.45493965355454,"Non-neuronal","Cby32"
"Mta32",0.215866470869062,7.90963333635454,3.50401766646082,0.00225802907314658,0.0110635601566639,-1.42579283578038,"Non-neuronal","Mta32"
"Mb21d21",0.215862829041585,7.9095802050536,3.50410201878969,0.00225758960895248,0.0110635601566639,-1.42561456740598,"Non-neuronal","Mb21d21"
"Bhlhe402",0.215857838679084,7.90950750795984,3.50421700124473,0.00225699070163773,0.0110635601566639,-1.42537156913915,"Non-neuronal","Bhlhe402"
"Usp122",0.215856946584208,7.9094945255374,3.50423748235881,0.00225688403840089,0.0110635601566639,-1.42532828574638,"Non-neuronal","Usp122"
"Nt5c4",0.215854196316092,7.90945452671259,3.50430048403228,0.00225655596421041,0.0110635601566639,-1.42519514303948,"Non-neuronal","Nt5c4"
"Rtl8b2",0.215853326221743,7.90944188028957,3.50432037163043,0.00225645241151527,0.0110635601566639,-1.42515311441162,"Non-neuronal","Rtl8b2"
"Adhfe1",0.21585058125443,7.90811466679407,3.49050451457417,0.00232952955002781,0.0110635601566639,-1.4544539434016,"Non-neuronal","Adhfe1"
"Snrnp2002",0.215849803752812,7.90939663174649,3.50437596775366,0.00225616295300327,0.0110635601566639,-1.42503582100734,"Non-neuronal","Snrnp2002"
"Kat2a2",0.215849507503276,7.90810192510694,3.49051950473803,0.00232944901230226,0.0110635601566639,-1.4544223666282,"Non-neuronal","Kat2a2"
"Nutf22",0.215849449605389,7.90810123821525,3.49052031219617,0.00232944467414583,0.0110635601566639,-1.45442066572788,"Non-neuronal","Nutf22"
"Hist4h42",0.215847579421125,7.90719729448841,3.48080791447947,0.00238220506503714,0.0110635601566639,-1.47500639715633,"Non-neuronal","Hist4h42"
"Zfp7122",0.215844334095907,7.90932868767698,3.5044524775522,0.00225576466825632,0.0110635601566639,-1.42487451770804,"Non-neuronal","Zfp7122"
"Neo12",0.215841404939619,7.90800595108244,3.49063168229094,0.00232884640243464,0.0110635601566639,-1.45418607588422,"Non-neuronal","Neo12"
"1110004F10Rik2",0.215840252831073,7.90799232955371,3.49064749854116,0.00232876145100522,0.0110635601566639,-1.45415276216365,"Non-neuronal","1110004F10Rik2"
"Cars3",0.215839016836406,7.90797772315784,3.49066442927367,0.00232867051690681,0.0110635601566639,-1.45411710146465,"Non-neuronal","Cars3"
"Nrsn22",0.215838971197846,7.90797718396042,3.49066505369824,0.00232866716322123,0.0110635601566639,-1.4541157862667,"Non-neuronal","Nrsn22"
"Spag42",0.215833242013922,7.90790957396556,3.49074302491078,0.00232824842954068,0.0110635601566639,-1.45395156402259,"Non-neuronal","Spag42"
"Dnajb92",0.215832252073614,7.90917913699073,3.50461869580557,0.00225489962956228,0.0110635601566639,-1.42452411765289,"Non-neuronal","Dnajb92"
"Ctdnep12",0.215831898577052,7.90789374233203,3.49076118930759,0.00232815089079129,0.0110635601566639,-1.45391330780553,"Non-neuronal","Ctdnep12"
"Fgf92",0.215829455773349,7.90786497690339,3.4907941023724,0.00232797416524141,0.0110635601566639,-1.45384399070802,"Non-neuronal","Fgf92"
"Rexo22",0.21582735000312,7.90911866750998,3.5046850472636,0.00225455441230091,0.0110635601566639,-1.42438425709782,"Non-neuronal","Rexo22"
"Xaf11",0.215825224862059,7.90406925080195,3.44787446181888,0.00257001273898539,0.0110635601566639,-1.54473412065756,"Non-neuronal","Xaf11"
"Nadk22",0.215824202049199,7.9078032055949,3.49086438341389,0.00232759683786034,0.0110635601566639,-1.45369598046963,"Non-neuronal","Nadk22"
"Zfp4721",0.215823247698231,7.90779199849715,3.49087707627286,0.00232752869840267,0.0110635601566639,-1.45366925053249,"Non-neuronal","Zfp4721"
"Mrpl192",0.215822675678016,7.90778528320269,3.49088467326742,0.00232748791616712,0.0110635601566639,-1.45365325213201,"Non-neuronal","Mrpl192"
"Ppa12",0.215821433710327,7.90777070822512,3.49090113979745,0.00232739952284868,0.0110635601566639,-1.453618575861,"Non-neuronal","Ppa12"
"Mfn22",0.215819643705964,7.90774976936665,3.49092451061881,0.00232727407255568,0.0110635601566639,-1.45356936464382,"Non-neuronal","Mfn22"
"Armcx42",0.215818023979186,7.9077310478361,3.49094445015883,0.00232716704601623,0.0110635601566639,-1.45352739398253,"Non-neuronal","Armcx42"
"Rab5c2",0.215815735028425,7.90897586812988,3.50483976633868,0.00225374963302596,0.0110635601566639,-1.42405815929278,"Non-neuronal","Rab5c2"
"Zdhhc222",0.215811719306394,7.90892665269389,3.50489244571308,0.00225347568311323,0.0110635601566639,-1.42394713835559,"Non-neuronal","Zdhhc222"
"Spred22",0.215809415082507,7.9088984488162,3.50492248531111,0.00225331948209976,0.0110635601566639,-1.42388383277349,"Non-neuronal","Spred22"
"Smurf12",0.215805944082969,7.90885601294406,3.50496747779191,0.00225308554848189,0.0110635601566639,-1.42378901872645,"Non-neuronal","Smurf12"
"Col25a12",0.215804736627364,7.90757790851781,3.49110565828382,0.00232630193079488,0.0110635601566639,-1.45318810023713,"Non-neuronal","Col25a12"
"Sae12",0.215801384855167,7.90880036268428,3.50502610594244,0.00225278075354522,0.0110635601566639,-1.42366547587855,"Non-neuronal","Sae12"
"Tsc22",0.215784798561367,7.90734958740443,3.49133969955601,0.00232504652369514,0.0110635601566639,-1.45269562533737,"Non-neuronal","Tsc22"
"Ptch12",0.215783614949487,7.90733608836199,3.49135329876639,0.00232497359747502,0.0110635601566639,-1.45266701386172,"Non-neuronal","Ptch12"
"Tcn22",0.215782653604482,7.90647347521749,3.4816058953881,0.00237782622593931,0.0110635601566639,-1.47332773014436,"Non-neuronal","Tcn22"
"Iqcj2",0.215779545340032,7.90853519955771,3.50529958267209,0.00225135954430839,0.0110635601566639,-1.42308929425514,"Non-neuronal","Iqcj2"
"Gps12",0.215774407248988,7.90723128475408,3.49145797085911,0.00232441236525117,0.0110635601566639,-1.45244681021365,"Non-neuronal","Gps12"
"Pnpla71",0.215767814062641,7.90715646777784,3.49153170535859,0.00232401709470608,0.0110635601566639,-1.45229170980811,"Non-neuronal","Pnpla71"
"Uba12",0.215763365418143,7.90710609327967,3.49158088534857,0.00232375349098257,0.0110635601566639,-1.45218826855528,"Non-neuronal","Uba12"
"Trim322",0.215761518736454,7.90708520754139,3.49160116567047,0.00232364479745188,0.0110635601566639,-1.45214561464922,"Non-neuronal","Trim322"
"Hist1h2ae1",0.215738066432132,7.9080379394138,3.50578590366967,0.00224883440315464,0.0110635601566639,-1.4220651223336,"Non-neuronal","Hist1h2ae1"
"Gja11",0.215734577225316,7.90594882994607,3.4821346464259,0.00237492912317046,0.0110635601566639,-1.47221629653537,"Non-neuronal","Gja11"
"Nr2f12",0.215730741306613,7.90795097790466,3.50586734844599,0.00224841178747136,0.0110635601566639,-1.42189366736208,"Non-neuronal","Nr2f12"
"Psmc3ip1",0.21572733357952,7.91513031715376,3.58999144789394,0.00185119393909171,0.0110635601566639,-1.2430675043506,"Non-neuronal","Psmc3ip1"
"Tprgl2",0.215721977739231,7.90784727307918,3.50596305630732,0.00224791526084238,0.0110635601566639,-1.42169221277693,"Non-neuronal","Tprgl2"
"C1galt1c12",0.215716395367772,7.90657943523828,3.49207237312826,0.00232112074332721,0.0110635601566639,-1.45115494634748,"Non-neuronal","C1galt1c12"
"Fam20c2",0.215709792571293,7.91484584155553,3.59019500740779,0.00185032225056488,0.0110635601566639,-1.242636711909,"Non-neuronal","Fam20c2"
"Zfp955a2",0.215709555503535,7.91484200837335,3.59019770071507,0.00185031071992311,0.0110635601566639,-1.24263101281146,"Non-neuronal","Zfp955a2"
"Dgki2",0.21570675029115,7.91479667377083,3.59022945386807,0.0018501747830307,0.0110635601566639,-1.24256382397048,"Non-neuronal","Dgki2"
"Cdkn1a1",0.215702638553241,7.91473030210412,3.59027560784353,0.00184997721305919,0.0110635601566639,-1.24246616848118,"Non-neuronal","Cdkn1a1"
"Tmem120a2",0.215701795908972,7.90761181083507,3.50616607490699,0.00224686237008603,0.0110635601566639,-1.42126514871701,"Non-neuronal","Tmem120a2"
"Grin3a2",0.215701618697837,7.90641569588579,3.49221663724243,0.00232034852288515,0.0110635601566639,-1.45085181187998,"Non-neuronal","Grin3a2"
"Prmt62",0.215688281391507,7.90745603189657,3.50629221658969,0.00224620842146573,0.0110635601566639,-1.42099996595032,"Non-neuronal","Prmt62"
"9130401M01Rik2",0.21568780292615,7.90745053168175,3.50629660503972,0.00224618567406742,0.0110635601566639,-1.42099074171306,"Non-neuronal","9130401M01Rik2"
"Sdhc2",0.215686710969624,7.90743798287821,3.50630660060987,0.00224613386317811,0.0110635601566639,-1.42096973204524,"Non-neuronal","Sdhc2"
"Ak22",0.215679457973429,7.91435783869172,3.59052721978555,0.00184890051155673,0.0110635601566639,-1.24193390649244,"Non-neuronal","Ak22"
"Acp12",0.21567895128187,7.90734896102242,3.50637684069583,0.00224576981496377,0.0110635601566639,-1.42082210947433,"Non-neuronal","Acp12"
"Rhob2",0.215677321665283,7.90733029945727,3.50639141608756,0.00224569427926692,0.0110635601566639,-1.42079147994027,"Non-neuronal","Rhob2"
"Lyrm22",0.215673914518443,7.9072913205048,3.50642169318373,0.00224553737885456,0.0110635601566639,-1.42072785777816,"Non-neuronal","Lyrm22"
"Zfp656",0.215672049170107,7.90727000202592,3.5064381567815,0.00224545206657626,0.0110635601566639,-1.42069326452159,"Non-neuronal","Zfp656"
"Faxc2",0.215670973266958,7.91422223339514,3.59061569252968,0.00184852206478744,0.0110635601566639,-1.24174680058065,"Non-neuronal","Faxc2"
"Rspo32",0.215669945969216,7.9142058410994,3.59062627346428,0.00184847680941117,0.0110635601566639,-1.24172442546027,"Non-neuronal","Rspo32"
"Nop162",0.215663519630425,7.90599774595325,3.49256616950871,0.00231847858685027,0.0110635601566639,-1.45011775969826,"Non-neuronal","Nop162"
"Gm265821",0.215656418165728,7.90592050833602,3.49262778831783,0.00231814909095485,0.0110635601566639,-1.44998842161584,"Non-neuronal","Gm265821"
"Pdzrn32",0.215645840339777,7.90580584511285,3.49271753561172,0.00231766926534486,0.0110635601566639,-1.44980008299377,"Non-neuronal","Pdzrn32"
"Rgs5",0.215641408849845,7.90575794410635,3.49275441357335,0.0023174721290803,0.0110635601566639,-1.44972270793151,"Non-neuronal","Rgs5"
"Suclg21",0.215641408849845,7.90575794410635,3.49275441357335,0.0023174721290803,0.0110635601566639,-1.44972270793151,"Non-neuronal","Suclg21"
"Fst2",0.215641408849845,7.90575794410635,3.49275441357335,0.0023174721290803,0.0110635601566639,-1.44972270793151,"Non-neuronal","Fst2"
"Ndufaf82",0.215638487432493,7.90572640966794,3.49277849300895,0.00231734341802339,0.0110635601566639,-1.44967219085713,"Non-neuronal","Ndufaf82"
"4931428F04Rik2",0.215634895495914,7.91364993637474,3.59097046522119,0.0018470052744822,0.0110635601566639,-1.24099682183534,"Non-neuronal","4931428F04Rik2"
"Camkk12",0.215631177279895,7.90680672396497,3.50677908756485,0.00224368612389233,0.0110635601566639,-1.4199772910127,"Non-neuronal","Camkk12"
"Lrrtm42",0.215626012157928,7.91351008470259,3.5910525494765,0.00184665450772605,0.0110635601566639,-1.2408233792547,"Non-neuronal","Lrrtm42"
"Rnf1412",0.215624909929645,7.90673632727665,3.50682804905486,0.00224343262705621,0.0110635601566639,-1.41987453829642,"Non-neuronal","Rnf1412"
"Gorasp22",0.215619324920448,7.91340508206101,3.59111298004711,0.00184639631468283,0.0110635601566639,-1.24069571287297,"Non-neuronal","Gorasp22"
"Yod12",0.215616818066285,7.91336578041933,3.59113533343127,0.00184630081761403,0.0110635601566639,-1.2406484938794,"Non-neuronal","Yod12"
"Lxn1",0.215608662878451,7.9054064572787,3.4930138459901,0.00231608576360754,0.0110635601566639,-1.44917865994111,"Non-neuronal","Lxn1"
"Abat2",0.215605083103752,7.91318224357173,3.59123780368634,0.0018458631114785,0.0110635601566639,-1.24043207404954,"Non-neuronal","Abat2"
"Cdc372",0.215583315111896,7.91284370013195,3.59141847862302,0.00184509160030694,0.0110635601566639,-1.24005064794058,"Non-neuronal","Cdc372"
"Rsl1d12",0.21557796370821,7.91276085181168,3.59146103727098,0.00184490991435587,0.0110635601566639,-1.23996083577489,"Non-neuronal","Rsl1d12"
"Pfn41",0.215550977970203,7.90479770344162,3.49341586473951,0.00231393905250512,0.0110635601566639,-1.44833682767577,"Non-neuronal","Pfn41"
"Bag52",0.215541089878321,7.90581090358098,3.50740025453922,0.00224047213884857,0.0110635601566639,-1.4186755307987,"Non-neuronal","Bag52"
"Plpp62",0.215524948480905,7.90563606370409,3.50749316297804,0.00223999181060403,0.0110635601566639,-1.41848129307808,"Non-neuronal","Plpp62"
"Kcnk14",0.215516629638163,7.9118218539192,3.59189728915201,0.00184304854208716,0.0110635601566639,-1.23904119919072,"Non-neuronal","Kcnk14"
"Dmac12",0.215508329137008,7.9116962540069,3.59194914670931,0.00184282740288795,0.0110635601566639,-1.23893203644798,"Non-neuronal","Dmac12"
"Bgn",0.215507070469643,7.90358832819597,3.483952670567,0.00236499439306532,0.0110635601566639,-1.46840581799076,"Non-neuronal","Bgn"
"Slc25a181",0.215507070469643,7.90358832819597,3.483952670567,0.00236499439306532,0.0110635601566639,-1.46840581799076,"Non-neuronal","Slc25a181"
"C1ql32",0.215502399732334,7.9042951219191,3.49370144852819,0.00231241527441012,0.0110635601566639,-1.44774016402386,"Non-neuronal","C1ql32"
"Ppp5c2",0.215487276331066,7.90523214320946,3.5076888756887,0.00223898032543451,0.0110635601566639,-1.41807277488584,"Non-neuronal","Ppp5c2"
"Chmp2a2",0.215466614196975,7.90501303129882,3.50778384422114,0.00223848966988467,0.0110635601566639,-1.41787496343111,"Non-neuronal","Chmp2a2"
"Gpx12",0.215408462118284,7.91021212413948,3.59244299796762,0.00184072275696743,0.0110635601566639,-1.23789566796908,"Non-neuronal","Gpx12"
"Ccdc322",0.215398287065439,7.90430043564401,3.50803702454051,0.00223718212962456,0.0110635601566639,-1.4173499488263,"Non-neuronal","Ccdc322"
"Galnt122",0.215386257511303,7.90313035586547,3.49419017882472,0.00230980986746873,0.0110635601566639,-1.44672496674833,"Non-neuronal","Galnt122"
"Rplp02",0.21538040483329,7.9098038302425,3.5925402471588,0.00184030858995969,0.0110635601566639,-1.23769288530267,"Non-neuronal","Rplp02"
"Tac11",0.215318628965126,7.90349281402201,3.50821427809949,0.00223626715806074,0.0110635601566639,-1.41698800512521,"Non-neuronal","Tac11"
"Tlr31",0.215278346136609,7.90140086358381,3.48472860344402,0.00236076671508811,0.0110635601566639,-1.46680329562751,"Non-neuronal","Tlr31"
"Gm143222",0.215259532330303,7.90191446168054,3.49443727533306,0.00230849370354308,0.0110635601566639,-1.44622390135984,"Non-neuronal","Gm143222"
"Tac22",0.215092525926083,7.89012211827153,3.33228949448734,0.00335157611624966,0.012464476209246,-1.78855080581614,"Non-neuronal","Tac22"
"Csnk2b2",0.21509096425322,7.90131032791686,3.50809091795103,0.00223690389626658,0.0110635601566639,-1.41729003503128,"Non-neuronal","Csnk2b2"
"Hmgn51",0.215067230343053,7.90017091458897,3.49428981987672,0.00230927903876261,0.0110635601566639,-1.44657108554437,"Non-neuronal","Hmgn51"
"Lrrc732",0.214948922716757,7.90003575129162,3.50758337188529,0.0022395255357565,0.0110635601566639,-1.41839198594516,"Non-neuronal","Lrrc732"
"Lrrtm12",0.214791993625342,7.89869872969028,3.50667611326988,0.00224421936269502,0.0110635601566639,-1.42034455938568,"Non-neuronal","Lrrtm12"
"Gemin72",0.214689806918971,7.89786564190486,3.5059046278393,0.00224821837137734,0.0110635601566639,-1.42199934463655,"Non-neuronal","Gemin72"
"Gpr341",0.214680030279937,7.88809242771507,3.33178355280755,0.00335546359930394,0.012464476209246,-1.78969562307142,"Non-neuronal","Gpr341"
"mt-Co21",0.214346194078656,7.89405959271475,3.47974222032682,0.00238806533256728,0.0110635601566639,-1.47753778912435,"Non-neuronal","mt-Co21"
"Wipf32",0.21431356241506,7.89502568537235,3.50194191632004,0.00226887003792873,0.0110635601566639,-1.43047204844804,"Non-neuronal","Wipf32"
"Gm38304",0.214053923039038,7.89657711699485,3.57532572673893,0.00191507467243318,0.0110635601566639,-1.27456206941085,"Non-neuronal","Gm38304"
"4930426L09Rik",0.214053923039038,7.89657711699485,3.57532572673893,0.00191507467243318,0.0110635601566639,-1.27456206941085,"Non-neuronal","4930426L09Rik"
"Ube2c",0.214053923039038,7.89657711699485,3.57532572673893,0.00191507467243318,0.0110635601566639,-1.27456206941085,"Non-neuronal","Ube2c"
"C2cd4d",0.214053923039038,7.89657711699485,3.57532572673893,0.00191507467243318,0.0110635601566639,-1.27456206941085,"Non-neuronal","C2cd4d"
"Stpg21",0.214053923039038,7.89657711699485,3.57532572673893,0.00191507467243318,0.0110635601566639,-1.27456206941085,"Non-neuronal","Stpg21"
"Ttc39a1",0.214053923039038,7.89657711699485,3.57532572673893,0.00191507467243318,0.0110635601566639,-1.27456206941085,"Non-neuronal","Ttc39a1"
"Pi4k2b1",0.214053923039038,7.89657711699485,3.57532572673893,0.00191507467243318,0.0110635601566639,-1.27456206941085,"Non-neuronal","Pi4k2b1"
"5430402O13Rik1",0.214053923039038,7.89657711699485,3.57532572673893,0.00191507467243318,0.0110635601566639,-1.27456206941085,"Non-neuronal","5430402O13Rik1"
"Iba572",0.214053923039038,7.89657711699485,3.57532572673893,0.00191507467243318,0.0110635601566639,-1.27456206941085,"Non-neuronal","Iba572"
"Cbr2",0.214053923039038,7.89657711699485,3.57532572673893,0.00191507467243318,0.0110635601566639,-1.27456206941085,"Non-neuronal","Cbr2"
"Snrpe2",0.214025751035638,7.89307726019149,3.49786668059512,0.00229030298557178,0.0110635601566639,-1.43916624343395,"Non-neuronal","Snrpe2"
"Il20ra",0.214020203375156,7.89631809344439,3.57460318966397,0.00191827753035786,0.0110635601566639,-1.2761055539482,"Non-neuronal","Il20ra"
"Aplf2",0.214010208802047,7.89624187238339,3.57438715719966,0.00191923618420904,0.0110635601566639,-1.27656702046228,"Non-neuronal","Aplf2"
"Tctn12",0.213998857801855,7.89615561130768,3.57414078063623,0.00192033006862768,0.0110635601566639,-1.27709329267456,"Non-neuronal","Tctn12"
"Pcdhga31",0.213998324266899,7.89615156468667,3.5741291734215,0.00192038161854236,0.0110635601566639,-1.27711808592456,"Non-neuronal","Pcdhga31"
"Zfp5792",0.213996768022557,7.89613976534051,3.57409530320441,0.00192053205062139,0.0110635601566639,-1.27719043324287,"Non-neuronal","Zfp5792"
"Gm130312",0.213991915636475,7.89610301365444,3.5739895651999,0.00192100175304185,0.0110635601566639,-1.2774162897233,"Non-neuronal","Gm130312"
"Kdm4d2",0.213980828088711,7.89601925708332,3.57374721948525,0.00192207871309777,0.0110635601566639,-1.27793393151083,"Non-neuronal","Kdm4d2"
"Cdh202",0.213975633604677,7.89598012221892,3.57363332983019,0.00192258503314432,0.0110635601566639,-1.27817719149839,"Non-neuronal","Cdh202"
"Hist1h4k1",0.213973465589846,7.89596380828002,3.57358572981252,0.00192279668789125,0.0110635601566639,-1.27827886086117,"Non-neuronal","Hist1h4k1"
"AC114585.12",0.213967295707482,7.89591744441115,3.57345005426542,0.00192340009904972,0.0110635601566639,-1.27856864907071,"Non-neuronal","AC114585.12"
"Maml32",0.213965861125609,7.8959066776091,3.57341846294351,0.00192354062692217,0.0110635601566639,-1.27863612415256,"Non-neuronal","Maml32"
"Actn22",0.213960375336616,7.89586555238477,3.57329750306178,0.00192407878721389,0.0110635601566639,-1.27889447731883,"Non-neuronal","Actn22"
"Zfp804b2",0.213958752835536,7.89585340315527,3.57326168018936,0.00192423819459326,0.0110635601566639,-1.27897098932265,"Non-neuronal","Zfp804b2"
"Cln62",0.213956081911437,7.89583341741625,3.57320266252342,0.00192450084438448,0.0110635601566639,-1.27909704117466,"Non-neuronal","Cln62"
"Tmc41",0.213955887458172,7.89583196306162,3.57319836354134,0.00192451997778013,0.0110635601566639,-1.27910622305279,"Non-neuronal","Tmc41"
"Th2",0.213953569323459,7.89581463239246,3.57314709035072,0.00192474819284455,0.0110635601566639,-1.27921573338145,"Non-neuronal","Th2"
"Il17ra2",0.21394821954346,7.89577468685265,3.57302859530301,0.00192527571210746,0.0110635601566639,-1.27946881548497,"Non-neuronal","Il17ra2"
"Shisa81",0.213946795849805,7.89576406822774,3.57299702198924,0.00192541629506575,0.0110635601566639,-1.27953624939051,"Non-neuronal","Shisa81"
"Csk2",0.213946397431191,7.89576109750501,3.57298818329772,0.00192545565193298,0.0110635601566639,-1.27955512692598,"Non-neuronal","Csk2"
"Zfp6082",0.21394040570869,7.89571646808417,3.57285510525814,0.00192604831694649,0.0110635601566639,-1.27983935096512,"Non-neuronal","Zfp6082"
"Zbtb92",0.213938912550097,7.89570535984928,3.57282189655253,0.0019261962404799,0.0110635601566639,-1.27991027655636,"Non-neuronal","Zbtb92"
"Atp8b11",0.213938508901122,7.89570235786356,3.57281291607722,0.00192623624467719,0.0110635601566639,-1.27992945659511,"Non-neuronal","Atp8b11"
"Mettl252",0.21393513261296,7.89567726347342,3.57273774819545,0.00192657111777717,0.0110635601566639,-1.28008999567074,"Non-neuronal","Mettl252"
"Scamp42",0.213934272723916,7.89567087672714,3.57271858941484,0.00192665647938221,0.0110635601566639,-1.28013091367048,"Non-neuronal","Scamp42"
"Hist2h42",0.213930992645052,7.89564653067131,3.5726454529383,0.00192698237197773,0.0110635601566639,-1.28028711283085,"Non-neuronal","Hist2h42"
"Dtwd21",0.213925817227563,7.89560816950822,3.57252988020779,0.00192749746940085,0.0110635601566639,-1.28053394185394,"Non-neuronal","Dtwd21"
"Arx2",0.21392575253975,7.89560769043889,3.57252843430086,0.00192750391454071,0.0110635601566639,-1.28053702986489,"Non-neuronal","Arx2"
"Reck1",0.21392323289548,7.89558903813159,3.57247208898913,0.00192775509071482,0.0110635601566639,-1.28065736573943,"Non-neuronal","Reck1"
"Hist2h2be1",0.213921546921535,7.89557656581561,3.5724343582352,0.00192792330496,0.0110635601566639,-1.2807379464195,"Non-neuronal","Hist2h2be1"
"Afg1l2",0.213914413583472,7.89552387116142,3.57227446919357,0.00192863629579635,0.0110635601566639,-1.28107941456324,"Non-neuronal","Afg1l2"
"Zfp8732",0.213914342014997,7.89552334309681,3.57227286298354,0.00192864345966529,0.0110635601566639,-1.28108284485144,"Non-neuronal","Zfp8732"
"Map3k202",0.213913012394316,7.89551353478555,3.57224301493697,0.00192877658993237,0.0110635601566639,-1.28114658947533,"Non-neuronal","Map3k202"
"Arhgap222",0.213911476760798,7.89550221203267,3.57220852475323,0.00192893043666931,0.0110635601566639,-1.28122024780723,"Non-neuronal","Arhgap222"
"Fam184b2",0.213909160953399,7.89548514746091,3.57215647660728,0.00192916262529503,0.0110635601566639,-1.2813314030416,"Non-neuronal","Fam184b2"
"Elfn12",0.21390471628985,7.89545243181148,3.57205646326762,0.00192960886579363,0.0110635601566639,-1.28154499238298,"Non-neuronal","Elfn12"
"Dok62",0.213899860653432,7.89541674498152,3.57194702416525,0.00193009727899824,0.0110635601566639,-1.28177870924184,"Non-neuronal","Dok62"
"Lca5l",0.213899824238198,7.89541647755742,3.57194620271687,0.00193010094548234,0.0110635601566639,-1.28178046350858,"Non-neuronal","Lca5l"
"Yes12",0.21389842479158,7.89540620277063,3.57191462634996,0.00193024188985673,0.0110635601566639,-1.2818478971909,"Non-neuronal","Yes12"
"6530409C15Rik1",0.213895118838584,7.89538194883388,3.57183997151802,0.00193057515981374,0.0110635601566639,-1.28200732737848,"Non-neuronal","6530409C15Rik1"
"Arhgap272",0.213891081890876,7.89535236717486,3.57174869325422,0.00193098271635067,0.0110635601566639,-1.28220225651722,"Non-neuronal","Arhgap272"
"Ppox2",0.213888946253593,7.89533673342354,3.57170035342798,0.00193119858758857,0.0110635601566639,-1.28230548790323,"Non-neuronal","Ppox2"
"Trpm32",0.213888569661551,7.89533397773326,3.57169182563014,0.00193123667266056,0.0110635601566639,-1.28232369926677,"Non-neuronal","Trpm32"
"Isoc12",0.213887653993136,7.89532727878295,3.57167108601576,0.00193132929869445,0.0110635601566639,-1.28236798926637,"Non-neuronal","Isoc12"
"Crhr12",0.213876418247622,7.89524524022659,3.57141606854797,0.00193246860109043,0.0110635601566639,-1.28291257917874,"Non-neuronal","Crhr12"
"BC0171581",0.213873734014797,7.89522568512148,3.57135499967401,0.00193274152756217,0.0110635601566639,-1.28304298995685,"Non-neuronal","BC0171581"
"Pggt1b2",0.213870255096278,7.89520036577041,3.57127576810755,0.00193309568268868,0.0110635601566639,-1.28321218558119,"Non-neuronal","Pggt1b2"
"Gm268532",0.21386376409341,7.89515320049451,3.57112768771083,0.00193375775515957,0.0110635601566639,-1.28352840177993,"Non-neuronal","Gm268532"
"Nup372",0.213858596695481,7.89511572329014,3.57100957164311,0.00193428601656426,0.0110635601566639,-1.28378062813486,"Non-neuronal","Nup372"
"Ddx202",0.21385702866605,7.89510436327806,3.57097368928983,0.00193444652473592,0.0110635601566639,-1.28385725119357,"Non-neuronal","Ddx202"
"Macrod12",0.213854888975689,7.89508887095437,3.57092469489367,0.00193466570664673,0.0110635601566639,-1.28396187327908,"Non-neuronal","Macrod12"
"Dhx322",0.213841407749271,7.89499150537925,3.57061520167314,0.00193605082578855,0.0110635601566639,-1.28462275138481,"Non-neuronal","Dhx322"
"Mcu2",0.213839370675441,7.89497682961315,3.57056831600094,0.00193626074527978,0.0110635601566639,-1.28472286743437,"Non-neuronal","Mcu2"
"Cthrc12",0.213837980339957,7.89496681867126,3.57053629777925,0.00193640411219248,0.0110635601566639,-1.28479123644511,"Non-neuronal","Cthrc12"
"4930534D22Rik1",0.213835649849146,7.89495004826003,3.57048259588137,0.00193664459489645,0.0110635601566639,-1.28490590652889,"Non-neuronal","4930534D22Rik1"
"Tepsin2",0.21383407949769,7.89493875493827,3.57044638692161,0.00193680675903638,0.0110635601566639,-1.28498322350757,"Non-neuronal","Tepsin2"
"Fgfr12",0.213833895523174,7.8949374322411,3.57044214364608,0.0019368257636943,0.0110635601566639,-1.28499228415662,"Non-neuronal","Fgfr12"
"Zscan182",0.213827917221116,7.89489449322114,3.57030411879068,0.00193744404574623,0.0110635601566639,-1.28528700628543,"Non-neuronal","Zscan182"
"Cep632",0.21382037102046,7.89484040996778,3.57012951244557,0.00193822647361451,0.0110635601566639,-1.28565983530111,"Non-neuronal","Cep632"
"Tmem1862",0.213817188241216,7.89481763823842,3.57005574082234,0.00193855714508638,0.0110635601566639,-1.28581735485208,"Non-neuronal","Tmem1862"
"Sptlc12",0.213810928763645,7.89477292123167,3.56991043653217,0.00193920861506378,0.0110635601566639,-1.28612761040392,"Non-neuronal","Sptlc12"
"Ezh21",0.213808280886633,7.89475403196929,3.56984888258888,0.00193948465655848,0.0110635601566639,-1.28625904001988,"Non-neuronal","Ezh21"
"Klhdc8b2",0.213804169848416,7.89472473649089,3.56975321245354,0.00193991377067509,0.0110635601566639,-1.28646331298593,"Non-neuronal","Klhdc8b2"
"Spty2d12",0.21380300528002,7.89471644469076,3.56972608848381,0.00194003544824342,0.0110635601566639,-1.28652122724899,"Non-neuronal","Spty2d12"
"Prpf33",0.213801132128323,7.89470311418695,3.56968243991905,0.00194023127061904,0.0110635601566639,-1.28661442404299,"Non-neuronal","Prpf33"
"Lhfpl42",0.213800671519478,7.89469983742866,3.56967170275754,0.00194027944418403,0.0110635601566639,-1.28663734957954,"Non-neuronal","Lhfpl42"
"Arhgef172",0.213796843649012,7.89467262465608,3.56958241163795,0.0019406801052527,0.0110635601566639,-1.28682799943861,"Non-neuronal","Arhgef172"
"Wrn2",0.21379638759908,7.89466938475524,3.56957176637396,0.00194072787740859,0.0110635601566639,-1.28685072857092,"Non-neuronal","Wrn2"
"Vti1a2",0.213795634753211,7.89466403736562,3.56955418986302,0.00194080675707423,0.0110635601566639,-1.28688825684422,"Non-neuronal","Vti1a2"
"Suv39h21",0.213794761224568,7.89465783438397,3.56953379058774,0.00194089830867699,0.0110635601566639,-1.28693181203997,"Non-neuronal","Suv39h21"
"Cage12",0.213793657480152,7.89464999909126,3.56950800714378,0.00194101403043653,0.0110635601566639,-1.28698686305476,"Non-neuronal","Cage12"
"Gm207542",0.213792179233617,7.89463950958174,3.56947346135351,0.00194116909020575,0.0110635601566639,-1.28706062263765,"Non-neuronal","Gm207542"
"Btbd22",0.21379216095393,7.8946393799015,3.56947303406728,0.00194117100816875,0.0110635601566639,-1.28706153494585,"Non-neuronal","Btbd22"
"Zgpat2",0.213791651754137,7.89463576782698,3.56946113058071,0.00194122444019351,0.0110635601566639,-1.28708695032885,"Non-neuronal","Zgpat2"
"Ccs2",0.213790644032013,7.89462862114411,3.5694375676193,0.00194133021321109,0.0110635601566639,-1.28713726002667,"Non-neuronal","Ccs2"
"Nhsl22",0.213789587882815,7.8946211334781,3.56941286434497,0.00194144111114741,0.0110635601566639,-1.28719000432197,"Non-neuronal","Nhsl22"
"Wdr922",0.213787144979127,7.89460382392052,3.56935569372608,0.00194169778546384,0.0110635601566639,-1.28731206967256,"Non-neuronal","Wdr922"
"Gm169581",0.213785890083983,7.89459493739848,3.56932630881611,0.00194182972555559,0.0110635601566639,-1.28737480935674,"Non-neuronal","Gm169581"
"H2-Aa",0.213785890083983,7.89459493739848,3.56932630881611,0.00194182972555559,0.0110635601566639,-1.28737480935674,"Non-neuronal","H2-Aa"
"Npy5r1",0.213780993910534,7.89456029907471,3.5692115491957,0.00194234508822791,0.0110635601566639,-1.28761983102849,"Non-neuronal","Npy5r1"
"Adamtsl12",0.213780812080708,7.8945590137438,3.569207283994,0.00194236424500375,0.0110635601566639,-1.28762893755702,"Non-neuronal","Adamtsl12"
"Ccdc1062",0.213780508254436,7.89455686620177,3.56920015657244,0.00194239625760286,0.0110635601566639,-1.28764415513452,"Non-neuronal","Ccdc1062"
"Med152",0.213780256380588,7.89455508603323,3.56919424738765,0.00194242279892309,0.0110635601566639,-1.28765677167879,"Non-neuronal","Med152"
"Tiam22",0.213772436114336,7.89449988547561,3.56901054806918,0.00194324806970156,0.0110635601566639,-1.28804898020386,"Non-neuronal","Tiam22"
"Med282",0.213765867719018,7.89146779844921,3.49351830455287,0.00231339235477459,0.0110635601566639,-1.44843295228987,"Non-neuronal","Med282"
"U2af1l42",0.213764610767486,7.89444478588075,3.56882628699076,0.00194407621185045,0.0110635601566639,-1.28844238223495,"Non-neuronal","U2af1l42"
"Gm440361",0.213762053600051,7.89442681001417,3.5687659785852,0.0019443473373276,0.0110635601566639,-1.28857114092167,"Non-neuronal","Gm440361"
"Polr3f2",0.21375754385286,7.89439514371677,3.56865950608009,0.00194482609154148,0.0110635601566639,-1.28879845861708,"Non-neuronal","Polr3f2"
"Mcmdc22",0.213754880887194,7.89437646624747,3.56859656663603,0.00194510915381864,0.0110635601566639,-1.28893283276267,"Non-neuronal","Mcmdc22"
"Ern11",0.213749994412539,7.89434223442457,3.56848094263995,0.00194562926424693,0.0110635601566639,-1.2891796853474,"Non-neuronal","Ern11"
"Rbm4b2",0.213746620445574,7.89431862917395,3.568401008406,0.00194598891197147,0.0110635601566639,-1.2893503403898,"Non-neuronal","Rbm4b2"
"Zfp813",0.213744286943729,7.89430231801943,3.56834567699288,0.00194623790276836,0.0110635601566639,-1.28946846917194,"Non-neuronal","Zfp813"
"Zfp9412",0.213740721949949,7.89427742192414,3.5682610701797,0.00194661869336911,0.0110635601566639,-1.28964909792471,"Non-neuronal","Zfp9412"
"Mfsd82",0.213737354815811,7.89425393326613,3.56818107649743,0.00194697878924056,0.0110635601566639,-1.28981987689717,"Non-neuronal","Mfsd82"
"Cntnap22",0.21373552954524,7.89424121084822,3.56813767970059,0.00194717416976733,0.0110635601566639,-1.28991252451541,"Non-neuronal","Cntnap22"
"Cyp2u12",0.213733644301907,7.89422807808928,3.56809283234824,0.00194737610129948,0.0110635601566639,-1.29000826858356,"Non-neuronal","Cyp2u12"
"Elac12",0.21372923236661,7.89419737464353,3.56798778065107,0.0019478491923036,0.0110635601566639,-1.29023254084935,"Non-neuronal","Elac12"
"Pak62",0.21372552990986,7.89417164146621,3.56789951666781,0.00194824676901666,0.0110635601566639,-1.29042097200575,"Non-neuronal","Pak62"
"Zfp1422",0.213724095487459,7.89416167985506,3.5678652952096,0.00194840093786399,0.0110635601566639,-1.29049402964109,"Non-neuronal","Zfp1422"
"Ppif2",0.213721893741396,7.89414639816126,3.5678127394544,0.00194863772679568,0.0110635601566639,-1.29060622784439,"Non-neuronal","Ppif2"
"Cars22",0.213721110719614,7.89414096597863,3.56779404052551,0.00194872198130575,0.0110635601566639,-1.29064614698091,"Non-neuronal","Cars22"
"Zfp5922",0.213721100867409,7.89414089763787,3.56779380522293,0.00194872304156607,0.0110635601566639,-1.29064664931283,"Non-neuronal","Zfp5922"
"Stim12",0.213720923427911,7.89413966684795,3.56778956727648,0.00194874213761379,0.0110635601566639,-1.2906556966229,"Non-neuronal","Stim12"
"Tpbg2",0.213719170465615,7.89412751130167,3.56774768789154,0.00194893085467969,0.0110635601566639,-1.29074510197568,"Non-neuronal","Tpbg2"
"Sfi12",0.213717092446497,7.89411311038634,3.56769801491775,0.00194915471463399,0.0110635601566639,-1.2908511449334,"Non-neuronal","Sfi12"
"Tbc1d252",0.213713079286997,7.89408532530711,3.56760199920508,0.00194958749819532,0.0110635601566639,-1.29105612022438,"Non-neuronal","Tbc1d252"
"Fam174b2",0.213712427042284,7.89408081280157,3.56758638352588,0.00194965789365402,0.0110635601566639,-1.29108945658542,"Non-neuronal","Fam174b2"
"A030001D20Rik2",0.213710518185543,7.89406761182659,3.56754066576486,0.00194986400367686,0.0110635601566639,-1.29118705465528,"Non-neuronal","A030001D20Rik2"
"Hist2h2aa12",0.213702301861264,7.89401088077102,3.56734359381018,0.00195075271210551,0.0110635601566639,-1.29160775900957,"Non-neuronal","Hist2h2aa12"
"Trp532",0.213702240265259,7.89401045602201,3.56734211464173,0.0019507593840204,0.0110635601566639,-1.29161091667767,"Non-neuronal","Trp532"
"Zfp3462",0.213700958208611,7.89400161717496,3.56731132135054,0.0019508982848894,0.0110635601566639,-1.29167665284967,"Non-neuronal","Zfp3462"
"Pml2",0.213700596895451,7.8939991268248,3.56730264104261,0.00195093744136066,0.0110635601566639,-1.29169518316336,"Non-neuronal","Pml2"
"Haus52",0.213693092902743,7.8939474691968,3.56712215949917,0.00195175176107826,0.0110635601566639,-1.29208046387605,"Non-neuronal","Haus52"
"Lrch22",0.213688062955161,7.89391291076339,3.56700096585191,0.00195229876633336,0.0110635601566639,-1.29233917749534,"Non-neuronal","Lrch22"
"Msc1",0.213687590229196,7.89390966567535,3.56698956689449,0.00195235022309802,0.0110635601566639,-1.29236351087095,"Non-neuronal","Msc1"
"Clcc12",0.213686708165451,7.89390361191707,3.56696829339079,0.00195244625876542,0.0110635601566639,-1.29240892340213,"Non-neuronal","Clcc12"
"Chrac12",0.213677878522608,7.89384310433752,3.56675504878011,0.00195340917345911,0.0110635601566639,-1.29286413242339,"Non-neuronal","Chrac12"
"Usp202",0.213677477402912,7.8938403595111,3.56674534874553,0.0019534529855018,0.0110635601566639,-1.292884838718,"Non-neuronal","Usp202"
"Pcgf12",0.213676582799982,7.89383423905999,3.56672371117025,0.0019535507192018,0.0110635601566639,-1.29293102757139,"Non-neuronal","Pcgf12"
"Lig32",0.213675760274487,7.8938286132354,3.56670381212456,0.00195364060448269,0.0110635601566639,-1.29297350518918,"Non-neuronal","Lig32"
"Mrs22",0.213671822283652,7.89380169855488,3.56660847828277,0.00195407129025643,0.0110635601566639,-1.29317700925892,"Non-neuronal","Mrs22"
"Polg3",0.213668351640872,7.89377800539098,3.56652437137287,0.00195445133438289,0.0110635601566639,-1.29335654657499,"Non-neuronal","Polg3"
"Inafm22",0.213666742137061,7.89376702642317,3.56648533935258,0.00195462772862119,0.0110635601566639,-1.29343986519339,"Non-neuronal","Inafm22"
"Ppfia42",0.213665297797032,7.89375717877636,3.56645029784305,0.00195478610225282,0.0110635601566639,-1.29351466536956,"Non-neuronal","Ppfia42"
"Pdk22",0.213662807876297,7.89374032938172,3.5663894522048,0.00195506113033064,0.0110635601566639,-1.29364454353501,"Non-neuronal","Pdk22"
"2900079G21Rik1",0.213658871816032,7.89371387543869,3.56629264689642,0.00195549877825546,0.0110635601566639,-1.29385117371416,"Non-neuronal","2900079G21Rik1"
"Fam98c2",0.213658766364898,7.89371316714523,3.5662900520054,0.00195551051085038,0.0110635601566639,-1.29385671246893,"Non-neuronal","Fam98c2"
"Cdh122",0.213650851436353,7.89366006889812,3.56609508072984,0.00195639225682442,0.0110635601566639,-1.29427287266671,"Non-neuronal","Cdh122"
"Atad52",0.213647660610689,7.89363869891019,3.56601636608987,0.00195674835026606,0.0110635601566639,-1.29444088498686,"Non-neuronal","Atad52"
"Sipa12",0.213646436568668,7.89363050659305,3.5659861528136,0.00195688504766689,0.0110635601566639,-1.29450537340636,"Non-neuronal","Sipa12"
"Golim42",0.213641314229823,7.89359625655734,3.56585961310125,0.0019574576682437,0.0110635601566639,-1.29477546328265,"Non-neuronal","Golim42"
"Vcpkmt2",0.213640847631046,7.89359313932961,3.56584807814723,0.00195750987472095,0.0110635601566639,-1.29480008368678,"Non-neuronal","Vcpkmt2"
"Slc26a22",0.213639719560254,7.89358560479562,3.565820184971,0.00195763612316328,0.0110635601566639,-1.29485961927731,"Non-neuronal","Slc26a22"
"Gm394692",0.21363641279075,7.89356353327,3.56573837360236,0.00195800645928507,0.0110635601566639,-1.29503423793506,"Non-neuronal","Gm394692"
"Lrrc142",0.213633077875253,7.89354129624407,3.5656557954286,0.00195838033662479,0.0110635601566639,-1.29521049222917,"Non-neuronal","Lrrc142"
"Alg142",0.213618296912942,7.89344300710299,3.56528894579804,0.00196004212093032,0.0110635601566639,-1.29599348104917,"Non-neuronal","Alg142"
"Rnf312",0.213616314350173,7.89342985697341,3.56523963566118,0.0019602655959384,0.0110635601566639,-1.29609872502931,"Non-neuronal","Rnf312"
"Gpatch112",0.21361615972082,7.89342883166391,3.56523578869453,0.00196028303156314,0.0110635601566639,-1.2961069357005,"Non-neuronal","Gpatch112"
"Vps37a2",0.213615705690247,7.89342582137436,3.56522449216761,0.00196033423174887,0.0110635601566639,-1.29613104613003,"Non-neuronal","Vps37a2"
"Sp21",0.213614735196067,7.89341938823752,3.56520034140676,0.00196044369667179,0.0110635601566639,-1.2961825915733,"Non-neuronal","Sp21"
"Lsm14a2",0.213614403227425,7.89341718814167,3.56519207900597,0.00196048114793544,0.0110635601566639,-1.29620022615738,"Non-neuronal","Lsm14a2"
"Znrf22",0.213612638975597,7.89340549939782,3.56514815676925,0.00196068024759741,0.0110635601566639,-1.29629396996958,"Non-neuronal","Znrf22"
"Safb3",0.21360878237682,7.89337996981287,3.56505207626252,0.00196111585046246,0.0110635601566639,-1.29649903485526,"Non-neuronal","Safb3"
"Fam229b2",0.213607770469832,7.8933732761899,3.5650268509394,0.00196123023103957,0.0110635601566639,-1.29655287310037,"Non-neuronal","Fam229b2"
"Bysl2",0.21360760799194,7.89337220161154,3.56502280001321,0.00196124859999164,0.0110635601566639,-1.2965615189572,"Non-neuronal","Bysl2"
"Fndc3a2",0.213605115334484,7.89335572253993,3.56496063199962,0.00196153052256536,0.0110635601566639,-1.29669420330299,"Non-neuronal","Fndc3a2"
"Pym12",0.213603688710146,7.89334629662661,3.56492503390066,0.00196169197258661,0.0110635601566639,-1.29677017958003,"Non-neuronal","Pym12"
"Dph22",0.213601273395031,7.89333034751692,3.56486473641768,0.00196196547300637,0.0110635601566639,-1.29689887080128,"Non-neuronal","Dph22"
"Fto2",0.21359533189503,7.89329116315856,3.56471625466653,0.00196263912459586,0.0110635601566639,-1.29721576890326,"Non-neuronal","Fto2"
"Sh3bp5l2",0.213594305931764,7.89328440398876,3.56469059303894,0.00196275557278395,0.0110635601566639,-1.29727053705763,"Non-neuronal","Sh3bp5l2"
"Setmar1",0.213593825593218,7.89328124017696,3.56467857646087,0.00196281010435599,0.0110635601566639,-1.29729618332395,"Non-neuronal","Setmar1"
"Pomc1",0.213573866840568,7.89315018188854,3.56417801291097,0.00196508300478607,0.0110635601566639,-1.29836448718572,"Non-neuronal","Pomc1"
"Cmtr22",0.213571338607789,7.89313363626841,3.56411443067592,0.00196537189741503,0.0110635601566639,-1.29850018187804,"Non-neuronal","Cmtr22"
"Ufl12",0.213568369827829,7.89311422354322,3.56403971937808,0.00196571140968018,0.0110635601566639,-1.29865962701397,"Non-neuronal","Ufl12"
"Agpat42",0.213567606430741,7.89310923451057,3.5640204993074,0.00196579876124808,0.0110635601566639,-1.29870064539982,"Non-neuronal","Agpat42"
"Npas22",0.21356664047789,7.89310292334794,3.56399617439948,0.00196590931882284,0.0110635601566639,-1.29875255816209,"Non-neuronal","Npas22"
"Dus4l2",0.213554148450841,7.89302146931909,3.5636810863034,0.00196734196010283,0.0110635601566639,-1.29942499245754,"Non-neuronal","Dus4l2"
"Tor1a2",0.213553984288015,7.8930204009216,3.56367693931497,0.00196736082248059,0.0110635601566639,-1.29943384251155,"Non-neuronal","Tor1a2"
"Pdxk2",0.213549130126028,7.8929888329282,3.56355424278107,0.0019679189825349,0.0110635601566639,-1.29969568704139,"Non-neuronal","Pdxk2"
"Cebpz2",0.213547921656153,7.89298098101367,3.56352367475661,0.00196805806416109,0.0110635601566639,-1.29976092138642,"Non-neuronal","Cebpz2"
"Vps33a2",0.213547783285629,7.89298008214543,3.56352017413918,0.00196807399225899,0.0110635601566639,-1.29976839194505,"Non-neuronal","Vps33a2"
"Rbm422",0.213545399259176,7.89296460110494,3.56345984290409,0.00196834852434277,0.0110635601566639,-1.29989714267437,"Non-neuronal","Rbm422"
"Prkag12",0.213543564685446,7.89295269551203,3.56341339313325,0.00196855991576833,0.0110635601566639,-1.29999626910642,"Non-neuronal","Prkag12"
"Crebzf2",0.213540943980154,7.89293569955522,3.56334700421523,0.00196886208851021,0.0110635601566639,-1.30013794625865,"Non-neuronal","Crebzf2"
"Srek1ip12",0.213539706671599,7.89292767989906,3.56331564585231,0.00196900483370653,0.0110635601566639,-1.30020486629438,"Non-neuronal","Srek1ip12"
"Nck12",0.213537739018381,7.89291493257753,3.56326575876952,0.00196923194382274,0.0110635601566639,-1.30031132708575,"Non-neuronal","Nck12"
"Ilvbl2",0.213536355810133,7.89290597601827,3.56323067562272,0.00196939167474782,0.0110635601566639,-1.30038619554008,"Non-neuronal","Ilvbl2"
"Lmf22",0.213530146914813,7.89286581754397,3.56307305513558,0.00197010946672838,0.0110635601566639,-1.30072256003731,"Non-neuronal","Lmf22"
"Sgsm12",0.213529927971615,7.89286440279661,3.56306749280331,0.00197013480189154,0.0110635601566639,-1.30073443007261,"Non-neuronal","Sgsm12"
"Mageh12",0.213529863021294,7.89286398312425,3.56306584266178,0.00197014231797413,0.0110635601566639,-1.30073795147916,"Non-neuronal","Mageh12"
"Pcdh11x2",0.213524933624778,7.89283215578441,3.56294053228835,0.00197071316569712,0.0110635601566639,-1.30100536301208,"Non-neuronal","Pcdh11x2"
"Cep2902",0.213522718773924,7.89281787046872,3.56288418157814,0.00197096992290122,0.0110635601566639,-1.30112561432756,"Non-neuronal","Cep2902"
"Cacfd12",0.213521085585181,7.8928073427703,3.56284261104606,0.00197115935664299,0.0110635601566639,-1.30121432473819,"Non-neuronal","Cacfd12"
"Gm87972",0.213518485676397,7.89279059403058,3.5627764014915,0.00197146110562617,0.0110635601566639,-1.30135561365431,"Non-neuronal","Gm87972"
"Dnajb112",0.213516338752355,7.89277677318469,3.56272169762451,0.00197171045201176,0.0110635601566639,-1.30147234935259,"Non-neuronal","Dnajb112"
"Trim392",0.213514138754544,7.89276261980978,3.56266561325588,0.00197196612318796,0.0110635601566639,-1.30159203053568,"Non-neuronal","Trim392"
"Arhgap122",0.21350903638679,7.89272982998322,3.56253542944456,0.00197255971676668,0.0110635601566639,-1.30186983441221,"Non-neuronal","Arhgap122"
"Ccdc772",0.213506376253873,7.89271275458419,3.56246749718149,0.00197286953461932,0.0110635601566639,-1.30201479652665,"Non-neuronal","Ccdc772"
"Siah22",0.21350222367171,7.89268612604101,3.56236136919016,0.00197335364737942,0.0110635601566639,-1.30224126400513,"Non-neuronal","Siah22"
"Ech12",0.213499758412881,7.89267033298909,3.56229831664792,0.00197364132295894,0.0110635601566639,-1.30237581163267,"Non-neuronal","Ech12"
"Utp182",0.213499290459144,7.89266733646424,3.5622863440542,0.0019736959522804,0.0110635601566639,-1.30240135984983,"Non-neuronal","Utp182"
"Fam118b2",0.213499116891772,7.89266622513741,3.56228190300948,0.00197371621654455,0.0110635601566639,-1.30241083655265,"Non-neuronal","Fam118b2"
"Mgat32",0.213490678910952,7.89261226673091,3.56206579015065,0.00197470257679854,0.0110635601566639,-1.30287199432164,"Non-neuronal","Mgat32"
"Acad112",0.213487395881981,7.89259130907714,3.56198159382414,0.00197508698873333,0.0110635601566639,-1.30305165693911,"Non-neuronal","Acad112"
"Rras22",0.213483576431285,7.89256695266936,3.56188356200376,0.00197553466189427,0.0110635601566639,-1.30326084120602,"Non-neuronal","Rras22"
"Nsmce32",0.213476952145107,7.89252477505668,3.56171334044061,0.00197631223539684,0.0110635601566639,-1.30362406363865,"Non-neuronal","Nsmce32"
"Uhrf1bp1l2",0.213474554896542,7.89250953179103,3.56165167712797,0.00197659398842783,0.0110635601566639,-1.30375564113195,"Non-neuronal","Uhrf1bp1l2"
"Wdr482",0.213468173209412,7.89246900533482,3.56148736334519,0.00197734496723675,0.0110635601566639,-1.30410625211025,"Non-neuronal","Wdr482"
"Capn102",0.213459546290109,7.89241434161164,3.5612648701807,0.0019783622975204,0.0110635601566639,-1.30458099957911,"Non-neuronal","Capn102"
"Pex142",0.213458513693661,7.89240780794667,3.5612382105379,0.00197848423102069,0.0110635601566639,-1.30463788444734,"Non-neuronal","Pex142"
"Anp32e2",0.213456795716485,7.89239694198899,3.56119384227197,0.00197868717508518,0.0110635601566639,-1.30473255477354,"Non-neuronal","Anp32e2"
"Ska22",0.213456713987052,7.89239642519885,3.56119173112028,0.00197869683217703,0.0110635601566639,-1.30473705941465,"Non-neuronal","Ska22"
"Susd42",0.213456469848166,7.89239488153804,3.56118542454704,0.00197872568076332,0.0110635601566639,-1.30475051597552,"Non-neuronal","Susd42"
"Asah12",0.213455363261287,7.89238788611098,3.56115683505763,0.00197885646481189,0.0110635601566639,-1.30481151832181,"Non-neuronal","Asah12"
"BC0305002",0.213454338293828,7.89238140868053,3.56113034807372,0.00197897763845578,0.0110635601566639,-1.30486803438006,"Non-neuronal","BC0305002"
"Mthfd2l2",0.213451839615113,7.89236562608991,3.56106575283586,0.00197927318186584,0.0110635601566639,-1.30500586273201,"Non-neuronal","Mthfd2l2"
"Paip12",0.213450392424177,7.89235649038602,3.56102832425271,0.00197944444926498,0.0110635601566639,-1.30508572469834,"Non-neuronal","Paip12"
"AC163032.12",0.213431559017891,7.89223795347259,3.56054016213047,0.00198167954311704,0.0110635601566639,-1.3061273061713,"Non-neuronal","AC163032.12"
"Pdcd112",0.213430782087917,7.8922330775343,3.56051998139551,0.00198177199599679,0.0110635601566639,-1.30617036467837,"Non-neuronal","Pdcd112"
"Arl5a2",0.213429079764326,7.8922223977897,3.56047575181115,0.00198197463742024,0.0110635601566639,-1.3062647346752,"Non-neuronal","Arl5a2"
"Gm269091",0.213425308791687,7.89219875904625,3.56037771730522,0.0019824238633355,0.0110635601566639,-1.30647390402446,"Non-neuronal","Gm269091"
"Ipo112",0.21342471880472,7.89219506300844,3.56036237217125,0.0019824941888117,0.0110635601566639,-1.30650664474037,"Non-neuronal","Ipo112"
"Hspa132",0.213422505598751,7.89218120381858,3.56030479104514,0.0019827581002866,0.0110635601566639,-1.30662950080985,"Non-neuronal","Hspa132"
"Dgkq2",0.21342051188629,7.89216872678084,3.56025289721172,0.00198299597490185,0.0110635601566639,-1.30674022198325,"Non-neuronal","Dgkq2"
"Nicn12",0.213416126774749,7.89214130946661,3.56013868074868,0.00198351962758359,0.0110635601566639,-1.30698391400146,"Non-neuronal","Nicn12"
"Top1mt2",0.213415252051979,7.89213584458104,3.56011588462081,0.00198362415821487,0.0110635601566639,-1.30703255155959,"Non-neuronal","Top1mt2"
"Zfp6171",0.213404581671674,7.89206929288558,3.55983746440279,0.001984901280441,0.0110635601566639,-1.30762657999948,"Non-neuronal","Zfp6171"
"Il342",0.213398946332134,7.89203422844718,3.55969017007962,0.00198557725221164,0.0110635601566639,-1.30794083814358,"Non-neuronal","Il342"
"Hacd12",0.213395399901103,7.89201219118561,3.55959738574304,0.00198600318015076,0.0110635601566639,-1.30813879559774,"Non-neuronal","Hacd12"
"Ermp12",0.213370027578502,7.89185519038086,3.55893158333328,0.0019890622020951,0.0110635601566639,-1.30955926555083,"Non-neuronal","Ermp12"
"Bbs42",0.213367308914307,7.89183843608713,3.55886003601856,0.00198939120196718,0.0110635601566639,-1.30971190607834,"Non-neuronal","Bbs42"
"Poldip22",0.213356118984104,7.89176961468036,3.55856513319534,0.00199074783636188,0.0110635601566639,-1.3103410506017,"Non-neuronal","Poldip22"
"Tmem2312",0.213347430237878,7.89171632970482,3.55833568732062,0.00199180398207293,0.0110635601566639,-1.31083054143978,"Non-neuronal","Tmem2312"
"Brms12",0.213343241065852,7.89169068675087,3.5582249198609,0.00199231404560556,0.0110635601566639,-1.31106684587157,"Non-neuronal","Brms12"
"Dcaf42",0.213340001946435,7.89167088054423,3.55813920955281,0.00199270881406087,0.0110635601566639,-1.31124969380272,"Non-neuronal","Dcaf42"
"Snhg122",0.21333321443703,7.89162943698931,3.5579594261365,0.00199353711948488,0.0110635601566639,-1.31163322704627,"Non-neuronal","Snhg122"
"Mydgf2",0.213315737221297,7.89152309566705,3.55749539009207,0.00199567661540218,0.0110635601566639,-1.3126231385571,"Non-neuronal","Mydgf2"
"A230065N10Rik2",0.213312897972354,7.89150587046082,3.55741985528662,0.00199602509235486,0.0110635601566639,-1.31278427155334,"Non-neuronal","A230065N10Rik2"
"Alkbh72",0.213312469861673,7.8915032744097,3.55740846229135,0.00199607765871565,0.0110635601566639,-1.31280857534943,"Non-neuronal","Alkbh72"
"Synrg2",0.213311601783574,7.8914980113879,3.55738535785238,0.00199618426492633,0.0110635601566639,-1.31285786221034,"Non-neuronal","Synrg2"
"Cdipt2",0.213306544761561,7.89146737751131,3.5572506845778,0.00199680577280446,0.0110635601566639,-1.31314514858386,"Non-neuronal","Cdipt2"
"Nudt92",0.213286890299767,7.89134873761772,3.55672601839946,0.00199922889231663,0.0110635601566639,-1.31426434890124,"Non-neuronal","Nudt92"
"Metap12",0.213285624340605,7.89134111878481,3.55669215649036,0.00199938537986057,0.0110635601566639,-1.31433658074797,"Non-neuronal","Metap12"
"Tox5",0.21328001805822,7.89130741200603,3.55654210148561,0.00200007898116292,0.0110635601566639,-1.31465666573807,"Non-neuronal","Tox5"
"Mtfr1l2",0.213273883844622,7.89127059291705,3.55637773341456,0.0020008390143906,0.0110635601566639,-1.31500727880024,"Non-neuronal","Mtfr1l2"
"Gse12",0.213268673183009,7.89123936780287,3.55623796274551,0.00200148553410968,0.0110635601566639,-1.31530542043673,"Non-neuronal","Gse12"
"Dusp262",0.213265609020855,7.89122102732919,3.55615570582143,0.0020018661160222,0.0110635601566639,-1.31548087961982,"Non-neuronal","Dusp262"
"Rit22",0.213236030282496,7.89104480425582,3.55535925506678,0.00200555478594279,0.0110635601566639,-1.31717971359997,"Non-neuronal","Rit22"
"Lonp22",0.213228862757498,7.89100232415501,3.55516560583118,0.00200645266300098,0.0110635601566639,-1.31759275611008,"Non-neuronal","Lonp22"
"Foxk22",0.213216949645457,7.89093190864131,3.55484318429052,0.00200794848764553,0.0110635601566639,-1.31828045171083,"Non-neuronal","Foxk22"
"Pygm1",0.213213973712651,7.89091435563249,3.5547625341098,0.00200832282361185,0.0110635601566639,-1.31845246906693,"Non-neuronal","Pygm1"
"Rbm182",0.213213910967194,7.8909139856985,3.55476083319283,0.0020083307191203,0.0110635601566639,-1.31845609691393,"Non-neuronal","Rbm182"
"Ptp4a32",0.213197209144662,7.89081574793383,3.55430739747013,0.00201043662084371,0.0110635601566639,-1.31942320640277,"Non-neuronal","Ptp4a32"
"Lats12",0.213192432013606,7.89078773451185,3.55417745593469,0.00201104051273888,0.0110635601566639,-1.31970034710645,"Non-neuronal","Lats12"
"Nfe2l12",0.213192183619102,7.89078627894022,3.55417069641758,0.00201107193189835,0.0110635601566639,-1.31971476381826,"Non-neuronal","Nfe2l12"
"Fndc42",0.213191146717261,7.8907802038789,3.55414247618538,0.00201120310862633,0.0110635601566639,-1.31977495192392,"Non-neuronal","Fndc42"
"Yif1a2",0.213189858108783,7.89077265657489,3.55410739833559,0.00201136617353677,0.0110635601566639,-1.31984976581355,"Non-neuronal","Yif1a2"
"Tmem63b2",0.213186630473339,7.89075376451401,3.55401950233301,0.0020117748292413,0.0110635601566639,-1.32003722934755,"Non-neuronal","Tmem63b2"
"Naa202",0.213180931962301,7.89072045171947,3.5538641969935,0.00201249709204121,0.0110635601566639,-1.32036846029892,"Non-neuronal","Naa202"
"Tmem86a1",0.213175912900992,7.89069115506593,3.55372728086559,0.00201313404616671,0.0110635601566639,-1.32066046870377,"Non-neuronal","Tmem86a1"
"Osbp22",0.213165439836156,7.89063015575282,3.55344119848166,0.00201446558582032,0.0110635601566639,-1.3212706043472,"Non-neuronal","Osbp22"
"Fam216a2",0.213154439577962,7.89056643309687,3.55313924522906,0.00201587193720905,0.0110635601566639,-1.32191456864455,"Non-neuronal","Fam216a2"
"Ap1ar2",0.213149425019648,7.89053748656527,3.55300119104287,0.00201651524906974,0.0110635601566639,-1.32220898578106,"Non-neuronal","Ap1ar2"
"Dhcr72",0.213146210729143,7.89051895326941,3.55291263850409,0.00201692799726926,0.0110635601566639,-1.3223978334552,"Non-neuronal","Dhcr72"
"Lrrn32",0.2131173856094,7.89035348632401,3.5521164051929,0.00202064302980914,0.0110635601566639,-1.32409584153905,"Non-neuronal","Lrrn32"
"Lsm122",0.213115975656989,7.89034542647814,3.55207736142104,0.00202082537214619,0.0110635601566639,-1.32417910234696,"Non-neuronal","Lsm122"
"Scd11",0.213109718639536,7.89030969673323,3.55190398677957,0.00202163526299395,0.0110635601566639,-1.3245488213331,"Non-neuronal","Scd11"
"Chchd72",0.213091096342148,7.890203707606,3.55138673376895,0.00202405342765123,0.0110635601566639,-1.32565183320018,"Non-neuronal","Chchd72"
"Rab4b2",0.213089779206167,7.89019622918665,3.55135005116172,0.00202422502763496,0.0110635601566639,-1.32573005531112,"Non-neuronal","Rab4b2"
"Ipo52",0.213082208090613,7.89015329455944,3.55113904519769,0.00202521238506623,0.0110635601566639,-1.32618000190899,"Non-neuronal","Ipo52"
"Ubxn13",0.213078988992128,7.89013506663335,3.55104925301989,0.00202563269250722,0.0110635601566639,-1.32637147202137,"Non-neuronal","Ubxn13"
"Sike12",0.213072581310915,7.89009883155382,3.5508703847684,0.00202647021182913,0.0110635601566639,-1.32675288230618,"Non-neuronal","Sike12"
"Brsk12",0.213061529043186,7.89003648124272,3.55056144365361,0.00202791757917781,0.0110635601566639,-1.32741164466473,"Non-neuronal","Brsk12"
"Nyap22",0.213017896252638,7.8897922100106,3.5493363261575,0.0020336672147673,0.0110635601566639,-1.330023874045,"Non-neuronal","Nyap22"
"Zkscan161",0.213013147608356,7.88976580929332,3.54920244229677,0.00203429652293757,0.0110635601566639,-1.33030933331687,"Non-neuronal","Zkscan161"
"Cdc162",0.212999707151299,7.88969126967248,3.5488229882331,0.00203608115403111,0.0110635601566639,-1.33111837115602,"Non-neuronal","Cdc162"
"Zfp7042",0.21299561925447,7.88966865241732,3.54870742836491,0.00203662495664662,0.0110635601566639,-1.33136475407574,"Non-neuronal","Zfp7042"
"Cdc42bpb2",0.212994083590998,7.88966016247101,3.54866399908877,0.00203682936354037,0.0110635601566639,-1.3314573483654,"Non-neuronal","Cdc42bpb2"
"Pcdh12",0.212988847648775,7.88963124200101,3.54851585072608,0.00203752679997294,0.0110635601566639,-1.33177320945301,"Non-neuronal","Pcdh12"
"Letm12",0.212988443741604,7.889629012743,3.54850441766052,0.00203758063308077,0.0110635601566639,-1.33179758531672,"Non-neuronal","Letm12"
"Hcn22",0.212976006239181,7.88956048639223,3.54815203028258,0.00203924055320757,0.0110635601566639,-1.33254888502563,"Non-neuronal","Hcn22"
"Psme32",0.212956230098584,7.88945199963468,3.54759041510923,0.00204188879772502,0.0110635601566639,-1.33374623351416,"Non-neuronal","Psme32"
"Tox32",0.212950295714864,7.88941955780869,3.54742157673745,0.00204268560246018,0.0110635601566639,-1.33410618503408,"Non-neuronal","Tox32"
"Ppfia32",0.212938554772983,7.88935552536132,3.54708711827785,0.00204426492938335,0.0110635601566639,-1.33481921689503,"Non-neuronal","Ppfia32"
"Prpsap22",0.212921104815472,7.88926072947056,3.54658901013021,0.0020466192497669,0.0110635601566639,-1.33588110881859,"Non-neuronal","Prpsap22"
"Crcp2",0.212908093219818,7.88919033263469,3.54621680816259,0.00204838021706511,0.0110635601566639,-1.33667456843248,"Non-neuronal","Crcp2"
"Tbc1d9b2",0.212906991701476,7.88918438431494,3.54618526812992,0.00204852950838642,0.0110635601566639,-1.33674180467481,"Non-neuronal","Tbc1d9b2"
"Sec14l22",0.212894222495974,7.88911555680034,3.54581929715172,0.00205026257719121,0.0110635601566639,-1.33752196373619,"Non-neuronal","Sec14l22"
"Acly2",0.212883590870312,7.88905842969547,3.54551410471351,0.0020517089327457,0.0110635601566639,-1.33817254598805,"Non-neuronal","Acly2"
"Pja12",0.212841076665787,7.88883159436445,3.54428933854446,0.00205752342406756,0.0110635601566639,-1.34078328403328,"Non-neuronal","Pja12"
"Snapc52",0.212835025731584,7.88879951675996,3.54411446195191,0.00205835496319713,0.0110635601566639,-1.34115604041278,"Non-neuronal","Snapc52"
"Fbxo452",0.212797382472766,7.88860110598268,3.54302346991509,0.00206355012488924,0.0110635601566639,-1.34348145253071,"Non-neuronal","Fbxo452"
"Sdr39u12",0.212783093452554,7.88852630403925,3.54260796960906,0.00206553208153232,0.0110635601566639,-1.34436704075891,"Non-neuronal","Sdr39u12"
"Hrh32",0.212745214589598,7.8883293597704,3.5415029346383,0.00207081229205716,0.0110635601566639,-1.34672219065274,"Non-neuronal","Hrh32"
"Ppp1r14b2",0.212737715797723,7.88829060148794,3.54128356399356,0.00207186209762155,0.0110635601566639,-1.34718971630325,"Non-neuronal","Ppp1r14b2"
"Bclaf32",0.212701351704624,7.8881037173289,3.54021695478344,0.00207697387580124,0.0110635601566639,-1.34946280910303,"Non-neuronal","Bclaf32"
"Fuca22",0.212699426042038,7.88809386989855,3.54016034377895,0.002077245534175,0.0110635601566639,-1.34958345138346,"Non-neuronal","Fuca22"
"Ick2",0.212699156519164,7.88809249200701,3.5401524192686,0.0020772835641989,0.0110635601566639,-1.34960033907777,"Non-neuronal","Ick2"
"Pyurf2",0.21268487624254,7.88801962354868,3.5397321921544,0.00207930123381262,0.0110635601566639,-1.35049586257866,"Non-neuronal","Pyurf2"
"Dap32",0.212663822307621,7.88791267943482,3.53911136166079,0.00208228561324535,0.0110635601566639,-1.35181884417365,"Non-neuronal","Dap32"
"Rnaseh2c2",0.212597684319165,7.88758046388742,3.53715143340276,0.00209173487933879,0.0110635601566639,-1.35599513676584,"Non-neuronal","Rnaseh2c2"
"Fdft12",0.212581271113167,7.8874988842863,3.53666281963248,0.00209409717563848,0.0110635601566639,-1.35703622626421,"Non-neuronal","Fdft12"
"Sestd12",0.212580326837475,7.88749420123772,3.53663468249654,0.00209423329005207,0.0110635601566639,-1.35709617724318,"Non-neuronal","Sestd12"
"Park72",0.212542211611582,7.88730610484822,3.53549656313502,0.00209974630240224,0.0110635601566639,-1.35952105999734,"Non-neuronal","Park72"
"Glrx32",0.212523636784357,7.88721509363627,3.5349402572637,0.00210244623361273,0.0110635601566639,-1.36070627477757,"Non-neuronal","Glrx32"
"Tomm62",0.212518435185701,7.88718968354907,3.53478427946501,0.00210320385821436,0.0110635601566639,-1.36103858064682,"Non-neuronal","Tomm62"
"Hint22",0.212515223519903,7.88717401098238,3.53468793092376,0.0021036719825378,0.0110635601566639,-1.36124384685963,"Non-neuronal","Hint22"
"Klc42",0.212496721847065,7.88708397069752,3.53413226961563,0.00210637375445181,0.0110635601566639,-1.36242763775957,"Non-neuronal","Klc42"
"Ttc332",0.212478558921149,7.8869959842075,3.53358576346043,0.00210903434850288,0.0110635601566639,-1.36359189046894,"Non-neuronal","Ttc332"
"Cstf2t2",0.212477356763801,7.88699017470246,3.53354955629364,0.00210921073536063,0.0110635601566639,-1.36366902344101,"Non-neuronal","Cstf2t2"
"D130020L05Rik2",0.212458408727866,7.88689883703171,3.53297829506841,0.00211199561764863,0.0110635601566639,-1.36488597507177,"Non-neuronal","D130020L05Rik2"
"Fam84a2",0.212418416846223,7.8867074672974,3.53176907982635,0.00211790247117896,0.0110635601566639,-1.36746183256996,"Non-neuronal","Fam84a2"
"Akt12",0.212299182144665,7.88614798065708,3.52813659090694,0.00213574480956924,0.0110635601566639,-1.37519874003456,"Non-neuronal","Akt12"
"Smim122",0.212244198246639,7.88589541128465,3.52644834037605,0.00214408764451835,0.0110635601566639,-1.37879407769559,"Non-neuronal","Smim122"
"Pmepa12",0.212235200839529,7.88585440019376,3.52617131775291,0.00214545967300848,0.0110635601566639,-1.37938400136073,"Non-neuronal","Pmepa12"
"Tsc22d32",0.212227204330747,7.88581802580831,3.52592493464266,0.00214668067822882,0.0110635601566639,-1.3799086706045,"Non-neuronal","Tsc22d32"
"Syndig12",0.212212993236077,7.88575355495454,3.52548666265804,0.00214885432363852,0.0110635601566639,-1.38084194781068,"Non-neuronal","Syndig12"
"4921524J17Rik2",0.212160585738223,7.88551768819991,3.52386594965482,0.00215691124133744,0.0110635601566639,-1.38429298674122,"Non-neuronal","4921524J17Rik2"
"Necap12",0.212092811607658,7.88521699065212,3.52175989560122,0.00216742539151024,0.0110635601566639,-1.38877704577441,"Non-neuronal","Necap12"
"Tmem702",0.212037203066506,7.88497383339345,3.52002365170976,0.00217613129420512,0.0110635601566639,-1.39247336428021,"Non-neuronal","Tmem702"
"Ccm22",0.212013216490297,7.88486992150854,3.51927250525689,0.00217990837618133,0.0110635601566639,-1.39407238974016,"Non-neuronal","Ccm22"
"Trim82",0.211950445120057,7.88460071684214,3.51730064126226,0.00218985450961394,0.0110635601566639,-1.39826975929108,"Non-neuronal","Trim82"
"Cul32",0.211930779084097,7.88451717672283,3.51668106872387,0.00219298887256404,0.0110635601566639,-1.39958851209745,"Non-neuronal","Cul32"
"Mrto42",0.211783139128435,7.88390186328247,3.51200360899903,0.00221679481762567,0.0110635601566639,-1.40954307173564,"Non-neuronal","Mrto42"
"Nudt16l12",0.211566566658072,7.8830353577702,3.50506508150872,0.00225257815057239,0.0110635601566639,-1.42430521775488,"Non-neuronal","Nudt16l12"
"Eif1ax2",0.2114810612808,7.88270443618627,3.50230261297706,0.00226698256405085,0.0110635601566639,-1.43018107291794,"Non-neuronal","Eif1ax2"
"Smim272",0.211445791567896,7.88256970651645,3.50115958859783,0.00227296916739447,0.0110635601566639,-1.43261207615943,"Non-neuronal","Smim272"
"Etfb2",0.211312738388154,7.88207047848204,3.4968298860437,0.002295787554668,0.0110635601566639,-1.44181925967524,"Non-neuronal","Etfb2"
"Pdcl2",0.211294403790538,7.8820027804181,3.49623114628847,0.00229896073419464,0.0110635601566639,-1.44309232755938,"Non-neuronal","Pdcl2"
"Mrpl222",0.211225140745002,7.88174936837942,3.49396486503074,0.00231101064941669,0.0110635601566639,-1.44791064154268,"Non-neuronal","Mrpl222"
"Ss18l22",0.210413079253732,7.879135307447,3.46671617971284,0.00246085241123581,0.0110635601566639,-1.50579763412697,"Non-neuronal","Ss18l22"
"Gclc2",0.210341661603835,7.87892957392198,3.46428253099887,0.00247469115634882,0.0110635601566639,-1.51096359722513,"Non-neuronal","Gclc2"
"Pfn22",0.210223651073592,7.87859333513496,3.46026658548872,0.00249769507607324,0.0110635601566639,-1.5194870055011,"Non-neuronal","Pfn22"
"Ndufa92",0.21010198169692,7.87825394953041,3.45611840390706,0.00252167727362798,0.0110635601566639,-1.52828916182227,"Non-neuronal","Ndufa92"
"Wars2",0.209912431553361,7.87773980899088,3.44963912983367,0.00255959018926749,0.0110635601566639,-1.54203379733584,"Non-neuronal","Wars2"
"Slc30a32",0.209096076621268,7.87570736362366,3.42156196094876,0.00273045969354251,0.0110635601566639,-1.60153799741338,"Non-neuronal","Slc30a32"
"Nhp22",0.208530402296164,7.87444834548783,3.40200796421632,0.00285602919374768,0.011491954617594,-1.64292315834159,"Non-neuronal","Nhp22"
"Tpd522",0.205671907822786,7.86950465282181,3.30281127615461,0.00358559474959148,0.0125999193468366,-1.85209873879252,"Non-neuronal","Tpd522"
"Mrps242",0.202992004654518,7.86611520975928,3.21177724161821,0.00441367062702089,0.0139417710413367,-2.04281284736512,"Non-neuronal","Mrps242"
"Coro1a2",0.201159871176367,7.8642324219703,3.15109458300761,0.00506632502187721,0.0157427631982319,-2.16919170723137,"Non-neuronal","Coro1a2"
"Npy2",0.200092357272468,7.86283991824359,3.07269399473622,0.00604966978808253,0.0187054594169713,-2.33123571686,"Non-neuronal","Npy2"
