"","logFC","AveExpr","t","P.Value","adj.P.Val","B","Cell_type","SYMBOL"
"Metap1d",-0.566164234393318,7.96742966276568,-4.77105104780703,2.8230380965856e-06,0.0103323194335033,3.95615217202047,"Glutamatergic","Metap1d"
"4931406P16Rik",0.489589464088406,7.98680330079448,4.17399898241497,3.88946756376882e-05,0.040672717952554,1.77803252528281,"Glutamatergic","4931406P16Rik"
"Tnfrsf21",0.485226881195199,7.81783979873516,5.02293043063354,8.59455313478567e-07,0.00419414192977541,5.15234329969359,"Glutamatergic","Tnfrsf21"
"Agk",-0.46932729414917,7.90878041505894,-4.21520687448253,3.27482647017804e-05,0.0372981588135733,1.98537243875262,"Glutamatergic","Agk"
"Atp9a",0.436674449448494,8.03514874180999,4.2642109178628,2.6643281877425e-05,0.0372981588135733,2.0519322087709,"Glutamatergic","Atp9a"
"Lats1",0.409872436029481,7.65238163097852,4.3373479006728,1.95128053339154e-05,0.0317763494619896,2.5555770686223,"Glutamatergic","Lats1"
"Rab11fip3",0.397253564260298,7.59479478536169,4.38103124558935,1.61677293639829e-05,0.0317763494619896,2.73887651025022,"Glutamatergic","Rab11fip3"
"Ube2ql1",0.37739182832006,7.59892248127168,5.17305512051479,4.13535510751081e-07,0.00302707993869791,5.99254998323616,"Glutamatergic","Ube2ql1"
"Marcks",0.374150347190143,7.75296542598047,4.09683738470906,5.347874667709e-05,0.0412067816501367,1.6395421824887,"Glutamatergic","Marcks"
"Agps",0.364528158832288,7.66575719653948,4.21251304623673,3.31199497661512e-05,0.0372981588135733,2.08805330476301,"Glutamatergic","Agps"
"Ciapin1",-0.35355116081771,7.57034677117063,-5.95415748080818,7.05659097810142e-09,0.000103308491919405,9.74106962334537,"Glutamatergic","Ciapin1"
"Pcsk1",0.334142214093082,7.77640471882728,4.11256518038458,5.01373967734345e-05,0.0412067816501367,1.68340697001783,"Glutamatergic","Pcsk1"
"Thumpd1",0.329298349711393,7.68994796237578,4.5947842209712,6.30409812381319e-06,0.018458399306525,3.52783530791047,"Glutamatergic","Thumpd1"
"Wdhd1",0.303529786623932,7.55674828750249,4.22787105303924,3.1053626906436e-05,0.0372981588135733,2.17211766624297,"Glutamatergic","Wdhd1"
"Gtf3c4",0.302530227815597,7.56503513800421,4.33708704795905,1.95346410626985e-05,0.0317763494619896,2.58089464548812,"Glutamatergic","Gtf3c4"
"Gpt2",0.286933647235623,7.60971792586398,4.1047405548372,5.17740722214504e-05,0.0412067816501367,1.70838977683774,"Glutamatergic","Gpt2"
"Sgpp2",0.283242262492487,7.60724567353408,4.11789298175399,4.90513099731631e-05,0.0412067816501367,1.75665097472654,"Glutamatergic","Sgpp2"
"Xpo5",0.263382344831357,7.63963238294628,4.13322518451653,4.60494462021682e-05,0.0412067816501367,1.80580309092444,"Glutamatergic","Xpo5"
"E130308A19Rik",0.262495489919191,7.54245601669701,4.42171077038905,1.35520876017465e-05,0.0317763494619896,2.90801975588928,"Glutamatergic","E130308A19Rik"
"Atad3a1",1.23274473694114,7.89135001004586,5.81146889925777,9.07195119904914e-08,0.000336253391327889,7.27063570302749,"GABAergic","Atad3a1"
"Enpp21",1.05269414459343,7.78771174320808,6.40032916646547,6.65651901142358e-09,8.38521699869028e-05,9.79428280370986,"GABAergic","Enpp21"
"Cep191",0.993496519199303,8.09203809043391,4.18041589463799,6.68812684014604e-05,0.00188939855984759,1.27697470811293,"GABAergic","Cep191"
"Cryzl11",0.958784679144949,7.82093251453976,5.04653428955603,2.29659833782427e-06,0.000962104678538417,4.52218962594016,"GABAergic","Cryzl11"
"Tex101",0.913998549398049,7.93402227742005,5.52096125577582,3.17038818204716e-07,0.00064840922428835,6.10325230833746,"GABAergic","Tex101"
"Pds5a1",0.913260187292378,7.94012075975903,4.82358166294605,5.64963383610022e-06,0.000962104678538417,3.58333748161253,"GABAergic","Pds5a1"
"Nek12",0.909275924291034,8.01652464319462,3.78476235574963,0.000275620878742687,0.00240776436166548,0.191105715521309,"GABAergic","Nek12"
"Uhrf1bp1l1",0.898803567632717,7.94214126310655,3.35764526949657,0.00114971771616356,0.00685423287766794,-0.951962405849336,"GABAergic","Uhrf1bp1l1"
"Skp21",0.897648493235537,7.8007027474512,5.03651035119255,2.39250305221535e-06,0.000962104678538417,4.50128135794582,"GABAergic","Skp21"
"C230037L18Rik1",0.885001212167532,7.61489213891379,5.15169620802393,1.49155461961566e-06,0.000927482929364106,5.02490797564097,"GABAergic","C230037L18Rik1"
"Gas61",0.877509935067985,7.94006203544306,3.86871519384418,0.000205559581766914,0.00219999488316634,0.502653301043007,"GABAergic","Gas61"
"Fcho21",0.863077286851304,7.9677278630419,3.42705804771889,0.00091842687694709,0.00579920970872305,-0.773049966356904,"GABAergic","Fcho21"
"Hivep31",0.853522494561881,7.94238122375449,3.73321716743314,0.000329347115391379,0.00273666597136227,0.0983104888268453,"GABAergic","Hivep31"
"Ube2d11",0.850382158070896,8.05304785847367,3.36980161695024,0.00110560935094031,0.00668620306951277,-0.959856848286614,"GABAergic","Ube2d11"
"Ube3c1",0.846582183311557,7.92392019065622,3.45424282253524,0.000840405772826284,0.00546828074395284,-0.673416183856347,"GABAergic","Ube3c1"
"Glul1",0.846331265653266,7.68263618527979,5.77399150438076,1.06772530389105e-07,0.000336253391327889,7.40774985659939,"GABAergic","Glul1"
"Vps13d1",0.835146312809249,7.79790314416324,4.38928380271318,3.06341737474254e-05,0.00162538224117767,2.22418672132361,"GABAergic","Vps13d1"
"Tomm71",0.820269789556304,7.98260321924081,3.5226094130284,0.000670902087105024,0.00454618267415922,-0.524263361885178,"GABAergic","Tomm71"
"Slc25a141",0.818672855600885,7.83534785312394,4.29872468629342,4.30923866492663e-05,0.00188939855984759,1.89922128809111,"GABAergic","Slc25a141"
"Cpsf71",0.816021968686684,7.86252849101898,4.43051690946769,2.61908762706551e-05,0.00150835482310627,2.34087519819981,"GABAergic","Cpsf71"
"Scaf12",0.813048823165271,7.83786431964701,4.1706116336206,6.93401469123514e-05,0.00189320059313944,1.48730334712536,"GABAergic","Scaf12"
"Cop11",0.80504876769043,7.99282296413504,2.9584972849569,0.00394099831166189,0.0178193667379773,-1.96103179737964,"GABAergic","Cop11"
"Caln11",0.802804410161873,8.13802091570949,2.89618338867388,0.00473171373850145,0.0203154048956724,-2.13584481904396,"GABAergic","Caln11"
"Emc31",0.801347178331035,7.95719375540658,4.0498792985231,0.000107716264133134,0.00219999488316634,1.04509637715819,"GABAergic","Emc31"
"Ptprr1",0.801243851066926,7.8768790247026,4.61737440723829,1.2744292401114e-05,0.00129467622078091,2.97054027687587,"GABAergic","Ptprr1"
"Fhl11",0.796928635829635,8.00403591652296,3.54868764469077,0.000615202417442279,0.00424852656554429,-0.446919582931626,"GABAergic","Fhl11"
"Pnpt11",0.796749385156943,7.77199647366038,3.49384864151339,0.000737845059366394,0.00493084043121404,-0.561208121036018,"GABAergic","Pnpt11"
"Rasa21",0.793329334090892,7.83333707866767,4.22845810840088,5.59960652986046e-05,0.00188939855984759,1.67415349140315,"GABAergic","Rasa21"
"Acaca1",0.791963286828086,7.99479460098716,3.18327610718822,0.00199446766827274,0.0104466982192232,-1.4140899141239,"GABAergic","Acaca1"
"Lrif11",0.791119554395692,8.01521098244339,3.13619254427287,0.00230661508283554,0.0116927284500923,-1.53371620020255,"GABAergic","Lrif11"
"Gtpbp41",0.78783249337532,7.92673930416282,3.84276871452359,0.000225158604806596,0.0022134618604083,0.432311848064959,"GABAergic","Gtpbp41"
"Grk31",0.782789272474846,7.95317332529567,3.95640394425818,0.000150683849024224,0.00219999488316634,0.764946082980968,"GABAergic","Grk31"
"Rbm4b1",0.777579176408849,7.83210597746847,3.91320195667664,0.000175689296459877,0.00219999488316634,0.679887233732152,"GABAergic","Rbm4b1"
"BC0055371",0.776194518872356,8.0728892484916,2.77443190886546,0.0067122348930381,0.0265976794424665,-2.3898566462049,"GABAergic","BC0055371"
"Usp131",0.773048875639403,7.79161599894964,3.98564647323108,0.00013573159865915,0.00219999488316634,0.914536417124581,"GABAergic","Usp131"
"Bfar1",0.769853917835588,7.72312237561179,4.23204573211648,5.52555349284732e-05,0.00188939855984759,1.72169326380143,"GABAergic","Bfar1"
"3110021N24Rik1",0.767786257284282,7.82992354334272,3.84076143471894,0.000226746945183336,0.00221764850036839,0.455710623075248,"GABAergic","3110021N24Rik1"
"Atxn21",0.767212563023474,8.11923040674373,2.68026677054871,0.00873502728774235,0.0322305620221706,-2.59732121781434,"GABAergic","Atxn21"
"Sox61",0.76342481907398,8.03606611155423,2.68727746594348,0.00856721655998123,0.0317584048773618,-2.57460628158475,"GABAergic","Sox61"
"Cep85l1",0.763072252478801,7.69379281047507,4.86698369988383,4.74927525604751e-06,0.000962104678538417,3.94111203874571,"GABAergic","Cep85l1"
"Cct31",0.761874469839849,8.0030377263192,3.73401086617115,0.000328449025195708,0.00273100486494411,0.081914646844,"GABAergic","Cct31"
"Lcor1",0.759184914130642,7.93587350076031,4.0834066667894,9.53880319263913e-05,0.00211178038343893,1.17069643730952,"GABAergic","Lcor1"
"Acsl61",0.752525475152296,7.91557547222336,2.9120603177777,0.00451744819238348,0.0195958315700602,-2.06951207383262,"GABAergic","Acsl61"
"Lrrtm41",0.750095732203242,8.12705515441119,3.07963312082996,0.00274159090527981,0.0132422625129639,-1.70593838777456,"GABAergic","Lrrtm41"
"Sept31",0.747672241445514,8.09903865974666,3.03829554641625,0.00310642183680524,0.014645058337663,-1.78503075298142,"GABAergic","Sept31"
"Cdipt1",0.746793492115803,7.71292281881737,5.12791841063975,1.64508122485757e-06,0.000927482929364106,4.89322060727049,"GABAergic","Cdipt1"
"Rmnd11",0.743083166742482,7.87312057398402,3.21167862255648,0.00182571395988385,0.00969583421275586,-1.32625312326749,"GABAergic","Rmnd11"
"Alkbh11",0.737850055929713,8.01518640729426,2.94132908618174,0.00414570805948189,0.0185255354470711,-2.00245095534078,"GABAergic","Alkbh11"
"Mast41",0.736217777907438,8.07561900479738,4.34522245934372,3.6185157864612e-05,0.00175993989814872,1.86339319422833,"GABAergic","Mast41"
"Nmnat21",0.732727504007109,7.81117554401376,3.60410496581915,0.000511023473045809,0.00375137685894992,-0.242687651860415,"GABAergic","Nmnat21"
"Epb41l11",0.730212135437112,7.92846944549137,3.64367952658064,0.000447109281377445,0.0033827240946016,-0.143984868428302,"GABAergic","Epb41l11"
"Myef21",0.724760372905234,8.25592174204585,3.2955075082006,0.00140218557135438,0.00801421580868924,-1.21497726002768,"GABAergic","Myef21"
"Mkx1",0.721441716386015,7.76830281480304,3.58506819330143,0.000544766341118356,0.00391768438748014,-0.298391892124959,"GABAergic","Mkx1"
"Ip6k11",0.715867894903393,7.84916589447264,3.14165552668277,0.00226819440126689,0.0115304458727841,-1.51480160024976,"GABAergic","Ip6k11"
"Ik1",0.713700032523068,8.00178999704859,2.73999114646416,0.00739636328929081,0.0284494620931897,-2.4597730334134,"GABAergic","Ik1"
"Dlx6os11",0.711951840397175,8.6224141076317,2.74180858616304,0.0073587295943404,0.0283653355874865,-2.53880246751632,"GABAergic","Dlx6os11"
"Tma71",0.711413211903977,8.12014609050298,3.56771191142505,0.000577359754958524,0.00409515812680886,-0.467653235814731,"GABAergic","Tma71"
"Afg3l21",0.71036867491682,7.91926819663088,2.87766081424229,0.00499348180813624,0.0212769463219188,-2.15095699185851,"GABAergic","Afg3l21"
"Smarca21",0.710236686245339,8.09196619247991,3.07639180083002,0.0027686926092836,0.0133475778029642,-1.69638332706553,"GABAergic","Smarca21"
"St3gal31",0.709612925337125,7.63010578498045,4.49426367633524,2.05225931721545e-05,0.0013784186579601,2.61869817337498,"GABAergic","St3gal31"
"Ostc1",0.7090253434132,7.85670903496624,3.55537714890762,0.000601635988175393,0.00421513267132671,-0.386402362659696,"GABAergic","Ostc1"
"Wdr751",0.708429248075111,7.93656770456174,2.59833693546108,0.0109296141586288,0.038674255493328,-2.77752242381227,"GABAergic","Wdr751"
"Cirbp1",0.707888339685918,7.90749369193301,3.89022824875393,0.000190555179644141,0.00219999488316634,0.59022913417046,"GABAergic","Cirbp1"
"Hps31",0.70162636116928,7.64062174561946,5.06135024436183,2.16168112706359e-06,0.000962104678538417,4.67775992001108,"GABAergic","Hps31"
"Zc3h181",0.701499585215732,7.6761973433884,4.76629924149281,7.09550800993512e-06,0.000971895975565928,3.58194878425461,"GABAergic","Zc3h181"
"Senp71",0.700438061345344,7.87044682309639,3.09753751246045,0.00259627358510165,0.0127238179386913,-1.6193997785259,"GABAergic","Senp71"
"Eif3a1",0.69961649340997,8.13580752918301,3.28672804519283,0.0014417883615971,0.00815912308671998,-1.20151521312876,"GABAergic","Eif3a1"
"Nck11",0.699506768643847,7.93116619184661,3.87896721754537,0.000198273728569875,0.00219999488316634,0.54391241338368,"GABAergic","Nck11"
"Stam1",0.694392118012945,7.81340848707813,4.32914843050649,3.84424715446905e-05,0.00180638760156399,2.02162436771601,"GABAergic","Stam1"
"Fmnl11",0.69179337813615,7.62472716063149,4.81538809797841,5.83732322482044e-06,0.000962104678538417,3.76914065821178,"GABAergic","Fmnl11"
"Tbk11",0.691407043251425,7.69532594978347,4.31091509580159,4.11675391478886e-05,0.00186092650407441,1.98762484589553,"GABAergic","Tbk11"
"Gfpt11",0.691341667231287,7.99125470748293,2.60362370981566,0.0107742162736496,0.0381994940611214,-2.75559759252743,"GABAergic","Gfpt11"
"Gabrg21",0.691222109648876,8.77091759173882,3.10547816383417,0.00253414460238781,0.0125046610604859,-1.82863418661525,"GABAergic","Gabrg21"
"Apba11",0.690211900646853,7.92236532522828,3.2764552986755,0.00148945710595473,0.00834639286641982,-1.15766059915012,"GABAergic","Apba11"
"Trp53bp11",0.689644684899429,7.98682245713793,3.5376197737352,0.000638285605410529,0.00435385190994977,-0.466030392708512,"GABAergic","Trp53bp11"
"Mrps101",0.689379320177854,7.87488324323781,3.25601831450264,0.00158871205592479,0.00873939296202886,-1.20952075666221,"GABAergic","Mrps101"
"Foxj31",0.688896088770248,7.89530486104185,3.08810686777318,0.00267189873906977,0.0129903158688004,-1.64177267855954,"GABAergic","Foxj31"
"Ralgapb1",0.688571453988792,7.95552521878609,2.69449416696819,0.00839753991943618,0.0312877285906944,-2.56439047222837,"GABAergic","Ralgapb1"
"Washc41",0.687961877390976,7.98784260138674,2.91919578839147,0.00442409320865257,0.019270505584162,-2.05253174101275,"GABAergic","Washc41"
"Uqcrc21",0.687912977808245,8.10068934622936,2.50988262467805,0.0138477545499556,0.0455100871551764,-2.93948037402515,"GABAergic","Uqcrc21"
"Impact1",0.685695791449716,8.36168873961569,3.20704439944863,0.00185230558346702,0.00981636240426338,-1.47607194621363,"GABAergic","Impact1"
"Brsk21",0.685257468155482,7.82811904283716,3.26088489263173,0.00156453051056879,0.00864495907983645,-1.19781935910521,"GABAergic","Brsk21"
"Rps211",0.681880481873543,8.43181856662147,3.09645458380125,0.00260485546334925,0.0127480047676032,-1.7619296715433,"GABAergic","Rps211"
"Diras11",0.681010672543403,7.67214156356158,4.86520260102911,4.78330576194149e-06,0.000962104678538417,3.94170448891153,"GABAergic","Diras11"
"Maf2",0.680620418583814,8.41662128196845,2.9010839096484,0.00466460175377467,0.0200820192386533,-2.17948753244556,"GABAergic","Maf2"
"Vldlr1",0.68038244755342,8.0446322877219,2.70860267256408,0.00807462231671876,0.0304538974023072,-2.5278852806935,"GABAergic","Vldlr1"
"Sema6b1",0.678175421899365,7.6816811223521,4.64375335648998,1.14969547891947e-05,0.00124850982309901,3.14258889849835,"GABAergic","Sema6b1"
"Lrig21",0.676635120699133,7.95692771164634,3.79778243316548,0.000263433782135183,0.00234025060194422,0.296189581092035,"GABAergic","Lrig21"
"Bcas21",0.672878307435836,7.9727208340753,3.44151698761827,0.000876117492980126,0.00561398816950895,-0.721121423791011,"GABAergic","Bcas21"
"Anapc12",0.670689234798579,7.87272188689164,3.37366769432684,0.00109191829819079,0.006632774781297,-0.894445327938733,"GABAergic","Anapc12"
"Hnrnpa31",0.670608252065001,8.67630494958852,2.80284204875413,0.00619196961007145,0.0251127627746523,-2.42967642895417,"GABAergic","Hnrnpa31"
"Elavl41",0.669283563973775,7.73869820741458,3.74925091767337,0.00031164976725727,0.00262072905082766,0.184968986767001,"GABAergic","Elavl41"
"Pou2f11",0.668583490346279,7.74933740387702,4.3581787745878,3.4459308092011e-05,0.00170899174816954,2.1395795041446,"GABAergic","Pou2f11"
"Frmpd31",0.668573757290037,7.7023349799271,4.04487736051336,0.000109681721610898,0.00219999488316634,1.1084121945023,"GABAergic","Frmpd31"
"Fam13a1",0.66574855328419,7.73264141923273,3.61507418156763,0.000492489865073585,0.00364078335113377,-0.216917495426117,"GABAergic","Fam13a1"
"Atp5s1",0.66557349432725,7.62638346406354,3.98035559169489,0.000138327226600139,0.00219999488316634,0.890815522629025,"GABAergic","Atp5s1"
"Crcp1",0.665508673533354,7.64791542518569,4.48527418234485,2.12431951735407e-05,0.0013784186579601,2.58762094644119,"GABAergic","Crcp1"
"Tmem591",-0.664425669608637,8.408717495287,-3.07415196940183,0.00278756566101911,0.0134282847540565,-1.8418207631242,"GABAergic","Tmem591"
"Ankrd551",0.664423146963999,7.87516770630957,2.51167124691595,0.013782410480046,0.0453371891289273,-2.96101210210866,"GABAergic","Ankrd551"
"Gprasp11",0.663184276620441,8.84331903027669,2.76130748497686,0.00696581329734115,0.027309428065653,-2.53451450123375,"GABAergic","Gprasp11"
"Fras11",0.66257168916501,7.68753904130924,3.84087499149345,0.000226656804305096,0.00221764850036839,0.458407658195816,"GABAergic","Fras11"
"Pex61",0.661783967028048,7.81528628274746,4.20826689778511,6.03453402434834e-05,0.00188939855984759,1.62404602346847,"GABAergic","Pex61"
"Herc41",0.661523809857778,7.89562003420757,2.50806262244276,0.0139145303251195,0.0456937795895542,-2.96603814830858,"GABAergic","Herc41"
"C1galt1c11",0.660463813548239,7.75454464198992,4.63977859470062,1.16770188881011e-05,0.00125722570028555,3.10582040252229,"GABAergic","C1galt1c11"
"Hecw21",0.658868770969609,8.00123628594049,3.05700058019325,0.00293609273855142,0.01402045497632,-1.72259687894538,"GABAergic","Hecw21"
"2610008E11Rik1",0.658478825707346,7.92229265423785,3.27408573155495,0.00150066020131648,0.00839423470514371,-1.16247795990691,"GABAergic","2610008E11Rik1"
"Purg1",0.658075190339358,7.67461678137376,4.13980713434596,7.76443761000138e-05,0.00192916411386957,1.4153050096085,"GABAergic","Purg1"
"Elmod11",-0.65560337607512,9.18876413246541,-2.69689107423905,0.00834186418768909,0.0312002562863181,-2.72544398078353,"GABAergic","Elmod11"
"Kcnmb41",0.654565372621643,7.62341194078559,4.09314085880898,9.20702160731506e-05,0.002063716213298,1.25399400450123,"GABAergic","Kcnmb41"
"Cfdp11",0.652877108051023,7.85215301420447,4.06575380068643,0.000101699781452981,0.00219999488316634,1.15285782615847,"GABAergic","Cfdp11"
"Rpf11",0.650143332054217,7.62556457274295,4.91375802141287,3.93538009022889e-06,0.000962104678538417,4.13098935785825,"GABAergic","Rpf11"
"Chpf21",0.650121155863986,7.70189140669282,4.11863007631317,8.38990268902052e-05,0.00201026874048495,1.34825359500923,"GABAergic","Chpf21"
"Kdm7a1",0.649795686220552,7.81769418943289,3.37594013437034,0.00108394537956736,0.00659954564833736,-0.88735843216852,"GABAergic","Kdm7a1"
"Kifc21",0.646437278331982,7.9243800911101,3.11267871176915,0.00247900412055023,0.012343088895878,-1.57965035881663,"GABAergic","Kifc21"
"Pgm2l11",0.645334671629333,7.74785682800951,3.05180694898001,0.0029824962896052,0.0141989817687667,-1.76231440979765,"GABAergic","Pgm2l11"
"1700025G04Rik1",0.645174835242827,7.78940782531694,3.99207806134048,0.000132639136379538,0.00219999488316634,0.935164235002851,"GABAergic","1700025G04Rik1"
"Otud6b1",0.644501537001982,7.71928878858221,4.57873370802262,1.48112282319201e-05,0.0013422808779676,2.90371342506084,"GABAergic","Otud6b1"
"Fkbp151",0.64340834434975,7.6920644787629,4.09705766306093,9.07667090174818e-05,0.00206015897926706,1.27731914143433,"GABAergic","Fkbp151"
"Atrn1",0.64279933838839,7.91462363832546,3.05556371066729,0.00294886327568293,0.0140654413796963,-1.72230407758398,"GABAergic","Atrn1"
"Nup2141",0.642403204691655,7.71078459458648,4.28073204872475,4.60927697925536e-05,0.00188939855984759,1.88492924888762,"GABAergic","Nup2141"
"Ppp2r3d1",0.639859528315782,7.65885358449645,3.5537806210063,0.000604847820830237,0.00422588352689878,-0.429509569783039,"GABAergic","Ppp2r3d1"
"Saraf1",0.639819734632798,7.89208811125705,3.42717325220334,0.000918082288565904,0.00579920970872305,-0.746301123039284,"GABAergic","Saraf1"
"Gaa1",0.638982855571908,8.0671329970219,2.4678963582812,0.0154636858460918,0.0496548688766806,-3.0236945927142,"GABAergic","Gaa1"
"Inpp5j1",0.638902898319909,7.91679681481607,2.65742460731415,0.0093027034358552,0.0338492649282114,-2.64625699717477,"GABAergic","Inpp5j1"
"Hnrnpu1",0.637564953493451,9.35177951630583,2.8162542651543,0.00595941489474814,0.0244769316691041,-2.49549428159446,"GABAergic","Hnrnpu1"
"Gfm21",0.637108352300418,7.81408173678189,3.03209470448114,0.00316487851054089,0.0148594761823644,-1.78972369696663,"GABAergic","Gfm21"
"Tecpr11",0.636649826577494,7.77126765902154,3.38369697521709,0.00105714063927262,0.00646446632665881,-0.871165786233548,"GABAergic","Tecpr11"
"Ppig1",0.636391272176434,8.16960452189862,3.08072773170913,0.00273249430253492,0.013223676807158,-1.7078005583774,"GABAergic","Ppig1"
"Zc3h81",0.63533036810898,7.67908313824269,4.04583688827937,0.000109302039160231,0.00219999488316634,1.10972199699721,"GABAergic","Zc3h81"
"Slc25a461",0.634999632207674,7.78900685709729,4.41695686905696,2.75785125350053e-05,0.0015578767820783,2.3239273893346,"GABAergic","Slc25a461"
"Lbr1",0.633701550967481,7.67570219533312,4.02729441673877,0.000116867286008746,0.00219999488316634,1.04879959976663,"GABAergic","Lbr1"
"Hjurp1",0.632066502585671,7.92095998105687,2.57891099327425,0.0115181530704307,0.04032442399254,-2.81360383794541,"GABAergic","Hjurp1"
"Olfm31",0.631446203889102,7.93387150208956,4.33103709920342,3.81703590570365e-05,0.00180638760156399,1.95821324349117,"GABAergic","Olfm31"
"Cox6a21",0.629033376293926,8.02819136546701,2.76602764923446,0.00687362414032659,0.0270584510299044,-2.40199813634315,"GABAergic","Cox6a21"
"Ddhd11",0.628941251153896,7.84852219247301,3.17434226511476,0.00205048673303782,0.0106779584026777,-1.42448920041247,"GABAergic","Ddhd11"
"Helq1",0.627147702795322,7.81384560392458,3.2881080528458,0.00143549470703967,0.0081417950583425,-1.12695352319802,"GABAergic","Helq1"
"0610030E20Rik1",0.625937761376187,7.84309767923128,2.80963540731573,0.0060731607658617,0.0247905399117174,-2.32668072703425,"GABAergic","0610030E20Rik1"
"Btaf11",0.625366580505457,7.90167157486449,3.16207521103566,0.00212979969282382,0.0110190031323707,-1.45652792073912,"GABAergic","Btaf11"
"Thyn11",0.625357069649238,7.77027429377244,3.14911331254992,0.00221670600125089,0.0113660007639258,-1.50720683873034,"GABAergic","Thyn11"
"Mllt31",0.624644618121542,7.89603566616982,2.58098937522117,0.0114538470069008,0.0401793680718268,-2.82840114204831,"GABAergic","Mllt31"
"Dlx51",0.623047063011658,7.73744706391292,4.90955194085494,4.00262073952845e-06,0.000962104678538417,4.07716592324957,"GABAergic","Dlx51"
"Fam168b1",0.622454540041768,7.79788511855127,3.21418817995231,0.00181146313010619,0.00963094059298971,-1.32979916580531,"GABAergic","Fam168b1"
"Dock71",0.621309062340337,7.97101720382604,2.51289506367129,0.013737860177207,0.0452315276142908,-2.9462283924923,"GABAergic","Dock71"
"Mindy31",0.619798104117933,7.66951429586982,4.78560858679271,6.57193627671106e-06,0.000962104678538417,3.65339903646241,"GABAergic","Mindy31"
"Mri11",0.618997876131089,7.93623768726371,3.25635198352356,0.00158704298291444,0.00873939296202886,-1.21144808689405,"GABAergic","Mri11"
"Uba61",0.618923543533309,7.85384624898762,3.33997162918265,0.00121680240306482,0.00715261776547246,-0.985107620330637,"GABAergic","Uba61"
"Mrps361",0.617382118606652,7.77159159648965,4.09414387653435,9.17347116912071e-05,0.00206246502803888,1.26463146890385,"GABAergic","Mrps361"
"Zfp6521",0.616935611798389,7.74968723146308,3.59509577034007,0.000526737775378288,0.00383322689569052,-0.271378544452904,"GABAergic","Zfp6521"
"Zfp2861",0.615994334685802,7.66654615246255,3.84187706040686,0.000225862846924196,0.0022134618604083,0.455870224848621,"GABAergic","Zfp2861"
"Cog81",-0.615681069468724,7.71861139716068,-2.77623821978813,0.00667800307383627,0.0265207011253936,-2.41433524969457,"GABAergic","Cog81"
"March81",0.61547278188489,7.87395079948739,3.26037622190074,0.00156704182889412,0.00865411044216539,-1.19955440021712,"GABAergic","March81"
"Grin3a1",0.615185763572518,7.76436920765747,3.15440576417527,0.00218082979954312,0.011231362626674,-1.49498841311839,"GABAergic","Grin3a1"
"Penk1",0.614815658941839,7.73944346458986,2.6949009897072,0.00838806643604772,0.0312616783712702,-2.64158027576121,"GABAergic","Penk1"
"Ddb21",0.614787901757659,7.62958095160174,4.12038308695162,8.33634265871806e-05,0.00201026874048495,1.34395827916704,"GABAergic","Ddb21"
"Dennd6a1",0.614754283503514,8.02072582424386,2.8507682408488,0.00539728399641377,0.0226480967697616,-2.21099652392744,"GABAergic","Dennd6a1"
"Pigl1",0.613185086080286,7.64156389489133,4.03781699758248,0.000112514635163643,0.00219999488316634,1.07902583696767,"GABAergic","Pigl1"
"Tnrc6c1",0.610831558205888,7.8663629421335,4.09990730177423,8.98295072612542e-05,0.0020592534308767,1.26682395880397,"GABAergic","Tnrc6c1"
"Ilf31",0.608260583475023,7.83240683108185,4.42024850277072,2.72352809073581e-05,0.00154541816932428,2.3213653712749,"GABAergic","Ilf31"
"Tubgcp41",0.607975511253523,7.59800629806759,4.31468087265974,4.05898825020685e-05,0.00185257518071941,1.99129129789772,"GABAergic","Tubgcp41"
"Etv11",0.607452186677176,7.75652366355161,3.15012357579218,0.0022098155030343,0.0113435394831798,-1.52733403090078,"GABAergic","Etv11"
"Nr2f21",0.607268688238879,7.63109714968892,4.22289262846779,5.71637929944537e-05,0.00188939855984759,1.6866677746097,"GABAergic","Nr2f21"
"Tbc1d171",0.606978080817361,7.73707918449957,4.31060121901695,4.12160430766658e-05,0.00186092650407441,1.98219736354284,"GABAergic","Tbc1d171"
"Nell11",0.606714824379921,7.58141173567562,4.84582611104706,5.16920357650551e-06,0.000962104678538417,3.88195299726843,"GABAergic","Nell11"
"Gnb21",0.606667220176589,8.02477369488577,3.07660488469989,0.00276690333642146,0.0133475778029642,-1.6785974857031,"GABAergic","Gnb21"
"Ube3b1",0.605929878212701,7.71054212475236,4.37938210639813,3.18050020883543e-05,0.0016419984069959,2.2179392200471,"GABAergic","Ube3b1"
"Chtop1",0.605602318041881,7.6808473209229,5.02511899339259,2.50623820811427e-06,0.000962104678538417,4.52728057179733,"GABAergic","Chtop1"
"Pigk1",0.604891931947148,7.82752036857644,3.70258917363088,0.000365843250765927,0.00296480077564592,0.0451845884607947,"GABAergic","Pigk1"
"Taok31",0.603396082262735,7.79738217844602,3.45045594957643,0.000850886596823641,0.00550635103026148,-0.690147308861248,"GABAergic","Taok31"
"Ttc9b1",0.603002312475808,7.90802306173352,2.94230591117771,0.00413380239749524,0.0184854486337407,-1.99895846827447,"GABAergic","Ttc9b1"
"BC0055611",0.601315627750318,8.23700742262842,2.53874152838952,0.0128266867203394,0.0429640327877102,-2.88764782717266,"GABAergic","BC0055611"
"Agfg11",0.600880416798335,7.74050502507052,3.17006009393321,0.00207785491940001,0.0107892573865136,-1.46100714855954,"GABAergic","Agfg11"
"1500015A07Rik1",0.6008496179021,7.82390256608124,4.74005969189451,7.87240753480534e-06,0.000992271252127042,3.43004785425466,"GABAergic","1500015A07Rik1"
"Serinc51",-0.600529423438833,7.65445452632615,-2.92194771140424,0.00438856651916312,0.0191954070978812,-2.08709913530119,"GABAergic","Serinc51"
"Jarid21",0.600243805215882,7.8106408399433,2.61378695947795,0.0104810777941998,0.0373388396418369,-2.78393818896551,"GABAergic","Jarid21"
"Sgcb1",0.599921669371348,7.8062788133169,3.86055835399331,0.000211538328007141,0.00219999488316634,0.523027617631419,"GABAergic","Sgcb1"
"Timp31",0.599523501615745,7.5907071049485,3.72781356050711,0.000335523805667242,0.00277882536488511,0.0803736512828994,"GABAergic","Timp31"
"Zbtb111",0.59908802525162,7.82244513829903,3.18011236701332,0.00201414035783656,0.0105365972124863,-1.4130309284027,"GABAergic","Zbtb111"
"Rell21",0.59793900672989,8.0600194459723,2.93469398827154,0.00422741808435806,0.0187348291886406,-2.02315204416564,"GABAergic","Rell21"
"Triqk1",0.595125130593847,7.64992136308236,3.34342721381552,0.00120340347661785,0.007087084429619,-1.02089049591642,"GABAergic","Triqk1"
"Zfp804a1",0.593905962880492,7.77800604809929,2.6128034252731,0.0105091273147273,0.0374281811658525,-2.7925926462517,"GABAergic","Zfp804a1"
"Ebna1bp21",0.593833792443016,7.63910952656558,5.20603698562653,1.1913649441873e-06,0.000927482929364106,5.22505193958284,"GABAergic","Ebna1bp21"
"6430573F11Rik1",0.593504856399559,7.59473822815778,4.4786266578959,2.17917478171379e-05,0.00137970668725525,2.56023496766745,"GABAergic","6430573F11Rik1"
"Trove21",0.593163325144668,8.04488289578326,2.63050455137258,0.0100145504293538,0.035996980348488,-2.69487175666751,"GABAergic","Trove21"
"Slc25a121",0.593073215167795,8.18241934609755,2.5509559352562,0.0124153078439056,0.0421778945279607,-2.85970071284165,"GABAergic","Slc25a121"
"Prpf40a1",0.591667385886907,8.05858356301576,2.50816024582035,0.0139109412077832,0.0456937795895542,-2.94513144765189,"GABAergic","Prpf40a1"
"Pycrl1",0.591265860159838,7.58416289282695,3.68897383297581,0.000383273143632745,0.00304304087754078,-0.0409941333524237,"GABAergic","Pycrl1"
"Pdia61",0.589652332460632,7.85350597352994,3.15781854364266,0.00215798313148475,0.0111364660005381,-1.46876725281039,"GABAergic","Pdia61"
"Adal1",0.588404624366674,7.62740492393038,4.17554494777317,6.80922151793215e-05,0.00188939855984759,1.52776405399404,"GABAergic","Adal1"
"Gm442571",0.587756300221884,7.59539373316675,4.7623956570666,7.20617520046012e-06,0.000971895975565928,3.57618827701236,"GABAergic","Gm442571"
"Vip1",0.587097841965754,7.61046992800304,4.07149955617128,9.96026563973319e-05,0.00218587920320068,1.17468718267945,"GABAergic","Vip1"
"Nptx11",0.586950235495822,7.58159066425863,4.38554449161895,3.10713524642509e-05,0.00162538224117767,2.23398548874039,"GABAergic","Nptx11"
"Hipk31",0.586823857437934,7.64253661377108,3.52209151473635,0.000672055080604061,0.00455154723138137,-0.520852265450798,"GABAergic","Hipk31"
"Pi4k2a1",0.586717051188538,7.59100377876036,4.55714026568819,1.61041470862961e-05,0.00137217228788588,2.83730524272619,"GABAergic","Pi4k2a1"
"Camk2d1",0.586383484079952,8.23219420897644,2.48084584617638,0.01494816417383,0.0483321417088645,-2.99615659674908,"GABAergic","Camk2d1"
"Appl21",0.585970032371713,7.71544348833335,3.67516535720117,0.000401754276753291,0.00313174419818144,-0.0427782452428529,"GABAergic","Appl21"
"Sorl11",0.585818412455664,8.0012566531887,2.93512500426694,0.00422206543265816,0.0187206470451231,-2.01428317485935,"GABAergic","Sorl11"
"Nr3c21",0.585791478968611,7.71986473520951,5.78331622171177,1.02534877770824e-07,0.000336253391327889,7.40919793681755,"GABAergic","Nr3c21"
"Gls21",0.585650812518437,7.67393731114082,4.69795318936374,9.29481882370746e-06,0.00111773131656671,3.33719970919224,"GABAergic","Gls21"
"Tmed41",0.58532590616581,7.96730552668278,2.79419050507835,0.00634635527259963,0.0256151994133091,-2.34171528931898,"GABAergic","Tmed41"
"Pthlh1",0.585304557542283,7.58596915812671,4.25972723405311,4.98504536887197e-05,0.00188939855984759,1.80187892053033,"GABAergic","Pthlh1"
"Mast21",0.584392808291207,7.87145417696323,2.61187446299935,0.0105356828092,0.0374909594201956,-2.77143276867072,"GABAergic","Mast21"
"Mrpl31",0.584047637057788,7.67030480458693,3.94492030140137,0.000156976365228813,0.00219999488316634,0.782614900797935,"GABAergic","Mrpl31"
"5330434G04Rik1",0.583536121488295,9.82048906410581,2.8173974459327,0.00593996797041262,0.0244222168535882,-2.55305453900348,"GABAergic","5330434G04Rik1"
"Dusp31",0.582904032207526,7.95932198371813,2.81695670558781,0.00594745861478924,0.0244357913145793,-2.28997897120423,"GABAergic","Dusp31"
"Setd31",0.582785820540708,7.79193754131642,3.85553815995895,0.000215300131840888,0.00219999488316634,0.511056242664123,"GABAergic","Setd31"
"Dennd1a1",0.58205571210646,7.84129519009745,3.06900712756839,0.00283136978332318,0.0135995367750899,-1.69657433613004,"GABAergic","Dennd1a1"
"Map1a1",-0.581392505350463,8.31556915474686,-2.79075455466582,0.00640864036007166,0.0257922180881223,-2.41123651071875,"GABAergic","Map1a1"
"Edem31",0.58129166400716,7.78239998717353,3.13903021540243,0.00228658299476112,0.0116051917747807,-1.52638627689587,"GABAergic","Edem31"
"Spire21",0.580955725891395,7.65045562369512,3.70888134921531,0.000358045202442875,0.00292306896641147,0.040138089870311,"GABAergic","Spire21"
"Tbcb1",0.580600041627499,7.912108148124,3.22860584739122,0.00173158390021887,0.00928993287523727,-1.28174443569138,"GABAergic","Tbcb1"
"Pwwp2a1",0.58045363713226,7.68179327950798,4.05130701734809,0.000107161483002273,0.00219999488316634,1.12710972158999,"GABAergic","Pwwp2a1"
"Ppfia31",0.578513316021281,7.64429502657258,4.96640711339797,3.181380487141e-06,0.000962104678538417,4.32269016959916,"GABAergic","Ppfia31"
"Josd11",0.578087332940759,7.73131434448465,3.27749723435428,0.00148455576552581,0.008341918689151,-1.17484644466628,"GABAergic","Josd11"
"Usp111",0.57746013725407,7.95431494696065,2.85157954636482,0.0053846758379711,0.0226051565526256,-2.21703597598609,"GABAergic","Usp111"
"Gm143051",0.577403049194771,7.88410282855932,4.63691899903291,1.18082530220217e-05,0.00126058104507125,3.02653510779387,"GABAergic","Gm143051"
"Grik51",0.57652153489572,7.70702134395474,3.29834105693169,0.001389623063552,0.00795324022333694,-1.13441734449018,"GABAergic","Grik51"
"Polr2m1",0.576382420549694,7.82782568131921,5.70432975127175,1.44371107937564e-07,0.000363728569337899,6.98060133643394,"GABAergic","Polr2m1"
"Jmjd1c1",0.576034101374644,8.25456336702215,2.53124010094876,0.0130853709254725,0.0435269124764133,-2.90576674305013,"GABAergic","Jmjd1c1"
"Ntan11",0.575856862124605,7.81687236475736,3.11727559204327,0.00244438782856598,0.0121948330599785,-1.58227478826879,"GABAergic","Ntan11"
"Glrx51",0.575218046743711,7.95318779480266,2.8155620569583,0.00597121854537289,0.0245014462593037,-2.29314064710115,"GABAergic","Glrx51"
"Tsen21",0.575156826799734,7.79926601644514,3.54155293164953,0.000629990358948126,0.00431303725634214,-0.423735991445337,"GABAergic","Tsen21"
"Xkr61",0.575128846009595,7.89231154202887,3.09047546736224,0.00265271462096479,0.0129145233847873,-1.63750302537556,"GABAergic","Xkr61"
"3110062M04Rik1",0.575111819507882,7.61815978799029,4.19058635779266,6.44192572397374e-05,0.00188939855984759,1.57678622841896,"GABAergic","3110062M04Rik1"
"Rbm71",0.574574705333196,7.88596226305197,3.09113524545528,0.00264739368046729,0.0128960627195848,-1.6371515607012,"GABAergic","Rbm71"
"Fbxo23",0.574497250896716,7.59081360134428,4.79768721895892,6.26373376923496e-06,0.000962104678538417,3.70510297585974,"GABAergic","Fbxo23"
"Pdxdc11",0.574449404829182,7.80641601671516,3.27721693559279,0.00148587282369171,0.008341918689151,-1.16132675826721,"GABAergic","Pdxdc11"
"Zfp283",0.572489806676312,7.55700654636896,4.28603403254386,4.51883144158909e-05,0.00188939855984759,1.88733285381122,"GABAergic","Zfp283"
"Med81",0.568963395680418,7.74189581422827,2.8239666954501,0.00582933932073075,0.0240840234251378,-2.32832187067251,"GABAergic","Med81"
"Tmem1411",0.56893674918326,7.57445016509968,4.07988909033251,9.66149586003056e-05,0.00213519058506675,1.1960755158806,"GABAergic","Tmem1411"
"Nfib1",0.568813164698693,8.18304696216766,2.74730834123756,0.00724590753032362,0.0280592367536079,-2.44739308886442,"GABAergic","Nfib1"
"Jmy1",-0.566486839373849,7.65984955130041,-3.42748840444428,0.000917140258141364,0.00579920970872305,-0.750123500365922,"GABAergic","Jmy1"
"Tnfrsf211",0.566451767977862,7.64215660771337,3.42522813621871,0.000923916691006659,0.00582803132529338,-0.813708116733915,"GABAergic","Tnfrsf211"
"Ccnd21",0.566022102611183,7.8207629300939,3.30961111664674,0.00134069426292077,0.00773095006674637,-1.07381392064296,"GABAergic","Ccnd21"
"Fam204a1",0.563600130657522,7.82300228555838,3.12066313861857,0.00241916664088045,0.012110699682336,-1.57266318235877,"GABAergic","Fam204a1"
"Sobp1",0.56341056959833,7.72365850323456,3.90924227691678,0.000178169904977621,0.00219999488316634,0.677301398155031,"GABAergic","Sobp1"
"Dnajc61",0.563218583719681,8.22617706689404,3.12044357526842,0.00242079398270398,0.012110699682336,-1.62342907667695,"GABAergic","Dnajc61"
"Sorcs31",0.562502104883783,7.7216443681536,3.61651731726617,0.000490099504755164,0.0036273698363107,-0.221845767960629,"GABAergic","Sorcs31"
"Rasgef1b1",-0.562462676485447,7.67699327150359,-3.02997952293382,0.00318505079369611,0.0149374850514482,-1.81240106800431,"GABAergic","Rasgef1b1"
"Hddc31",0.561491730178696,7.57505059389648,4.60547010714369,1.33492673857182e-05,0.00131274576540466,3.0087064572221,"GABAergic","Hddc31"
"B230209E15Rik1",0.561242864513624,7.97542214682267,3.1794544699648,0.00201825394535858,0.0105493547509054,-1.40943274373265,"GABAergic","B230209E15Rik1"
"Ncoa31",0.56114635111397,7.74117525200066,5.13303407546469,1.61079924480501e-06,0.000927482929364106,4.89589709392459,"GABAergic","Ncoa31"
"Map4k21",0.560860309913281,7.58389182462474,3.82289743450508,0.000241361247447053,0.00229447132044893,0.376536672773157,"GABAergic","Map4k21"
"Uba11",0.560389460592392,7.81501815368232,3.26631893736749,0.00153793656280519,0.0085382930284958,-1.19402786674309,"GABAergic","Uba11"
"Fign1",0.560365546645504,7.60157203824988,3.26388614742289,0.00154978976678295,0.00859273842084718,-1.27491964615004,"GABAergic","Fign1"
"Spire11",0.560071515944375,7.90392441949571,2.90153373811084,0.00465848551688089,0.0200740506692891,-2.10089849096706,"GABAergic","Spire11"
"Cpeb41",0.5585827083113,7.80543388765331,2.76574932036789,0.00687902909193697,0.0270622459918456,-2.44407165128481,"GABAergic","Cpeb41"
"Endod11",0.557750618357966,7.83355321988967,2.97757961094432,0.00372443967812475,0.0169742281567791,-1.92875345376327,"GABAergic","Endod11"
"Plekhb21",0.557499204601037,7.8433170627817,3.04813884046895,0.00301567857047978,0.0143004264841448,-1.75047189828272,"GABAergic","Plekhb21"
"Tceal51",0.557242671602813,8.08157206937405,3.11220507278834,0.00248259659634456,0.0123560921865478,-1.59526836165841,"GABAergic","Tceal51"
"Sez6l1",0.55689956427352,7.65249674565403,3.66960326250676,0.000409435039420869,0.00317414686410695,-0.0784520036236707,"GABAergic","Sez6l1"
"Pla2g4e1",0.556654828100346,7.6196976110038,4.72599554476688,8.32222055007124e-06,0.0010277942379338,3.44393888636786,"GABAergic","Pla2g4e1"
"Gstcd1",0.555838671731292,7.80172535108428,2.95446586776972,0.00398821190210179,0.0179876495992754,-2.01043333526904,"GABAergic","Gstcd1"
"Utp231",0.555816277109889,7.5975284855632,4.04153388106201,0.000111014633215833,0.00219999488316634,1.07995709786062,"GABAergic","Utp231"
"Cpt1c1",0.554892730467184,7.79066185997657,3.16954103421562,0.00208119537832781,0.0108021500538918,-1.45590289355835,"GABAergic","Cpt1c1"
"Tmem681",0.554284465686698,7.8073263792248,3.2572503708772,0.00158255723949815,0.00872067959140779,-1.21373874780092,"GABAergic","Tmem681"
"Mtor1",0.553808118490077,7.63374745626863,3.32728146824579,0.00126721933236765,0.00740749973542243,-1.07561564845444,"GABAergic","Mtor1"
"Pkn11",0.553617887486118,7.70531727660908,2.5638933452831,0.0119925674995193,0.041373372045882,-2.98367335759795,"GABAergic","Pkn11"
"Sema4b1",0.552967870138282,7.55735158307383,4.09147181230117,9.26311162589595e-05,0.00206892583601793,1.23081246573083,"GABAergic","Sema4b1"
"Ddx39b1",0.550416286171637,8.03701326537542,2.79682208292214,0.00629902645444941,0.0254649667030485,-2.33328012030458,"GABAergic","Ddx39b1"
"Fam208b1",0.549898479774165,8.01169932615454,2.99727140664295,0.00351253551893093,0.0162197250483772,-1.86760610299916,"GABAergic","Fam208b1"
"2510046G10Rik1",0.548843572635354,7.55531456246961,4.12163065504296,8.29842571055271e-05,0.00200649401672352,1.33084917123537,"GABAergic","2510046G10Rik1"
"Ntng11",0.548729960611272,7.65659154579804,3.91280498265589,0.000175936490805616,0.00219999488316634,0.674843170484698,"GABAergic","Ntng11"
"Tsnax1",0.548716496385802,8.02835118936142,3.18700418914098,0.00197151592076161,0.010360945370811,-1.39965616670152,"GABAergic","Tsnax1"
"A230006K03Rik1",0.547315586589544,8.03008135275664,2.77333255229047,0.00673314746694144,0.0266426724375219,-2.38598992328252,"GABAergic","A230006K03Rik1"
"Fam69b1",0.546344927224844,8.09781690929529,3.12274487221131,0.00240378790933105,0.0120447558845836,-1.58189305071896,"GABAergic","Fam69b1"
"Pias11",0.546215191726219,7.99940388827355,2.59466079452164,0.0110388599749252,0.0389841657146433,-2.77485007602403,"GABAergic","Pias11"
"Eef1akmt11",0.546166696062797,7.68527720280043,3.88606086064134,0.000193377528597845,0.00219999488316634,0.597118579381952,"GABAergic","Eef1akmt11"
"Msi21",0.546042917383043,8.20328099273149,2.57836868758964,0.0115349857423823,0.0403628376102195,-2.80734864091342,"GABAergic","Msi21"
"Kantr1",0.545883515954388,7.93333545895299,3.36028694040593,0.00113999428248988,0.00683674515956806,-0.931817581911227,"GABAergic","Kantr1"
"Map2k51",0.545765492013648,7.7635170620979,2.98272802434007,0.00366792523666301,0.0167773617306623,-1.93807426121286,"GABAergic","Map2k51"
"Msl21",0.545481584154953,7.75401353817934,2.7053729419548,0.00814753120916169,0.0306767672749112,-2.63177433699373,"GABAergic","Msl21"
"Camk1d1",0.545091726111298,7.81046474844102,2.5069892413138,0.0139540479511757,0.0457823798397674,-3.0106022481923,"GABAergic","Camk1d1"
"Slc25a191",0.544939640618045,7.69445689551132,2.78719936498472,0.00647367505325017,0.0259544508738996,-2.4507555002658,"GABAergic","Slc25a191"
"Aimp11",0.544397529825737,7.90884838669607,3.0157653393267,0.00332373000861781,0.0154726633106277,-1.82242372974963,"GABAergic","Aimp11"
"Tusc21",0.543333928973909,7.63808170889274,3.79232188773851,0.000268481118169875,0.00235847743764708,0.295101935271576,"GABAergic","Tusc21"
"Rnf201",0.54252045154014,7.98346107860804,2.52427357989127,0.013329799382095,0.0441999165086208,-2.92424048124643,"GABAergic","Rnf201"
"Mtr1",0.542152751736761,7.56936378819149,4.58664711269421,1.43630756009317e-05,0.0013422808779676,2.94103192933792,"GABAergic","Mtr1"
"Zfand11",0.542076751868354,7.69887540525367,4.62838915785238,1.22082648027431e-05,0.00128156259766796,3.0841589458869,"GABAergic","Zfand11"
"Zbtb171",0.541731827455318,7.60283905240494,4.86443394484074,4.79806528549722e-06,0.000962104678538417,3.95020051436023,"GABAergic","Zbtb171"
"Got11",-0.541494668811758,8.27802308201957,-2.65648708891609,0.00932670209360939,0.0339089389376534,-2.67413475230264,"GABAergic","Got11"
"Miga21",0.541281088274798,7.77246786529892,2.55196318963754,0.0123819196834783,0.0420871673644836,-2.93418852450968,"GABAergic","Miga21"
"Fbxw111",0.540829834944313,7.6249809337807,3.26867333079327,0.00152654618488815,0.00849752642113833,-1.25474368400886,"GABAergic","Fbxw111"
"Cwc221",0.540623335082319,7.71169470957286,4.48794240057522,2.10267928462119e-05,0.0013784186579601,2.591395151758,"GABAergic","Cwc221"
"Cdh61",0.540589178735376,7.54932892695288,4.26788521568478,4.8357227964256e-05,0.00188939855984759,1.82397307106152,"GABAergic","Cdh61"
"Hid11",0.540449586297739,7.5930682344449,3.7718478617304,0.000288238496970561,0.00249289988192553,0.216411806536191,"GABAergic","Hid11"
"Nop581",0.539274517477248,7.78149784847993,2.86520972792913,0.00517685743095269,0.021918891744701,-2.21506520513975,"GABAergic","Nop581"
"1110059E24Rik1",0.539272532003433,7.81261108477736,3.01675391751693,0.00331390703857984,0.01544405733074,-1.84226423152299,"GABAergic","1110059E24Rik1"
"Prdm111",0.538875076434526,7.62351223432669,3.58055908180742,0.000553062335502838,0.00395623295873325,-0.361681259597601,"GABAergic","Prdm111"
"Rexo41",0.538862732948155,7.68752599947277,2.74104083616377,0.00737460602821123,0.0284004622859605,-2.57654330360045,"GABAergic","Rexo41"
"Src1",0.53804174272345,7.65186348510156,3.72985928683637,0.000333172552458118,0.00276298528197163,0.105391874968315,"GABAergic","Src1"
"Sec22b1",-0.5380045306411,7.72621689304877,-2.92854011474888,0.004304526571815,0.0189993417046789,-2.03885895515963,"GABAergic","Sec22b1"
"Ndufaf51",0.537706194083635,7.91638038165124,3.05379944177367,0.00296461412334054,0.0141298691304279,-1.72810724395735,"GABAergic","Ndufaf51"
"Exoc11",0.53697450597065,7.96687722346478,2.48353941802922,0.0148428862453777,0.0480534150688829,-3.0171187849765,"GABAergic","Exoc11"
"Afg3l11",-0.536629522685218,7.75910733545831,-2.9834471826811,0.00366009438601789,0.0167476240394723,-1.8997561855274,"GABAergic","Afg3l11"
"Ccdc1571",0.53622151195417,7.55386823306453,4.08439350631772,9.50465185062262e-05,0.00211178038343893,1.20658673556579,"GABAergic","Ccdc1571"
"Gdap1l11",0.535536550617453,7.75804386149919,3.6428085717612,0.000448430421882485,0.00339068308790736,-0.132642797789084,"GABAergic","Gdap1l11"
"Ift801",0.535190547744533,7.64476812400038,3.67483798219351,0.000402202537010452,0.00313329954157122,-0.0645746161108596,"GABAergic","Ift801"
"Klhl291",0.535152499335311,7.82937015586097,2.97657273398706,0.00373558586274429,0.016994284981217,-1.94848124696621,"GABAergic","Klhl291"
"Borcs71",0.535073841665901,7.75235190126892,3.08597520556156,0.00268927393073285,0.0130345454811242,-1.67990527942504,"GABAergic","Borcs71"
"4732471J01Rik1",0.534884728471488,7.61171463147481,3.94473921643448,0.000157077576758387,0.00219999488316634,0.767941844156863,"GABAergic","4732471J01Rik1"
"Arfgap21",0.534797581832892,7.73858931423351,4.33034349631113,3.82700742072599e-05,0.00180638760156399,2.04817845809626,"GABAergic","Arfgap21"
"Ibtk1",0.534772403225392,7.70307966186926,3.55487011636235,0.000602654263956213,0.00421624062506491,-0.407434103575944,"GABAergic","Ibtk1"
"Fsd11",0.534562792125794,7.66099399550437,3.58009020527498,0.000553931821065219,0.00396020383085049,-0.34680053449628,"GABAergic","Fsd11"
"Ugt8a1",-0.534132018900353,7.59685798260595,-3.42718865372466,0.000918036230271831,0.00579920970872305,-0.754741332046414,"GABAergic","Ugt8a1"
"Cdk71",0.533760204880074,7.73455569267639,2.85192883326862,0.00537925604594414,0.0226051565526256,-2.26578793365951,"GABAergic","Cdk71"
"Uggt11",0.53339113637071,7.67426410263342,2.94459455240458,0.00410603155579724,0.0184208987630262,-2.0799761550512,"GABAergic","Uggt11"
"Klf71",-0.53298535767635,7.82153003382878,-2.81843772736431,0.0059223220286813,0.0243881956833274,-2.28807426344938,"GABAergic","Klf71"
"Gm435971",-0.532573502577593,7.68818834221706,-2.9883075105772,0.00360757452700215,0.0165614490949876,-1.8935730273486,"GABAergic","Gm435971"
"Rpl10-ps31",0.531121082242031,7.85688790427025,2.59072562785652,0.0111568953934863,0.0392798801765642,-2.81363684168438,"GABAergic","Rpl10-ps31"
"Pdk11",0.530365782675531,7.68061727835952,4.8729486795898,4.63701335583338e-06,0.000962104678538417,3.96749124688857,"GABAergic","Pdk11"
"Rars21",0.52985417720862,8.15436302829416,2.73806428796757,0.00743645430694672,0.0285513608365156,-2.46960055043713,"GABAergic","Rars21"
"Elavl11",0.529604876826908,7.96579286246357,2.70963898758765,0.00805135436001562,0.0303843351926653,-2.53158762474246,"GABAergic","Elavl11"
"Arhgap391",0.529431757856275,7.73943039646867,3.14521266056944,0.00224349864937047,0.011455756986672,-1.53654162497881,"GABAergic","Arhgap391"
"Zdhhc41",0.529276168247695,7.61151948737017,4.17850016330568,6.73550388223989e-05,0.00188939855984759,1.53559809268865,"GABAergic","Zdhhc41"
"Zeb11",0.529150085305084,7.89553123452732,3.06451517924834,0.00287013659543215,0.0137681304998701,-1.70348678583846,"GABAergic","Zeb11"
"Rbbp51",0.52879422239174,7.69472827499805,2.9156734410304,0.00446995248244693,0.0194342875310417,-2.1303661029584,"GABAergic","Rbbp51"
"Hdac21",0.528690687642466,8.0810254697992,2.92880791819947,0.00430114417377644,0.0189910666516165,-2.03269152642647,"GABAergic","Hdac21"
"Hectd41",0.527355636566086,7.7380632957094,3.67097577138925,0.000407526871982928,0.00316889876936355,-0.0535754451954045,"GABAergic","Hectd41"
"Nop561",0.527331781528406,7.93899465677,3.26757213640291,0.00153186381312324,0.008520663168172,-1.17976750445587,"GABAergic","Nop561"
"Asna11",0.527303698589064,7.80278132478616,2.66713631832814,0.00905737757182815,0.0331384796027648,-2.67435425840065,"GABAergic","Asna11"
"Klf121",0.526238881867301,7.82471348661724,2.85693870023851,0.00530206825410537,0.022375260903506,-2.22593373679986,"GABAergic","Klf121"
"Commd11",0.526018155396437,7.61302709476554,4.61461405110271,1.28821598522226e-05,0.00129821254126759,3.04316763177396,"GABAergic","Commd11"
"Nr1d21",0.525819880459283,8.11671488207377,2.85389161810995,0.00534889304909018,0.0225200553941808,-2.21225217290163,"GABAergic","Nr1d21"
"Sar1a1",0.52478724081609,7.81312416742233,2.56823736464086,0.0118535592998849,0.041033054822932,-2.88845826548552,"GABAergic","Sar1a1"
"Rph3a1",0.524546199890987,8.03515966584101,2.83790115456986,0.00560090223062827,0.0233084127516433,-2.24032308228206,"GABAergic","Rph3a1"
"Tmem1211",0.524447607123085,7.55125298965555,3.71477438296229,0.00035088531077685,0.0028842493113114,0.0292864892481663,"GABAergic","Tmem1211"
"Adcy11",0.524384459642903,8.11263417150194,2.85430269209865,0.00534255396165997,0.0225008867452459,-2.2106227507201,"GABAergic","Adcy11"
"Vps26a1",0.524125724202644,7.72708005266621,3.23204683999364,0.00171301238774358,0.00923418620792419,-1.30104113196567,"GABAergic","Vps26a1"
"Sema3c1",0.523981349031503,7.66384734730043,5.15232502479098,1.48769072346634e-06,0.000927482929364106,5.0119550093961,"GABAergic","Sema3c1"
"Gpkow1",0.523799249512942,7.68583415668326,3.48468651291047,0.00076046275793077,0.00503789637778641,-0.61062254436268,"GABAergic","Gpkow1"
"Ints141",0.523590781834115,7.6698849808124,3.04203942402901,0.00307161363946649,0.0144972338015584,-1.83641124772367,"GABAergic","Ints141"
"Ash2l1",0.521635770901018,7.72018570194167,3.37229416816203,0.00109676405006319,0.00664227727819518,-0.932349620433804,"GABAergic","Ash2l1"
"Sfxn41",0.521208267010015,7.7094594513166,4.06327554093699,0.000102617331608908,0.00219999488316634,1.16825060723388,"GABAergic","Sfxn41"
"Prrc2b1",0.519420998406404,8.03698669326169,2.71134470347424,0.00801318946398194,0.030276588985537,-2.52244321228377,"GABAergic","Prrc2b1"
"Cxxc11",0.519333885293451,7.82698504402633,3.21571044000652,0.00180286949362787,0.00959473891475719,-1.31964248761236,"GABAergic","Cxxc11"
"Mmadhc1",0.518652745618746,7.64966165657288,3.56739689360449,0.000577968041341983,0.00409716568192738,-0.38714560654966,"GABAergic","Mmadhc1"
"Tmem151a1",0.517134320142667,7.75451035043713,3.20844333662267,0.00184424047262474,0.0097777345259486,-1.35620184738883,"GABAergic","Tmem151a1"
"Fbxo111",0.516860646859485,7.73348060117645,2.61743664076162,0.0103775829180288,0.0370539716605467,-2.83038756434705,"GABAergic","Fbxo111"
"Spcs31",0.516833438643351,7.82985331112372,2.78738495926973,0.00647026512292096,0.0259490384442647,-2.38911667481151,"GABAergic","Spcs31"
"Bcs1l1",0.516518687143412,7.72859806961382,3.06194397771339,0.00289254789024994,0.013846507039621,-1.7497025350604,"GABAergic","Bcs1l1"
"Eif2a1",0.516274371750426,7.89790463245459,2.55277028613283,0.0123552246619791,0.0420300213747788,-2.90182070730549,"GABAergic","Eif2a1"
"Cd2001",0.51571778341208,8.03990393822814,2.8651156384829,0.00517826639931968,0.021918891744701,-2.17804491298408,"GABAergic","Cd2001"
"Wbp21",0.515686434833377,7.77166559471487,2.97065785730212,0.00380168860692734,0.0172762883771514,-1.96754700010243,"GABAergic","Wbp21"
"Ints71",0.515232828920139,7.58739404498417,3.5736107151114,0.000566080700344086,0.00403789274192212,-0.382032944496022,"GABAergic","Ints71"
"Tmem39b1",0.515186809048002,7.53030774279805,3.93618277733833,0.000161931724617132,0.00219999488316634,0.715414067762276,"GABAergic","Tmem39b1"
"Rasa11",0.515022916650146,7.77063063578571,3.22973785807599,0.00172545360885558,0.00926098811706595,-1.30183918823027,"GABAergic","Rasa11"
"Rassf81",0.514931995931606,7.59344065419773,3.80983616328414,0.000252610386476701,0.00231091723924982,0.335626514579103,"GABAergic","Rassf81"
"Keap11",0.514741232567956,7.64697557122626,3.09831008745494,0.00259016723299851,0.0127106882096152,-1.68755063647413,"GABAergic","Keap11"
"Pnck1",0.513464593633587,7.60377409056918,4.78766949201542,6.51832591219596e-06,0.000962104678538417,3.6684142138062,"GABAergic","Pnck1"
"Bsdc11",0.513441023448289,7.6326225750322,3.20031404441047,0.00189156970942597,0.00999920420882875,-1.45318141813589,"GABAergic","Bsdc11"
"Proser11",0.512151013085908,7.88919560902311,2.81884246287988,0.00591546962349566,0.024367943377101,-2.30024533502429,"GABAergic","Proser11"
"4732463B04Rik1",0.512122774553801,7.69535319972204,2.70229435202795,0.00821758527384692,0.0308637214354948,-2.6483427471147,"GABAergic","4732463B04Rik1"
"Abca71",0.512117202814568,7.57527881422247,3.67980545565566,0.000395451588960831,0.00311343979133725,-0.0722027187825116,"GABAergic","Abca71"
"Mgat5b1",0.511792871611236,7.57916809910033,3.39823886515794,0.00100856094146771,0.00625384979880044,-0.912117098345291,"GABAergic","Mgat5b1"
"Jph11",0.511079469782188,7.61517297161158,3.94754462153265,0.00015551657234965,0.00219999488316634,0.778534563577529,"GABAergic","Jph11"
"Hcfc1r11",0.510930272667411,7.91990513826571,2.67271593285134,0.0089191021738238,0.0326990483363383,-2.62084886251781,"GABAergic","Hcfc1r11"
"Ahctf11",0.510764217550376,7.89026119251801,2.68638616244305,0.00858838735496498,0.0317825838749982,-2.60948397476258,"GABAergic","Ahctf11"
"Zfp7871",0.510070169149635,7.54879515877104,4.16492114503851,7.08069341511569e-05,0.00189633630368793,1.47467310811892,"GABAergic","Zfp7871"
"Zfp601",0.509202326528034,7.75967928424265,3.22747693364671,0.00173771769070283,0.00930807090471162,-1.30171597249308,"GABAergic","Zfp601"
"Ncoa21",0.508908564452069,7.90988214075349,2.74692760515926,0.00725366682491914,0.0280806518111575,-2.46074387169682,"GABAergic","Ncoa21"
"Hexb1",0.50844931978983,7.5893461949203,3.88840762438538,0.000191783316628925,0.00219999488316634,0.584042857189416,"GABAergic","Hexb1"
"Mpp11",0.508338107804113,7.82899872174205,2.79083580631254,0.00640716104175708,0.0257922180881223,-2.3802853528115,"GABAergic","Mpp11"
"Snx131",0.508256771466238,7.77183837199687,4.3680726784409,3.31951739787258e-05,0.00168737019751016,2.168607072504,"GABAergic","Snx131"
"Rngtt1",0.508212557300944,7.6844390975882,3.2554341728973,0.00159163799390503,0.00874775907906702,-1.26003652485036,"GABAergic","Rngtt1"
"Max1",0.508038844898125,7.76910381461681,4.09560813641688,9.12470307674912e-05,0.0020620846452855,1.2722116257143,"GABAergic","Max1"
"Fam98c1",0.507508622060678,7.86684080636392,2.46973226268998,0.0153896433789634,0.049468460128432,-3.07197363654742,"GABAergic","Fam98c1"
"Itsn21",0.507370609404883,7.8265227918412,3.04689638324045,0.00302699542207587,0.0143457717576711,-1.76199174032964,"GABAergic","Itsn21"
"Aktip1",0.507262782737396,7.77292259323077,2.85536099583686,0.00532626579629878,0.0224472968337155,-2.24494656515064,"GABAergic","Aktip1"
"Hey11",0.506958247516318,7.62779701683539,4.0985168201315,9.02856483070079e-05,0.0020592534308767,1.27303962543362,"GABAergic","Hey11"
"Suds31",0.506365254148193,7.70723407941153,4.03335195111221,0.000114342268972865,0.00219999488316634,1.07145340486017,"GABAergic","Suds31"
"Paqr31",0.505356480069017,7.54901526148452,4.1516536552975,7.43435492179965e-05,0.00191614085363777,1.43013126204804,"GABAergic","Paqr31"
"Phc31",0.50529597877983,8.05601663737459,2.55437930194302,0.0123021604418364,0.0419178563932412,-2.85518025200905,"GABAergic","Phc31"
"Entpd51",0.504557869369836,7.5722935379485,3.67028925639063,0.000408480260046481,0.00317239570641524,-0.104308756983549,"GABAergic","Entpd51"
"Flna1",0.504346777151303,7.65573309788016,2.79324772008555,0.00636339021985046,0.0256675077167647,-2.4892383445922,"GABAergic","Flna1"
"Pin11",0.503997115631553,7.86854914477748,2.81474302768742,0.00598521242714373,0.0245428779116958,-2.31342287056786,"GABAergic","Pin11"
"Rgs71",0.503181860811092,8.1974389996346,2.64437815908724,0.00964175317634936,0.0348914578461571,-2.66909777399018,"GABAergic","Rgs71"
"1110038F14Rik1",0.503079561593429,7.71793014897837,3.45626546074948,0.00083485775880766,0.00545189382462421,-0.681351327820386,"GABAergic","1110038F14Rik1"
"Zfx1",0.502797338298135,7.63829600564633,3.95576184036126,0.000151029227673959,0.00219999488316634,0.808210506871515,"GABAergic","Zfx1"
"Camsap21",0.502334399570942,7.79120242773017,3.73641162302121,0.000325746666682836,0.00271570533435055,0.147540310667761,"GABAergic","Camsap21"
"Ercc61",0.502083413414596,7.63376555367829,3.8018961334632,0.000259691228502062,0.00233385266721917,0.325212940975787,"GABAergic","Ercc61"
"Fbrs1",0.50204511986312,7.57355582609371,3.57429373189476,0.000564788266588926,0.00403095625734884,-0.394122694780164,"GABAergic","Fbrs1"
"Aebp21",0.501181740234396,7.73294000871224,3.64175333051627,0.000450036065993182,0.00339874359911038,-0.137974124892573,"GABAergic","Aebp21"
"Wnt5a1",0.501065873440776,7.59088560062642,4.46910791243662,2.26011569120978e-05,0.00138881352986193,2.52645374976744,"GABAergic","Wnt5a1"
"Mok1",0.500675239432601,7.62473022003617,3.47529214528961,0.000784332201491293,0.00517084237981327,-0.663274149025008,"GABAergic","Mok1"
"Pcdh151",0.500233485247209,7.75227846684819,4.51051590215278,1.92794037496474e-05,0.00137217228788588,2.65749796426859,"GABAergic","Pcdh151"
"Hap11",0.50013197719858,7.62449470525198,3.42192226586044,0.000933912880950537,0.00586758132734858,-0.818344660330202,"GABAergic","Hap11"
"Tpra11",0.499623642558265,7.54688036688509,4.29700440434525,4.33709076821329e-05,0.00188939855984759,1.92333498245734,"GABAergic","Tpra11"
"Virma1",0.499125315713126,7.69328869109764,2.92486256249354,0.00435122327127509,0.0190983831178579,-2.14268471779545,"GABAergic","Virma1"
"Acsl11",0.499031900523718,7.8815946155003,2.68547113031269,0.00861017121358377,0.0318444881906972,-2.6155188809648,"GABAergic","Acsl11"
"Plcd31",0.498742062946512,7.53159366143073,3.85966791618029,0.000212200954133721,0.00219999488316634,0.469457741474341,"GABAergic","Plcd31"
"Akap17b1",0.497962285598307,7.59710234583091,3.64376229031387,0.000446983930400276,0.0033827240946016,-0.178029528210327,"GABAergic","Akap17b1"
"Ssr11",0.497708103574737,7.90013076505803,2.93749119523932,0.00419279160588684,0.0186346623924039,-2.01534956944037,"GABAergic","Ssr11"
"Actr1a1",0.4976624352834,7.69150565760347,3.65837492346836,0.000425367222742217,0.00324551841604101,-0.0986749622220753,"GABAergic","Actr1a1"
"Fgd41",0.497640499347053,7.73883217706283,3.19264341804607,0.00193726620957267,0.0102150449736237,-1.40960208875836,"GABAergic","Fgd41"
"Trappc121",0.49751776777951,7.79309830984244,2.77611880007299,0.00668026129026211,0.0265207011253936,-2.43338786640065,"GABAergic","Trappc121"
"Gm384131",0.497385426735499,7.58793789705055,3.99372870695377,0.000131856414818506,0.00219999488316634,0.923053160428971,"GABAergic","Gm384131"
"Rab8a1",0.497190814466603,7.63448462516813,4.22952565827709,5.57747167839962e-05,0.00188939855984759,1.70952264254622,"GABAergic","Rab8a1"
"Paxbp11",0.497077774792029,7.88189632623986,2.71493414953454,0.00793341397515473,0.0300111759294367,-2.5429932361976,"GABAergic","Paxbp11"
"Dnajb51",0.496937848050588,7.54389092380421,4.21553417385741,5.8743750631621e-05,0.00188939855984759,1.6448494604813,"GABAergic","Dnajb51"
"Hacd31",0.496612989233205,8.05075989421572,2.49837450950039,0.0142748733938553,0.0465977144706906,-2.96732273508738,"GABAergic","Hacd31"
"Dazap11",0.496191348391174,7.70462723471863,3.39280167111238,0.001026473642125,0.00631063370905254,-0.871256529735557,"GABAergic","Dazap11"
"Osgin21",-0.496046053215818,7.61047069938263,-3.21414957047428,0.00181168158951859,0.00963094059298971,-1.34352370395412,"GABAergic","Osgin21"
"Setdb11",-0.496003429154123,7.76699738757915,-2.77902556916498,0.00662549230797484,0.0263867614933794,-2.38170457139796,"GABAergic","Setdb11"
"Pantr11",0.495864535245977,7.67708594682771,3.12090179219696,0.00241739896206187,0.0121081410437747,-1.62782258707542,"GABAergic","Pantr11"
"Taf21",0.495754834147142,7.71316797634425,3.11129812821567,0.00248948914133487,0.0123757279847653,-1.62662691551542,"GABAergic","Taf21"
"Cacul11",0.495437056620106,7.66418248519696,3.32589486684393,0.00127284544769007,0.00743348822649596,-1.06868704811677,"GABAergic","Cacul11"
"Lactb1",-0.495169994326849,7.62164040096622,-3.15397700108105,0.00218371601415075,0.0112370386561507,-1.48335015589882,"GABAergic","Lactb1"
"2700097O09Rik1",0.494693968496445,7.71528311910682,3.26174928726564,0.00156027161322802,0.00863565092787056,-1.2395613497772,"GABAergic","2700097O09Rik1"
"Cntrob1",0.494411337080966,7.63549921060612,3.65812526875946,0.000425728064320156,0.0032463053427609,-0.11790992834412,"GABAergic","Cntrob1"
"Phyh1",0.494317202411479,7.68360250713013,3.96901408962796,0.000144052253873019,0.00219999488316634,0.861910267082061,"GABAergic","Phyh1"
"Zfp3241",0.494104601196213,7.54328859252985,4.38510803358379,3.11227716319215e-05,0.00162538224117767,2.22747131359608,"GABAergic","Zfp3241"
"Dnajb111",0.493876909652629,7.8313795705777,2.9904001748649,0.00358517686172199,0.0164826543529605,-1.89965165078025,"GABAergic","Dnajb111"
"Gm100311",0.493540330187819,7.59243900139349,4.27656578730676,4.68157021160806e-05,0.00188939855984759,1.86012681527416,"GABAergic","Gm100311"
"Mmp171",0.493399042443582,7.7422052535215,4.83702502849479,5.35433533623666e-06,0.000962104678538417,3.81382229695362,"GABAergic","Mmp171"
"Pex71",0.493286177892827,7.74388013180714,2.89677994032287,0.00472349681289743,0.0202870403518817,-2.16024307005577,"GABAergic","Pex71"
"Pdss21",0.493107903300913,7.68642056261461,2.59560165891438,0.0110108063068933,0.038906908007836,-2.9004690286819,"GABAergic","Pdss21"
"Tmem291",0.492958911241273,7.77813984632656,2.69631639166116,0.00835518232577896,0.0312256275524219,-2.64251932463707,"GABAergic","Tmem291"
"Psmf11",0.492633112040263,7.63839616191972,3.45224525802561,0.000845919114021055,0.00548997582654468,-0.726785010138205,"GABAergic","Psmf11"
"Ankfy11",0.492181336117937,7.69940517380917,3.0137478644423,0.00334386026481005,0.0155474703184433,-1.88671963337583,"GABAergic","Ankfy11"
"Snapc11",-0.491795892504872,7.80110071197714,-2.63328293735368,0.00993886364415708,0.0357611726150948,-2.70809052936578,"GABAergic","Snapc11"
"Eml61",0.490450851770682,7.89537011519794,3.54268270513489,0.000627626516362448,0.00430152950305645,-0.42378500904379,"GABAergic","Eml61"
"Golga31",0.490368231093179,7.67537053781107,2.50212778772235,0.0141342912055946,0.0462226548070808,-3.13593290268504,"GABAergic","Golga31"
"Ndufc11",0.489577035746791,7.86450000902011,2.75836487254106,0.00702385504639988,0.0274695752932317,-2.44602787404129,"GABAergic","Ndufc11"
"Elmsan11",0.489136577339143,7.59090523500084,4.77711510791488,6.79743719853292e-06,0.000962104678538417,3.62986592531248,"GABAergic","Elmsan11"
"Med13l1",0.489084142127492,7.67047249779242,3.9813270115022,0.000137847127629444,0.00219999488316634,0.899305692514686,"GABAergic","Med13l1"
"Fam120c1",0.488866634878309,7.69640767464775,3.38338361022061,0.00105821131938496,0.0064678738429366,-0.906991260099994,"GABAergic","Fam120c1"
"Arid5b1",0.488670106970727,7.88196434274794,3.3727596634213,0.00109511953912283,0.00663870107523116,-0.895772612564228,"GABAergic","Arid5b1"
"Fndc3b1",0.488204207128235,7.59269842307472,4.39605773817693,2.98572885725705e-05,0.00162538224117767,2.27158705971842,"GABAergic","Fndc3b1"
"1110008P14Rik1",0.487647968548596,7.87305739080931,3.21580716726271,0.00180232472685248,0.00959473891475719,-1.31765874400941,"GABAergic","1110008P14Rik1"
"Cpsf41",0.487503630852646,7.67706289034916,2.93829801671067,0.00418285271257978,0.0186219916246232,-2.11649982571488,"GABAergic","Cpsf41"
"Cadm41",0.487236610110495,7.72645063667979,3.16204884253117,0.00212997321801402,0.0110190031323707,-1.50635008800494,"GABAergic","Cadm41"
"Epb411",0.487094898931464,7.86231243271811,2.62288518553042,0.0102247968241434,0.0366226231429443,-2.75321205905321,"GABAergic","Epb411"
"Cdkl11",0.486825684768102,7.59451938273484,4.8632138334544,4.82158461136479e-06,0.000962104678538417,3.94590416381249,"GABAergic","Cdkl11"
"Mfsd4a1",0.486537466744072,7.70407457411718,3.08682457383468,0.00268233818419546,0.0130117723136916,-1.69490738862421,"GABAergic","Mfsd4a1"
"Wdr771",0.486282986721164,7.64610471988492,2.82937090954086,0.00573974935442824,0.023784086387412,-2.3793362626625,"GABAergic","Wdr771"
"Wdr261",0.486223064239117,7.76503413708936,2.96742492098769,0.00383827391015046,0.017423688809429,-1.97831225525555,"GABAergic","Wdr261"
"Ctnnd21",0.486133131357528,8.07221991078752,2.89473985154999,0.00475165152206061,0.0203823734448801,-2.11212625731596,"GABAergic","Ctnnd21"
"Gm457681",0.486030632580912,7.59722498191813,3.64450600595907,0.000445859020304708,0.00337732175512832,-0.175575309645642,"GABAergic","Gm457681"
"Mphosph91",0.48593351966462,7.81934091516646,3.30360597223126,0.00136656078634529,0.00784977940063459,-1.08667147159841,"GABAergic","Mphosph91"
"Nln1",0.485511061943114,8.05757145792853,2.83047073940764,0.00572167188673044,0.0237182214598508,-2.2576518972221,"GABAergic","Nln1"
"Dlx1as1",0.48545005265827,8.0407399393028,2.66453741255343,0.00912244609719198,0.0333411546443897,-2.62453660741607,"GABAergic","Dlx1as1"
"Snapc51",-0.485203186178732,7.71408867386905,-2.80599080530476,0.00613663905497508,0.0249606852358802,-2.33695876763408,"GABAergic","Snapc51"
"Fbxo421",0.484697752363568,7.64453555454821,2.77464573387421,0.00670817429532504,0.0265976794424665,-2.51698448832959,"GABAergic","Fbxo421"
"Las1l1",0.484538661188982,7.95434977228613,2.58872167671675,0.0112174408164399,0.0394489396886359,-2.80500221570279,"GABAergic","Las1l1"
"Dgkq1",0.48421049148593,7.74394434527558,2.82274437033485,0.00584977967223205,0.0241526301314674,-2.34265392968863,"GABAergic","Dgkq1"
"Rasgrf21",0.483778671717565,7.89005643285191,3.75874850921479,0.00030159752082763,0.00256802247317156,0.206873792814628,"GABAergic","Rasgrf21"
"Mrpl461",0.483725572897598,7.63713038018409,4.0616403637936,0.000103227082193599,0.00219999488316634,1.15257598874061,"GABAergic","Mrpl461"
"Usp451",-0.483599942367128,7.73005220498284,-2.91628103893606,0.00446201072866549,0.0194155264763382,-2.05853454118885,"GABAergic","Usp451"
"Prickle11",0.483456908029583,7.82576088521622,2.80295555886558,0.00618996708089073,0.0251127627746523,-2.35306545226974,"GABAergic","Prickle11"
"Lonrf21",0.482611031615944,7.71629641827793,3.33880550812827,0.00122135552353141,0.00717268789273901,-1.01930376937702,"GABAergic","Lonrf21"
"9330160F10Rik1",0.482491164164118,7.52646253733855,3.67038079779616,0.000408353010954907,0.00317239570641524,-0.126585692217324,"GABAergic","9330160F10Rik1"
"Brd3os1",0.482218452449802,7.6459399891828,4.32124022568128,3.9602319147542e-05,0.00182736415495087,2.02144102043333,"GABAergic","Brd3os1"
"Mcfd21",0.481952356164534,7.65775098236768,3.44951783209786,0.000853501976516111,0.00550904353229923,-0.71969295462072,"GABAergic","Mcfd21"
"Kitl1",0.481832724238536,7.59341349565444,4.80268889548354,6.14026641518385e-06,0.000962104678538417,3.72341855910217,"GABAergic","Kitl1"
"Wdr541",0.481589188426744,7.61439792549455,3.88710850376887,0.000192664282012617,0.00219999488316634,0.58424434274217,"GABAergic","Wdr541"
"Utp31",0.481227240327026,7.7125932273706,2.88652835309317,0.00486654458364637,0.0208104034926598,-2.20030898730701,"GABAergic","Utp31"
"Med121",0.481162971422428,7.57018917056469,3.74473100154965,0.000316544864753396,0.00265127371096976,0.125817978539266,"GABAergic","Med121"
"Poldip31",0.480709668850578,7.74815342165857,2.90461864437591,0.00461673908175995,0.0199304531230055,-2.13941155011949,"GABAergic","Poldip31"
"D130017N08Rik1",0.480603131249905,7.59769400096769,3.20530161501162,0.00186239910996503,0.00986155594292958,-1.43744561924591,"GABAergic","D130017N08Rik1"
"St51",0.480444619970215,7.6192327953269,3.73480987571933,0.000327547278974789,0.00272530586079618,0.105866685426151,"GABAergic","St51"
"Ap2a11",0.480344010879975,7.76768756272778,3.24060270400799,0.00166763920601887,0.00907832803726002,-1.2653181428063,"GABAergic","Ap2a11"
"Itga61",0.480101605317101,7.61239272104203,3.568097723216,0.000576615593775377,0.00409443701912205,-0.393195799977073,"GABAergic","Itga61"
"Rgs191",0.48006570340197,7.52844567691053,3.90175361169336,0.00018295311608655,0.00219999488316634,0.603673906815448,"GABAergic","Rgs191"
"Rps6ka21",0.480059433298442,7.61717548118411,2.97684978783149,0.00373251579137357,0.0169870736889585,-2.04333121314462,"GABAergic","Rps6ka21"
"Prpf191",0.479796388927032,7.62058344408838,3.31612075997103,0.00131317366316342,0.00760903801051961,-1.12166438805815,"GABAergic","Prpf191"
"Pxk1",0.479743973642917,7.99237009877394,2.75865742862886,0.00701806480345146,0.0274573094560159,-2.42088320251258,"GABAergic","Pxk1"
"Saal11",0.479405181654031,7.53161116686754,4.03525833264236,0.000113558493403685,0.00219999488316634,1.03960790262938,"GABAergic","Saal11"
"Iqsec21",0.478830193801951,7.68372063756572,2.5380107476891,0.0128516836677183,0.0430108021153688,-3.02814185080922,"GABAergic","Iqsec21"
"Pigc1",0.478687237707433,7.56996817816704,3.45822581565304,0.00082951355479726,0.00542261663195697,-0.740411786970474,"GABAergic","Pigc1"
"Igip1",0.478628799272634,7.68397145610158,3.64071305971851,0.00045162426848,0.00340665323954644,-0.158481202425184,"GABAergic","Igip1"
"Kctd71",0.477803124638223,7.56824225020534,3.54605830664116,0.000620613563044111,0.00427439532731912,-0.48070053265058,"GABAergic","Kctd71"
"Nudt191",0.477707278569482,7.72353671732138,3.22836465758697,0.00173289266785123,0.00929299656744226,-1.32268789481938,"GABAergic","Nudt191"
"B3gat11",0.477678413830269,7.67119939599941,3.98073039711052,0.000138141799389332,0.00219999488316634,0.89758745559236,"GABAergic","B3gat11"
"Tmem86b1",0.47763047537552,7.55524796288238,3.1766733061419,0.00203573027462809,0.0106186725753582,-1.54514420804791,"GABAergic","Tmem86b1"
"Kmt5a1",0.477574838241185,7.6333833126206,3.22449628804219,0.00175401033588136,0.00938626516614165,-1.37295716228557,"GABAergic","Kmt5a1"
"Necab11",0.47748454846297,7.84112659341887,3.53757934945616,0.000638371396179823,0.00435385190994977,-0.43477985366586,"GABAergic","Necab11"
"Cep571",0.477255323223094,7.7307445621821,2.83045248489576,0.00572197150245983,0.0237182214598508,-2.34174354817987,"GABAergic","Cep571"
"H131",0.476855049447623,7.8751002974887,3.22323116830296,0.00176096873027197,0.00941550216266384,-1.29675947268198,"GABAergic","H131"
"Gng131",0.476727692313656,7.73663146819506,2.60530305008026,0.0107252737352953,0.0380581051390181,-2.85035735515452,"GABAergic","Gng131"
"Cog41",0.476573081937087,7.87549256367162,2.51843243311848,0.0135378963404832,0.044701672398707,-2.97197222136963,"GABAergic","Cog41"
"Bud311",0.476009748872649,7.67830872447788,3.38656298721246,0.00104739543925403,0.00642045759040538,-0.894577275618006,"GABAergic","Bud311"
"Sec23b1",-0.474216331769263,7.6222408059833,-2.87407612317356,0.00504565439557415,0.0214297698999164,-2.19060039568312,"GABAergic","Sec23b1"
"Smad71",0.473994296602195,7.61147027172608,2.72488917339025,0.00771593241796555,0.0293737082711127,-2.68577355117337,"GABAergic","Smad71"
"Dis3l1",0.473901724448928,7.5688819418597,3.73296594802511,0.000329631862849526,0.00273722648405767,0.0898860421471666,"GABAergic","Dis3l1"
"Pde1a1",0.473884308065216,7.68659844805649,2.8382071511874,0.00559597922769147,0.0233033224235469,-2.3430044950751,"GABAergic","Pde1a1"
"Pid11",0.473872405228712,7.70054562200674,2.60467943630031,0.010743424775365,0.0381117774979649,-2.86770763680266,"GABAergic","Pid11"
"Tipin1",0.473600610628928,7.6607781772905,4.36321759539208,3.38098041758957e-05,0.00169682112830182,2.16590822584424,"GABAergic","Tipin1"
"Mhrt",0.473253213425479,7.57789378619436,3.58676106153219,0.000541682286971101,0.00390141324698397,-0.352707768617334,"GABAergic","Mhrt"
"Man2b11",0.473177594263805,7.67587874343149,3.17151467966418,0.00206852040840869,0.010754086498029,-1.490989666531,"GABAergic","Man2b11"
"Rwdd2a1",0.473119460411304,7.57070781265246,4.50856326285189,1.94248230950827e-05,0.00137217228788588,2.66376309682456,"GABAergic","Rwdd2a1"
"Mgat51",0.473025029712596,7.77241230711317,3.384897220463,0.00105304915515532,0.00644395379431483,-0.872985536304151,"GABAergic","Mgat51"
"Zmiz21",0.471403829755766,7.68834150695156,3.14885085309589,0.00221849937784707,0.0113660007639258,-1.54579800922664,"GABAergic","Zmiz21"
"Inpp5a1",0.471211097750371,7.71931923974644,2.61018796494959,0.0105840484806423,0.037631176604756,-2.85464725783331,"GABAergic","Inpp5a1"
"Gcn1l11",0.470828269954912,7.65390561332688,4.69256068983876,9.49410580873529e-06,0.00111773131656671,3.32068786433818,"GABAergic","Gcn1l11"
"Jag21",0.470827276893677,7.57256585733575,3.12337088637404,0.00239918107302778,0.0120288545815412,-1.68391781938591,"GABAergic","Jag21"
"Brwd31",0.470807177641019,7.68663345224556,2.76317805984007,0.00692914503521867,0.0271920373858721,-2.50893075282779,"GABAergic","Brwd31"
"Slc25a401",0.470527073306314,7.7791687204045,3.48982758485267,0.000747692138953963,0.00497290278479571,-0.573571835911826,"GABAergic","Slc25a401"
"Sdhd1",0.470195609605896,7.78209642882056,2.85241378205075,0.00537173952620061,0.022593486246907,-2.25674175030426,"GABAergic","Sdhd1"
"Pfkl1",0.469690074336327,7.58104138467886,4.74471933984501,7.72865678040714e-06,0.000992271252127042,3.51160516756317,"GABAergic","Pfkl1"
"Dph51",0.46936261521294,7.77511738132846,2.81158683271165,0.0060394203335048,0.0247008369938831,-2.34848538692437,"GABAergic","Dph51"
"G3bp11",0.46917702488697,7.6862170275259,2.89726914116585,0.00471676834176292,0.0202650514328743,-2.21641274687438,"GABAergic","G3bp11"
"Fam207a1",0.468476553767335,7.56588223983202,3.48447440578635,0.000760994036898534,0.00503789637778641,-0.664211598832866,"GABAergic","Fam207a1"
"Mphosph101",0.46826619500365,7.6224454544229,3.58318252202634,0.000548221216107908,0.00392640605536358,-0.353939695605959,"GABAergic","Mphosph101"
"Ist11",0.46823148892431,7.81388983289067,3.58228183845537,0.000549878735698176,0.00393569456453973,-0.306003030659546,"GABAergic","Ist11"
"Ndufaf61",0.46804693253991,7.66111173010914,3.42994016560265,0.000909842662212398,0.00575975555967532,-0.792234855788433,"GABAergic","Ndufaf61"
"C230057M02Rik1",0.467650774166831,7.52516620679106,4.12818978091577,8.10178586128388e-05,0.00198309593056706,1.34695047428763,"GABAergic","C230057M02Rik1"
"Nudt101",0.467348692038184,7.52462793776793,3.92326886443149,0.000169530493336352,0.00219999488316634,0.672086221270868,"GABAergic","Nudt101"
"Gadd45g1",0.467347195981327,7.5254654113216,4.115011929856,8.50149560121974e-05,0.00201026874048495,1.30293097345827,"GABAergic","Gadd45g1"
"Atic1",0.467209666643832,7.63146156817464,4.48130737467101,2.15689061753335e-05,0.00137970668725525,2.57340290793292,"GABAergic","Atic1"
"Gm458461",0.466859137254129,7.57078667473721,3.74421276187387,0.000317110773863923,0.00265248633357492,0.125134235391884,"GABAergic","Gm458461"
"Ddost1",0.466754353622786,7.69638944855808,2.89987916828924,0.00468101882639186,0.0201389324303477,-2.1876901380949,"GABAergic","Ddost1"
"Mrps141",0.466355503474927,7.97262266035329,2.94390024209548,0.00411443822025453,0.0184247591505114,-1.99410443647521,"GABAergic","Mrps141"
"Zfp21",0.466120841506124,7.65454816715998,3.86986807843068,0.000204727674132259,0.00219999488316634,0.541479349034922,"GABAergic","Zfp21"
"Gm429841",0.465849138356331,7.57074448151222,4.24896256913962,5.18889148079489e-05,0.00188939855984759,1.76316391495462,"GABAergic","Gm429841"
"Pik3r21",0.465392391776152,7.62176224277205,3.52520720026143,0.000665146801714214,0.00450960939784389,-0.527239886232639,"GABAergic","Pik3r21"
"Fam160b11",0.464804377580044,7.73608326653548,2.7817916728001,0.00657375513509193,0.0262887598211914,-2.4439864622209,"GABAergic","Fam160b11"
"Zc3h7b1",0.464136665553827,7.60086358712994,4.86570180525187,4.77374386414077e-06,0.000962104678538417,3.95492865742023,"GABAergic","Zc3h7b1"
"Carmil11",0.464119916039449,7.67372194309453,2.7267449986581,0.00767599500432567,0.0292570375399366,-2.64361515600657,"GABAergic","Carmil11"
"Dusp71",-0.464058932024682,7.67744265570194,-2.94029370641505,0.00415836191380332,0.0185491802507721,-2.03147829516607,"GABAergic","Dusp71"
"Cmc11",0.463952268403119,7.63643819541247,4.4643222282593,2.30190096445477e-05,0.00140082349996312,2.51420096834841,"GABAergic","Cmc11"
"Gmds1",0.463162003794914,7.69078484262783,3.74821142169043,0.00031276912795998,0.00262838739487116,0.171167164831968,"GABAergic","Gmds1"
"E130308A19Rik1",0.462729217335405,7.52373609770554,4.12162261996531,8.2986693872585e-05,0.00200649401672352,1.32463146825838,"GABAergic","E130308A19Rik1"
"Astn21",0.462358691678782,7.83879684935315,2.73609875421544,0.00747755405409735,0.028606307090323,-2.50446559887012,"GABAergic","Astn21"
"1700023F06Rik1",0.461971030310601,7.60717772449142,2.87664330108559,0.00500824035092889,0.0213137850340038,-2.31382785437101,"GABAergic","1700023F06Rik1"
"Vopp11",0.46179360919685,7.84519190784038,2.50706087658388,0.0139514074922927,0.0457823798397674,-3.00859853779509,"GABAergic","Vopp11"
"Dscr31",0.461747158741425,7.67389266742915,3.68005577654568,0.000395114259413143,0.00311343979133725,-0.0403124195344509,"GABAergic","Dscr31"
"Surf11",0.46172439708838,7.75609321772712,4.62467191039632,1.23866709920282e-05,0.00128954458253372,3.05178355906952,"GABAergic","Surf11"
"2010015M23Rik1",0.460846971115291,7.5241245239334,4.04293554779449,0.000110453964674831,0.00219999488316634,1.06313727662607,"GABAergic","2010015M23Rik1"
"Nyap11",0.459992169788644,7.6544225722865,3.68949964802018,0.000382585612685023,0.00304145795221459,-0.0178973073070852,"GABAergic","Nyap11"
"Tfg1",0.459489378730116,7.67281142589281,2.66114382251606,0.0092080495676204,0.033572735283159,-2.77556651096631,"GABAergic","Tfg1"
"Lgals81",0.459453276524793,7.59640372746625,4.76134643288098,7.23620580250505e-06,0.000971895975565928,3.57237051425212,"GABAergic","Lgals81"
"Arl4d1",0.459388804633384,7.610748090884,4.09904098287651,9.01134386111208e-05,0.0020592534308767,1.27110389880959,"GABAergic","Arl4d1"
"Tmem131l1",0.459208309767143,7.75813575180545,3.25888731714332,0.00157441428462613,0.00868720838521042,-1.21963952247513,"GABAergic","Tmem131l1"
"Prdx61",0.458939589290823,7.8829434982361,2.58461285273158,0.0113425092478187,0.0398331722873632,-2.84905404020122,"GABAergic","Prdx61"
"Kctd61",0.458924549616933,7.64225790053356,4.09162973799249,9.2577903524844e-05,0.00206892583601793,1.25112380220569,"GABAergic","Kctd61"
"Coq8b1",0.45881743157805,7.56877222477362,3.87027231771905,0.000204436741839336,0.00219999488316634,0.521375874714217,"GABAergic","Coq8b1"
"0610010K14Rik1",0.458608393164313,7.64258220617633,3.35893788540688,0.00114495017473866,0.00684200064097859,-1.00560364397117,"GABAergic","0610010K14Rik1"
"Usp301",0.458598787490971,7.54899379772348,4.35973624743078,3.42572744799395e-05,0.00170568729890829,2.14008647126528,"GABAergic","Usp301"
"Slco3a11",-0.458341371639414,7.76380879362642,-2.68014126969887,0.00873805834307233,0.0322323048163052,-2.59833025393978,"GABAergic","Slco3a11"
"Synj21",0.457896864876042,7.65518905411638,3.99972753992943,0.000129048908724719,0.00219999488316634,0.955900048118936,"GABAergic","Synj21"
"Ppox1",0.457735756851673,7.66259906343412,2.91247703471856,0.0045119466963927,0.0195787091059107,-2.17505484476268,"GABAergic","Ppox1"
"Ssh11",0.45729851323946,7.68720576976145,2.5790542810433,0.011513709251766,0.04032442399254,-2.97738883908511,"GABAergic","Ssh11"
"Polr2f1",0.457050775151977,7.79879093543149,2.85157895237344,0.00538468505904486,0.0226051565526256,-2.24733895322997,"GABAergic","Polr2f1"
"Kndc11",0.456719107149484,7.68736639703971,2.93832712646148,0.00418249452824631,0.0186219916246232,-2.10736455007383,"GABAergic","Kndc11"
"Orc61",0.456455295811784,7.85127474613607,2.5026036854698,0.014116555059384,0.0462006349917017,-3.01536729164422,"GABAergic","Orc61"
"Tmem1281",0.456193211256101,7.74851509117915,3.68832187218755,0.000384127246763127,0.00304523175666646,0.00212957123734991,"GABAergic","Tmem1281"
"Prpf38a1",-0.456015342184901,7.74591883401876,-2.64038726765862,0.00974768261067991,0.0351693062704942,-2.69822582950629,"GABAergic","Prpf38a1"
"Mcmbp1",0.455941469335921,7.5537458562031,3.69190627216903,0.000379453750738032,0.00303683538630686,-0.0403217845416233,"GABAergic","Mcmbp1"
"Spns21",0.455819875698804,7.57124597224161,4.48966951860182,2.08878561268511e-05,0.0013784186579601,2.59714092175022,"GABAergic","Spns21"
"Sdc21",0.455542342065925,7.67947445784843,2.90485255748999,0.00461358774506039,0.0199236766625046,-2.18117890376978,"GABAergic","Sdc21"
"Ermard1",0.454758785029687,7.57457750911454,3.19148159712701,0.00194427675336655,0.0102477214486018,-1.49832464537112,"GABAergic","Ermard1"
"Dync1li11",-0.454524792628237,7.71993546341479,-2.46741220825027,0.01548326476354,0.0496797468737427,-3.12767151209077,"GABAergic","Dync1li11"
"Rprd1b1",0.454309027766035,7.66539028170384,3.26726101846993,0.00153336932950235,0.008520663168172,-1.24554421891973,"GABAergic","Rprd1b1"
"Gatsl21",0.454009912422375,7.65933699009716,3.66561265690759,0.000415031390423141,0.00320156180352744,-0.0904477383409521,"GABAergic","Gatsl21"
"Ptpn22",0.453883346153408,7.54918966269785,3.27726142971329,0.00148566368320578,0.008341918689151,-1.26751996362874,"GABAergic","Ptpn22"
"2610002M06Rik1",0.453234716799768,7.56856003822873,4.11753207950217,8.42361816130552e-05,0.00201026874048495,1.32002971955498,"GABAergic","2610002M06Rik1"
"Sec24c1",0.452948038788342,7.59227235134325,3.32925362190127,0.00125925753664682,0.0073672365139114,-1.09457011184021,"GABAergic","Sec24c1"
"Rab5b1",0.452935692695045,7.57163518288938,4.44771213260874,2.45280507049151e-05,0.00146435950108917,2.44974377305325,"GABAergic","Rab5b1"
"Kat2a1",0.452886136172,7.61718764136901,3.49542751374597,0.000734012172451944,0.00491043618501175,-0.615410715179288,"GABAergic","Kat2a1"
"B4galt61",0.452793262734067,7.77717955264065,4.0333090244448,0.000114359977088615,0.00219999488316634,1.07070273704138,"GABAergic","B4galt61"
"Ispd1",0.452166808696236,7.56818024797573,4.10077195093154,8.95469797537024e-05,0.0020592534308767,1.26415552387395,"GABAergic","Ispd1"
"Sh3bgrl21",0.452164740535908,7.61940586358997,3.36593178509234,0.00111947516945706,0.00674738215772757,-0.979969241236868,"GABAergic","Sh3bgrl21"
"Clec12a",0.452107139700225,7.51946435255884,3.94922510087869,0.000154588626788496,0.00219999488316634,0.754758303133984,"GABAergic","Clec12a"
"Cd2761",0.451975824364199,7.52539264496543,4.14888178001359,7.51035768064338e-05,0.00191614085363777,1.41642030610798,"GABAergic","Cd2761"
"Prmt31",0.451806761278466,7.82967327421637,2.532191401587,0.0130523079873674,0.043440215182039,-2.95784928466781,"GABAergic","Prmt31"
"Stk191",0.451775476774056,7.65920001366546,2.93291391153227,0.00424959063967593,0.018809590052002,-2.11778050976014,"GABAergic","Stk191"
"Ptprt1",0.451512419295836,7.84427253694049,2.48172787630791,0.014913616726708,0.0482602874246484,-3.0655418935954,"GABAergic","Ptprt1"
"Zfhx31",0.451218438439674,7.58486286294669,2.94114351285133,0.00414797342145072,0.018529085528374,-2.15732665840245,"GABAergic","Zfhx31"
"Ubap21",0.451203632494822,7.66385120812267,3.81998677665146,0.000243825932544924,0.00230437820102841,0.386507998748473,"GABAergic","Ubap21"
"Naga1",0.451192757360796,7.55209855812504,4.39604492113759,2.98587403953666e-05,0.00162538224117767,2.26668705469756,"GABAergic","Naga1"
"Klhl331",-0.450360177157907,7.73926613448351,-2.56264652112539,0.0120327361866465,0.041457155317903,-2.87429210558423,"GABAergic","Klhl331"
"Cask1",0.449863777874821,7.75549742433361,2.77770829180629,0.00665026123340177,0.0264519547701806,-2.44672763666255,"GABAergic","Cask1"
"Glra21",0.449738392291914,7.53458034154963,3.81656508322368,0.000246754042679771,0.00230437820102841,0.333000965910286,"GABAergic","Glra21"
"Gm108271",0.449673822028227,7.63935463222565,3.56525534458727,0.000582119389037942,0.00411501568109481,-0.396147952596673,"GABAergic","Gm108271"
"Bms11",0.447551566278527,7.73764625199416,4.3605954952101,3.41463037732873e-05,0.00170568729890829,2.1504010593464,"GABAergic","Bms11"
"Lsm14a1",0.447497924309583,7.65821845893408,2.74229454446005,0.00734869649424654,0.0283353320287798,-2.5674942903995,"GABAergic","Lsm14a1"
"Clcn51",0.447360087233738,7.56518445418154,4.1925012925674,6.39655587138196e-05,0.00188939855984759,1.57084739300716,"GABAergic","Clcn51"
"Zfp9491",0.447334654824803,7.62991321580315,3.68890019538501,0.000383369522319379,0.00304304087754078,-0.0309759582742402,"GABAergic","Zfp9491"
"1810058I24Rik1",0.447102104939385,7.56690251492575,4.59210313539783,1.40617745309912e-05,0.00133185093057816,2.96033389012508,"GABAergic","1810058I24Rik1"
"1300002E11Rik1",0.44671404180075,7.59119366540479,3.23781825254339,0.001682280778236,0.00913429800282256,-1.34956334238605,"GABAergic","1300002E11Rik1"
"Ptpn31",0.446107297809338,7.56387847570781,4.54745314671345,1.67190899229599e-05,0.00137217228788588,2.8009249963277,"GABAergic","Ptpn31"
"Eif3d1",0.445143556202412,7.82654646374218,3.84743305181352,0.000221508654224585,0.00220580594250364,0.484267629172462,"GABAergic","Eif3d1"
"Zfp2351",0.444942299828328,7.62074279769287,3.17994081276895,0.00201521226877294,0.0105378285387019,-1.49910010506387,"GABAergic","Zfp2351"
"Tarbp21",0.444664617585753,7.67897187102408,4.75811255350055,7.32953224408694e-06,0.000971895975565928,3.55197375518513,"GABAergic","Tarbp21"
"Acer31",0.444322463377768,8.03014606854274,2.49096848571085,0.0145559557138833,0.0472763570685045,-2.98753688775358,"GABAergic","Acer31"
"Usp41",0.444236587952364,7.76396685688745,2.48812311918211,0.0146652587878306,0.0475761691862739,-3.08701606456017,"GABAergic","Usp41"
"Pop51",0.444132785682251,7.92205776365487,2.95674476609084,0.00396145902967455,0.0178926136238115,-1.96759635463206,"GABAergic","Pop51"
"Pole41",0.444064667661881,7.59708635738044,3.66061051724295,0.000422148891983867,0.00323074701842088,-0.126138158413292,"GABAergic","Pole41"
"Pik3r11",0.444027966795415,7.72452457924119,2.68839636626357,0.0085407068868026,0.0317051162645368,-2.66883432527274,"GABAergic","Pik3r11"
"Ralgps21",0.443819714606225,7.83444864783343,2.58938139633786,0.0111974760200083,0.0394007277720796,-2.83819497008445,"GABAergic","Ralgps21"
"Adcy21",0.443730336402909,7.68837585291649,3.17613987617714,0.00203909834228636,0.0106274397260162,-1.47544692166006,"GABAergic","Adcy21"
"Acly1",0.443719910656222,7.61706052753321,4.31293172772152,4.08572160473381e-05,0.00185804458681703,1.99059817800966,"GABAergic","Acly1"
"Tbl31",0.443697942568558,7.62083862161415,2.9403889713332,0.00415719615101755,0.0185491802507721,-2.12985781676672,"GABAergic","Tbl31"
"Hectd31",0.443697595771422,7.57256021889036,3.39612416149026,0.0010154925439008,0.00625384979880044,-0.918369488782305,"GABAergic","Hectd31"
"Disp31",0.44347696603477,7.64107572043293,5.44150934178179,4.44235659237668e-07,0.000699504574927112,6.13078825350107,"GABAergic","Disp31"
"Azin21",0.443387991157197,7.57827408343993,2.79124492028045,0.0063997172012043,0.0257810161763897,-2.52527867136549,"GABAergic","Azin21"
"Slc35d11",0.443294344585881,7.56514488594389,4.52038668941102,1.85602755391738e-05,0.00137217228788588,2.70503745985171,"GABAergic","Slc35d11"
"Plekhn11",0.443138546729879,7.78596786652602,3.29686873176579,0.00139613737466552,0.00798326940928804,-1.11491793089569,"GABAergic","Plekhn11"
"Gm46311",0.44299200437733,7.61615883599027,3.20262287098408,0.0018780135394232,0.00993588263591516,-1.44004692670093,"GABAergic","Gm46311"
"Cnot81",0.442739804450375,7.54662137670475,3.32514761597478,0.00127588711843016,0.00744434925005314,-1.13242621164737,"GABAergic","Cnot81"
"Alg10b1",0.44237984244917,7.66382510836823,3.03421161300738,0.00314480833036439,0.0147762590591571,-1.85684129123089,"GABAergic","Alg10b1"
"Uimc11",0.442200417470191,7.62172813643066,3.74489958222212,0.000316360984693383,0.00265127371096976,0.139442727478042,"GABAergic","Uimc11"
"Ccdc1301",0.442113807622584,7.59344894645591,3.59423534158114,0.000528262293423405,0.00383767019045827,-0.328621314300091,"GABAergic","Ccdc1301"
"Lig31",0.441482465152057,7.59610725535944,2.87584716202854,0.00501981591333798,0.0213414178401345,-2.32334885315728,"GABAergic","Lig31"
"Tmem1071",0.441044816967629,7.60984293891244,3.65994292148419,0.000423107525448359,0.00323269668062824,-0.125277945074163,"GABAergic","Tmem1071"
"Sh3pxd2a1",0.440751010554725,7.59230435383713,2.99550503926767,0.00353107808654848,0.0162755179861878,-2.00326300842329,"GABAergic","Sh3pxd2a1"
"Slc6a71",0.440554691541376,7.55091257944822,3.21732826884205,0.00179377809970645,0.00955846984856268,-1.43281138178242,"GABAergic","Slc6a71"
"Rap1b1",0.440351492476727,7.79961390007867,3.92571945573174,0.000168062796908938,0.00219999488316634,0.728185208509705,"GABAergic","Rap1b1"
"Evl1",0.440061469855719,7.71220898967687,4.17624763794618,6.79162296465447e-05,0.00188939855984759,1.53760882003812,"GABAergic","Evl1"
"Usp281",0.439785034394768,7.5534833672533,2.9091333857043,0.00455626394699541,0.0197370209560871,-2.25561312449596,"GABAergic","Usp281"
"Arhgap151",0.439756267136081,7.61230319997076,3.77184677656938,0.000288239579938891,0.00249289988192553,0.219693229759387,"GABAergic","Arhgap151"
"Rdx1",0.439630246968994,7.67562491010957,4.06871272354465,0.000100614578189638,0.00219999488316634,1.18306407928524,"GABAergic","Rdx1"
"Acbd51",0.439494799680726,8.01745344666057,2.64251534316782,0.00969106702372039,0.0350095702029841,-2.67538675699691,"GABAergic","Acbd51"
"Gtf3c51",0.439494404173173,7.61847543588721,2.95370330349641,0.00399720110872417,0.0180152924388545,-2.08245671368406,"GABAergic","Gtf3c51"
"Lman2l1",0.439006667673851,7.68780562736472,2.56975208279603,0.0118054310547747,0.0409790617241657,-2.9578880328058,"GABAergic","Lman2l1"
"Dag11",0.438851452127415,7.68036513170131,2.53896774245928,0.0128189577533324,0.0429583428621252,-3.07377682077222,"GABAergic","Dag11"
"Gm156311",0.438734446450555,7.50546642346096,3.45540347438076,0.000837217916373292,0.00546164375585415,-0.783746721992019,"GABAergic","Gm156311"
"Pfas1",0.438409919172313,7.55295380745183,2.94435509597208,0.00410892908721688,0.0184247591505114,-2.16446294553297,"GABAergic","Pfas1"
"Tmem1091",0.43833897428321,7.63654936313916,5.49088562037437,3.60313135668687e-07,0.00064840922428835,6.32559626304811,"GABAergic","Tmem1091"
"Klhl201",0.438302957808379,7.66698735715931,2.55012792362069,0.0124428152002318,0.0422030541403661,-3.05937958824815,"GABAergic","Klhl201"
"Tesk11",0.438267134555135,7.6443838267569,3.15992336629464,0.00214400391996129,0.0110733978596771,-1.5494568441437,"GABAergic","Tesk11"
"Aldoc1",0.438178144743336,7.64136699713202,2.71015938093222,0.00803969321084003,0.0303494202508097,-2.66696716437647,"GABAergic","Aldoc1"
"Ube2j11",-0.437760058827127,7.65400267823089,-2.64891417550689,0.00952262206099507,0.0345297841399985,-2.74091018206099,"GABAergic","Ube2j11"
"Ankrd461",0.437330121788047,7.71268018288557,3.2613135151827,0.00156241731670644,0.00864372900243786,-1.23698365506893,"GABAergic","Ankrd461"
"Rufy11",0.437224450876919,7.52586387342171,3.84666368869403,0.000222106784980027,0.00220827085271776,0.426337527330446,"GABAergic","Rufy11"
"Tcf71",0.437216101843802,7.50514932223993,3.45876958238819,0.00082803689471283,0.00541577402009217,-0.77393535988643,"GABAergic","Tcf71"
"Cxxc41",0.436962051433579,7.71423689972092,4.14842037196614,7.52308143646848e-05,0.00191614085363777,1.44596910813661,"GABAergic","Cxxc41"
"Ldah1",0.436929179207804,7.74868995245573,3.14882113312389,0.0022187025385801,0.0113660007639258,-1.5376165945695,"GABAergic","Ldah1"
"Pip4k2c1",0.436615635165784,7.69902465303154,4.2699702727809,4.79825533193577e-05,0.00188939855984759,1.84977677365911,"GABAergic","Pip4k2c1"
"Fez21",0.436540349341208,7.56082821925627,3.97474701138723,0.000141130580251934,0.00219999488316634,0.84771718134427,"GABAergic","Fez21"
"Zbtb371",0.436209821584128,7.81638913944653,3.22783287615265,0.00173578153953605,0.0093045276823556,-1.2921108515374,"GABAergic","Zbtb371"
"Pdzrn41",0.436195646362173,7.589334963113,4.05762859394237,0.000104737813420528,0.00219999488316634,1.13156381777342,"GABAergic","Pdzrn41"
"Dynlt1c1",0.43606485462836,7.57099457489939,3.89748541686143,0.000185733972056339,0.00219999488316634,0.608429464874888,"GABAergic","Dynlt1c1"
"Ccdc1871",0.435521201994341,7.56276962407422,4.503646305854,1.97957233733917e-05,0.0013784186579601,2.64557072783189,"GABAergic","Ccdc1871"
"4933431E20Rik1",0.435286651258876,7.60699893243035,4.01954111178956,0.000120177226858412,0.00219999488316634,1.01010727875424,"GABAergic","4933431E20Rik1"
"Tbcel1",0.435223192849525,7.64477009587932,3.33094288502097,0.00125247515287187,0.00733634887120282,-1.08409732075094,"GABAergic","Tbcel1"
"Prr161",0.435102330370364,7.50470753587821,3.48705978503697,0.000754542086646518,0.00500788549287997,-0.690248927585056,"GABAergic","Prr161"
"Mrps301",0.434829683897829,7.59338105785042,2.99979366329981,0.00348621403533082,0.01612182019202,-2.00423068786,"GABAergic","Mrps301"
"Ankrd291",0.434765726507795,7.59020426469965,3.35134657521034,0.00117321717406477,0.00692549987895684,-1.0316938300551,"GABAergic","Ankrd291"
"Pabpc41",0.434610088751357,7.54994858375851,3.26730010771696,0.00153318009847838,0.008520663168172,-1.29396204042449,"GABAergic","Pabpc41"
"Gga11",0.434318501204751,7.54967301478625,3.96539724536195,0.000145925199200343,0.00219999488316634,0.814527001749953,"GABAergic","Gga11"
"Osbpl21",0.43431739232547,7.66914830738508,3.53984353931845,0.000633582958389208,0.00433190832801333,-0.46154057911748,"GABAergic","Osbpl21"
"St8sia51",0.433950740418137,7.61833837021113,3.54613722340538,0.000620450500118077,0.00427439532731912,-0.458941750397734,"GABAergic","St8sia51"
"Zfp2771",0.433849834786606,7.63502923480527,4.38424156973049,3.12250934639196e-05,0.00162538224117767,2.23661787768166,"GABAergic","Zfp2771"
"Ankrd261",0.433825284212934,7.67051804257538,2.73090202207029,0.00758721829605732,0.0289541895158667,-2.61801725282866,"GABAergic","Ankrd261"
"Mthfsl1",0.433692221755753,7.56316768749053,4.5218615487271,1.84550810547388e-05,0.00137217228788588,2.71005325584758,"GABAergic","Mthfsl1"
"Tmem671",0.433232751816244,7.75961309023909,2.93183698647312,0.00426305676978624,0.0188559431632715,-2.07041700950279,"GABAergic","Tmem671"
"Fads31",0.432634898579151,7.55393820772024,3.37348481400771,0.00109256233001439,0.006632774781297,-0.990406714435665,"GABAergic","Fads31"
"Foxk21",0.432629464476041,7.55417683872892,4.21439925684079,5.89911435319939e-05,0.00188939855984759,1.64275457947645,"GABAergic","Foxk21"
"Sbds1",0.432230244845884,8.02134593772592,2.89355603008719,0.00476805982886331,0.020443583956498,-2.11176366119856,"GABAergic","Sbds1"
"Mak161",0.432132641059042,7.72758128826621,2.76372781827968,0.00691840186285301,0.0271668043224312,-2.48813005639202,"GABAergic","Mak161"
"Kcnk91",0.432089850128885,7.54966740458711,4.23423150840747,5.48089958058816e-05,0.00188939855984759,1.70928632176309,"GABAergic","Kcnk91"
"Mbd61",0.432083014513015,7.67540368384027,2.66319051414262,0.00915633487025016,0.033432565321896,-2.7677242525867,"GABAergic","Mbd61"
"Sac3d11",0.431636245053848,7.56100457759063,4.40996684101744,2.83213091414939e-05,0.00156624597339851,2.3164667662329,"GABAergic","Sac3d11"
"Pnma21",0.431442660573163,7.71388190665284,3.31036107118629,0.00133749635745509,0.00771802181166365,-1.09566031912147,"GABAergic","Pnma21"
"Smad11",0.431426306308067,7.54315239788044,3.55965412123312,0.000593111066116319,0.00417397770942306,-0.447444922969519,"GABAergic","Smad11"
"1810013L24Rik1",0.431418169468728,7.63793005800982,3.32569760334083,0.00127364774339407,0.00743472688764368,-1.09192286917347,"GABAergic","1810013L24Rik1"
"Naa401",0.431304579914748,7.61411636134256,4.11451005528341,8.5170868387442e-05,0.00201026874048495,1.32318159193285,"GABAergic","Naa401"
"Apol81",0.431173557498481,7.68753386274724,2.46745399099126,0.0154815742050378,0.0496797468737427,-3.18419208538469,"GABAergic","Apol81"
"Pcdhb171",0.430975396784941,7.7116979798064,4.60345322830158,1.34544863307332e-05,0.00131274576540466,2.99382577690112,"GABAergic","Pcdhb171"
"Fam19a21",0.430531912833406,7.6929949812281,4.01962990429701,0.000120138817103118,0.00219999488316634,1.02578763845551,"GABAergic","Fam19a21"
"Zfp6551",0.429925630111589,7.69998788552965,2.63625829981862,0.00985838566840526,0.035502025232962,-2.79976398186609,"GABAergic","Zfp6551"
"Fars21",0.429460104943595,7.59646863506881,2.84594798810201,0.00547275388862511,0.0228809428260905,-2.38181709550808,"GABAergic","Fars21"
"Irf2bp21",0.429007724596968,7.50343127626107,3.59073297175521,0.000534511072331159,0.00386745317527606,-0.379023608026387,"GABAergic","Irf2bp21"
"Smug11",0.428496328828984,7.68252163576203,2.72644270383507,0.00768248753093868,0.0292640748192424,-2.59664460766313,"GABAergic","Smug11"
"Abcb91",0.428329690678096,7.64397177192598,3.81809118361897,0.000245443965845149,0.00230437820102841,0.376746191734139,"GABAergic","Abcb91"
"Mkl11",0.428313205825462,7.73581487102044,2.54660867682623,0.0125603411822731,0.0423508077818775,-2.9840281257598,"GABAergic","Mkl11"
"Zkscan161",0.427645757884155,7.54892576521053,4.24515510456921,5.26289591940806e-05,0.00188939855984759,1.74633281839914,"GABAergic","Zkscan161"
"Zfand2a1",0.42756355464657,7.547566954533,4.22770667515665,5.61523763250722e-05,0.00188939855984759,1.68671345628336,"GABAergic","Zfand2a1"
"Amn11",0.427291429707598,7.9537814447859,2.91988183709755,0.00441521177071175,0.0192600193485902,-2.05446093813664,"GABAergic","Amn11"
"Nxpe31",0.427258557709741,7.65199366443581,4.00849104754295,0.00012505022387859,0.00219999488316634,0.981449498110472,"GABAergic","Nxpe31"
"Lyrm91",0.426982124852344,7.59312681033318,3.3735702622274,0.00109226137090155,0.006632774781297,-0.978483077545295,"GABAergic","Lyrm91"
"Ubap1l",0.426918443157555,7.50396621391804,3.5647404639264,0.000583121673707319,0.00411873545014492,-0.457609673682434,"GABAergic","Ubap1l"
"Stip11",0.4268853861751,7.68567471462968,3.11510008787347,0.00246071379061305,0.0122665657381688,-1.64512005910195,"GABAergic","Stip11"
"Crebl21",0.426705255778596,7.51854686184289,3.94064211986294,0.000159384269331973,0.00219999488316634,0.726593259281849,"GABAergic","Crebl21"
"A330102I10Rik1",0.426681685504582,7.60123762332403,2.90527648042746,0.00460788159354451,0.0199058588593554,-2.22645608617894,"GABAergic","A330102I10Rik1"
"G6pdx1",0.426555359804203,7.55410941170611,3.10545989817175,0.00253428591628328,0.0125046610604859,-1.73484687301613,"GABAergic","G6pdx1"
"2310061I04Rik1",0.426438460815678,7.75553645381973,2.77265291635701,0.00674610564040385,0.0266731615669075,-2.45817314960425,"GABAergic","2310061I04Rik1"
"Ddx471",0.426285795088626,7.65527371346906,3.49266943053826,0.000740720042688868,0.00493932686633595,-0.60522970431895,"GABAergic","Ddx471"
"Sf3b21",0.426139437000654,7.7821584565587,4.03960575011665,0.000111790348626336,0.00219999488316634,1.08835451514494,"GABAergic","Sf3b21"
"Adamts171",0.426038838265706,7.56942164258516,4.64871781743543,1.12758362893871e-05,0.00123792644684423,3.16359565012922,"GABAergic","Adamts171"
"Dvl21",0.425805528830713,7.60826824951002,3.24730053400924,0.00163290646410758,0.00893558763178246,-1.31835147911186,"GABAergic","Dvl21"
"Fdps1",0.425676592754543,7.65909448484818,3.60505626907918,0.000509390338289544,0.00374156856643346,-0.272356917339319,"GABAergic","Fdps1"
"Mal21",0.425644758575208,7.6658883588042,4.02223215588659,0.000119018348943189,0.00219999488316634,1.03045492967181,"GABAergic","Mal21"
"Mycn1",0.425564639544361,7.65830609083062,3.65596505465936,0.00042886251271231,0.00326230741101266,-0.117641010158451,"GABAergic","Mycn1"
"Mafb1",0.425533723089828,7.66827196346916,3.23523875853939,0.00169595179461051,0.00918482577674488,-1.33358839016506,"GABAergic","Mafb1"
"Ndst4",0.425093943306083,7.57439591608215,4.69400106819433,9.44047228368742e-06,0.00111773131656671,3.32730008431486,"GABAergic","Ndst4"
"Lrrc591",0.424806955487189,7.54820947861871,3.53962350770476,0.000634046799689821,0.00433190832801333,-0.504130053403317,"GABAergic","Lrrc591"
"Ackr3",0.424767375045803,7.5025411749552,3.66492202394439,0.000416007262803588,0.00320582686715027,-0.152123552570213,"GABAergic","Ackr3"
"Rptor1",0.424656657155227,7.66195570182374,2.88426506003818,0.00489865809501467,0.0209322917309701,-2.23936521089361,"GABAergic","Rptor1"
"Sike11",0.424614696542246,7.66002506920034,2.84760937336328,0.00544663318274954,0.0228015008395764,-2.32989758143248,"GABAergic","Sike11"
"Ascc21",0.424430295248265,7.60529155524072,2.80771810730292,0.00610647917686669,0.0249023367403657,-2.4883491041657,"GABAergic","Ascc21"
"Carmil31",0.424398447583986,7.62429804588314,3.11411557402266,0.00246813531047529,0.0122938317540756,-1.67675153990072,"GABAergic","Carmil31"
"Hist1h2be1",0.424155195920886,7.54815376330379,3.95554527059462,0.000151145888240046,0.00219999488316634,0.782115437974998,"GABAergic","Hist1h2be1"
"Snx101",0.42366205504378,7.79715601843066,2.8826481004571,0.00492172008899594,0.0210094571199871,-2.19238105320679,"GABAergic","Snx101"
"Ttbk11",0.423643921516946,7.54531200995537,3.9141505055897,0.00017509998198324,0.00219999488316634,0.647510267745678,"GABAergic","Ttbk11"
"Znrf31",0.423357627609207,7.54381133620426,3.23016103859626,0.00172316713091402,0.00925944384277099,-1.40017737105274,"GABAergic","Znrf31"
"Atpaf11",0.423007390526679,7.84061893538215,3.51227115674438,0.00069427566401421,0.00468190071712366,-0.507527894523347,"GABAergic","Atpaf11"
"Parp81",0.422969628645902,7.59397062025587,3.66931650854183,0.000409834776702543,0.00317508529035789,-0.100180054708152,"GABAergic","Parp81"
"Mrps18b1",0.422937823480164,7.58949829226243,4.90881554215776,4.01450776545601e-06,0.000962104678538417,4.11474519000497,"GABAergic","Mrps18b1"
"Hsdl11",0.42287976705258,7.54480975755942,4.40014370779412,2.93979186126813e-05,0.00161714227407837,2.28001898141551,"GABAergic","Hsdl11"
"Tacc21",0.422768846073375,7.66374870822379,3.79948056588414,0.000261882671011436,0.00233530492379126,0.323443276646817,"GABAergic","Tacc21"
"Pdcd21",0.42257624649534,7.73691069518612,2.59681614991472,0.0109746891499402,0.0388027901194092,-2.87645587808993,"GABAergic","Pdcd21"
"Wdr831",0.422476809176255,7.54488587922591,3.92063003628718,0.000171124628134373,0.00219999488316634,0.668338616909027,"GABAergic","Wdr831"
"Egfem11",0.422473547213379,7.55313502454156,3.50363560724528,0.000714387176029775,0.00479187180854477,-0.60649822388992,"GABAergic","Egfem11"
"Paxip11",0.422346913563294,7.58463843386098,4.87557068655713,4.58848812333461e-06,0.000962104678538417,3.99170989814874,"GABAergic","Paxip11"
"Pou3f21",0.421873920495552,7.50193298220006,3.71958862791261,0.000345137354834965,0.00284721366002361,0.0172752770676503,"GABAergic","Pou3f21"
"Ptpn131",0.421808866595669,7.50191930302837,3.69489806238707,0.000375594337349062,0.00301552700292297,-0.0595744328523837,"GABAergic","Ptpn131"
"Mthfd11",0.421791115312545,7.60532651918838,3.98999025334235,0.000133635531779416,0.00219999488316634,0.913658337325304,"GABAergic","Mthfd11"
"Fam114a21",0.42145118819072,7.63605987132216,3.16435112882847,0.00211487194330679,0.0109498733538165,-1.5239486247091,"GABAergic","Fam114a21"
"Zfp241",0.421091473921448,7.67362497885399,3.52941516605988,0.000655923134172493,0.00445426615696544,-0.486986599602233,"GABAergic","Zfp241"
"Phf131",0.420939698429173,7.50173648897115,3.76595696467919,0.000294174921854326,0.00252950272395832,0.16251291806631,"GABAergic","Phf131"
"Vrk11",0.42024025236085,7.56429825819138,4.65186666425051,1.11377303836387e-05,0.00123792644684423,3.17461189002974,"GABAergic","Vrk11"
"Ier3ip11",0.420208162559385,7.88249438037963,3.04033275487729,0.00308743608149294,0.0145664540518976,-1.76585117592424,"GABAergic","Ier3ip11"
"Fam217b1",0.420169393052771,7.52499038309593,3.95662076165378,0.0001505673967813,0.00219999488316634,0.780393182952498,"GABAergic","Fam217b1"
"Wnk31",0.420139750015867,7.70948504190204,4.02064642005968,0.000119699931423998,0.00219999488316634,1.03064681136812,"GABAergic","Wnk31"
"Agap11",0.419468592783041,7.72823476849562,3.06188426383906,0.00289307029675975,0.013846507039621,-1.7625358592353,"GABAergic","Agap11"
"Zbtb211",0.418493409709457,7.54191151298102,4.20361378732135,6.13927902961098e-05,0.00188939855984759,1.60414783555731,"GABAergic","Zbtb211"
"Dbpht21",0.418364709086196,7.57087527666804,3.66900921642739,0.000410263555604226,0.00317574378005455,-0.106781418994052,"GABAergic","Dbpht21"
"Tmem2421",0.418033202677439,7.68226313484819,2.52213767082361,0.0134055577024944,0.0443772993731547,-3.0668244249205,"GABAergic","Tmem2421"
"Zfp1691",0.4179715983415,7.5529501464832,3.05820414591428,0.00292543525154819,0.0139801623155359,-1.86442362649753,"GABAergic","Zfp1691"
"Cdh41",0.417450039693247,7.5960599207129,4.97318717950485,3.09516600317966e-06,0.000962104678538417,4.35407312156817,"GABAergic","Cdh41"
"Itgb81",0.417423602311143,7.58482805434226,4.879705573171,4.51296716613631e-06,0.000962104678538417,4.00699728690094,"GABAergic","Itgb81"
"Cp",0.417319566627564,7.50096370116236,3.82627060129683,0.000238534639461661,0.00227393468019897,0.353195717143023,"GABAergic","Cp"
"Tmem2141",0.416975767208091,7.58627968801368,3.87740081539759,0.0001993707427031,0.00219999488316634,0.548299283933185,"GABAergic","Tmem2141"
"Rcl11",0.416945963309548,7.56753473197382,3.49210008268548,0.000742111927805141,0.00493932686633595,-0.640857504385825,"GABAergic","Rcl11"
"Chrna41",0.416923103360429,7.50087610689985,3.82714574877615,0.000237806467361445,0.00227287410421253,0.355957008673584,"GABAergic","Chrna41"
"Klhl221",0.416761843777234,7.62582340628508,3.43588083473866,0.000892386626887262,0.00568398958636656,-0.780810552331918,"GABAergic","Klhl221"
"Moxd11",0.416537083371062,7.62426138944474,5.30241705734634,7.97541137339644e-07,0.000927482929364106,5.59961802171787,"GABAergic","Moxd11"
"Htra21",0.41622603783973,7.65794362070637,3.73519160827341,0.000327117295043217,0.00272352714187667,0.122514850429141,"GABAergic","Htra21"
"Tmem1101",0.416117150084666,7.60318656117076,3.39922135182817,0.00100535570297859,0.00625384979880044,-0.900301754447269,"GABAergic","Tmem1101"
"Lrp101",0.41567948752414,7.54463081622794,4.19933249429577,6.23719798594231e-05,0.00188939855984759,1.59007174338089,"GABAergic","Lrp101"
"Wsb21",0.415317081591121,7.63716724615916,2.53949524099303,0.0128009511903073,0.0429322636166934,-3.07075224838548,"GABAergic","Wsb21"
"1810043G02Rik1",0.415231711979487,7.58477804523888,3.12642576272564,0.00237681787646687,0.011947635590524,-1.65757456723915,"GABAergic","1810043G02Rik1"
"Cthrc11",0.415222561511179,7.66029036157374,2.47836958846507,0.0150455378560775,0.0486095512626337,-3.17196658398085,"GABAergic","Cthrc11"
"Hsf11",0.413930493980368,7.68056204915307,3.18774838534279,0.00196696392341857,0.010341337455469,-1.44767040947979,"GABAergic","Hsf11"
"Exosc71",0.413563512676983,7.94100676912389,2.48717201397639,0.0147019586040205,0.0476706750411446,-3.0319428492486,"GABAergic","Exosc71"
"Gusb1",0.4135086090244,7.68216697825744,3.14282472039085,0.0022600493651262,0.0115101354661207,-1.56742209580666,"GABAergic","Gusb1"
"Ptpro1",0.413248160042913,7.69147914344949,4.86277844190262,4.83000452185186e-06,0.000962104678538417,3.92596462152718,"GABAergic","Ptpro1"
"Micall11",0.412950074466792,7.52319268925924,4.14562447522095,7.60062517676155e-05,0.00191873898500331,1.40497205799664,"GABAergic","Micall11"
"F8a1",0.412693608028375,7.53930642683632,4.1543116113752,7.36217047700437e-05,0.00191219095873864,1.43740970221794,"GABAergic","F8a1"
"Cyp4x11",0.412660384757375,7.64144754957148,3.59756090672841,0.000522393058170286,0.00381483208914266,-0.298784295467522,"GABAergic","Cyp4x11"
"Irf21",0.412264921531252,7.72287284815055,3.49218182840573,0.000741911932286156,0.00493932686633595,-0.587811020840581,"GABAergic","Irf21"
"Apmap1",0.412082525064396,7.78170268045815,3.4846281716008,0.000760608854417708,0.00503789637778641,-0.590444265776789,"GABAergic","Apmap1"
"Psph1",0.411828341822432,7.67502067041734,3.18846348674494,0.00196259913034007,0.0103226978058012,-1.45071462103885,"GABAergic","Psph1"
"Kif21b1",0.411772948867007,7.70263345869828,3.69119690483894,0.000380374345693026,0.00304033986846132,0.00280260337933136,"GABAergic","Kif21b1"
"Tyw51",0.411705773589667,7.64109771229698,2.8326664960989,0.00568573713452993,0.0235913144544379,-2.37385470204327,"GABAergic","Tyw51"
"Slc25a441",0.411627742978776,7.6574646386721,3.44012784815211,0.000880101179926365,0.00563059144922926,-0.764538493210353,"GABAergic","Slc25a441"
"Ckap41",0.411377454868949,7.58735214118756,3.35398836887122,0.00116330664168474,0.00690075983376725,-1.03719523770564,"GABAergic","Ckap41"
"Akap14",0.411069412627103,7.54370747222886,4.3929786419553,3.0208033381048e-05,0.00162538224117767,2.25492247163623,"GABAergic","Akap14"
"Tmem229b1",0.410936077744172,7.52223828100558,4.13258254092639,7.97260415314863e-05,0.00196851159675733,1.36097766991528,"GABAergic","Tmem229b1"
"Pknox21",0.410918173825512,7.72284188340337,2.98751230855055,0.00361611939505087,0.0165885855861092,-1.94467786389831,"GABAergic","Pknox21"
"Mbtd11",0.41090211398871,7.8204259823544,3.45121269976931,0.000848782358552289,0.00550288799314626,-0.680916219203732,"GABAergic","Mbtd11"
"Jmjd81",0.410839979616847,7.57056204892511,3.90809942411993,0.00017889206701039,0.00219999488316634,0.642203214220716,"GABAergic","Jmjd81"
"Flcn1",0.41083914429387,7.70986692257653,3.39039605708417,0.00103449400665903,0.00635683951311403,-0.885580109291668,"GABAergic","Flcn1"
"Rela1",0.410538168429643,7.54160703568207,4.16904867558888,6.97400801370652e-05,0.00189335299458321,1.48737209656531,"GABAergic","Rela1"
"Naxe1",0.409995278843808,7.94249014296884,2.78767193494101,0.0064649957420326,0.0259361628542626,-2.36645701810478,"GABAergic","Naxe1"
"1700096K18Rik1",0.409861607090704,7.52622859421578,3.5078679981253,0.000704462486303608,0.00473538630734608,-0.619695582307118,"GABAergic","1700096K18Rik1"
"Pms21",0.409848204209628,7.63797963270836,2.79992639530994,0.00624361081214438,0.0252733821981307,-2.49536638145058,"GABAergic","Pms21"
"Snhg111",0.409845893113442,10.69412874401,2.52925641258594,0.0131545573298822,0.0436763201593373,-3.11777723265673,"GABAergic","Snhg111"
"Daam11",0.409762094761398,7.99869965866626,2.6841397552804,0.00864195648441591,0.0319432880968859,-2.58911377319453,"GABAergic","Daam11"
"Lmbr1l1",0.409718704319483,7.54438262852229,4.18770535319988,6.51076806979564e-05,0.00188939855984759,1.55073074527339,"GABAergic","Lmbr1l1"
"Ccdc581",0.409502682978277,7.6830365179561,3.76662763302154,0.000293493243795321,0.00252709117709478,0.225673412498876,"GABAergic","Ccdc581"
"Tmem51",0.409377978966791,7.69742552936488,3.18439487208328,0.00198755400208887,0.0104191501308005,-1.45000355200082,"GABAergic","Tmem51"
"Abcg11",0.408973508928389,7.65879429354857,2.63399572849992,0.00991952997577933,0.0357018054585406,-2.82013199939939,"GABAergic","Abcg11"
"Ddit41",0.408528655397461,7.54333115078401,4.32705736870827,3.8745927192258e-05,0.00180638760156399,2.02633079866222,"GABAergic","Ddit41"
"Zfp804b1",0.40818393858238,7.53228253241233,4.17628210271808,6.79076093658705e-05,0.00188939855984759,1.51011704973342,"GABAergic","Zfp804b1"
"Cep681",0.407463503772407,7.63318627600186,3.01914144952574,0.00329029415451767,0.0153510501720219,-1.91095519590382,"GABAergic","Cep681"
"Rasd21",0.407317766937059,7.65429286743993,2.72458459453883,0.00772250501691487,0.0293810677454029,-2.622185631606,"GABAergic","Rasd21"
"Osgep1",0.407310646033612,7.63742120341535,3.0575652629582,0.00293108803668126,0.0140018642389359,-1.82292901307806,"GABAergic","Osgep1"
"Gpr1371",0.407226312562215,7.67622233080428,3.27255997702527,0.00150791554036848,0.00842359736675024,-1.2180585891063,"GABAergic","Gpr1371"
"Ide1",0.407169221209204,7.51957771694612,4.08963180662016,9.32532702808626e-05,0.0020791353021735,1.21680386204745,"GABAergic","Ide1"
"Wdr701",0.407084832710595,7.70192043085971,3.39856547865323,0.00100749434085409,0.00625384979880044,-0.854381928043433,"GABAergic","Wdr701"
"Zfp5741",0.406977105922019,7.58129480271153,3.94672598743907,0.00015597054269711,0.00219999488316634,0.769124671844626,"GABAergic","Zfp5741"
"Trappc131",0.406800457286432,7.80845868382454,2.65547861234838,0.00935257981706535,0.0339914737321328,-2.70109782046718,"GABAergic","Trappc131"
"Pop71",0.406517114848543,7.57916018337944,2.73776794791325,0.00744263762941321,0.0285663943381225,-2.6740177615838,"GABAergic","Pop71"
"Zcchc171",0.406403158251456,7.77204150184261,3.42360796461515,0.000928803058129213,0.00584340885967713,-0.761695528706794,"GABAergic","Zcchc171"
"Farsb1",0.406392959140335,7.85326181442055,2.83983442180146,0.00556986561616923,0.0232483754694777,-2.2717718201479,"GABAergic","Farsb1"
"Ythdf21",0.406253050041817,7.6483045150089,2.77590070549216,0.00668438724086089,0.0265207011253936,-2.5127275604472,"GABAergic","Ythdf21"
"Elac11",0.405718259740761,7.5281594252869,3.50315011007435,0.000715534041653982,0.00479701028350996,-0.633073045159077,"GABAergic","Elac11"
"Zfp2511",0.405706687330239,7.54846442762041,3.02254311595858,0.00325692042058335,0.0152291857973603,-1.96333575235609,"GABAergic","Zfp2511"
"Gm168671",0.405516004990843,7.58748613936281,3.06844377860134,0.00283620485357425,0.0136157288645102,-1.81069194726008,"GABAergic","Gm168671"
"Cyb5611",0.405248969184928,7.58705406930648,3.76280649744028,0.000297397329541953,0.00255024789669162,0.187146388107903,"GABAergic","Cyb5611"
"Sppl2b1",0.405029598350561,7.59490870322817,3.8142534655397,0.000248751149695455,0.00230437820102841,0.350323087627651,"GABAergic","Sppl2b1"
"Suz121",0.404315316569841,7.59176217154379,3.71063734334046,0.00035589731495993,0.00291497950360874,0.0265269882139281,"GABAergic","Suz121"
"Wrap731",0.404218724140384,7.63652201707111,3.50791149973713,0.000704361157209123,0.00473538630734608,-0.566095030653097,"GABAergic","Wrap731"
"Nol111",0.403795818186246,7.75947274195726,2.78827281346647,0.00645397525809391,0.0259249765070819,-2.41951770555448,"GABAergic","Nol111"
"Zfp9731",0.40379497161073,7.57078998059041,3.58383776228703,0.000547018357557439,0.00392414023357122,-0.365892478109375,"GABAergic","Zfp9731"
"Steap21",0.403395530035944,7.70356539302164,2.50236921011903,0.0141252911818168,0.0462052176103209,-3.12568997620892,"GABAergic","Steap21"
"Uqcc31",0.403174184413428,7.635073864351,3.35271571011822,0.00116807108760261,0.00690711574011912,-1.01554429313455,"GABAergic","Uqcc31"
"Cited21",0.402394605993622,7.62409374750912,2.66988113585573,0.00898911349363794,0.0329174019416736,-2.77672356597256,"GABAergic","Cited21"
"2810021J22Rik1",0.402142384097366,7.53872597141191,4.31663882801254,4.02926362943618e-05,0.00184569577963664,1.9897854745111,"GABAergic","2810021J22Rik1"
"Dnaja21",0.402033683705166,7.96442956187101,3.10802028896684,0.00251454853628712,0.01244627422853,-1.59139696404697,"GABAergic","Dnaja21"
"Zfp354c1",0.401719942422311,7.56503831588092,3.71275413357722,0.000353324391501747,0.00289956179788111,0.0259420813594939,"GABAergic","Zfp354c1"
"Dlx1",0.40091491213104,7.68492184041507,3.13280897431442,0.00233071439126746,0.011786434840143,-1.59487463505656,"GABAergic","Dlx1"
"Dap1",0.400884320431771,7.53918642739852,4.32626908152554,3.8860922443744e-05,0.00180638760156399,2.02305708094337,"GABAergic","Dap1"
"Ube2q11",0.400868713552256,7.53599419829568,4.32852510059384,3.85326887053276e-05,0.00180638760156399,2.03039176469836,"GABAergic","Ube2q11"
"Apod1",0.400865635545305,7.54029420759969,4.16692760657079,7.0286373191434e-05,0.00189495518112377,1.48001280410825,"GABAergic","Apod1"
"Dhx291",0.400556188814509,7.6290541990778,3.55615365547721,0.000600079681132957,0.00420891077017364,-0.425219819104241,"GABAergic","Dhx291"
"Ablim31",0.400201971058926,7.64189760111116,3.12956022252794,0.00235407384105227,0.0118664538518349,-1.62879656447502,"GABAergic","Ablim31"
"Msh21",0.400198091922499,7.62601734937835,3.65303996115961,0.00043314171379197,0.00328666836219008,-0.134545335032855,"GABAergic","Msh21"
"Scyl11",0.400081888102378,7.53854087633597,4.23948212297343,5.37504856741868e-05,0.00188939855984759,1.72542892452421,"GABAergic","Scyl11"
"Tmem147os1",0.399950658559309,7.56768690347862,3.88277157455855,0.000195633336598698,0.00219999488316634,0.56045635368926,"GABAergic","Tmem147os1"
"Mrps271",0.39974266352658,7.63505728903616,3.72176576269653,0.000342567471814614,0.00282786529649324,0.0771327035055211,"GABAergic","Mrps271"
"Zfp1801",0.399651501227829,7.60667932470091,3.19475775018802,0.00192456861596582,0.010156594409435,-1.46521066694608,"GABAergic","Zfp1801"
"Tnip21",0.399619507429374,7.69871490494952,3.50193531693547,0.000718411309821487,0.00481117877183481,-0.564489492440805,"GABAergic","Tnip21"
"Wdfy21",0.399490456983636,7.73915016241124,3.71914689016177,0.000345661012884935,0.0028491466021315,0.0941496143360876,"GABAergic","Wdfy21"
"Med71",0.399370810696535,7.75471714888192,2.57012354143395,0.0117936553593106,0.0409494698349603,-2.91365058739591,"GABAergic","Med71"
"Rxfp11",0.399279287201215,7.52456602136998,4.1419932226754,7.70248477292556e-05,0.00192916411386957,1.39309652778145,"GABAergic","Rxfp11"
"Phb21",0.399263109791621,7.91853250755667,2.64028381191607,0.0097504425827477,0.0351693062704942,-2.69904984075508,"GABAergic","Phb21"
"Lysmd21",0.399215467813217,7.87135215394873,3.5080411113448,0.000704059332146755,0.00473538630734608,-0.519817125015867,"GABAergic","Lysmd21"
"Pole31",0.398984904504024,7.53767875239319,4.32734903017873,3.87034629079207e-05,0.00180638760156399,2.02657373329166,"GABAergic","Pole31"
"Dnajc111",0.398875874148152,7.64781732677094,3.10133517063372,0.00256638552580326,0.0126333561815333,-1.70394575442425,"GABAergic","Dnajc111"
"Rack11",0.398773259764524,7.74851294235046,3.79990824083352,0.00026149339770189,0.00233453744213374,0.340301798769268,"GABAergic","Rack11"
"Fam228b1",0.397673207550241,7.6111079553708,4.30770749062754,4.16658199757404e-05,0.00187451547940858,1.97229338671563,"GABAergic","Fam228b1"
"Platr251",0.397587035266477,7.6181473039632,4.19740303688555,6.28181692601933e-05,0.00188939855984759,1.59986095811383,"GABAergic","Platr251"
"Bcl2l14",0.396683463155872,7.6111297308256,2.66424071787339,0.00912990132412871,0.0333553848550027,-2.79648908130029,"GABAergic","Bcl2l14"
"Rab351",0.396465647456464,7.60959029962329,3.55580232874031,0.000600783352545742,0.00421150133111781,-0.430925521028625,"GABAergic","Rab351"
"Ccdc931",0.396408670001385,7.68470223010149,3.79359805559219,0.00026729333467017,0.00235847743764708,0.309909767731201,"GABAergic","Ccdc931"
"Inhbb",0.396357066539548,7.50076315497412,3.68942188692591,0.000382687215548157,0.00304145795221459,-0.0769874080792547,"GABAergic","Inhbb"
"Stxbp21",0.396343216154753,7.52277183847608,3.60961343065925,0.000501635260376839,0.00370187426770184,-0.314158644786713,"GABAergic","Stxbp21"
"Hrk1",0.39621930681758,7.57059470102775,2.98999140521693,0.00358954176943276,0.01649670108338,-2.02294270377096,"GABAergic","Hrk1"
"Rbm12b21",0.396121031240617,7.65540016169979,3.35396993898352,0.00116337550710063,0.00690075983376725,-1.00512808116723,"GABAergic","Rbm12b21"
"Cant11",0.396115112174561,7.52317097127046,3.14569441173536,0.00224017336590185,0.011448712865635,-1.64377722569746,"GABAergic","Cant11"
"mt-Co11",0.395880447384902,7.65507819605193,2.5422640057072,0.0127068099210977,0.0426847158869514,-3.06348860008246,"GABAergic","mt-Co11"
"Gstz11",0.395199719464443,7.64063595811791,3.23323409337463,0.00170664794244293,0.00922224189504872,-1.34599486153428,"GABAergic","Gstz11"
"Kyat11",0.395114620679305,7.54757158210928,3.32114261595626,0.00129230596789955,0.00752620354952874,-1.14366791459957,"GABAergic","Kyat11"
"Cars1",0.394814097716605,7.73503186719229,2.7892028567288,0.00643695155957199,0.0258648417211893,-2.42804526743399,"GABAergic","Cars1"
"2700038G22Rik1",0.394688288369388,7.52249587849922,4.24802458583064,5.20702915032887e-05,0.00188939855984759,1.75161126367002,"GABAergic","2700038G22Rik1"
"Cnot101",0.394652980561242,7.73377670244882,2.6785616818481,0.00877628980147875,0.0323255678527199,-2.6902970622259,"GABAergic","Cnot101"
"Stard131",0.394450086671334,7.6151670420592,3.36438247348842,0.00112507211617266,0.00677139677373482,-0.987398018800024,"GABAergic","Stard131"
"Arhgef61",0.394382799614521,7.68552362086301,2.87749524340116,0.00499588060775823,0.0212769463219188,-2.25458722957972,"GABAergic","Arhgef61"
"Crnkl11",0.394354776660863,7.6561538625238,4.1627027621695,7.13867913672042e-05,0.00190158161380878,1.48891562500204,"GABAergic","Crnkl11"
"Hmbs1",0.394287950219235,7.54947257470836,3.13437852812288,0.0023195063233575,0.0117438991781891,-1.66167038150992,"GABAergic","Hmbs1"
"Snrpe1",0.394209694027578,7.68818496389116,3.2388152252905,0.00167702460379358,0.00911366649438642,-1.30937001820372,"GABAergic","Snrpe1"
"Zfp4421",0.39381437974662,7.62370055236599,2.62188440401993,0.010252706852938,0.0367017187344302,-2.87878532197955,"GABAergic","Zfp4421"
"Arhgef181",0.393540211242057,7.56803032363289,3.55162531883802,0.000609209509885829,0.00423989624090154,-0.463141707599548,"GABAergic","Arhgef181"
"Aamp1",0.393522112758757,7.71984626523534,2.91535382477297,0.00447413532688757,0.019441422115489,-2.12753253079249,"GABAergic","Aamp1"
"Mum11",0.393333275443361,7.60994603036146,3.12554254903727,0.00238326341890731,0.011970482172239,-1.65233901096512,"GABAergic","Mum11"
"Xndc11",0.3919832461764,7.61206768908544,3.27684510802075,0.00148762164306135,0.008341918689151,-1.23649103910817,"GABAergic","Xndc11"
"Slx41",0.391891141840354,7.59180049551471,5.09469143136036,1.88574473370919e-06,0.000950189056421386,4.81125395095701,"GABAergic","Slx41"
"Denr1",0.391682115375018,7.78535756096852,2.72350130983862,0.00774592289278601,0.0294611686837033,-2.56625936928432,"GABAergic","Denr1"
"Iqcj1",0.391663115707718,7.53622565232015,4.27792219968301,4.65791451014755e-05,0.00188939855984759,1.85638149545983,"GABAergic","Iqcj1"
"Smad41",0.391472432194707,7.59053157848402,5.03345183542105,2.42253592527991e-06,0.000962104678538417,4.58029471191182,"GABAergic","Smad41"
"Kcns21",0.391235907950588,7.57447092519269,4.78562969996039,6.57138489203081e-06,0.000962104678538417,3.66083207532005,"GABAergic","Kcns21"
"Fam213a1",0.391115846787736,7.65479119035371,3.9910166756047,0.00013314478467281,0.00219999488316634,0.927955216262525,"GABAergic","Fam213a1"
"Gm281541",0.391077050525816,7.52378080516538,4.12708497368157,8.13459101996624e-05,0.00198309593056706,1.34292737394943,"GABAergic","Gm281541"
"Ubxn2a1",0.390815591251258,7.94106607976451,2.81933825938208,0.00590708540243128,0.0243413656573199,-2.28845724119424,"GABAergic","Ubxn2a1"
"Arl61",0.390242239770503,7.65108901511211,4.65264110411175,1.11040163708544e-05,0.00123792644684423,3.17818211669443,"GABAergic","Arl61"
"Hapln1",0.389824597194003,7.7492916058816,3.78300693003441,0.000277304516105905,0.00241744289922913,0.28791930680896,"GABAergic","Hapln1"
"Eaf11",0.38937121906248,7.52128061810793,3.82691557821026,0.00023799777653474,0.0022729780068295,0.362041260825769,"GABAergic","Eaf11"
"Mob1a1",0.389335638793763,7.51964255743291,3.55748200538748,0.000597426173653219,0.00419731037897914,-0.473373963290214,"GABAergic","Mob1a1"
"Ctu21",0.389092086628923,7.59299767155894,5.11052524122934,1.76705487852176e-06,0.000927482929364106,4.87111913709038,"GABAergic","Ctu21"
"Capn51",0.388770095687117,7.52399112087883,3.94806624681306,0.00015522796673276,0.00219999488316634,0.752303725143841,"GABAergic","Capn51"
"Syt131",0.388665181953604,7.68803833952782,2.85578845510793,0.00531969978154168,0.0224271278942706,-2.30250864891756,"GABAergic","Syt131"
"Slc27a21",0.388473616271457,7.6196686772852,2.59998300347986,0.0108810144167105,0.0385347592373635,-2.96442160121884,"GABAergic","Slc27a21"
"Clp11",0.388440904670612,7.59603542598264,3.58773147125866,0.000539921865216122,0.00389467547468606,-0.345988841966036,"GABAergic","Clp11"
"Tmem181",0.388285183461083,7.79182307188705,2.91098724024545,0.00453164340620224,0.0196506409597004,-2.10671759516033,"GABAergic","Tmem181"
"Prex21",0.38825724145879,7.52589462894429,4.1321474843866,7.98530940654914e-05,0.00196851159675733,1.36037568517423,"GABAergic","Prex21"
"Snrpb21",0.388227576358088,7.62283168488073,2.68681255883981,0.00857825339808371,0.0317584048773618,-2.74483943410446,"GABAergic","Snrpb21"
"Pes11",0.388040667634749,7.52308125593389,3.6245337254604,0.000477020361866829,0.00354724055397665,-0.268509095388418,"GABAergic","Pes11"
"Ola11",0.387969937114757,7.98641874081769,2.57487904689614,0.0116438328346863,0.0405746506828612,-2.82312055707975,"GABAergic","Ola11"
"Ethe11",0.387821517617152,7.6141734345788,3.37743232059181,0.00107873980743083,0.00657102773414224,-0.947928571827301,"GABAergic","Ethe11"
"Rpl221",0.387727942968131,7.94844605035674,2.533251156782,0.0130155641120868,0.043440215182039,-2.91672094534454,"GABAergic","Rpl221"
"Nipal21",0.38763046048185,7.82429017841242,2.75676812578814,0.00705553463404496,0.0275507035911545,-2.46304383745918,"GABAergic","Nipal21"
"Gm56171",0.387588046348687,7.52283419978933,4.0287777597259,0.000116244074289505,0.00219999488316634,1.01609699898943,"GABAergic","Gm56171"
"Pno11",0.387384206191113,7.69342121513719,2.62831394199653,0.0100745929245921,0.0361978457133734,-2.8430722517383,"GABAergic","Pno11"
"Mus811",0.387360796758943,7.54743294370401,4.49914474195391,2.01412932882455e-05,0.0013784186579601,2.6278962589914,"GABAergic","Mus811"
"Zfp729b1",0.38719355794503,7.5640754023393,3.40214924221926,0.000995860581289025,0.00621032462499893,-0.905274785535922,"GABAergic","Zfp729b1"
"Dnajc91",0.387175132254307,7.62351557157033,3.12960627884044,0.00235374116577537,0.0118664538518349,-1.64896176726002,"GABAergic","Dnajc91"
"Lpcat11",0.387167381100142,7.5631430283848,3.44655951370848,0.000861799192927013,0.00553881858841918,-0.776379861532737,"GABAergic","Lpcat11"
"Usp201",0.387070702228226,7.73820524288866,3.38483095473844,0.00105327465765613,0.00644395379431483,-0.882171872043791,"GABAergic","Usp201"
"Atxn7l11",0.387058205492251,7.58657968901798,3.78957679011213,0.000271053163001712,0.00237775535817031,0.270916383879954,"GABAergic","Atxn7l11"
"Ppp2r2c1",0.38691116584744,7.68417603893978,3.04210942115157,0.00307096630717499,0.0144972338015584,-1.83135725448511,"GABAergic","Ppp2r2c1"
"Ocel11",0.386538739680249,7.53226045957965,4.27014720019059,4.79508894014943e-05,0.00188939855984759,1.82911018984398,"GABAergic","Ocel11"
"Trappc41",0.386393983500039,7.83651450824412,3.2757139906804,0.00149295349476621,0.0083622655284882,-1.16181879480025,"GABAergic","Trappc41"
"Cdh241",0.386393815238318,7.52369102039438,4.10876967345293,8.69738234714024e-05,0.00203644842800977,1.28165915545299,"GABAergic","Cdh241"
"Ifngr11",0.386377849411643,7.53260459403152,4.27077127849193,4.78393615589848e-05,0.00188939855984759,1.83130475862998,"GABAergic","Ifngr11"
"Tmem185a1",0.386279425439099,7.63420801388648,2.60791415415443,0.0106495749677894,0.0378427915004918,-2.94332170273298,"GABAergic","Tmem185a1"
"L3mbtl21",0.386108087992063,7.59873397771468,2.89186510168664,0.00479158728359475,0.0205304846977698,-2.26235071803911,"GABAergic","L3mbtl21"
"Ppp2cb1",0.385949521524325,7.52202745200383,3.63071544803463,0.000467161312282874,0.00349407273794907,-0.249979216438306,"GABAergic","Ppp2cb1"
"Mturn1",0.385870786332101,7.64374645736831,2.8477110844258,0.00544503777879399,0.0228015008395764,-2.3746769655758,"GABAergic","Mturn1"
"Abhd131",0.385544736309589,7.56453585798584,3.50570892985735,0.000709508979000022,0.00476606556308357,-0.602572558567461,"GABAergic","Abhd131"
"Fam57b1",0.385496442566785,7.67585030456889,3.21409940276283,0.00181196548427289,0.00963094059298971,-1.37896593968936,"GABAergic","Fam57b1"
"Zfp5661",0.385429809673574,7.597645898273,2.68710794139172,0.00857123955646673,0.0317584048773618,-2.76533150953634,"GABAergic","Zfp5661"
"Gpr831",0.385019214136136,7.64666619476636,3.24615467959382,0.00163880010233896,0.00894840263942951,-1.30814610579406,"GABAergic","Gpr831"
"Nup2051",0.384726831612519,7.68998738209283,2.63589568525007,0.00986816203030926,0.0355270754775095,-2.8487416960154,"GABAergic","Nup2051"
"Rbm341",0.384346645042492,7.64135180934521,2.46962767725924,0.0153938527985595,0.049468460128432,-3.24954097780912,"GABAergic","Rbm341"
"Igsf31",0.384312491841646,7.62458274126306,2.49798151306562,0.0142896656881046,0.0466339167546772,-3.16366754138757,"GABAergic","Igsf31"
"AC124561.11",0.38371393391785,7.82824397491505,2.69498997412787,0.00838599559470832,0.0312616783712702,-2.62682282685513,"GABAergic","AC124561.11"
"Col6a11",0.383350437413794,7.52124440300275,4.00786265685235,0.00012533295448972,0.00219999488316634,0.946866578755242,"GABAergic","Col6a11"
"Ttll41",0.383328722339916,7.61550116148975,4.09404040216282,9.17692689773111e-05,0.00206246502803888,1.25565434595707,"GABAergic","Ttll41"
"Lhfpl41",0.383263179048445,7.69871934862962,2.66144946424716,0.00920030998391788,0.033563945805796,-2.76550707411233,"GABAergic","Lhfpl41"
"Ifnar11",0.383242756679854,7.72761088758204,2.5503078548696,0.0124368330465341,0.042194124935952,-3.00209976249566,"GABAergic","Ifnar11"
"Sdf2l11",0.383167120834995,7.56631588661647,3.44689972373067,0.000860841148913147,0.00553548542769725,-0.773970631139361,"GABAergic","Sdf2l11"
"Csf2ra1",0.382619971100873,7.85881745667969,2.67718374607761,0.00880976459263138,0.0323641308175496,-2.64887668894862,"GABAergic","Csf2ra1"
"Gm207541",0.382550611745374,7.72322702807639,2.52322137168462,0.0133670718301809,0.0442768876794079,-3.05446718869386,"GABAergic","Gm207541"
"Hsd17b41",0.382294362931158,7.65834912548211,2.75624215349084,0.00706599848941543,0.0275659284518941,-2.56379173865993,"GABAergic","Hsd17b41"
"Rdh141",0.382094300146474,7.7219555882338,3.54380907915503,0.000625278137981145,0.0042901027800373,-0.430908622450161,"GABAergic","Rdh141"
"Pcgf11",0.382060110681688,7.5956827154257,2.90791320147064,0.00457253603032296,0.0197870959718235,-2.24137487541662,"GABAergic","Pcgf11"
"Gm327101",0.381947950211126,7.52318120927361,4.09567977656112,9.12232345497037e-05,0.0020620846452855,1.23787283624925,"GABAergic","Gm327101"
"Eif2ak31",0.381910118534847,7.63940647968557,2.67007783650861,0.00898423949453448,0.0329091203584329,-2.77304854633882,"GABAergic","Eif2ak31"
"Nupl21",0.381406371061795,7.59307813385246,5.17655142604245,1.34604995115254e-06,0.000927482929364106,5.12225830529235,"GABAergic","Nupl21"
"Clcn71",0.381348124418134,7.56333834083942,3.77619843977589,0.000283927716981694,0.00246494655466464,0.222511020032041,"GABAergic","Clcn71"
"Pvr1",0.381121428127765,7.56236340751654,3.46147198737492,0.000820734906778039,0.00538198730904891,-0.73392336050321,"GABAergic","Pvr1"
"Cebpb1",0.380915508785163,7.56595937308368,3.66958415079728,0.000409461669776439,0.00317414686410695,-0.106882326631307,"GABAergic","Cebpb1"
"Mlh11",0.380897932440404,7.56918367343439,3.39930787630537,0.00100507388751752,0.00625384979880044,-0.911901914117486,"GABAergic","Mlh11"
"Gm436891",0.380828432634711,7.59091687062064,5.11227287371424,1.75441062425526e-06,0.000927482929364106,4.87794872605091,"GABAergic","Gm436891"
"Golph31",0.380670493820344,7.61857728959665,2.52387225422754,0.0133440045400041,0.0442257444685581,-3.11260889141535,"GABAergic","Golph31"
"Ankrd401",0.380539034625746,7.64884939620579,4.92857539066175,3.70715548010933e-06,0.000962104678538417,4.18000168218933,"GABAergic","Ankrd401"
"Fmn11",0.38051259002861,7.65065982923567,2.71870343793322,0.00785042036989562,0.0297866703010768,-2.66873444617916,"GABAergic","Fmn11"
"Lrrc571",0.380449179294652,7.56192667228011,3.56839081834975,0.000576050873115662,0.00409443701912205,-0.414705916957881,"GABAergic","Lrrc571"
"Rhbdf11",0.380358671753497,7.50244000709815,3.52520980197309,0.000665141061193742,0.00450960939784389,-0.577274136629636,"GABAergic","Rhbdf11"
"Fbxo71",0.380207227517618,7.57331610284874,2.6970196410168,0.00833888732559204,0.0311983853996088,-2.77375389181108,"GABAergic","Fbxo71"
"Asf1a1",0.380187532878282,7.61528432338054,3.45015113471868,0.000851735561093285,0.00550786081267562,-0.739518521626498,"GABAergic","Asf1a1"
"Fbxo101",0.380046743101304,7.52153550551873,4.0015453049168,0.000128209545068371,0.00219999488316634,0.926214188980824,"GABAergic","Fbxo101"
"Map3k101",0.37945638024767,7.52038332249335,4.0835288466071,9.53456856270023e-05,0.00211178038343893,1.1967080447532,"GABAergic","Map3k101"
"Ppp4r3a1",0.379342369797074,7.9096369463577,2.46755916706453,0.0154773194395959,0.0496797468737427,-3.07566381008713,"GABAergic","Ppp4r3a1"
"Tubgcp51",0.379293679110296,7.62037446695757,3.61038998220323,0.000500324984412625,0.00369436918443484,-0.265062843624902,"GABAergic","Tubgcp51"
"Fxn1",0.379282627770603,7.5459968248433,3.43173262536365,0.000904542108333817,0.00574610032207821,-0.824448079664339,"GABAergic","Fxn1"
"Mif4gd1",0.379107834082991,7.52128379246527,3.91907058978786,0.000172073427277205,0.00219999488316634,0.657539684246511,"GABAergic","Mif4gd1"
"Gla1",0.379079638856814,7.56689131721651,3.59486853893468,0.000527139981246736,0.00383393899755493,-0.333711832983106,"GABAergic","Gla1"
"Creg11",0.378817419083798,7.77348287784354,2.94768955035441,0.00406874991502442,0.0182919495644406,-2.02695925810462,"GABAergic","Creg11"
"Donson1",0.378667994633243,7.62118857107889,2.51275376444914,0.0137429972484657,0.0452366178047876,-3.1316478124065,"GABAergic","Donson1"
"Zbtb141",0.378650121392162,7.5877270327041,3.87320624841641,0.00020233698144047,0.00219999488316634,0.53500972587495,"GABAergic","Zbtb141"
"Lipa1",0.378568133214063,7.55685834588246,3.70966721773096,0.000357082429152438,0.00291899244648492,0.0141165624275139,"GABAergic","Lipa1"
"Zrsr11",0.378271535993394,7.7015048013729,3.34382659577996,0.00120186384774621,0.00708132782509777,-1.01862343400802,"GABAergic","Zrsr11"
"Pnma31",0.378133011454712,7.59390973347842,3.00013668171665,0.0034826485298985,0.0161112462472021,-1.98941733686965,"GABAergic","Pnma31"
"Trim391",0.378070211126136,7.5881983407341,3.91019248186167,0.000177571598187183,0.00219999488316634,0.654602851343581,"GABAergic","Trim391"
"B3galt11",0.377716649608226,7.83115242622269,2.6697719715421,0.00899181948599721,0.0329177419544048,-2.65933057956752,"GABAergic","B3galt11"
"St6galnac31",0.377688569479267,7.56607954989726,2.98536688790148,0.0036392665062133,0.0166826201523905,-2.03628436375671,"GABAergic","St6galnac31"
"Jakmip11",0.377534390635073,7.98879823837385,2.50494887446079,0.0140294439197043,0.0459827664187154,-2.97409997169153,"GABAergic","Jakmip11"
"Gm54681",0.377340838638706,7.52188802652017,4.22914170981461,5.58542284514296e-05,0.00188939855984759,1.68710778724342,"GABAergic","Gm54681"
"Magi31",0.377014371081968,7.5427878650165,4.50758333395876,1.94982011218204e-05,0.00137217228788588,2.65732341647698,"GABAergic","Magi31"
"Nudc1",0.376949256263218,7.82174283259183,2.63987401003632,0.00976138215502122,0.0351929396127082,-2.74360018975178,"GABAergic","Nudc1"
"P2rx41",0.376871728730467,7.52067155598575,3.99311839900986,0.000132145300600974,0.00219999488316634,0.89834970098338,"GABAergic","P2rx41"
"Ipp1",0.376838538501841,7.6214442697806,2.65966416141811,0.00924560172607406,0.0336706692521986,-2.79770756072947,"GABAergic","Ipp1"
"Ccdc621",0.376547945179388,7.52197309173186,3.31726780254891,0.00130837960349579,0.00759726097023881,-1.16336338631371,"GABAergic","Ccdc621"
"Mindy11",0.376346033267016,7.51759984031117,3.85595954066534,0.000214981938167871,0.00219999488316634,0.45343643784737,"GABAergic","Mindy11"
"Mettl141",0.376285671839948,7.57965887714096,3.7245471675213,0.000339310775651104,0.00280649891062177,0.0665458581758971,"GABAergic","Mettl141"
"C920021L13Rik1",0.376042165074156,7.56853337210561,4.83428598320936,5.41325660254478e-06,0.000962104678538417,3.83941588312371,"GABAergic","C920021L13Rik1"
"Lmf21",0.375969592875939,7.57189729493664,3.38314992125003,0.00105901043263257,0.00646961902030673,-0.955867725958996,"GABAergic","Lmf21"
"Nhs",0.375864950688118,7.52117959747542,4.21753291961889,5.8310483662238e-05,0.00188939855984759,1.64746703698584,"GABAergic","Nhs"
"Akap131",0.375637570920667,7.59709555757433,3.63905984719454,0.000454159205019315,0.00342167673781597,-0.190467808588092,"GABAergic","Akap131"
"Grb21",0.375504921316019,7.6856136444583,2.98899766685312,0.00360017356686655,0.0165334985132402,-1.98944887238267,"GABAergic","Grb21"
"Coq61",0.375144435999252,7.54721075623977,3.18486569778807,0.00198465111626536,0.0104153868339021,-1.52294155285244,"GABAergic","Coq61"
"Pygo11",0.374694570377246,7.62296091693131,3.3950365131204,0.00101907508242694,0.0062712695717304,-0.894327297195822,"GABAergic","Pygo11"
"Cdk201",0.374429875904871,7.52026305420102,3.98979737261372,0.000133727943943416,0.00219999488316634,0.887358055153852,"GABAergic","Cdk201"
"Fbxo331",0.374424379096107,7.56880608228321,2.84730577275491,0.00545139790660845,0.0228015008395764,-2.38377878663534,"GABAergic","Fbxo331"
"Aen1",0.374273856646248,7.5457300756026,3.50395325290411,0.000713637757344278,0.00478939522070638,-0.611490307038657,"GABAergic","Aen1"
"Trim281",0.374187366124596,7.60876042864772,3.23153650217526,0.00171575494111388,0.00923418620792419,-1.36349368981361,"GABAergic","Trim281"
"Prkrip11",0.374071247143886,7.59011232905436,5.208707552907,1.17824577328751e-06,0.000927482929364106,5.24556238325117,"GABAergic","Prkrip11"
"Rnf81",0.374052200881473,7.61393640250121,3.08537849329945,0.00269415650493057,0.0130531882663886,-1.75860741566804,"GABAergic","Rnf81"
"Wdhd11",0.374047022509004,7.50577082993617,3.23584982887505,0.00169270383608456,0.00917117859060525,-1.41613495115374,"GABAergic","Wdhd11"
"Swsap11",0.373937560746781,7.5469791887027,3.26500938976311,0.00154430644188236,0.0085698802856353,-1.30225191320907,"GABAergic","Swsap11"
"Sav11",0.373827852983557,7.5181177504524,4.00935362931471,0.000124663119090287,0.00219999488316634,0.95086681097368,"GABAergic","Sav11"
"Ghr1",0.373429813263786,7.60893387340108,4.06214077470401,0.000103040112978853,0.00219999488316634,1.14980935053835,"GABAergic","Ghr1"
"St6gal11",0.373298799737677,7.54542313990424,4.52701268179157,1.80921859291262e-05,0.00137217228788588,2.72642998268765,"GABAergic","St6gal11"
"Gdap101",0.373294247388958,7.51809246966293,4.05855677209385,0.000104386410570505,0.00219999488316634,1.11318692187082,"GABAergic","Gdap101"
"Nppc1",0.373148291457077,7.50429285515265,3.7653395311551,0.000294803823683665,0.0025331812871372,0.161503123049155,"GABAergic","Nppc1"
"Eef2kmt1",0.373112610403211,7.51982680765317,4.03349713541526,0.000114282396998926,0.00219999488316634,1.03083855921306,"GABAergic","Eef2kmt1"
"Klhl151",0.372940721517924,7.58873877701821,3.40434289378841,0.000988801958824002,0.00617854081116367,-0.889922640412296,"GABAergic","Klhl151"
"Zfp518b1",0.372613023670158,7.54755614317141,3.20068446854082,0.00188938864570383,0.00999186766159997,-1.48094846466228,"GABAergic","Zfp518b1"
"Ap2a21",0.372588554087407,7.8238176709375,3.12025453507703,0.0024221959113241,0.012112902697479,-1.57417253321761,"GABAergic","Ap2a21"
"Dhcr71",0.372466809915267,7.54358232709952,3.23606833135853,0.00169154386489655,0.00916883737784071,-1.38540052220527,"GABAergic","Dhcr71"
"L3hypdh1",0.372451192852238,7.5004261101221,3.68138866054,0.000393322677190659,0.00310638605929199,-0.101991504836301,"GABAergic","L3hypdh1"
"Mpg1",0.372377965478321,7.50037515225474,3.81837504926558,0.000245201014781512,0.00230437820102841,0.327903238798634,"GABAergic","Mpg1"
"Gm269101",0.372377206665637,7.59323913772764,2.64991209138365,0.00949659314737703,0.0344453164058475,-2.85985420183902,"GABAergic","Gm269101"
"Nudt211",0.372008132778387,7.65649580335513,2.80284256557023,0.00619196049113203,0.0251127627746523,-2.44927906643194,"GABAergic","Nudt211"
"Mrpl101",0.371697949041335,7.68408717189363,2.68199535482177,0.00869337614761157,0.0321145042027751,-2.72554723437388,"GABAergic","Mrpl101"
"Nfix1",0.371535748876062,7.73083634353233,3.11998199637223,0.00242421839733258,0.0121182060123804,-1.62117702464315,"GABAergic","Nfix1"
"Snx51",0.371531910036524,7.61468558165173,3.10994788687195,0.00249978360331235,0.012392669835075,-1.69239917762044,"GABAergic","Snx51"
"Crym1",0.371513501604874,7.52555748148161,2.96269037865089,0.00389243910504335,0.0176251097793785,-2.128652742289,"GABAergic","Crym1"
"Ciapin11",0.371497745571427,7.6672713423575,2.6645010487748,0.00912335953474728,0.0333411546443897,-2.77090070466924,"GABAergic","Ciapin11"
"Rrm11",0.371487724178484,7.56078107473332,3.56805686621562,0.000576694356544419,0.00409443701912205,-0.416442426105355,"GABAergic","Rrm11"
"Pde6d1",0.371482170125368,7.61644914435895,2.91747469355743,0.00444644661427888,0.019354487906037,-2.21004144007599,"GABAergic","Pde6d1"
"Rragc1",0.371353922247559,7.58664418818674,5.21636817201821,1.14139186408113e-06,0.000927482929364106,5.27525450190535,"GABAergic","Rragc1"
"Wscd11",0.3712932039505,7.51876148315496,3.89360988258144,0.000188293944001179,0.00219999488316634,0.574617615017374,"GABAergic","Wscd11"
"Usp491",0.371140223009094,7.56964407821502,2.9418235058637,0.0041396780652344,0.0185051542185088,-2.16452029718898,"GABAergic","Usp491"
"Triap11",0.370938382561519,7.58524084680964,5.19612532397883,1.24131657016093e-06,0.000927482929364106,5.19785348873788,"GABAergic","Triap11"
"Pop41",0.370649890302716,7.63371966997711,3.01366031178244,0.00334473641049307,0.0155474703184433,-1.95510197929273,"GABAergic","Pop41"
"Nxt21",0.370636646704855,7.58944413610622,3.27410861996602,0.00150055161057789,0.00839423470514371,-1.25142350399805,"GABAergic","Nxt21"
"Mettl21",0.370619300366914,7.58586022735255,2.65984281672305,0.00924106028983829,0.0336638624844109,-2.8178881252877,"GABAergic","Mettl21"
"BC0020591",0.3705624335534,7.51829384895396,4.02469408355775,0.000117967525925311,0.00219999488316634,1.00138353749395,"GABAergic","BC0020591"
"Pex21",0.370466960514493,7.56349338450609,3.74260584876136,0.000318871622766105,0.00266367760741686,0.118173055786666,"GABAergic","Pex21"
"Ksr11",0.370375990657744,7.51802224694294,4.04179050163337,0.000110911780991235,0.00219999488316634,1.05770085866392,"GABAergic","Ksr11"
"Exosc51",0.369888322732407,7.5642687484861,3.70348559126724,0.000364722521406245,0.00296222411486426,-0.0026775611241483,"GABAergic","Exosc51"
"A930029G22Rik1",0.369883064209543,7.61200273906368,3.25601507683873,0.00158872825935112,0.00873939296202886,-1.29388515870807,"GABAergic","A930029G22Rik1"
"Rps6ka41",0.369751719369243,7.54522674925866,4.53496701590569,1.75453428455704e-05,0.00137217228788588,2.75465909945593,"GABAergic","Rps6ka41"
"Wee11",0.369666238047533,7.5813754782146,4.02523142785848,0.000117739356792649,0.00219999488316634,1.02392634413647,"GABAergic","Wee11"
"Ppie1",0.368627845164612,7.51628821909324,4.05595881624452,0.000105372840312035,0.00219999488316634,1.10405935792615,"GABAergic","Ppie1"
"Gm44812",0.368620884062916,7.50094778525682,3.82270519445119,0.000241523296889361,0.00229447132044893,0.341842798717169,"GABAergic","Gm44812"
"Ndnf",0.368576918566055,7.57159769164802,4.52862367919942,1.79801171650725e-05,0.00137217228788588,2.73482185949092,"GABAergic","Ndnf"
"Gdpgp11",0.368565272931441,7.51666148003568,3.83748012751542,0.00022936645447025,0.00223979009841995,0.394123222576218,"GABAergic","Gdpgp11"
"Sp9",0.368285474897927,7.59192851862331,3.13350918516744,0.00232570802286185,0.0117677429388274,-1.6358048585193,"GABAergic","Sp9"
"Tymp1",0.367746660790822,7.51724229148845,4.03538717197792,0.000113505709583349,0.00219999488316634,1.03632996805364,"GABAergic","Tymp1"
"2610001J05Rik1",0.367724838049721,7.60444774544304,3.43787523827206,0.000886597375628573,0.00566352289086873,-0.779205355507054,"GABAergic","2610001J05Rik1"
"Praf21",0.367639650219641,7.69049311463053,3.04943935498437,0.00300387494075004,0.0142630277529695,-1.81350226260696,"GABAergic","Praf21"
"mt-Nd51",0.367584104625613,7.55337319830899,4.89517755964856,4.2409716308074e-06,0.000962104678538417,4.06450137245355,"GABAergic","mt-Nd51"
"Camsap11",0.367447598390541,7.66075234179506,2.85438518077135,0.00534128275188646,0.0225008867452459,-2.31669585539203,"GABAergic","Camsap11"
"Dusp81",0.367270450510867,7.6500586213806,2.83513934992401,0.00564551535292749,0.0234604782347179,-2.36861752950533,"GABAergic","Dusp81"
"Stambp1",0.367259240579964,7.69615906700165,3.14591089398044,0.00223868059441502,0.011448712865635,-1.5489933740549,"GABAergic","Stambp1"
"Per11",0.367008753072765,7.71187429665184,2.87607067411896,0.00501656365142863,0.0213414178401345,-2.22955831569922,"GABAergic","Per11"
"Rock11",0.366772773785471,7.75388857465139,2.52129709825577,0.0134354777900827,0.044445040368086,-3.03658256298181,"GABAergic","Rock11"
"Fam163b1",0.366623454736207,7.54289302000399,3.31964156572058,0.00129851056775554,0.00755119460322329,-1.15122715480507,"GABAergic","Fam163b1"
"Nsun51",0.366462549533657,7.59456669193,3.15421382538023,0.0021821213939651,0.0112334218225494,-1.57794933276023,"GABAergic","Nsun51"
"Tac2",0.366346684513207,7.51709348036429,3.60202010755867,0.000514619987657184,0.0037711692334656,-0.339451876085289,"GABAergic","Tac2"
"Sidt21",0.366292894751499,7.54376893235901,3.4779956743967,0.000777391530550338,0.00513518673851212,-0.69016413934696,"GABAergic","Sidt21"
"Bicral1",0.366081385335681,7.61500584723254,3.40344904063845,0.000991672451703772,0.00619340499460209,-0.872760029677316,"GABAergic","Bicral1"
"Zw101",0.365735839722336,7.61305279520889,2.59233337285938,0.0111085340426514,0.0391643446222444,-2.95329661548742,"GABAergic","Zw101"
"Nudt81",0.365633596794286,7.51562703922564,3.93075024599045,0.000165087761464003,0.00219999488316634,0.693566176928222,"GABAergic","Nudt81"
"Ap4s11",0.365515607713784,7.56875335586502,4.87836677222446,4.53728600720825e-06,0.000962104678538417,4.00219630236561,"GABAergic","Ap4s11"
"Iqce1",0.365263014086862,7.60899877335976,2.95069164027752,0.00403288604561845,0.0181630217102337,-2.11519512297547,"GABAergic","Iqce1"
"Bcl101",0.365210180790696,7.61656019109303,3.10597347414086,0.00253031538261677,0.0124998063643128,-1.70002372320675,"GABAergic","Bcl101"
"Naaa1",0.365144692568645,7.51663994601821,3.99659013489763,0.0001305100214023,0.00219999488316634,0.908529860730206,"GABAergic","Naaa1"
"Mettl91",0.364768293828942,7.77004435627607,2.70512308049876,0.00815319654174824,0.0306767672749112,-2.60800940577397,"GABAergic","Mettl91"
"Lrrc611",0.36462034544034,7.49998558680365,3.67517359259324,0.000401743006511184,0.00313174419818144,-0.121368219968092,"GABAergic","Lrrc611"
"Chmp51",0.364561786614498,7.8494047431384,2.9262240737616,0.00433388096506784,0.0190687734952706,-2.05689005457683,"GABAergic","Chmp51"
"Adamts31",0.36455734415079,7.65079942578308,2.92980996697801,0.00428850986659087,0.0189485649910365,-2.13256168222577,"GABAergic","Adamts31"
"BC0249781",0.364551654193225,7.52166893434982,4.2325999364597,5.51419844113607e-05,0.00188939855984759,1.6988350627638,"GABAergic","BC0249781"
"Maoa1",0.364389457755934,7.58697851993508,5.30494181319181,7.89163835630481e-07,0.000927482929364106,5.6162240362833,"GABAergic","Maoa1"
"Grhpr1",0.363814840198781,7.57196222818594,3.00204323600172,0.00346289225603773,0.0160434180762439,-1.98670093599404,"GABAergic","Grhpr1"
"Rraga1",0.363618899549176,7.87720165151979,2.97934405396365,0.00370498127772457,0.0169100178099625,-1.92078773634749,"GABAergic","Rraga1"
"H2-T241",0.363518716107817,7.56859481736154,4.90906388612188,4.01049513294902e-06,0.000962104678538417,4.11604546149722,"GABAergic","H2-T241"
"Clasrp1",0.363420965410914,7.58699675657273,2.92346250835111,0.00436912319092697,0.0191350760312863,-2.19101682518478,"GABAergic","Clasrp1"
"D130040H23Rik1",0.363326298939287,7.54863517709095,3.16053714332821,0.00213994343204204,0.011056959562524,-1.59102016806629,"GABAergic","D130040H23Rik1"
"Dexi1",0.363318935376527,7.56088768073912,3.67632487841384,0.000400170408006505,0.00312907922387209,-0.0872870683830049,"GABAergic","Dexi1"
"Selenoh1",0.363211335577745,7.60854462535354,3.42739099156986,0.000917431340441494,0.00579920970872305,-0.807826513234957,"GABAergic","Selenoh1"
"Fam126a1",0.363100775833386,7.57634996814004,2.46809659378896,0.0154555948442963,0.0496415421350332,-3.29986958740556,"GABAergic","Fam126a1"
"Tmem741",0.363084606429923,7.49932224797097,3.63039313682956,0.000467670545948449,0.00349407273794907,-0.259480888198076,"GABAergic","Tmem741"
"Nup431",0.362854449523467,7.54614694402672,3.28903051795121,0.00143130208280147,0.0081253322834836,-1.23531093395146,"GABAergic","Nup431"
"Zfp5231",0.362653737787051,7.68383211536046,2.59467297192588,0.0110384964704134,0.0389841657146433,-2.90535229070891,"GABAergic","Zfp5231"
"E130311K13Rik1",0.362645695965141,7.49945508083185,3.77175124749561,0.00028833493117135,0.00249289988192553,0.18003432094934,"GABAergic","E130311K13Rik1"
"Chst21",0.36247966528039,7.51950947795449,4.22182670922657,5.73900993013527e-05,0.00188939855984759,1.66168174427831,"GABAergic","Chst21"
"Mtfp11",0.362454875491864,7.93987302952801,2.73128826963916,0.00757901734743515,0.0289487208992239,-2.49569391999589,"GABAergic","Mtfp11"
"Klf131",0.362390208952128,7.59936834078085,3.07029124075168,0.00282037717148314,0.0135604164996844,-1.81523819867379,"GABAergic","Klf131"
"Tbc1d301",0.36227092393551,7.95939098378997,2.47642641020831,0.0151223465900071,0.0488201435146899,-3.04282298220527,"GABAergic","Tbc1d301"
"Crh1",0.362097081617331,7.50246270612965,3.31552677724567,0.00131566268227079,0.00761295489598764,-1.19181448526711,"GABAergic","Crh1"
"Pcolce21",0.361931189741588,7.50237504447698,3.42141664982401,0.000935450697908183,0.0058743132809319,-0.885093976229885,"GABAergic","Pcolce21"
"Tmem2681",0.361903050710258,7.54106327646357,4.53556878243944,1.75046303744497e-05,0.00137217228788588,2.75643092325257,"GABAergic","Tmem2681"
"Rsu11",0.361803962005996,7.60707925696303,3.37182755226408,0.00109841484961711,0.00664907826075286,-0.968252725518853,"GABAergic","Rsu11"
"Mettl181",0.361784551055212,7.5595816188784,3.49204292940096,0.000742251786772561,0.00493932686633595,-0.642871512763704,"GABAergic","Mettl181"
"Asic11",0.361644852373155,7.65634524913823,2.80309273291564,0.00618754786690488,0.0251127627746523,-2.44128377369762,"GABAergic","Asic11"
"Smpdl3b",0.361454163071647,7.51514436699223,3.92670230829216,0.000167477571739474,0.00219999488316634,0.680289126454198,"GABAergic","Smpdl3b"
"Tpbg1",0.361364289036168,7.51493944450446,4.18614365902122,6.54838039184879e-05,0.00188939855984759,1.53950288834972,"GABAergic","Tpbg1"
"Ttc42",0.361340572626957,7.8446052560452,3.02692734011893,0.00321436918730598,0.0150525682723024,-1.80460019759224,"GABAergic","Ttc42"
"Pou2f21",0.36132649758868,7.56052185914988,3.23808851146434,0.00168085441693829,0.00913054035798693,-1.37196083744044,"GABAergic","Pou2f21"
"Brf11",0.361317868805912,7.59405855813947,2.76756356189667,0.00684386748533329,0.026958160948325,-2.57830512276103,"GABAergic","Brf11"
"Ubox51",0.361215417087304,7.50263578131291,3.41383098850926,0.000958810434495577,0.00600902240962228,-0.907198517734196,"GABAergic","Ubox51"
"Lrrc731",0.36119945474136,7.51457919032933,3.92465458779357,0.000168699063683546,0.00219999488316634,0.673467300717875,"GABAergic","Lrrc731"
"Fam58b1",0.361151671465485,7.71419500198863,4.06963589981353,0.000100278277650908,0.00219687906707563,1.18905773875413,"GABAergic","Fam58b1"
"Derl11",0.361054154115408,7.73476936615546,3.71900951519119,0.000345824017993098,0.0028491466021315,0.0926475564854421,"GABAergic","Derl11"
"Rfc31",0.360873956139753,7.61634219311738,3.76839772104602,0.000291701313531251,0.00251510023720272,0.211497707201026,"GABAergic","Rfc31"
"Zfp4621",0.360558987682968,7.74771583813955,3.44223190103519,0.000874073938202731,0.00560626751504063,-0.722918603704915,"GABAergic","Zfp4621"
"Pisd1",0.360397046388274,7.55541193926738,3.69307174484994,0.000377945830744504,0.00303054336721102,-0.0377078653827532,"GABAergic","Pisd1"
"Fkbp71",0.360363838674207,7.62930205830436,3.76941478138223,0.000290676420494365,0.00250798004723802,0.222783792487062,"GABAergic","Fkbp71"
"Dhx351",0.360151636579776,7.59130480002388,3.98750475592297,0.000134831069897184,0.00219999488316634,0.903477260646745,"GABAergic","Dhx351"
"Mapk31",0.359910958921653,7.60799643419446,3.12848240828505,0.00236187164669418,0.0118867838284055,-1.64356786508513,"GABAergic","Mapk31"
"Zkscan61",0.359900217920015,7.52270255532611,3.02059496934774,0.00327599511914588,0.0153070142863059,-1.9792537379879,"GABAergic","Zkscan61"
"Mal1",0.359888518622054,7.51292243932561,4.02189523371685,0.000119162853224456,0.00219999488316634,0.9905491993859,"GABAergic","Mal1"
"Slc7a31",0.359722203125771,7.50260203716847,3.19788250266481,0.00190594513013437,0.0100667466684707,-1.52375602164793,"GABAergic","Slc7a31"
"Gnai21",0.359678384469853,7.64935111049478,3.03533623227689,0.00313419396930733,0.0147428832828097,-1.86354603585087,"GABAergic","Gnai21"
"1600014C10Rik1",0.359589448502354,7.56633015697599,4.92259200723901,3.79771856995799e-06,0.000962104678538417,4.16637924013149,"GABAergic","1600014C10Rik1"
"Tada2a1",0.359349400590819,7.62274453924702,2.7841055188034,0.00653076095110011,0.0261491039502624,-2.52515955187248,"GABAergic","Tada2a1"
"Usp541",0.358839748171417,7.56573980714687,4.92502585338015,3.76062331380131e-06,0.000962104678538417,4.17544709978229,"GABAergic","Usp541"
"Sdhaf11",0.358681289944036,7.54530658090787,3.50790972125309,0.000704365299594376,0.00473538630734608,-0.599860925651498,"GABAergic","Sdhaf11"
"4930522L14Rik1",0.358659137513254,7.54504136821217,3.1610509508348,0.00213654981253567,0.0110439548578218,-1.59136872751489,"GABAergic","4930522L14Rik1"
"Mtmr111",0.35864354274503,7.54471998764468,3.27154664158011,0.0015127523385886,0.00843565347906178,-1.28535272949315,"GABAergic","Mtmr111"
"Dpp101",0.358224179114056,7.79686162528865,3.05662340142116,0.00293944003404941,0.014025805344288,-1.74554927422465,"GABAergic","Dpp101"
"Gm436531",0.358044397720061,7.5016860389335,3.36525293844242,0.00112192430009174,0.00675567897144152,-1.0490400005811,"GABAergic","Gm436531"
"Rnf2141",0.357935286624984,7.66748024158175,3.01013450513399,0.00338019650413201,0.0156899061498578,-1.91622370854319,"GABAergic","Rnf2141"
"Stx4a1",0.357924074927623,7.58471949483528,2.94572858916281,0.00409233478013422,0.0183783034671482,-2.13587597722856,"GABAergic","Stx4a1"
"Alg141",0.357855097514998,7.60316951950259,4.43019635129983,2.62228868984895e-05,0.00150835482310627,2.3939604209473,"GABAergic","Alg141"
"Nkiras21",0.357431060021058,7.54257378004258,3.48566403907196,0.000758018803598255,0.0050283111474077,-0.667024287910888,"GABAergic","Nkiras21"
"Nrf11",0.356971055930593,7.53994481433799,4.51792989258027,1.87367970835653e-05,0.00137217228788588,2.6937085556447,"GABAergic","Nrf11"
"Nos11",0.356944549640404,7.55131287167882,4.4483169983889,2.4471457546243e-05,0.00146435950108917,2.44934460259548,"GABAergic","Nos11"
"Dus21",0.35656551081776,7.6087138079956,3.24102512368096,0.00166542842186864,0.00907780793937202,-1.33752015415764,"GABAergic","Dus21"
"Cops31",0.356437293420102,7.84157512278639,2.9798084592326,0.00369987542447755,0.016898959652699,-1.92429679894319,"GABAergic","Cops31"
"Eogt1",0.356397533474228,7.62004792125793,2.99903811074758,0.00349407954111446,0.0161463389506305,-1.97807801569928,"GABAergic","Eogt1"
"Plod31",0.356340095873999,7.64956764849358,2.46668607563726,0.0155126709756934,0.049748756690634,-3.21278514974586,"GABAergic","Plod31"
"Pcdhb31",0.356222299523869,7.51670884857063,4.21023599124476,5.99072808603619e-05,0.00188939855984759,1.6216155383825,"GABAergic","Pcdhb31"
"Cyb5d21",0.356149239248896,7.54354905085492,2.98507380966616,0.00364243916191757,0.0166910898954804,-2.06485257096365,"GABAergic","Cyb5d21"
"Ppp2r3c1",0.356086192017644,7.58848476084677,4.2242425649364,5.68784195023061e-05,0.00188939855984759,1.68655612375357,"GABAergic","Ppp2r3c1"
"Fkrp1",0.356007997368374,7.63641960418707,4.57951011563199,1.47666659203639e-05,0.0013422808779676,2.91896287558859,"GABAergic","Fkrp1"
"Zfp6681",0.355819570546067,7.50143425461015,3.18017015829412,0.00201377938421002,0.0105365972124863,-1.57350842782531,"GABAergic","Zfp6681"
"Tyw31",0.355723775661785,7.50003931622012,3.71467861466436,0.000351000571107436,0.0028842493113114,0.00131884299603069,"GABAergic","Tyw31"
"Qrsl11",0.355711502361462,7.60584781461668,2.52385515150951,0.0133446102028252,0.0442257444685581,-3.13676957160714,"GABAergic","Qrsl11"
"Thrsp1",0.355403348117577,7.51582436333778,4.19758994323007,6.27748129500768e-05,0.00188939855984759,1.57849236496753,"GABAergic","Thrsp1"
"Map3k91",0.355382477835316,7.51866181962283,3.42470112093182,0.000925503483034922,0.00583360121615844,-0.855434257246126,"GABAergic","Map3k91"
"Hdac71",0.355370977762743,7.54292802104277,3.26237457555488,0.00155719756645666,0.00862242538226573,-1.31212557569811,"GABAergic","Hdac71"
"Tab11",0.355237009830106,7.54422340840832,3.23916231688359,0.00167519829700639,0.00911160317244796,-1.3756398018178,"GABAergic","Tab11"
"Gm47033",0.355076287356816,7.54936572050337,3.19822689451141,0.00190390288370105,0.0100601781149254,-1.48474948058265,"GABAergic","Gm47033"
"Nudt23",0.354824583053577,7.5650312566868,4.95386813047768,3.34703459385965e-06,0.000962104678538417,4.28301300345557,"GABAergic","Nudt23"
"Ptchd11",0.354629108753365,7.56487925160392,3.37459754384984,0.00108864925435319,0.00662498292612904,-0.983478256576839,"GABAergic","Ptchd11"
"Parp13",0.354411635685873,7.66799553867542,2.51395046471302,0.0136995445355833,0.0451407696873511,-3.09430361626919,"GABAergic","Parp13"
"Csnk1g21",0.354358095337652,7.54693733328382,4.58118788964254,1.46708125742104e-05,0.0013422808779676,2.91951534299078,"GABAergic","Csnk1g21"
"Tyk21",-0.353535059516457,7.60308637654754,-2.49290922721739,0.0144818226956888,0.0471092527951565,-3.112100260424,"GABAergic","Tyk21"
"Ndst11",0.353279014340089,7.61139554483558,2.74806214259976,0.00723056760085349,0.0280170593872505,-2.61748571909702,"GABAergic","Ndst11"
"Nt5c31",0.353255010185281,7.63882840209791,2.49718724779191,0.0143196036181009,0.0467074176015579,-3.17386865218592,"GABAergic","Nt5c31"
"Gm106381",0.352681158619021,7.50022581489574,3.29140230089926,0.0014205748945511,0.00810094248377558,-1.26164131473136,"GABAergic","Gm106381"
"Commd101",0.35267215900054,7.58590697293561,2.7795460513167,0.00661572888019766,0.0263566597021412,-2.55386292785911,"GABAergic","Commd101"
"Gsap1",0.352640255052404,7.50096253965374,3.38965726578777,0.00103696895920489,0.0063658372217856,-0.978502559460759,"GABAergic","Gsap1"
"Gpd1l1",0.352474330189642,7.54577541016249,2.94418173501561,0.00411102801035688,0.0184247591505114,-2.16798870495335,"GABAergic","Gpd1l1"
"Eif4e31",0.352421065121712,7.54348218724924,4.5643003403882,1.56637649584495e-05,0.00136080308401095,2.85894453038084,"GABAergic","Eif4e31"
"Trmt2a1",0.352325344284032,7.67203914654532,3.05107451723826,0.002989094803272,0.0142142798175981,-1.83606028715048,"GABAergic","Trmt2a1"
"Lysmd11",0.352320382398077,7.5027210339212,3.91143883947909,0.000176789726547572,0.00219999488316634,0.627069485190561,"GABAergic","Lysmd11"
"Cav21",0.352239618996205,7.50303338550239,3.45713765620694,0.000832476034528573,0.00543916006584877,-0.779663168035158,"GABAergic","Cav21"
"Mn11",0.351990482818861,7.56606442059425,4.98820333716503,2.91225266684365e-06,0.000962104678538417,4.41146946873778,"GABAergic","Mn11"
"Rpp251",0.351980626830439,7.71164974133616,2.47377907324184,0.015227553728373,0.0491094455494917,-3.15821359108456,"GABAergic","Rpp251"
"Trim67",0.351922265366872,7.50054758434611,3.70247901321649,0.000365981202360038,0.00296480077564592,-0.036504116097765,"GABAergic","Trim67"
"Rccd11",0.351822564328335,7.56400692802513,4.95108251252239,3.38496137308366e-06,0.000962104678538417,4.27263171961221,"GABAergic","Rccd11"
"Rpl27-ps31",0.351719440334069,7.49907982284118,3.16554264675651,0.00210709572714579,0.0109230801954138,-1.61494866532284,"GABAergic","Rpl27-ps31"
"1110002E22Rik1",0.351671571712512,7.49979147295867,3.57057684701323,0.000571855426801714,0.00406986599515321,-0.441572349813224,"GABAergic","1110002E22Rik1"
"Ncan1",0.351652088978884,7.5662922628403,2.61552701637646,0.0104316187204402,0.0371941978549067,-2.94756301148642,"GABAergic","Ncan1"
"Thsd7b1",0.351602856301181,7.500813297121,3.43845764622914,0.000884913479532012,0.00565563424741997,-0.835702918716692,"GABAergic","Thsd7b1"
"1700086O06Rik1",0.351601872422247,7.54978333488003,4.57304210709438,1.5141903628538e-05,0.00134325746484996,2.89068799193506,"GABAergic","1700086O06Rik1"
"Ypel11",0.351572569007404,7.50079930387954,3.43846908594957,0.000884880434459804,0.00565563424741997,-0.835674314408014,"GABAergic","Ypel11"
"Nlrc31",0.351557344753657,7.50057118944751,3.29168923365148,0.00141928226517067,0.0080972367275158,-1.26069022454701,"GABAergic","Nlrc31"
"Stxbp41",0.351492517132189,7.56974371919441,2.94942054525432,0.00404803517361017,0.018205319200988,-2.14496653303203,"GABAergic","Stxbp41"
"5830454E08Rik1",0.35134510868636,7.50087467171516,3.3804886716583,0.00106815085158765,0.00651597882685213,-1.00520023424885,"GABAergic","5830454E08Rik1"
"Ptgfrn1",0.351330754169171,7.52025259290111,3.27847625704946,0.00147996414146944,0.00833811139524814,-1.27391420757551,"GABAergic","Ptgfrn1"
"Atp8b21",0.351145613699739,7.63985668628652,2.59009802338778,0.0111758254139826,0.0393355330371443,-2.95677336767804,"GABAergic","Atp8b21"
"Fam57a1",0.350897470640519,7.56839004128982,2.97683747188869,0.00373265221648305,0.0169870736889585,-2.05957803333656,"GABAergic","Fam57a1"
"Alkbh21",0.350845670738313,7.67982402199784,4.16965692579986,6.9584176758241e-05,0.00189320059313944,1.51513174609361,"GABAergic","Alkbh21"
"Gpn31",0.350777945368891,7.54554554299278,2.55034541832752,0.0124355845052739,0.042194124935952,-3.11296162796706,"GABAergic","Gpn31"
"Dek1",0.350721916675464,7.71365085950286,3.12993232691042,0.00235138729710331,0.0118624051988828,-1.5845953306112,"GABAergic","Dek1"
"D830035M03Rik1",0.350702501742719,7.54687809330691,3.25752919053487,0.00158116747780331,0.00871683444984173,-1.32173919086806,"GABAergic","D830035M03Rik1"
"Haus41",0.350542881479882,7.50015561745765,3.77693426341984,0.000283204722072678,0.00246036543720657,0.196590913405187,"GABAergic","Haus41"
"Gm340061",0.350358476537015,7.50003837766243,3.4361046488098,0.000891735181158722,0.00568398958636656,-0.842908809136136,"GABAergic","Gm340061"
"Supt7l1",0.350265588430114,7.63413759822214,3.00931014446111,0.00338853738056516,0.0157162759142045,-1.9499914489648,"GABAergic","Supt7l1"
"Bcl2l21",0.350219325834086,7.68792724403544,2.55066007264655,0.0124251303966854,0.042194124935952,-3.03014332451487,"GABAergic","Bcl2l21"
"Nemp21",0.349968717973958,7.5462506743698,2.68490183226124,0.00862374962227718,0.0318853460498461,-2.79621598876051,"GABAergic","Nemp21"
"Chp11",0.349850920140381,7.73926379566511,2.56710175627002,0.0118897577436293,0.0411244586206751,-2.92891521299879,"GABAergic","Chp11"
"Sncaip1",0.349530797885778,7.50044206044947,3.4262317529364,0.000920901981761303,0.00581192498208774,-0.871773731171825,"GABAergic","Sncaip1"
"Gm2a1",0.349415486276135,7.54390707214241,3.29095700889438,0.00142258311567667,0.00810505631306151,-1.22994840623978,"GABAergic","Gm2a1"
"Jun1",0.349270938950125,7.54134363357702,3.35923588830619,0.00114385369168171,0.00684193967431837,-1.03593024153238,"GABAergic","Jun1"
"Vps521",0.349215541768639,7.58658475762631,3.11954975006236,0.0024274292817031,0.0121246338864449,-1.67763657519533,"GABAergic","Vps521"
"Gm43154",0.349187660757708,7.54531971091357,4.61169284108149,1.30296362351113e-05,0.00129998451754534,3.02866760059995,"GABAergic","Gm43154"
"Gnpda11",0.349150779433197,7.50034428847894,3.60606451174632,0.000507664852627843,0.00373324818946464,-0.333533355054668,"GABAergic","Gnpda11"
"Ss18l11",0.349071511397167,7.59066210230335,2.69873390574428,0.00829928708992098,0.0310964067435261,-2.74467804955035,"GABAergic","Ss18l11"
"Armcx51",0.348890288861798,7.78004660027117,2.64390526097983,0.00965425050290724,0.0349266495075022,-2.76093984586099,"GABAergic","Armcx51"
"Ulk31",0.348681450413868,7.61101237376536,2.94953617483308,0.00404665491258706,0.018205319200988,-2.11348697242814,"GABAergic","Ulk31"
"Adamtsl41",0.348555492716442,7.49968087622446,3.7414049212411,0.000320193664504261,0.00267117853758952,0.0847361144585204,"GABAergic","Adamtsl41"
"Ctxn21",0.348452241481689,7.58676285460756,3.20639583583884,0.00185605582738479,0.00983210061293783,-1.44061911813479,"GABAergic","Ctxn21"
"Pard31",0.348407912957541,7.7108141004511,2.50488705240577,0.0140317340726794,0.0459827664187154,-3.10921444130105,"GABAergic","Pard31"
"Bach11",0.34838170394613,7.5876877819526,3.16477254605514,0.00211211859104927,0.0109401142645755,-1.55387453534483,"GABAergic","Bach11"
"Camsap31",0.34834626698126,7.49941598884752,3.74422392599475,0.000317098572690307,0.00265248633357492,0.0934892549689756,"GABAergic","Camsap31"
"Ptges21",0.348137204238157,7.59286854532891,2.81563407563396,0.00596998947346404,0.0245014462593037,-2.47399136994988,"GABAergic","Ptges21"
"Ppp1r351",0.348040405302103,7.54326176082533,3.47013392297312,0.000797737212114109,0.00525305575588156,-0.712651086754148,"GABAergic","Ppp1r351"
"Borcs51",0.347863378266947,7.64445964308484,3.56924771325234,0.000574402852767714,0.00408568759814505,-0.390272591996564,"GABAergic","Borcs51"
"Irf31",0.347851831730992,7.64182373252566,2.59679962357779,0.0109751798996154,0.0388027901194092,-2.96368516977414,"GABAergic","Irf31"
"Pcdh18",0.347767742648729,7.50240351477837,3.85980896759035,0.000212095857743589,0.00219999488316634,0.460798998934632,"GABAergic","Pcdh18"
"Hist3h2a1",0.34747769962389,7.49935855159641,3.63022972520001,0.000467928928230538,0.00349407273794907,-0.259969575804559,"GABAergic","Hist3h2a1"
"Grpel11",0.34741832313402,7.56502923415316,5.00797324874452,2.68743543295602e-06,0.000962104678538417,4.48570822698971,"GABAergic","Grpel11"
"Ahdc11",0.347246654942674,7.57365613100127,2.64295780091257,0.00967933330290747,0.0349886068499115,-2.90123817344416,"GABAergic","Ahdc11"
"Zbtb411",0.347235037448455,7.56928261378614,3.18616783178126,0.00197664336681863,0.0103835598381211,-1.51222608533921,"GABAergic","Zbtb411"
"Brms1l1",0.347156288365319,7.66670404852349,2.87735625704317,0.00499789506760003,0.0212769463219188,-2.27638848006169,"GABAergic","Brms1l1"
"Jpt21",0.347119756538431,7.4987772930426,3.69776026418982,0.000371937024393748,0.00299954590031245,-0.0517392881046179,"GABAergic","Jpt21"
"Peli21",0.34706744248882,7.54726907001924,3.3848626012789,0.00105316695869943,0.00644395379431483,-0.959703913082604,"GABAergic","Peli21"
"Rmst1",0.346902159842283,7.49872515986783,3.3695857196649,0.00110637865151899,0.00668764485277577,-1.03765479619536,"GABAergic","Rmst1"
"Dhrs12",0.346741404291432,7.6008784042371,2.67015539401656,0.00898231837485377,0.0329091203584329,-2.82567379364168,"GABAergic","Dhrs12"
"Smg71",0.346593690853134,7.6045841210669,3.4358389306605,0.000892508645060971,0.00568398958636656,-0.784925555560878,"GABAergic","Smg71"
"Git11",0.346563782019002,7.56650214487363,5.04041320399349,2.35470644898629e-06,0.000962104678538417,4.607740965922,"GABAergic","Git11"
"Ddx271",0.346525416447166,7.65120974388734,2.89062746560877,0.00480887529837186,0.0205905513710368,-2.23117459764085,"GABAergic","Ddx271"
"Slc24a51",0.346329005610174,7.54324144379342,3.69362910726963,0.000377226714249785,0.00302670377032136,-0.0388942140691464,"GABAergic","Slc24a51"
"9530068E07Rik1",0.346289892994277,7.71793508467005,2.49255955041416,0.014495154706202,0.0471092527951565,-3.11355402236352,"GABAergic","9530068E07Rik1"
"Usp351",0.346098628264344,7.49963415420251,3.69130804607145,0.00038022996999508,0.00304033986846132,-0.0714956154173176,"GABAergic","Usp351"
"Atp7a1",0.346067603258083,7.54179029644545,3.38289777528053,0.00105987329715563,0.00647175178103219,-0.968473805138552,"GABAergic","Atp7a1"
"Brd11",0.346063722923255,7.49879588846343,3.54805193441892,0.000616506596102062,0.00425308520870628,-0.509968794297496,"GABAergic","Brd11"
"Amdhd21",0.346049710499165,7.54179631074746,3.55692834968462,0.00059853080243963,0.00420272715626088,-0.4555158462841,"GABAergic","Amdhd21"
"Chrm11",0.345931952468866,7.66244441440816,2.77954003260352,0.00661584170661035,0.0263566597021412,-2.49444479600373,"GABAergic","Chrm11"
"Kbtbd71",0.345840636129403,7.49848124532456,3.27189506353432,0.00151108763323578,0.00843010226566482,-1.31773101905033,"GABAergic","Kbtbd71"
"Cgref11",0.345764600208589,7.5899496695834,2.63855988250908,0.00979653754440074,0.0352994803909657,-2.88831119751196,"GABAergic","Cgref11"
"Prima11",-0.345719128025151,7.57865885809467,-2.56775117859972,0.0118690446980425,0.0410753725442973,-2.93490107239694,"GABAergic","Prima11"
"Bod11",0.345658749528606,7.60000267157438,4.49054360034398,2.08178802559362e-05,0.0013784186579601,2.60452951684478,"GABAergic","Bod11"
"Gm266731",0.345420056064288,7.49887654239788,3.59147311288988,0.000533184738188818,0.00386007364768077,-0.378474503398366,"GABAergic","Gm266731"
"Zfp5241",0.345306907052322,7.49914900388444,3.59601127672265,0.000525120246838234,0.00382587608410713,-0.36457181857191,"GABAergic","Zfp5241"
"Rbm201",0.345245527278316,7.4988352563588,3.31651072934112,0.00131154194213861,0.00760658096000003,-1.19051306845505,"GABAergic","Rbm201"
"Prps21",0.345030576612591,7.58484985100379,3.30662699052933,0.00135349013710777,0.00778890601057404,-1.16086019948585,"GABAergic","Prps21"
"Rdh111",0.344996769835078,7.49926754496572,3.60217048856288,0.000514359770304947,0.0037711692334656,-0.345769737417033,"GABAergic","Rdh111"
"Tmem561",0.344918506228885,7.70817766272872,2.50361192888058,0.0140790449597864,0.0461018272312008,-3.09749072787456,"GABAergic","Tmem561"
"Sfrp41",0.344877761167886,7.49880442778378,3.54674362676128,0.000619198861513607,0.00426932022905687,-0.513908440940574,"GABAergic","Sfrp41"
"Gm291071",0.344832851931187,7.49868952209226,3.62497623419427,0.000476308112661682,0.00354403620507927,-0.276292625978023,"GABAergic","Gm291071"
"Ttc271",0.344817959474457,7.49902279251702,3.68962446011654,0.000382422586425716,0.00304145795221459,-0.0769177548833841,"GABAergic","Ttc271"
"Spint21",0.34480966050604,7.49803297209524,3.69051260222661,0.000381264422891833,0.00304145795221459,-0.074488635804367,"GABAergic","Spint21"
"Whrn1",0.344674868566385,7.5662995854338,3.17476827852923,0.00204778246326341,0.0106682860586142,-1.54700988239268,"GABAergic","Whrn1"
"Rspo11",0.34434943410078,7.52604969003699,2.91985413738548,0.00441557004673561,0.0192600193485902,-2.23553555485337,"GABAergic","Rspo11"
"Tepsin1",0.344194089083665,7.49893586994988,3.53958769421541,0.000634122327288765,0.00433190832801333,-0.535407288916335,"GABAergic","Tepsin1"
"Tarsl21",0.344121689892696,7.70313463823535,3.28923796304785,0.00143036082188307,0.00812364980760191,-1.16178249936681,"GABAergic","Tarsl21"
"Cd24a",0.344121103660011,7.50214239738785,3.90949875140484,0.000178008223479803,0.00219999488316634,0.620604581959363,"GABAergic","Cd24a"
"Map3k131",0.344089190381448,7.55916363268752,4.95666680496257,3.30934727274039e-06,0.000962104678538417,4.29359040429097,"GABAergic","Map3k131"
"Mcl11",0.343986614635952,7.49858753548089,3.90649926889104,0.000179907897820239,0.00219999488316634,0.609864249468912,"GABAergic","Mcl11"
"Trmt10b1",0.343889261231549,7.68244094076619,3.42380467975241,0.000928208478309063,0.00584339940092917,-0.796007631490784,"GABAergic","Trmt10b1"
"Scpep11",0.343795407340086,7.58103197016102,3.24664818996583,0.00163625932400079,0.00894228143359565,-1.3292350630951,"GABAergic","Scpep11"
"Gm267211",0.343776112318227,7.54710534242801,2.61922573988903,0.0103271874249764,0.0369158853553994,-2.94897599301387,"GABAergic","Gm267211"
"Ppp1r81",0.343715730756286,7.61169782313783,2.97983696906439,0.00369956218817914,0.016898959652699,-2.03507248489155,"GABAergic","Ppp1r81"
"Uchl51",0.343580185093628,7.80921072993578,2.54898260301408,0.0124809543038572,0.0422982462646461,-2.93655829995389,"GABAergic","Uchl51"
"Slc22a51",0.343559839378411,7.51986474601024,4.22261881969683,5.72218434535067e-05,0.00188939855984759,1.66445826683266,"GABAergic","Slc22a51"
"9330104G04Rik1",0.343517692040774,7.49795176114428,3.78587229466054,0.000274561360713653,0.00240017311652317,0.224134607531875,"GABAergic","9330104G04Rik1"
"Aip1",0.343367946405654,7.66280791648328,3.22005859064666,0.00177853212539532,0.00949731631352474,-1.36601545870562,"GABAergic","Aip1"
"Shank21",0.343265727810795,7.55964576796,4.96367678806107,3.21675628040584e-06,0.000962104678538417,4.31979490410768,"GABAergic","Shank21"
"Nipa11",0.343203616554544,7.55520861346169,4.92917899779352,3.69813714140186e-06,0.000962104678538417,4.19102015674723,"GABAergic","Nipa11"
"Synpo1",0.343197297813274,7.54072357913711,3.4951576011938,0.000734666080087666,0.00491220202275177,-0.641742633194711,"GABAergic","Synpo1"
"Mfsd101",0.343145630299005,7.6176075669427,2.87861498335841,0.00497967837130224,0.021236018328445,-2.28919227670375,"GABAergic","Mfsd101"
"Zc3h101",0.343094359212288,7.49818756946626,3.7639639527698,0.000296209558180028,0.00254179278228461,0.155110834048081,"GABAergic","Zc3h101"
"Dennd2a1",0.343017604705881,7.49778568104931,3.68211399707911,0.000392350968118515,0.00310198557977486,-0.100609434695254,"GABAergic","Dennd2a1"
"Rhbdd11",0.342853855821769,7.49808797261401,3.31617266988687,0.00131295635038849,0.00760903801051961,-1.19177947720104,"GABAergic","Rhbdd11"
"Megf111",0.342725352479903,7.49835215379207,3.53451454943384,0.00064490753491171,0.00438182320241791,-0.550871580600649,"GABAergic","Megf111"
"Zbtb451",0.342558063157941,7.49808745018683,3.91302267028764,0.000175800896335048,0.00219999488316634,0.630812923008193,"GABAergic","Zbtb451"
"C330018D20Rik1",0.342539201329686,7.59170792059072,2.92697978820578,0.00432428253387343,0.0190464989787425,-2.17896674424346,"GABAergic","C330018D20Rik1"
"Uros1",0.342399203813621,7.64976950117336,2.94387627165251,0.00411472873615961,0.0184247591505114,-2.09845891287456,"GABAergic","Uros1"
"Brip1os1",0.342394099493613,7.50116516292836,3.80300942892404,0.000258687122539407,0.00233095971575745,0.279352784668473,"GABAergic","Brip1os1"
"Lama5",0.342347774739749,7.49883613067079,3.89328710321584,0.000188508668913474,0.00219999488316634,0.56729343816298,"GABAergic","Lama5"
"Inpp4b1",0.342339360726608,7.73288750667882,3.03564426012934,0.00313129254359105,0.0147347374567114,-1.82939258953049,"GABAergic","Inpp4b1"
"Zfp4551",0.342275690631963,7.49839020407785,3.5926916630743,0.000531007882629381,0.00385286830185139,-0.374937189026346,"GABAergic","Zfp4551"
"Fn3krp1",0.342122935552839,7.49757463247495,3.6811071621723,0.000393700406434007,0.00310742106506841,-0.103798838918557,"GABAergic","Fn3krp1"
"5730522E02Rik1",0.341956285223324,7.55860402108421,3.21804785627902,0.0017897481542712,0.00954103152744577,-1.42849211839342,"GABAergic","5730522E02Rik1"
"Dpysl51",0.341931596678329,7.64001294687974,3.88150741882857,0.000196506968624639,0.00219999488316634,0.571649356434954,"GABAergic","Dpysl51"
"Pld61",0.341660756954113,7.49804462037302,3.60062770093137,0.000517035321406914,0.0037844822450685,-0.350894894166036,"GABAergic","Pld61"
"Gm100101",0.341478854276669,7.49755582706199,3.6146226488223,0.000493240035212635,0.00364419045370883,-0.308357695234116,"GABAergic","Gm100101"
"Tmem641",0.34144971869202,7.54003808748225,3.40501209873787,0.000986658015133381,0.00616820397847901,-0.905305462052581,"GABAergic","Tmem641"
"Zbtb391",0.341411299919397,7.49779491278355,3.75876840545395,0.000301576790292328,0.00256802247317156,0.138641517337567,"GABAergic","Zbtb391"
"Mkrn21",0.341333990012397,7.53152699618185,4.48411657656558,2.13377501232214e-05,0.0013784186579601,2.57313682682818,"GABAergic","Mkrn21"
"Gm125761",0.341320710843436,7.49749549343066,3.61515074446553,0.000492362771834254,0.00364078335113377,-0.306764755186585,"GABAergic","Gm125761"
"Pdzd81",0.341306790719931,7.73374039715513,3.81868934074843,0.000244932290749635,0.00230437820102841,0.397222182997485,"GABAergic","Pdzd81"
"Tmpo1",0.341098263438798,7.56977151175274,3.23156489539436,0.00171560224829853,0.00923418620792419,-1.38690110568051,"GABAergic","Tmpo1"
"Cbx81",0.341077080508339,7.52016922863556,4.23110368270231,5.54490675614661e-05,0.00188939855984759,1.69340538460512,"GABAergic","Cbx81"
"Nrp11",0.341024512473378,7.4973948822772,3.69800365559386,0.000371627585677797,0.00299954590031245,-0.0514394836898564,"GABAergic","Nrp11"
"Togaram2",0.340912362293877,7.49827287470322,3.67703467058004,0.000399203782486693,0.0031259384294643,-0.116173074047556,"GABAergic","Togaram2"
"Slc25a421",0.340908841598875,7.67999909678538,3.83176447298378,0.000233998414511686,0.00225228369664635,0.427151489047083,"GABAergic","Slc25a421"
"Glod41",0.340891030717167,7.63112926900143,2.56144224131409,0.0120716492881718,0.0415028837563047,-3.0265536583457,"GABAergic","Glod41"
"Haus71",0.340699867310796,7.4975800088096,3.6034384956165,0.000512170579223982,0.0037576079129205,-0.34248980469848,"GABAergic","Haus71"
"Uhrf1bp11",0.340666588213415,7.58558034595441,4.10148580790125,8.93143673540472e-05,0.0020592534308767,1.27572813676274,"GABAergic","Uhrf1bp11"
"Bcl2l111",0.340597647322652,7.54938784282677,3.05069538265899,0.00299251576074485,0.01422142758363,-1.88518911699454,"GABAergic","Bcl2l111"
"Lims11",0.340478979034929,7.61454501024276,4.25613211218021,5.05225124956935e-05,0.00188939855984759,1.79754910422892,"GABAergic","Lims11"
"Med91",0.340381017516086,7.56966418525865,2.85180605401996,0.00538116060796331,0.0226051565526256,-2.39402954931265,"GABAergic","Med91"
"Gpc31",0.340300287377442,7.55445524953785,4.68925848206161,9.61818493028756e-06,0.0011218544033966,3.30903574936704,"GABAergic","Gpc31"
"Zfp7121",0.340285321458375,7.53885564348958,3.54934450738584,0.000613857585371277,0.00424177948596927,-0.479238198742335,"GABAergic","Zfp7121"
"Rac31",0.340270305346593,7.65055997568348,2.7026873802157,0.00820861141294293,0.0308392120396189,-2.70795472787346,"GABAergic","Rac31"
"Zhx31",0.340179615983322,7.70692414232429,2.79842117160338,0.00627042487731059,0.0253656204815291,-2.43443020904279,"GABAergic","Zhx31"
"Pradc11",0.340159272450364,7.53807836462848,4.57655296812298,1.49370911720921e-05,0.00134325746484996,2.90223718848131,"GABAergic","Pradc11"
"Gm459021",0.340151244829975,7.49805495846682,3.68948028963208,0.000382610904013017,0.00304145795221459,-0.0776841365355097,"GABAergic","Gm459021"
"Gatb1",0.340123408021234,7.49744096411756,3.58358961085461,0.00054747360771537,0.00392517076630081,-0.402936783740168,"GABAergic","Gatb1"
"Pigo1",0.340117079446129,7.49723575359951,3.59808993853243,0.000521465093028367,0.00381026437173918,-0.358910487729989,"GABAergic","Pigo1"
"Bcr1",0.339861473596181,7.67295769805698,2.77833097204558,0.00663854237385407,0.0264220278936619,-2.49762586376484,"GABAergic","Bcr1"
"Ccdc841",0.339781515077361,7.54492721993834,3.14056502345778,0.002275815880742,0.0115645230535325,-1.64640693382407,"GABAergic","Ccdc841"
"Kdm5c1",0.339684820982939,7.75466861248599,2.88571026796577,0.00487812985701045,0.0208516463551953,-2.19659811621469,"GABAergic","Kdm5c1"
"Ubl4a1",0.339613171358624,7.54519416722255,3.37377653005062,0.00109153519142555,0.006632774781297,-0.992126098707883,"GABAergic","Ubl4a1"
"2410131K14Rik1",0.339477899778625,7.53797574823094,3.43649728920904,0.000890593422507391,0.00568040776877246,-0.813950854249406,"GABAergic","2410131K14Rik1"
"Ehbp1l11",0.339259878097582,7.49686576530295,3.9010134314227,0.000183432496872982,0.00219999488316634,0.591645881579461,"GABAergic","Ehbp1l11"
"Osbp1",0.339235456152417,7.62649678036704,2.62053170642369,0.0102905407555346,0.0368266880390539,-2.93166748909739,"GABAergic","Osbp1"
"Lrrk21",0.339085922392511,7.61805508930937,3.08181279648004,0.00272350470216283,0.0131903070869455,-1.76440163918227,"GABAergic","Lrrk21"
"Slc5a61",0.33907917838152,7.53912181492454,3.09495550437634,0.00261677872005038,0.0127864862437838,-1.77381112761343,"GABAergic","Slc5a61"
"Zfp401",0.339038791599293,7.6125742370988,2.74665057261009,0.00725931743384969,0.0280858845807955,-2.62114777926824,"GABAergic","Zfp401"
"Wdr811",0.338990427066988,7.49727468706679,3.51818400465279,0.000680814899962589,0.00460097923542314,-0.600262219334903,"GABAergic","Wdr811"
"Rasl11a1",0.33894678856566,7.5543245652774,4.67449010850228,1.01926342408863e-05,0.00116724194120405,3.2555734291249,"GABAergic","Rasl11a1"
"Pef11",0.338898382100892,7.53860889029054,4.59776008345312,1.37558498875459e-05,0.00131274576540466,2.97818654186658,"GABAergic","Pef11"
"Fxyd61",0.338881632720753,7.55555137164519,2.72513458590496,0.00771064029485715,0.0293624352461655,-2.71103837859786,"GABAergic","Fxyd61"
"Hdac101",0.338850129541492,7.49785048708793,3.72595767061932,0.000337670515676968,0.00279476707357606,0.0358166222494951,"GABAergic","Hdac101"
"H1f01",0.338594022221363,7.58252635252774,3.28309548490359,0.00145847880749114,0.00823877019639724,-1.22781881209053,"GABAergic","H1f01"
"Tcof11",0.338478917795821,7.53816526832541,4.61850053663157,1.26884591792013e-05,0.00129467622078091,3.05258936580011,"GABAergic","Tcof11"
"Ephb11",0.338357561003274,7.55552790116875,4.99538957927498,2.82848839472167e-06,0.000962104678538417,4.43875000724011,"GABAergic","Ephb11"
"Rimkla1",0.338293910636264,7.5442672793293,3.53597731530403,0.000641780117693558,0.00436764135201824,-0.516285151572786,"GABAergic","Rimkla1"
"Brcc31",0.33788724750642,7.80930787790078,2.62806595010954,0.0100814106371041,0.0362120130583407,-2.77432866199258,"GABAergic","Brcc31"
"Daam21",0.337857238364411,7.4968621543317,3.59836223314834,0.00052098807490243,0.00380898826439113,-0.358213494228925,"GABAergic","Daam21"
"Thap121",0.337826142565455,7.69095941887003,2.92495975758491,0.00434998312826908,0.0190983831178579,-2.13121500830816,"GABAergic","Thap121"
"Gm488931",0.337752113284952,7.55380979721662,2.93767853238191,0.00419048193941959,0.01863307482911,-2.17660237482158,"GABAergic","Gm488931"
"Gm81861",0.337750534765696,7.5206401959562,4.43749899163459,2.55029507020579e-05,0.00149423567438987,2.40739253935536,"GABAergic","Gm81861"
"Pex11b1",0.337715584887022,7.49657887769455,3.51539921549639,0.000687123536725861,0.00463863622300947,-0.608859075062619,"GABAergic","Pex11b1"
"Plpp41",0.337304740266398,7.49749281555396,3.88543130884062,0.000193807346607618,0.00219999488316634,0.541594831912119,"GABAergic","Plpp41"
"Ebf41",0.337208451974283,7.53974544637672,4.64814300547199,1.13012257987685e-05,0.00123792644684423,3.15944006878618,"GABAergic","Ebf41"
"Twistnb1",0.337188170716005,7.7391867693034,3.17782203511539,0.00202849482994531,0.0105897013563287,-1.45337156674546,"GABAergic","Twistnb1"
"Mtx11",0.33697741329888,7.67042728739018,2.51990659634775,0.0134851042695963,0.0445538540761422,-3.09861003881185,"GABAergic","Mtx11"
"Foxred21",0.336856275645538,7.68233887693157,3.56233640359712,0.000587823154006363,0.00414602926708744,-0.392198538422302,"GABAergic","Foxred21"
"Cox101",0.336848859529663,7.61221525372746,2.86298128439447,0.0052103226447609,0.0220323713850463,-2.33171765318131,"GABAergic","Cox101"
"Sarm11",0.336699155887641,7.53848235524716,4.60142961765452,1.35608644099655e-05,0.00131274576540466,2.99133146806633,"GABAergic","Sarm11"
"Grpr",0.336602461653566,7.49586038154324,3.88900853250651,0.000191377128991366,0.00219999488316634,0.552627955158994,"GABAergic","Grpr"
"Coprs1",0.336557830528593,7.67523900255325,3.49548774444519,0.000733866328671651,0.00491043618501175,-0.595916028808896,"GABAergic","Coprs1"
"Numbl1",0.33646767341358,7.54040086155019,3.29098177532178,0.00142247135180525,0.00810505631306151,-1.23118401845694,"GABAergic","Numbl1"
"Park21",0.336417468300052,7.57055272444358,2.94626957256469,0.0040858157004606,0.0183555707484672,-2.15270749210444,"GABAergic","Park21"
"Cep1921",0.336404107859644,7.57095789412981,2.61674502715678,0.0103971238917448,0.0371132246144259,-2.94346759175815,"GABAergic","Cep1921"
"Anapc151",0.336381856470132,7.54817748983427,3.15068134981354,0.00220601976117663,0.0113332915707757,-1.61465407022582,"GABAergic","Anapc151"
"1700088E04Rik1",0.336264469938134,7.49653193328112,3.66154176334573,0.000420815113165604,0.00322249725261223,-0.164635798188109,"GABAergic","1700088E04Rik1"
"Olfm21",0.336194076935481,7.60562054123659,2.8217222353406,0.00586692274158736,0.024207542016304,-2.43572800063788,"GABAergic","Olfm21"
"Pym11",0.335948109206792,7.56449853079612,3.14308993435457,0.00225820558058742,0.0115075306224352,-1.63419146231246,"GABAergic","Pym11"
"2900076A07Rik1",0.335869255267903,7.4984830706627,3.68490136707402,0.000388637997009917,0.00307710424156752,-0.0917404201540348,"GABAergic","2900076A07Rik1"
"Arhgap61",0.335834412690075,7.56278365654428,5.11220859016246,1.75487415121814e-06,0.000927482929364106,4.87971684361509,"GABAergic","Arhgap61"
"6230400D17Rik1",0.335786568073772,7.66001601900054,2.59142017360015,0.0111359800180701,0.0392391441363996,-2.94178753964207,"GABAergic","6230400D17Rik1"
"Unc13b1",0.335760367200335,7.5508701075713,2.95606439927954,0.0039694287241366,0.017915762679308,-2.13128524301877,"GABAergic","Unc13b1"
"Rfk1",0.335362745422262,7.53808310735832,4.62056585137302,1.25866772405644e-05,0.00129467622078091,3.06000659416664,"GABAergic","Rfk1"
"Rpusd31",0.33533011474023,7.5204646644729,4.27846794214612,4.64842935069258e-05,0.00188939855984759,1.855360272402,"GABAergic","Rpusd31"
"mt-Cytb1",0.335246213467355,7.50459140401981,4.0410765583265,0.000111198152606657,0.00219999488316634,1.05157641524231,"GABAergic","mt-Cytb1"
"Tstd21",0.335209110425693,7.49626303553587,3.66310549011994,0.000418584456190907,0.00320931734305348,-0.159903182494862,"GABAergic","Tstd21"
"Snx251",0.334998185179784,7.5341460037486,3.07097457479972,0.00281454367324029,0.0135375359495258,-1.8417600139485,"GABAergic","Snx251"
"Nt5dc2",0.334919568850558,7.54371150800742,3.27266371444678,0.00150742120446719,0.00842359736675024,-1.2802591800193,"GABAergic","Nt5dc2"
"Kcnd11",0.334899348839385,7.49617380791811,3.58315636252373,0.000548269290417126,0.00392640605536358,-0.40470686251225,"GABAergic","Kcnd11"
"Prkd11",0.334850273092274,7.52901321906863,2.8268239187683,0.00578181442304726,0.0239137416754912,-2.4741671603417,"GABAergic","Prkd11"
"Adamts8",0.334636837861041,7.52153251309952,4.28382436611364,4.55631585044718e-05,0.00188939855984759,1.87396495356498,"GABAergic","Adamts8"
"Ppil61",0.334500156017201,7.49592469297011,3.76442154846086,0.000295741224003333,0.00253950388464212,0.15582241272097,"GABAergic","Ppil61"
"Gm117671",0.33446960092926,7.49603938883932,3.65288499517533,0.000433369544304019,0.00328666836219008,-0.191493727981072,"GABAergic","Gm117671"
"B3galt51",0.334449973563733,7.65298860608798,2.78097901631267,0.00658891661034284,0.026322685980101,-2.50018381222299,"GABAergic","B3galt51"
"Invs1",0.334252110512318,7.70414076674737,3.0506577189783,0.0029928558009211,0.01422142758363,-1.80249640352269,"GABAergic","Invs1"
"Lrrc62",0.334039325215291,7.49535873868416,3.65383352340773,0.000431976801244149,0.00328203363406065,-0.188813057088991,"GABAergic","Lrrc62"
"Ccdc571",0.333956608901428,7.54696974231242,3.21822213071803,0.00178877342869687,0.00953987251536598,-1.4289474530808,"GABAergic","Ccdc571"
"Pa2g41",0.333915505206105,7.84078823622471,2.80143209747761,0.0062168932435267,0.0251733218221491,-2.36504279048296,"GABAergic","Pa2g41"
"Gm266061",0.333896345631322,7.49577487274478,3.65308528493271,0.000433075100406514,0.00328666836219008,-0.190970320276366,"GABAergic","Gm266061"
"Zfp9561",0.33376584541777,7.58589864257873,3.15028507697442,0.00220871583619905,0.0113425166688135,-1.59221099948101,"GABAergic","Zfp9561"
"Pogk1",0.333717898350939,7.59230191873139,2.52002420469536,0.0134809005075942,0.0445538540761422,-3.16078410403669,"GABAergic","Pogk1"
"AW1461541",0.333674306768676,7.54162418666101,2.9842927698769,0.00365090663081373,0.0167116536440264,-2.06532719769098,"GABAergic","AW1461541"
"Tbc1d21",0.333638163001566,7.49557342566126,3.8634689492335,0.000209386138497473,0.00219999488316634,0.470446408721476,"GABAergic","Tbc1d21"
"Ntn1",0.333184005120217,7.50208451364036,3.85241290444802,0.000217674148606719,0.00219999488316634,0.437011723597718,"GABAergic","Ntn1"
"Ssx2ip1",0.332457274101494,7.61330421613205,2.8688648914362,0.00512239397472509,0.0217261942422936,-2.31698942247525,"GABAergic","Ssx2ip1"
"Dgcr141",0.332392592446033,7.54476690535146,4.70107173926836,9.18142880907874e-06,0.00111773131656671,3.35129738062274,"GABAergic","Dgcr141"
"Lsm14b1",0.332238243532996,7.49311000540342,3.55041154954552,0.0006116788953945,0.00424177948596927,-0.504979097101649,"GABAergic","Lsm14b1"
"Lrrc8a1",0.332186219480691,7.54217658323958,4.67941283076498,9.99754867800563e-06,0.0011554047770352,3.27261828090983,"GABAergic","Lrrc8a1"
"Mia",0.332156455457975,7.55383519552423,4.73991077712385,7.87704415437836e-06,0.000992271252127042,3.49309563540114,"GABAergic","Mia"
"1700052K11Rik1",0.331841006343139,7.49426852361002,3.63520066921122,0.000460129262387048,0.00345838205148547,-0.246509165531287,"GABAergic","1700052K11Rik1"
"Ccdc1371",0.331677639174282,7.49298937811985,3.55482947873702,0.00060273594722083,0.00421624062506491,-0.491693330227858,"GABAergic","Ccdc1371"
"Slc35c11",0.331541012587955,7.52107454094983,3.21897530588286,0.001784566583692,0.00952550222659665,-1.44092273672011,"GABAergic","Slc35c11"
"Tmem41a1",0.331366675868181,7.54700203275189,2.81721772127181,0.0059430214538057,0.0244255273258044,-2.48889291005612,"GABAergic","Tmem41a1"
"Fam171a21",0.331334645805627,7.49411801334497,3.71798195331697,0.000347045612825031,0.00285547588814952,0.0096496619451214,"GABAergic","Fam171a21"
"Gm456091",0.331330466113721,7.49410171071941,3.70801928815653,0.000359104157520661,0.00292791914063933,-0.0214136298314234,"GABAergic","Gm456091"
"Nespas",0.331330466113721,7.49410171071941,3.70801928815653,0.000359104157520661,0.00292791914063933,-0.0214136298314234,"GABAergic","Nespas"
"Phf5a1",0.331249023902269,7.61528483893671,3.24581983914911,0.00164052608869451,0.00895394590090325,-1.31763890113545,"GABAergic","Phf5a1"
"Bmt21",0.331238177928627,7.66126795884143,2.64487017672316,0.00962876613933653,0.0348644918244387,-2.81182588133388,"GABAergic","Bmt21"
"Rnf1451",0.330829776354363,7.73216541293896,2.6081722980705,0.0106421173888782,0.0378269618362582,-2.85352557337434,"GABAergic","Rnf1451"
"Myo3b",0.3306381584533,7.49373919893456,3.70651959258642,0.000360953480165207,0.00293743263887385,-0.0262130904952764,"GABAergic","Myo3b"
"Zfp6291",0.330522843617539,7.56691083429631,3.89081155827475,0.000190163288771619,0.00219999488316634,0.586724459071957,"GABAergic","Zfp6291"
"Tmem1381",0.330370765943261,7.54908340548213,2.83947933435314,0.00557555432663302,0.0232644113456761,-2.43208803615039,"GABAergic","Tmem1381"
"Thap111",0.330228201418872,7.49350920685088,3.62508997058949,0.000476125208818616,0.00354403620507927,-0.277797109764474,"GABAergic","Thap111"
"Sgpp21",0.33021263812093,7.60873660353496,2.49588589431793,0.0143687766048938,0.0468193168370013,-3.18299110557268,"GABAergic","Sgpp21"
"Bcap311",0.330203050234073,7.91355383987474,2.53871840617741,0.0128274769639262,0.0429640327877102,-2.92403373774438,"GABAergic","Bcap311"
"Phactr41",0.330118826003908,7.56647447234379,2.62010220383902,0.0103025800037888,0.036838376471112,-2.94283541256215,"GABAergic","Phactr41"
"Arsk1",0.330030199683971,7.52098950736515,4.29063728579405,4.44169498408989e-05,0.00188939855984759,1.89725264603009,"GABAergic","Arsk1"
"Ngf",0.329808959208701,7.51775474834898,4.25007290455519,5.1674997111089e-05,0.00188939855984759,1.75754869118083,"GABAergic","Ngf"
"Rnd31",0.329804993102226,7.59538997468448,2.59690896517796,0.0109719333683693,0.0388027901194092,-2.95164771497362,"GABAergic","Rnd31"
"Sec11a1",0.329622148480048,7.67772147420328,3.01816571783533,0.00329992533251854,0.0153902848625457,-1.91305831370658,"GABAergic","Sec11a1"
"Gba1",0.32948420977347,7.57145640358973,2.5416213056754,0.0127286067945824,0.0427465368678631,-3.11956566854938,"GABAergic","Gba1"
"Timm501",0.329467017028423,7.64102198774252,2.61148808422863,0.0105467457624265,0.0375091350562637,-2.92861401436522,"GABAergic","Timm501"
"Yeats21",0.329443119099878,7.60461587113762,4.57086732965326,1.52701354646843e-05,0.00134516011502537,2.88812749196775,"GABAergic","Yeats21"
"Upf3a1",0.32932753485696,7.56419560213737,3.78417175233833,0.000276186239439439,0.00240936153616248,0.248492863341458,"GABAergic","Upf3a1"
"Hemk11",0.32909074153032,7.49849839875355,3.94383089511293,0.000157586195903338,0.00219999488316634,0.730872375420415,"GABAergic","Hemk11"
"Wif1",0.329007066163725,7.51767066772467,4.24837112133533,5.200321133559e-05,0.00188939855984759,1.75171596944287,"GABAergic","Wif1"
"Echdc21",0.328941824405174,7.49443342430398,3.87886361614465,0.000198346106390989,0.00219999488316634,0.51952895469921,"GABAergic","Echdc21"
"Gm10371",0.328861861646906,7.49260230022112,3.53637671378682,0.000640928692524299,0.00436656502959902,-0.547456506399444,"GABAergic","Gm10371"
"Otud51",0.328821641637714,7.51908741631662,3.22992708746614,0.00172443083711525,0.00925944384277099,-1.41195621477222,"GABAergic","Otud51"
"Slain11",0.328777351288776,7.53989844764505,3.34387466719789,0.00120167865582505,0.00708132782509777,-1.07799251449647,"GABAergic","Slain11"
"Gorab1",0.328775012681659,7.65461122739628,3.7104214129906,0.000356160773491229,0.0029152418867245,0.0414875183030219,"GABAergic","Gorab1"
"Pum11",0.328693872884251,7.87976005320244,2.47818421883621,0.0150528499296462,0.0486207052727572,-3.06458302989444,"GABAergic","Pum11"
"Ccdc1421",0.328485183873885,7.4925147711343,3.71115214669483,0.000355269945963613,0.00291362988886956,-0.0122247570321026,"GABAergic","Ccdc1421"
"Pir1",0.328457432249082,7.49313631637036,3.67680185954893,0.00039952058993709,0.0031259384294643,-0.118690927358512,"GABAergic","Pir1"
"Cbln21",0.328277920301415,7.53283628554906,4.65983712401629,1.07954475668687e-05,0.00122513741441302,3.20115370891391,"GABAergic","Cbln21"
"Golt1b1",0.328219644534335,7.58821440639312,4.00846024819316,0.000125064067117634,0.00219999488316634,0.971015245028715,"GABAergic","Golt1b1"
"Gid41",0.328187593015266,7.58761826652807,4.01932424129055,0.000120271089918013,0.00219999488316634,1.00625775909352,"GABAergic","Gid41"
"Elk41",0.32801629437818,7.56641914511022,2.83869975756929,0.00558806230435292,0.0232934549463712,-2.41165430149626,"GABAergic","Elk41"
"Ugdh1",0.327938170435684,7.70682548350098,2.70034765486169,0.00826216516672111,0.0310034240706541,-2.69157142731911,"GABAergic","Ugdh1"
"Pcdhga121",0.327725373578504,7.54593840521597,4.74182089951,7.81777122261276e-06,0.000992271252127042,3.49966911600915,"GABAergic","Pcdhga121"
"Socs41",0.327676421156377,7.58323072186442,2.9979302411888,0.00350564244762025,0.0161938312844416,-1.99771177701266,"GABAergic","Socs41"
"Grb101",0.327667069536272,7.61350872692123,2.55368012710018,0.0123251934753776,0.041973631308281,-3.09109005131992,"GABAergic","Grb101"
"Rai21",0.327654661168234,7.60994424572516,3.3171841270038,0.00130872876918459,0.00759726097023881,-1.12232946769112,"GABAergic","Rai21"
"Csrnp21",0.327640935981689,7.53946516300125,3.3440545109894,0.00120098605727049,0.00708132782509777,-1.08030543149106,"GABAergic","Csrnp21"
"Sstr21",0.327550217172184,7.49210205064422,3.61836159528501,0.000487060711293271,0.00360699810709073,-0.298932802220598,"GABAergic","Sstr21"
"Mxi11",0.327251139936331,7.51888582540064,4.29117577732739,4.43275488272668e-05,0.00188939855984759,1.898657069078,"GABAergic","Mxi11"
"Sdr42e11",0.327142850994639,7.49220265471351,3.7060694706851,0.00036151030373522,0.00293992594974343,-0.0281716962375702,"GABAergic","Sdr42e11"
"Mcm81",0.327123765509353,7.4926474846913,3.62286948849145,0.000479708120275845,0.00355463717124401,-0.284925048583501,"GABAergic","Mcm81"
"Galnt181",0.327065012261816,7.52185842491677,4.32649855508182,3.8827412935463e-05,0.00180638760156399,2.02099259181271,"GABAergic","Galnt181"
"Plekhg41",0.326836300954966,7.49213153870827,3.60713669244736,0.0005058360218527,0.00372632536098156,-0.333224684783191,"GABAergic","Plekhg41"
"Washc51",0.326827931058091,7.60691788893888,2.78423549076718,0.00652835355072106,0.0261487026004557,-2.52992279162454,"GABAergic","Washc51"
"Mta31",0.326750173831937,7.51961924082357,4.29121376959614,4.43212478606699e-05,0.00188939855984759,1.89894576758504,"GABAergic","Mta31"
"Adra2c1",0.326625897898012,7.49201981352315,3.60652346484486,0.000506881245468232,0.00373089958562488,-0.335140282872912,"GABAergic","Adra2c1"
"Apaf11",0.326624604726454,7.58512769078937,2.68676713178799,0.00857933252343115,0.0317584048773618,-2.77381604516229,"GABAergic","Apaf11"
"Ttf11",0.326592459229992,7.49200204011353,3.60642497718375,0.000507049304643153,0.00373089958562488,-0.335447858194152,"GABAergic","Ttf11"
"Cntn31",0.326471264127402,7.61343341370319,2.72122114946846,0.00779542569186881,0.0296140876784272,-2.67799011420643,"GABAergic","Cntn31"
"Gmeb21",0.326419811810576,7.5439646750679,4.69469633677821,9.41468884781007e-06,0.00111773131656671,3.32811690823897,"GABAergic","Gmeb21"
"Ikzf51",0.326418587819856,7.58796932631744,2.82000798010923,0.0058957773018997,0.0243106732150673,-2.46584500147918,"GABAergic","Ikzf51"
"Dedd1",0.326342821359953,7.5531177266471,2.67067552405994,0.00896944425161266,0.0328740440027829,-2.83991853646652,"GABAergic","Dedd1"
"Msh31",0.326300566049857,7.67743398793423,2.59349231869076,0.0110737901700786,0.0390746596001344,-2.93458904651881,"GABAergic","Msh31"
"Gm364951",0.326251105836388,7.49182038979887,3.60540227283888,0.000508797569258759,0.00373939497080081,-0.338640400245526,"GABAergic","Gm364951"
"Ier31",0.326013304132473,7.5348925928742,3.45039188129356,0.000851064972288569,0.00550635103026148,-0.774675978967061,"GABAergic","Ier31"
"Dgkg1",0.325816786725532,7.64312069554994,2.4667942518475,0.0155082869961258,0.0497473621823774,-3.22843821674429,"GABAergic","Dgkg1"
"Zswim41",0.325754521236845,7.54147852425011,4.72762843477621,8.26874158468627e-06,0.0010277942379338,3.4477158520173,"GABAergic","Zswim41"
"Zdhhc141",0.325583865005514,7.56954605351438,2.54031326594474,0.0127730722853338,0.0428615853964703,-3.12050870871392,"GABAergic","Zdhhc141"
"Coq41",0.325341730156667,7.52118119057671,4.33092807611124,3.81860160353596e-05,0.00180638760156399,2.0361686171869,"GABAergic","Coq41"
"Mto11",0.324795631925912,7.75126691124654,2.63860009683387,0.00979546003642528,0.0352994803909657,-2.77280926992138,"GABAergic","Mto11"
"Nubpl1",0.324789502579024,7.52023507260677,3.26871814467579,0.00152633014666636,0.00849752642113833,-1.30113799695465,"GABAergic","Nubpl1"
"Nap1l31",0.324768853664667,7.66979359690251,2.49334889693951,0.0144650751547699,0.0470843802906037,-3.1540885780502,"GABAergic","Nap1l31"
"Sox41",0.324274347685174,7.49248504332955,3.84987660749473,0.000219619122045796,0.00219999488316634,0.425906895788292,"GABAergic","Sox41"
"Adsl1",0.32418692699296,7.60257130991718,4.51168107231475,1.91931324070268e-05,0.00137217228788588,2.67904868801703,"GABAergic","Adsl1"
"Rabif1",0.324074848746074,7.6278442111068,2.77157733109115,0.00676665968961272,0.0267254084340631,-2.53401449709131,"GABAergic","Rabif1"
"Snapin1",0.324070275642209,7.58269026868516,2.83857045021411,0.00559013947251546,0.023294405205186,-2.40819479325271,"GABAergic","Snapin1"
"Drosha1",0.323993902782303,7.63705644062706,3.68832052027708,0.000384129019714457,0.00304523175666646,-0.025284991723348,"GABAergic","Drosha1"
"Slc7a6os1",0.32390294967866,7.58018933989707,4.11907601347155,8.37624663290298e-05,0.00201026874048495,1.33313492300953,"GABAergic","Slc7a6os1"
"Mea11",0.323879383040332,7.72927658595307,3.31594946195728,0.00131389101500027,0.00760969430618777,-1.07781023925687,"GABAergic","Mea11"
"Asap21",0.323664816044918,7.6065304145946,2.76024073501945,0.00698680368571863,0.0273671536159818,-2.57406632569015,"GABAergic","Asap21"
"Tmed31",0.323639374608887,7.65212825634244,2.71756231246439,0.00787546227033064,0.0298121228492602,-2.65194921502448,"GABAergic","Tmed31"
"Kcnb21",0.323580379469217,7.49038367983828,3.5963496379003,0.000524523617677897,0.00382587608410713,-0.366813400102552,"GABAergic","Kcnb21"
"Ppp1r16a1",0.323576980109533,7.5225574171442,4.34603274123296,3.60748219344465e-05,0.00175993989814872,2.08870815331896,"GABAergic","Ppp1r16a1"
"Bmp31",0.323491465663084,7.52017837045496,4.34165956699019,3.6674192725433e-05,0.00177005672705854,2.07310380578891,"GABAergic","Bmp31"
"Zfp7151",0.323365385236777,7.54521044204736,4.7847542924994,6.5942845264607e-06,0.000962104678538417,3.65671212918453,"GABAergic","Zfp7151"
"Galt1",0.323251953955485,7.63045821017799,3.8212896719067,0.00024271971524204,0.00230190127607344,0.384785576049039,"GABAergic","Galt1"
"Zkscan141",0.323157793786333,7.5624787710593,3.77059235130934,0.000289494064932519,0.00250120489434495,0.205613238137917,"GABAergic","Zkscan141"
"Ankrd391",0.323099783473031,7.58070379265411,4.21985464479594,5.78110661396755e-05,0.00188939855984759,1.67091088697032,"GABAergic","Ankrd391"
"5330429C05Rik",0.322960945250191,7.47943501160514,3.36370884576037,0.00112751381503289,0.0067828517325546,-1.0625783886879,"GABAergic","5330429C05Rik"
"Gm312181",0.32291531498172,7.62037397356626,2.64049931825156,0.00974469414532067,0.0351693062704942,-2.86234606850244,"GABAergic","Gm312181"
"Tsacc1",0.322745732452893,7.51682163493249,4.29831331402459,4.3158832271056e-05,0.00188939855984759,1.92274710284412,"GABAergic","Tsacc1"
"Snx291",0.322660118392389,7.57229333009162,2.73748116227343,0.00744862605573349,0.0285806708571656,-2.67497085566695,"GABAergic","Snx291"
"Iqcg",0.322623082174199,7.4906106239973,3.81804278506266,0.000245485411438205,0.00230437820102841,0.323696460137387,"GABAergic","Iqcg"
"C530050E15Rik1",0.322414958497547,7.51620097913784,4.26327399166493,4.91958805483452e-05,0.00188939855984759,1.80232753762695,"GABAergic","C530050E15Rik1"
"Rasa31",0.322295704818578,7.59790657110438,2.69900339891219,0.00829307726456462,0.0310916352088454,-2.73899238782252,"GABAergic","Rasa31"
"Gm267341",0.3221499818583,7.59084950583146,2.9805076658538,0.00369220033741869,0.0168761421082958,-2.04171737010178,"GABAergic","Gm267341"
"Ccdc431",0.322037927862909,7.52655503740924,4.36787776151166,3.32196403097976e-05,0.00168737019751016,2.16520883128558,"GABAergic","Ccdc431"
"Gtf2h41",0.321977249775347,7.628059897434,2.80690593910117,0.00612064324760768,0.0249197617938313,-2.46208260974006,"GABAergic","Gtf2h41"
"Grpel21",0.321966756751479,7.58762195051993,2.99593835451666,0.00352652096713075,0.0162604628927328,-2.00199361928496,"GABAergic","Grpel21"
"Phlpp21",0.321730557088147,7.56340171398327,2.6689172592812,0.0090130318803764,0.0329858113297796,-2.82753383305041,"GABAergic","Phlpp21"
"Otof1",0.321560533702593,7.51354740279136,4.32486732875736,3.90662238103214e-05,0.00180925449021551,2.01358160626496,"GABAergic","Otof1"
"Pde121",0.321514893992961,7.52080633073873,4.34676551387754,3.5975320070733e-05,0.00175993989814872,2.09091398125463,"GABAergic","Pde121"
"Ireb21",0.321451031730245,7.80432812354709,2.67615888787904,0.00883473706752842,0.0324433471119992,-2.66414229105655,"GABAergic","Ireb21"
"Isyna11",0.321312351605752,7.58454674621118,2.92256680988183,0.0043806104053751,0.0191672626872213,-2.20730608485497,"GABAergic","Isyna11"
"Pigx1",0.321081593894492,7.66559790798357,2.83806865771768,0.00559820687735065,0.0233048949220047,-2.38517311542138,"GABAergic","Pigx1"
"Abcf11",0.320918697872798,7.59065126851271,2.7154890001756,0.00792114713666371,0.0299737730491297,-2.69924598704258,"GABAergic","Abcf11"
"Bop11",0.320908324140852,7.52258699020934,3.14257631540707,0.00226177756398692,0.0115101354661207,-1.65219586084657,"GABAergic","Bop11"
"Pcdhb121",0.320840009303274,7.49680365889665,3.93186872701098,0.000164433207512167,0.00219999488316634,0.691520041280045,"GABAergic","Pcdhb121"
"C1qtnf121",0.320825116743615,7.53630226987548,3.28141517524893,0.00146626036386866,0.00827159955380813,-1.25952005874552,"GABAergic","C1qtnf121"
"5033406O09Rik",0.320713582691075,7.47888002326642,3.24958000199014,0.00162124105483316,0.00888332908557345,-1.38918409857988,"GABAergic","5033406O09Rik"
"Raver11",0.320657378312792,7.47886614385606,2.90853172901538,0.00456428082082456,0.0197581599656107,-2.31095487262379,"GABAergic","Raver11"
"Crip11",0.320657378312792,7.47886614385606,2.90853172901538,0.00456428082082456,0.0197581599656107,-2.31095487262379,"GABAergic","Crip11"
"Plcxd31",0.320586907408891,7.59608455379587,4.29415768855402,4.383561982484e-05,0.00188939855984759,1.92490904692805,"GABAergic","Plcxd31"
"Lmo21",0.320566346123418,7.60823140874272,4.22190803036321,5.73728035881826e-05,0.00188939855984759,1.68146383713804,"GABAergic","Lmo21"
"Tarbp11",0.320450233867634,7.47881498651387,2.90964527296808,0.00454945343059524,0.0197142981992461,-2.30810138466384,"GABAergic","Tarbp11"
"Cntnap5b1",0.320395952806405,7.5851351118162,2.97944027395477,0.00370392286300574,0.0169100178099625,-2.04589315339613,"GABAergic","Cntnap5b1"
"Rtn4ip11",0.320379645878197,7.4787975523479,2.91002509381652,0.00454440608008079,0.0196992028185746,-2.30712786909122,"GABAergic","Rtn4ip11"
"Dock101",0.320377593865086,7.56815110597417,3.04865253696757,0.00301101106835917,0.0142861417808363,-1.88358219848393,"GABAergic","Dock101"
"Cpa61",0.320319317573156,7.47878265159138,3.3204637098697,0.00129510877699681,0.00753904124945878,-1.1875159950749,"GABAergic","Cpa61"
"4930458D05Rik1",0.320027901477491,7.49568586714019,3.96484060772513,0.000146215509781813,0.00219999488316634,0.79855120037747,"GABAergic","4930458D05Rik1"
"Cog11",0.319918228469058,7.58703211753352,2.99174600179997,0.00357084056094967,0.0164347382339361,-2.0133222173917,"GABAergic","Cog11"
"Apbb1ip1",0.319834845203706,7.4786629702822,3.33724799481831,0.00122746178771713,0.00720183332085358,-1.13930311465972,"GABAergic","Apbb1ip1"
"Pcdhb141",0.319735206596694,7.54168958955913,4.75368070659037,7.45933317263171e-06,0.000978804374746268,3.54279577328208,"GABAergic","Pcdhb141"
"Pfkfb31",0.319648022051306,7.51129225640084,4.26436583430595,4.89960477163232e-05,0.00188939855984759,1.80495579843756,"GABAergic","Pfkfb31"
"Zfp4201",0.319577148743861,7.52565076023716,4.38031533851403,3.16928330147475e-05,0.0016419984069959,2.20831458562493,"GABAergic","Zfp4201"
"Gm206041",0.319522718603295,7.52907878359293,3.34002467996726,0.00121659564570581,0.00715261776547246,-1.09751153233035,"GABAergic","Gm206041"
"Arhgap441",0.319431782141733,7.69511586186559,2.61829493771711,0.0103533786420867,0.0369907388417053,-2.89178475280451,"GABAergic","Arhgap441"
"Mrps221",0.319405526993577,7.60819368596904,2.86139190076539,0.00523431216493048,0.022126386020681,-2.32183585738333,"GABAergic","Mrps221"
"Col7a1",0.319380438334936,7.50082275889249,3.98493075299604,0.000136079972577891,0.00219999488316634,0.86565934790409,"GABAergic","Col7a1"
"Sos21",0.319363239457545,7.58524184821087,3.02018171509595,0.00328005465211355,0.0153202997599831,-1.93831287359315,"GABAergic","Sos21"
"Hdac61",0.319342952203311,7.54215391623299,3.50878545178542,0.000702328359062595,0.00473113921877621,-0.598255183026063,"GABAergic","Hdac61"
"Tead11",0.319252625389946,7.49688027265835,3.97557167495118,0.000140715002189126,0.00219999488316634,0.83396289684142,"GABAergic","Tead11"
"Srsf121",0.319021851532428,7.67958017701295,3.11895361211431,0.00243186410485604,0.0121371601144499,-1.63332609451883,"GABAergic","Srsf121"
"Coq91",0.318898984833026,7.57517009897099,4.12462089885277,8.20821739753099e-05,0.00199227195677645,1.35109880102861,"GABAergic","Coq91"
"Rsph3a1",0.318895256619043,7.52307167816803,2.8985420731097,0.00469930173793298,0.0202037897586149,-2.29664633678927,"GABAergic","Rsph3a1"
"Paqr5",0.318870523565359,7.47842464712353,3.28558249713368,0.00144703236936122,0.00818512202821884,-1.28732528616484,"GABAergic","Paqr5"
"Mocs11",0.318748649186437,7.54063230644463,3.50559202343799,0.0007097832020596,0.00476606556308357,-0.608297718829475,"GABAergic","Mocs11"
"Apex21",0.318748561095854,7.51441878003881,4.25714010197062,5.03332071079811e-05,0.00188939855984759,1.780903370333,"GABAergic","Apex21"
"Ccdc1171",0.318661157682801,7.59388444983658,2.52062055371547,0.0134596028757683,0.0445014743900402,-3.15708252975396,"GABAergic","Ccdc1171"
"Rtn21",0.31856237374272,7.54971558828926,5.13214382596333,1.61671455968947e-06,0.000927482929364106,4.95641151995892,"GABAergic","Rtn21"
"Gpr183",0.318548645391894,7.47834506739717,2.91994180424281,0.00441443623019645,0.0192600193485902,-2.28167196908584,"GABAergic","Gpr183"
"Trmt51",0.318419895689387,7.5203855716685,2.91928697189889,0.00442291181908276,0.019270505584162,-2.24627024395258,"GABAergic","Trmt51"
"Hs1bp31",0.318309138555589,7.47828585579759,3.28946269314641,0.00142934178658112,0.00812152389966731,-1.27632725813801,"GABAergic","Hs1bp31"
"Cpne71",0.318266814289485,7.67685963366402,2.94509481179217,0.00409998427153254,0.0184060947499984,-2.09747142887745,"GABAergic","Cpne71"
"Ier51",0.318211273641872,7.61629787732628,2.69353904413576,0.00841981964178929,0.0313429279041429,-2.73272575624995,"GABAergic","Ier51"
"Zgrf11",0.317900556645234,7.49621047605839,3.97104873148556,0.000143008771547008,0.00219999488316634,0.818984664090155,"GABAergic","Zgrf11"
"Dnajc141",0.317857668778449,7.5386334395097,4.78172828897882,6.674040454174e-06,0.000962104678538417,3.64536237308009,"GABAergic","Dnajc141"
"Adgrg61",0.317798442233289,7.47815965498772,3.44361187458129,0.000870142030405823,0.00558389157260426,-0.829335866773573,"GABAergic","Adgrg61"
"Cisd31",0.317787728090625,7.55998293049461,3.00118091555122,0.00347181499538045,0.016067029205293,-2.00070609716487,"GABAergic","Cisd31"
"Fam169a1",0.317712140343189,7.64886308125028,3.98998363935847,0.000133638699629326,0.00219999488316634,0.924043286513163,"GABAergic","Fam169a1"
"Cbfa2t31",0.317565240305046,7.47810203271918,2.92530779014605,0.00434554514120803,0.0190867615564148,-2.26786716627706,"GABAergic","Cbfa2t31"
"Polr1a1",0.317197604824156,7.63389313212714,3.59935104830811,0.000519259297394882,0.00379855364069879,-0.294838647756709,"GABAergic","Polr1a1"
"Pxylp11",0.3170739434204,7.52371865688993,4.37161352569647,3.27537373263495e-05,0.00167723101260173,2.17770829113713,"GABAergic","Pxylp11"
"Ube2a1",0.317009535037942,7.593714320233,3.74759341496379,0.000313436428650452,0.0026322391278065,0.143269521313216,"GABAergic","Ube2a1"
"Nat91",0.316891249630134,7.54222177890649,3.39924599223714,0.00100527544010337,0.00625384979880044,-0.919574227380423,"GABAergic","Nat91"
"Tmem86a1",0.316869664611613,7.51995318715847,2.96572525452921,0.00385763822110021,0.0174926813071272,-2.12599604162208,"GABAergic","Tmem86a1"
"Zbed51",0.316848885408501,7.58304297288985,2.67980893267848,0.00874608945304013,0.0322524850234035,-2.81165056550432,"GABAergic","Zbed51"
"Ak11",0.316698797756711,7.61106466542454,2.68609112295967,0.0085954057825455,0.0317992148730472,-2.74466566764,"GABAergic","Ak11"
"Pde4a1",0.316633121917672,7.78644106781237,2.48570990907858,0.0147585366031294,0.0478172030837501,-3.09758020110838,"GABAergic","Pde4a1"
"Mypn1",0.316600706723258,7.49719598114183,3.93192989236954,0.000164397484179017,0.00219999488316634,0.691831235180933,"GABAergic","Mypn1"
"Lpcat31",0.316512788017585,7.51960911091167,3.19406270529652,0.0019287341028135,0.0101743146956205,-1.51175276558224,"GABAergic","Lpcat31"
"Optc",0.316412916921277,7.47781720198533,3.4304312946902,0.000908387421994257,0.00575975555967532,-0.868289679055681,"GABAergic","Optc"
"B830042I05Rik1",0.316398249582221,7.47781357551736,3.00858243472958,0.00339591616845452,0.0157447022355619,-2.04951068125405,"GABAergic","B830042I05Rik1"
"Rdh131",0.316195202001886,7.51901501094102,4.35084942673788,3.54256063118168e-05,0.00175002495180375,2.1047189985804,"GABAergic","Rdh131"
"Nqo2",0.31616290253405,7.47775538204552,3.00994607341112,0.00338210137813956,0.0156922029688486,-2.04591514801526,"GABAergic","Nqo2"
"Gcdh1",0.316098670588336,7.47773949818174,3.01031859340229,0.00337833649746532,0.0156899061498578,-2.04493267926104,"GABAergic","Gcdh1"
"Tacr3",0.315935959882552,7.47769925880895,3.4606859583174,0.000822852496653274,0.0053909926800312,-0.779014884163797,"GABAergic","Tacr3"
"Gm204981",0.315645560295922,7.75794482202592,2.7280384103953,0.0076482722126657,0.0291601952369703,-2.56495619270364,"GABAergic","Gm204981"
"Gm456051",0.315453176339259,7.49566026813561,3.92268338825573,0.000169882953270722,0.00219999488316634,0.661389424881976,"GABAergic","Gm456051"
"B3galt61",0.315330709673866,7.53671297133547,4.75955597354516,7.28773296062228e-06,0.000971895975565928,3.56404736299863,"GABAergic","B3galt61"
"Gm143081",0.315222284289757,7.47752280394018,3.08679600032366,0.00268257123858909,0.0130117723136916,-1.83990628608376,"GABAergic","Gm143081"
"1700112J16Rik1",0.315222284289757,7.47752280394018,3.08679600032366,0.00268257123858909,0.0130117723136916,-1.83990628608376,"GABAergic","1700112J16Rik1"
"Adam321",0.315222284289757,7.47752280394018,3.08679600032366,0.00268257123858909,0.0130117723136916,-1.83990628608376,"GABAergic","Adam321"
"Clec3b",0.315222284289757,7.47752280394018,3.08679600032366,0.00268257123858909,0.0130117723136916,-1.83990628608376,"GABAergic","Clec3b"
"Arhgap241",0.315107803609451,7.47749449661456,3.08749327754707,0.0026768893976825,0.0130095585426722,-1.838028350248,"GABAergic","Arhgap241"
"Ermn1",0.315107473601138,7.53618765725076,3.52123625832077,0.000673963232650516,0.00456201764733936,-0.566687696488893,"GABAergic","Ermn1"
"Fbxo451",0.315040245683452,7.47747779081855,3.01647114026183,0.00331671409610294,0.0154514228804026,-2.02869167866219,"GABAergic","Fbxo451"
"Klhl231",0.314936335678028,7.55235241894014,5.26091054745362,9.48413676755284e-07,0.000927482929364106,5.45018124880082,"GABAergic","Klhl231"
"Pabpc51",0.314788747196937,7.53624323869298,4.77295519649915,6.91060943421228e-06,0.000967254967141913,3.61308974332205,"GABAergic","Pabpc51"
"Bckdk1",0.314746769247647,7.54052291250501,4.79589096614154,6.30866118825242e-06,0.000962104678538417,3.69742920964948,"GABAergic","Bckdk1"
"Abca31",0.314737538348562,7.81148703640073,2.4788210956192,0.0150277410511952,0.0485679758843114,-3.0902869064928,"GABAergic","Abca31"
"Car81",0.314734778980251,7.47740224604307,3.08976848796541,0.00265842725451583,0.0129298100869251,-1.83189821950822,"GABAergic","Car81"
"Syt121",0.314716196025415,7.56691308736547,2.5966362052723,0.0109800336743798,0.0388090584164315,-2.9927350220439,"GABAergic","Syt121"
"Pald11",0.314506900958941,7.47734588044423,3.09116080292537,0.00264718776569088,0.0128960627195848,-1.82814504453733,"GABAergic","Pald11"
"Dhx371",0.314380022518922,7.47731449365526,3.09193680915996,0.00264094261782844,0.0128795796193515,-1.82605260722402,"GABAergic","Dhx371"
"Gm265331",0.314165902151445,7.49544635084751,3.92782737580813,0.000166810058659826,0.00219999488316634,0.67800658698212,"GABAergic","Gm265331"
"Aatf1",0.314027014869931,7.58555285196018,2.96855152523198,0.00382548801640657,0.0173781725721866,-2.07356653661597,"GABAergic","Aatf1"
"Car41",0.313911080997499,7.67805785421558,2.67481798673121,0.00886750755976177,0.0325383025721873,-2.77296420192581,"GABAergic","Car41"
"Rbmxl11",0.313897049275771,7.56417412006399,3.69649150573558,0.000373554044986781,0.0030029740298012,-0.0240260203542242,"GABAergic","Rbmxl11"
"A230077H06Rik1",0.313832768999372,7.49423435303395,3.95852345683248,0.00014954914984736,0.00219999488316634,0.777505424039436,"GABAergic","A230077H06Rik1"
"Zfp1051",0.31365672848282,7.59788813535096,2.64291497023908,0.00968046858431075,0.0349886068499115,-2.86953103633052,"GABAergic","Zfp1051"
"Rer11",0.313508324331841,7.66910669892375,2.59403033689061,0.0110576943759154,0.03902879687683,-2.91299030990184,"GABAergic","Rer11"
"Cyp4f17",0.313501896896425,7.47709719840648,3.12848106305927,0.00236188139418108,0.0118867838284055,-1.72653401808283,"GABAergic","Cyp4f17"
"4930413F20Rik1",0.313386880779756,7.47706872853588,3.12920205589417,0.00235666245446157,0.0118747507755409,-1.72457065796956,"GABAergic","4930413F20Rik1"
"Utp151",0.313266456852311,7.70347708338475,3.09786697528247,0.00259366791093637,0.0127229106986236,-1.68098745879985,"GABAergic","Utp151"
"Lmln1",0.31324040058772,7.47703246744653,3.13012094283614,0.00235002660542992,0.0118624051988828,-1.72206786756074,"GABAergic","Lmln1"
"Pex101",0.313169928672375,7.47701502099111,3.13056328350073,0.00234683839573024,0.0118536981840473,-1.72086284061708,"GABAergic","Pex101"
"Acvr2b1",0.313035142099659,7.47698165028549,3.13140979101714,0.00234074833894845,0.0118276802349513,-1.71855639057258,"GABAergic","Acvr2b1"
"Masp21",0.313025425595171,7.47697924454779,3.10025684788715,0.00257483938812347,0.0126551899228214,-1.80359104446988,"GABAergic","Masp21"
"Tgfb1i11",0.312967789804333,7.51865858941595,3.26284922059299,0.00155486789900177,0.00861331175185811,-1.32032018297179,"GABAergic","Tgfb1i11"
"Hhipl21",0.312966775894496,7.4769647229893,3.04416253298789,0.00305203532195614,0.0144156314025802,-1.95498810436977,"GABAergic","Hhipl21"
"2210418O10Rik1",0.312966775894496,7.4769647229893,3.04416253298789,0.00305203532195614,0.0144156314025802,-1.95498810436977,"GABAergic","2210418O10Rik1"
"Cldn15",0.312966775894496,7.4769647229893,3.04416253298789,0.00305203532195614,0.0144156314025802,-1.95498810436977,"GABAergic","Cldn15"
"Rfx2",0.312966775894496,7.4769647229893,3.04416253298789,0.00305203532195614,0.0144156314025802,-1.95498810436977,"GABAergic","Rfx2"
"Mppe11",0.312821386062743,7.47692872245375,3.04502943125375,0.00304407450537862,0.0144050362675637,-1.95267998848846,"GABAergic","Mppe11"
"Gm266531",0.312725684346284,7.47690502360957,3.04560047422551,0.00303884108040284,0.0143856749679949,-1.95115928769849,"GABAergic","Gm266531"
"Cdyl1",0.312725487839826,7.53984358504118,4.8126864258245,5.90052962758043e-06,0.000962104678538417,3.75917533069579,"GABAergic","Cdyl1"
"Plekhm21",0.312586565185668,7.4768705706864,3.04643117091665,0.00303124290492447,0.0143591866573913,-1.94894669852934,"GABAergic","Plekhm21"
"Ier21",0.312324982772434,7.49358619082348,3.96662428773307,0.000145287190815314,0.00219999488316634,0.803755636614079,"GABAergic","Ier21"
"Raver21",0.312312219048772,7.4768026200032,3.04807135756266,0.00301629222579762,0.0143004264841448,-1.94457652816226,"GABAergic","Raver21"
"Dph11",0.312223744687139,7.49223117523487,3.88866650189055,0.000191608225876547,0.00219999488316634,0.550378079783456,"GABAergic","Dph11"
"B930036N10Rik",0.312139657771388,7.47675987368033,3.13704952714495,0.0023005481930401,0.0116666689161539,-1.70317694378423,"GABAergic","B930036N10Rik"
"Nkd2",0.312010134084903,7.49150592598932,3.92530700231188,0.000168308968265798,0.00219999488316634,0.668602414647225,"GABAergic","Nkd2"
"Txnrd21",0.311981915245159,7.47672079418683,3.05004966785783,0.00299835044884297,0.0142421646320041,-1.93930284164782,"GABAergic","Txnrd21"
"Csnk2a21",0.311874553911663,7.61279363474472,2.68688180053855,0.00857660879009002,0.0317584048773618,-2.7421307131212,"GABAergic","Csnk2a21"
"Zfp6971",0.311830210864357,7.55961394627378,3.01678085116094,0.00331363978993844,0.01544405733074,-1.96029605530042,"GABAergic","Zfp6971"
"Gm107671",0.311818983903364,7.47668042516501,3.10772077373406,0.00251685001613366,0.0124478836486988,-1.78339835070033,"GABAergic","Gm107671"
"A030001D20Rik1",0.311788233933815,7.53706014541638,4.82165817437333,5.69316050411352e-06,0.000962104678538417,3.79213058252776,"GABAergic","A030001D20Rik1"
"Noc4l1",0.311680400961063,7.53728111109339,4.80933877249061,5.97977297438815e-06,0.000962104678538417,3.74676149160998,"GABAergic","Noc4l1"
"Bid1",0.31165780889911,7.53615908396502,4.79116257657985,6.4284299365819e-06,0.000962104678538417,3.67988645452511,"GABAergic","Bid1"
"Sox121",0.311647842981486,7.56770910753905,2.71134745299335,0.00801312807744347,0.030276588985537,-2.72235114123201,"GABAergic","Sox121"
"Rnf2191",0.311573968062549,7.57327767133159,3.2186333923202,0.00178647518811403,0.00953165097190703,-1.42364856675862,"GABAergic","Rnf2191"
"Tacr1",0.311477067065799,7.47659569606667,3.49209134263324,0.000742133313847803,0.00493932686633595,-0.686046911460894,"GABAergic","Tacr1"
"Dnah91",0.311477067065799,7.47659569606667,3.49209134263324,0.000742133313847803,0.00493932686633595,-0.686046911460894,"GABAergic","Dnah91"
"Cdca41",0.311334525590709,7.48946490398221,3.90667482134152,0.000179796182740683,0.00219999488316634,0.607583438281504,"GABAergic","Cdca41"
"Chodl",0.311289775527037,7.47654927638483,3.49354294215976,0.000738589358528704,0.00493125127308698,-0.681732720872709,"GABAergic","Chodl"
"Tceal81",0.311245210621354,7.66261631051072,3.21110631227916,0.0018289785251901,0.00970498840851713,-1.40234059819987,"GABAergic","Tceal81"
"Topors1",0.311089956545527,7.63975781750562,2.52499330145712,0.0133043584434411,0.0441271730679377,-3.09608061969318,"GABAergic","Topors1"
"Efna51",0.311077428649405,7.58592811387564,2.86666839772752,0.00515505917717064,0.0218500270709349,-2.33452056524048,"GABAergic","Efna51"
"Rassf31",0.311049798840421,7.5372947163921,4.82687273434109,5.57590986085356e-06,0.000962104678538417,3.81136578753489,"GABAergic","Rassf31"
"Gm144431",0.310635764782752,7.56554462239461,3.80687251372961,0.000255231539962225,0.00231676140007236,0.320329765752377,"GABAergic","Gm144431"
"B9d11",0.310548555380914,7.52154120292795,2.82754096274929,0.00576994352842528,0.0238856321483974,-2.47727234455817,"GABAergic","B9d11"
"Nphp41",0.310542812283763,7.53715790187527,4.83619220290953,5.37218440764529e-06,0.000962104678538417,3.84575370975063,"GABAergic","Nphp41"
"Ubald21",0.310254658817927,7.58639102900507,2.78772736827818,0.00646397834025888,0.0259361628542626,-2.52855078805014,"GABAergic","Ubald21"
"Med110",0.310242821821159,7.62490017943786,2.66293117015532,0.0091628732208338,0.0334467441213687,-2.79522834193633,"GABAergic","Med110"
"Asxl11",0.310124770499112,7.53453416703118,4.80301625054206,6.13226864920441e-06,0.000962104678538417,3.7233880023448,"GABAergic","Asxl11"
"Mcee1",0.310108632865565,7.63414647896205,4.01648399166926,0.000121506873465494,0.00219999488316634,1.00784912358262,"GABAergic","Mcee1"
"Chrna71",0.309854819923341,7.53791656179096,4.84917006415778,5.10050898525417e-06,0.000962104678538417,3.89373111730782,"GABAergic","Chrna71"
"Cetn21",0.309756107129764,7.57909830734769,4.38554741291125,3.10710085830716e-05,0.00162538224117767,2.23709954571243,"GABAergic","Cetn21"
"Fbxl22",0.309692980850873,7.7939143355585,2.50644554642025,0.0139741030369093,0.0458177449130521,-3.04575369765366,"GABAergic","Fbxl22"
"Ogfr1",0.309446229274053,7.58845690664692,4.10418569341351,8.8439837472293e-05,0.0020529429646247,1.28541967481509,"GABAergic","Ogfr1"
"Med301",0.309418804934098,7.53850858714339,4.86143189386419,4.85613570944773e-06,0.000962104678538417,3.93912082322522,"GABAergic","Med301"
"H2-T231",0.3093693361039,7.4867800383716,3.90269622145781,0.00018234436387798,0.00219999488316634,0.593788088361957,"GABAergic","H2-T231"
"C1ql2",0.309361079273663,7.47607104209396,3.3027231877111,0.00137040250208166,0.00785036849418947,-1.23930478143652,"GABAergic","C1ql2"
"Gm47791",0.309361079273663,7.47607104209396,3.3027231877111,0.00137040250208166,0.00785036849418947,-1.23930478143652,"GABAergic","Gm47791"
"Sec11",0.309361079273663,7.47607104209396,3.3027231877111,0.00137040250208166,0.00785036849418947,-1.23930478143652,"GABAergic","Sec11"
"Gm45322",0.309361079273663,7.47607104209396,3.3027231877111,0.00137040250208166,0.00785036849418947,-1.23930478143652,"GABAergic","Gm45322"
"Myo151",0.309361079273663,7.47607104209396,3.3027231877111,0.00137040250208166,0.00785036849418947,-1.23930478143652,"GABAergic","Myo151"
"Chst9",0.309361079273663,7.47607104209396,3.3027231877111,0.00137040250208166,0.00785036849418947,-1.23930478143652,"GABAergic","Chst9"
"Lgalsl1",0.30927442067277,7.77664579757356,2.631500801507,0.00998735149732672,0.0359151204144518,-2.77865288075658,"GABAergic","Lgalsl1"
"Cyp2u11",0.309237888738044,7.53585035656966,4.81650109459106,5.81147634285619e-06,0.000962104678538417,3.77308247466831,"GABAergic","Cyp2u11"
"Trabd2b1",0.309157406204456,7.4760205097672,3.3041409587675,0.00136423753958881,0.0078400092546534,-1.23527100512411,"GABAergic","Trabd2b1"
"Fank11",0.309127771158933,7.48825412887723,3.92948954122265,0.000165828534142314,0.00219999488316634,0.68109605794023,"GABAergic","Fank11"
"Trp53i111",0.309122093934515,7.47601174794858,3.30438688945224,0.00136317079735496,0.00783745437438634,-1.23457115463597,"GABAergic","Trp53i111"
"Bag61",0.309121385534807,7.6886214066044,2.84736391265221,0.00545048516002364,0.0228015008395764,-2.32559827269148,"GABAergic","Bag61"
"Cc2d2a1",0.309023522441343,7.61409104429291,3.14472001002525,0.00224690391984239,0.0114676861931475,-1.59781690509215,"GABAergic","Cc2d2a1"
"Lamb11",0.30899065780675,7.58908638757736,4.09991573368101,8.98267479746568e-05,0.0020592534308767,1.27157600677036,"GABAergic","Lamb11"
"Thumpd31",0.308945585851104,7.66059481384283,2.75786479041042,0.00703376272459402,0.0274862928673724,-2.58567240493649,"GABAergic","Thumpd31"
"Zfp3351",0.308944306629381,7.475967631681,3.30562562459423,0.00135780957372647,0.00781019506859925,-1.23104542931651,"GABAergic","Zfp3351"
"Lrrc201",0.308918050437278,7.53755325211115,4.85807216327703,4.92193632148389e-06,0.000962104678538417,3.92665789415632,"GABAergic","Lrrc201"
"Thbs21",0.308862638939638,7.5193670776088,4.38948206583081,3.06111605956739e-05,0.00162538224117767,2.23914050577258,"GABAergic","Thbs21"
"Gm98661",0.308767076790822,7.54621057273397,3.07641256204005,0.00276851822943607,0.0133475778029642,-1.81801756385929,"GABAergic","Gm98661"
"Ubfd11",0.30865865478532,7.6293912663272,2.64627485434954,0.00959177620205733,0.0347405419256228,-2.82641832387746,"GABAergic","Ubfd11"
"Arhgef401",0.308555490602908,7.52019013584042,3.12512804324683,0.00238629401617566,0.0119756950291293,-1.69961991194128,"GABAergic","Arhgef401"
"Shq11",0.308501643010858,7.51783520493638,3.25416959866851,0.00159798946987851,0.0087711866457776,-1.34469483189295,"GABAergic","Shq11"
"Pcsk51",0.308492001801802,7.47585537395069,3.30878113130783,0.00134424178865694,0.00773922020644946,-1.22205939180861,"GABAergic","Pcsk51"
"Arhgap41",0.308459410017111,7.47584728373264,3.3090087323868,0.00134326810049276,0.00773715055414141,-1.22141098186655,"GABAergic","Arhgap41"
"4921524J17Rik1",0.308439879486755,7.6109167893206,2.77327917215548,0.00673416440748351,0.0266426724375219,-2.55278529055411,"GABAergic","4921524J17Rik1"
"Rxfp21",0.308414958163874,7.47583624923361,3.30931920533081,0.00134194094899861,0.00773304214754597,-1.22052642222289,"GABAergic","Rxfp21"
"Gm26720",0.308383820079627,7.47582851948973,3.27676547098251,0.00148799645110124,0.008341918689151,-1.31335415269242,"GABAergic","Gm26720"
"Gm15587",0.308383820079627,7.47582851948973,3.27676547098251,0.00148799645110124,0.008341918689151,-1.31335415269242,"GABAergic","Gm15587"
"6530437J22Rik1",0.308383820079627,7.47582851948973,3.27676547098251,0.00148799645110124,0.008341918689151,-1.31335415269242,"GABAergic","6530437J22Rik1"
"Loxl2",0.308383820079627,7.47582851948973,3.27676547098251,0.00148799645110124,0.008341918689151,-1.31335415269242,"GABAergic","Loxl2"
"Fam160a11",0.308382221170265,7.475828122571,3.30954789179022,0.00134096418955631,0.00773095006674637,-1.21987483602197,"GABAergic","Fam160a11"
"Car21",0.308351299108544,7.64705109259256,2.96051074256612,0.00391761157151594,0.0177327175588883,-2.07481124558504,"GABAergic","Car21"
"Cryz1",0.308262354777707,7.47579836537486,3.27759909255702,0.00148407742863093,0.008341918689151,-1.31099740693711,"GABAergic","Cryz1"
"Tstd11",0.308248894089886,7.47579502357607,3.23134320323028,0.00171679480026661,0.00923418620792419,-1.44168730329729,"GABAergic","Tstd11"
"Sgms2",0.308248894089886,7.47579502357607,3.23134320323028,0.00171679480026661,0.00923418620792419,-1.44168730329729,"GABAergic","Sgms2"
"Gm29865",0.308248894089886,7.47579502357607,3.23134320323028,0.00171679480026661,0.00923418620792419,-1.44168730329729,"GABAergic","Gm29865"
"Gm440531",0.308248894089886,7.47579502357607,3.23134320323028,0.00171679480026661,0.00923418620792419,-1.44168730329729,"GABAergic","Gm440531"
"Gm32828",0.308248894089886,7.47579502357607,3.23134320323028,0.00171679480026661,0.00923418620792419,-1.44168730329729,"GABAergic","Gm32828"
"Rgs101",0.308202198976694,7.67971111146997,3.2545781191211,0.0015959350381515,0.00876755066532685,-1.27493787986157,"GABAergic","Rgs101"
"Cecr2",0.308182936092757,7.47577864819135,3.31094066244831,0.00133502980558242,0.00770731918465709,-1.21590570517741,"GABAergic","Cecr2"
"5930422O12Rik1",0.308173740778179,7.47577636521684,3.2782075263569,0.00148122316427158,0.00834106759067015,-1.30927699139545,"GABAergic","5930422O12Rik1"
"Kif27",0.30807927541625,7.51515990126214,4.34250971375187,3.65569273009205e-05,0.00177005672705854,2.07499701501426,"GABAergic","Kif27"
"Nat61",0.308059797688457,7.47574807478745,3.23260917300421,0.00170999515859461,0.00923309430467908,-1.43814789659776,"GABAergic","Nat61"
"Adam41",0.307983390916167,7.47572910293192,3.23312101469349,0.00170725316339236,0.00922224189504872,-1.4367165695227,"GABAergic","Adam41"
"Wdr271",0.307972045126765,7.47572628568539,3.23319703428189,0.00170684626842267,0.00922224189504872,-1.43650397086859,"GABAergic","Wdr271"
"Klhdc8a1",0.307948205398112,7.47572036603135,3.23335677916584,0.00170599152908994,0.00922224189504872,-1.43605721044521,"GABAergic","Klhdc8a1"
"Rbbp81",0.307931995011228,7.47571634077116,3.2334654113942,0.00170541050441855,0.00922224189504872,-1.43575338725208,"GABAergic","Rbbp81"
"Galk11",0.30792930457869,7.47571567269602,3.27988703921693,0.00147337095197289,0.00830799188988472,-1.30452665620724,"GABAergic","Galk11"
"Cdk2ap11",0.307897596197507,7.51746159117906,4.38722227389029,3.08744556122407e-05,0.00162538224117767,2.23089105960572,"GABAergic","Cdk2ap11"
"Ttc321",0.307888071759719,7.54283807146535,2.87016907850329,0.00510308881478361,0.0216516031659916,-2.35747391853584,"GABAergic","Ttc321"
"Gm133061",0.30784431871654,7.47569456882798,3.3133097572795,0.00132499199692016,0.00765874194139927,-1.20915119463065,"GABAergic","Gm133061"
"Ube2l31",0.307767981653637,7.65331775215241,2.51221573995965,0.0137625734427244,0.0452892209137928,-3.11708819642307,"GABAergic","Ube2l31"
"Zfp4441",0.307675375035516,7.55723201357888,2.92143218358489,0.00439520179002123,0.0192110884624904,-2.20829505901315,"GABAergic","Zfp4441"
"Zranb31",0.307638159044144,7.47564337005555,3.28188975182785,0.0014640586558478,0.0082665830962415,-1.29885964619533,"GABAergic","Zranb31"
"Tbr11",0.307555341499058,7.48346604785794,3.69230001884805,0.000378943672469717,0.00303661160438997,-0.0742518885453745,"GABAergic","Tbr11"
"4930590J08Rik1",0.30749573065997,7.47560799469647,3.31575194351952,0.00131471862748067,0.00761098830439979,-1.20218428531339,"GABAergic","4930590J08Rik1"
"Gm450511",0.307393335597915,7.47558256053645,3.23707973289373,0.00168618428095555,0.009147658650817,-1.42564015359507,"GABAergic","Gm450511"
"Sox1",0.307354738035236,7.58897630189945,2.75527604648537,0.00708525543086387,0.0275882866654928,-2.60667793976641,"GABAergic","Sox1"
"1110019D14Rik1",0.307309721452076,7.51764833621428,4.38767144822303,3.0821947411435e-05,0.00162538224117767,2.23249421524658,"GABAergic","1110019D14Rik1"
"Exoc61",0.307264624702499,7.59097602460548,3.99034674526445,0.000133464891896702,0.00219999488316634,0.912806527242661,"GABAergic","Exoc61"
"Fabp71",0.307252465376796,7.5187020312316,3.1709399801124,0.0020722037446613,0.0107687914898921,-1.57531448816685,"GABAergic","Fabp71"
"Gm270281",0.307252461979576,7.58519127323218,2.5193173562309,0.0135061836472375,0.0446086511285398,-3.16437311266078,"GABAergic","Gm270281"
"Gm26526",0.307249024866151,7.47554672609606,3.2845694041559,0.00145168491839696,0.00820407129522053,-1.29127284344564,"GABAergic","Gm26526"
"Gm464471",0.307249024866151,7.47554672609606,3.2845694041559,0.00145168491839696,0.00820407129522053,-1.29127284344564,"GABAergic","Gm464471"
"Lag3",0.307112632891998,7.47551287376036,3.23896376271402,0.00167624281024888,0.00911334945218176,-1.42036496363882,"GABAergic","Lag3"
"Slc38a71",0.307070058663838,7.53374781194219,4.81028923199382,5.95716972443296e-06,0.000962104678538417,3.7501212928982,"GABAergic","Slc38a71"
"Usp501",0.306928728134997,7.47546722412591,3.28677413902558,0.00144157772965529,0.00815912308671998,-1.28502711411245,"GABAergic","Usp501"
"Ctdsp21",0.306919739591989,7.58224418386054,4.10634045937887,8.77477850669366e-05,0.0020469608305337,1.29142427136794,"GABAergic","Ctdsp21"
"Xrcc61",0.306878263950417,7.54765339951465,2.55577446793797,0.0122563150667425,0.0418068781196195,-3.11548378079155,"GABAergic","Xrcc61"
"Atpaf21",0.306861649486015,7.519019182282,4.4097157915317,2.83483434099278e-05,0.00156624597339851,2.30974300395219,"GABAergic","Atpaf21"
"Bin31",0.306829436447849,7.5172350985113,3.13231189396598,0.00233427450365588,0.0117997014135446,-1.68235611396791,"GABAergic","Bin31"
"Fam53b1",0.306788466209732,7.47543240408857,3.28774053095304,0.00143716830557466,0.00814761887728353,-1.28228839824455,"GABAergic","Fam53b1"
"Zfp5791",0.30665900052102,7.47540026143861,3.32161755765363,0.00129034859356715,0.0075182799413346,-1.18543500643177,"GABAergic","Zfp5791"
"Slc8a11",0.306584345079807,7.68362804145186,3.2342499986963,0.00170121959186144,0.00920939544421081,-1.32732423206664,"GABAergic","Slc8a11"
"Atad3aos1",0.30630298039836,7.47531185798747,3.32411779437422,0.00128009016614474,0.00746541473283578,-1.17828849663383,"GABAergic","Atad3aos1"
"4930570G19Rik1",0.306178963337135,7.67633273021473,2.4768875541559,0.0151040870800733,0.0487736951929462,-3.17001975518143,"GABAergic","4930570G19Rik1"
"Rrp7a1",0.306066300008205,7.61961231755624,3.37909881076422,0.00107295395341944,0.00653894579159393,-0.954309027055617,"GABAergic","Rrp7a1"
"Zfp1841",0.306061973638036,7.51867510868173,4.41297655143078,2.79991417445334e-05,0.00156624597339851,2.32108708703987,"GABAergic","Zfp1841"
"Nup501",0.306041344210896,7.69792752204919,3.24429162770198,0.00164842510007295,0.00898926882494326,-1.28937709288691,"GABAergic","Nup501"
"Grk41",0.305924512114397,7.47521785823017,3.24695886217093,0.00163466175626382,0.00893742801373931,-1.39795186813776,"GABAergic","Grk41"
"Trh1",0.305904818243596,7.47521296625766,3.24709173648526,0.00163397892308707,0.00893742801373931,-1.39757899970692,"GABAergic","Trh1"
"Pih1d11",0.305867537612695,7.51816743020352,4.41046169695635,2.82680935006597e-05,0.00156624597339851,2.31219264627729,"GABAergic","Pih1d11"
"AC154760.11",0.305586667226442,7.52031166052393,3.14365318199048,0.00225429449254378,0.0114959748780225,-1.64898012703405,"GABAergic","AC154760.11"
"Crlf21",0.305479632232685,7.53444450131852,4.85345895153941,5.0137021676493e-06,0.000962104678538417,3.90949645989151,"GABAergic","Crlf21"
"Calcrl1",0.305443235714154,7.47509829100426,3.3557220371915,0.00115684568426885,0.00687680980304229,-1.08725456209236,"GABAergic","Calcrl1"
"Cilp2",0.305443235714154,7.47509829100426,3.3557220371915,0.00115684568426885,0.00687680980304229,-1.08725456209236,"GABAergic","Cilp2"
"Sostdc11",0.305443235714154,7.47509829100426,3.3557220371915,0.00115684568426885,0.00687680980304229,-1.08725456209236,"GABAergic","Sostdc11"
"Gm133751",0.305429479017442,7.47509487277521,3.33026630150375,0.00125518750622738,0.0073473963828747,-1.16069593235929,"GABAergic","Gm133751"
"Tbkbp11",0.305372713919748,7.5213803573482,4.43530777064742,2.57169428230359e-05,0.001499797818249,2.3998250740245,"GABAergic","Tbkbp11"
"Pqlc21",0.305292405422678,7.52108097839089,4.43103321885268,2.61393975149564e-05,0.00150835482310627,2.38477625085927,"GABAergic","Pqlc21"
"Lefty2",0.305219283257443,7.47504264008492,3.42992341941976,0.000909892320691743,0.00575975555967532,-0.870755980716299,"GABAergic","Lefty2"
"Gm99171",0.305219283257443,7.47504264008492,3.42992341941976,0.000909892320691743,0.00575975555967532,-0.870755980716299,"GABAergic","Gm99171"
"Rnf1351",0.305219283257443,7.47504264008492,3.42992341941976,0.000909892320691743,0.00575975555967532,-0.870755980716299,"GABAergic","Rnf1351"
"Myof",0.305219283257443,7.47504264008492,3.42992341941976,0.000909892320691743,0.00575975555967532,-0.870755980716299,"GABAergic","Myof"
"H2-M31",0.305146380088035,7.47502452231973,3.35784392281752,0.00114898381430528,0.00685310090378958,-1.08114067086282,"GABAergic","H2-M31"
"Mknk21",0.30511460521895,7.47501662541856,3.35807117335559,0.00114814480306356,0.0068513406367559,-1.08048570287696,"GABAergic","Mknk21"
"Sars21",0.305076240302976,7.47500709049869,3.35834558802117,0.00114713242860301,0.0068513406367559,-1.07969475482402,"GABAergic","Sars21"
"Zkscan51",0.304972558894104,7.47498132113661,3.35908737438352,0.00114440001600164,0.00684195870981144,-1.07755644262287,"GABAergic","Zkscan51"
"Gm47931",0.304963565812924,7.47497908588124,3.28948265753486,0.00142925129126693,0.00812152389966731,-1.2774978871094,"GABAergic","Gm47931"
"Prr11",0.304963565812924,7.47497908588124,3.28948265753486,0.00142925129126693,0.00812152389966731,-1.2774978871094,"GABAergic","Prr11"
"1700064H15Rik1",0.30494352108934,7.4749741036625,3.431970866425,0.000903839790448074,0.00574453574181351,-0.864754801176193,"GABAergic","1700064H15Rik1"
"Irak21",0.304901836488832,7.47496374253418,3.35959350588908,0.00114253916252924,0.00683732343486024,-1.07609722850793,"GABAergic","Irak21"
"Gm386041",0.304864191953293,7.47495438536416,3.35986296187377,0.00114154963519256,0.00683674515956806,-1.07532029676633,"GABAergic","Gm386041"
"Nupr11",0.304858980894284,7.47495309005151,3.35990026483323,0.00114141271043453,0.00683674515956806,-1.07521273599864,"GABAergic","Nupr11"
"Cenps1",0.304821055270164,7.47494366274941,3.29046665727096,0.00142479762871014,0.00810836332726994,-1.27470744560732,"GABAergic","Cenps1"
"As3mt1",0.304794334265153,7.47493702047853,3.2906512204386,0.00142396373056426,0.00810836332726994,-1.27418398459251,"GABAergic","As3mt1"
"Fam151b1",0.30474168028968,7.47492393148828,3.3607401252747,0.00113833398897117,0.00683674515956806,-1.07279080226773,"GABAergic","Fam151b1"
"Ctu11",0.304723796994815,7.47491948586708,3.43360338898466,0.000899041032139219,0.00571692068745974,-0.859967798910875,"GABAergic","Ctu11"
"Mchr11",0.30472195129344,7.53050734870057,4.77804577230345,6.77236582276522e-06,0.000962104678538417,3.63146271048266,"GABAergic","Mchr11"
"Lyar1",0.304681607246373,7.51775025422629,4.39058272935768,3.0483705766809e-05,0.00162538224117767,2.24266795393243,"GABAergic","Lyar1"
"Gm426091",0.304611452126349,7.47489155679442,3.44867633809809,0.00085585442507816,0.00550904353229923,-0.815517189548078,"GABAergic","Gm426091"
"Gm427071",0.304611452126349,7.47489155679442,3.44867633809809,0.00085585442507816,0.00550904353229923,-0.815517189548078,"GABAergic","Gm427071"
"Ttll131",0.304611452126349,7.47489155679442,3.44867633809809,0.00085585442507816,0.00550904353229923,-0.815517189548078,"GABAergic","Ttll131"
"Uhrf11",0.304611452126349,7.47489155679442,3.44867633809809,0.00085585442507816,0.00550904353229923,-0.815517189548078,"GABAergic","Uhrf11"
"Gm429021",0.304533212176174,7.47487210504265,3.29245581708852,0.00141583421805774,0.0080812250316599,-1.26906452798027,"GABAergic","Gm429021"
"Dbx21",0.304480643674091,7.47485903508404,3.29281933629835,0.00141420187551013,0.00807556710145107,-1.26803299091236,"GABAergic","Dbx21"
"Bmper1",0.304470875321551,7.47485660635687,3.29288689411651,0.00141389870905896,0.00807556710145107,-1.26784127608746,"GABAergic","Bmper1"
"Eps8l11",0.304470462027007,7.47485650359819,3.44973229237166,0.000852903414947649,0.00550904353229923,-0.812409359186241,"GABAergic","Eps8l11"
"C130060C02Rik1",0.304448760706571,7.47485110789407,3.44989486061525,0.00085244994843969,0.00550904353229923,-0.811930831392527,"GABAergic","C130060C02Rik1"
"Ccdc74a1",0.304397020971674,7.51391614543936,4.328915164997,3.8476209155899e-05,0.00180638760156399,2.02766062742092,"GABAergic","Ccdc74a1"
"A230065N10Rik1",0.304355017822508,7.47482779927322,3.45059721052421,0.000850493430206483,0.00550635103026148,-0.809863228953927,"GABAergic","A230065N10Rik1"
"Plp21",0.304245391967247,7.47480053964125,3.43716131375328,0.000888665640084996,0.00567098331719893,-0.84952888106138,"GABAergic","Plp21"
"Mpp51",0.304214137455889,7.51863422035619,4.42458279813857,2.67896189399995e-05,0.00153394922630533,2.36172803090802,"GABAergic","Mpp51"
"B230354K17Rik1",0.304158389508706,7.51711446769581,3.29699138971527,0.00139559358280124,0.00798326940928804,-1.22394887363227,"GABAergic","B230354K17Rik1"
"Znrd1as1",0.304109878173643,7.47476684001012,3.36526941213863,0.00112186480702054,0.00675567897144152,-1.05972135375242,"GABAergic","Znrd1as1"
"Slc27a31",0.304015640877829,7.47474340328338,3.36594579117836,0.0011194246914969,0.00674738215772757,-1.05776844802148,"GABAergic","Slc27a31"
"Gm192651",0.303914792481324,7.59041805596316,3.77036924345262,0.000289717727282467,0.00250142166591997,0.213588575612941,"GABAergic","Gm192651"
"1810009A15Rik1",0.303861346972533,7.62075124057456,2.7391730564557,0.00741336067437079,0.028471373297271,-2.62862511596011,"GABAergic","1810009A15Rik1"
"Pxmp41",0.303855669484882,7.53897969950175,2.78772551012326,0.00646401244173532,0.0259361628542626,-2.5524937238337,"GABAergic","Pxmp41"
"Zfp1411",0.303787664288736,7.47468669976472,3.45485162078172,0.000838732217904468,0.00546462082207772,-0.797331999810122,"GABAergic","Zfp1411"
"Lrrc75b1",0.303695056546491,7.47466366347793,3.36824830012077,0.00111115546353132,0.006710079278094,-1.05111811810122,"GABAergic","Lrrc75b1"
"Tet11",0.303513730008153,7.63256663368247,2.97745099150449,0.0037258617884933,0.0169745681553888,-2.01899705867161,"GABAergic","Tet11"
"Zfp7601",0.303503822125355,7.51918699894919,3.23970121691758,0.00167236642867729,0.00910012954732085,-1.38378874470341,"GABAergic","Zfp7601"
"Nostrin",0.303372840701649,7.4745835563058,3.35246650665288,0.0011690061727343,0.00690711574011912,-1.09686194676082,"GABAergic","Nostrin"
"Clic6",0.303372840701649,7.4745835563058,3.35246650665288,0.0011690061727343,0.00690711574011912,-1.09686194676082,"GABAergic","Clic6"
"Oacyl",0.303372840701649,7.4745835563058,3.35246650665288,0.0011690061727343,0.00690711574011912,-1.09686194676082,"GABAergic","Oacyl"
"B3gntl11",0.303320426565085,7.47457052476737,3.35283943901787,0.00116760708122568,0.00690711574011912,-1.09578846631325,"GABAergic","B3gntl11"
"9430097D07Rik1",0.303309865090521,7.47456789885172,3.39604650725653,0.00101574793112215,0.00625384979880044,-0.97023133754784,"GABAergic","9430097D07Rik1"
"Gm172811",0.303309865090521,7.47456789885172,3.39604650725653,0.00101574793112215,0.00625384979880044,-0.97023133754784,"GABAergic","Gm172811"
"S100a4",0.303309865090521,7.47456789885172,3.39604650725653,0.00101574793112215,0.00625384979880044,-0.97023133754784,"GABAergic","S100a4"
"Ppp3r21",0.303309865090521,7.47456789885172,3.39604650725653,0.00101574793112215,0.00625384979880044,-0.97023133754784,"GABAergic","Ppp3r21"
"Stk32b",0.303309865090521,7.47456789885172,3.39604650725653,0.00101574793112215,0.00625384979880044,-0.97023133754784,"GABAergic","Stk32b"
"C1qtnf7",0.303309865090521,7.47456789885172,3.39604650725653,0.00101574793112215,0.00625384979880044,-0.97023133754784,"GABAergic","C1qtnf7"
"Tpbgl1",0.303309865090521,7.47456789885172,3.39604650725653,0.00101574793112215,0.00625384979880044,-0.97023133754784,"GABAergic","Tpbgl1"
"Olfr6911",0.303309865090521,7.47456789885172,3.39604650725653,0.00101574793112215,0.00625384979880044,-0.97023133754784,"GABAergic","Olfr6911"
"Gm161831",0.303309865090521,7.47456789885172,3.39604650725653,0.00101574793112215,0.00625384979880044,-0.97023133754784,"GABAergic","Gm161831"
"Gm293941",0.303309865090521,7.47456789885172,3.39604650725653,0.00101574793112215,0.00625384979880044,-0.97023133754784,"GABAergic","Gm293941"
"2610020C07Rik1",0.303309865090521,7.47456789885172,3.39604650725653,0.00101574793112215,0.00625384979880044,-0.97023133754784,"GABAergic","2610020C07Rik1"
"Pde6c",0.303309865090521,7.47456789885172,3.39604650725653,0.00101574793112215,0.00625384979880044,-0.97023133754784,"GABAergic","Pde6c"
"Mamld11",0.303219035540291,7.53205371178519,4.83153028201829,5.4731726783002e-06,0.000962104678538417,3.82836359415104,"GABAergic","Mamld11"
"Leng11",0.303205125618802,7.47454185633193,3.39680812654396,0.00101324574543777,0.00625384979880044,-0.96801658168252,"GABAergic","Leng11"
"Tgfbr3l1",0.303192040784906,7.47453860278099,3.35375318894176,0.00116418570622336,0.00690075983376725,-1.09315785344794,"GABAergic","Tgfbr3l1"
"1700008O03Rik1",0.303160330646041,7.47453071792219,3.35397893607642,0.00116334188793968,0.00690075983376725,-1.09250785870562,"GABAergic","1700008O03Rik1"
"Gm2447",0.303070275217084,7.47450832436839,3.35363075319251,0.00116464359820506,0.00690075983376725,-1.09352326611293,"GABAergic","Gm2447"
"Rad54l",0.303070275217084,7.47450832436839,3.35363075319251,0.00116464359820506,0.00690075983376725,-1.09352326611293,"GABAergic","Rad54l"
"Dennd4b1",0.303067563806378,7.47450765011732,3.39780876759105,0.00100996710414386,0.00625384979880044,-0.965106172161573,"GABAergic","Dennd4b1"
"Wnt16",0.302995586914667,7.47448975106361,3.39833249456008,0.00100825507338915,0.00625384979880044,-0.963582622212009,"GABAergic","Wnt16"
"Ostf11",0.302955653960629,7.47447982026042,3.39862310629862,0.00100730626016014,0.00625384979880044,-0.962737138036263,"GABAergic","Ostf11"
"Pcdhga71",0.302794751588984,7.47443980330641,3.35559281675012,0.00115732609212111,0.00687680980304229,-1.08787290347787,"GABAergic","Pcdhga71"
"Gm38562",0.302738707531889,7.4744258639697,3.46271949734439,0.000817384618877564,0.00536280939791702,-0.774126340734511,"GABAergic","Gm38562"
"Dhtkd11",0.302723004432553,7.51666175266127,3.32021311084434,0.00129614479521441,0.0075415870601921,-1.15727145088151,"GABAergic","Dhtkd11"
"Zfp1131",0.302680485962209,7.47441138249575,3.40062653976219,0.00100078810936886,0.00623488022439144,-0.956906964271294,"GABAergic","Zfp1131"
"Npas41",0.302656742586528,7.47440547663739,3.35657626358433,0.00115367460326013,0.00686807135031564,-1.08503979011534,"GABAergic","Npas41"
"Ddx281",0.302574789237672,7.47438509109039,3.3581516163807,0.00114784794458412,0.0068513406367559,-1.08048725033259,"GABAergic","Ddx281"
"Nfkbid1",0.302563200536555,7.47438220836154,3.35724308730717,0.00115120488064209,0.00685660892739875,-1.08311843343821,"GABAergic","Nfkbid1"
"Zbtb241",0.302551567890104,7.47437931467903,3.35732602565791,0.00115089804848616,0.00685660892739875,-1.08287943753993,"GABAergic","Zbtb241"
"St8sia6",0.302402763026887,7.47434229672471,3.4026501528643,0.00099424461069886,0.00620616747371481,-0.951015348000796,"GABAergic","St8sia6"
"Snta11",0.302382401800698,7.61098799932046,2.54603627449499,0.0125795508623304,0.0423594966233486,-3.06818356001904,"GABAergic","Snta11"
"Vav31",0.302232769012919,7.5209470845249,2.88407443153651,0.00490137177070786,0.0209367854172963,-2.33359990688268,"GABAergic","Vav31"
"Ccdc95",0.302222286452099,7.56547558628646,2.48700932218471,0.0147082445454188,0.0476787844927023,-3.24384334881864,"GABAergic","Ccdc95"
"Gm11491",0.302200329333304,7.47429193178183,3.35983172012931,0.0011416643234465,0.00683674515956806,-1.07565681951402,"GABAergic","Gm11491"
"Grm31",0.302157783345756,7.4742813456028,3.36013542587916,0.00114054988026659,0.00683674515956806,-1.07478110578789,"GABAergic","Grm31"
"Gnai31",0.302073413148319,7.61906061342322,3.71082716904957,0.000355665859956609,0.00291497907473871,0.0403945891545812,"GABAergic","Gnai31"
"Zfp3621",0.302015905858181,7.4742460418768,3.46815092721164,0.000802947835484623,0.005281845370026,-0.758083083413499,"GABAergic","Zfp3621"
"Dact11",0.301984941563641,7.47423833651521,3.40569751814513,0.000984466660731541,0.00616061923757338,-0.942137994154989,"GABAergic","Dact11"
"Tas2r108",0.301837662681411,7.47420168449787,3.5423320791499,0.000628359237460401,0.00430420952381113,-0.536207427004666,"GABAergic","Tas2r108"
"Yes11",0.301746850997155,7.51604356470179,3.3375735090625,0.00122618323802859,0.00719768417961144,-1.10852567383232,"GABAergic","Yes11"
"Fat41",0.301497650541527,7.47411705499209,3.54498081278514,0.000622844009031694,0.00428039606206888,-0.528248496134387,"GABAergic","Fat41"
"Adamts51",0.30147512725609,7.47411144824154,3.545156318138,0.000622480191353065,0.00428023087908,-0.527720977172433,"GABAergic","Adamts51"
"BC0226871",0.301384211851142,7.47408881570173,3.54586480400701,0.000621013562257459,0.00427481302937553,-0.525591269654264,"GABAergic","BC0226871"
"Gxylt2",0.301291679406763,7.47406577921453,3.36632657547737,0.00111805316350821,0.0067452661401882,-1.05691583195644,"GABAergic","Gxylt2"
"Rerg",0.301165127290906,7.56819650084093,2.50693498421955,0.0139560481531084,0.0457823798397674,-3.19711107129589,"GABAergic","Rerg"
"Creg21",0.301101280698702,7.58958484774996,4.42249446452532,2.70034590289536e-05,0.00153919716465035,2.36657904821763,"GABAergic","Creg21"
"Mtmr121",0.301076635531902,7.5702354132084,4.3038851510047,4.22671930299444e-05,0.00188939855984759,1.95506151126864,"GABAergic","Mtmr121"
"Tars1",0.301075065255573,7.52956318316817,4.80152159909888,6.16886785383086e-06,0.000962104678538417,3.71765749164287,"GABAergic","Tars1"
"Pyroxd11",0.301052156536642,7.7101994968973,2.85915262792501,0.00526828300350983,0.0222550506355511,-2.27979422970686,"GABAergic","Pyroxd11"
"Hnrnpa11",0.30101164203316,7.77467604532324,2.62022877639455,0.0102990307656935,0.036838376471112,-2.80858957262914,"GABAergic","Hnrnpa11"
"Gm265931",0.300999258964097,7.4739929701566,3.31701595625079,0.00130943078528458,0.0075978349158129,-1.19916937748044,"GABAergic","Gm265931"
"Oxsm1",0.30082307542647,7.47394909581674,3.55023958953965,0.000612029508789176,0.00424177948596927,-0.512433524483091,"GABAergic","Oxsm1"
"Ripor11",0.300806045845857,7.66567033535371,3.07989239896824,0.00273943367432713,0.0132369182951664,-1.7430779301428,"GABAergic","Ripor11"
"Banp1",0.300707588629327,7.5119545947903,4.34633712080279,3.6033458579271e-05,0.00175993989814872,2.08760734903497,"GABAergic","Banp1"
"Rnf1211",0.300689457491011,7.57638995843319,4.31766702153534,4.01373834231752e-05,0.00184529422986036,2.00315852639167,"GABAergic","Rnf1211"
"Gng111",0.300531811802093,7.47387655222715,3.37276967339812,0.00109508420114886,0.00663870107523116,-1.03828322616495,"GABAergic","Gng111"
"Stard101",0.300467619472042,7.5144238536496,3.15268576953787,0.00219242943931682,0.011272666794724,-1.62835586858178,"GABAergic","Stard101"
"Vwc2l1",0.300298729026282,7.47381848931414,3.5543304024483,0.000603739965224963,0.00422048409652545,-0.50011874597083,"GABAergic","Vwc2l1"
"Nme31",0.300188676577302,7.51515863051595,4.39507793443503,2.99684706328658e-05,0.00162538224117767,2.25783683069631,"GABAergic","Nme31"
"Vash2",0.300113200901943,7.52189315540275,2.90145440062123,0.00465956371810758,0.0200740506692891,-2.28824102374902,"GABAergic","Vash2"
"Efcab101",0.300082894151831,7.47376471494925,3.48271676737038,0.000765410010227595,0.0050613490282609,-0.714963353844427,"GABAergic","Efcab101"
"Cenpu1",0.300028089113927,7.47375105926715,3.58490034995167,0.000545073021197489,0.00391768438748014,-0.407444698868809,"GABAergic","Cenpu1"
"4930488N15Rik",0.300028089113927,7.47375105926715,3.58490034995167,0.000545073021197489,0.00391768438748014,-0.407444698868809,"GABAergic","4930488N15Rik"
"Gtpbp31",0.299933778281375,7.52114171750677,2.84917572078363,0.00542211150695309,0.0227220022132695,-2.42186333067055,"GABAergic","Gtpbp31"
"Sipa1l31",0.299918842163738,7.63565412557092,2.47091069166637,0.0153422843688503,0.0493835349500768,-3.22324864662864,"GABAergic","Sipa1l31"
"Pold21",0.299789973646249,7.47369172261454,3.58678350726771,0.000541641506789198,0.00390141324698397,-0.401735188245375,"GABAergic","Pold21"
"Lasp11",0.299768097790408,7.47368627083545,3.55847278530474,0.000595454227055895,0.00418812780470302,-0.487637787751535,"GABAergic","Lasp11"
"Mrpl471",0.29963040984147,7.76122416599944,2.90601879412534,0.00459790543648241,0.0198717933488234,-2.1340686364801,"GABAergic","Mrpl471"
"Spdya1",0.299497211040349,7.47361875532922,3.56058836451228,0.00059126419020158,0.00416796586679871,-0.481259327730663,"GABAergic","Spdya1"
"Srsf91",0.299440335566811,7.62827243834643,2.69532753600085,0.00837814409608236,0.0312616783712702,-2.71420775615969,"GABAergic","Srsf91"
"Daxx1",0.299417410093912,7.47359886349484,3.58973065004139,0.000536312216479943,0.00387159025272083,-0.39279527331209,"GABAergic","Daxx1"
"Gm490321",0.299357151200764,7.4735838421665,3.59020739800853,0.000535454798042914,0.00386983596726712,-0.391348578901774,"GABAergic","Gm490321"
"Sstr31",0.299345019996923,7.4735808180283,3.3802991725786,0.00106880453286132,0.00651681060041338,-1.01650161920728,"GABAergic","Sstr31"
"Tmtc31",0.299299190610605,7.75797146588706,2.6055892241784,0.0107169535704111,0.0380392967389317,-2.84857323531214,"GABAergic","Tmtc31"
"Gm143931",0.299122817314699,7.47352542167363,3.59206154739429,0.000532132487491959,0.00385467104366659,-0.385720779442209,"GABAergic","Gm143931"
"Cplx31",0.299107075235177,7.51383747880375,4.36624534608948,3.34252287224264e-05,0.00169099440247552,2.15709471525312,"GABAergic","Cplx31"
"Traf61",0.299102158972485,7.56867483696996,2.63045772696492,0.0100158304454593,0.035996980348488,-2.93203360919169,"GABAergic","Traf61"
"Prmt71",0.299098022860294,7.52120171471069,3.01386389125029,0.00334269950363262,0.0155474703184433,-1.99428227966617,"GABAergic","Prmt71"
"Mgme11",0.299087743759173,7.47351667688728,3.59233908773901,0.000531636867051746,0.00385329667103041,-0.384878188372739,"GABAergic","Mgme11"
"Cc2d1a1",0.299061897468828,7.4735102325759,3.59254361561765,0.000531271909209801,0.00385286830185139,-0.384257226216876,"GABAergic","Cc2d1a1"
"Gm454471",0.299053898905801,7.52303355458387,2.64022412759344,0.00975203515145164,0.0351693062704942,-2.93232444712413,"GABAergic","Gm454471"
"Gm265401",0.299009434703077,7.47349715157697,3.56439919453792,0.000583786900325443,0.00411986755372527,-0.469762468112521,"GABAergic","Gm265401"
"Stom",0.298967732533112,7.47348675328211,3.59328879161334,0.000529944229677047,0.0038476700064794,-0.381994590732721,"GABAergic","Stom"
"Zscan201",0.298926504944668,7.51923605492307,3.03991340103246,0.0030913354345554,0.014579390666078,-1.92891114105533,"GABAergic","Zscan201"
"Gm99621",0.298897457565562,7.52226921616155,2.8410289370594,0.00555076783232765,0.0231763415259633,-2.44189688788998,"GABAergic","Gm99621"
"Eif4enif11",0.298889155318272,7.55929969233882,3.79054946931379,0.000270139128366975,0.00237138857145559,0.26727032880869,"GABAergic","Eif4enif11"
"Kctd121",0.298815650355343,7.47344882963465,3.59449238059629,0.00052780643136371,0.00383657104205923,-0.378339296129715,"GABAergic","Kctd121"
"C030006K11Rik1",0.29878727382254,7.56407686803692,2.81972454821476,0.00590056056990415,0.0243224350455113,-2.46011893023359,"GABAergic","C030006K11Rik1"
"Wars21",0.29866281616729,7.51427356992528,3.19079440026782,0.00194843450455645,0.010265340633165,-1.52320084500327,"GABAergic","Wars21"
"Gm446431",0.298615078077391,7.53726221097993,2.67772090769093,0.00879670132564292,0.0323255678527199,-2.83445724957694,"GABAergic","Gm446431"
"Zbtb7b",0.298604481004947,7.47339616540209,3.59616374925283,0.000524851313893187,0.00382587608410713,-0.373261832348686,"GABAergic","Zbtb7b"
"Dhx81",0.298594011032242,7.56434497503722,2.7510304596126,0.00717044967074866,0.0278269114301974,-2.62815853591919,"GABAergic","Dhx81"
"5430403G16Rik1",0.298557289034261,7.47338439501392,3.56793307661178,0.000576933056199226,0.00409443701912205,-0.459092831970234,"GABAergic","5430403G16Rik1"
"Brpf11",0.298482207263706,7.51234812976836,4.36468241282587,3.36232172250376e-05,0.00169420666953519,2.15137791519015,"GABAergic","Brpf11"
"Med12l1",0.29845838936432,7.68464238721215,2.68982826347044,0.008506890257164,0.0316016799084326,-2.73265501360731,"GABAergic","Med12l1"
"Mrpl191",0.298387347371516,7.59327287388786,2.47453912494176,0.0151972818661922,0.0490243686730916,-3.25249880518577,"GABAergic","Mrpl191"
"Gm268011",0.298375097562405,7.47333895020271,3.54941841557639,0.000613706443117071,0.00424177948596927,-0.515123639208697,"GABAergic","Gm268011"
"Wnt5b",0.298375097562405,7.47333895020271,3.54941841557639,0.000613706443117071,0.00424177948596927,-0.515123639208697,"GABAergic","Wnt5b"
"Ptger21",0.298375097562405,7.47333895020271,3.54941841557639,0.000613706443117071,0.00424177948596927,-0.515123639208697,"GABAergic","Ptger21"
"Kcnrg1",0.298375097562405,7.47333895020271,3.54941841557639,0.000613706443117071,0.00424177948596927,-0.515123639208697,"GABAergic","Kcnrg1"
"Gm12278",0.298375097562405,7.47333895020271,3.54941841557639,0.000613706443117071,0.00424177948596927,-0.515123639208697,"GABAergic","Gm12278"
"Nab11",0.298222345681269,7.47330084433048,3.55060240436856,0.000611289979353533,0.00424177948596927,-0.511561224082018,"GABAergic","Nab11"
"Slc6a111",0.298214876573106,7.47329898096699,3.55066030187975,0.000611172044455215,0.00424177948596927,-0.511386997535366,"GABAergic","Slc6a111"
"Pde3b1",0.298212278987669,7.52739179487217,2.61409308918524,0.0104723610735756,0.0373183401538422,-2.98987692565155,"GABAergic","Pde3b1"
"Scml41",0.298207823213631,7.4732972213142,3.55071497701336,0.000611060693169076,0.00424177948596927,-0.511222465868653,"GABAergic","Scml41"
"Vav21",0.298163094850079,7.47328606240949,3.55106170298217,0.000610354998226795,0.00424177948596927,-0.510179032805821,"GABAergic","Vav21"
"Syt101",0.298129849698902,7.47327776813674,3.57127495144158,0.000570521722442687,0.00406496727240415,-0.448995573043299,"GABAergic","Syt101"
"Gm28971",0.298123074287179,7.47327607772865,3.55137194599388,0.000609724210985998,0.00424113522130901,-0.509245325759709,"GABAergic","Gm28971"
"Fgf15",0.298013088869114,7.47324863621119,3.55222461554964,0.000607993734953932,0.0042337739520258,-0.506678814391303,"GABAergic","Fgf15"
"Pcdhb51",0.297986280272325,7.47324194711899,3.55243246255213,0.000607572618380918,0.00423318156733651,-0.506053130091265,"GABAergic","Pcdhb51"
"Rapgef31",0.297936251376574,7.47322946393696,3.55282034831865,0.000606787465031775,0.00423318156733651,-0.504885398886,"GABAergic","Rapgef31"
"Npy2r",0.297922616896018,7.47322606179574,3.55292606229108,0.000606573646673784,0.00423318156733651,-0.504567129944617,"GABAergic","Npy2r"
"Gtf2f11",0.297752213198386,7.60176205911544,3.41857611703713,0.000944134522344803,0.00592589067163801,-0.835639965259923,"GABAergic","Gtf2f11"
"Slc25a471",0.297680947314251,7.47316577157816,3.55479849393638,0.000602798234956092,0.00421624062506491,-0.498928711612478,"GABAergic","Slc25a471"
"Tedc21",0.297668714039728,7.56008099541175,3.77280527697699,0.000287284524547244,0.00249237131936752,0.211929939844446,"GABAergic","Tedc21"
"Rhof1",0.297663669823506,7.51740692788267,4.44498108823673,2.47851553909715e-05,0.00147272925688711,2.43311076561078,"GABAergic","Rhof1"
"Srxn11",0.29753495596509,7.62428696537496,3.47108711455147,0.00079524392287375,0.0052393764102723,-0.677547729097651,"GABAergic","Srxn11"
"Ccdc1601",0.297497012255564,7.47311987811274,3.55622381139587,0.000599939259454304,0.00420891077017364,-0.494635174232751,"GABAergic","Ccdc1601"
"Setd1a1",0.297485502253439,7.58051587241006,2.74912859941186,0.00720891570796391,0.0279503573940355,-2.62564830182516,"GABAergic","Setd1a1"
"Slc26a111",0.297251129511865,7.47305851918539,3.55812943419517,0.000596136899524834,0.00419058957774237,-0.48889276258619,"GABAergic","Slc26a111"
"Hmga1b",0.297161147546871,7.47303606202966,3.60758602466179,0.000505071448729526,0.00372287012267164,-0.338514717162107,"GABAergic","Hmga1b"
"Slc39a131",0.297092659667698,7.63535255106409,3.65439255336385,0.000431157956824325,0.00327778924690164,-0.127331795713299,"GABAergic","Slc39a131"
"Rrp91",0.296846042186703,7.51200626401772,4.37497110514801,3.23403879232674e-05,0.00166282394558939,2.18711648819203,"GABAergic","Rrp91"
"Col9a21",0.296805467445422,7.51302194159435,3.0055680052295,0.00342664035575455,0.0158813055781604,-2.02408280006317,"GABAergic","Col9a21"
"Gpr271",0.296787010479491,7.57870853424742,3.22998295356282,0.00172412899310443,0.00925944384277099,-1.376539940122,"GABAergic","Gpr271"
"Hpgds1",0.296572002853461,7.47288899285062,3.3111336700528,0.00133420937526864,0.00770611439718434,-1.21645229181176,"GABAergic","Hpgds1"
"Mtus11",0.296527083837321,7.56374072238807,3.83426465219297,0.00023196139864736,0.00225228369664635,0.406027671534882,"GABAergic","Mtus11"
"A230087F16Rik1",0.296476065306351,7.51841793309525,2.70338529143059,0.00819269824281178,0.0308069909745373,-2.78334303584039,"GABAergic","A230087F16Rik1"
"Ikbke",0.296410091894098,7.47284856860436,3.56464919095885,0.000583299519175878,0.00411873545014492,-0.469228535968549,"GABAergic","Ikbke"
"Cdh221",0.296398699809139,7.54768391585524,3.2814170414471,0.00146625169992522,0.00827159955380813,-1.25030094955876,"GABAergic","Cdh221"
"Jdp21",0.29636298980336,7.51862827590693,4.48067343982204,2.16214037829868e-05,0.00137970668725525,2.55911449627884,"GABAergic","Jdp21"
"Chml1",0.296326186091799,7.5414896619767,3.53485358732776,0.000644181386262892,0.00437925144239269,-0.520901176284313,"GABAergic","Chml1"
"Pkp21",0.296231143771631,7.47280391022292,3.56603432420938,0.00058060609875497,0.0041086773404817,-0.46504738416482,"GABAergic","Pkp21"
"Elmod31",0.296229179783062,7.51794710935146,3.06327661669384,0.00288091205395388,0.0138093033271145,-1.86752459276273,"GABAergic","Elmod31"
"Phgdh1",0.296200579927951,7.47279628214793,3.56627090953262,0.000580147232164706,0.00410799026620506,-0.464333107155335,"GABAergic","Phgdh1"
"Gm59141",0.29607759962318,7.52158902807688,4.51145379924541,1.92099307320536e-05,0.00137217228788588,2.66853827822755,"GABAergic","Gm59141"
"Myt11",0.296067983157826,7.51857124702969,4.4721171169604,2.23421814803264e-05,0.00138739821825762,2.52889419936454,"GABAergic","Myt11"
"Phc11",0.296047338711537,7.54914597348028,3.0974604943437,0.00259688306107608,0.0127238179386913,-1.76032101246355,"GABAergic","Phc11"
"Stard31",0.296036387677392,7.52174634982426,4.51328997128905,1.90746206222421e-05,0.00137217228788588,2.67507504007284,"GABAergic","Stard31"
"Hmgxb41",0.296026074131319,7.60925897929535,3.36992266181688,0.00110517825525342,0.00668620306951277,-0.972783033876422,"GABAergic","Hmgxb41"
"Ugp21",0.295869727969389,7.65957891371843,2.97408877596231,0.00376321535759151,0.0171137992272853,-2.03297056358713,"GABAergic","Ugp21"
"Gm136101",0.295816273644643,7.51808088632995,3.01966315833173,0.00328515519625279,0.0153327528741002,-1.98328891237428,"GABAergic","Gm136101"
"D730003I15Rik1",0.295797169844897,7.66116438001751,3.09928310902661,0.0025824955645396,0.0126829226614056,-1.70603198363951,"GABAergic","D730003I15Rik1"
"Sypl21",0.29574123460346,7.47268162022347,3.58993845683743,0.000535938321781489,0.00387110954098705,-0.392474576091804,"GABAergic","Sypl21"
"Isg20l21",0.295690288308863,7.65359885286566,3.47742763363519,0.000778845013985923,0.00514050344477297,-0.651352082516121,"GABAergic","Isg20l21"
"Klhdc8b1",0.295147692660287,7.57029797858241,2.55674717871645,0.0122244427330429,0.0417242107690179,-3.08235556523687,"GABAergic","Klhdc8b1"
"Ppp2r5e1",0.295111979817491,7.77604985129021,2.47503770764387,0.0151774532404041,0.0489854928181836,-3.11559967127128,"GABAergic","Ppp2r5e1"
"Eepd11",0.295052333467368,7.5173725709669,4.47193409585572,2.23578501473602e-05,0.00138739821825762,2.52804195391696,"GABAergic","Eepd11"
"Clgn1",0.294968296681541,7.51283107309033,3.13457463330012,0.00231810948236778,0.011741546099472,-1.67796222513408,"GABAergic","Clgn1"
"Phf71",0.294911018560282,7.51589854340993,4.46956859800255,2.25613224103984e-05,0.00138881352986193,2.51943420586465,"GABAergic","Phf71"
"Mrm21",0.294830564131722,7.54728266480655,3.02320157633214,0.00325049659399981,0.0152047922742724,-1.95956298633104,"GABAergic","Mrm21"
"Plcg2",0.29480119915857,7.47244685535483,3.62309387995961,0.00047934489032715,0.00355403624688117,-0.291241109484058,"GABAergic","Plcg2"
"Gm3164",0.29480119915857,7.47244685535483,3.62309387995961,0.00047934489032715,0.00355403624688117,-0.291241109484058,"GABAergic","Gm3164"
"Gm17151",0.29480119915857,7.47244685535483,3.62309387995961,0.00047934489032715,0.00355403624688117,-0.291241109484058,"GABAergic","Gm17151"
"AC140300.1",0.29480119915857,7.47244685535483,3.62309387995961,0.00047934489032715,0.00355403624688117,-0.291241109484058,"GABAergic","AC140300.1"
"Arhgap28",0.29480119915857,7.47244685535483,3.62309387995961,0.00047934489032715,0.00355403624688117,-0.291241109484058,"GABAergic","Arhgap28"
"Rnf21",0.294734263590298,7.53631930827096,3.02717655644742,0.00321196594634058,0.0150525055900492,-1.95355572900335,"GABAergic","Rnf21"
"Tob21",0.294538098944049,7.60451980159351,2.53717584981863,0.0128802956457735,0.0430722283646956,-3.0977537602197,"GABAergic","Tob21"
"Atp1a21",0.294477147275411,7.47236590769957,3.41548875080111,0.000953659004562694,0.00598269047832483,-0.914142256955013,"GABAergic","Atp1a21"
"Gtpbp11",0.294328021829546,7.51882342253364,4.49600807261065,2.03855287784389e-05,0.0013784186579601,2.61337927832841,"GABAergic","Gtpbp11"
"Mcc1",0.294290697680849,7.47231934568969,3.62711355273487,0.000472882120583456,0.00352270613423406,-0.278954450953106,"GABAergic","Mcc1"
"Lyrm11",0.29428088858846,7.51942072686161,2.85611780782891,0.00531464580796889,0.0224190516186867,-2.4049791122844,"GABAergic","Lyrm11"
"Lypd6b1",0.294261512972353,7.47231205685478,3.6273431282095,0.000472515517883345,0.00352205797560739,-0.278252420118532,"GABAergic","Lypd6b1"
"1700086P04Rik1",0.294021428409778,7.47225209050906,3.62923150211949,0.000469510234569681,0.00350380356923831,-0.272476607383018,"GABAergic","1700086P04Rik1"
"Sord1",0.293998737079042,7.56616884447274,4.02552444697973,0.000117615112212448,0.00219999488316634,1.02218840541371,"GABAergic","Sord1"
"Tyrobp1",0.293906883865508,7.47222347979398,3.58401846070362,0.000546687079978122,0.00392399837406518,-0.410649779270083,"GABAergic","Tyrobp1"
"Snhg91",0.293878605584834,7.47221642191852,3.63035398901647,0.000467732433140824,0.00349407273794907,-0.269042309296059,"GABAergic","Snhg91"
"Glb1l1",0.2938732417817,7.51316842598536,3.13345655334267,0.00232608398171631,0.0117677429388274,-1.67979201265621,"GABAergic","Glb1l1"
"4933407L21Rik1",0.293848591634551,7.47220893069207,3.63373624691607,0.0004624141102562,0.00347141272163132,-0.258655522812906,"GABAergic","4933407L21Rik1"
"Gabrg11",0.293821039942985,7.47220205388717,3.63080566288694,0.000467018872079752,0.00349407273794907,-0.267660190628627,"GABAergic","Gabrg11"
"Ldhd1",0.293820386326391,7.47220189074519,3.63081079118174,0.000467010776253921,0.00349407273794907,-0.267644497350171,"GABAergic","Ldhd1"
"Htatip21",0.293800322006536,7.47219688267685,3.63096821489965,0.000466762322712319,0.00349407273794907,-0.267162751372033,"GABAergic","Htatip21"
"Ddb11",0.293790147521874,7.59751182147494,3.43741504697819,0.000887930045798043,0.00566916106787529,-0.780634330451235,"GABAergic","Ddb11"
"Klhl361",0.293752396235497,7.47218492008863,3.63134422623847,0.000466169391031937,0.00349407273794907,-0.266012023551269,"GABAergic","Klhl361"
"Slc5a31",0.29373082067388,7.65922787361871,2.82785000802017,0.00576483407665058,0.0238723257276684,-2.38612817966374,"GABAergic","Slc5a31"
"Rpap21",0.293690064337027,7.51994457974841,2.89120031839963,0.00480086624023999,0.0205632478844961,-2.31609312600494,"GABAergic","Rpap21"
"Kcnh41",0.293648148473688,7.52158690492212,4.47426066581142,2.21594585078779e-05,0.00138739821825762,2.53694825556287,"GABAergic","Kcnh41"
"1700003E16Rik1",0.293647795910946,7.47215880977661,3.63216482922369,0.000464877862986553,0.00348782992259774,-0.263500380010561,"GABAergic","1700003E16Rik1"
"Prdm41",0.293544988683632,7.56807697093828,2.66131774143966,0.00920364479822945,0.0335663907131721,-2.83970338544785,"GABAergic","Prdm41"
"Zfp6881",0.293461730690704,7.51632199575662,3.02676030142882,0.00321598090571549,0.0150545193122624,-1.96596516022235,"GABAergic","Zfp6881"
"D430036J16Rik1",0.293326217398824,7.51289275781347,4.41057529147246,2.82558914565315e-05,0.00156624597339851,2.31156328578105,"GABAergic","D430036J16Rik1"
"Tlnrd11",0.293306153040909,7.51699185906726,3.03460099334773,0.00314112952379482,0.0147644808250908,-1.9450712426787,"GABAergic","Tlnrd11"
"Gm438481",0.293286690724688,7.47206865619042,3.63499707649176,0.000460446273487903,0.00345870107759518,-0.254828395631601,"GABAergic","Gm438481"
"Pkdrej1",0.293178958566501,7.47204175537494,3.63584183609135,0.000459132263204606,0.00345294872811249,-0.2522408751342,"GABAergic","Pkdrej1"
"Cidea",0.293094890524405,7.47202076210854,3.63650096646098,0.000458109467272972,0.00344731479046453,-0.25022163140297,"GABAergic","Cidea"
"Fitm21",0.293000228025227,7.55973639697061,3.10397388537531,0.00254580715923223,0.0125467655652772,-1.72730859369014,"GABAergic","Fitm21"
"Scamp31",0.292974360257365,7.69842647029908,3.17728420004637,0.00203187947486501,0.0106029766963026,-1.46918250664912,"GABAergic","Scamp31"
"Relt1",0.292954315420104,7.58663056714069,4.10568402676345,8.79580607230264e-05,0.00204807336585576,1.29153248746892,"GABAergic","Relt1"
"Hist1h2ap1",0.292946523295265,7.47198370920579,3.64081915584498,0.000451462046225504,0.00340665323954644,-0.236952036664306,"GABAergic","Hist1h2ap1"
"Tmem176a1",0.292922057259196,7.47197759874411,3.63785585012924,0.000456013829082754,0.00343359605795305,-0.246070095605198,"GABAergic","Tmem176a1"
"Lrrc75a1",0.292891622909819,7.4719699975338,3.53713018589105,0.00063932537123131,0.00435799875616927,-0.552663305295087,"GABAergic","Lrrc75a1"
"1110046J04Rik1",0.292753123853676,7.65966796080697,2.67283711675768,0.00891612034442635,0.0326976325993417,-2.75095726404837,"GABAergic","1110046J04Rik1"
"Prag11",0.29243228862429,7.51412951279529,4.44065661601159,2.51976058514645e-05,0.00148546771975305,2.41729271591264,"GABAergic","Prag11"
"Neu11",0.291885897876957,7.80487693160779,2.69239198233656,0.00844664765689363,0.0314242234299731,-2.61913270916146,"GABAergic","Neu11"
"Tnfaip8l31",0.291770728328644,7.51824002280638,4.48807198746061,2.10163373704473e-05,0.0013784186579601,2.58520162921653,"GABAergic","Tnfaip8l31"
"Slc39a111",0.291702546171725,7.51836489700366,2.92837442118345,0.00430662053406926,0.0190019260482208,-2.22098697245931,"GABAergic","Slc39a111"
"Rpf21",0.29163108919025,7.58210808508556,3.978089407443,0.00013945346090318,0.00219999488316634,0.871530881244377,"GABAergic","Rpf21"
"G730003C15Rik1",0.291567926883029,7.49755312181959,4.02945702172633,0.000115959753746244,0.00219999488316634,1.01123739846352,"GABAergic","G730003C15Rik1"
"Arsa1",0.291500176447285,7.60742977096572,2.52207027649307,0.0134079543870943,0.0443772993731547,-3.12691258960077,"GABAergic","Arsa1"
"Gm217811",0.291495937589171,7.49652449705458,4.03208939671127,0.000114864198035526,0.00219999488316634,1.01965705223505,"GABAergic","Gm217811"
"Sh3yl11",0.291375160634368,7.49623121465506,4.02162573146423,0.00011927856246246,0.00219999488316634,0.985044324377006,"GABAergic","Sh3yl11"
"Sart11",0.291258945689689,7.56387996966822,4.04050356886562,0.000111428498569049,0.00219999488316634,1.07089374064437,"GABAergic","Sart11"
"Gm425171",0.291214358567419,7.60283689691129,2.533133674053,0.0130196328893764,0.043440215182039,-3.12292473678844,"GABAergic","Gm425171"
"Alg111",0.291100317010718,7.63241288023818,2.76583878659721,0.006877291297282,0.0270622459918456,-2.56404188146034,"GABAergic","Alg111"
"B4galt21",0.290946142967655,7.53829201611926,2.72297894028652,0.00775723830184689,0.0294953006001706,-2.71087370512782,"GABAergic","B4galt21"
"Myo191",0.290872334992697,7.56550712929677,2.95019284717562,0.00403882449986074,0.0181768746783657,-2.12822641060688,"GABAergic","Myo191"
"Zfp7861",0.290851710408114,7.54201391891305,3.52063596481414,0.000675305596677116,0.00456864908772375,-0.56297999568018,"GABAergic","Zfp7861"
"B9d21",0.290759942910926,7.54367814654584,3.21186968518791,0.00182462531513427,0.00969413964350334,-1.45039772199321,"GABAergic","B9d21"
"Ampd21",0.290674919803416,7.6361525033025,2.57612976744527,0.0116047149434203,0.0405055677867182,-2.9849638234214,"GABAergic","Ampd21"
"Chmp2b1",0.290645697109651,7.5917172531075,2.8988171160942,0.00469553554908886,0.0201944900347806,-2.26520102287815,"GABAergic","Chmp2b1"
"Csrp11",0.2902671521837,7.57836242603706,2.48898462275257,0.0146320872610459,0.0474807839328685,-3.25490147304166,"GABAergic","Csrp11"
"Magoh1",0.290113756470955,7.55603381425654,3.67994821459299,0.000395259175162613,0.00311343979133725,-0.0768142233791425,"GABAergic","Magoh1"
"Stk351",0.289637169766456,7.55695569747075,2.84727108331051,0.00545194256797683,0.0228015008395764,-2.39479113924026,"GABAergic","Stk351"
"Gm129631",0.289465764891172,7.47111345323452,3.6648612293918,0.000416093270444606,0.00320582686715027,-0.163083463190445,"GABAergic","Gm129631"
"Tsfm1",0.288830356701149,7.49382836292229,4.01199995020882,0.000123482668943689,0.00219999488316634,0.952649676551969,"GABAergic","Tsfm1"
"Exoc21",0.288808150644406,7.71338151379278,2.99683484063054,0.00351711000420053,0.0162348972967805,-1.93724253131801,"GABAergic","Exoc21"
"Erap11",0.288764438826269,7.49751201291169,2.51125736558547,0.0137975062213538,0.0453686206918283,-3.24755460387763,"GABAergic","Erap11"
"Pstpip21",0.288759630188328,7.52464980978419,2.7854089448099,0.00650665499906508,0.0260700804781243,-2.57590386807268,"GABAergic","Pstpip21"
"Gm206351",0.288738835001369,7.51640447183256,4.51452466923145,1.89841532908126e-05,0.00137217228788588,2.67862773423269,"GABAergic","Gm206351"
"Slc52a21",0.288705222444805,7.5605056588295,4.04355010379628,0.000110208998596504,0.00219999488316634,1.080488985871,"GABAergic","Slc52a21"
"Coa71",0.288667927335402,7.63099422391541,3.72861256997992,0.000334603592993936,0.00277302727693724,0.0991468296236926,"GABAergic","Coa71"
"1190002N15Rik1",0.28864509315307,7.56604339381356,3.78868414021805,0.000271894585634641,0.00238181925955464,0.265037387568576,"GABAergic","1190002N15Rik1"
"Gpr451",0.288611939182593,7.53790409750407,3.50901955192329,0.000701784787714189,0.00473000693998696,-0.598905744255439,"GABAergic","Gpr451"
"Cdca7",0.288580912869222,7.49707951530724,4.03956653276796,0.000111806180143174,0.00219999488316634,1.04451850936004,"GABAergic","Cdca7"
"Sprn1",0.288414269696253,7.51473283113782,4.49478459498012,2.04815693246437e-05,0.0013784186579601,2.60835426141529,"GABAergic","Sprn1"
"Ccnb1ip11",0.288105283046557,7.47077382303894,3.67534521126106,0.000401508212418421,0.00313174419818144,-0.130746524395716,"GABAergic","Ccnb1ip11"
"Lrrc421",0.288058831281747,7.51997686665104,2.87292409583524,0.00506252739131881,0.0214939863661756,-2.36227389952356,"GABAergic","Lrrc421"
"Ell1",0.288012636350063,7.49625775074863,4.03899915146321,0.000112035465020673,0.00219999488316634,1.04242380178635,"GABAergic","Ell1"
"Fam20b1",0.287968764778594,7.58539925949141,2.49367505922325,0.0144526624658724,0.0470561357153256,-3.21844323465531,"GABAergic","Fam20b1"
"Tmem2151",0.287910435479097,7.47072517527837,3.67684168370056,0.000399466380617469,0.0031259384294643,-0.126125287976672,"GABAergic","Tmem2151"
"Hmgxb31",0.287782002408193,7.7305350440009,2.73951398617996,0.00740627288328505,0.0284615068672184,-2.56648453001648,"GABAergic","Hmgxb31"
"Adh51",0.287726159015776,7.56161077688101,3.82746547649839,0.000237540964970809,0.00227206039160006,0.384491566047819,"GABAergic","Adh51"
"Nudcd21",0.287650746616327,7.67466934553094,3.23113107302166,0.00171793664096069,0.00923638406580532,-1.34004786281242,"GABAergic","Nudcd21"
"Alyref21",0.287329307082269,7.51464920743307,4.51256240007028,1.91281256418554e-05,0.00137217228788588,2.67136661459135,"GABAergic","Alyref21"
"Ackr11",0.287125971047434,7.51466256318513,4.51233808875488,1.91446506023306e-05,0.00137217228788588,2.6705727049614,"GABAergic","Ackr11"
"Atf6b1",0.287037861840091,7.6442894506597,3.06896251539816,0.00283175239827426,0.0135995367750899,-1.77634996962454,"GABAergic","Atf6b1"
"Esrra1",0.286850576442394,7.53995065696783,2.48920634195109,0.0146235610213402,0.0474653435160584,-3.25542716681851,"GABAergic","Esrra1"
"Ap4e11",0.286826235375408,7.56150070011515,4.0207986663776,0.000119634330777661,0.00219999488316634,1.00648675870106,"GABAergic","Ap4e11"
"Zfp9951",0.286665322250962,7.51356161770792,3.17801187769554,0.00202730138957885,0.0105878588741811,-1.55730880301985,"GABAergic","Zfp9951"
"Galnt121",0.28643573118753,7.49188820453504,3.99505090669616,0.000131232632393425,0.00219999488316634,0.89634379959229,"GABAergic","Galnt121"
"Pigg1",0.286429957911016,7.62179307688514,3.70995050918277,0.000356735970548049,0.00291805390973621,0.0381641035614333,"GABAergic","Pigg1"
"Fut111",0.286283190927414,7.51828597600647,4.53492765408019,1.75480090599188e-05,0.00137217228788588,2.75145257935454,"GABAergic","Fut111"
"Zxdb1",0.28616880277704,7.541251071931,3.71816180740089,0.000346831501368493,0.00285547588814952,0.0364175244282574,"GABAergic","Zxdb1"
"1700030K09Rik1",0.286043301782832,7.51379782344411,4.49039595072902,2.08296846137998e-05,0.0013784186579601,2.59265131641216,"GABAergic","1700030K09Rik1"
"Dchs1",0.285890672589003,7.53982908377775,2.7800695611372,0.00660592192518225,0.026350474506498,-2.56966961656765,"GABAergic","Dchs1"
"Cmc41",0.285728055835304,7.57368925149371,2.47140645721891,0.0153223994181288,0.0493638719656479,-3.26634436549267,"GABAergic","Cmc41"
"Gtf2h31",0.285722656035182,7.51495325860656,4.5213807889374,1.84893077167843e-05,0.00137217228788588,2.70273828774949,"GABAergic","Gtf2h31"
"Spryd41",0.285701002541626,7.51339746930182,4.48937237072204,2.09116965271499e-05,0.0013784186579601,2.58895617980916,"GABAergic","Spryd41"
"Abt11",0.285696119911512,7.56132899243038,4.12735723939953,8.12649477557077e-05,0.00198309593056706,1.35770024967843,"GABAergic","Abt11"
"Emc81",0.285684063808712,7.58641625205713,3.64236717750043,0.000449101380513291,0.00339371931033349,-0.184157737666344,"GABAergic","Emc81"
"Fxyd21",0.285676363760428,7.5084868989207,4.44026397951928,2.52353808071091e-05,0.00148546771975305,2.41495843877567,"GABAergic","Fxyd21"
"Slc29a21",0.285661844433056,7.53906058742314,2.95081258657662,0.00403144731597229,0.0181630217102337,-2.15521513144086,"GABAergic","Slc29a21"
"Plod21",0.285653206054399,7.53062355371462,2.62655722422605,0.0101229781085225,0.0362800780899546,-2.95525354467133,"GABAergic","Plod21"
"St3gal21",0.285625818589978,7.56650434692875,2.54409132047599,0.0126450207496252,0.0425099382065641,-3.11288030059706,"GABAergic","St3gal21"
"Pcsk11",0.285566925035248,7.5151239923809,3.18543775642041,0.00198112939968797,0.0104027874313753,-1.53420910260801,"GABAergic","Pcsk11"
"Arntl21",0.285556838021077,7.51417180267441,4.52323343856853,1.83577492560409e-05,0.00137217228788588,2.70919126972167,"GABAergic","Arntl21"
"Gtf3c41",0.285471285750506,7.51643659209546,4.50772334692169,1.94877004095872e-05,0.00137217228788588,2.65449949987109,"GABAergic","Gtf3c41"
"Cables21",0.285424785080331,7.53990238852937,2.49637234320459,0.014350377939073,0.0467714646567925,-3.23907737337342,"GABAergic","Cables21"
"Ntn51",0.285370722608846,7.49025335760791,2.96506670426467,0.00386516530827506,0.0175142040965255,-2.14636120379519,"GABAergic","Ntn51"
"4930488L21Rik1",0.285180288466933,7.54071622695465,3.65989701575939,0.00042317351959641,0.00323269668062824,-0.14355605375726,"GABAergic","4930488L21Rik1"
"Dok71",0.285091344809429,7.51513837390177,4.53008962071492,1.78787235513589e-05,0.00137217228788588,2.73373629911433,"GABAergic","Dok71"
"Lrfn41",0.285071434284964,7.49623402505867,4.04910562289535,0.000108018047700458,0.00219999488316634,1.07586970853482,"GABAergic","Lrfn41"
"Gm272531",0.284968820533664,7.5130514656595,4.47857821605329,2.17957950911959e-05,0.00137970668725525,2.55073577032207,"GABAergic","Gm272531"
"Tlcd21",0.284893477848231,7.56258216706517,3.85074708049397,0.000218949733252591,0.00219999488316634,0.458411594879117,"GABAergic","Tlcd21"
"Hcrtr21",0.284744656171231,7.50174735326646,4.06069933960502,0.000103579560180988,0.00219999488316634,1.11573228192805,"GABAergic","Hcrtr21"
"Pgs11",0.28474296217068,7.51114832480921,4.45489269190493,2.38643057156621e-05,0.00143836678995309,2.46688075807504,"GABAergic","Pgs11"
"Pold41",0.284641767677936,7.5155490046292,3.36900343043927,0.00110845601515396,0.00669698821241941,-1.01815218529997,"GABAergic","Pold41"
"Zfp9511",0.284462401993259,7.51453656897005,4.52046212971999,1.85548806922954e-05,0.00137217228788588,2.69940344961584,"GABAergic","Zfp9511"
"E230001N04Rik1",0.284411926966861,7.4945353426318,4.02562670711921,0.000117571781940914,0.00219999488316634,0.99777102331884,"GABAergic","E230001N04Rik1"
"Ifit3b1",0.284390168960264,7.49565248310314,4.05171517032688,0.000107003387812041,0.00219999488316634,1.08436043065267,"GABAergic","Ifit3b1"
"Cox151",0.28432431154438,7.49472310654225,4.05430075135245,0.00010600706606414,0.00219999488316634,1.0926790759853,"GABAergic","Cox151"
"Ccne21",0.284318211545242,7.51177116269258,4.4646690905368,2.29884745537184e-05,0.00140082349996312,2.50143777515425,"GABAergic","Ccne21"
"Mog1",0.284159416620602,7.5087114059582,4.10104438615168,8.94581373789905e-05,0.0020592534308767,1.25195206471808,"GABAergic","Mog1"
"Gm265341",0.284035532552578,7.49575721952483,4.06291205412079,0.000102752574889156,0.00219999488316634,1.121534014913,"GABAergic","Gm265341"
"Zfp8271",0.283963470030075,7.60297338327798,2.50101647031811,0.0141757865555041,0.0463095869679412,-3.17120497432874,"GABAergic","Zfp8271"
"Hcn21",0.283897638598572,7.60401096274577,3.45309472224175,0.000843570411737294,0.00548320767629241,-0.734917489133963,"GABAergic","Hcn21"
"Tex301",0.283886900600489,7.54021637718693,3.47736222313049,0.000779012548707755,0.00514050344477297,-0.69232635725499,"GABAergic","Tex301"
"Agtr21",0.283881631822441,7.4793670926412,3.50255942161299,0.00071693174014589,0.00480382400564776,-0.653874314322479,"GABAergic","Agtr21"
"Alas11",0.283853180750037,7.68402338720875,3.39633637292814,0.00101479493655153,0.00625384979880044,-0.867435049962339,"GABAergic","Alas11"
"Lca51",0.283743683944286,7.56911934262264,3.64946851953953,0.00043842142113875,0.00332298113242168,-0.166798425444822,"GABAergic","Lca51"
"Trpm41",0.283725853317454,7.52545379339168,2.67588031463688,0.00884153609784985,0.0324524563591534,-2.84489186735772,"GABAergic","Trpm41"
"Pax21",0.283619808202026,7.50191984952446,4.06371458661681,0.000102454202690221,0.00219999488316634,1.1257909931882,"GABAergic","Pax21"
"Srprb1",0.283382525220936,7.51558985067854,2.82678683754132,0.0057824289230409,0.0239137416754912,-2.48084035838543,"GABAergic","Srprb1"
"Me11",0.283155789081253,7.51393967114698,4.54035714618449,1.71839183122115e-05,0.00137217228788588,2.77009670927678,"GABAergic","Me11"
"Fahd11",0.282968338571671,7.56951123831109,2.53811040750921,0.0128482721443398,0.0430108021153688,-3.12374045499608,"GABAergic","Fahd11"
"Igfbp41",0.282951705146874,7.6650038510078,3.14354786458022,0.00225502531742427,0.0114959748780225,-1.571439058757,"GABAergic","Igfbp41"
"Nop21",0.282640833945242,7.49701482801344,4.07296240080592,9.90754011588116e-05,0.00217810266736047,1.15526231729197,"GABAergic","Nop21"
"Mitd11",0.282502954469253,7.65244692266652,3.36738197508151,0.0011142600223307,0.00672560301930994,-0.96844841370624,"GABAergic","Mitd11"
"Il11ra11",0.282369143110125,7.51333720634256,3.36164290546063,0.00113503332169461,0.00682157192432587,-1.0407100817133,"GABAergic","Il11ra11"
"Pbx21",0.282187983101476,7.5204660283278,2.57739473819971,0.0115652719623548,0.0404215630681238,-3.07602145283048,"GABAergic","Pbx21"
"Ccpg1os1",0.282166316168326,7.51536466504789,3.35302666926752,0.00116690526220673,0.00690711574011912,-1.06468351953798,"GABAergic","Ccpg1os1"
"Samd41",0.282166062720304,7.51557649624286,3.3354789187763,0.0012344322481453,0.00723935895246103,-1.11466932758515,"GABAergic","Samd41"
"Jazf11",0.282105385646719,7.62455340886682,3.52588327898577,0.000663656648440319,0.00450435495711352,-0.515072997995929,"GABAergic","Jazf11"
"Prkg21",0.282068869837367,7.51611932950664,4.55276752900834,1.63789679573498e-05,0.00137217228788588,2.81469942027172,"GABAergic","Prkg21"
"Zfp31",0.281975581518371,7.51255177308667,4.51903633120537,1.86570989032606e-05,0.00137217228788588,2.69402338844938,"GABAergic","Zfp31"
"Fam53c1",0.281876639772936,7.58197241990126,3.71298455392102,0.000353045389003434,0.00289916086393498,0.0315766084296598,"GABAergic","Fam53c1"
"Spryd31",0.281785180792229,7.51287932240533,4.47302076804593,2.2264974346762e-05,0.00138739821825762,2.53108024078476,"GABAergic","Spryd31"
"Car71",0.281614829581453,7.49405623900053,4.04445510121382,0.000109849208894293,0.00219999488316634,1.05987046230811,"GABAergic","Car71"
"Trub21",0.28142230537842,7.58399217754024,2.55903018132074,0.0121499297460867,0.0415790994326144,-3.05213608248457,"GABAergic","Trub21"
"Nr2c2ap1",0.281350627669394,7.51311846552837,4.5291056263768,1.79467214229318e-05,0.00137217228788588,2.72990511936409,"GABAergic","Nr2c2ap1"
"Tmem200a1",0.281331339537178,7.49379487291276,4.04462350762194,0.000109782381856954,0.00219999488316634,1.06035415025101,"GABAergic","Tmem200a1"
"Plpp31",0.281306583209994,7.49639943500516,4.08382402350802,9.52434547126259e-05,0.00211178038343893,1.19126189625119,"GABAergic","Plpp31"
"Gm26536",0.281278546847304,7.49748062949529,2.55848713432768,0.0121676166154098,0.0416170150704091,-3.13777314192107,"GABAergic","Gm26536"
"Casp91",0.281166793696196,7.49390956702419,4.05839389108967,0.000104447994444948,0.00219999488316634,1.10603076411412,"GABAergic","Casp91"
"Elmo21",0.28105938523817,7.53389267648681,3.5128249639682,0.000693004313327851,0.00467583038831866,-0.589914115749153,"GABAergic","Elmo21"
"Npas31",0.280744730773786,7.52197163972093,2.68165678835491,0.00870151984684305,0.032135164324445,-2.83187257009163,"GABAergic","Npas31"
"Pcgf21",0.280723876743488,7.51283331080916,4.53240285634785,1.77198510899757e-05,0.00137217228788588,2.74160057193656,"GABAergic","Pcgf21"
"Zgpat1",0.28054747241303,7.71011448108323,2.53336759773643,0.0130115325427097,0.043440215182039,-3.03520224865973,"GABAergic","Zgpat1"
"Stk32c1",0.280518267873434,7.65122559177312,3.10780606786975,0.00251619441524072,0.0124478836486988,-1.68406805729341,"GABAergic","Stk32c1"
"Sf3a31",0.28050978605124,7.54129038990142,2.68832966862236,0.00854228503626562,0.0317051162645368,-2.79024071469423,"GABAergic","Sf3a31"
"Iqsec31",0.280503678770678,7.7512984855131,2.6266420491591,0.0101206369555966,0.0362800780899546,-2.80267679563602,"GABAergic","Iqsec31"
"Doc2a1",0.280405677134557,7.49334274845515,4.07902269639489,9.69194724186673e-05,0.00213816916647627,1.17444875493614,"GABAergic","Doc2a1"
"Tspan141",0.28025972390156,7.50949556096904,4.46001557676021,2.34014167918246e-05,0.00141724830445488,2.4846639911431,"GABAergic","Tspan141"
"Slc35g21",0.279786490565139,7.6328382395619,3.11078352533817,0.00249340789985374,0.012382894216825,-1.69627621837704,"GABAergic","Slc35g21"
"Gm13617",0.279652830098515,7.47279148923244,3.65657059872781,0.000427981672276228,0.00325757409405658,-0.188135571683885,"GABAergic","Gm13617"
"Elmo31",0.279652830098515,7.47279148923244,3.65657059872781,0.000427981672276228,0.00325757409405658,-0.188135571683885,"GABAergic","Elmo31"
"AL591952.31",0.279652830098515,7.47279148923244,3.65657059872781,0.000427981672276228,0.00325757409405658,-0.188135571683885,"GABAergic","AL591952.31"
"Stk261",0.279606792845117,7.51934066229465,2.99462968246221,0.00354030071787733,0.016306094385046,-2.04983636610558,"GABAergic","Stk261"
"Pcsk41",0.279444720341893,7.47269750364764,3.6592748016638,0.00042406897986023,0.00323757390260565,-0.179816954857687,"GABAergic","Pcsk41"
"Dcbld21",0.279399892317171,7.56021745421009,3.38864928938369,0.00104035466681534,0.00638351083189131,-0.944614847322695,"GABAergic","Dcbld21"
"2310030G06Rik1",0.279368742671591,7.47266325092882,3.66026050650241,0.000422651232174384,0.00323262754808787,-0.176783609255203,"GABAergic","2310030G06Rik1"
"Tbc1d8b1",0.279334645750267,7.500009422669,4.00115927793188,0.000128387356739282,0.00219999488316634,0.918686396481191,"GABAergic","Tbc1d8b1"
"Glyctk1",0.279256609302821,7.4726127566927,3.66171375012759,0.000420569222796287,0.00322249725261223,-0.172310379657787,"GABAergic","Glyctk1"
"Mmgt21",0.279210767669641,7.50995752852341,4.48442496174404,2.13125210492636e-05,0.0013784186579601,2.57093239394957,"GABAergic","Mmgt21"
"Gm309341",0.279145925133261,7.47256298316946,3.66314641427369,0.000418526228855534,0.00320931734305348,-0.167899201743199,"GABAergic","Gm309341"
"Zfp7481",0.279131431919254,7.47255647072347,3.66333387757342,0.000418259602276818,0.00320931734305348,-0.167321906562746,"GABAergic","Zfp7481"
"Nr2e1",0.279128699389496,7.47255524300589,3.66336921818538,0.000418209355857366,0.00320931734305348,-0.167213072317622,"GABAergic","Nr2e1"
"Rbm421",0.279020059081716,7.67711810119515,2.76767819357527,0.00684165134515931,0.026957861118227,-2.543324655747,"GABAergic","Rbm421"
"Mob3a1",0.27887560245637,7.47244170523579,3.66663783223965,0.000413586812115075,0.00319433051637866,-0.15714373649906,"GABAergic","Mob3a1"
"Ifrd21",0.278861731257146,7.51802965060499,3.21686919314296,0.00179635351474136,0.0095681459725991,-1.44750045955596,"GABAergic","Ifrd21"
"Uevld1",0.278750267648093,7.51055694166867,4.52880935754201,1.79672437679026e-05,0.00137217228788588,2.7284914866694,"GABAergic","Uevld1"
"Cacng71",0.278676046802022,7.55980616090937,2.64447638953548,0.0096391590699114,0.0348914578461571,-2.88511688531831,"GABAergic","Cacng71"
"Nepro1",0.278599165480657,7.4971754896317,4.09767361379089,9.0563340533912e-05,0.0020592534308767,1.23765736819855,"GABAergic","Nepro1"
"Acadvl1",0.278595145087489,7.49736727184511,2.57882545278814,0.0115208066959714,0.04032442399254,-3.09000134150761,"GABAergic","Acadvl1"
"Pla2g151",0.278382158575325,7.56139416443749,3.84242338627801,0.000225431101425829,0.0022134618604083,0.43212069565194,"GABAergic","Pla2g151"
"Exo51",0.278248270062015,7.51753981990463,3.24452248403022,0.00164722957434969,0.00898663964836859,-1.37040312993811,"GABAergic","Exo51"
"Arid5a",0.278179361502082,7.49674754090391,4.09792454265474,9.04806168140888e-05,0.0020592534308767,1.23838773773775,"GABAergic","Arid5a"
"Gm174351",0.278038586620748,7.51191595066506,4.55205994759432,1.64238634983442e-05,0.00137217228788588,2.81154470136754,"GABAergic","Gm174351"
"Armcx21",0.277861372836357,7.57312723661273,4.02188160233258,0.000119168703196717,0.00219999488316634,1.01235080005643,"GABAergic","Armcx21"
"Twf21",0.27781267495606,7.51143565096927,4.54974511105099,1.65715727256644e-05,0.00137217228788588,2.80321837279417,"GABAergic","Twf21"
"Smarcal11",0.277565324182103,7.5920860418139,2.84876037436157,0.00542860399963255,0.0227416443576226,-2.39156875400476,"GABAergic","Smarcal11"
"Abca11",0.277416197055003,7.54022959806796,3.67169420839135,0.000406531415288649,0.00316311070932126,-0.107328061316574,"GABAergic","Abca11"
"Adamtsl11",0.277393302789056,7.49664528131408,4.10402041699816,8.8493135650648e-05,0.0020529429646247,1.25873053191247,"GABAergic","Adamtsl11"
"Fam71e11",0.277277706720064,7.52288119752675,2.62698510064733,0.0101111737940648,0.0362672142038253,-2.96169774381269,"GABAergic","Fam71e11"
"Bloc1s61",0.277063112865838,7.61204160912181,2.97701986057181,0.0037306323471792,0.0169870736889585,-2.05707792631191,"GABAergic","Bloc1s61"
"2510039O18Rik1",0.277008062854562,7.53313631706054,3.48729737399132,0.000753951768427733,0.00500660539108284,-0.66565367486643,"GABAergic","2510039O18Rik1"
"Abcf21",0.276998935670686,7.68786304313741,3.09271924990561,0.00263465954878233,0.0128539141502754,-1.70000233916664,"GABAergic","Abcf21"
"Nup1331",0.276830033994742,7.5667894707759,2.77670191103566,0.00666924132422313,0.0265107077820255,-2.563922835143,"GABAergic","Nup1331"
"Ficd1",0.276733575518609,7.48993028037173,4.00448724578231,0.000126862157604576,0.00219999488316634,0.926748621876484,"GABAergic","Ficd1"
"Gfod21",0.276629778692904,7.61199106071138,3.0371963291283,0.00311671087510426,0.0146825755025013,-1.88681768586765,"GABAergic","Gfod21"
"Rpp381",0.276253739533939,7.4954635623606,4.10028232985219,8.97068604167876e-05,0.0020592534308767,1.24593485226231,"GABAergic","Rpp381"
"Atp2b41",0.27600243768488,7.5127755397497,2.73207328897786,0.00756237442087011,0.0289026791807345,-2.71312363197412,"GABAergic","Atp2b41"
"Gpsm21",0.275991233464461,7.49732384698863,2.49760339636595,0.014303910885904,0.046668315314616,-3.27708044613587,"GABAergic","Gpsm21"
"Kcnj111",0.275968102181824,7.51140885187055,4.5800602553237,1.47351690569938e-05,0.0013422808779676,2.91161047963406,"GABAergic","Kcnj111"
"Hcfc11",0.275910291035951,7.56447675647606,3.78036189164646,0.00027985989867609,0.00243634771501224,0.23696362489381,"GABAergic","Hcfc11"
"Gm43491",0.275695270292768,7.498818694843,2.46914594938251,0.0154132549862831,0.0495181772665666,-3.33888568266441,"GABAergic","Gm43491"
"Bhlhe221",0.275679404991727,7.49608985733258,4.11333636503942,8.55365598872695e-05,0.00201026874048495,1.28975869713281,"GABAergic","Bhlhe221"
"Zfp822",0.275577235803583,7.49576850109888,2.80650891280701,0.00612757825625039,0.0249399364439374,-2.54247945590854,"GABAergic","Zfp822"
"Gm265141",0.275312173895439,7.50751516722366,4.49894356795186,2.01568722559595e-05,0.0013784186579601,2.62195347972055,"GABAergic","Gm265141"
"Gmppb1",0.275287566330134,7.51111445196432,4.57452604188681,1.50550056886799e-05,0.00134325746484996,2.89175104990476,"GABAergic","Gmppb1"
"Rbm141",0.275254469497217,7.56049865258064,3.8810388658808,0.000196831721412654,0.00219999488316634,0.554453929949254,"GABAergic","Rbm141"
"Ilvbl1",0.275238297885192,7.58441173940332,3.59526238617998,0.000526443045474916,0.00383322689569052,-0.326390331855307,"GABAergic","Ilvbl1"
"Brpf31",0.275221781753361,7.49621646946549,4.11430342557857,8.52351397588797e-05,0.00201026874048495,1.29302889543758,"GABAergic","Brpf31"
"Eno31",0.275141903961512,7.49551488262254,2.74575409355248,0.00727763037112088,0.0281281323535743,-2.69304219596165,"GABAergic","Eno31"
"Fbxl171",0.275053107382667,7.56408085039753,3.86472043173708,0.00020846719165554,0.00219999488316634,0.504872148232687,"GABAergic","Fbxl171"
"Mrto41",0.275007265780301,7.56223876383971,3.74193418412189,0.000319610383725575,0.00266807952537513,0.116885474813481,"GABAergic","Mrto41"
"Gfra21",0.274712033705384,7.49378579604254,2.80215793409412,0.00620405122438185,0.0251374825582304,-2.55665556370765,"GABAergic","Gfra21"
"Tsc22d31",0.274625969640133,7.60965091572683,2.99468895138549,0.00353967556673573,0.016306094385046,-1.9961219597613,"GABAergic","Tsc22d31"
"Fhl21",0.274596932609447,7.49508743319683,4.11547087753161,8.48726192992868e-05,0.00201026874048495,1.29665040138153,"GABAergic","Fhl21"
"Nosip1",0.274548969744849,7.54572584991717,3.55269482844929,0.000607041435623471,0.00423318156733651,-0.466497273833253,"GABAergic","Nosip1"
"Zfp5131",0.274519447503399,7.54007589223815,3.66988052257061,0.000409048888725398,0.00317414686410695,-0.112886543541896,"GABAergic","Zfp5131"
"Bcorl11",0.274509795720224,7.50950158764455,4.55955220775198,1.59544768093168e-05,0.00137217228788588,2.83797310772913,"GABAergic","Bcorl11"
"Nedd11",0.274401363705759,7.53467003068551,3.6688943238958,0.000410423979830818,0.00317574378005455,-0.117654404164387,"GABAergic","Nedd11"
"Cflar1",0.274195146860827,7.50088517649251,4.48850229577261,2.09816548241508e-05,0.0013784186579601,2.583810077486,"GABAergic","Cflar1"
"Pgm11",0.274091781243569,7.5403539899211,2.56758937724175,0.0118742022380709,0.0410819350708539,-3.07623258316022,"GABAergic","Pgm11"
"Gm206831",0.274044331342866,7.49600615317469,4.11354577357002,8.54712032709449e-05,0.00201026874048495,1.29043855411887,"GABAergic","Gm206831"
"Trmt121",0.273810515029134,7.5406898038424,3.6752431172898,0.000401647873016761,0.00313174419818144,-0.0962474120995651,"GABAergic","Trmt121"
"Tmem184b1",0.273503776857346,7.61286586721239,3.07476152986046,0.00278241764666197,0.0134086132727624,-1.78489895105305,"GABAergic","Tmem184b1"
"Pqbp11",0.273443436669001,7.55593915184569,4.11458196475744,8.51485121436033e-05,0.00201026874048495,1.31459097324445,"GABAergic","Pqbp11"
"Btbd191",0.273388053641012,7.51384839394661,3.26725298456126,0.00153340822435865,0.008520663168172,-1.30871545457886,"GABAergic","Btbd191"
"Spice11",0.273346097323898,7.51571058173032,2.6814247961408,0.00870710406597916,0.0321463628133469,-2.83796887231711,"GABAergic","Spice11"
"Aimp21",0.273119875178065,7.49781383400448,4.15088137521189,7.45545564493317e-05,0.00191614085363777,1.41626769619962,"GABAergic","Aimp21"
"Ten11",0.272954570273384,7.73326290575097,2.74733456328428,0.00724537341115568,0.0280592367536079,-2.53315650101548,"GABAergic","Ten11"
"Zbtb331",0.272942775311876,7.53495303791976,3.3603504069275,0.00113976162884571,0.00683674515956806,-1.03435737245875,"GABAergic","Zbtb331"
"Gm159911",0.272895083689422,7.58934571900621,2.91304015961667,0.00450452212512452,0.0195532271571997,-2.21822430159202,"GABAergic","Gm159911"
"Ak41",0.272806049212773,7.51826294406893,2.82125932820477,0.00587470167325684,0.0242317016954867,-2.4890703605776,"GABAergic","Ak41"
"Gm136011",0.27277588032105,7.50727447781768,4.5477430560126,1.67003605200317e-05,0.00137217228788588,2.79548050319262,"GABAergic","Gm136011"
"Flywch21",0.272702402318125,7.55096340464077,4.11216499631774,8.59030313562546e-05,0.00201512194784868,1.30558922403754,"GABAergic","Flywch21"
"Fam160b21",0.272638992054436,7.55555270686922,2.65355372051355,0.00940215378004403,0.034132256820523,-2.86637253178166,"GABAergic","Fam160b21"
"Baiap2l21",0.272561617513049,7.49560985246608,4.12693927774184,8.13892669765159e-05,0.00198309593056706,1.3352344725556,"GABAergic","Baiap2l21"
"Micall2",0.272290940987895,7.47322880610822,3.66329181196854,0.000418319417597117,0.00320931734305348,-0.167230944915675,"GABAergic","Micall2"
"Terb11",0.272290940987895,7.47322880610822,3.66329181196854,0.000418319417597117,0.00320931734305348,-0.167230944915675,"GABAergic","Terb11"
"Crim11",0.272288208257512,7.49404678435921,2.76990629826969,0.00679870603840102,0.0268306077586897,-2.63500040147906,"GABAergic","Crim11"
"Rps6ka61",0.272233624874397,7.47320046478182,3.6640409622069,0.000417255375455915,0.00320931734305348,-0.164924487507756,"GABAergic","Rps6ka61"
"Cachd11",0.272185338171394,7.47317660551734,3.66467156691985,0.00041636169938453,0.00320593418529763,-0.162982733602905,"GABAergic","Cachd11"
"Pcdhga91",0.272114948617643,7.54622460424492,3.54422469290182,0.000624413725064231,0.00428650664557718,-0.489198479329923,"GABAergic","Pcdhga91"
"Egln31",0.272079517350242,7.47312436784031,3.66605214572354,0.0004144115195326,0.00319873891639226,-0.158730798033826,"GABAergic","Egln31"
"Bbs11",0.272050290177583,7.51869512701162,3.09041115347008,0.00265323382708816,0.0129145233847873,-1.79330338201017,"GABAergic","Bbs11"
"Kdm81",0.272024473536878,7.49549843729481,4.12924636754574,8.07053145186842e-05,0.00198176383429214,1.34294991648214,"GABAergic","Kdm81"
"Cdo11",0.272004096566119,7.49333093035622,2.87740229101106,0.00499722777138559,0.0212769463219188,-2.36601017103137,"GABAergic","Cdo11"
"Rnf261",0.271990035175822,7.47308024925523,3.66721806045449,0.000412771327097752,0.00318998798003091,-0.155139063330613,"GABAergic","Rnf261"
"1810010H24Rik1",0.271964355666062,7.47306759720532,3.66755239822128,0.000412302123659795,0.00318831789548339,-0.154108940908376,"GABAergic","1810010H24Rik1"
"Elp31",0.271695374855513,7.55691621584762,3.87143518045683,0.000203602025322627,0.00219999488316634,0.523000463267627,"GABAergic","Elp31"
"Gm287271",0.271609299710154,7.47289307704458,3.67216334022546,0.00040588263899124,0.00316001458799298,-0.13989514078592,"GABAergic","Gm287271"
"Prkd21",0.271577883089186,7.49828817206068,2.48924003732085,0.0146222656514516,0.0474653435160584,-3.29342321948228,"GABAergic","Prkd21"
"Zfp9301",0.271575974176917,7.60415614589472,3.56011417158966,0.000592200926057587,0.00417223437670438,-0.418871970110252,"GABAergic","Zfp9301"
"Abhd41",0.271383012811317,7.49579122693927,4.13229053096831,7.98112977429807e-05,0.00196851159675733,1.35324571053354,"GABAergic","Abhd41"
"Apoa11",0.271349021958546,7.50857856164735,4.579202349916,1.47843147237517e-05,0.0013422808779676,2.90816130727692,"GABAergic","Apoa11"
"Ino80dos1",0.27130311552562,7.5377432210434,3.53614397168571,0.00064142471491425,0.00436758223447287,-0.518346031637743,"GABAergic","Ino80dos1"
"Slc37a41",0.271149704485058,7.50935837856795,4.59887107304327,1.36965309108562e-05,0.00131274576540466,2.97883118701892,"GABAergic","Slc37a41"
"Zfp2191",0.270991911156269,7.51892929361627,2.59441529139689,0.0110461907309096,0.0389991212548396,-3.04314442336585,"GABAergic","Zfp2191"
"Klf31",0.27094536793309,7.68591288369545,2.79617816690148,0.00631057732075546,0.0254952990729816,-2.44614233211467,"GABAergic","Klf31"
"Lrig11",0.270930650303075,7.49551944737838,4.13093828006107,8.0207248890986e-05,0.00197338030132764,1.34863591387959,"GABAergic","Lrig11"
"Borcs61",0.270883070765173,7.49663881589197,4.14085527738519,7.73467414782797e-05,0.00192916411386957,1.38224057091627,"GABAergic","Borcs61"
"1700028K03Rik1",0.270876444908724,7.49882156704463,4.15560698130157,7.32723564014658e-05,0.00191219095873864,1.43242688763792,"GABAergic","1700028K03Rik1"
"Acad101",0.270875088858832,7.58273778874077,3.38106003731781,0.00106618218789701,0.00650712064967957,-0.948744621642884,"GABAergic","Acad101"
"Mad2l11",0.270846665451886,7.49372994625599,4.10804506970419,8.72039976426473e-05,0.00203804964434959,1.27143117578262,"GABAergic","Mad2l11"
"Psme11",0.270774472204964,7.56276372432053,2.55695834082792,0.0122175335581397,0.0417242107690179,-3.08348477638649,"GABAergic","Psme11"
"Efl11",0.270468615775394,7.4976467600833,2.84969235496937,0.00541404567802656,0.0226957515494511,-2.4316110207948,"GABAergic","Efl11"
"Rtl41",0.270417683366054,7.56700046691443,2.84288956982808,0.00552113985278667,0.0230621152513825,-2.39959623478296,"GABAergic","Rtl41"
"1810032O08Rik1",0.270396213627772,7.4964528449118,4.14628783649593,7.58215774601754e-05,0.00191792050454986,1.40047397349148,"GABAergic","1810032O08Rik1"
"Znrf21",0.27034634972683,7.49607616504554,4.14818829707645,7.52948894618319e-05,0.00191614085363777,1.40678037496073,"GABAergic","Znrf21"
"Gm127581",0.2703453911684,7.49610354799267,4.13985389078002,7.76310755459012e-05,0.00192916411386957,1.37874197815194,"GABAergic","Gm127581"
"Lap31",0.270085698649574,7.49333401034404,2.79041058267455,0.00641490639054459,0.0258009501282536,-2.58504344094631,"GABAergic","Lap31"
"Cdkn2aipnl1",0.269839627262644,7.58455539233604,3.34828222346163,0.00118481224236308,0.00699066970353523,-1.04260838060429,"GABAergic","Cdkn2aipnl1"
"Il15ra1",0.269712591895077,7.54467440665245,3.77705626592518,0.000283085016211855,0.00246036543720657,0.221225306336775,"GABAergic","Il15ra1"
"Kat141",0.269517043168458,7.49391267621947,4.11724545216838,8.4324408377417e-05,0.00201026874048495,1.30228676061896,"GABAergic","Kat141"
"Atxn7l31",0.269334450930999,7.60192004573638,3.54520662463347,0.000622375944464113,0.00428023087908,-0.464021326474068,"GABAergic","Atxn7l31"
"1500011K16Rik1",0.269273360679369,7.63975241015517,3.3192201307611,0.00130025758980325,0.00755504836658284,-1.10027488413202,"GABAergic","1500011K16Rik1"
"Gm106001",0.269268028781052,7.49446705191844,2.83837904341473,0.00559321549403117,0.0232995157335683,-2.46275210449553,"GABAergic","Gm106001"
"Pdgfra1",0.269211850049699,7.49247361302169,3.03135352913855,0.00317193351785164,0.0148870516111688,-1.96529490174728,"GABAergic","Pdgfra1"
"Drap11",0.269085253960334,7.67509145220861,2.47127502734022,0.015327668768138,0.0493638719656479,-3.20625315368033,"GABAergic","Drap11"
"Galnt10",0.269079768945018,7.49502077079924,2.85957721282691,0.00526182633511266,0.0222352319166099,-2.40902206550509,"GABAergic","Galnt10"
"Tnnt11",0.269069380883963,7.50965688387931,4.62981389908259,1.21405483841516e-05,0.00128156259766796,3.09024800198653,"GABAergic","Tnnt11"
"Myl2",0.268901473555504,7.47300359655313,3.67733694775301,0.000398792802001573,0.0031259384294643,-0.123831176232338,"GABAergic","Myl2"
"Ret",0.268901473555504,7.47300359655313,3.67733694775301,0.000398792802001573,0.0031259384294643,-0.123831176232338,"GABAergic","Ret"
"Fam228a1",0.268901473555504,7.47300359655313,3.67733694775301,0.000398792802001573,0.0031259384294643,-0.123831176232338,"GABAergic","Fam228a1"
"Dcps1",0.268857073935158,7.49552068962398,4.14974439106011,7.48662584030726e-05,0.00191614085363777,1.41188342593307,"GABAergic","Dcps1"
"Gm155101",0.268823732582198,7.47296484183754,3.678325047536,0.000397452168653797,0.0031213871374887,-0.120780773297513,"GABAergic","Gm155101"
"Rida1",0.268803510713028,7.58726166294544,3.09626481377062,0.00260636204472661,0.012750424340746,-1.7376976911928,"GABAergic","Rida1"
"Gk51",0.268753178894276,7.47292970047475,3.67922083877571,0.000396240477580136,0.00311381241177603,-0.118014816629488,"GABAergic","Gk51"
"Scn9a1",0.268750069915375,7.47292815262025,3.67926029120709,0.000396187193030138,0.00311381241177603,-0.117892986949347,"GABAergic","Scn9a1"
"Mrap21",0.268745270201004,7.47292576311641,3.67932119530923,0.000396104949162421,0.00311381241177603,-0.117704912304655,"GABAergic","Mrap21"
"Bloc1s31",0.268688985692703,7.49324310929584,4.11688034162077,8.4436921608218e-05,0.00201026874048495,1.30088427507588,"GABAergic","Bloc1s31"
"Rnf1811",0.268669445988317,7.72311705140189,2.5701914755876,0.0117915029089257,0.0409494698349603,-2.94507333227983,"GABAergic","Rnf1811"
"Eda1",0.268636606071283,7.47287170119055,3.68069891238053,0.000394248829576387,0.00310980119359658,-0.113449845030772,"GABAergic","Eda1"
"Arl8a1",0.268574398835294,7.58365914539055,3.09025896464923,0.0026544628236887,0.0129155149439964,-1.75473285425962,"GABAergic","Arl8a1"
"B230369F24Rik1",0.268551018486748,7.61467596173279,2.95829856245899,0.00394331349005781,0.0178234374001644,-2.10479616046499,"GABAergic","B230369F24Rik1"
"Ednrb1",0.268534569474884,7.47282104041685,3.68198825895755,0.000392519251739393,0.00310198557977486,-0.109466681507774,"GABAergic","Ednrb1"
"Zfp921",0.268504605522841,7.47280618084357,3.68236618052297,0.000392013660901516,0.00310188196380427,-0.10829898309326,"GABAergic","Zfp921"
"Nabp11",0.268411446703285,7.5573449910209,3.75891512880342,0.000301423956365326,0.00256802247317156,0.168374841020515,"GABAergic","Nabp11"
"Rwdd4a1",0.268386836957653,7.62493083304107,3.3426471939471,0.00120641581774093,0.0070987271585686,-1.04569569539932,"GABAergic","Rwdd4a1"
"Stat5b1",0.268267865090177,7.55453081867744,4.0480413335984,0.000108434514605906,0.00219999488316634,1.09432401588788,"GABAergic","Stat5b1"
"Rnf2171",0.268147720133877,7.47262959180519,3.68685456042446,0.000386056121428604,0.00305858425260133,-0.0944240726542107,"GABAergic","Rnf2171"
"Lrrc11",0.267991592927102,7.49479997984587,4.1497188669045,7.48732701553961e-05,0.00191614085363777,1.41161711175487,"GABAergic","Lrrc11"
"Abl21",0.267919203500786,7.70729002255612,2.55060532815061,0.0124269486649232,0.042194124935952,-3.010568893118,"GABAergic","Abl21"
"Gm48727",0.267901418635246,7.47250814414565,3.68993821101333,0.000382013064716325,0.00304145795221459,-0.0848843795656125,"GABAergic","Gm48727"
"Slc35g11",0.267883888501906,7.49523657969687,4.14682307250026,7.56728866145634e-05,0.00191792050454986,1.40197523183198,"GABAergic","Slc35g11"
"Tmem171",0.267863956137408,7.49490108220533,4.15491524051313,7.3458713242378e-05,0.00191219095873864,1.42915322153,"GABAergic","Tmem171"
"Pemt1",0.267860650237261,7.47248807506511,3.6904475126055,0.000381349188397208,0.00304145795221459,-0.0833082207387079,"GABAergic","Pemt1"
"Dohh1",0.267444114730292,7.49423077362031,4.15697624791205,7.29048115957789e-05,0.00191219095873864,1.43593237958294,"GABAergic","Dohh1"
"Rras1",0.267422902375302,7.49449646619388,4.14116158549243,7.72599683186429e-05,0.00192916411386957,1.38273482336348,"GABAergic","Rras1"
"Kcnq41",0.267360563539498,7.49458239200531,4.1439178965708,7.64833380326631e-05,0.00192692121839491,1.39203064236521,"GABAergic","Kcnq41"
"Rarg1",0.26726314804593,7.50739122778027,4.61019008036865,1.31061390591616e-05,0.00129998451754534,3.0192677903669,"GABAergic","Rarg1"
"Parp161",0.267197949404854,7.49431628752191,4.14125385175938,7.72338488079813e-05,0.00192916411386957,1.3829987086953,"GABAergic","Parp161"
"Mospd11",0.26693660330331,7.55797953001035,2.87860295237593,0.00497985219831918,0.021236018328445,-2.31431994973255,"GABAergic","Mospd11"
"Kti121",0.266780099871074,7.54423722769751,3.5196410981437,0.000677535861915778,0.00458127710818736,-0.563120375833603,"GABAergic","Kti121"
"Rtkn21",0.26659748523136,7.49485780867191,4.15860008812944,7.24712301236954e-05,0.00191219095873864,1.44156828638581,"GABAergic","Rtkn21"
"Irf2bp11",0.266568038052773,7.49242918742615,2.99936068309294,0.00349071947004139,0.0161367314363711,-2.0499592603298,"GABAergic","Irf2bp11"
"Hipk21",0.266563118518178,7.54376927911348,2.51634298176878,0.0136130408383783,0.0449262445483499,-3.18742471266871,"GABAergic","Hipk21"
"Ttpa",0.266556802675323,7.47235031169344,3.6968061490091,0.00037315241337949,0.00300166088846835,-0.0635796137071258,"GABAergic","Ttpa"
"Gm268941",0.266556802675323,7.47235031169344,3.6968061490091,0.00037315241337949,0.00300166088846835,-0.0635796137071258,"GABAergic","Gm268941"
"Tradd1",0.266556802675323,7.47235031169344,3.6968061490091,0.00037315241337949,0.00300166088846835,-0.0635796137071258,"GABAergic","Tradd1"
"Lama1",0.266556802675323,7.47235031169344,3.6968061490091,0.00037315241337949,0.00300166088846835,-0.0635796137071258,"GABAergic","Lama1"
"Hopx1",0.266553702829818,7.49297727282053,3.01134229644613,0.00336801038936543,0.0156498808096039,-2.01725116086987,"GABAergic","Hopx1"
"C770801",0.266521552617156,7.47182952969908,3.70706248899916,0.000360282974334139,0.00293563041894382,-0.0318030366991415,"GABAergic","C770801"
"Tmem1441",0.266503328371004,7.49478506095486,4.15872167186046,7.24388660089265e-05,0.00191219095873864,1.4419600548967,"GABAergic","Tmem1441"
"Gm26905",0.266465924903311,7.47230530564158,3.6979282541308,0.000371723422110767,0.00299954590031245,-0.0601022744698403,"GABAergic","Gm26905"
"Asah21",0.266411133714866,7.49582129913259,4.17288559258855,6.8762217555334e-05,0.00188940319464274,1.49004556601207,"GABAergic","Asah21"
"Sgcd1",0.266378999337041,7.49661889628506,4.18068590760674,6.68147510498455e-05,0.00188939855984759,1.51662104039926,"GABAergic","Sgcd1"
"CAAA01118383.11",0.26631069314916,7.53841799612917,3.54338891213909,0.000626153171247656,0.0042937678270042,-0.496192421604577,"GABAergic","CAAA01118383.11"
"Pqlc11",0.266301336759599,7.5846903395526,2.92163192088714,0.00439262990911092,0.0192065112686811,-2.19723197520241,"GABAergic","Pqlc11"
"Gm370271",0.266218004093446,7.47218283367036,3.70097751045479,0.000367866439003469,0.00297242689680994,-0.050648982864022,"GABAergic","Gm370271"
"Ccdc941",0.26618935343388,7.47216871725335,3.70132836691936,0.000367425090840929,0.00297076628326263,-0.0495609110519739,"GABAergic","Ccdc941"
"Gm165361",0.266147255056886,7.47214798337161,3.70184360371916,0.000366777877904782,0.0029674379755726,-0.0479629279407598,"GABAergic","Gm165361"
"Gm38025",0.266132184555982,7.47214056340562,3.70202796262434,0.000366546559403891,0.0029674379755726,-0.0473911077303333,"GABAergic","Gm38025"
"Ormdl11",0.266073970036925,7.4721119133917,3.7027396745381,0.000365654861487147,0.00296480077564592,-0.045183417578393,"GABAergic","Ormdl11"
"Slc19a11",0.26604644692218,7.4720983746045,3.70307592395115,0.000365234294843856,0.00296446933772427,-0.0441402827689688,"GABAergic","Slc19a11"
"Tk21",0.265959556191156,7.53481253179757,3.62853365864534,0.000470618711303073,0.00350999639211652,-0.24119137948497,"GABAergic","Tk21"
"N4bp21",0.265936014561271,7.49385505869532,4.16206876541771,7.15533472194025e-05,0.00190158161380878,1.45301783983097,"GABAergic","N4bp21"
"Zfp607a1",0.265902085008369,7.47202743127724,3.70483706572661,0.00036303903181242,0.00295045334434907,-0.0386756211726196,"GABAergic","Zfp607a1"
"Gm267601",0.265858977426982,7.49459598737045,4.17006486009316,6.94798050826838e-05,0.00189320059313944,1.48021078589363,"GABAergic","Gm267601"
"Psd21",0.265852746139088,7.49528472248969,4.17256012391638,6.88446508169419e-05,0.00188940319464274,1.4888149638188,"GABAergic","Psd21"
"Bcl61",0.265819827746763,7.49090892566738,4.0979687218567,9.04660597693046e-05,0.0020592534308767,1.23695879098044,"GABAergic","Bcl61"
"Abcd11",0.265764974102342,7.47196015862509,3.70650580280568,0.000360970526710861,0.00293743263887385,-0.0334959282519929,"GABAergic","Abcd11"
"Por1",0.265733487844728,7.64959490292244,2.69568835848941,0.00836975895994007,0.0312489192704105,-2.733434690146,"GABAergic","Por1"
"Aspa1",0.265611626950557,7.49321540802178,4.09379681424087,9.18506692648894e-05,0.00206246502803888,1.22367259604491,"GABAergic","Aspa1"
"Gpatch41",0.265566182398873,7.58818809796453,3.06265170023895,0.00288636304590978,0.0138249107563975,-1.82764590575572,"GABAergic","Gpatch41"
"Dusp231",0.265523368111518,7.49325515272514,3.03787178342628,0.00311038466447581,0.0146582550012726,-1.94609372385624,"GABAergic","Dusp231"
"Aloxe31",0.265490680135549,7.49095920833165,4.09532047992184,9.13426396816154e-05,0.0020620846452855,1.22812716150533,"GABAergic","Aloxe31"
"Tmed11",0.265446048246663,7.49347865384148,4.16247443618387,7.14467313753954e-05,0.00190158161380878,1.45429067909435,"GABAergic","Tmed11"
"Adprhl1",0.265418581128191,7.4942050359558,4.15098221480542,7.45269717788389e-05,0.00191614085363777,1.41572102793833,"GABAergic","Adprhl1"
"Snx241",0.265361299412635,7.54186716118905,3.69609915914992,0.000374055437723527,0.00300508695727249,-0.0315009964975115,"GABAergic","Snx241"
"Lzts21",0.265336109435797,7.55687404912604,3.90164884141734,0.000183020898177068,0.00219999488316634,0.619597540091364,"GABAergic","Lzts21"
"Tert1",0.265194827153615,7.49518481806268,4.17767173238555,6.75609123881141e-05,0.00188939855984759,1.50607795135883,"GABAergic","Tert1"
"Tigar1",0.265099635603708,7.49422946057013,4.15483335802128,7.3480802743164e-05,0.00191219095873864,1.4287065385501,"GABAergic","Tigar1"
"Zscan121",0.265081752660376,7.56583232995419,2.66092638687763,0.00921355915619333,0.0335733886868867,-2.83965513160773,"GABAergic","Zscan121"
"Zfp2751",0.26505203796011,7.49419131494452,4.15481107148006,7.34868161054119e-05,0.00191219095873864,1.42862164643469,"GABAergic","Zfp2751"
"Btn2a2",0.265016301132137,7.49443386461908,4.17521564754594,6.81748377555047e-05,0.00188939855984759,1.49758404606057,"GABAergic","Btn2a2"
"Zfp2361",0.265015781940863,7.49435808456401,4.17066147798575,6.93274289831871e-05,0.00189320059313944,1.48216743314258,"GABAergic","Zfp2361"
"Shroom31",0.26501477918951,7.49416145841094,4.15479301535323,7.34916883626842e-05,0.00191219095873864,1.42855313282205,"GABAergic","Shroom31"
"Sdad11",0.26500903387953,7.63660553062016,2.79686490124305,0.00629825904577952,0.0254649667030485,-2.47024913169552,"GABAergic","Sdad11"
"Gm133071",0.264994293196738,7.4931265091305,2.99641920412437,0.00352147030280243,0.0162474500277799,-2.05605095533888,"GABAergic","Gm133071"
"Angptl61",0.264978136349985,7.49325515689535,4.15720193762329,7.28444013293397e-05,0.00191219095873864,1.43644260690229,"GABAergic","Angptl61"
"Gm335331",0.264960379356369,7.49432731171815,4.17263664983857,6.88252601293356e-05,0.00188940319464274,1.48883640897565,"GABAergic","Gm335331"
"Igf2r1",0.2649298140282,7.62282214718773,2.86456937213496,0.00518645357674325,0.0219388031249949,-2.30874796775212,"GABAergic","Igf2r1"
"Mettl131",0.264919372037796,7.49450980857526,4.17674653321333,6.77915492422979e-05,0.00188939855984759,1.50278139169301,"GABAergic","Mettl131"
"Fam19a11",0.264751371299539,7.53745162109678,3.67601219558625,0.000400596937811668,0.00313047123177021,-0.0937590433002802,"GABAergic","Fam19a11"
"Coa61",0.264556980602098,7.63559000107196,2.95974555692105,0.00392648423108356,0.0177612087672409,-2.08072489904574,"GABAergic","Coa61"
"Ntn4",0.26444524205593,7.4951874501591,4.18429830255863,6.59309396854898e-05,0.00188939855984759,1.52851040947589,"GABAergic","Ntn4"
"Ctgf1",0.264400495411046,7.47129631307892,3.72289766047537,0.000341238582689502,0.00281874257451781,0.0174742391050327,"GABAergic","Ctgf1"
"Zfp132",0.264393983707349,7.49506998797601,4.18140213434818,6.66386176140939e-05,0.00188939855984759,1.51867508334572,"GABAergic","Zfp132"
"4921534H16Rik",0.264386512498834,7.47128956246015,3.723063573573,0.000341044207102532,0.00281874257451781,0.0179909802322866,"GABAergic","4921534H16Rik"
"Gm162751",0.264332413307462,7.49577916055482,2.81016130190646,0.00606405102223823,0.0247689668809144,-2.53197579635773,"GABAergic","Gm162751"
"Msto11",0.264256632863412,7.51759834154803,2.6981377142036,0.00831303992641795,0.0311386749786164,-2.79777458249283,"GABAergic","Msto11"
"Pcdhb211",0.264175137874654,7.54211300641394,2.98132130921518,0.00368328761978515,0.0168415151166728,-2.07147656778603,"GABAergic","Pcdhb211"
"Lgr51",0.264160703225884,7.49771163783802,4.20985007159313,5.99928936072964e-05,0.00188939855984759,1.6158057108872,"GABAergic","Lgr51"
"Yap11",0.264148272454033,7.49621089138782,2.79180009785356,0.00638962837940748,0.0257486080279578,-2.57710155305109,"GABAergic","Yap11"
"Grp1",0.264135072482967,7.47067844741997,3.73568995675534,0.000326556762821818,0.00272065842676352,0.0573319784131554,"GABAergic","Grp1"
"Atn11",0.263554904252026,7.49427248327214,4.18380417572319,6.60511657976916e-05,0.00188939855984759,1.52661200838342,"GABAergic","Atn11"
"Chrnb21",0.263542298453425,7.49386021424053,4.18220356327758,6.64420608462487e-05,0.00188939855984759,1.521088637991,"GABAergic","Chrnb21"
"Mfsd121",0.263540135330143,7.51950678673233,2.69883596115545,0.00829693496978745,0.0310964067435261,-2.79241257111603,"GABAergic","Mfsd121"
"Rspo21",0.26348706307213,7.49376558049929,2.97900287665381,0.00370873646268768,0.0169210261573621,-2.1007350622226,"GABAergic","Rspo21"
"Slc46a31",0.263417523030466,7.49362220170598,4.1645495833511,7.09037389090271e-05,0.00189633630368793,1.46133346608432,"GABAergic","Slc46a31"
"Gpank11",0.26335907659579,7.62736735211329,3.12673201824286,0.00237458666653424,0.0119411849254818,-1.64026696114776,"GABAergic","Gpank11"
"D2hgdh1",0.263354661250546,7.49804237760541,2.62245015469722,0.0102369206075982,0.036655625040908,-2.9855279057104,"GABAergic","D2hgdh1"
"Pomt11",0.263342853434548,7.49731880701778,4.1952559895305,6.33182868218339e-05,0.00188939855984759,1.56615331912152,"GABAergic","Pomt11"
"5033430I15Rik1",0.263340577025902,7.49532798501398,4.1946599969003,6.34577909096182e-05,0.00188939855984759,1.56366684399187,"GABAergic","5033430I15Rik1"
"Lat1",0.263311398771886,7.49447715029629,4.18666926828796,6.53569818099562e-05,0.00188939855984759,1.53636852148245,"GABAergic","Lat1"
"Crtc21",0.263296733706158,7.49487625299105,4.18929388297404,6.4727226858498e-05,0.00188939855984759,1.54536147940625,"GABAergic","Crtc21"
"Aars21",0.263292703085961,7.49636556585233,2.79093576116856,0.0064053416295512,0.0257922180881223,-2.57897780393287,"GABAergic","Aars21"
"Cntfr1",0.263192582257071,7.64403301570096,3.21111976060819,0.00182890175087979,0.00970498840851713,-1.39737831784838,"GABAergic","Cntfr1"
"Rcc11",0.263084124086113,7.51997428048425,2.92761647755533,0.00431621106679716,0.0190242515075031,-2.22192773028055,"GABAergic","Rcc11"
"Rhobtb31",0.263080317151106,7.55279354109686,2.70897149229147,0.00806633435378938,0.0304317501810976,-2.73641917880481,"GABAergic","Rhobtb31"
"Sde21",0.263061538407892,7.54140007616282,3.77225886334292,0.000287828604355133,0.00249289988192553,0.20570991824178,"GABAergic","Sde21"
"Riox21",0.262871123340879,7.49393293111307,4.18555995541406,6.56249207980714e-05,0.00188939855984759,1.53247489200969,"GABAergic","Riox21"
"Sema6c1",0.26278513938315,7.56283887885311,3.60184847571565,0.000514917129599177,0.0037711692334656,-0.310679468905993,"GABAergic","Sema6c1"
"Prkab11",0.262767638016166,7.4949238749164,4.19549511824663,6.32623969140521e-05,0.00188939855984759,1.56640330495523,"GABAergic","Prkab11"
"Mobp1",0.262735104786947,7.49088787346045,4.07738490451012,9.74976297139544e-05,0.00214716370892777,1.16829732011015,"GABAergic","Mobp1"
"Tgfbi1",0.262500765974658,7.49471555024117,4.19578727766724,6.31941769264463e-05,0.00188939855984759,1.56734401858211,"GABAergic","Tgfbi1"
"Sirt61",0.26249421516009,7.49291184479539,4.18120962238124,6.668591593841e-05,0.00188939855984759,1.51748343571934,"GABAergic","Sirt61"
"Mars21",0.262413428155242,7.56138090920993,3.20300127949062,0.00187580040211628,0.00992834355691544,-1.46789793055972,"GABAergic","Mars21"
"Foxp41",0.262409234973222,7.4937720939082,4.18840803945629,6.49391223279802e-05,0.00188939855984759,1.54208596479495,"GABAergic","Foxp41"
"Vars21",0.262277691137537,7.54049130336171,3.68962046637758,0.000382427801919695,0.00304145795221459,-0.0519308678898458,"GABAergic","Vars21"
"Gcat1",0.262249873370139,7.49452029757714,4.1960373494417,6.3135840741271e-05,0.00188939855984759,1.56814487631126,"GABAergic","Gcat1"
"Tmem198b1",0.262213024244792,7.49334648392425,4.17979149866651,6.70353315946556e-05,0.00188939855984759,1.51279303850671,"GABAergic","Tmem198b1"
"Rxra1",0.262135715172809,7.49401166244366,4.18695296260358,6.52886285850365e-05,0.00188939855984759,1.5372143649368,"GABAergic","Rxra1"
"Zfp9410",0.262102990929919,7.58583141797128,3.17350586256902,0.0020558057828533,0.0106923969639154,-1.52885459099941,"GABAergic","Zfp9410"
"AC133488.11",0.262018079987101,7.49393644123617,4.19213913212795,6.40511276707903e-05,0.00188939855984759,1.55477682801877,"GABAergic","AC133488.11"
"Nelfcd1",0.262010113218975,7.63139321571958,2.85360301705101,0.00535334763113126,0.022527043181012,-2.33188011168816,"GABAergic","Nelfcd1"
"D230017M19Rik1",0.261943047365436,7.49420929773324,4.19642776613211,6.30448687881097e-05,0.00188939855984759,1.56939347796026,"GABAergic","D230017M19Rik1"
"Gm2115",0.261671104679682,7.5465222165091,3.34262348499192,0.00120650748960033,0.0070987271585686,-1.0775439308082,"GABAergic","Gm2115"
"March91",0.261600299796568,7.49160468409102,4.13497526925057,7.90307411235517e-05,0.00195974457860902,1.36116695661623,"GABAergic","March91"
"Mb21d21",0.261584484569223,7.49315528833564,4.18838488236585,6.49446704890332e-05,0.00188939855984759,1.54185268563352,"GABAergic","Mb21d21"
"Map2k31",0.261571623070071,7.49439730786542,4.20063655810797,6.2072142255996e-05,0.00188939855984759,1.58372726549574,"GABAergic","Map2k31"
"Cnn31",0.261467406960519,7.49381312104877,4.19115941952186,6.42831601960306e-05,0.00188939855984759,1.55142384938117,"GABAergic","Cnn31"
"Paics1",0.261458364472182,7.56053427704774,3.01487662561915,0.00333258368111799,0.0155081479981689,-1.96374353602874,"GABAergic","Paics1"
"Spata241",0.26142207458525,7.49380246279771,4.19281657847143,6.38911545337895e-05,0.00188939855984759,1.55704121321863,"GABAergic","Spata241"
"Psen21",0.261223179202867,7.49432971143109,4.20317575660502,6.14922904561905e-05,0.00188939855984759,1.59233522168364,"GABAergic","Psen21"
"Tpx21",0.261111101667463,7.49367886447332,4.19767405997197,6.27553099454027e-05,0.00188939855984759,1.57349254542056,"GABAergic","Tpx21"
"Mfsd4b41",0.26101181600539,7.49393955713031,4.20051562834568,6.20998886478354e-05,0.00188939855984759,1.58320442628541,"GABAergic","Mfsd4b41"
"C030037D09Rik1",0.26084563803719,7.49172288917014,4.15016717569293,7.47502068191831e-05,0.00191614085363777,1.41232356135943,"GABAergic","C030037D09Rik1"
"Mtf11",0.260804511586955,7.56135050426328,3.12872770323861,0.00236009486866372,0.0118867838284055,-1.67439560718996,"GABAergic","Mtf11"
"Tgfb21",0.260799830248269,7.49380221507371,4.19535257255417,6.32957074201953e-05,0.00188939855984759,1.56564445109212,"GABAergic","Tgfb21"
"Srf1",0.260587536214381,7.49200158340189,4.17872599380499,6.7299022375248e-05,0.00188939855984759,1.50884146068009,"GABAergic","Srf1"
"Nfs11",0.260567407881825,7.71011577944472,2.95650327749454,0.00396428609127993,0.0178989648357897,-2.03046747851602,"GABAergic","Nfs11"
"Slc39a91",0.260564818464053,7.53654076837659,3.75877515983287,0.000301569752994802,0.00256802247317156,0.161605220053024,"GABAergic","Slc39a91"
"Nfkb11",0.260549907957555,7.63510568919298,2.78783823935331,0.00646194389519939,0.0259361628542626,-2.51280729053303,"GABAergic","Nfkb11"
"Tvp23a1",0.260517521726697,7.49198475038618,4.18121105706165,6.6685563331944e-05,0.00188939855984759,1.51724987192477,"GABAergic","Tvp23a1"
"Zkscan171",0.260515733343695,7.49341696924134,4.19184334767681,6.41210954252948e-05,0.00188939855984759,1.55364427899209,"GABAergic","Zkscan171"
"Zbtb121",0.260494711811671,7.49417020799776,4.20717489052762,6.05896036275289e-05,0.00188939855984759,1.60588655974088,"GABAergic","Zbtb121"
"Taf101",0.26040756564747,7.54080201323832,3.29960987450732,0.00138403204056912,0.00792484164320421,-1.20359569690126,"GABAergic","Taf101"
"Mphosph61",0.260395260613247,7.51652933427089,3.37443553285159,0.00108921816883033,0.00662524445811477,-1.00224378129389,"GABAergic","Mphosph61"
"Snai21",0.26036378132935,7.49243479102764,4.19269873811398,6.39189538772214e-05,0.00188939855984759,1.55629794828618,"GABAergic","Snai21"
"2810402E24Rik1",0.260345542020308,7.49333027012256,4.19302046580249,6.38430835947248e-05,0.00188939855984759,1.5576149969425,"GABAergic","2810402E24Rik1"
"Zfp874a1",0.260334549439146,7.49343990113842,4.19562158693188,6.3232857452556e-05,0.00188939855984759,1.56646722263198,"GABAergic","Zfp874a1"
"Rgs31",0.260194212346163,7.49130114686502,4.14022280210613,7.75262100669994e-05,0.00192916411386957,1.37872912818755,"GABAergic","Rgs31"
"Siva11",0.259928244057734,7.55933262238985,3.18312379166815,0.00199541067059606,0.0104472935234824,-1.52462480416758,"GABAergic","Siva11"
"Plcb41",0.259925561346616,7.71834528683608,2.56100042124075,0.0120859539347386,0.0415293949034103,-2.98226946499369,"GABAergic","Plcb41"
"Slc46a21",0.259710952712239,7.49283399162008,4.20010157587708,6.21949801771006e-05,0.00188939855984759,1.58152379554048,"GABAergic","Slc46a21"
"Pan21",0.259665271991681,7.51887902565523,3.22230428550641,0.00176608312300188,0.00943884136633631,-1.43192277877108,"GABAergic","Pan21"
"Smim111",0.259657449064008,7.50137628580288,4.56783464690297,1.54507104011621e-05,0.00135161527030166,2.8663659692325,"GABAergic","Smim111"
"Phlpp11",0.259606492960205,7.55512982977401,3.75212308626137,0.000308576714726905,0.00259799488469684,0.146944756823123,"GABAergic","Phlpp11"
"Armc101",0.25959137215852,7.57401305319827,3.33088229602665,0.00125271782344663,0.00733634887120282,-1.10794415750995,"GABAergic","Armc101"
"Dusp61",0.259577508178984,7.49112009468917,4.1728131856213,6.87805482569985e-05,0.00188940319464274,1.48860438178387,"GABAergic","Dusp61"
"Rspo31",0.259503567105956,7.49426685298143,4.1749381805802,6.82445300254549e-05,0.00188939855984759,1.49660380315348,"GABAergic","Rspo31"
"Fbxo311",0.259430161582352,7.53569493518128,3.39332483770708,0.00102473715582453,0.00630303415621171,-0.939134362664212,"GABAergic","Fbxo311"
"Cdr2l1",0.259382099965359,7.49353438858584,4.21173274103441,5.95763516590037e-05,0.00188939855984759,1.62123099605686,"GABAergic","Cdr2l1"
"Fbxw81",0.259363865957574,7.4966759621019,2.73105763821673,0.00758391322529147,0.0289541895158667,-2.72588419988773,"GABAergic","Fbxw81"
"Lrrc291",0.259204380228008,7.67119370874821,2.65032607175281,0.00948581412508048,0.0344161291859559,-2.80612125762141,"GABAergic","Lrrc291"
"Cd831",0.259108583433814,7.49068893591834,4.14921454924944,7.50119410060139e-05,0.00191614085363777,1.40883266732595,"GABAergic","Cd831"
"Gm317931",0.258923248359467,7.53745087765261,3.40108290250542,0.000999308898167818,0.00622874526977734,-0.915776369734445,"GABAergic","Gm317931"
"Tank1",0.258851300014783,7.62496376790042,3.15829556261407,0.00215480757909782,0.0111246356860226,-1.5586842784004,"GABAergic","Tank1"
"Taf5l1",0.258752926065576,7.49600630775927,4.25113171492287,5.14717976988308e-05,0.00188939855984759,1.75624255400482,"GABAergic","Taf5l1"
"Gm175861",0.25874358458362,7.52200538197044,2.87418902208108,0.00504400362221203,0.0214297698999164,-2.35389106372766,"GABAergic","Gm175861"
"Oscp11",0.258736894505851,7.54297722643517,2.61611677139702,0.0104149035836877,0.0371451133759101,-2.9600094675859,"GABAergic","Oscp11"
"Nsmce11",0.258719612996402,7.49233072889618,4.20135473311465,6.1907608225787e-05,0.00188939855984759,1.58565345711248,"GABAergic","Nsmce11"
"AC141880.11",0.258676558827153,7.49332103084549,4.20576006107983,6.09074921966667e-05,0.00188939855984759,1.60086902530684,"GABAergic","AC141880.11"
"Qsox11",0.258582387747866,7.49400858810788,4.23814730768534,5.40176992808822e-05,0.00188939855984759,1.71138985969405,"GABAergic","Qsox11"
"Zfhx2os1",0.258501474456653,7.58164986388985,3.33172965127346,0.00124932800632288,0.00732330614036727,-1.10076767953912,"GABAergic","Zfhx2os1"
"Creld21",0.258406820708466,7.49174241359022,4.19658262047277,6.30088207422917e-05,0.00188939855984759,1.56929912321685,"GABAergic","Creld21"
"Fndc1",0.258263108899627,7.49316544519914,4.21222386158516,5.94681495215144e-05,0.00188939855984759,1.62281118005128,"GABAergic","Fndc1"
"Sec23ip1",0.25824258496527,7.53567757414111,3.78146861681904,0.00027878796969093,0.00242869436666435,0.232264130223873,"GABAergic","Sec23ip1"
"Klhl261",0.258215453113637,7.49168857683837,4.20038836248567,6.21291016968348e-05,0.00188939855984759,1.58220700172317,"GABAergic","Klhl261"
"Tmem2381",0.258103606101474,7.49275235516499,4.21245389061801,5.94175353141232e-05,0.00188939855984759,1.62349176560568,"GABAergic","Tmem2381"
"Ica1l1",0.258098420968436,7.59797500380327,3.38828445049302,0.00104158269062265,0.00638793434945157,-0.9235499308889,"GABAergic","Ica1l1"
"Rab91",0.258092278117893,7.53501419824176,3.80642804653977,0.000255626870580774,0.00231830935112024,0.310668966450367,"GABAergic","Rab91"
"Tmem281",0.257980580541005,7.48935771729278,4.11659731126267,8.45242400377581e-05,0.00201026874048495,1.29885156078107,"GABAergic","Tmem281"
"Gna121",0.257909410848636,7.49174210305854,4.20380896731703,6.13485044153612e-05,0.00188939855984759,1.59384145584473,"GABAergic","Gna121"
"Usf11",0.257895085364892,7.49639706017579,2.65447488334125,0.0093784003559708,0.034065660116541,-2.91055643652144,"GABAergic","Usf11"
"Usf31",0.257832800287805,7.54038569572757,2.61481766426329,0.0104517556790577,0.0372554516947056,-2.96383330318251,"GABAergic","Usf31"
"Cfp1",0.25781139318792,7.49177566436291,4.201295704887,6.19211157588926e-05,0.00188939855984759,1.58531127931441,"GABAergic","Cfp1"
"Zfp872",0.257770819935269,7.48925278905296,4.12597898815682,8.16755896629144e-05,0.0019862305076906,1.33028979384094,"GABAergic","Zfp872"
"Ch25h",0.257732038770946,7.49321580434302,4.21815911896008,5.81753767818999e-05,0.00188939855984759,1.6430264118513,"GABAergic","Ch25h"
"Arl13b1",0.257615881378983,7.49149385796334,4.20243399146031,6.16611389221074e-05,0.00188939855984759,1.5891056729712,"GABAergic","Arl13b1"
"C030029H02Rik",0.257524853151998,7.48947668633927,4.14740423113328,7.55117556399874e-05,0.00191778545523573,1.40239811184629,"GABAergic","C030029H02Rik"
"N4bp31",0.257482850375764,7.54060876418155,3.53876910645175,0.000635850980354375,0.00434136303497239,-0.508961872249201,"GABAergic","N4bp31"
"Dtx11",0.257476461726124,7.56183470846509,3.14169716206877,0.00226790388497861,0.0115304458727841,-1.62467913235815,"GABAergic","Dtx11"
"Mfsd4b11",0.257400699728652,7.49269762662124,4.21570745773125,5.87060656400048e-05,0.00188939855984759,1.63455139810525,"GABAergic","Mfsd4b11"
"Bcas31",0.257338560007083,7.60242978270965,3.12816155248906,0.00236419762403317,0.0118936890854416,-1.64310272039622,"GABAergic","Bcas31"
"BC0303431",0.257336530842501,7.49305760811024,4.2204203524105,5.76900042426767e-05,0.00188939855984759,1.65068959710299,"GABAergic","BC0303431"
"Gm268301",0.257209050733146,7.49246641358082,4.21578603658665,5.86889843365119e-05,0.00188939855984759,1.63476165063358,"GABAergic","Gm268301"
"Ccdc711",0.256899619559185,7.49301850446116,4.22739490727236,5.62173526379983e-05,0.00188939855984759,1.67445308201815,"GABAergic","Ccdc711"
"Klc41",0.256825599502259,7.49201223701673,4.21449386203933,5.89704829290469e-05,0.00188939855984759,1.63024936683495,"GABAergic","Klc41"
"Atg71",0.256821944874727,7.4965832915004,2.65356082640084,0.00940197033656819,0.034132256820523,-2.91214912772789,"GABAergic","Atg71"
"Zc3h12b1",0.256687317205754,7.68330290434815,2.61242062939144,0.0105200626511233,0.0374531282840805,-2.88548932081475,"GABAergic","Zc3h12b1"
"Ccar21",0.256561951936635,7.49604832959206,4.28961860203609,4.45865486203072e-05,0.00188939855984759,1.88834934631463,"GABAergic","Ccar21"
"Zfp8501",0.256517357553614,7.49651404622806,2.68773528918863,0.00855636050476233,0.0317386552645733,-2.83036196169002,"GABAergic","Zfp8501"
"Lzic1",0.256486550966707,7.54281795460147,3.18915230781855,0.00195840329311217,0.0103092378952503,-1.51354573239909,"GABAergic","Lzic1"
"Mief21",0.256394323133724,7.53641181040506,3.79281772965705,0.000268019020915101,0.00235847743764708,0.26829543201072,"GABAergic","Mief21"
"Asnsd11",0.25609083341137,7.53935955144571,3.57630766530316,0.00056099365656204,0.00400614347602722,-0.397423529624429,"GABAergic","Asnsd11"
"Kcnk121",0.256038228567721,7.49163867649381,4.2165563212151,5.85217946189929e-05,0.00188939855984759,1.6371761605787,"GABAergic","Kcnk121"
"Mlycd1",0.255919949427563,7.49045398931125,4.17910032239795,6.72062701850742e-05,0.00188939855984759,1.50969882696018,"GABAergic","Mlycd1"
"Eif2b21",0.255863761696379,7.51363090945574,3.37324353215552,0.00109341257520259,0.00663473902207469,-1.00691475134838,"GABAergic","Eif2b21"
"Alyref1",0.25585134256607,7.49067483476736,4.20865926598923,6.02578058332474e-05,0.00188939855984759,1.61005511581095,"GABAergic","Alyref1"
"Smyd21",0.255692979491347,7.61182334089182,2.9352026949782,0.00422110128116492,0.0187206470451231,-2.15019262057429,"GABAergic","Smyd21"
"5033417F24Rik1",0.255570666774305,7.49204117276492,4.22554215324913,5.66049855994549e-05,0.00188939855984759,1.66789507786036,"GABAergic","5033417F24Rik1"
"Drd21",0.255564765343847,7.49683054631945,2.61151236410621,0.0105460502619902,0.0375091350562637,-3.01158801225434,"GABAergic","Drd21"
"Ramp31",0.25553922081115,7.49209117855669,4.22134298801549,5.74930828892355e-05,0.00188939855984759,1.65359462183798,"GABAergic","Ramp31"
"Bag21",0.255521158269064,7.5611203684428,2.95972473578953,0.00392672592020052,0.0177612087672409,-2.10640555634525,"GABAergic","Bag21"
"Cd3eap1",0.255485787016068,7.58137017173111,3.2560226786899,0.00158869021487012,0.00873939296202886,-1.30308521962099,"GABAergic","Cd3eap1"
"Tnni3k",0.255462859321953,7.49191028582431,4.22538572604454,5.66378308257583e-05,0.00188939855984759,1.66732898136899,"GABAergic","Tnni3k"
"Oprd11",0.255238704220108,7.58195217417695,3.22056152676752,0.00177573699593398,0.00948641176326563,-1.4005586637069,"GABAergic","Oprd11"
"Mbd21",0.255237783254493,7.49657382253982,2.61654641982983,0.0104027415262505,0.0371210702484867,-3.00000269489745,"GABAergic","Mbd21"
"Deaf11",0.255180439434176,7.5587241557146,2.99051598867817,0.00358394107579627,0.0164826543529605,-2.02702329016061,"GABAergic","Deaf11"
"Yif1b1",0.255154529202598,7.60678308496924,3.08077138476849,0.00273213211206346,0.013223676807158,-1.77224769118021,"GABAergic","Yif1b1"
"Hexim21",0.25497523100407,7.53897761079791,2.9436424222451,0.00411756392667531,0.0184247591505114,-2.17091753277495,"GABAergic","Hexim21"
"Tbc1d311",0.254969493619824,7.50036951172991,2.52750974350352,0.013215749095761,0.043867929211937,-3.20089703339109,"GABAergic","Tbc1d311"
"Poc1a1",0.254888721950389,7.48855861161362,4.16550088545818,7.06561453711829e-05,0.00189633630368793,1.46318841636937,"GABAergic","Poc1a1"
"Nucb21",0.254782788665506,7.491918727786,4.22711164085751,5.62764516508985e-05,0.00188939855984759,1.67321655421152,"GABAergic","Nucb21"
"Akt11",0.254682578150907,7.59248688753378,3.47525374811741,0.000784431196937617,0.00517084237981327,-0.673469256413071,"GABAergic","Akt11"
"Slc35b31",0.254494845765355,7.69987741137018,2.54376621748256,0.0126559940334389,0.0425253552518617,-3.03046784573147,"GABAergic","Slc35b31"
"Ldlrad41",0.254491464568904,7.49162464564566,4.2276927549919,5.61552759181136e-05,0.00188939855984759,1.67512487667742,"GABAergic","Ldlrad41"
"Gm174841",0.254405612947929,7.49051597813325,4.19169359528786,6.41565473568894e-05,0.00188939855984759,1.55238934797233,"GABAergic","Gm174841"
"Dpy19l31",0.254343588736599,7.49429235330512,4.2883738488335,4.47946328716013e-05,0.00188939855984759,1.88368153131837,"GABAergic","Dpy19l31"
"Zfp8211",0.254165604176223,7.54009293791825,3.58761744034417,0.000540128447588835,0.00389467547468606,-0.362656958820674,"GABAergic","Zfp8211"
"Aco11",0.254140698338925,7.60236335187271,2.65316949329266,0.00941207770947227,0.0341584393276353,-2.82890573774892,"GABAergic","Aco11"
"Acsf31",0.253990115132688,7.49585184984739,2.76434956958516,0.00690627016249904,0.0271360839791018,-2.6445680225559,"GABAergic","Acsf31"
"Hspbp11",0.253749529204497,7.60359523858853,2.89800812532303,0.00470662107149813,0.0202283540217202,-2.2629320311149,"GABAergic","Hspbp11"
"Scarb11",0.253544442318196,7.54278137603482,3.59623870353013,0.000524719156445447,0.00382587608410713,-0.335572326439757,"GABAergic","Scarb11"
"Kif13a1",0.253425623696697,7.53233265159434,3.76139279459264,0.000298854211674899,0.00255925663118199,0.168538429511278,"GABAergic","Kif13a1"
"Coq8a1",0.25342183436989,7.49152099551978,4.2380020883933,5.40468474390905e-05,0.00188939855984759,1.71029122113667,"GABAergic","Coq8a1"
"Pcbd21",0.25329041843344,7.49059400021032,4.22669938247074,5.63625696680033e-05,0.00188939855984759,1.67147579171575,"GABAergic","Pcbd21"
"Abca8a1",0.25322314320756,7.48560736897671,4.11483941156217,8.50685196071164e-05,0.00201026874048495,1.29185395715168,"GABAergic","Abca8a1"
"Tmem167b1",0.253120589841713,7.49178365321041,4.24464064440494,5.27297293802197e-05,0.00188939855984759,1.73304739500391,"GABAergic","Tmem167b1"
"Spa171",0.253108266578072,7.4912565765026,4.23689206902624,5.42701494737281e-05,0.00188939855984759,1.70643330634954,"GABAergic","Spa171"
"Rab3d1",0.252885713891527,7.4960761606826,2.75343029134095,0.00712217919807379,0.0276822250410785,-2.67096144193997,"GABAergic","Rab3d1"
"Cdc341",0.25275543826785,7.48953721470585,4.19913065111094,6.24185131387599e-05,0.00188939855984759,1.57737154294524,"GABAergic","Cdc341"
"Gm490851",0.252579935595691,7.48978026889819,4.20175391305061,6.18163375725504e-05,0.00188939855984759,1.5863471151088,"GABAergic","Gm490851"
"Dbndd11",0.252455602886486,7.48973074525573,4.20326154286641,6.14727916044851e-05,0.00188939855984759,1.59145687584121,"GABAergic","Dbndd11"
"Kctd22",0.252285725073061,7.53266290961327,3.78888456556657,0.000271705445904254,0.00238181872098531,0.254664049040085,"GABAergic","Kctd22"
"Mfsd13",0.252281008029626,7.53662887561345,3.77931073540652,0.000280881639945983,0.00244355388011018,0.226473477036296,"GABAergic","Mfsd13"
"Slc37a31",0.252172306791728,7.60206467901126,3.25133636399962,0.00161230592342081,0.00884206256740614,-1.30704513098658,"GABAergic","Slc37a31"
"Scly1",0.252168903465723,7.49103897065647,4.24412078035979,5.28317468185442e-05,0.00188939855984759,1.73108513330131,"GABAergic","Scly1"
"Spr1",0.252100641610776,7.57948756566694,3.42349729250469,0.000929137726913813,0.00584340885967713,-0.827827434452209,"GABAergic","Spr1"
"Pcdhb91",0.25197945423001,7.53735754164159,3.28675125401972,0.00144168230215046,0.00815912308671998,-1.24467542592573,"GABAergic","Pcdhb91"
"Stum1",0.251962269316369,7.59452433759323,3.09116075096373,0.00264718818432707,0.0128960627195848,-1.74798166359851,"GABAergic","Stum1"
"Mlxip1",0.251929412637238,7.56344522322573,3.09597203781302,0.00260868797708074,0.0127568487761204,-1.75968140473598,"GABAergic","Mlxip1"
"Rnf251",0.251908777219837,7.538351269835,3.57942960025037,0.000555159044809338,0.00396672631166378,-0.388294101357087,"GABAergic","Rnf251"
"Mmab1",0.251850089513525,7.53821861535472,3.5524783341465,0.000607479715611652,0.00423318156733651,-0.468834260132454,"GABAergic","Mmab1"
"Sec14l21",0.251662032269803,7.50981491495619,3.31952467771584,0.00129899489602166,0.00755119460322329,-1.16237204816067,"GABAergic","Sec14l21"
"Rcbtb21",0.251518350762619,7.56258420338078,3.12330581273839,0.00239965956683442,0.0120288545815412,-1.68648892153093,"GABAergic","Rcbtb21"
"Zfp9701",0.251468223379654,7.48730089371481,4.16836955637408,6.99145451484154e-05,0.00189400758114965,1.47252597655603,"GABAergic","Zfp9701"
"Tshz11",0.251348432954662,7.48720252853858,4.16755283087669,7.01249169680689e-05,0.00189495518112377,1.46973711692114,"GABAergic","Tshz11"
"Mcm71",0.251330098473582,7.56177632230387,3.12590597578243,0.00238060922566841,0.0119619203892082,-1.68186864139056,"GABAergic","Mcm71"
"Egr41",0.251193370201418,7.48707523124556,4.16648528986206,7.04008116826168e-05,0.00189495518112377,1.4660925862482,"GABAergic","Egr41"
"Senp81",0.251091070204248,7.57489528054852,3.3263445287874,0.00127101838776484,0.00742626096042381,-1.10731817859202,"GABAergic","Senp81"
"Ice21",0.250934004601565,7.67855560624192,2.50649929014093,0.0139721194595264,0.0458177449130521,-3.1273010312183,"GABAergic","Ice21"
"Atg4b1",0.250903297337953,7.65166208132521,2.7645305881616,0.00690274175521905,0.0271306826491402,-2.54475666698744,"GABAergic","Atg4b1"
"Gm13522",0.250744572714481,7.47251300017544,3.7533465717378,0.000307276434871798,0.00258913795991976,0.113380505033242,"GABAergic","Gm13522"
"Oscar",0.250744572714481,7.47251300017544,3.7533465717378,0.000307276434871798,0.00258913795991976,0.113380505033242,"GABAergic","Oscar"
"Gm427151",0.250744572714481,7.47251300017544,3.7533465717378,0.000307276434871798,0.00258913795991976,0.113380505033242,"GABAergic","Gm427151"
"Bves1",0.250744572714481,7.47251300017544,3.7533465717378,0.000307276434871798,0.00258913795991976,0.113380505033242,"GABAergic","Bves1"
"Smim24",0.250744572714481,7.47251300017544,3.7533465717378,0.000307276434871798,0.00258913795991976,0.113380505033242,"GABAergic","Smim24"
"Arhgef251",0.250723398673508,7.55852921162176,3.14275010151185,0.00226056837303585,0.0115101354661207,-1.63760961393878,"GABAergic","Arhgef251"
"Gfra11",0.250701876244809,7.48904437106299,4.21485517651696,5.88916404028643e-05,0.00188939855984759,1.63071141640134,"GABAergic","Gfra11"
"Col14a1",0.250634387755303,7.47244834780858,3.75449136318719,0.000306064512233169,0.00258758030912834,0.116962104439371,"GABAergic","Col14a1"
"Itgb1bp21",0.250616892681293,7.47243808846719,3.75467277806079,0.000305872877189813,0.00258758030912834,0.117529748970323,"GABAergic","Itgb1bp21"
"Ubac11",0.25061616480833,7.68103434919199,2.50284371030825,0.0141076171937795,0.0461833819620686,-3.13427239200388,"GABAergic","Ubac11"
"Zfp9541",0.250490821996019,7.47236424553016,3.75597543436083,0.000304500185009132,0.00257954864193681,0.121606261783955,"GABAergic","Zfp9541"
"Hdac12",0.250474392270271,7.47235463704965,3.75614442631754,0.000304322537661283,0.00257954864193681,0.122135165948054,"GABAergic","Hdac12"
"Ubiad11",0.250458294313965,7.53445738242266,3.69201166901,0.00037931715073452,0.00303683538630686,-0.0463943106587728,"GABAergic","Ubiad11"
"Efcab121",0.250394222923973,7.47230777316966,3.75696779128725,0.00030345841206625,0.00257418560053775,0.124712334322648,"GABAergic","Efcab121"
"Zfp6581",0.250379878323074,7.49007004650464,4.24709982044462,5.2249710010423e-05,0.00188939855984759,1.74103233833976,"GABAergic","Zfp6581"
"D830025C05Rik1",0.250375721512822,7.47229696290961,3.75715751476357,0.000303259627693279,0.00257418560053775,0.125306232149337,"GABAergic","D830025C05Rik1"
"Artn",0.250312823816949,7.47226022602882,3.7578016809243,0.000302585621614863,0.00257024347638734,0.127322841032469,"GABAergic","Artn"
"Slu71",0.250287689029488,7.64223132755112,2.98461855882544,0.00364737245303674,0.0167015451802631,-1.99874477203963,"GABAergic","Slu71"
"Gpr211",0.250283891115266,7.47224333438707,3.75809756824269,0.000302276505947364,0.0025693503005526,0.128249217299715,"GABAergic","Gpr211"
"Limk11",0.250258880327663,7.62847211593162,2.98578725021649,0.00363472042336507,0.0166678460768583,-1.99972986234033,"GABAergic","Limk11"
"Zfp9721",0.250250099428084,7.47222361684609,3.7584425973477,0.000301916431115907,0.00256802247317156,0.129329505554062,"GABAergic","Zfp9721"
"Zmiz1os11",0.250247626673691,7.48854563906915,4.19709995896936,6.28885349169508e-05,0.00188939855984759,1.57020841005501,"GABAergic","Zmiz1os11"
"Pcdhb23",0.250235483674776,7.49080557842415,4.261614858177,4.95010449936363e-05,0.00188939855984759,1.79093320667363,"GABAergic","Pcdhb23"
"Suv39h21",0.250184161032124,7.48969743692288,4.23061967177715,5.55487553909746e-05,0.00188939855984759,1.68462072896648,"GABAergic","Suv39h21"
"Ctsz1",0.250142550057964,7.49217569532067,4.27416480328355,4.72372730144959e-05,0.00188939855984759,1.83433654321568,"GABAergic","Ctsz1"
"Acaa21",0.250089494783074,7.53176839342293,3.75569352032258,0.000304796757751563,0.00258032577782018,0.150773487735435,"GABAergic","Acaa21"
"Lix11",0.250086921374717,7.47212863162116,3.76009776570078,0.000300194755632535,0.00256431304633519,0.134512616498375,"GABAergic","Lix11"
"Ruvbl21",0.249998421078779,7.4876921560624,4.18232463150369,6.64124164365816e-05,0.00188939855984759,1.51986099448949,"GABAergic","Ruvbl21"
"Scube11",0.24959994819377,7.53897040420921,3.55981290717629,0.000592796782675582,0.00417397770942306,-0.444987850486659,"GABAergic","Scube11"
"Etaa11",0.249481078134209,7.57580524014121,3.3514171523024,0.00117295138037456,0.00692549987895684,-1.03590822350705,"GABAergic","Etaa11"
"Acta11",0.249383742255152,7.4717209430533,3.76713087470207,0.000292982728824217,0.00252442095417145,0.156553940942921,"GABAergic","Acta11"
"Gm67121",0.249288632069408,7.48721231950586,4.18558018021678,6.56200263369426e-05,0.00188939855984759,1.53075762427775,"GABAergic","Gm67121"
"Tefm1",0.249142346024986,7.53495265597627,3.78775001443451,0.000272777768253883,0.00238789544593062,0.252430130917496,"GABAergic","Tefm1"
"Hbegf1",0.248916004022847,7.57913658469142,3.10607545874433,0.00252952761280502,0.0124998063643128,-1.71372071927725,"GABAergic","Hbegf1"
"Gm269091",0.248888163710734,7.47143519155103,3.77198862448552,0.000288098051486435,0.00249289988192553,0.171794109091882,"GABAergic","Gm269091"
"Srrd1",0.248840614503727,7.48658302689165,4.17940385534019,6.7131150222655e-05,0.00188939855984759,1.50965293242801,"GABAergic","Srrd1"
"Gas81",0.248838595341097,7.4890718657262,4.23309851439404,5.50400231700145e-05,0.00188939855984759,1.69292054160232,"GABAergic","Gas81"
"Zdhhc51",0.248796936730979,7.53945808288547,3.40948142785421,0.000972451340331367,0.00609004450307611,-0.89079297506739,"GABAergic","Zdhhc51"
"Erich11",0.248741611417956,7.48748754505707,4.19946428926539,6.23416136336883e-05,0.00188939855984759,1.57794710678082,"GABAergic","Erich11"
"Dio21",0.248740308166351,7.48764139191517,4.20229667913586,6.16924443137039e-05,0.00188939855984759,1.58761315794664,"GABAergic","Dio21"
"Dut1",0.248617058343119,7.63002064986207,2.80247469160552,0.00619845453790036,0.0251228866840189,-2.4620607081859,"GABAergic","Dut1"
"Cmtm41",0.248548345323169,7.53590886461246,3.59054904560292,0.000534841152725647,0.00386761997754591,-0.355762916259567,"GABAergic","Cmtm41"
"Nfkbie",0.248532698865866,7.47680687215172,3.74311379227378,0.000318314017196597,0.00266078412383911,0.0825351766183724,"GABAergic","Nfkbie"
"Zfpm21",0.248478341050017,7.50243868236443,2.53197177502856,0.0130599345447991,0.0434537758744939,-3.18699481761972,"GABAergic","Zfpm21"
"Arhgap101",0.248473781672469,7.4880841492507,4.23132886362093,5.54027475971236e-05,0.00188939855984759,1.68661881372502,"GABAergic","Arhgap101"
"Adra1b1",0.248433261367984,7.49461388825695,2.83359440826354,0.00567061364004342,0.0235366775989714,-2.4719691640206,"GABAergic","Adra1b1"
"Mei11",0.248411125002985,7.49162988776183,4.30285844987901,4.24301458040413e-05,0.00188939855984759,1.93299320940377,"GABAergic","Mei11"
"Scamp41",0.248404843491956,7.56158236763533,3.3397720563863,0.00121758050319607,0.007153853357631,-1.08301969160271,"GABAergic","Scamp41"
"Trpm31",0.2483994167931,7.51743292747007,3.14249096745644,0.00226237162928593,0.0115101354661207,-1.65234003930794,"GABAergic","Trpm31"
"Rgma1",0.248267261754261,7.48862928218007,4.23327369044414,5.50042420631533e-05,0.00188939855984759,1.69340293744616,"GABAergic","Rgma1"
"Zic11",0.248221305722018,7.47659401945378,3.7463476704725,0.000314785657381969,0.00264004988418153,0.0926265993896331,"GABAergic","Zic11"
"Crtam",0.24814736878432,7.47654354986226,3.74711084615487,0.000313958430255714,0.00263486631974099,0.0950089762665494,"GABAergic","Crtam"
"Zfp7711",0.247931114940973,7.53959119616209,3.45267531124399,0.000844729280986747,0.00548507976937632,-0.762714841955954,"GABAergic","Zfp7711"
"Ptcd21",0.247909795118434,7.5461394218433,3.2366969494323,0.001688210843492,0.00915471028646956,-1.37757532761552,"GABAergic","Ptcd21"
"Pla2g71",0.247875170700511,7.58805755683548,3.16720158392395,0.00209631337098389,0.0108761365462455,-1.5459179456252,"GABAergic","Pla2g71"
"Naglu1",0.247636883740403,7.47639257890331,3.75196974960367,0.000308740044644849,0.00259799488469684,0.110235743054226,"GABAergic","Naglu1"
"Pnma11",0.247635498037261,7.48830759112617,4.23868491614182,5.3909923171647e-05,0.00188939855984759,1.71180349267865,"GABAergic","Pnma11"
"Rgs21",0.247318309049656,7.65126625962394,2.72458341925534,0.00772253038858689,0.0293810677454029,-2.63889957483314,"GABAergic","Rgs21"
"Ace1",0.247108224932084,7.48777640469702,4.2330354817118,5.50529035811441e-05,0.00188939855984759,1.69236349549979,"GABAergic","Ace1"
"D030047H15Rik1",0.247051988196071,7.4882735771676,4.24386222814152,5.28825555243379e-05,0.00188939855984759,1.729495378625,"GABAergic","D030047H15Rik1"
"A330074K22Rik1",0.247032565294617,7.51530349546254,3.32913215225725,0.00125974656275027,0.0073672365139114,-1.13267716877072,"GABAergic","A330074K22Rik1"
"Fam107b",0.246905061763893,7.47640867468152,3.75856177893324,0.000301792147267348,0.00256802247317156,0.130982158719759,"GABAergic","Fam107b"
"8430432A02Rik1",0.246752538074316,7.48793499359423,4.2404135265803,5.35647846539973e-05,0.00188939855984759,1.71761369707386,"GABAergic","8430432A02Rik1"
"Nts",0.246649993633508,7.47623184645641,3.76108432366361,0.000299173006100959,0.00256024616702023,0.138873961562916,"GABAergic","Nts"
"Jup1",0.246592669127963,7.52950044110255,3.49350184976111,0.000738689461960398,0.00493125127308698,-0.648011612723918,"GABAergic","Jup1"
"A230001M10Rik",0.246533554262597,7.47615123121243,3.76222821419917,0.000297992456437315,0.00255361290730671,0.142453782487676,"GABAergic","A230001M10Rik"
"Zfp9761",0.246514138022149,7.4970899788953,2.48448204837486,0.014806200832554,0.047959298505447,-3.30314669191367,"GABAergic","Zfp9761"
"AC114585.11",0.246106988026337,7.53193404162902,3.78435976545062,0.000276006142360108,0.00240936153616248,0.240662472949507,"GABAergic","AC114585.11"
"Commd91",0.246076551080106,7.56477531446602,3.1196420336918,0.00242674343300284,0.0121246338864449,-1.69552065103453,"GABAergic","Commd91"
"9330136K24Rik1",0.246024250411203,7.48833215714577,4.25862156780943,5.00562203390435e-05,0.00188939855984759,1.78004903284485,"GABAergic","9330136K24Rik1"
"Mcat1",0.245954125150531,7.48677797847611,4.21337621919907,5.9215007786627e-05,0.00188939855984759,1.62506085766477,"GABAergic","Mcat1"
"Sfmbt11",0.245886659524058,7.51601280066295,3.24075859081108,0.0016668230343548,0.00907780793937202,-1.38180152062546,"GABAergic","Sfmbt11"
"Arhgdib1",0.245707208224598,7.4875198025291,4.24355102237387,5.29437737185165e-05,0.00188939855984759,1.72823218226274,"GABAergic","Arhgdib1"
"Gm477601",0.245684477772372,7.49597839586943,2.47493954467372,0.0151813553481936,0.0489855361990764,-3.32658266562845,"GABAergic","Gm477601"
"AC122413.2",0.245642139415168,7.56055924170808,2.99192533310589,0.00356893425777104,0.0164319681451542,-2.02345553801092,"GABAergic","AC122413.2"
"1110032F04Rik1",0.24560149876516,7.46958482889081,3.80144479188115,0.000260099360801787,0.00233385266721917,0.26446802651476,"GABAergic","1110032F04Rik1"
"Vps251",0.245536939271945,7.49277037670108,3.05164383022317,0.00298396466418881,0.0142006055439314,-1.90913291836158,"GABAergic","Vps251"
"Zfp851",0.245483731225949,7.4967783180101,2.52220977940597,0.0134029937953606,0.0443772993731547,-3.21865120950861,"GABAergic","Zfp851"
"Mocs31",0.245310004250524,7.48685141418778,4.23258751730636,5.51445264995568e-05,0.00188939855984759,1.69058436433328,"GABAergic","Mocs31"
"Zfp9631",0.24527353886663,7.51161790668876,3.28732517601853,0.00143906192382908,0.00815468423503145,-1.25335753046375,"GABAergic","Zfp9631"
"Tmc71",0.245254934257792,7.52899450523355,3.76028997117891,0.000299995433797037,0.00256431304633519,0.164126802731128,"GABAergic","Tmc71"
"Ift221",0.245252220764803,7.65935415529639,2.49368536522379,0.014452270408263,0.0470561357153256,-3.16685852116341,"GABAergic","Ift221"
"Rps27rt1",0.2451922399595,7.48525754143737,4.19710200257935,6.28880601977691e-05,0.00188939855984759,1.56932445290044,"GABAergic","Rps27rt1"
"Gm269011",0.245190975396845,7.53528283183578,3.56668292331539,0.000579348934326004,0.00410464484010387,-0.427290221797882,"GABAergic","Gm269011"
"Gm155451",0.24516393760177,7.48752991356563,4.25040139971866,5.16118721026292e-05,0.00188939855984759,1.75167771300175,"GABAergic","Gm155451"
"Pcdhgb71",0.245033866599083,7.49495454123287,2.5297800380476,0.0131362626295335,0.0436500924147279,-3.20355048707193,"GABAergic","Pcdhgb71"
"Zfp4071",0.244952867161961,7.53257225478493,3.54126546923467,0.000630593163209509,0.00431481916184149,-0.504593299483968,"GABAergic","Zfp4071"
"Map3k141",0.244941080421012,7.51600766825523,3.19649057265525,0.0019142201399939,0.0101062158857935,-1.50522936625559,"GABAergic","Map3k141"
"Prrt21",0.244877711540619,7.65073827340566,2.6415086267444,0.0097178125930782,0.0350961253540729,-2.833806298724,"GABAergic","Prrt21"
"Kbtbd41",0.244686326783165,7.48713931099759,4.24725023769546,5.22204862868708e-05,0.00188939855984759,1.74078706825167,"GABAergic","Kbtbd41"
"Cep721",0.244590510600484,7.48705609094708,4.24615186172185,5.24342463751643e-05,0.00188939855984759,1.73700608728535,"GABAergic","Cep721"
"Ino80b1",0.244526807323441,7.48616792544998,4.22123181844267,5.75167758689806e-05,0.00188939855984759,1.65165322824446,"GABAergic","Ino80b1"
"Ogfod31",0.244079342420183,7.53590339362535,3.58466877378953,0.000545496421024067,0.00391768438748014,-0.372957338117921,"GABAergic","Ogfod31"
"Pank11",0.243921162338218,7.5848897308933,2.80712426808135,0.00611683267551325,0.0249122991314065,-2.48207084923378,"GABAergic","Pank11"
"Gm171021",0.243734308020782,7.48554458846259,4.21978343012043,5.78263234591377e-05,0.00188939855984759,1.64655929737641,"GABAergic","Gm171021"
"Gm26771",0.243517727260882,7.47254561345653,3.79242630896813,0.000268383740303025,0.00235847743764708,0.236795082717547,"GABAergic","Gm26771"
"Itpkc1",0.243517727260882,7.47254561345653,3.79242630896813,0.000268383740303025,0.00235847743764708,0.236795082717547,"GABAergic","Itpkc1"
"Adamtsl3",0.243517727260882,7.47254561345653,3.79242630896813,0.000268383740303025,0.00235847743764708,0.236795082717547,"GABAergic","Adamtsl3"
"Gm12735",0.243517727260882,7.47254561345653,3.79242630896813,0.000268383740303025,0.00235847743764708,0.236795082717547,"GABAergic","Gm12735"
"Ifit1bl21",0.243517727260882,7.47254561345653,3.79242630896813,0.000268383740303025,0.00235847743764708,0.236795082717547,"GABAergic","Ifit1bl21"
"Ankrd371",0.243460674850909,7.53660623369651,3.45176344600817,0.000847254025300747,0.00549580790767946,-0.768182211759318,"GABAergic","Ankrd371"
"Erich31",0.243401214987407,7.47247195070163,3.79339387282667,0.000267483039169333,0.00235847743764708,0.239839411634608,"GABAergic","Erich31"
"Zdhhc161",0.243383486631472,7.48520207525512,4.21446572730837,5.89766264778443e-05,0.00188939855984759,1.62836318958606,"GABAergic","Zdhhc161"
"Ppm1m1",0.243348695898588,7.47243876517989,3.79382822160058,0.00026707964306313,0.00235847743764708,0.241206187772812,"GABAergic","Ppm1m1"
"Trpv21",0.243346883468648,7.47243762015731,3.79384319103825,0.000267065750719695,0.00235847743764708,0.241253294100034,"GABAergic","Trpv21"
"Igf2bp31",0.243323080280062,7.47242258351433,3.79403966577722,0.000266883476718256,0.00235847743764708,0.241871577396179,"GABAergic","Igf2bp31"
"Axin21",0.243282424634184,7.47239690656915,3.79437471214719,0.000266572920113677,0.00235847743764708,0.24292597247945,"GABAergic","Axin21"
"Fam3a1",0.243265045369931,7.49887071259614,2.76795437588358,0.00683631468635284,0.0269536951812165,-2.63421967019622,"GABAergic","Fam3a1"
"Lman21",0.243225800634224,7.58208669604866,3.06285738419711,0.00288456785984429,0.0138215676418633,-1.82756465001347,"GABAergic","Lman21"
"Itga91",0.243167315003125,7.48595945302258,4.23306530592281,5.50468087921209e-05,0.00188939855984759,1.69197182706029,"GABAergic","Itga91"
"AC152827.11",0.243091165382426,7.47227637394813,3.79593486974803,0.000265131329545379,0.0023503584505863,0.247836335581929,"GABAergic","AC152827.11"
"Txnl4b",0.243080380939662,7.4722695825678,3.79602237823638,0.000265050691839329,0.0023503584505863,0.248111789247472,"GABAergic","Txnl4b"
"Cenpo1",0.242939181261765,7.47218079265908,3.79716079366997,0.000264003787075309,0.00234366152627742,0.251695441062903,"GABAergic","Cenpo1"
"Acot51",0.242854332868034,7.47212752525627,3.79783929560062,0.000263381701386189,0.00234025060194422,0.253831544333543,"GABAergic","Acot51"
"Gm44623",0.242810282629325,7.47209988251932,3.79819038360589,0.000263060354388755,0.00234023395779319,0.254936946133262,"GABAergic","Gm44623"
"Wipf11",0.242802366755064,7.4720949159436,3.79825338987386,0.000263002724999114,0.00234023395779319,0.255135327633552,"GABAergic","Wipf11"
"Flot21",0.242756941960605,7.53296391538206,3.57089561375914,0.000571246068272842,0.00406782742907461,-0.415564860687064,"GABAergic","Flot21"
"Macc11",0.242720254537495,7.47204341243976,3.79890543733936,0.000262407028567334,0.00233772371913912,0.257188471673079,"GABAergic","Macc11"
"Apex11",0.242715105910759,7.5344960470415,3.56588464239202,0.000580896589933946,0.0041086773404817,-0.430120663963453,"GABAergic","Apex11"
"Alox5ap1",0.24265691528461,7.47200370304075,3.79940650761842,0.000261950135533623,0.00233530492379126,0.258766357149777,"GABAergic","Alox5ap1"
"Ttc39aos1",0.242435561118091,7.51640035003604,2.66093418802384,0.00921336143170319,0.0335733886868867,-2.88735451397484,"GABAergic","Ttc39aos1"
"Tcf151",0.242367479941953,7.47269078179427,3.80019639871133,0.000261231425004289,0.00233385266721917,0.261484529901383,"GABAergic","Tcf151"
"Akap2",0.242367479941953,7.47269078179427,3.80019639871133,0.000261231425004289,0.00233385266721917,0.261484529901383,"GABAergic","Akap2"
"Speer4b1",0.242367479941953,7.47269078179427,3.80019639871133,0.000261231425004289,0.00233385266721917,0.261484529901383,"GABAergic","Speer4b1"
"Gm266081",0.242367479941953,7.47269078179427,3.80019639871133,0.000261231425004289,0.00233385266721917,0.261484529901383,"GABAergic","Gm266081"
"Aldh1a2",0.242367479941953,7.47269078179427,3.80019639871133,0.000261231425004289,0.00233385266721917,0.261484529901383,"GABAergic","Aldh1a2"
"Gm4241",0.242367479941953,7.47269078179427,3.80019639871133,0.000261231425004289,0.00233385266721917,0.261484529901383,"GABAergic","Gm4241"
"Fam234a1",0.24233467330578,7.5803740633617,2.64089090189079,0.00973425686202323,0.0351454381458603,-2.88224974342693,"GABAergic","Fam234a1"
"Rnf113a11",0.242319618785513,7.53668362755795,3.57274490641458,0.000567723044807315,0.00404731590007795,-0.408535587575588,"GABAergic","Rnf113a11"
"Unc5b",0.242272245018984,7.47262878794175,3.80095293149305,0.000260544828891743,0.00233385266721917,0.263867086988821,"GABAergic","Unc5b"
"Gprc5c1",0.242261859280655,7.47175640378249,3.80249409075041,0.000259151456663555,0.00233263081339181,0.268491769784413,"GABAergic","Gprc5c1"
"Ddx391",0.242191809171552,7.47257645856549,3.80158890848144,0.00025996897484782,0.00233385266721917,0.265870176820777,"GABAergic","Ddx391"
"2700062C07Rik1",0.242164383481382,7.56526707870194,2.78165415158922,0.00657631858098676,0.0262906649205618,-2.55403127396884,"GABAergic","2700062C07Rik1"
"Tfap2b1",0.242089649856198,7.47251003723884,3.80239267787673,0.000259242925994168,0.00233263081339181,0.268402010130816,"GABAergic","Tfap2b1"
"Megf101",0.241995207967737,7.47244867408031,3.80313176476304,0.00025857701103984,0.00233095971575745,0.270730351254088,"GABAergic","Megf101"
"Il221",0.241992932216345,7.47244719590146,3.80314952731757,0.000258561027112815,0.00233095971575745,0.270786311510773,"GABAergic","Il221"
"Ehd31",0.241992111145796,7.47244666259341,3.80315593534196,0.000258555260977759,0.00233095971575745,0.270806499783682,"GABAergic","Ehd31"
"Ndrg21",0.241961748109562,7.48892580138981,3.01971213385801,0.00328467315722882,0.0153327528741002,-1.99973332645464,"GABAergic","Ndrg21"
"Mid1ip11",0.241918017475234,7.47239854878652,3.80373300682585,0.000258036496698078,0.00233095971575745,0.272624619162773,"GABAergic","Mid1ip11"
"Lonrf11",0.241855912223333,7.57630077552913,3.22359885858252,0.00175894371047199,0.00940866833155654,-1.39490368859644,"GABAergic","Lonrf11"
"Wdr381",0.241827709005061,7.47234001464641,3.80443009449624,0.000257411165564427,0.00232778783389453,0.274820971775562,"GABAergic","Wdr381"
"Gulp1",0.241770775179831,7.48414237747016,4.20683112997096,6.06666937184337e-05,0.00188939855984759,1.60212867898157,"GABAergic","Gulp1"
"Asphd11",0.241767533296642,7.53051955849486,3.76612269230647,0.000294006333545689,0.00252950272395832,0.183371304604804,"GABAergic","Asphd11"
"En2",0.241741130034249,7.47228394167581,3.80509466760143,0.000256816347128267,0.00232407724480947,0.27691506370209,"GABAergic","En2"
"Hip11",0.241724227084835,7.59031355369014,2.64283884861513,0.00968248658242371,0.0349886068499115,-2.89382024622764,"GABAergic","Hip11"
"Gm27199",0.241596941385093,7.47219069693086,3.80619200862794,0.000255837051327813,0.00231854628458738,0.280373149104272,"GABAergic","Gm27199"
"Sfi11",0.241593927452562,7.52680885865918,3.73020343364333,0.000332778550875028,0.00276153584016649,0.0696630213259581,"GABAergic","Sfi11"
"Pgpep11",0.241512722195927,7.47213633786102,3.80682668754681,0.000255272273025358,0.00231676140007236,0.282373383283648,"GABAergic","Pgpep11"
"Trim261",0.241464442167873,7.5298904909494,3.68976963849266,0.000382233041297216,0.00304145795221459,-0.0546779509558277,"GABAergic","Trim261"
"Gad1os",0.241446763533641,7.47225942550945,3.80714503811669,0.000254989431865843,0.00231676140007236,0.283423003154773,"GABAergic","Gad1os"
"Gm9913",0.241446763533641,7.47225942550945,3.80714503811669,0.000254989431865843,0.00231676140007236,0.283423003154773,"GABAergic","Gm9913"
"Gm371701",0.241446763533641,7.47225942550945,3.80714503811669,0.000254989431865843,0.00231676140007236,0.283423003154773,"GABAergic","Gm371701"
"2700016F22Rik1",0.241446763533641,7.47225942550945,3.80714503811669,0.000254989431865843,0.00231676140007236,0.283423003154773,"GABAergic","2700016F22Rik1"
"Pdgfrl1",0.241446763533641,7.47225942550945,3.80714503811669,0.000254989431865843,0.00231676140007236,0.283423003154773,"GABAergic","Pdgfrl1"
"Arrdc21",0.241446763533641,7.47225942550945,3.80714503811669,0.000254989431865843,0.00231676140007236,0.283423003154773,"GABAergic","Arrdc21"
"Scara31",0.241277694205714,7.47214961099997,3.8084098824322,0.000253868619003723,0.00231676140007236,0.287409825293106,"GABAergic","Scara31"
"Pcdhac11",0.241271090562068,7.47214532670751,3.80845895148429,0.000253825232350331,0.00231676140007236,0.287564502290123,"GABAergic","Pcdhac11"
"Gm353391",0.241259789189774,7.47213799507382,3.8085428830748,0.000253751036768252,0.00231676140007236,0.287829076346065,"GABAergic","Gm353391"
"Rrp361",0.24119251609563,7.53422190615721,3.53514012337729,0.000643568288416497,0.00437744585808997,-0.522166893983558,"GABAergic","Rrp361"
"Prdm81",0.241081358927459,7.4718583920594,3.81002891159468,0.000252440804955316,0.00231091723924982,0.292467952216142,"GABAergic","Prdm81"
"1300014J16Rik1",0.241064852888146,7.47201161920422,3.8099817623591,0.000252482277204721,0.00231091723924982,0.292365239033892,"GABAergic","1300014J16Rik1"
"Trp53bp21",0.241041231043163,7.47199631645487,3.81015498212456,0.000252329945793753,0.00231091723924982,0.292911381886082,"GABAergic","Trp53bp21"
"Trappc101",0.241015681443045,7.63368035829957,3.17023898988195,0.00207670477615348,0.0107877319856517,-1.51027495755218,"GABAergic","Trappc101"
"Efcab13",0.241005947266085,7.47476113664637,3.81269520799264,0.000250106081118311,0.00230437820102841,0.301820600809542,"GABAergic","Efcab13"
"mt-Nd41",0.240831789258801,7.48061598678433,2.99136167276769,0.00357492917456927,0.0164475466808068,-2.08128052943588,"GABAergic","mt-Nd41"
"2010310C07Rik",0.240816509307076,7.47228555501855,3.81148426723044,0.000251163869969994,0.00230437820102841,0.297227972813271,"GABAergic","2010310C07Rik"
"Iyd",0.240816509307076,7.47228555501855,3.81148426723044,0.000251163869969994,0.00230437820102841,0.297227972813271,"GABAergic","Iyd"
"Igdcc3",0.240816509307076,7.47228555501855,3.81148426723044,0.000251163869969994,0.00230437820102841,0.297227972813271,"GABAergic","Igdcc3"
"Wnt3",0.240816509307076,7.47228555501855,3.81148426723044,0.000251163869969994,0.00230437820102841,0.297227972813271,"GABAergic","Wnt3"
"Bmp6",0.240816509307076,7.47228555501855,3.81148426723044,0.000251163869969994,0.00230437820102841,0.297227972813271,"GABAergic","Bmp6"
"Tmem1701",0.240761844022556,7.47224947585061,3.81188307874722,0.000250815027424324,0.00230437820102841,0.298485583166965,"GABAergic","Tmem1701"
"Pdk21",0.240755799821551,7.66731801967241,2.80291466145465,0.00619068851885414,0.0251127627746523,-2.44235768366396,"GABAergic","Pdk21"
"Gm266601",0.240751164517239,7.47180860063874,3.81226183303625,0.000250484156705987,0.00230437820102841,0.299554994679114,"GABAergic","Gm266601"
"Gm48780",0.240746465915836,7.47180556292359,3.81229565159945,0.000250454633859304,0.00230437820102841,0.299661650064451,"GABAergic","Gm48780"
"Proser21",0.240741817309595,7.47164016919533,3.81249173386082,0.000250283523810412,0.00230437820102841,0.300234452266038,"GABAergic","Proser21"
"Cradd1",0.24073323460023,7.47223059885154,3.81209126399009,0.000250633110226075,0.00230437820102841,0.299142098043498,"GABAergic","Cradd1"
"Gm458691",0.240660241199513,7.47218253684815,3.8126180376342,0.000250173364574058,0.00230437820102841,0.300803248519083,"GABAergic","Gm458691"
"Hmgb2",0.240636139331167,7.47157235001168,3.81324775667467,0.000249624827529342,0.00230437820102841,0.302619036681197,"GABAergic","Hmgb2"
"Tfeb",0.240630525585374,7.47216298066896,3.81283169877742,0.000249987119480731,0.00230437820102841,0.301477042467534,"GABAergic","Tfeb"
"Plcd41",0.240621531988177,7.4721570626475,3.81289628609163,0.000249930845747017,0.00230437820102841,0.301680726039875,"GABAergic","Plcd41"
"Rassf6",0.240611137356212,7.47215022315182,3.81297088947566,0.000249865860227582,0.00230437820102841,0.30191599839978,"GABAergic","Rassf6"
"Kcnn31",0.240609643665509,7.47214924036712,3.81298160584933,0.000249856526731539,0.00230437820102841,0.301949794176791,"GABAergic","Kcnn31"
"Adamts11",0.240608598033566,7.47214855239179,3.81298910705982,0.000249849993700739,0.00230437820102841,0.301973450454535,"GABAergic","Adamts11"
"Zbtb11os11",0.240592227784074,7.47213778218486,3.81310648052214,0.000249747790814484,0.00230437820102841,0.302343609356225,"GABAergic","Zbtb11os11"
"Lancl31",0.240584695069475,7.55989689406073,3.09661060712766,0.00260361740283143,0.0127469762263149,-1.76146429273167,"GABAergic","Lancl31"
"Eloa1",0.24054619741147,7.58307327866628,2.9881055823544,0.00360974258291239,0.0165653651427859,-2.02536106989762,"GABAergic","Eloa1"
"Taf111",0.240532087099683,7.69605436018855,2.55976282474905,0.0121261044818315,0.0415790994326144,-2.98249485255675,"GABAergic","Taf111"
"Cdk5rap21",0.240526673479112,7.48463938738191,4.24184614100599,5.32803589693088e-05,0.00188939855984759,1.72167800735321,"GABAergic","Cdk5rap21"
"Smim81",0.240431892532672,7.48261945470299,4.20089478567061,6.20129338820115e-05,0.00188939855984759,1.58164660919087,"GABAergic","Smim81"
"S1pr51",0.240423583290034,7.4834742232786,4.21170339992511,5.95828219950233e-05,0.00188939855984759,1.61857775151542,"GABAergic","S1pr51"
"Cers21",0.240419808154014,7.47159460541954,3.81462246120605,0.000248431327989168,0.00230437820102841,0.307000866391413,"GABAergic","Cers21"
"Mmachc1",0.240412030549372,7.47201930579389,3.81439047145571,0.000248632355992959,0.00230437820102841,0.306393246061776,"GABAergic","Mmachc1"
"Gm445931",0.240394157363519,7.47474659411227,3.81858072586883,0.000245025126366712,0.00230437820102841,0.320549345496974,"GABAergic","Gm445931"
"Adamts21",0.240369659185173,7.47199146807972,3.81469024864555,0.000248372616837888,0.00230437820102841,0.307338813876892,"GABAergic","Adamts21"
"Fam84b1",0.240356345298385,7.47139301937348,3.81522512250266,0.000247909822798211,0.00230437820102841,0.308856887553734,"GABAergic","Fam84b1"
"Cxcl121",0.240356285485957,7.47139298107275,3.81522554142261,0.000247909460654493,0.00230437820102841,0.308858209241222,"GABAergic","Cxcl121"
"Afap1l21",0.240341835102402,7.47197319211402,3.81488665952199,0.000248202578756162,0.00230437820102841,0.307958357644989,"GABAergic","Afap1l21"
"Cwf19l11",0.24033604164404,7.47154058190053,3.81521136677359,0.000247921714492969,0.00230437820102841,0.308858707346051,"GABAergic","Cwf19l11"
"Kptn1",0.24032789741471,7.54038773691043,3.05665593340051,0.0029391511876274,0.014025805344288,-1.87311904613412,"GABAergic","Kptn1"
"Tbc1d10b1",0.240302610464818,7.53040537604122,3.80580744312825,0.000256179841809654,0.00231998380106126,0.307907630996379,"GABAergic","Tbc1d10b1"
"Evpl1",0.240286031940998,7.47193654858976,3.81527951197805,0.000247862808948462,0.00230437820102841,0.30919758362839,"GABAergic","Evpl1"
"Pfkfb1",0.240234073417983,7.47190244192002,3.81564402024702,0.000247547950073502,0.00230437820102841,0.310347449060824,"GABAergic","Pfkfb1"
"Ccdc1631",0.240198898279338,7.47187935891615,3.81589008601799,0.000247335616371148,0.00230437820102841,0.311123706377908,"GABAergic","Ccdc1631"
"Acot12",0.240134331663855,7.47183700238795,3.81634028289447,0.000246947584388967,0.00230437820102841,0.31254398576092,"GABAergic","Acot12"
"Ttpal1",0.240127003511422,7.53015448583802,3.54464303037373,0.000623544788547417,0.00428287551871964,-0.495377470212258,"GABAergic","Ttpal1"
"Lrp2bp",0.240037368863962,7.47448846208896,3.82113168282483,0.00024285359973816,0.00230190127607344,0.328599552694496,"GABAergic","Lrp2bp"
"Plekha21",0.239991768343539,7.47131886307361,3.81759809985126,0.000245866525367331,0.00230437820102841,0.31638947430099,"GABAergic","Plekha21"
"Men11",0.239935762597839,7.47170685245246,3.81771280998162,0.000245768160004008,0.00230437820102841,0.316874459627343,"GABAergic","Men11"
"4930524O07Rik1",0.239922699525405,7.47169829642215,3.81780246524322,0.000245691305627295,0.00230437820102841,0.317157354006972,"GABAergic","4930524O07Rik1"
"Gemin21",0.239817823088873,7.51626131596598,3.44529752956654,0.000865361772272048,0.00555887926838908,-0.795890049725993,"GABAergic","Gemin21"
"Ccnd31",0.239744546728936,7.54148973127462,3.17804157806978,0.0020271147382159,0.0105878588741811,-1.54466199149324,"GABAergic","Ccnd31"
"Krt121",0.239736752274998,7.48019301050007,4.16149773622866,7.17036807620203e-05,0.00190158161380878,1.44766309427277,"GABAergic","Krt121"
"Cyp2j121",0.239678405955372,7.47153842594387,3.81946452816282,0.000244270693546887,0.00230437820102841,0.322402233633722,"GABAergic","Cyp2j121"
"9630009A06Rik1",0.239678405955372,7.47153842594387,3.81946452816282,0.000244270693546887,0.00230437820102841,0.322402233633722,"GABAergic","9630009A06Rik1"
"Ldha1",0.239534778875685,7.69973061374399,2.53695592703177,0.0128878419340804,0.0430860257015954,-3.03851184805293,"GABAergic","Ldha1"
"Sdk21",0.239520763382502,7.4714353988634,3.82052228074829,0.00024337068457947,0.00230437820102841,0.325740582160534,"GABAergic","Sdk21"
"Dab2ip1",0.239397590563135,7.65466817746143,2.69018796160453,0.00849841453659891,0.0315795067603352,-2.71226925448242,"GABAergic","Dab2ip1"
"9930104L06Rik1",0.239364270359983,7.53985681288027,2.85154215056872,0.00538525639552509,0.0226051565526256,-2.40627367330578,"GABAergic","9930104L06Rik1"
"Ncapg21",0.239269465635615,7.47127138547053,3.82218428633622,0.000241962919864809,0.002296915524896,0.330986681160018,"GABAergic","Ncapg21"
"Ttc261",0.239000678706511,7.56418341350443,2.82258104763079,0.00585251580727384,0.0241560097064969,-2.45211523912517,"GABAergic","Ttc261"
"Hist2h2bb1",0.238942978561729,7.47065026914778,3.82439699590867,0.000240100740774418,0.00228440259179407,0.337846677382243,"GABAergic","Hist2h2bb1"
"Nek101",0.23894092821403,7.47064896981572,3.82440966994239,0.000240090113991588,0.00228440259179407,0.337886683252521,"GABAergic","Nek101"
"Ccdc92b1",0.238853207709345,7.51630882794344,3.40542027023011,0.000985352497776095,0.00616310100024105,-0.911689461590324,"GABAergic","Ccdc92b1"
"Pccb1",0.238703894694407,7.55969137015671,2.82864508931594,0.00575170803522779,0.0238258027358647,-2.43933380222924,"GABAergic","Pccb1"
"Rfc41",0.238699204773062,7.48303975464864,4.22742144938337,5.62118181133372e-05,0.00188939855984759,1.67207194690387,"GABAergic","Rfc41"
"Dpys",0.238655083039615,7.4926244631278,3.04897883217475,0.00300804979446091,0.0142774692015162,-1.91705194416391,"GABAergic","Dpys"
"Pdlim21",0.238639922673425,7.47086374211673,3.82614479825276,0.000238639489340561,0.00227393468019897,0.343488247021949,"GABAergic","Pdlim21"
"Ppp2r2d1",0.238629230199474,7.65318357550507,2.5393664867534,0.0128053442137935,0.0429355658933077,-3.06216949855663,"GABAergic","Ppp2r2d1"
"Ppih1",0.238417803016793,7.53430654818606,3.44149899301844,0.000876168987953845,0.00561398816950895,-0.798906678757686,"GABAergic","Ppih1"
"Edn1",0.238369976068598,7.47580113044348,3.84620938858942,0.000222460697700793,0.00221004527518682,0.40906364483091,"GABAergic","Edn1"
"Cops7b1",0.238343510722768,7.56107836274205,2.97254987298216,0.00378042743110337,0.0171858694874086,-2.07286405522476,"GABAergic","Cops7b1"
"Ctc11",0.23833027017897,7.58409294621093,2.97837813735967,0.00371562180490372,0.0169463026344577,-2.04850215342452,"GABAergic","Ctc11"
"Fam185a1",0.238238824621966,7.58641414424101,2.88744254540693,0.00485362823246442,0.020768055313979,-2.2820345124257,"GABAergic","Fam185a1"
"Ptgs11",0.23799036311275,7.51668743594932,3.36345112818529,0.00112844928042564,0.00678523894296983,-1.0337123264735,"GABAergic","Ptgs11"
"Nfatc21",0.237989207493752,7.4710380528343,3.83018442519432,0.000235294541937493,0.00225228369664635,0.356433345502846,"GABAergic","Nfatc21"
"Cd41",0.23796406978294,7.47102146661986,3.83033075796802,0.000235174216722611,0.00225228369664635,0.356895312532465,"GABAergic","Cd41"
"Gm427221",0.237947676790077,7.47101065176605,3.83042601791843,0.00023509591875616,0.00225228369664635,0.357196045845489,"GABAergic","Gm427221"
"Polm1",0.237939117547488,7.47100500548868,3.83047570318678,0.000235055090311935,0.00225228369664635,0.357352901395308,"GABAergic","Polm1"
"Hba-a21",0.237934352478391,7.53568035132791,3.70942166554348,0.0003573829922936,0.00291955483393157,0.00827871746368292,"GABAergic","Hba-a21"
"Ccdc1201",0.237890983061547,7.4709732585024,3.83075444445072,0.000234826162430946,0.00225228369664635,0.358232887550359,"GABAergic","Ccdc1201"
"Sik11",0.23788500129395,7.47096931394141,3.83078900428313,0.000234797793550432,0.00225228369664635,0.358341993479596,"GABAergic","Sik11"
"Gm301221",0.237869541597698,7.47095912005979,3.83087824124162,0.00023472455736812,0.00225228369664635,0.358623716479383,"GABAergic","Gm301221"
"Arhgef331",0.237829010655568,7.47034293484494,3.83090389187024,0.000234703510098495,0.00225228369664635,0.358511978243202,"GABAergic","Arhgef331"
"Gm477941",0.237827742999311,7.47093160077221,3.83111779231351,0.000234528067118695,0.00225228369664635,0.359379932270834,"GABAergic","Gm477941"
"Gm157231",0.237825312819385,7.51521517401289,3.44087983490754,0.000877942565290469,0.00562249237161365,-0.809127836546176,"GABAergic","Gm157231"
"Cntrl1",0.237820610470854,7.49376533687005,3.02698002726343,0.00321386097624316,0.0150525682723024,-1.97405750089885,"GABAergic","Cntrl1"
"Dusp181",0.237820386491109,7.47092676084967,3.83115978229609,0.000234493641265565,0.00225228369664635,0.359512482856537,"GABAergic","Dusp181"
"Gm36041",0.237817959496834,7.47092516415629,3.83117362939867,0.000234482289654691,0.00225228369664635,0.359556194301078,"GABAergic","Gm36041"
"Msantd31",0.237761493704206,7.47088802308232,3.83149497077207,0.000234219006823297,0.00225228369664635,0.360570583394197,"GABAergic","Msantd31"
"Cenpw1",0.237758779638427,7.46975567794097,3.83141497416601,0.000234284523622896,0.00225228369664635,0.359957582382117,"GABAergic","Cenpw1"
"Ccdc63",0.237754475128646,7.47088340748673,3.83153480264505,0.000234186391246142,0.00225228369664635,0.360696322501258,"GABAergic","Ccdc63"
"D11Wsu47e1",0.237729237367285,7.47086681223845,3.83167783070644,0.000234069311120905,0.00225228369664635,0.361147826608226,"GABAergic","D11Wsu47e1"
"2810414N06Rik",0.237718385823076,7.4708596775801,3.83173923187621,0.000234019066389512,0.00225228369664635,0.361341655257652,"GABAergic","2810414N06Rik"
"Nectin11",0.237681209036452,7.51512797069483,3.29040095904216,0.00142509457859615,0.00810836332726994,-1.24413888898387,"GABAergic","Nectin11"
"Gm270101",0.237656678338329,7.47081911585631,3.83208728079094,0.000233734451461842,0.00225228369664635,0.362440365573187,"GABAergic","Gm270101"
"Zfp1821",0.237591593537424,7.54341864272691,3.14975345363176,0.00221233760110541,0.0113518601878309,-1.6221653329492,"GABAergic","Zfp1821"
"Aldh1l11",0.237580642601915,7.47076915835319,3.83251354497644,0.000233386326252184,0.00225228369664635,0.363785991455722,"GABAergic","Aldh1l11"
"Rhno11",0.237551965160613,7.47075032295732,3.83267356670655,0.000233255766013966,0.00225228369664635,0.364291148029348,"GABAergic","Rhno11"
"Otud11",0.237488694148358,7.48184433402194,4.21372191687255,5.91392698383586e-05,0.00188939855984759,1.62513715453508,"GABAergic","Otud11"
"Rad181",0.237462514039535,7.51403501432631,3.45460510954156,0.000839409485648994,0.00546462082207772,-0.769558186991286,"GABAergic","Rad181"
"Snhg18",0.237330780255175,7.46963523595522,3.83368499649982,0.000232432160224222,0.00225228369664635,0.367169310926595,"GABAergic","Snhg18"
"Gpr621",0.237217242453642,7.47053073698354,3.83451093310222,0.000231761659493507,0.00225228369664635,0.37009136864121,"GABAergic","Gpr621"
"Hyal21",0.237148147008744,7.47048546836396,3.83488320533251,0.000231460050047136,0.00225228369664635,0.371266555931745,"GABAergic","Hyal21"
"Gramd41",0.237068377196762,7.53066374528693,3.37257530910901,0.00109577055230197,0.0066394524518268,-1.00065703312905,"GABAergic","Gramd41"
"Epb41l51",0.236937767606298,7.47473516229821,3.85465360980968,0.000215969537518094,0.00219999488316634,0.435810377104987,"GABAergic","Epb41l51"
"Klhl41",0.236905456188515,7.47680355418831,3.87586086581789,0.000200454879801757,0.00219999488316634,0.504506041586759,"GABAergic","Klhl41"
"Zfp1091",0.236864544122527,7.47467832509302,3.85503646022386,0.000215679562334842,0.00219999488316634,0.437021565580901,"GABAergic","Zfp1091"
"Slc6a91",0.236856712808093,7.51556830406095,3.44722880270988,0.000859915405544693,0.00553235667193386,-0.790362206669388,"GABAergic","Slc6a91"
"9330199G10Rik",0.236762520035554,7.46966311226153,3.83663150159406,0.000230048607444291,0.00224471131524069,0.376593524427726,"GABAergic","9330199G10Rik"
"Zfp8661",0.236617516340512,7.61119272080345,2.51161809731885,0.0137843482070169,0.0453371891289273,-3.16489917749732,"GABAergic","Zfp8661"
"Qser11",0.236588751287639,7.55993039116474,2.98977613137921,0.0035918424726455,0.016501254423018,-2.02910586497247,"GABAergic","Qser11"
"Gm38186",0.236583302308745,7.4718426560695,3.84174484832746,0.000225967448796147,0.0022134618604083,0.393621293297273,"GABAergic","Gm38186"
"Zscan251",0.236583302308745,7.4718426560695,3.84174484832746,0.000225967448796147,0.0022134618604083,0.393621293297273,"GABAergic","Zscan251"
"Kctd151",0.236583302308745,7.4718426560695,3.84174484832746,0.000225967448796147,0.0022134618604083,0.393621293297273,"GABAergic","Kctd151"
"Prr5",0.236583302308745,7.4718426560695,3.84174484832746,0.000225967448796147,0.0022134618604083,0.393621293297273,"GABAergic","Prr5"
"Cyb5r11",0.236540317660955,7.58740522707776,2.72012298875879,0.00781936966154306,0.029677794403874,-2.71056129687721,"GABAergic","Cyb5r11"
"Ets11",0.236515223812384,7.47179513706684,3.84209702424126,0.000225688921093664,0.0022134618604083,0.394733521331822,"GABAergic","Ets11"
"Nudt22",0.236476517110717,7.47176812789607,3.84229616916807,0.000225531567033689,0.0022134618604083,0.395362442286334,"GABAergic","Nudt22"
"Lrrc511",0.236434819024479,7.47173903803422,3.84250982061415,0.000225362867060018,0.0022134618604083,0.396037167198668,"GABAergic","Lrrc511"
"Nudt121",0.236415544715684,7.47172559402257,3.84260826754214,0.000225285173526981,0.0022134618604083,0.396348065542247,"GABAergic","Nudt121"
"Gjb11",0.23641089172269,7.46944029280813,3.83838285164461,0.00022864293386461,0.00223445697276376,0.382121279908003,"GABAergic","Gjb11"
"Eif4ebp11",0.236356673173935,7.47168453970918,3.84290774834933,0.000225048982739844,0.0022134618604083,0.397293821239051,"GABAergic","Eif4ebp11"
"Traf41",0.236351507574409,7.47168093811392,3.84293393835777,0.000225028338768546,0.0022134618604083,0.397376527863663,"GABAergic","Traf41"
"Lpar61",0.236341431713536,7.47167391325694,3.84298498313133,0.000224988108508387,0.0022134618604083,0.397537724004894,"GABAergic","Lpar61"
"Tdrd31",0.236314672273096,7.74927727500652,2.49262640792045,0.0144926048020955,0.0471092527951565,-3.09145753925986,"GABAergic","Tdrd31"
"Tmem38b1",0.236136448846526,7.6325614566117,2.81234393302611,0.00602637624012487,0.0246567351099875,-2.43424313431526,"GABAergic","Tmem38b1"
"Zfp5931",0.23610233231867,7.47150733207255,3.84418045561353,0.000224047872742509,0.0022134618604083,0.40131274842789,"GABAergic","Zfp5931"
"Unc1191",0.236089317398152,7.55946392026738,3.11072161980949,0.00249387970374574,0.012382894216825,-1.70878407953292,"GABAergic","Unc1191"
"Zfp3411",0.236083512369157,7.47440588447892,3.86155415913352,0.000210799631564224,0.00219999488316634,0.457853099096508,"GABAergic","Zfp3411"
"Trnp11",0.236053576099043,7.59203937131033,2.90727166681163,0.00458111282668123,0.0198174032547059,-2.22065422322512,"GABAergic","Trnp11"
"Lsm21",0.236012552103355,7.51459563950243,3.44906935575739,0.000854754960228222,0.00550904353229923,-0.785624123811575,"GABAergic","Lsm21"
"Fbxo461",0.235961726658753,7.47140947738071,3.84486923783291,0.000223507850997076,0.0022134618604083,0.4034875601949,"GABAergic","Fbxo461"
"Nr2f11",0.235771825944996,7.65434748768358,2.5165872953691,0.0136042351101755,0.044908949078323,-3.11677458342342,"GABAergic","Nr2f11"
"Npl1",0.235743995330482,7.47125810090109,3.8459149049996,0.000222690396189467,0.00221058386193752,0.40678888128595,"GABAergic","Npl1"
"Saxo21",0.235732867502442,7.49180579179878,3.07304854253527,0.00279690709909634,0.0134629876680614,-1.85331034024291,"GABAergic","Saxo21"
"Zfp7581",0.235498791450945,7.59336939034034,2.53656166034029,0.0129013805011708,0.043112163931227,-3.119537576275,"GABAergic","Zfp7581"
"Prkx1",0.235497123297121,7.58594026997064,2.75113280572667,0.00716838499132882,0.0278269114301974,-2.61803100629991,"GABAergic","Prkx1"
"Ooep1",0.235489953104313,7.47504087118386,3.8749964149658,0.000201065925003123,0.00219999488316634,0.501236059772413,"GABAergic","Ooep1"
"Edc31",0.235466868798614,7.55323171373758,3.0614826386562,0.00289658618759469,0.0138580692005812,-1.84320514865212,"GABAergic","Edc31"
"Hapln21",0.235428670963446,7.47558633548207,3.88226409381842,0.000195983599485919,0.00219999488316634,0.524789710041179,"GABAergic","Hapln21"
"Il331",0.235373941648581,7.46878607590032,3.84317588777232,0.000224837710367384,0.0022134618604083,0.39724419656183,"GABAergic","Il331"
"Trim81",0.235293035503804,7.60022839612683,2.92348666296245,0.00436881379593141,0.0191350760312863,-2.18518955025395,"GABAergic","Trim81"
"Acads1",0.23526145746827,7.47190300888089,3.85240152046772,0.000217682841635739,0.00219999488316634,0.42776240840377,"GABAergic","Acads1"
"Stc2",0.23526145746827,7.47190300888089,3.85240152046772,0.000217682841635739,0.00219999488316634,0.42776240840377,"GABAergic","Stc2"
"Triobp1",0.23526145746827,7.47190300888089,3.85240152046772,0.000217682841635739,0.00219999488316634,0.42776240840377,"GABAergic","Triobp1"
"Tead3",0.23526145746827,7.47190300888089,3.85240152046772,0.000217682841635739,0.00219999488316634,0.42776240840377,"GABAergic","Tead3"
"Tinf21",0.235210851839962,7.49245054171537,3.0523641786032,0.00297748523157732,0.0141858477542282,-1.90801439221226,"GABAergic","Tinf21"
"Hcn4",0.235149104982153,7.47182177137163,3.85289245690138,0.000217308253800223,0.00219999488316634,0.429311602827662,"GABAergic","Hcn4"
"4930444P10Rik1",0.235137360107464,7.47181328218293,3.85294337345429,0.000217269439352613,0.00219999488316634,0.429472262968229,"GABAergic","4930444P10Rik1"
"9230110C19Rik1",0.235128033366887,7.47180654123144,3.85298375233492,0.000217238662633965,0.00219999488316634,0.429599671333579,"GABAergic","9230110C19Rik1"
"Ccs1",0.23511707244426,7.60519297364113,3.01011824667539,0.00338036082326855,0.0156899061498578,-1.95158327886511,"GABAergic","Ccs1"
"Gm267031",0.235088057650192,7.47177765269204,3.85315627456714,0.000217107213321087,0.00219999488316634,0.430144018255141,"GABAergic","Gm267031"
"Dusp13",0.235085298381568,7.59205868550625,2.73406261488508,0.00752034844611913,0.0287595110430366,-2.6543887480462,"GABAergic","Dusp13"
"Zfp3191",0.235030519743339,7.47173608452833,3.85340302979685,0.000216919335821103,0.00219999488316634,0.430922540242456,"GABAergic","Zfp3191"
"Cdhr31",0.235024190418512,7.47173151276302,3.85343006104797,0.000216898763870654,0.00219999488316634,0.431007821411184,"GABAergic","Cdhr31"
"Poc1b1",0.235016082790554,7.47172565674745,3.85346465447242,0.000216872439495618,0.00219999488316634,0.431116959549571,"GABAergic","Poc1b1"
"A430105I19Rik1",0.235013586862427,7.47172385403205,3.85347529666508,0.000216864341775937,0.00219999488316634,0.431150534172787,"GABAergic","A430105I19Rik1"
"Osbpl111",0.234981165701682,7.57766607861888,3.24084930840858,0.00166634823903264,0.00907780793937202,-1.34610659847359,"GABAergic","Osbpl111"
"Rp21",0.234971263927156,7.62151641353791,2.72118971540766,0.00779611014139563,0.0296140876784272,-2.66256172201544,"GABAergic","Rp21"
"Atp4a",0.234949228687015,7.47167737951604,3.85374850919289,0.000216656551201027,0.00219999488316634,0.432012443873274,"GABAergic","Atp4a"
"Gm2061",0.234944815481744,7.47052300460245,3.84867306438559,0.000220547857343033,0.00219999488316634,0.415394307774098,"GABAergic","Gm2061"
"Agbl21",0.234944815481744,7.47052300460245,3.84867306438559,0.000220547857343033,0.00219999488316634,0.415394307774098,"GABAergic","Agbl21"
"Nyx",0.234944815481744,7.47052300460245,3.84867306438559,0.000220547857343033,0.00219999488316634,0.415394307774098,"GABAergic","Nyx"
"Nos31",0.234944815481744,7.47052300460245,3.84867306438559,0.000220547857343033,0.00219999488316634,0.415394307774098,"GABAergic","Nos31"
"Wdr95",0.234944815481744,7.47052300460245,3.84867306438559,0.000220547857343033,0.00219999488316634,0.415394307774098,"GABAergic","Wdr95"
"Rhcg",0.234944815481744,7.47052300460245,3.84867306438559,0.000220547857343033,0.00219999488316634,0.415394307774098,"GABAergic","Rhcg"
"Gm493551",0.234944815481744,7.47052300460245,3.84867306438559,0.000220547857343033,0.00219999488316634,0.415394307774098,"GABAergic","Gm493551"
"2310075C17Rik1",0.234944815481744,7.47052300460245,3.84867306438559,0.000220547857343033,0.00219999488316634,0.415394307774098,"GABAergic","2310075C17Rik1"
"Upp1",0.234944815481744,7.47052300460245,3.84867306438559,0.000220547857343033,0.00219999488316634,0.415394307774098,"GABAergic","Upp1"
"Gm315081",0.234944815481744,7.47052300460245,3.84867306438559,0.000220547857343033,0.00219999488316634,0.415394307774098,"GABAergic","Gm315081"
"Gm206961",0.234936986961231,7.47166854144188,3.85380021604321,0.000216617247175058,0.00219999488316634,0.432175556372139,"GABAergic","Gm206961"
"Tnfaip8l11",0.234932098733852,7.47069886277584,3.84947868515867,0.00021992577208214,0.00219999488316634,0.418029730110097,"GABAergic","Tnfaip8l11"
"Bola11",0.234903710950467,7.55539270201108,3.17417527174054,0.00205154769047446,0.0106790687012011,-1.5389681291256,"GABAergic","Bola11"
"Gm30003",0.234894962784818,7.47163820629432,3.85397708173614,0.000216482857362756,0.00219999488316634,0.432733469845853,"GABAergic","Gm30003"
"1500009L16Rik1",0.234875655995496,7.47162427215923,3.85405800662146,0.000216421393850736,0.00219999488316634,0.432988732391055,"GABAergic","1500009L16Rik1"
"Ube2cbp1",0.234848546346414,7.47045755671945,3.84906928831002,0.000220241691110631,0.00219999488316634,0.416643174199276,"GABAergic","Ube2cbp1"
"Rftn11",0.234724435248113,7.47151518652334,3.85468463008849,0.000215946028566295,0.00219999488316634,0.434965060620248,"GABAergic","Rftn11"
"Kcnc41",0.234619753909244,7.4714397285882,3.85511088248564,0.000215623237236241,0.00219999488316634,0.436309174133799,"GABAergic","Kcnc41"
"Fst1",0.234605902607882,7.47142974750031,3.85516682138492,0.000215580910167446,0.00219999488316634,0.436485551352362,"GABAergic","Fst1"
"Gpat31",0.23460477278959,7.4702922011898,3.85004251147661,0.000219491392374575,0.00219999488316634,0.419709545859642,"GABAergic","Gpat31"
"Pou3f11",0.234598353417508,7.47028785088618,3.85006766387243,0.000219472033705041,0.00219999488316634,0.419788776860456,"GABAergic","Pou3f11"
"Gm439511",0.234586955116276,7.4702801268238,3.85011226898527,0.000219437707159571,0.00219999488316634,0.419929282594417,"GABAergic","Gm439511"
"Hsd17b111",0.234573586245183,7.47027106802393,3.85016449466274,0.000219397522603447,0.00219999488316634,0.42009378966716,"GABAergic","Hsd17b111"
"Gm285781",0.234568870848771,7.47026787301229,3.85018289200818,0.000219383368611778,0.00219999488316634,0.420151739089584,"GABAergic","Gm285781"
"Nubp21",0.234563737045655,7.47026439459539,3.85020290790044,0.000219367970381389,0.00219999488316634,0.420214786220256,"GABAergic","Nubp21"
"Il1rl21",0.234553111554031,7.47139171417658,3.85537902743313,0.000215420413135613,0.00219999488316634,0.437154608022411,"GABAergic","Il1rl21"
"Slc2a91",0.234553111554031,7.47139171417658,3.85537902743313,0.000215420413135613,0.00219999488316634,0.437154608022411,"GABAergic","Slc2a91"
"Sparc1",0.234526731809323,7.46825471870878,3.84667019297604,0.000222101721862258,0.00220827085271776,0.408260032708328,"GABAergic","Sparc1"
"Bcar31",0.234510094285876,7.47022805475205,3.8504111861251,0.000219207803088595,0.00219999488316634,0.420870799571082,"GABAergic","Bcar31"
"Dpp91",0.234408917848895,7.5339411755892,3.46741915921303,0.000804878764027772,0.00529178381547904,-0.723189223718279,"GABAergic","Dpp91"
"Zfp982",0.234269955848994,7.47041158943118,3.85280053559055,0.000217378343544532,0.00219999488316634,0.428585920899182,"GABAergic","Zfp982"
"0610040J01Rik",0.234269955848994,7.47041158943118,3.85280053559055,0.000217378343544532,0.00219999488316634,0.428585920899182,"GABAergic","0610040J01Rik"
"A930009A15Rik",0.234269955848994,7.47041158943118,3.85280053559055,0.000217378343544532,0.00219999488316634,0.428585920899182,"GABAergic","A930009A15Rik"
"Gdnf",0.234269955848994,7.47041158943118,3.85280053559055,0.000217378343544532,0.00219999488316634,0.428585920899182,"GABAergic","Gdnf"
"Pkdcc1",0.234269955848994,7.47041158943118,3.85280053559055,0.000217378343544532,0.00219999488316634,0.428585920899182,"GABAergic","Pkdcc1"
"Cgnl1",0.234254252945554,7.47005488504423,3.85138271288641,0.000218462166002525,0.00219999488316634,0.423929973306709,"GABAergic","Cgnl1"
"Fuca21",0.234251888466984,7.5277184165502,3.54853831730078,0.000615508532358366,0.00424852656554429,-0.484809191021078,"GABAergic","Fuca21"
"Slc5a11",0.234241090589051,7.47461606591677,3.88642365535403,0.000193130249097894,0.00219999488316634,0.537926179393006,"GABAergic","Slc5a11"
"Muc15",0.234212707767019,7.4700267876581,3.85153705846381,0.00021834393035197,0.00219999488316634,0.424415843733709,"GABAergic","Muc15"
"Top3a1",0.234161523606619,7.47033708830877,3.85319945900653,0.000217074321819823,0.00219999488316634,0.429841578288242,"GABAergic","Top3a1"
"Farp21",0.23414913272696,7.47032857770128,3.85324462810157,0.000217039923790761,0.00219999488316634,0.429983735030892,"GABAergic","Farp21"
"Thsd41",0.234107367529724,7.47029989582383,3.85339624575589,0.000216924499061801,0.00219999488316634,0.430460879994515,"GABAergic","Thsd41"
"Kcp",0.234076459938183,7.470278674597,3.85350782046593,0.000216839595974262,0.00219999488316634,0.430811980608855,"GABAergic","Kcp"
"Zfp4571",0.233985530061122,7.47021626304938,3.85383297380412,0.000216592350477559,0.00219999488316634,0.431835024542063,"GABAergic","Zfp4571"
"Mertk1",0.233969400004892,7.47020519515186,3.85389016916217,0.000216548887156746,0.00219999488316634,0.432014958417814,"GABAergic","Mertk1"
"Hhatl1",0.233949010252523,7.47019120581328,3.85396226013859,0.000216494116365417,0.00219999488316634,0.432241743411756,"GABAergic","Hhatl1"
"Zfp4931",0.233937118171505,7.4701830474285,3.85400419865606,0.000216462259850683,0.00219999488316634,0.432373669222542,"GABAergic","Zfp4931"
"Kdelc21",0.2339019889142,7.46981684909723,3.85266096724367,0.000217484805270857,0.00219999488316634,0.427952539535023,"GABAergic","Kdelc21"
"2010109A12Rik1",0.23390153867681,7.47015864186135,3.8541291989237,0.000216367336134231,0.00219999488316634,0.432766859538718,"GABAergic","2010109A12Rik1"
"Tprn1",0.233874880596894,7.47014035904811,3.85422238984806,0.000216296593905704,0.00219999488316634,0.433059970802703,"GABAergic","Tprn1"
"Zfp335os1",0.233856960941358,7.47012807079552,3.85428480857005,0.000216249223530432,0.00219999488316634,0.43325628414747,"GABAergic","Zfp335os1"
"Ascl41",0.233851949306776,7.47012463432788,3.85430223304921,0.000216236001635769,0.00219999488316634,0.433311084372086,"GABAergic","Ascl41"
"Slc31a21",0.233777016153809,7.47007326420075,3.85456107480094,0.000216039680383017,0.00219999488316634,0.434125062931323,"GABAergic","Slc31a21"
"Cog31",0.233764296891305,7.57592019478102,3.23201315821085,0.00171319326711723,0.00923418620792419,-1.37125825647093,"GABAergic","Cog31"
"Sgsm11",0.233738886001648,7.55540637311579,3.08667694806228,0.002683542468125,0.0130117723136916,-1.78987358915275,"GABAergic","Sgsm11"
"Lhx21",0.233718521317414,7.46969318377188,3.85329504723518,0.000217001533796573,0.00219999488316634,0.4299464472716,"GABAergic","Lhx21"
"Bean11",0.233688689097262,7.49606411184292,2.577024420547,0.0115768062787603,0.0404305596599788,-3.09050489370396,"GABAergic","Bean11"
"1110035H17Rik1",0.23352205385754,7.46989863536631,3.85541804136909,0.000215390918280056,0.00219999488316634,0.436818777566587,"GABAergic","1110035H17Rik1"
"Slc17a9",0.233481203864353,7.47129898591599,3.86342761429258,0.000209416556064468,0.00219999488316634,0.462957635283608,"GABAergic","Slc17a9"
"Col5a31",0.233481203864353,7.47129898591599,3.86342761429258,0.000209416556064468,0.00219999488316634,0.462957635283608,"GABAergic","Col5a31"
"AC122413.11",0.233481203864353,7.47129898591599,3.86342761429258,0.000209416556064468,0.00219999488316634,0.462957635283608,"GABAergic","AC122413.11"
"Taf91",0.233459549889596,7.49177817811794,3.0770303839925,0.00276333361573278,0.0133402389874589,-1.84206652307676,"GABAergic","Taf91"
"Tap21",0.233447324740878,7.46984749852529,3.85566223412147,0.000215206394100005,0.00219999488316634,0.437585987740706,"GABAergic","Tap21"
"9430037G07Rik1",0.233439605437422,7.47126861362273,3.86356270912989,0.00020931715807372,0.00219999488316634,0.463382400709455,"GABAergic","9430037G07Rik1"
"Col24a11",0.233433894083604,7.47126444409401,3.86358117801798,0.000209303572820756,0.00219999488316634,0.463440466087987,"GABAergic","Col24a11"
"A430105J06Rik1",0.233429406284055,7.47126116789722,3.86359567684537,0.000209292908435092,0.00219999488316634,0.463486048995986,"GABAergic","A430105J06Rik1"
"Zfand41",0.233412326601582,7.54185721745677,2.85355239491797,0.00535412933904501,0.022527043181012,-2.40019880453072,"GABAergic","Zfand41"
"Arhgef371",0.233379941320149,7.4712250623386,3.86375470055218,0.00020917597507518,0.00219999488316634,0.463985958889248,"GABAergic","Arhgef371"
"Slc46a1",0.233347656315583,7.47120150175227,3.86385771709789,0.000209100258208158,0.00219999488316634,0.464309758499937,"GABAergic","Slc46a1"
"Epb41l4a1",0.233299666454232,7.47116648746507,3.86400971186389,0.000208988590268521,0.00219999488316634,0.464787438754157,"GABAergic","Epb41l4a1"
"Ghdc1",0.233298210439007,7.47116542526426,3.86401430219377,0.000208985218717918,0.00219999488316634,0.464801863712943,"GABAergic","Ghdc1"
"Zfp1891",0.2332873375519,7.49707049211101,2.49183035731067,0.014522991805038,0.0471875490761062,-3.28523104492144,"GABAergic","Zfp1891"
"Gm131991",0.233281929737884,7.47115357789256,3.86406473178179,0.000208948182117054,0.00219999488316634,0.464960270222583,"GABAergic","Gm131991"
"Pmp221",0.233265776740996,7.47382482534053,3.88915780124527,0.00019127635734303,0.00219999488316634,0.546521535604973,"GABAergic","Pmp221"
"Urb21",0.23326365945673,7.4711403441364,3.86411946672801,0.000208907990657499,0.00219999488316634,0.465132059888331,"GABAergic","Urb21"
"Mcur11",0.233241431275445,7.46937240591953,3.8548478676078,0.000215822358020605,0.00219999488316634,0.4348245094309,"GABAergic","Mcur11"
"Inpp5b1",0.233210481478056,7.57116610071508,2.56033365431337,0.0121075705188724,0.0415790994326144,-3.0942295013563,"GABAergic","Inpp5b1"
"Alg121",0.233207140920531,7.47109941374493,3.86428755434986,0.000208784611307658,0.00219999488316634,0.465659535262545,"GABAergic","Alg121"
"Foxj21",0.233196791699486,7.49126296745895,3.08030131352281,0.00273603465027968,0.0132306443338093,-1.83385736981556,"GABAergic","Foxj21"
"Arpin1",0.233141190316804,7.47105166762666,3.86448133385881,0.000208642459972307,0.00219999488316634,0.466267479411779,"GABAergic","Arpin1"
"Zfp7841",0.233118058588789,7.47103492480278,3.86454869801488,0.000208593065120496,0.00219999488316634,0.466478780657016,"GABAergic","Zfp7841"
"Gab31",0.233106109806822,7.47073495269397,3.86249933776124,0.00021010076855358,0.00219999488316634,0.459804523518835,"GABAergic","Gab31"
"Gm16337",0.233106109806822,7.47073495269397,3.86249933776124,0.00021010076855358,0.00219999488316634,0.459804523518835,"GABAergic","Gm16337"
"Mrln",0.233106109806822,7.47073495269397,3.86249933776124,0.00021010076855358,0.00219999488316634,0.459804523518835,"GABAergic","Mrln"
"Lrrn4cl1",0.233106109806822,7.47073495269397,3.86249933776124,0.00021010076855358,0.00219999488316634,0.459804523518835,"GABAergic","Lrrn4cl1"
"Socs11",0.23306884496173,7.47070839156383,3.86260763870174,0.000210020832454837,0.00219999488316634,0.460144141558749,"GABAergic","Socs11"
"Zfp8691",0.233061951050034,7.49739013642742,2.48151267661908,0.0149220390887436,0.0482724515667446,-3.30802719757635,"GABAergic","Zfp8691"
"Tor3a1",0.233030459094782,7.47068103663388,3.86271835173736,0.000209939146017055,0.00219999488316634,0.460491266689588,"GABAergic","Tor3a1"
"Gm269061",0.232995104032446,7.47065584623711,3.86281956312839,0.000209864496632609,0.00219999488316634,0.46080854903552,"GABAergic","Gm269061"
"Ccdc142os1",0.23299467505342,7.47094566372708,3.86490244856183,0.000208333860274256,0.00219999488316634,0.467588007249909,"GABAergic","Ccdc142os1"
"Gpnmb",0.23296171251561,7.47063205898928,3.86291448351084,0.000209794510264731,0.00219999488316634,0.461106063967434,"GABAergic","Gpnmb"
"Xylb1",0.23295564673756,7.470627738317,3.8629316564974,0.000209781850718032,0.00219999488316634,0.461159885491703,"GABAergic","Xylb1"
"Jrkl1",0.232936834650955,7.46680608845351,3.85178162886987,0.000218156703468492,0.00219999488316634,0.424162173434667,"GABAergic","Jrkl1"
"Hepacam1",0.232903959662965,7.47021770661414,3.86097073163559,0.000211232123618324,0.00219999488316634,0.454736405700317,"GABAergic","Hepacam1"
"Gm433321",0.232887600893132,7.47020615570564,3.86101720065557,0.00021119764533129,0.00219999488316634,0.454882007521861,"GABAergic","Gm433321"
"Gm103081",0.232868010254242,7.47056532933206,3.86317736572951,0.000209600799136153,0.00219999488316634,0.461929790233958,"GABAergic","Gm103081"
"Zbtb101",0.232855694973514,7.47055656140268,3.86321153427481,0.00020957563375837,0.00219999488316634,0.46203682838218,"GABAergic","Zbtb101"
"Nrp21",0.232846086202026,7.4705497207649,3.86323813195001,0.000209556046377042,0.00219999488316634,0.462120145206499,"GABAergic","Nrp21"
"Gm13322",0.232804638568463,7.47153202562243,3.87083369178049,0.000204033373826202,0.00219999488316634,0.486829793044963,"GABAergic","Gm13322"
"Sdcbp2",0.232804638568463,7.47153202562243,3.87083369178049,0.000204033373826202,0.00219999488316634,0.486829793044963,"GABAergic","Sdcbp2"
"Zc3h12a",0.232804638568463,7.47153202562243,3.87083369178049,0.000204033373826202,0.00219999488316634,0.486829793044963,"GABAergic","Zc3h12a"
"Gm38584",0.232804638568463,7.47153202562243,3.87083369178049,0.000204033373826202,0.00219999488316634,0.486829793044963,"GABAergic","Gm38584"
"Reep41",0.232804638568463,7.47153202562243,3.87083369178049,0.000204033373826202,0.00219999488316634,0.486829793044963,"GABAergic","Reep41"
"Rprm1",0.232779944152465,7.46923472760852,3.85697088921539,0.000214220077375344,0.00219999488316634,0.441591057095687,"GABAergic","Rprm1"
"2810049E08Rik1",0.232777118256402,7.53258099614573,3.42279882684734,0.000931252485379,0.00585378620674614,-0.85479917304845,"GABAergic","2810049E08Rik1"
"AI8490531",0.232737366511865,7.47047234455186,3.86353530241012,0.000209337319323925,0.00219999488316634,0.463050755190658,"GABAergic","AI8490531"
"Gm295951",0.232704003382603,7.47044860838139,3.86362510411729,0.000209271265260372,0.00219999488316634,0.463331873442362,"GABAergic","Gm295951"
"Coa41",0.232701573128441,7.47044687953486,3.86363161992624,0.000209266473301077,0.00219999488316634,0.463352268836874,"GABAergic","Coa41"
"Fuca11",0.23269160317286,7.5765186936546,3.248745870806,0.00162550073151042,0.00890279683253772,-1.325045279784,"GABAergic","Fuca11"
"Elf11",0.232688056068138,7.47144442885778,3.87114499157809,0.000203810021066844,0.00219999488316634,0.487804838218165,"GABAergic","Elf11"
"Creb3l3",0.232651319287593,7.47124222606396,3.86991333252097,0.000204695084981229,0.00219999488316634,0.483783470588175,"GABAergic","Creb3l3"
"1700066B19Rik",0.232651319287593,7.47124222606396,3.86991333252097,0.000204695084981229,0.00219999488316634,0.483783470588175,"GABAergic","1700066B19Rik"
"Acad121",0.232628904325773,7.47068188002468,3.86588631745745,0.000207614562573727,0.00219999488316634,0.470668241556927,"GABAergic","Acad121"
"Mccc1os1",0.232613621837042,7.47138852907167,3.87133945699653,0.000203670613646246,0.00219999488316634,0.488413604575572,"GABAergic","Mccc1os1"
"Gm26521",0.232602450991773,7.47037647261907,3.86389161967485,0.000209075345633616,0.00219999488316634,0.464165649352567,"GABAergic","Gm26521"
"Chd71",0.232595594909593,7.47037160568514,3.86390933707913,0.000209062327510077,0.00219999488316634,0.464221055313025,"GABAergic","Chd71"
"Hist2h2be1",0.232590411340204,7.47119684377668,3.87007382423242,0.000204579548866528,0.00219999488316634,0.484285951295838,"GABAergic","Hist2h2be1"
"Fads21",0.232588900953488,7.47136996861201,3.87140330141572,0.000203624865026515,0.00219999488316634,0.488613407928373,"GABAergic","Fads21"
"Tmem82",0.232541508163078,7.47116041659933,3.8702010619219,0.000204487996186759,0.00219999488316634,0.484684190217363,"GABAergic","Tmem82"
"Fam83d",0.232460202016064,7.47127338010358,3.87172970128221,0.000203391131861588,0.00219999488316634,0.489634402981993,"GABAergic","Fam83d"
"Zfp5511",0.232456475455702,7.47127058428928,3.87173900275808,0.000203384474881053,0.00219999488316634,0.489663486067712,"GABAergic","Zfp5511"
"Ftl1-ps11",0.232453874582528,7.47027103996396,3.86426937034668,0.000208797955337988,0.00219999488316634,0.465346463710249,"GABAergic","Ftl1-ps11"
"Lrwd11",0.232443433502397,7.47026363372344,3.86429542704553,0.000208778834312541,0.00219999488316634,0.465427875178029,"GABAergic","Lrwd11"
"Hr1",0.232443084561754,7.4939037988843,2.92419216852046,0.0043597859181274,0.0191226403936806,-2.24301880065542,"GABAergic","Hr1"
"Synm1",0.232441117010497,7.47026199060336,3.86430119934594,0.000208774598687375,0.00219999488316634,0.465445909417207,"GABAergic","Synm1"
"Gorasp11",0.232430005595553,7.47107796608264,3.87047061249549,0.000204294172816029,0.00219999488316634,0.48552602245772,"GABAergic","Gorasp11"
"Gm474691",0.23240683503301,7.47106084254144,3.87052558593397,0.000204254665087955,0.00219999488316634,0.485697617409508,"GABAergic","Gm474691"
"Mad2l1bp1",0.232404285718656,7.47105895866884,3.87053161465757,0.000204250332872682,0.00219999488316634,0.485716433800051,"GABAergic","Mad2l1bp1"
"Gm490771",0.23239519694267,7.47105224251745,3.87055307643539,0.000204234911242002,0.00219999488316634,0.485783415804016,"GABAergic","Gm490771"
"Gm155591",0.232375095112651,7.47021516835318,3.86446438194038,0.00020865489174615,0.00219999488316634,0.465955626273819,"GABAergic","Gm155591"
"Dnajc171",0.232355966560459,7.53648842801386,3.48190484882779,0.000767458068421478,0.00507222942702275,-0.677609976585522,"GABAergic","Dnajc171"
"Rad51d1",0.232343889717334,7.47118614363009,3.87201603721863,0.000203186299218016,0.00219999488316634,0.490529358026833,"GABAergic","Rad51d1"
"Med161",0.232304155010915,7.51250150784175,3.4600909779153,0.00082445881969695,0.00539797700193476,-0.754006065830132,"GABAergic","Med161"
"Gtf2ird21",0.232298747244914,7.47365498356759,3.89922635414716,0.000184594857042329,0.00219999488316634,0.578987475083432,"GABAergic","Gtf2ird21"
"Ndst21",0.23229052326955,7.53232257170665,3.40940097371975,0.000972705369547442,0.00609004450307611,-0.893075830950031,"GABAergic","Ndst21"
"Ttc30a11",0.232259460080577,7.47112310243813,3.87221219628214,0.000203046089008156,0.00219999488316634,0.491141380678213,"GABAergic","Ttc30a11"
"Nudt111",0.232185242782649,7.47089729537956,3.87103245111571,0.000203890740140084,0.00219999488316634,0.487278005445618,"GABAergic","Nudt111"
"A330069E16Rik1",0.23217614010786,7.47089059036686,3.87105242533768,0.000203876411503455,0.00219999488316634,0.487340200690076,"GABAergic","A330069E16Rik1"
"Anln1",0.232135911281904,7.47291287511014,3.89157969114243,0.000189648400513343,0.00219999488316634,0.554077207701122,"GABAergic","Anln1"
"Slc1a31",0.232127144760509,7.57182034088192,2.84286187998944,0.00552157970930933,0.0230621152513825,-2.4021022767455,"GABAergic","Slc1a31"
"Col12a11",0.232058855822087,7.47345676026409,3.89959927439181,0.00018435172071436,0.00219999488316634,0.580136841770785,"GABAergic","Col12a11"
"Dusp281",0.231978794784456,7.57528042155862,3.03654025608696,0.00312286697784728,0.0147060767551186,-1.90020593229612,"GABAergic","Dusp281"
"Irf6",0.23197088089578,7.47139317249546,3.87682040137301,0.00019977869977674,0.00219999488316634,0.506052516326686,"GABAergic","Irf6"
"Mlf1",0.23197088089578,7.47139317249546,3.87682040137301,0.00019977869977674,0.00219999488316634,0.506052516326686,"GABAergic","Mlf1"
"Fhdc11",0.23197088089578,7.47139317249546,3.87682040137301,0.00019977869977674,0.00219999488316634,0.506052516326686,"GABAergic","Fhdc11"
"Slc8b1",0.23197088089578,7.47139317249546,3.87682040137301,0.00019977869977674,0.00219999488316634,0.506052516326686,"GABAergic","Slc8b1"
"Rsph10b1",0.23197088089578,7.47139317249546,3.87682040137301,0.00019977869977674,0.00219999488316634,0.506052516326686,"GABAergic","Rsph10b1"
"Tph2",0.23197088089578,7.47139317249546,3.87682040137301,0.00019977869977674,0.00219999488316634,0.506052516326686,"GABAergic","Tph2"
"Pole21",0.23197088089578,7.47139317249546,3.87682040137301,0.00019977869977674,0.00219999488316634,0.506052516326686,"GABAergic","Pole21"
"Gm73341",0.231935300332895,7.4701834195035,3.86752183296783,0.000206424095601557,0.00219999488316634,0.475770813087649,"GABAergic","Gm73341"
"Opn31",0.231920860139239,7.51133933506442,3.45556776678167,0.000836767591671132,0.00546153437942034,-0.767756833727591,"GABAergic","Opn31"
"Cox181",0.231912888483717,7.58177800043484,2.79287520856057,0.00637013255865731,0.02567825914925,-2.51732767742965,"GABAergic","Cox181"
"Gm99161",0.231881933475548,7.47084268354534,3.87300764511197,0.000202478465906745,0.00219999488316634,0.493615270032605,"GABAergic","Gm99161"
"Zfp514",0.231881718133206,7.47132561255028,3.8770012045757,0.000199651532763723,0.00219999488316634,0.506614518528625,"GABAergic","Zfp514"
"AL589692.11",0.231881082771973,7.4713251312289,3.87700247527984,0.000199650639294042,0.00219999488316634,0.506618466424539,"GABAergic","AL589692.11"
"Tmub21",0.231849207746318,7.55406020959974,3.1845736857904,0.00198645105615964,0.0104177035613834,-1.52112284115305,"GABAergic","Tmub21"
"Cfap1001",0.231839377577435,7.47064275308476,3.87175626363681,0.000203372121980507,0.00219999488316634,0.48952831901514,"GABAergic","Cfap1001"
"Ovgp11",0.231761744741066,7.4712347514283,3.8772367054609,0.00019948601032819,0.00219999488316634,0.507345696707203,"GABAergic","Ovgp11"
"Nkain11",0.231761070355919,7.47123424083093,3.87723800397098,0.00019948509803025,0.00219999488316634,0.507349725453759,"GABAergic","Nkain11"
"Dedd21",0.231760965180369,7.4712341611995,3.87723820645804,0.000199484955768692,0.00219999488316634,0.507350353685514,"GABAergic","Dedd21"
"Qrfpr1",0.23173713056293,7.47073540865162,3.87328669192853,0.000202279700563132,0.00219999488316634,0.494480353192255,"GABAergic","Qrfpr1"
"Ccdc152",0.231727699235626,7.47120897655893,3.87730190586214,0.000199440207217927,0.00219999488316634,0.507547946378712,"GABAergic","Ccdc152"
"A130051J06Rik1",0.231712381164141,7.4711973810275,3.87733100621982,0.000199419767534955,0.00219999488316634,0.507638187647987,"GABAergic","A130051J06Rik1"
"Dnah141",0.231706171555548,7.47119268069114,3.87734276126248,0.000199411511525172,0.00219999488316634,0.507674635618163,"GABAergic","Dnah141"
"Il18bp1",0.231677166946864,7.51921687315557,2.8887755139931,0.0048348516077116,0.0206947419987574,-2.32182337179564,"GABAergic","Il18bp1"
"Slc25a381",0.231651734689347,7.4711515258608,3.87744364192283,0.00019934067265217,0.00219999488316634,0.50798716494455,"GABAergic","Slc25a381"
"Selenbp11",0.231622294949335,7.47112940954078,3.87749398436102,0.000199305330945138,0.00219999488316634,0.508142592536357,"GABAergic","Selenbp11"
"Dnase2a1",0.231600695693431,7.47063440668974,3.87353792960295,0.000202100903101876,0.00219999488316634,0.495257882052933,"GABAergic","Dnase2a1"
"Gm20515",0.231570302990543,7.47109035849144,3.87758158589588,0.000199243846643807,0.00219999488316634,0.508412883115078,"GABAergic","Gm20515"
"Doc2g1",0.231489879097064,7.47102997089347,3.87771380457691,0.000199151081505818,0.00219999488316634,0.50882040019009,"GABAergic","Doc2g1"
"Atg1011",0.231485331031053,7.5757558638692,2.81340024721889,0.00600822009407991,0.0246131865122357,-2.47359149468889,"GABAergic","Atg1011"
"Sp3os1",0.231447544410587,7.47035505481322,3.87248484161274,0.000202851361520537,0.00219999488316634,0.491783854118943,"GABAergic","Sp3os1"
"Sox13",0.23141826251448,7.47086189604324,3.87682008781453,0.000199778920383672,0.00219999488316634,0.505891717938138,"GABAergic","Sox13"
"Myo3a",0.23141826251448,7.47086189604324,3.87682008781453,0.000199778920383672,0.00219999488316634,0.505891717938138,"GABAergic","Myo3a"
"A730009L09Rik",0.23141826251448,7.47086189604324,3.87682008781453,0.000199778920383672,0.00219999488316634,0.505891717938138,"GABAergic","A730009L09Rik"
"Gpn21",0.231396799292527,7.46952123677633,3.86657279025389,0.000207114093396366,0.00219999488316634,0.472514372728283,"GABAergic","Gpn21"
"Optn1",0.231395100825582,7.51472781664446,3.45466308095087,0.000839250167994169,0.00546462082207772,-0.768655150366527,"GABAergic","Optn1"
"Ldoc1",0.23131201599186,7.47089661314626,3.87798949561143,0.000198957788256206,0.00219999488316634,0.509667790586708,"GABAergic","Ldoc1"
"Nadsyn11",0.23128156943574,7.47075918909494,3.87703123743697,0.000199630416791574,0.00219999488316634,0.506540284508908,"GABAergic","Nadsyn11"
"1110020A21Rik1",0.231266065820013,7.47086222100824,3.87805660080641,0.000198910766398537,0.00219999488316634,0.509873436411185,"GABAergic","1110020A21Rik1"
"Sycp21",0.231257748936164,7.47085599689077,3.87806860688766,0.000198902354633555,0.00219999488316634,0.509910207713416,"GABAergic","Sycp21"
"Arhgap221",0.231236288337199,7.47072518247387,3.87709864048969,0.000199583033767055,0.00219999488316634,0.506746945766707,"GABAergic","Arhgap221"
"Chrna51",0.231214571556855,7.47070887578103,3.87713051729326,0.00019956062874004,0.00219999488316634,0.506844613013354,"GABAergic","Chrna51"
"Gm454701",0.231188149009245,7.46964907134778,3.86894080545077,0.000205396529564057,0.00219999488316634,0.480166607646376,"GABAergic","Gm454701"
"Ccna21",0.231162942054006,7.47035074202612,3.87458252170309,0.000201359118637626,0.00219999488316634,0.498532557043848,"GABAergic","Ccna21"
"Stpg21",0.231162942054006,7.47035074202612,3.87458252170309,0.000201359118637626,0.00219999488316634,0.498532557043848,"GABAergic","Stpg21"
"Vmn1r901",0.231162942054006,7.47035074202612,3.87458252170309,0.000201359118637626,0.00219999488316634,0.498532557043848,"GABAergic","Vmn1r901"
"BC030867",0.231162942054006,7.47035074202612,3.87458252170309,0.000201359118637626,0.00219999488316634,0.498532557043848,"GABAergic","BC030867"
"1700010I14Rik",0.231162942054006,7.47035074202612,3.87458252170309,0.000201359118637626,0.00219999488316634,0.498532557043848,"GABAergic","1700010I14Rik"
"Gm172761",0.231162942054006,7.47035074202612,3.87458252170309,0.000201359118637626,0.00219999488316634,0.498532557043848,"GABAergic","Gm172761"
"Gm176551",0.231129189033646,7.47064478170505,3.87725301611978,0.000199474551191183,0.00219999488316634,0.507219498093515,"GABAergic","Gm176551"
"Zbtb401",0.23110240601578,7.47030604387162,3.87467126043982,0.000201296223546145,0.00219999488316634,0.498804417340276,"GABAergic","Zbtb401"
"Nme41",0.231095953719358,7.47061984068958,3.87729947802019,0.000199441912590472,0.00219999488316634,0.507361492293922,"GABAergic","Nme41"
"Arl101",0.231050141091467,7.4702674640657,3.87474605776818,0.000201243224236057,0.00219999488316634,0.499033287000684,"GABAergic","Arl101"
"Prss361",0.231042758575414,7.4705799300821,3.87737241730473,0.000199390684418744,0.00219999488316634,0.507584172567246,"GABAergic","Prss361"
"Sp21",0.231041714035218,7.4706944069405,3.87836542570351,0.000198694503827848,0.00219999488316634,0.510816917176686,"GABAergic","Sp21"
"Gm267241",0.230964451520716,7.47020423397192,3.87486504113283,0.000201158943384156,0.00219999488316634,0.499396783913562,"GABAergic","Gm267241"
"Gm5271",0.230956137912244,7.46999549764507,3.87325299969374,0.00020230368968418,0.00219999488316634,0.494144486970425,"GABAergic","Gm5271"
"Tmsb15b11",0.230947058258818,7.46920180327878,3.86734434640804,0.000206552969447719,0.00219999488316634,0.474894113179509,"GABAergic","Tmsb15b11"
"Chmp1a1",0.230934107767454,7.51474009885738,3.48444668700932,0.000761063491857389,0.00503789637778641,-0.680878024351725,"GABAergic","Chmp1a1"
"Nr1i31",0.230913867011151,7.4701669208566,3.87493314909011,0.000201110714863172,0.00219999488316634,0.499604508215609,"GABAergic","Nr1i31"
"Tbc1d41",0.230874118683928,7.51633609522131,3.24832551008815,0.00162765136274467,0.00891070152824623,-1.36044798587211,"GABAergic","Tbc1d41"
"1700008J07Rik1",0.230829326429619,7.47041993012823,3.87764681438898,0.000199198076924737,0.00219999488316634,0.508418852478492,"GABAergic","1700008J07Rik1"
"Trip101",0.230800078259574,7.47008302118835,3.87508056454226,0.000201006365029371,0.00219999488316634,0.500053140236241,"GABAergic","Trip101"
"Ikbkg1",0.230721830049231,7.47033953817946,3.87777071840989,0.000199111163240182,0.00219999488316634,0.508793203401429,"GABAergic","Ikbkg1"
"Junos1",0.230694165299271,7.47000497251039,3.87521055658141,0.000200914391471446,0.00219999488316634,0.500447483157867,"GABAergic","Junos1"
"Nploc41",0.230671843130158,7.47030217036153,3.87782588238078,0.000199072479586532,0.00219999488316634,0.508959382083979,"GABAergic","Nploc41"
"Myom11",0.230668392444832,7.46998598655101,3.87524113382682,0.000200892762923656,0.00219999488316634,0.500540046870777,"GABAergic","Myom11"
"Gm44191",0.230667731966595,7.46998550003273,3.87524191199427,0.000200892212522711,0.00219999488316634,0.500542401505894,"GABAergic","Gm44191"
"Gm158601",0.230617194107637,7.4702613284541,3.87788440694965,0.000199031447164934,0.00219999488316634,0.509135313214019,"GABAergic","Gm158601"
"Gm265181",0.230599695916475,7.46993539245366,3.87532061593497,0.000200836552348513,0.00219999488316634,0.500780268776929,"GABAergic","Gm265181"
"Rhoq1",0.230568566963893,7.4699124722382,3.8753556639471,0.000200811770800909,0.00219999488316634,0.500886005447671,"GABAergic","Rhoq1"
"Gm101381",0.230543608923946,7.51424210498057,3.4143930190113,0.000957061018978963,0.00600104412945644,-0.886325362783666,"GABAergic","Gm101381"
"Crls11",0.230476034047532,7.46984436187752,3.87545627591661,0.000200740646887859,0.00219999488316634,0.501188820878013,"GABAergic","Crls11"
"Mis121",0.230458205898358,7.46983124287717,3.87547504605672,0.000200727380693863,0.00219999488316634,0.501245185330983,"GABAergic","Mis121"
"Gm294801",0.2304122355039,7.47008099703914,3.87785871838914,0.000199049456791557,0.00219999488316634,0.508997131222915,"GABAergic","Gm294801"
"Patl2",0.2304122355039,7.47008099703914,3.87785871838914,0.000199049456791557,0.00219999488316634,0.508997131222915,"GABAergic","Patl2"
"Gm9857",0.2304122355039,7.47008099703914,3.87785871838914,0.000199049456791557,0.00219999488316634,0.508997131222915,"GABAergic","Gm9857"
"Gm15418",0.2304122355039,7.47008099703914,3.87785871838914,0.000199049456791557,0.00219999488316634,0.508997131222915,"GABAergic","Gm15418"
"Kif91",0.2304122355039,7.47008099703914,3.87785871838914,0.000199049456791557,0.00219999488316634,0.508997131222915,"GABAergic","Kif91"
"2900045O20Rik",0.2304122355039,7.47008099703914,3.87785871838914,0.000199049456791557,0.00219999488316634,0.508997131222915,"GABAergic","2900045O20Rik"
"Henmt11",0.230383727629868,7.47008697750998,3.87811338911805,0.000198870982063965,0.00219999488316634,0.509819142297575,"GABAergic","Henmt11"
"Gm16365",0.230383727629868,7.47008697750998,3.87811338911805,0.000198870982063965,0.00219999488316634,0.509819142297575,"GABAergic","Gm16365"
"Lrtm11",0.230381711178516,7.4697749671182,3.87555332571508,0.000200672063913405,0.00219999488316634,0.501479761220227,"GABAergic","Lrtm11"
"Neurl1a1",0.230245219293904,7.53677127321477,3.14593324053929,0.00223852655461108,0.011448712865635,-1.63566482576373,"GABAergic","Neurl1a1"
"Slc16a141",0.230221621058226,7.46993896320118,3.8780253280464,0.000198932678482213,0.00219999488316634,0.509489929833649,"GABAergic","Slc16a141"
"Mvd1",0.230196534675128,7.46992028080825,3.87804555272154,0.000198918507267117,0.00219999488316634,0.509549302076994,"GABAergic","Mvd1"
"5730559C18Rik1",0.230118080086669,7.46986186949535,3.8781062418096,0.000198875988854301,0.00219999488316634,0.509726731276486,"GABAergic","5730559C18Rik1"
"Pltp1",0.23009547241763,7.475203465724,3.96476905904742,0.000146252865577447,0.00219999488316634,0.792489509016616,"GABAergic","Pltp1"
"Ttc39a1",0.230046882164395,7.47073051218196,3.88762996383951,0.000192310203809902,0.00219999488316634,0.540690407511177,"GABAergic","Ttc39a1"
"Rnf2251",0.230046882164395,7.47073051218196,3.88762996383951,0.000192310203809902,0.00219999488316634,0.540690407511177,"GABAergic","Rnf2251"
"Pdzd9",0.230046882164395,7.47073051218196,3.88762996383951,0.000192310203809902,0.00219999488316634,0.540690407511177,"GABAergic","Pdzd9"
"Gm46811",0.230046882164395,7.47073051218196,3.88762996383951,0.000192310203809902,0.00219999488316634,0.540690407511177,"GABAergic","Gm46811"
"Gm42111",0.230046882164395,7.47073051218196,3.88762996383951,0.000192310203809902,0.00219999488316634,0.540690407511177,"GABAergic","Gm42111"
"Tmem30c1",0.230046882164395,7.47073051218196,3.88762996383951,0.000192310203809902,0.00219999488316634,0.540690407511177,"GABAergic","Tmem30c1"
"Hs3st21",0.229987718244426,7.46751100191945,3.86314546193817,0.00020962429911066,0.00219999488316634,0.460861020874346,"GABAergic","Hs3st21"
"Ccdc221",0.229914087965208,7.51325823258055,3.38483472706618,0.00105326181919218,0.00644395379431483,-0.973447217457462,"GABAergic","Ccdc221"
"Parpbp1",0.229880631063345,7.47060227999605,3.88768458297032,0.000192273152690489,0.00219999488316634,0.540827750181573,"GABAergic","Parpbp1"
"Limd11",0.229847816486372,7.4693456300858,3.87566919090001,0.000200590213818698,0.00219999488316634,0.501719185019554,"GABAergic","Limd11"
"Trim171",0.229824923989455,7.46964404748847,3.87829238510594,0.000198745632100453,0.00219999488316634,0.510258821248656,"GABAergic","Trim171"
"Errfi11",0.22979685368333,7.53614278173871,3.10029746584839,0.00257452048180337,0.0126551899228214,-1.75965033164037,"GABAergic","Errfi11"
"Dyrk1b1",0.229796620219519,7.51528181360482,3.32388410120166,0.00128104575332717,0.00746753047416123,-1.14768020993845,"GABAergic","Dyrk1b1"
"Kazald11",0.22979313365961,7.46962046548642,3.87830878565764,0.000198734150653228,0.00219999488316634,0.51030432649856,"GABAergic","Kazald11"
"Capn9",0.229776679034107,7.46974695028978,3.87949442927679,0.00019790579947684,0.00219999488316634,0.514162639842128,"GABAergic","Capn9"
"Prrt41",0.22976700696375,7.47051469845501,3.88771168305742,0.000192254771762342,0.00219999488316634,0.540888598609693,"GABAergic","Prrt41"
"Hist2h41",0.22973591030974,7.46957802698459,3.87833669325621,0.000198714614984726,0.00219999488316634,0.510381037367786,"GABAergic","Hist2h41"
"Gm270031",0.229703814073575,7.46955422891682,3.8783514374356,0.000198704294614918,0.00219999488316634,0.510421135079386,"GABAergic","Gm270031"
"Fgfr11",0.229658230649354,7.47043089959966,3.88772978548264,0.000192242494531102,0.00219999488316634,0.540921539413995,"GABAergic","Fgfr11"
"Gm477151",0.229623746881496,7.46949487932715,3.87838536731873,0.000198680546920002,0.00219999488316634,0.510511976665099,"GABAergic","Gm477151"
"1810041L15Rik1",0.229606492125678,7.47039112474805,3.88773391931118,0.000192239691035616,0.00219999488316634,0.540922760357351,"GABAergic","1810041L15Rik1"
"Trpc51",0.229599437473828,7.47328569313239,3.93113676707891,0.000164861281560521,0.00219999488316634,0.682321211486527,"GABAergic","Trpc51"
"Tcte21",0.229573168751323,7.56382485558797,2.77745722633207,0.0066549916386423,0.0264624146691847,-2.56297374101519,"GABAergic","Tcte21"
"Cbx71",0.229540101700024,7.55733052177301,3.15485080826813,0.00217783774929677,0.0112251318035562,-1.59056646943477,"GABAergic","Cbx71"
"Hist1h1e1",0.229510703512368,7.46913689477754,3.87615310924917,0.000200248706171852,0.00219999488316634,0.503211938924261,"GABAergic","Hist1h1e1"
"Slain1os1",0.229448452657394,7.46936502763167,3.8784454133535,0.000198638527042495,0.00219999488316634,0.510664981202804,"GABAergic","Slain1os1"
"Shc41",0.229429640663609,7.47025524097678,3.88773500334746,0.000192238955866254,0.00219999488316634,0.540884819748297,"GABAergic","Shc41"
"Adam191",0.229382556927825,7.51317982224061,3.45059411734326,0.000850502037513726,0.00550635103026148,-0.781370756620654,"GABAergic","Adam191"
"Vat1l1",0.229364091597725,7.47020490531072,3.88773026810404,0.000192242167223082,0.00219999488316634,0.540854174242999,"GABAergic","Vat1l1"
"Gm362781",0.229362794404815,7.47020390934339,3.88773014631823,0.0001922422498167,0.00219999488316634,0.540853477142204,"GABAergic","Gm362781"
"Fcor1",0.229309747465039,7.53339392106226,3.21062500731491,0.0018317281990803,0.0097154863679219,-1.45997134252543,"GABAergic","Fcor1"
"Gm195311",0.229295288937814,7.46927782173443,3.87870217739144,0.000198458940733533,0.00219999488316634,0.511464853615939,"GABAergic","Gm195311"
"Gm14406",0.229287178824407,7.47066573064507,3.89386738404397,0.000188122811978884,0.00219999488316634,0.560804201609474,"GABAergic","Gm14406"
"Gm435731",0.229287178824407,7.47066573064507,3.89386738404397,0.000188122811978884,0.00219999488316634,0.560804201609474,"GABAergic","Gm435731"
"Gm9484",0.229287178824407,7.47066573064507,3.89386738404397,0.000188122811978884,0.00219999488316634,0.560804201609474,"GABAergic","Gm9484"
"4930553P18Rik",0.229287178824407,7.47066573064507,3.89386738404397,0.000188122811978884,0.00219999488316634,0.560804201609474,"GABAergic","4930553P18Rik"
"Gm62881",0.229287178824407,7.47066573064507,3.89386738404397,0.000188122811978884,0.00219999488316634,0.560804201609474,"GABAergic","Gm62881"
"BC001981",0.229287178824407,7.47066573064507,3.89386738404397,0.000188122811978884,0.00219999488316634,0.560804201609474,"GABAergic","BC001981"
"Gm160521",0.229287178824407,7.47066573064507,3.89386738404397,0.000188122811978884,0.00219999488316634,0.560804201609474,"GABAergic","Gm160521"
"Gucy2g1",0.229287178824407,7.47066573064507,3.89386738404397,0.000188122811978884,0.00219999488316634,0.560804201609474,"GABAergic","Gucy2g1"
"Htra41",0.2291839748414,7.46919538474853,3.8787182654748,0.000198447693544465,0.00219999488316634,0.511490967826599,"GABAergic","Htra41"
"Gemin51",0.229096792318649,7.49611572288544,2.49277798755097,0.0144868251374884,0.0471092527951565,-3.28343912872476,"GABAergic","Gemin51"
"Arrdc11",0.22902436149768,7.47046011793808,3.8937514532116,0.000188199839658659,0.00219999488316634,0.560367638454967,"GABAergic","Arrdc11"
"Sgo2a1",0.229011026697336,7.47044969194383,3.89374436027541,0.000188204553381423,0.00219999488316634,0.560341574944095,"GABAergic","Sgo2a1"
"Gm269811",0.228988506909018,7.47043208593578,3.89373211578502,0.000188212690916304,0.00219999488316634,0.560296699441188,"GABAergic","Gm269811"
"Spry31",0.228978243038774,7.47042407572078,3.8937260830328,0.00018821670033145,0.00219999488316634,0.56027478620002,"GABAergic","Spry31"
"2310040G24Rik1",0.228961464727244,7.46903073813277,3.87872658263724,0.000198441879249733,0.00219999488316634,0.511466331547909,"GABAergic","2310040G24Rik1"
"Zbtb221",0.228957278936653,7.51149842157958,3.06077270833464,0.00290281072984144,0.0138773080697581,-1.87620437212925,"GABAergic","Zbtb221"
"St3gal11",0.228952723674062,7.4704041625771,3.89371075017566,0.000188226891037596,0.00219999488316634,0.560219225120513,"GABAergic","St3gal11"
"Ddah11",0.228891796270491,7.47035662904276,3.8936724117021,0.000188252374317512,0.00219999488316634,0.560080978099643,"GABAergic","Ddah11"
"Mtfr11",0.228878686382804,7.47034640280839,3.89366384309156,0.00018825807025576,0.00219999488316634,0.560050199513299,"GABAergic","Mtfr11"
"Mtmr141",0.228849298678925,7.54118287693765,2.51086338670615,0.0138118898354286,0.0454040647852021,-3.19611131175722,"GABAergic","Mtmr141"
"Tnks1bp11",0.228834936927982,7.47031228075428,3.89363442979607,0.000188277623840091,0.00219999488316634,0.559944841514805,"GABAergic","Tnks1bp11"
"Zfp9681",0.228798875889024,7.51429180990106,3.45349687696312,0.00084246063084599,0.00547882114959574,-0.772362874809633,"GABAergic","Zfp9681"
"Aff11",0.228783060250229,7.51608851376115,3.25944852947311,0.00157163158389098,0.00867565427794681,-1.32943544585784,"GABAergic","Aff11"
"Ufsp11",0.228772102512063,7.47026328499973,3.89358997985537,0.000188307177276514,0.00219999488316634,0.559786395236854,"GABAergic","Ufsp11"
"Tst1",0.228734943160274,7.46857096674561,3.87628105502669,0.000200158505974938,0.00219999488316634,0.50344623091501,"GABAergic","Tst1"
"Fbxo251",0.228731287201582,7.58115407524685,2.59188817738569,0.0111219066418073,0.0392005198564205,-3.0175777729924,"GABAergic","Fbxo251"
"Gm28322",0.228681828150324,7.47017798369971,3.89332126807817,0.000188485930103131,0.00219999488316634,0.558892636931308,"GABAergic","Gm28322"
"Strc",0.228681828150324,7.47017798369971,3.89332126807817,0.000188485930103131,0.00219999488316634,0.558892636931308,"GABAergic","Strc"
"Emilin1",0.228681828150324,7.47017798369971,3.89332126807817,0.000188485930103131,0.00219999488316634,0.558892636931308,"GABAergic","Emilin1"
"Slc26a1",0.228681828150324,7.47017798369971,3.89332126807817,0.000188485930103131,0.00219999488316634,0.558892636931308,"GABAergic","Slc26a1"
"Gm8237",0.228681828150324,7.47017798369971,3.89332126807817,0.000188485930103131,0.00219999488316634,0.558892636931308,"GABAergic","Gm8237"
"Acot21",0.228681828150324,7.47017798369971,3.89332126807817,0.000188485930103131,0.00219999488316634,0.558892636931308,"GABAergic","Acot21"
"Col2a1",0.228681828150324,7.47017798369971,3.89332126807817,0.000188485930103131,0.00219999488316634,0.558892636931308,"GABAergic","Col2a1"
"Colec12",0.228681828150324,7.47017798369971,3.89332126807817,0.000188485930103131,0.00219999488316634,0.558892636931308,"GABAergic","Colec12"
"Cntf1",0.228681828150324,7.47017798369971,3.89332126807817,0.000188485930103131,0.00219999488316634,0.558892636931308,"GABAergic","Cntf1"
"Strap1",0.228668339538867,7.55374814939092,3.23768274105634,0.00168299640109162,0.00913429800282256,-1.36490306346411,"GABAergic","Strap1"
"Plekhb11",0.228597193937826,7.46876159675698,3.87867127796231,0.000198480544251091,0.00219999488316634,0.511203877519151,"GABAergic","Plekhb11"
"9230116L04Rik1",0.228578195754894,7.47009729375051,3.89323691084111,0.00018854207976928,0.00219999488316634,0.558595633565533,"GABAergic","9230116L04Rik1"
"Cyb561a31",0.22853219662418,7.47006148977554,3.89319719220475,0.00018856852272789,0.00219999488316634,0.558456451535664,"GABAergic","Cyb561a31"
"Dmpk1",0.228500388894041,7.47003673606239,3.89316890847289,0.000188587354979056,0.00219999488316634,0.558357563209355,"GABAergic","Dmpk1"
"Csf11",0.228483820545632,7.47003866734139,3.89335263693349,0.000188465054514432,0.00219999488316634,0.558951490639097,"GABAergic","Csf11"
"Fkbp111",0.228483509550501,7.47002360145876,3.89315362714613,0.000188597530543277,0.00219999488316634,0.558304207271358,"GABAergic","Fkbp111"
"Zfp229",0.228480794805762,7.47002148907994,3.89315115179993,0.000188599178881729,0.00219999488316634,0.558295568994615,"GABAergic","Zfp229"
"Trim361",0.228458537966322,7.47000417168424,3.89313067358441,0.000188612815898235,0.00219999488316634,0.558224153255356,"GABAergic","Trim361"
"Gm157061",0.228292478108356,7.46987501853569,3.8929675157705,0.000188721500907945,0.00219999488316634,0.557657814052719,"GABAergic","Gm157061"
"D030056L22Rik1",0.228283083593924,7.46986771474677,3.89295773834353,0.000188728015886868,0.00219999488316634,0.557624006853987,"GABAergic","D030056L22Rik1"
"Mapk121",0.228139546989304,7.46975618018367,3.8928005517528,0.000188832783301503,0.00219999488316634,0.557082275223461,"GABAergic","Mapk121"
"March41",0.228102405620929,7.46972738183634,3.89275643880503,0.000188862195280521,0.00219999488316634,0.556930985113947,"GABAergic","March41"
"Bpnt11",0.228054234952787,7.51627034377315,3.15204128091197,0.00219679065494599,0.0112904822033271,-1.62675066668095,"GABAergic","Bpnt11"
"Tubgcp61",0.228002794170733,7.56322880912277,2.70298021191487,0.00820193109618476,0.0308265150757923,-2.74480163714823,"GABAergic","Tubgcp61"
"Cntln1",0.227993645721828,7.54236239392949,2.96590219255512,0.00385561816605028,0.0174898170823678,-2.11160899467962,"GABAergic","Cntln1"
"Dirc21",0.227899768431064,7.59126713729864,2.50968457280401,0.0138550070889666,0.0455220459832323,-3.17599995775686,"GABAergic","Dirc21"
"Dnajb31",0.227889043262513,7.49416861126963,2.89238070243246,0.00478440195961183,0.020506672842882,-2.32436467675359,"GABAergic","Dnajb31"
"Zfp741",0.227789168721422,7.53368872438203,2.81737923859471,0.00594027724374011,0.0244222168535882,-2.49778798355607,"GABAergic","Zfp741"
"Casp61",0.227692280909148,7.46940969140524,3.89220830666555,0.000189228023549086,0.00219999488316634,0.55506326392292,"GABAergic","Casp61"
"Cryba4",0.22766833684501,7.46939116131607,3.89217283930752,0.000189251718083957,0.00219999488316634,0.554943026058164,"GABAergic","Cryba4"
"Nmb1",0.22766833684501,7.46939116131607,3.89217283930752,0.000189251718083957,0.00219999488316634,0.554943026058164,"GABAergic","Nmb1"
"Smc41",0.227542032267644,7.46929344713799,3.89197940278983,0.000189380996332042,0.00219999488316634,0.554288274926598,"GABAergic","Smc41"
"Map3k61",0.227531918827037,7.46928562529094,3.8919634521841,0.000189391660267472,0.00219999488316634,0.55423435640603,"GABAergic","Map3k61"
"Gm281511",0.227370784982424,7.46916104867924,3.89170006719915,0.000189567831874015,0.00219999488316634,0.553345421152184,"GABAergic","Gm281511"
"Abhd21",0.22733074124568,7.556732913054,3.10259444706294,0.00255654567940352,0.0125947618003309,-1.73277265381454,"GABAergic","Abhd21"
"Rims41",0.227270277339236,7.51409889247407,3.43098995894871,0.000906734737357695,0.00575712574924137,-0.83770226483239,"GABAergic","Rims41"
"Fhit1",0.227253151485397,7.51256880860643,3.43458105981353,0.000896178696369516,0.00570447854379322,-0.828041003228482,"GABAergic","Fhit1"
"A2ml11",0.22718322852398,7.46854137502132,3.88590959724898,0.000193480718459977,0.00219999488316634,0.534466184955263,"GABAergic","A2ml11"
"Wwp21",0.227123826474073,7.51248280459088,3.46382052538921,0.000814438438975075,0.00534626420832153,-0.742664963376322,"GABAergic","Wwp21"
"Abcc41",0.227108387336973,7.46895836774826,3.89123382644704,0.000189880072531365,0.00219999488316634,0.551777290478225,"GABAergic","Abcc41"
"Angptl21",0.226979119158616,7.46946248974728,3.89918583708617,0.000184621291778412,0.00219999488316634,0.577623685843766,"GABAergic","Angptl21"
"Gm14440",0.226979119158616,7.46946248974728,3.89918583708617,0.000184621291778412,0.00219999488316634,0.577623685843766,"GABAergic","Gm14440"
"Slc6a20a1",0.226979119158616,7.46946248974728,3.89918583708617,0.000184621291778412,0.00219999488316634,0.577623685843766,"GABAergic","Slc6a20a1"
"Plekhh11",0.226823955814068,7.46873892588292,3.89067600670243,0.000190254289057505,0.00219999488316634,0.549908222906479,"GABAergic","Plekhh11"
"Spg211",0.226794218692242,7.51690152132449,3.07324208698538,0.0027952664834465,0.0134602339036604,-1.84003079439908,"GABAergic","Spg211"
"Bambi1",0.22674680074923,7.46927791816002,3.89862931362933,0.000184984753244042,0.00219999488316634,0.575767819040572,"GABAergic","Bambi1"
"Gm446441",0.226693728616272,7.4713836702849,3.93648491128036,0.000161757904124129,0.00219999488316634,0.699179270271951,"GABAergic","Gm446441"
"Gm163231",0.226689188803164,7.46912343038317,3.89699644131514,0.000186055120491721,0.00219999488316634,0.570442365479876,"GABAergic","Gm163231"
"Col15a11",0.226689188803164,7.46912343038317,3.89699644131514,0.000186055120491721,0.00219999488316634,0.570442365479876,"GABAergic","Col15a11"
"Gm269821",0.226689188803164,7.46912343038317,3.89699644131514,0.000186055120491721,0.00219999488316634,0.570442365479876,"GABAergic","Gm269821"
"Myo1a",0.226689188803164,7.46912343038317,3.89699644131514,0.000186055120491721,0.00219999488316634,0.570442365479876,"GABAergic","Myo1a"
"Gm29408",0.226689188803164,7.46912343038317,3.89699644131514,0.000186055120491721,0.00219999488316634,0.570442365479876,"GABAergic","Gm29408"
"Aqp5",0.226689188803164,7.46912343038317,3.89699644131514,0.000186055120491721,0.00219999488316634,0.570442365479876,"GABAergic","Aqp5"
"Gm16537",0.226689188803164,7.46912343038317,3.89699644131514,0.000186055120491721,0.00219999488316634,0.570442365479876,"GABAergic","Gm16537"
"2410137M14Rik1",0.226689188803164,7.46912343038317,3.89699644131514,0.000186055120491721,0.00219999488316634,0.570442365479876,"GABAergic","2410137M14Rik1"
"Sco21",0.226688534356819,7.46863454101388,3.89039119388451,0.000190445628942266,0.00219999488316634,0.548956273931046,"GABAergic","Sco21"
"Ofd11",0.226644829883416,7.5740835598912,3.1652396497904,0.00210907064827704,0.010928820631981,-1.5547247287284,"GABAergic","Ofd11"
"Fbxo361",0.226644243309887,7.46919649952374,3.89837197144318,0.000185153052651777,0.00219999488316634,0.574910857582795,"GABAergic","Fbxo361"
"Pard6g1",0.226639410362663,7.4691926636462,3.89835966785621,0.000185161102747314,0.00219999488316634,0.574869903630185,"GABAergic","Pard6g1"
"Ripk11",0.226616052400029,7.46906569037715,3.89681582350998,0.000186173880442453,0.00219999488316634,0.569840826548498,"GABAergic","Ripk11"
"Prox1os",0.226610196143218,7.46906106776531,3.89680120353862,0.000186183496544635,0.00219999488316634,0.569792151274676,"GABAergic","Prox1os"
"Bloc1s51",0.226573035838436,7.51303221530394,3.39754697818864,0.001010823902341,0.00625384979880044,-0.936517457616248,"GABAergic","Bloc1s51"
"Dmap11",0.226562658283285,7.56187055148669,2.67380142667788,0.00889242494609965,0.0326202321042567,-2.81454720867837,"GABAergic","Dmap11"
"4931440F15Rik1",0.226548511527384,7.46912053324051,3.89812529805604,0.000185314512088962,0.00219999488316634,0.57409006714956,"GABAergic","4931440F15Rik1"
"Thoc61",0.226548119386381,7.46901207509869,3.89664479551813,0.000186286401651977,0.00219999488316634,0.569271554499092,"GABAergic","Thoc61"
"Rbm38",0.226546472190617,7.46911891531284,3.89811997537438,0.00018531799751901,0.00219999488316634,0.574072362860448,"GABAergic","Rbm38"
"Dtwd21",0.226544073134586,7.46900888215352,3.89663450953368,0.00018629317098607,0.00219999488316634,0.569237327093065,"GABAergic","Dtwd21"
"Fbln21",0.226509498666139,7.46898160136064,3.89654616292545,0.0001863513226653,0.00219999488316634,0.568943391601389,"GABAergic","Fbln21"
"Zbed41",0.226509053783534,7.47122073304524,3.93571813040597,0.0001621993890204,0.00219999488316634,0.696637488098202,"GABAergic","Zbed41"
"Gm26597",0.226500891079607,7.46908275692813,3.89800026883376,0.000185396401014657,0.00219999488316634,0.573674266461704,"GABAergic","Gm26597"
"Scn7a1",0.226497628229739,7.46897223602001,3.89651564311124,0.000186371415508065,0.00219999488316634,0.568841868353406,"GABAergic","Scn7a1"
"Ulk11",0.2264718097672,7.46905969126504,3.89792315455394,0.000185446924889159,0.00219999488316634,0.57341788585159,"GABAergic","Ulk11"
"Zbtb8b1",0.226450269757001,7.46893487680496,3.89639292487212,0.000186452228452547,0.00219999488316634,0.568433742793967,"GABAergic","Zbtb8b1"
"Carlr1",0.226431376094473,7.46891997452753,3.89634353970339,0.000186484759233824,0.00219999488316634,0.568269543161017,"GABAergic","Carlr1"
"Aldob1",0.226379957038545,7.46887942431314,3.89620790496802,0.000186574131852239,0.00219999488316634,0.567818692601957,"GABAergic","Aldob1"
"Evi2a1",0.226365855674525,7.46838605954721,3.88966238767056,0.000190936085109201,0.00219999488316634,0.546526125593259,"GABAergic","Evi2a1"
"Cmtm61",0.226353330107824,7.46885842933946,3.89613695857036,0.000186620896245747,0.00219999488316634,0.56758293391773,"GABAergic","Cmtm61"
"Gm171161",0.226335375078321,7.46884427343519,3.8960888448713,0.000186652616814216,0.00219999488316634,0.56742307530469,"GABAergic","Gm171161"
"Acot41",0.226316672807467,7.46882952959185,3.89603849472721,0.000186685817350131,0.00219999488316634,0.567255808051924,"GABAergic","Acot41"
"9030624G23Rik1",0.226289924771152,7.46880844502312,3.89596606862782,0.000186733584513557,0.00219999488316634,0.567015241545933,"GABAergic","9030624G23Rik1"
"Imp41",0.226286137365263,7.53084087714402,3.35976758343491,0.00114189980278885,0.00683674515956806,-1.03742580013109,"GABAergic","Imp41"
"Mcrs11",0.226285715970238,7.5352355149315,3.1887944341494,0.00196058217424741,0.010316396678778,-1.51807178117673,"GABAergic","Mcrs11"
"AC118542.11",0.226275835864507,7.46879734021677,3.89592772331988,0.000186758879110594,0.00219999488316634,0.566887894207206,"GABAergic","AC118542.11"
"AC161199.11",0.226216532472441,7.46875060514114,3.89576483182953,0.000186866367464941,0.00219999488316634,0.566347058674583,"GABAergic","AC161199.11"
"Tgds1",0.226184493437359,7.46883196832641,3.89713025526953,0.000185967181724639,0.00219999488316634,0.570784704078941,"GABAergic","Tgds1"
"Ankfn11",0.226151103907695,7.46869905718983,3.89558232544738,0.000186986869447898,0.00219999488316634,0.565741354537858,"GABAergic","Ankfn11"
"Gm318121",0.225998693336574,7.46857903797923,3.89514582606961,0.000187275374488525,0.00219999488316634,0.564293731590168,"GABAergic","Gm318121"
"Srpx",0.225998693336574,7.46857903797923,3.89514582606961,0.000187275374488525,0.00219999488316634,0.564293731590168,"GABAergic","Srpx"
"Thap8",0.225998693336574,7.46857903797923,3.89514582606961,0.000187275374488525,0.00219999488316634,0.564293731590168,"GABAergic","Thap8"
"Gm398221",0.225972782648104,7.46866435506119,3.896509864956,0.000186375219812901,0.00219999488316634,0.568727754110708,"GABAergic","Gm398221"
"Cd341",0.225914308936674,7.60653886206915,2.58137900404337,0.0114418278350372,0.0401483858601568,-3.01176208378632,"GABAergic","Cd341"
"Gpr1731",0.225903287545115,7.46850394944616,3.89486448297655,0.000187461554055599,0.00219999488316634,0.563361397913268,"GABAergic","Gpr1731"
"Flot11",0.225767959669295,7.57968481409522,2.937409631884,0.00419379756151981,0.0186346623924039,-2.15592751507539,"GABAergic","Flot11"
"Zfp1741",0.225757081239016,7.51318723999915,3.45277114955797,0.000844464339125366,0.00548507976937632,-0.774805374404797,"GABAergic","Zfp1741"
"Cyb5r31",0.225739643368412,7.58331252303922,2.69739536629136,0.00833019323981471,0.031193651677154,-2.75002457844956,"GABAergic","Cyb5r31"
"Mgat31",0.225711459857296,7.57968880311603,2.92337718756449,0.00437021622148216,0.0191350760312863,-2.19200045226052,"GABAergic","Mgat31"
"Galnt91",0.225700122610512,7.55738882093085,2.99632978812577,0.00352240898831999,0.0162474500277799,-2.01426932222512,"GABAergic","Galnt91"
"Pycard1",0.22565213836231,7.51371098514067,3.27010356480954,0.00151966543468399,0.00847045375252843,-1.30069763075878,"GABAergic","Pycard1"
"Orai31",0.225530848169231,7.46831497746936,3.89511566282377,0.000187295326641557,0.00219999488316634,0.564113942950056,"GABAergic","Orai31"
"Tdrd12",0.225525726363814,7.46914615592488,3.9078020130426,0.000179080457578128,0.00219999488316634,0.605404559507347,"GABAergic","Tdrd12"
"Atp7b1",0.225454282685314,7.46908766241096,3.90751865830704,0.000179260120736837,0.00219999488316634,0.604469131996343,"GABAergic","Atp7b1"
"Rangrf1",0.225438519431547,7.47093749678975,3.94598720317369,0.000156381320712672,0.00219999488316634,0.729999472393851,"GABAergic","Rangrf1"
"Ifit11",0.225370716630308,7.46901926602767,3.90718273807967,0.000179473336602656,0.00219999488316634,0.603360496941645,"GABAergic","Ifit11"
"Pecr1",0.225324878378838,7.46898175889075,3.90699642105537,0.000179591700539658,0.00219999488316634,0.602745743938875,"GABAergic","Pecr1"
"Gm30551",0.225220122823067,7.46889606961976,3.90656515442107,0.000179865962934081,0.00219999488316634,0.601323171230226,"GABAergic","Gm30551"
"Amn2",0.225191411767523,7.46887259072587,3.90644562478671,0.00017994204817268,0.00219999488316634,0.600928986184742,"GABAergic","Amn2"
"Paqr71",0.225179961112589,7.51260326231685,3.46562226158065,0.00080963886726582,0.00531752909851279,-0.737342145208561,"GABAergic","Paqr71"
"Tomm6os1",0.225179632826731,7.46886295913453,3.90639642125916,0.000179973377058419,0.00219999488316634,0.600766734385735,"GABAergic","Tomm6os1"
"Flt3l1",0.225152845342112,7.46884105687966,3.90628416471865,0.000180044872593108,0.00219999488316634,0.6003965864996,"GABAergic","Flt3l1"
"Tubb2b1",0.225120092923381,7.51929097720277,2.77848963152795,0.00663555941665049,0.026418502519452,-2.59728982416772,"GABAergic","Tubb2b1"
"Sigmar11",0.225053837910205,7.60998183962033,2.50367603996213,0.0140766628349147,0.0461018272312008,-3.18643035375006,"GABAergic","Sigmar11"
"Slc9a91",0.225004486998486,7.49645299426063,2.90417321812213,0.00462274545673952,0.019942713876215,-2.28978465597129,"GABAergic","Slc9a91"
"Slit11",0.224998438180456,7.46871485657937,3.90562738332007,0.000180463717113851,0.00219999488316634,0.598231642516948,"GABAergic","Slit11"
"S100a3",0.224973298828683,7.46871015014926,3.90579691662741,0.000180355512773944,0.00219999488316634,0.59877895824195,"GABAergic","S100a3"
"Gm16170",0.224973298828683,7.46871015014926,3.90579691662741,0.000180355512773944,0.00219999488316634,0.59877895824195,"GABAergic","Gm16170"
"Plk51",0.224938459075895,7.46868166609504,3.90564534025307,0.00018045225319551,0.00219999488316634,0.598279522961385,"GABAergic","Plk51"
"Dscam1",0.224899832828234,7.51779171155884,3.2581953697891,0.00157785156608229,0.008702362599798,-1.32940877865947,"GABAergic","Dscam1"
"Hebp21",0.224884033950467,7.46862140384749,3.90513006728408,0.000180781486252062,0.00219999488316634,0.596593094905077,"GABAergic","Hebp21"
"Gm17949",0.224877452940291,7.46863179905961,3.90537788874441,0.000180623069433939,0.00219999488316634,0.597398427193002,"GABAergic","Gm17949"
"Cep1281",0.224873514213161,7.46862857993941,3.90536053233063,0.00018063415998613,0.00219999488316634,0.597341254151843,"GABAergic","Cep1281"
"Aldh4a11",0.224839464183947,7.46860075306411,3.9052100371718,0.00018073035198095,0.00219999488316634,0.596845545391353,"GABAergic","Aldh4a11"
"AC097366.11",0.224804121715767,7.46857187413381,3.90505297604299,0.00018083079294989,0.00219999488316634,0.596328268220495,"GABAergic","AC097366.11"
"Apold11",0.224777732469102,7.46853460980536,3.90465981082388,0.000181082457011752,0.00219999488316634,0.595044271537894,"GABAergic","Apold11"
"Gm134831",0.224744106512046,7.46852284442119,3.90478427727443,0.000181002750165686,0.00219999488316634,0.595443452488607,"GABAergic","Gm134831"
"Xkr71",0.224744106512046,7.46852284442119,3.90478427727443,0.000181002750165686,0.00219999488316634,0.595443452488607,"GABAergic","Xkr71"
"Gm171461",0.224744106512046,7.46852284442119,3.90478427727443,0.000181002750165686,0.00219999488316634,0.595443452488607,"GABAergic","Gm171461"
"Cmtm8",0.224744106512046,7.46852284442119,3.90478427727443,0.000181002750165686,0.00219999488316634,0.595443452488607,"GABAergic","Cmtm8"
"Mcm41",0.224727537310032,7.46850931028707,3.90470965206765,0.000181050535241594,0.00219999488316634,0.595197744637336,"GABAergic","Mcm41"
"Pcdhga81",0.224691425201946,7.46847981625467,3.90454634578959,0.000181155147906808,0.00219999488316634,0.59466009463202,"GABAergic","Pcdhga81"
"Pih1d21",0.224678675478883,7.46846940416384,3.90448847189624,0.00018119223531042,0.00219999488316634,0.594469572426322,"GABAergic","Pih1d21"
"Mpzl31",0.22465426168808,7.46844946812507,3.90437733596312,0.000181263475044001,0.00219999488316634,0.594103731965945,"GABAergic","Mpzl31"
"Dusp51",0.224558783104381,7.46745441610265,3.89013633700522,0.00019061699998313,0.00219999488316634,0.547759927870379,"GABAergic","Dusp51"
"Prrc11",0.22454211393609,7.46835791545557,3.90386148033577,0.000181594496546163,0.00219999488316634,0.59240598959416,"GABAergic","Prrc11"
"Zscan23",0.224514016101153,7.46833498425392,3.90373086202238,0.000181678405155664,0.00219999488316634,0.591976202949928,"GABAergic","Zscan23"
"Calhm31",0.224507643584176,7.46832978388824,3.90370116148852,0.000181697489812887,0.00219999488316634,0.591878481483532,"GABAergic","Calhm31"
"Prg4",0.224499791758075,7.46830785512154,3.90339305129267,0.000181895585085935,0.00219999488316634,0.590874700148903,"GABAergic","Prg4"
"Igsf211",0.224499202627626,7.46832289576046,3.90366177690388,0.000181722800100458,0.00219999488316634,0.59174890026154,"GABAergic","Igsf211"
"Vmn2r851",0.224464548542069,7.46738123270758,3.88975553940826,0.000190873330689516,0.00219999488316634,0.546507247865048,"GABAergic","Vmn2r851"
"Fut7",0.224397681898552,7.4688320001451,3.91369794385699,0.000175380913456336,0.00219999488316634,0.624409922904083,"GABAergic","Fut7"
"C230014O12Rik1",0.224397681898552,7.4688320001451,3.91369794385699,0.000175380913456336,0.00219999488316634,0.624409922904083,"GABAergic","C230014O12Rik1"
"Slc12a41",0.224397681898552,7.4688320001451,3.91369794385699,0.000175380913456336,0.00219999488316634,0.624409922904083,"GABAergic","Slc12a41"
"Sp71",0.224397681898552,7.4688320001451,3.91369794385699,0.000175380913456336,0.00219999488316634,0.624409922904083,"GABAergic","Sp71"
"Parp9",0.224397681898552,7.4688320001451,3.91369794385699,0.000175380913456336,0.00219999488316634,0.624409922904083,"GABAergic","Parp9"
"Gm15598",0.224397681898552,7.4688320001451,3.91369794385699,0.000175380913456336,0.00219999488316634,0.624409922904083,"GABAergic","Gm15598"
"Qpctl1",0.224365638039838,7.46821409906475,3.90302945966224,0.000182129616878709,0.00219999488316634,0.589669039313245,"GABAergic","Qpctl1"
"Tgfbr2",0.224357085932673,7.54301565796235,2.85780682322769,0.00528879677940676,0.0223267335892047,-2.39140733210865,"GABAergic","Tgfbr2"
"M5C1000I18Rik1",0.224352682032594,7.51462842022925,3.25034174704554,0.00161736015919804,0.00886592076824093,-1.35549555671137,"GABAergic","M5C1000I18Rik1"
"Kxd11",0.224336095598233,7.5626709217204,2.75705284410441,0.00704987626215167,0.0275371445811859,-2.61115012164689,"GABAergic","Kxd11"
"Zfp2121",0.224296516592035,7.51510145879213,3.2608508471829,0.0015646984759885,0.00864495907983645,-1.3257310305091,"GABAergic","Zfp2121"
"Ltbp31",0.224250181824117,7.46870826743425,3.9129094802918,0.000175871388271712,0.00219999488316634,0.621816296296973,"GABAergic","Ltbp31"
"Siah21",0.22423245393147,7.46810616110783,3.90237920036339,0.000182548884739942,0.00219999488316634,0.587531316352376,"GABAergic","Siah21"
"Syne21",0.224223641140426,7.4680990209728,3.90233573972997,0.000182576939721174,0.00219999488316634,0.58738846908085,"GABAergic","Syne21"
"Nup1881",0.224186519912065,7.51625005239153,3.26452486781012,0.00154666949844478,0.00857921429850675,-1.31454299458924,"GABAergic","Nup1881"
"Slc25a301",0.224173275801962,7.46864378386407,3.9124923570648,0.000176131395635546,0.00219999488316634,0.620444586473806,"GABAergic","Slc25a301"
"Soga11",0.224152807640299,7.46862662536507,3.91238064613671,0.000176201091280441,0.00219999488316634,0.620077271582385,"GABAergic","Soga11"
"Teddm21",0.224142103653783,7.46861765277638,3.91232210955012,0.00017623762236078,0.00219999488316634,0.619884806159174,"GABAergic","Teddm21"
"AY0748871",0.224126772310353,7.46860480201594,3.91223812812109,0.000176290045514121,0.00219999488316634,0.619608688649167,"GABAergic","AY0748871"
"Lcmt21",0.224082972095966,7.46856809312335,3.91199729676229,0.000176440460696898,0.00219999488316634,0.618816934128295,"GABAergic","Lcmt21"
"Proscos1",0.224075338343481,7.46856169597336,3.91195518619302,0.000176466774141751,0.00219999488316634,0.618678501047033,"GABAergic","Proscos1"
"Abcg21",0.224061530349398,7.5138142318921,3.46639142848303,0.000807598050932081,0.00530689235659438,-0.735219377183651,"GABAergic","Abcg21"
"Lrrc461",0.224043828597508,7.46853529269135,3.91178093618379,0.000176575696851164,0.00219999488316634,0.618105705347749,"GABAergic","Lrrc461"
"Gm206421",0.22402136815945,7.46851647430549,3.91165630580225,0.00017665364202308,0.00219999488316634,0.617696047907277,"GABAergic","Gm206421"
"Tec1",0.22400877218362,7.46850592158996,3.91158625794849,0.000176697465134355,0.00219999488316634,0.617465812397628,"GABAergic","Tec1"
"Dagla1",0.223982436925419,7.52883434755177,3.42384749287287,0.000928079121349749,0.00584339940092917,-0.852287202600447,"GABAergic","Dagla1"
"Zfp7471",0.223904673316712,7.46841873035666,3.9110031066716,0.000177062697899474,0.00219999488316634,0.615549377152456,"GABAergic","Zfp7471"
"Pcdhgb11",0.223902327309822,7.46841676582149,3.91098987732105,0.000177070991922481,0.00219999488316634,0.615505906812334,"GABAergic","Pcdhgb11"
"AC117232.11",0.223881115781066,7.469733049243,3.94076969370128,0.000159311958201698,0.00219999488316634,0.712645295370248,"GABAergic","AC117232.11"
"Nr4a31",0.223830164430519,7.46688970803193,3.88702377201645,0.000192721874762057,0.00219999488316634,0.537532970084726,"GABAergic","Nr4a31"
"Tmem1161",0.223821400431343,7.46834900978008,3.91053116772948,0.000177358805569288,0.00219999488316634,0.613998790498017,"GABAergic","Tmem1161"
"Gm31135",0.223744723532221,7.4682848330858,3.91009232311675,0.000177634573565879,0.00219999488316634,0.61255722595069,"GABAergic","Gm31135"
"Fem1a1",0.223599080469596,7.49481959366616,2.81088247955784,0.00605157885587861,0.0247345031951664,-2.52940274376848,"GABAergic","Fem1a1"
"Gm129991",0.223566627484491,7.46813649849495,3.90904834742222,0.000178292251294055,0.00219999488316634,0.609129230770355,"GABAergic","Gm129991"
"Wdr461",0.223562070148927,7.46813271101963,3.90902125092669,0.000178309352334009,0.00219999488316634,0.609040279406988,"GABAergic","Wdr461"
"Kars1",0.223533449687424,7.46942328006543,3.93819682830038,0.000160776387367681,0.00219999488316634,0.704174966832884,"GABAergic","Kars1"
"Fbxl141",0.223507773080969,7.51547639853259,3.26702514589463,0.00153451165264829,0.00852303495961661,-1.30854240368393,"GABAergic","Fbxl141"
"Mier31",0.223468490335672,7.6082061552319,2.47121796846615,0.015329956904788,0.0493638719656479,-3.23728162577958,"GABAergic","Mier31"
"Gm26792",0.223440925224877,7.46668326849973,3.88648955776749,0.000193085362691411,0.00219999488316634,0.535742534914275,"GABAergic","Gm26792"
"Nfil31",0.2233277560388,7.46793820277197,3.90760591200972,0.000179204778535742,0.00219999488316634,0.604395526405119,"GABAergic","Nfil31"
"E030037K01Rik",0.223315378844545,7.46734893622569,3.89729382454652,0.000185859742537022,0.00219999488316634,0.570846505435767,"GABAergic","E030037K01Rik"
"Ybx31",0.223224620817323,7.46914849957386,3.93584139427008,0.000162128340459113,0.00219999488316634,0.696425831094382,"GABAergic","Ybx31"
"Sec61b1",0.223223572303699,7.63886920206135,2.5327884609561,0.0130315952667358,0.043440215182039,-3.08956870771974,"GABAergic","Sec61b1"
"Ptp4a11",0.223054678557774,7.54477009897256,3.02798000595029,0.00320422945605252,0.0150218379076642,-1.95080053936519,"GABAergic","Ptp4a11"
"Lin521",0.223047051943525,7.49291839304591,2.86651562464906,0.00515733824743905,0.0218523343097846,-2.39118187647719,"GABAergic","Lin521"
"Gm15612",0.223023360010471,7.46768596076146,3.90570701758075,0.000180412882960552,0.00219999488316634,0.598167996243661,"GABAergic","Gm15612"
"Cnot91",0.222876533880126,7.56533005628443,2.66335468184066,0.00915219820818344,0.033427150138732,-2.84136349794236,"GABAergic","Cnot91"
"Dapk31",0.222856540204837,7.51079836679143,3.48962907850478,0.000748181455907488,0.00497353129291115,-0.667106640999238,"GABAergic","Dapk31"
"Srsf41",0.222816933665863,7.56270243457802,2.50093713227651,0.0141787531239663,0.0463095869679412,-3.23242824947472,"GABAergic","Srsf41"
"Ltbp41",0.222766117973456,7.46874121174991,3.93222305222633,0.000164226368585522,0.00219999488316634,0.684531470446485,"GABAergic","Ltbp41"
"Smg81",0.222765123180417,7.51246936019959,3.45979160235757,0.000825268189129682,0.00540046928751512,-0.754441702561055,"GABAergic","Smg81"
"Tbrg41",0.222567223397909,7.51533781044289,3.28825127010961,0.00143484302768868,0.00814176469360103,-1.24821806654238,"GABAergic","Tbrg41"
"Adssl11",0.222529365138956,7.57589386013178,2.83415633561485,0.00566147305736296,0.0235138727674254,-2.42096200041555,"GABAergic","Adssl11"
"Samhd11",0.222502011474876,7.51789376938491,3.09660859178244,0.00260363339130811,0.0127469762263149,-1.77692610840794,"GABAergic","Samhd11"
"Znfx11",0.222472693969309,7.51311879720109,2.80803959645147,0.00610088075787821,0.0248875631175491,-2.52824842591477,"GABAergic","Znfx11"
"Mrpl221",0.222362119007572,7.59869366517479,2.60080980919486,0.0108566769252079,0.0384701995012218,-2.9517908821913,"GABAergic","Mrpl221"
"Capn101",0.221600841664377,7.59074241494735,2.62786420845541,0.0100869599336208,0.0362216175267448,-2.9091718272999,"GABAergic","Capn101"
"Zfand2b1",0.221513954004696,7.50895882927005,3.44872691374683,0.000855712865264644,0.00550904353229923,-0.788368897831933,"GABAergic","Zfand2b1"
"Smad91",0.221399692823708,7.53992643658024,2.85013755647427,0.00540710390956622,0.0226817475686999,-2.41226280826713,"GABAergic","Smad91"
"Zbed31",0.221347973997886,7.51499236199432,3.2635014242345,0.00155167205392088,0.0085993897330582,-1.3183121847971,"GABAergic","Zbed31"
"Gm400551",0.221209317411375,7.4666727346465,3.90245307785762,0.000182501204328488,0.00219999488316634,0.587314333646876,"GABAergic","Gm400551"
"4930598A11Rik1",0.221209317411375,7.4666727346465,3.90245307785762,0.000182501204328488,0.00219999488316634,0.587314333646876,"GABAergic","4930598A11Rik1"
"Evc1",0.221209317411375,7.4666727346465,3.90245307785762,0.000182501204328488,0.00219999488316634,0.587314333646876,"GABAergic","Evc1"
"Kbtbd12",0.221209317411375,7.4666727346465,3.90245307785762,0.000182501204328488,0.00219999488316634,0.587314333646876,"GABAergic","Kbtbd12"
"4932443I19Rik",0.221209317411375,7.4666727346465,3.90245307785762,0.000182501204328488,0.00219999488316634,0.587314333646876,"GABAergic","4932443I19Rik"
"Gm355011",0.221209317411375,7.4666727346465,3.90245307785762,0.000182501204328488,0.00219999488316634,0.587314333646876,"GABAergic","Gm355011"
"Kcnh61",0.221209317411375,7.4666727346465,3.90245307785762,0.000182501204328488,0.00219999488316634,0.587314333646876,"GABAergic","Kcnh61"
"Pqlc31",0.221209317411375,7.4666727346465,3.90245307785762,0.000182501204328488,0.00219999488316634,0.587314333646876,"GABAergic","Pqlc31"
"Gm382251",0.221209317411375,7.4666727346465,3.90245307785762,0.000182501204328488,0.00219999488316634,0.587314333646876,"GABAergic","Gm382251"
"Prelid2",0.221209317411375,7.4666727346465,3.90245307785762,0.000182501204328488,0.00219999488316634,0.587314333646876,"GABAergic","Prelid2"
"Tmbim11",0.221183146262206,7.46485837421612,3.8725008356403,0.000202839943878984,0.00219999488316634,0.490063181624603,"GABAergic","Tmbim11"
"Gm200631",0.221134024149936,7.46660929116544,3.90183396261907,0.000182901148572405,0.00219999488316634,0.585290920781785,"GABAergic","Gm200631"
"G0s21",0.22112956358393,7.5114266324959,3.46064458057133,0.0008229641123839,0.0053909926800312,-0.752299742023262,"GABAergic","G0s21"
"Gm99471",0.221122837100133,7.4665998707894,3.90174157063186,0.000182960904941464,0.00219999488316634,0.58498899257486,"GABAergic","Gm99471"
"Igfbp71",0.221119089880108,7.46659671849116,3.9017105531975,0.000182980970271197,0.00219999488316634,0.584887634018195,"GABAergic","Igfbp71"
"Orai21",0.221107214091039,7.50842706241694,3.40250851654125,0.000994701288356768,0.00620616747371481,-0.923362997138276,"GABAergic","Orai21"
"Cfap701",0.221101111519661,7.46658159511494,3.90156160450126,0.000183077355208121,0.00219999488316634,0.584400911715487,"GABAergic","Cfap701"
"St6galnac61",0.221075036960917,7.49442633166663,2.81828275309168,0.00592494775701632,0.0243910349330505,-2.51064169493457,"GABAergic","St6galnac61"
"Stard81",0.221062269982364,7.46654892548085,3.90123905142812,0.000183286246125873,0.00219999488316634,0.583346962815593,"GABAergic","Stard81"
"A830009L08Rik1",0.22105781353822,7.46654517749785,3.90120197759727,0.00018331027036448,0.00219999488316634,0.583225828857976,"GABAergic","A830009L08Rik1"
"Wdpcp1",0.221042652609897,7.46653242728598,3.90107574976958,0.00018339208991159,0.00219999488316634,0.582813404302276,"GABAergic","Wdpcp1"
"Hes51",0.221021379836314,7.46651453840575,3.90089837032966,0.000183507124370717,0.00219999488316634,0.58223387432496,"GABAergic","Hes51"
"Gm436741",0.221012940080027,7.46650744160867,3.90082791103383,0.000183552837901394,0.00219999488316634,0.582003678606004,"GABAergic","Gm436741"
"Afap1l11",0.221007581151689,7.46650293553696,3.90078314672368,0.000183581886345819,0.00219999488316634,0.581857432441531,"GABAergic","Afap1l11"
"Ctnna31",0.220986681962317,7.46648536333744,3.90060838341089,0.000183695335766537,0.00219999488316634,0.581286492061315,"GABAergic","Ctnna31"
"Samd31",0.220953948464808,7.46645784379712,3.90033405849407,0.000183873551760313,0.00219999488316634,0.580390341384118,"GABAergic","Samd31"
"Traf51",0.220924367498895,7.46643297782459,3.90008552287228,0.000184035156298512,0.00219999488316634,0.579578491531564,"GABAergic","Traf51"
"Trip61",0.220919263201038,7.46642868742118,3.90004257662126,0.000184063094853128,0.00219999488316634,0.579438211338843,"GABAergic","Trip61"
"Itga31",0.220918596523011,7.46642812705346,3.90003696604735,0.000184066745094437,0.00219999488316634,0.579419884999497,"GABAergic","Itga31"
"BC0511421",0.220895905631229,7.46640905542961,3.89984582459459,0.000184191143116686,0.00219999488316634,0.578795557374457,"GABAergic","BC0511421"
"Phf21b1",0.220870632131461,7.46638781522641,3.89963251330709,0.000184330064484287,0.00219999488316634,0.578098851616391,"GABAergic","Phf21b1"
"Crybg21",0.220860459134891,7.46637926632054,3.89954652867511,0.000184386091247529,0.00219999488316634,0.577818023837926,"GABAergic","Crybg21"
"Nmral11",0.220857699740653,7.49483245649734,2.76484159315499,0.00689668350111517,0.027115331480508,-2.64348233556899,"GABAergic","Nmral11"
"Snapc21",0.220820742670447,7.46634589390139,3.89921015771995,0.000184605423719341,0.00219999488316634,0.576719486791092,"GABAergic","Snapc21"
"Fam161b1",0.220795395610316,7.46632459846018,3.89899492158266,0.000184745900360596,0.00219999488316634,0.57601660642142,"GABAergic","Fam161b1"
"Cerkl1",0.220782156096028,7.46455510975793,3.86983265522571,0.000204753187154142,0.00219999488316634,0.481374647503792,"GABAergic","Cerkl1"
"Zfp7091",0.220712478201741,7.55754268674303,2.70633952256073,0.00812564877362934,0.030637173780727,-2.74071099936805,"GABAergic","Zfp7091"
"AW4952221",0.220692744848729,7.46623837865154,3.89811876269956,0.000185318791618707,0.00219999488316634,0.573155789995679,"GABAergic","AW4952221"
"Grm21",0.220593787521221,7.46615537034667,3.89726609405214,0.000185877952917282,0.00219999488316634,0.570372313523983,"GABAergic","Grm21"
"Gm486041",0.220499840471319,7.46607663712117,3.89644974747275,0.00018641480522704,0.00219999488316634,0.567707978088575,"GABAergic","Gm486041"
"1700001L19Rik1",0.220468105085629,7.46605004780533,3.89617262550497,0.000186597384948172,0.00219999488316634,0.566803647404068,"GABAergic","1700001L19Rik1"
"Gm135241",0.220421041706822,7.512185716162,3.46906165353096,0.00080055078954905,0.00526882878576247,-0.726790987696032,"GABAergic","Gm135241"
"Gm271981",0.220371613852715,7.46596922432681,3.89532582170597,0.000187156354561151,0.00219999488316634,0.564040654447728,"GABAergic","Gm271981"
"Vat11",0.220360420690694,7.5204073494503,2.69243548943726,0.00844562867637756,0.0314242234299731,-2.80674729116116,"GABAergic","Vat11"
"Gm165031",0.220269337003638,7.46588358941048,3.89442131739935,0.000187755178801382,0.00219999488316634,0.561090018519406,"GABAergic","Gm165031"
"Fhad11",0.220251597636705,7.46586874013183,3.89426371082145,0.000187859708838412,0.00219999488316634,0.560575946706661,"GABAergic","Fhad11"
"Rcsd1",0.220175853380144,7.46580534816932,3.89358834453877,0.000188308264634143,0.00219999488316634,0.558373296917524,"GABAergic","Rcsd1"
"Cd59b1",0.220152588950772,7.46578588160643,3.89338012518454,0.000188446763236219,0.00219999488316634,0.557694278942751,"GABAergic","Cd59b1"
"Qpct1",0.2201439241093,7.5757064584193,2.54045442274276,0.0127682670852175,0.0428568772908299,-3.1164754805685,"GABAergic","Qpct1"
"Zfp7771",0.22012422680096,7.52016259022818,2.69121485066244,0.00847425973164839,0.0315083382053054,-2.80993284232893,"GABAergic","Zfp7771"
"Rad9a1",0.220086806842448,7.46573084826311,3.89278937336855,0.000188840235991887,0.00219999488316634,0.555767979162905,"GABAergic","Rad9a1"
"C130080G10Rik",0.220075550319254,7.46623164828031,3.90404495030822,0.000181476698812443,0.00219999488316634,0.592323375770981,"GABAergic","C130080G10Rik"
"1700124L16Rik1",0.220075550319254,7.46623164828031,3.90404495030822,0.000181476698812443,0.00219999488316634,0.592323375770981,"GABAergic","1700124L16Rik1"
"Gm10366",0.220075550319254,7.46623164828031,3.90404495030822,0.000181476698812443,0.00219999488316634,0.592323375770981,"GABAergic","Gm10366"
"Fignl1",0.220075550319254,7.46623164828031,3.90404495030822,0.000181476698812443,0.00219999488316634,0.592323375770981,"GABAergic","Fignl1"
"Gm295431",0.220075550319254,7.46623164828031,3.90404495030822,0.000181476698812443,0.00219999488316634,0.592323375770981,"GABAergic","Gm295431"
"AC157566.4",0.220075550319254,7.46623164828031,3.90404495030822,0.000181476698812443,0.00219999488316634,0.592323375770981,"GABAergic","AC157566.4"
"Nrtn",0.220075550319254,7.46623164828031,3.90404495030822,0.000181476698812443,0.00219999488316634,0.592323375770981,"GABAergic","Nrtn"
"Rom11",0.220075550319254,7.46623164828031,3.90404495030822,0.000181476698812443,0.00219999488316634,0.592323375770981,"GABAergic","Rom11"
"Kcnmb4os21",0.219996177283976,7.46565505166938,3.89197065548789,0.000189386844356352,0.00219999488316634,0.553098783732756,"GABAergic","Kcnmb4os21"
"Hic21",0.219990635386777,7.46615853600006,3.9032150955173,0.000182010093347804,0.00219999488316634,0.589614092880987,"GABAergic","Hic21"
"Tmem2061",0.21994618862116,7.46612029560869,3.90277853813766,0.000182291294467422,0.00219999488316634,0.588189042715161,"GABAergic","Tmem2061"
"Tmem126b1",0.219914948446822,7.62424156469763,2.65513713424482,0.0093613569640708,0.0340135603335448,-2.81319144935744,"GABAergic","Tmem126b1"
"Phka11",0.219897894961784,7.46607875356633,3.90230269911772,0.000182598271061616,0.00219999488316634,0.586635921870788,"GABAergic","Phka11"
"Pon21",0.219882213842964,7.46350973642457,3.85870169504968,0.000212922216213116,0.00219999488316634,0.445240151640555,"GABAergic","Pon21"
"Cenpt1",0.219841850572358,7.46603055491206,3.9017485375288,0.000182956398310999,0.00219999488316634,0.584827363740939,"GABAergic","Cenpt1"
"Etv41",0.219800280108109,7.46599481126715,3.90133613690833,0.000183223347951866,0.00219999488316634,0.583481598404307,"GABAergic","Etv41"
"4930439D14Rik1",0.219788065610372,7.46598431002539,3.90121474328648,0.000183301997721791,0.00219999488316634,0.583085484107774,"GABAergic","4930439D14Rik1"
"Acot61",0.21977203421913,7.46597052807854,3.90105526427878,0.000183405371681576,0.00219999488316634,0.582565111016051,"GABAergic","Acot61"
"Gm297241",0.219771298650325,7.46596989574325,3.90104794277969,0.000183410118799187,0.00219999488316634,0.582541221717452,"GABAergic","Gm297241"
"Adcy61",0.219769855818918,7.46596865541191,3.90103358047813,0.000183419431377257,0.00219999488316634,0.582494359115478,"GABAergic","Adcy61"
"Gm301771",0.219749099988322,7.46377854014034,3.86240860400141,0.000210167760808266,0.00219999488316634,0.45723951736426,"GABAergic","Gm301771"
"Nagpa1",0.219726146856298,7.46593108451344,3.9005978315988,0.000183702187729132,0.00219999488316634,0.58107262860942,"GABAergic","Nagpa1"
"Pou5f21",0.219723361652279,7.46592869066953,3.90057002175459,0.000183720247599501,0.00219999488316634,0.580981897215865,"GABAergic","Pou5f21"
"Xrcc51",0.219706952932687,7.46591458817094,3.90040607800457,0.000183826748085334,0.00219999488316634,0.580447031444217,"GABAergic","Xrcc51"
"Ces5a1",0.219702500037452,7.46591076129055,3.90036155696786,0.00018385567984766,0.00219999488316634,0.580301785057262,"GABAergic","Ces5a1"
"A330008L17Rik1",0.219699536440686,7.50875695106884,3.38987464340274,0.00103624016599906,0.0063644648323209,-0.960671505429317,"GABAergic","A330008L17Rik1"
"F31",0.219657836666634,7.4658723809099,3.89991427041498,0.000184146588213519,0.00219999488316634,0.578842625981041,"GABAergic","F31"
"Panx11",0.219657037703696,7.46587169440585,3.89990625698414,0.000184151804035289,0.00219999488316634,0.578816485488702,"GABAergic","Panx11"
"Slc16a15",0.219567386943444,7.4657946771036,3.89900437303101,0.000184739729607375,0.00219999488316634,0.575874754328178,"GABAergic","Slc16a15"
"3222401L13Rik1",0.219514007104046,7.53911826791896,2.94033572849711,0.00415784764978778,0.0185491802507721,-2.17943501034915,"GABAergic","3222401L13Rik1"
"Hspa21",0.219473372889063,7.46571394237848,3.89805283541484,0.000185361967884983,0.00219999488316634,0.572771688403899,"GABAergic","Hspa21"
"Gm363881",0.219462477404899,7.46570458791408,3.89794217866853,0.000185434459412775,0.00219999488316634,0.572410866380012,"GABAergic","Gm363881"
"Arhgap181",0.219438462870047,7.53940647362851,2.84350202198923,0.00551141918897075,0.0230349527284222,-2.42920539829901,"GABAergic","Arhgap181"
"Trim56",0.219418669506066,7.46566698035045,3.8974964580872,0.000185726726539388,0.00219999488316634,0.570957578198543,"GABAergic","Trim56"
"Gm98331",0.21938576977743,7.46563874159648,3.89716088105143,0.000185947060907556,0.00219999488316634,0.569863509252776,"GABAergic","Gm98331"
"Sema4c1",0.2193141630114,7.46557729291894,3.89642799974779,0.00018642912737758,0.00219999488316634,0.567474399264059,"GABAergic","Sema4c1"
"Ubtd11",0.219254301770123,7.46552593764229,3.89581271113175,0.000186834766880815,0.00219999488316634,0.565468918641438,"GABAergic","Ubtd11"
"Pcdhgc31",0.219126305359564,7.46541617442577,3.89448905675409,0.000187710268836402,0.00219999488316634,0.56115547729526,"GABAergic","Pcdhgc31"
"Gtf2e11",0.219124029361523,7.46541422724342,3.89446537205269,0.000187725970197334,0.00219999488316634,0.561078307610213,"GABAergic","Gtf2e11"
"Gm160831",0.219082411376298,7.49693644302342,2.53280318113518,0.0130310849791892,0.043440215182039,-3.19173905609308,"GABAergic","Gm160831"
"Eef1akmt41",0.219022998038347,7.4653278105497,3.89341055477422,0.00018842651670546,0.00219999488316634,0.557641887723777,"GABAergic","Eef1akmt41"
"Myl6b1",0.218872906224001,7.51119641600986,3.4246273271551,0.000925725873708084,0.00583360121615844,-0.858432436537486,"GABAergic","Myl6b1"
"Timm291",0.218709357359284,7.5142952904831,3.27341359780798,0.00150385232518491,0.00840835674227886,-1.29028590149891,"GABAergic","Timm291"
"Rtn4r1",0.218703117904379,7.46300041117082,3.8540723438062,0.000216410506307696,0.00219999488316634,0.430202092106424,"GABAergic","Rtn4r1"
"Cyth4",0.218367571206013,7.46430427925486,3.876230869705,0.000200193881382841,0.00219999488316634,0.501883196144566,"GABAergic","Cyth4"
"Papln",0.218251848915085,7.51349793692867,3.25543810780575,0.00159161826727409,0.00874775907906702,-1.34110326486774,"GABAergic","Papln"
"Mindy4b-ps",0.218237550537514,7.4647957919857,3.88840110680569,0.000191787726739325,0.00219999488316634,0.541289183013088,"GABAergic","Mindy4b-ps"
"Fam71f21",0.218237550537514,7.4647957919857,3.88840110680569,0.000191787726739325,0.00219999488316634,0.541289183013088,"GABAergic","Fam71f21"
"Gm39043",0.218237550537514,7.4647957919857,3.88840110680569,0.000191787726739325,0.00219999488316634,0.541289183013088,"GABAergic","Gm39043"
"Gm162291",0.218237550537514,7.4647957919857,3.88840110680569,0.000191787726739325,0.00219999488316634,0.541289183013088,"GABAergic","Gm162291"
"Gm29395",0.218237550537514,7.4647957919857,3.88840110680569,0.000191787726739325,0.00219999488316634,0.541289183013088,"GABAergic","Gm29395"
"Parp31",0.218237550537514,7.4647957919857,3.88840110680569,0.000191787726739325,0.00219999488316634,0.541289183013088,"GABAergic","Parp31"
"4930593C16Rik",0.218237550537514,7.4647957919857,3.88840110680569,0.000191787726739325,0.00219999488316634,0.541289183013088,"GABAergic","4930593C16Rik"
"Igf2bp21",0.218237550537514,7.4647957919857,3.88840110680569,0.000191787726739325,0.00219999488316634,0.541289183013088,"GABAergic","Igf2bp21"
"Rsph1",0.218237550537514,7.4647957919857,3.88840110680569,0.000191787726739325,0.00219999488316634,0.541289183013088,"GABAergic","Rsph1"
"Gm130931",0.218123662196501,7.46469882913002,3.88710946539289,0.000192663628484574,0.00219999488316634,0.537087914156061,"GABAergic","Gm130931"
"Glt8d21",0.218068513943757,7.46253088846987,3.84863690966465,0.000220575814673262,0.00219999488316634,0.412605146637989,"GABAergic","Glt8d21"
"Egr21",0.218062490311591,7.46464676689209,3.88641225753605,0.000193138013209797,0.00219999488316634,0.534820592683397,"GABAergic","Egr21"
"Gjd31",0.218041555370304,7.46462895254212,3.88617309937866,0.000193300994810195,0.00219999488316634,0.534042923658768,"GABAergic","Gjd31"
"Inpp5e1",0.217930366074034,7.46453436275891,3.88489817436122,0.000194172050444404,0.00219999488316634,0.529897893705377,"GABAergic","Inpp5e1"
"9330175M20Rik1",0.217930297366825,7.4645343043223,3.88489738409574,0.000194172591531317,0.00219999488316634,0.529895324729649,"GABAergic","9330175M20Rik1"
"Prrx1",0.217930297366825,7.4645343043223,3.88489738409574,0.000194172591531317,0.00219999488316634,0.529895324729649,"GABAergic","Prrx1"
"Mmp231",0.217930297366825,7.4645343043223,3.88489738409574,0.000194172591531317,0.00219999488316634,0.529895324729649,"GABAergic","Mmp231"
"Gck",0.217930297366825,7.4645343043223,3.88489738409574,0.000194172591531317,0.00219999488316634,0.529895324729649,"GABAergic","Gck"
"Gm119671",0.217930297366825,7.4645343043223,3.88489738409574,0.000194172591531317,0.00219999488316634,0.529895324729649,"GABAergic","Gm119671"
"Ric8a1",0.217928486152446,7.49986191748827,2.62748276276563,0.0100974598962058,0.036245156565654,-2.96752540337627,"GABAergic","Ric8a1"
"Tcf191",0.217907434806711,7.46437973624898,3.88127909052882,0.000196665158376715,0.00219999488316634,0.518175044302293,"GABAergic","Tcf191"
"Gm78541",0.217896978226339,7.46450596776965,3.88451379317398,0.000194435402498565,0.00219999488316634,0.528648405170588,"GABAergic","Gm78541"
"Ccdc1711",0.217885116716054,7.46449588097354,3.88437706427824,0.000194529162147187,0.00219999488316634,0.528203970844784,"GABAergic","Ccdc1711"
"Carmil21",0.217842773290935,7.51776405924444,3.27217340151756,0.00150975901077029,0.00843010226566482,-1.29235893268498,"GABAergic","Carmil21"
"Terf21",0.217841962580569,7.51005289411888,3.48819078253733,0.00075173588717523,0.00499452371874808,-0.671403261970196,"GABAergic","Terf21"
"Gm329261",0.217839433448239,7.4644570373697,3.88384962626954,0.000194891249067386,0.00219999488316634,0.526489659937295,"GABAergic","Gm329261"
"Gm373051",0.217803848279218,7.4644267849915,3.88343785016838,0.000195174381302444,0.00219999488316634,0.5251514071884,"GABAergic","Gm373051"
"Rilp1",0.217800953451528,7.46442432417526,3.88340431681954,0.000195197455716411,0.00219999488316634,0.52504243029338,"GABAergic","Rilp1"
"Gpalpp11",0.217783290736407,7.5830750521748,2.76659977796184,0.00686252597965165,0.0270232071790159,-2.58291689808163,"GABAergic","Gpalpp11"
"Phlda31",0.217776594737153,7.51470062494761,3.27755843898217,0.00148426832480669,0.008341918689151,-1.27855877423516,"GABAergic","Phlda31"
"Arfip21",0.217760717733367,7.63348873801034,2.53218845008644,0.0130524104520138,0.043440215182039,-3.08935964686207,"GABAergic","Arfip21"
"Tom1l11",0.217758585894555,7.46438831195636,3.88291292218755,0.000195535885060505,0.00219999488316634,0.52344557731745,"GABAergic","Tom1l11"
"Gm372331",0.217755526857988,7.46438571203041,3.88287739787921,0.000195560372784996,0.00219999488316634,0.523330142426857,"GABAergic","Gm372331"
"Fosl21",0.217742515287083,7.46437465364197,3.88272622881069,0.000195664609863751,0.00219999488316634,0.522838933518161,"GABAergic","Fosl21"
"A330009N23Rik1",0.217693883275974,7.46433332702317,3.88216026079982,0.000196055338743976,0.00219999488316634,0.521000009336484,"GABAergic","A330009N23Rik1"
"Thada1",0.217633167237855,7.464281743086,3.88145153891165,0.00019654567195181,0.00219999488316634,0.518697549374178,"GABAergic","Thada1"
"Slc40a11",0.217611114739786,7.46426301058469,3.88119354273032,0.000196724458669963,0.00219999488316634,0.51785946583219,"GABAergic","Slc40a11"
"Serinc21",0.217518494656233,7.46418444956259,3.88010563722112,0.000197480067482811,0.00219999488316634,0.514325975890265,"GABAergic","Serinc21"
"Tpm21",0.217490832350312,7.46416104086447,3.87977918776523,0.000197707344292155,0.00219999488316634,0.513265837425545,"GABAergic","Tpm21"
"2210016F16Rik1",0.217479067320769,7.46415108572726,3.87964019877754,0.000197804185375902,0.00219999488316634,0.512814494325001,"GABAergic","2210016F16Rik1"
"Timm17b1",0.217360613407851,7.56491099349974,2.50391226532897,0.0140678887157232,0.0460892572566881,-3.22494599408462,"GABAergic","Timm17b1"
"9430065F17Rik1",0.217355371758941,7.51961007114327,2.61235010825014,0.0105220783517791,0.0374531282840805,-2.99831010889799,"GABAergic","9430065F17Rik1"
"Faim1",0.21730280810842,7.56762199540645,2.4858640415311,0.0147525630687193,0.0478101458648462,-3.24526643962027,"GABAergic","Faim1"
"Zfp764",0.217294495567187,7.46399496987047,3.87744823558509,0.000199337447533117,0.00219999488316634,0.505698124548511,"GABAergic","Zfp764"
"Mcm61",0.217278263826215,7.46398124619038,3.87725443656397,0.000199473553280592,0.00219999488316634,0.505069091596241,"GABAergic","Mcm61"
"Amer31",0.217178939973813,7.51546980062579,3.14567584494156,0.00224030143794477,0.011448712865635,-1.644393445924,"GABAergic","Amer31"
"Nhlrc11",0.217091967046819,7.46382379961568,3.87501821679264,0.000201050492336863,0.00219999488316634,0.497812525172758,"GABAergic","Nhlrc11"
"Ccdc1771",0.217078415951148,7.46381235168218,3.87485470030295,0.000201166266885252,0.00219999488316634,0.497282038422981,"GABAergic","Ccdc1771"
"Ttc30b1",0.216903727354262,7.46353662131274,3.8696160531904,0.000204909257503458,0.00219999488316634,0.480325845262201,"GABAergic","Ttc30b1"
"Sstr41",0.216852739882738,7.51395534235219,3.26954513147241,0.00152234855335166,0.0084816562258164,-1.30126834246683,"GABAergic","Sstr41"
"Fntb1",0.216703207325942,7.57839043926299,2.83773587058417,0.00560356304115783,0.0233117845539845,-2.40912593190128,"GABAergic","Fntb1"
"2810032G03Rik1",0.216566481445816,7.5584718571234,2.90292893223442,0.00463956223127513,0.0200015624323658,-2.25286586684295,"GABAergic","2810032G03Rik1"
"D130020L05Rik1",0.21647125355286,7.50710563817447,3.45505557927933,0.000838172249557471,0.00546462082207772,-0.77070652549619,"GABAergic","D130020L05Rik1"
"Tldc11",0.216361833037825,7.51332478872933,3.25390375037721,0.00159932773836737,0.0087747088502673,-1.3455939263892,"GABAergic","Tldc11"
"Tmem2671",0.216313700538624,7.53714908381418,2.603638017206,0.010773798449336,0.0381994940611214,-3.00999115171645,"GABAergic","Tmem2671"
"Pcsk2os11",0.21630537506771,7.46316330527571,3.86531246780107,0.000208033810227002,0.00219999488316634,0.466354826593208,"GABAergic","Pcsk2os11"
"Ptpn121",0.21627912132467,7.50822272726101,3.44066958582869,0.000878545592515082,0.00562349533989456,-0.812307169583232,"GABAergic","Ptpn121"
"Cadps21",0.216250572935855,7.50220939923866,3.58466954171725,0.000545495016477005,0.00391768438748014,-0.387390361246239,"GABAergic","Cadps21"
"Bex41",0.216196924869558,7.58449727350984,2.54865620274335,0.0124918426636227,0.0423237606330433,-3.08887231905368,"GABAergic","Bex41"
"Slitrk21",0.216147491578869,7.58603882014212,2.54577147606227,0.0125884463737736,0.0423594966233486,-3.10130302019419,"GABAergic","Slitrk21"
"Wrnip11",0.216087845717695,7.52015851448433,2.79305891330843,0.00636680674552637,0.0256730680452611,-2.5610590587572,"GABAergic","Wrnip11"
"Nbl11",0.216076197687072,7.46284979248691,3.85947293830112,0.00021234631259935,0.00219999488316634,0.44748178523801,"GABAergic","Nbl11"
"Rxrb1",0.215943862133284,7.51337161506551,3.27420381605846,0.00150010004550194,0.00839423470514371,-1.28883286224175,"GABAergic","Rxrb1"
"Pus31",0.215684822737717,7.51702218648418,3.15621040898378,0.0021687207715443,0.0111872954787648,-1.61261859065351,"GABAergic","Pus31"
"Gm67101",0.215597367355452,7.60725143187879,2.48407936665071,0.0148218625041837,0.0479976868805147,-3.20440776627115,"GABAergic","Gm67101"
"S1pr11",0.21499868821923,7.46207424150046,3.84831884136133,0.000220821912865078,0.00220070699079223,0.411420353440447,"GABAergic","S1pr11"
"Tgfbr31",0.214771197047951,7.57164444855006,2.57809828138479,0.0115433871916602,0.0403633675035686,-3.02873397366167,"GABAergic","Tgfbr31"
"Pgm31",0.214748367293509,7.51298986144106,3.27846085271344,0.00148003628481185,0.00833811139524814,-1.27663286967191,"GABAergic","Pgm31"
"Emd1",0.214581177772429,7.62524361633711,2.57891839493115,0.0115179234831404,0.04032442399254,-2.98792245142699,"GABAergic","Emd1"
"Casp31",0.214566743640634,7.51343258608974,3.24633432128417,0.00163787481198513,0.00894722853711047,-1.3666020899013,"GABAergic","Casp31"
"Rps12-ps31",0.214558358835482,7.46088500664161,3.82628399513844,0.000238523479023602,0.00227393468019897,0.340504106499187,"GABAergic","Rps12-ps31"
"Zcchc101",0.214536652647409,7.53015716624904,2.74484143807434,0.00729631703166097,0.0281764885493051,-2.66172128368778,"GABAergic","Zcchc101"
"Ahsa21",0.213953710385066,7.53721728951497,2.69506531979002,0.00838424251737645,0.0312616783712702,-2.77692370915917,"GABAergic","Ahsa21"
"Pde1c1",0.213928988102965,7.53140379251902,3.13812030061858,0.00229298868162838,0.0116330158769523,-1.65821497974251,"GABAergic","Pde1c1"
"Mmd21",0.21372034541715,7.46101763225739,3.83066854494108,0.000234896688304279,0.00225228369664635,0.354554950667719,"GABAergic","Mmd21"
"Dll1",0.21360283841453,7.51216499447897,3.22681659387726,0.00174131495964515,0.00932228837511687,-1.42181801600792,"GABAergic","Dll1"
"Maml31",0.213226118402067,7.54194627744671,2.61645898677872,0.0104052154518859,0.0371210702484867,-2.97740452694109,"GABAergic","Maml31"
"Zfp6221",0.213213579246598,7.54091059004789,2.62706863043939,0.0101088708165857,0.0362672142038253,-2.95316425221269,"GABAergic","Zfp6221"
"Zik11",0.213134635987487,7.57855605172296,2.53624319036682,0.012912325652045,0.0431335365258052,-3.12514383624823,"GABAergic","Zik11"
"Tmem471",0.213038319962762,7.5802680596715,2.80486246756254,0.00615641417523673,0.0250249594596506,-2.48560252894667,"GABAergic","Tmem471"
"Oprm11",0.212980144571389,7.51245386840802,3.27190074511281,0.00151106050176598,0.00843010226566482,-1.29524608922282,"GABAergic","Oprm11"
"Fxyd11",0.212937996532344,7.48515188228256,3.31321325356441,0.00132539949450269,0.00765874194139927,-1.19390774486168,"GABAergic","Fxyd11"
"Fbn11",0.212606793690139,7.51612774747289,2.56328135863088,0.012012268628066,0.0414004235041717,-3.11666791956616,"GABAergic","Fbn11"
"Sun21",0.21260130208942,7.53712761238129,2.60047441984061,0.0108665433644523,0.0384943326102377,-3.00044060600969,"GABAergic","Sun21"
"Slc30a101",0.212583628562079,7.5219838491653,2.83707933537438,0.00561414367096511,0.0233480910607948,-2.45234941666632,"GABAergic","Slc30a101"
"Dnmt11",0.212485827491087,7.6081359386426,2.53745783848045,0.0128706254839162,0.0430513194957229,-3.08340563605073,"GABAergic","Dnmt11"
"Gucd11",0.212320288794667,7.55432216834792,3.00182499133272,0.00346514850454573,0.016044361506101,-2.00056530522323,"GABAergic","Gucd11"
"Irs21",0.21206039938288,7.55705648836461,2.92363334946137,0.00436693533072234,0.0191350760312863,-2.20114892747,"GABAergic","Irs21"
"H6pd1",0.211974376269139,7.53649222529131,2.56384397053982,0.0119941558951323,0.041373372045882,-3.08474997333671,"GABAergic","H6pd1"
"Pgr1",0.211806523513956,7.58239826018201,2.54681053529643,0.0125535731616321,0.0423460018904724,-3.10330382505146,"GABAergic","Pgr1"
"Snx91",0.211781570325607,7.53195562666025,2.78094358118548,0.00658957843900331,0.026322685980101,-2.58899131970819,"GABAergic","Snx91"
"Sap301",0.211540055023892,7.51229294743823,3.18399456848035,0.00199002519773704,0.0104277651480422,-1.54105991131546,"GABAergic","Sap301"
"Ttll111",0.211537004378188,7.55920822359787,2.84988340509912,0.005411065743107,0.0226908106411181,-2.38716046326398,"GABAergic","Ttll111"
"Slco1c11",0.211300011914704,7.45855047697978,3.78702466990509,0.000273465439980326,0.00239225288016123,0.21481322818496,"GABAergic","Slco1c11"
"Pcp21",0.211265938196416,7.45458693949382,3.76003590823096,0.000300258930169438,0.00256431304633519,0.128110339899345,"GABAergic","Pcp21"
"Polk1",0.210987302025543,7.51025402851684,3.25432826077373,0.00159719127125806,0.00877062704622394,-1.34619172785835,"GABAergic","Polk1"
"Slc20a21",0.2109399406472,7.51364720778448,3.31335201336927,0.00132481360291395,0.00765874194139927,-1.17734338669619,"GABAergic","Slc20a21"
"Reps11",0.210676359016704,7.53208948530599,2.87780106181881,0.00499145072163657,0.0212769463219188,-2.34299787475544,"GABAergic","Reps11"
"Bysl1",0.210600700193407,7.51297955437313,3.15448428302169,0.00218030163590453,0.011231362626674,-1.62152655891701,"GABAergic","Bysl1"
"Fam84a1",0.210576878715629,7.51815259845911,3.02189554548989,0.00326324947224549,0.0152531182196202,-1.97298673934167,"GABAergic","Fam84a1"
"C2cd4b1",0.210461322839125,7.49200797761676,3.10488700831034,0.00253872184908313,0.012516743300548,-1.76666547824236,"GABAergic","C2cd4b1"
"Pcdhb201",0.210364174266813,7.49251571753067,2.92593167493449,0.00433760002731249,0.0190783191031801,-2.23975909405265,"GABAergic","Pcdhb201"
"Tha11",0.210280639114336,7.55575428051611,2.8646261962914,0.0051856013698713,0.0219388031249949,-2.35106974657188,"GABAergic","Tha11"
"C1galt11",0.210156840749624,7.51684608721587,2.9044891225703,0.00461848488454535,0.0199311593321746,-2.28317792078154,"GABAergic","C1galt11"
"Med181",0.21003262616832,7.50970257036304,3.22743969641062,0.00173792035944128,0.00930807090471162,-1.4215306797774,"GABAergic","Med181"
"A230072E10Rik1",0.209899479689238,7.4930766767392,2.90684789398937,0.00458678644503034,0.0198351352035864,-2.28827901608318,"GABAergic","A230072E10Rik1"
"Mterf41",0.209505035447025,7.56598350391473,2.64786951951012,0.00954993938015778,0.0346188737760713,-2.87303647520874,"GABAergic","Mterf41"
"Tmem1011",0.209491381573499,7.55359465235388,2.57071498817933,0.0117749276232747,0.0409295704388497,-3.06005758714203,"GABAergic","Tmem1011"
"Rassf41",0.209303821891083,7.51884375419854,3.02413723710585,0.00324138862983049,0.0151678204197529,-1.96698358892031,"GABAergic","Rassf41"
"Xlr3a",0.209111112581192,7.49239967292736,3.10052761492702,0.00257271419132902,0.0126551899228214,-1.77814047095594,"GABAergic","Xlr3a"
"Dnal41",0.209007835532286,7.58500887700434,2.57040562421918,0.0117847200636703,0.0409435306712696,-3.04564615666036,"GABAergic","Dnal41"
"Zdhhc181",0.20896502894264,7.50513974286994,3.43432554180029,0.000896925948907117,0.00570635160524391,-0.831786668437158,"GABAergic","Zdhhc181"
"Adam121",0.208952093921492,7.49258688529147,3.09453506412943,0.00262013187926347,0.0127979066626917,-1.79414281081905,"GABAergic","Adam121"
"Jade11",0.208913113105889,7.51555370498384,3.13939558927158,0.00228401550007577,0.0115968559118093,-1.6619066385427,"GABAergic","Jade11"
"Itgb1bp11",0.208772748840095,7.6048544496133,2.57492623489975,0.0116423548132249,0.0405746506828612,-3.00729792256222,"GABAergic","Itgb1bp11"
"Slc25a221",0.208374098969786,7.61431772420455,2.61827286116983,0.0103540005680601,0.0369907388417053,-2.90875679514256,"GABAergic","Slc25a221"
"Oma11",0.207734635597791,7.49212456510071,3.03599926532168,0.00312795170879412,0.0147245170686396,-1.95169133313001,"GABAergic","Oma11"
"Zfp9741",0.207680686207659,7.49218449883501,3.03396639227533,0.00314712718718749,0.0147816410055931,-1.95703314275373,"GABAergic","Zfp9741"
"1700040D17Rik1",0.207602740954982,7.51215466789941,2.81284108048565,0.00601782491722523,0.0246365097439994,-2.51677672676164,"GABAergic","1700040D17Rik1"
"Nme71",0.207465188079227,7.55190227258699,2.57517581125552,0.0116345404025655,0.0405652695633047,-3.05373300196251,"GABAergic","Nme71"
"Gm303821",0.207461717609229,7.61756802109363,2.62010536701534,0.0103024912912548,0.036838376471112,-2.89747944328569,"GABAergic","Gm303821"
"Bmp11",0.207319827511978,7.50150821042462,3.48386397657428,0.00076252497542837,0.00504491970350377,-0.687959374048496,"GABAergic","Bmp11"
"Etohd21",0.207259578502759,7.4921271431606,3.09333482702051,0.00262972617489539,0.0128372324845915,-1.79723345638574,"GABAergic","Etohd21"
"Helb1",0.207137165862662,7.49436687508079,2.54442405055344,0.0126337988927315,0.0424847743330857,-3.16865265452622,"GABAergic","Helb1"
"Fam105a1",0.206974700110842,7.57476228809785,2.72110831881306,0.00779788273631365,0.0296140876784272,-2.69304183987759,"GABAergic","Fam105a1"
"Ezh21",0.206801687040507,7.51509510170818,2.82351309778457,0.00583691696516499,0.024107423937765,-2.48949155258241,"GABAergic","Ezh21"
"Cstf11",0.206351053368915,7.53943812971419,2.58846365447321,0.0112252579648017,0.0394654129451875,-3.04399390725316,"GABAergic","Cstf11"
"Upf11",0.20599525766588,7.51504121221381,2.86798602123604,0.00513544122242468,0.0217742016421689,-2.37666574660263,"GABAergic","Upf11"
"Ahcy1",0.205852595300682,7.50176861492506,3.44441353752316,0.000867865542565847,0.00557212142696329,-0.804057054141965,"GABAergic","Ahcy1"
"Cyb561d11",0.205470520999343,7.51384960168111,2.86576026327449,0.00516862034341273,0.021892774198376,-2.38431241770628,"GABAergic","Cyb561d11"
"Cnpy41",0.20541502278672,7.49446856827248,2.81100196898401,0.00604951465568096,0.0247340915668981,-2.52893248543532,"GABAergic","Cnpy41"
"Alg61",0.205405042735845,7.5823270135861,2.59920218809514,0.0109040434001906,0.0385953315297563,-2.97918677485796,"GABAergic","Alg61"
"Cyb5d11",0.205370248443107,7.51094350519802,3.09772546596615,0.00259478678988872,0.012723444605772,-1.77657521580444,"GABAergic","Cyb5d11"
"Gm368391",0.205369739366922,7.51196127616073,3.11927183276804,0.00242949584273607,0.01213014630636,-1.7174499168209,"GABAergic","Gm368391"
"Pik3cb1",0.205314127664279,7.51188737415266,2.49091952391063,0.0145578303618901,0.0472763570685045,-3.26396117674533,"GABAergic","Pik3cb1"
"Vgll41",0.205232442063434,7.51822101279418,2.81232628781708,0.00602667995583485,0.0246567351099875,-2.51135067652122,"GABAergic","Vgll41"
"Arf21",0.205066951920028,7.56494530211211,2.53652892385279,0.012902505201296,0.043112163931227,-3.13128907958138,"GABAergic","Arf21"
"Glcci11",0.205011590999881,7.5030292057105,2.85804003763505,0.00528523670336388,0.0223191842950971,-2.40386115894762,"GABAergic","Glcci11"
"Gm139741",0.204777436754067,7.51516621246627,2.85229960497536,0.00537350835879443,0.022593486246907,-2.41615734132803,"GABAergic","Gm139741"
"Gsk3a1",0.204449108908577,7.52228183932634,2.69534957022916,0.0083776318248312,0.0312616783712702,-2.79947652353428,"GABAergic","Gsk3a1"
"Vrk31",0.204222438841875,7.50974448651406,3.11482271427165,0.00246280260157867,0.0122721219826292,-1.73081996210515,"GABAergic","Vrk31"
"Pcdhgc41",0.204001900618565,7.55954399511406,2.47121833330595,0.0153299422732564,0.0493638719656479,-3.28129353788004,"GABAergic","Pcdhgc41"
"Gm320141",0.2039335706352,7.49352311803729,3.19046318670094,0.00195044141000801,0.0102716180777052,-1.53244601920135,"GABAergic","Gm320141"
"Daglb1",0.203637798284036,7.55663665873339,2.69592029375609,0.00836437305738331,0.0312473331565414,-2.76636212006694,"GABAergic","Daglb1"
"Rasgrp3",0.203393630107483,7.45024370675656,3.64021920490992,0.00045238010642498,0.00341031250786084,-0.247018025393682,"GABAergic","Rasgrp3"
"Stat21",0.20329245838481,7.50669260299129,3.26092128459031,0.00156435098715269,0.00864495907983645,-1.32932826556713,"GABAergic","Stat21"
"Ints5.11",0.203105940440834,7.51162354596861,3.04633673703552,0.00303210577984129,0.0143591866573913,-1.91411511856846,"GABAergic","Ints5.11"
"Sertm11",0.202963329277529,7.51714681173783,2.7740437008813,0.00671961281379959,0.0266177804424086,-2.60948913591462,"GABAergic","Sertm11"
"Rassf21",0.202962445923856,7.48974312245786,3.16679829128159,0.00209892985163583,0.0108852282178084,-1.59947628943849,"GABAergic","Rassf21"
"Selenop1",0.202917903737627,7.51038855667281,2.81567504629594,0.00596929037088306,0.0245014462593037,-2.52088150360713,"GABAergic","Selenop1"
"Gnpnat11",0.20266310243811,7.55643841272386,2.57164929365506,0.0117453981392335,0.040860751273108,-3.05784173861293,"GABAergic","Gnpnat11"
"Tchh1",0.202558626491971,7.49119585434299,3.08058361568104,0.00273369035327105,0.0132243845545912,-1.83144189652535,"GABAergic","Tchh1"
"Gm477101",0.201758451646464,7.51903627336127,2.65762055267632,0.00929769469542998,0.0338408148160449,-2.89078667295075,"GABAergic","Gm477101"
"4930481A15Rik1",0.201723070525579,7.49305012571342,2.92127184142791,0.00439726741037377,0.0192134504226425,-2.25129973479907,"GABAergic","4930481A15Rik1"
"Hadh1",0.20166296286466,7.49311756467877,2.91895102668322,0.00442726582203845,0.0192776590253088,-2.25720766728272,"GABAergic","Hadh1"
"Cbln3",0.20164685267107,7.44972913488535,3.60793857785989,0.000504472319358723,0.00372063103452098,-0.346332355415396,"GABAergic","Cbln3"
"Heatr11",0.201602744390967,7.59523902842658,2.67608750458967,0.00883647883950696,0.0324433471119992,-2.77678466993247,"GABAergic","Heatr11"
"Myadml21",0.201447855963159,7.49151713443484,3.11008970147767,0.00249870052786077,0.012392177381678,-1.75258305113857,"GABAergic","Myadml21"
"Dnah7b1",0.201355049648962,7.49385579651077,2.90598058292034,0.00459841848152894,0.0198717933488234,-2.28960590150187,"GABAergic","Dnah7b1"
"Ptrh21",0.20129969313366,7.54627813078029,2.98468965860196,0.00364660157896473,0.0167015451802631,-2.04893272682401,"GABAergic","Ptrh21"
"Eefsec1",0.200857718983041,7.55742952522405,2.72826844753884,0.00764335119736648,0.0291502558380943,-2.68595267405274,"GABAergic","Eefsec1"
"Ubtd21",0.200720200286475,7.49149269639013,3.05121277048405,0.00298784823733115,0.0142137176154307,-1.91125113333635,"GABAergic","Ubtd21"
"Ppp1r3c",0.200679541580452,7.49048984096748,3.1446113603198,0.00224765556965001,0.0114676861931475,-1.65913193077897,"GABAergic","Ppp1r3c"
"Trim411",0.200672357681258,7.51167520610747,2.81005395157726,0.0060659095679623,0.0247689668809144,-2.52522786904462,"GABAergic","Trim411"
"Pdcl1",0.200659405729128,7.53525107106462,2.46966234607061,0.0153924573124983,0.049468460128432,-3.29986489513685,"GABAergic","Pdcl1"
"2700081O15Rik1",0.200627239818415,7.48922497998378,3.16107955342896,0.00213636104427007,0.0110439548578218,-1.61483965675167,"GABAergic","2700081O15Rik1"
"Lyplal11",0.200573599191532,7.49065603529425,3.10011033189821,0.00257599004333575,0.0126559074008972,-1.77924658362313,"GABAergic","Lyplal11"
"Wdr911",0.200557931325111,7.53935476260378,2.56437567293449,0.0119770608877276,0.0413696287366891,-3.08239522316671,"GABAergic","Wdr911"
"Lrrc38",0.200542381173637,7.49170320864852,3.04430784994414,0.00305069951619609,0.0144156314025802,-1.92945783194897,"GABAergic","Lrrc38"
"Zfp7901",0.200434500249465,7.48955329666041,3.12520884306335,0.00238570297912035,0.0119756950291293,-1.71220653190403,"GABAergic","Zfp7901"
"Tll11",0.200371835971131,7.49073943952643,3.1353935763382,0.00231228467817422,0.011716753857989,-1.68404043404438,"GABAergic","Tll11"
"Hibch1",0.200221699140829,7.49266377729828,2.92434311717651,0.00435785656408367,0.0191208356453368,-2.24352615530447,"GABAergic","Hibch1"
"Fam216a1",0.200135172326243,7.57534616884852,2.55849316327577,0.0121674201272228,0.0416170150704091,-3.0739310232202,"GABAergic","Fam216a1"
"Zfp9751",0.199990185270185,7.49330706693107,2.92581542201578,0.00433907948167111,0.0190783191031801,-2.23852661638179,"GABAergic","Zfp9751"
"Bud131",0.199886021787683,7.55895431497164,2.71445823113627,0.00794394952743013,0.030042009065457,-2.71924491639208,"GABAergic","Bud131"
"Parva1",0.19985440937162,7.49070338193957,3.1205658152417,0.00241988784876309,0.012110699682336,-1.7245592209086,"GABAergic","Parva1"
"Golm11",0.199838936413746,7.49031927455872,3.105051379363,0.00253744837275171,0.0125153630194022,-1.76607213754397,"GABAergic","Golm11"
"Adora11",0.199755066651161,7.49278674019652,2.93438942180007,0.00423120417110599,0.0187413779688545,-2.2167303183258,"GABAergic","Adora11"
"2700046G09Rik1",0.199740120693208,7.49100521112871,3.13939495334277,0.00228401996643637,0.0115968559118093,-1.67299504612788,"GABAergic","2700046G09Rik1"
"Man1c11",0.199525414757208,7.53691841576093,2.6662909225074,0.00907849728481378,0.0332061063579556,-2.8453086674799,"GABAergic","Man1c11"
"Gstm11",0.199382336408337,7.59320240764915,2.50759703921279,0.0139316588984642,0.0457381045462478,-3.16883715138698,"GABAergic","Gstm11"
"Wdr251",0.199038894697257,7.4906622484881,3.10223225347831,0.00255937222094588,0.0126037575712491,-1.77398428779519,"GABAergic","Wdr251"
"Calr3",0.198838391536335,7.49082493594922,3.11711515145702,0.00244558839692849,0.0121959924925211,-1.73375501693266,"GABAergic","Calr3"
"Stk38l1",0.198766916660465,7.55913204942587,2.579361368214,0.011504190691152,0.0403222844007906,-3.03969505040634,"GABAergic","Stk38l1"
"Fam131c1",0.198669052399225,7.4910539660573,3.11025874790887,0.00249741004591608,0.0123906555133536,-1.75214042612762,"GABAergic","Fam131c1"
"Nxph21",0.198628820591038,7.49133043548126,3.09513942597525,0.00261531313460748,0.0127842838791814,-1.79217979445861,"GABAergic","Nxph21"
"Spata331",0.198603233899401,7.48978651114951,3.06111450250097,0.00289981239210735,0.0138682371690874,-1.88559477883985,"GABAergic","Spata331"
"Ppat1",0.198487465413355,7.55460073989341,2.68131581563777,0.0087097284286324,0.0321466302418641,-2.80093601534844,"GABAergic","Ppat1"
"Cdc42ep21",0.198435983011429,7.49162042062816,3.11186775160033,0.00248515807489695,0.0123639558726212,-1.74699115092392,"GABAergic","Cdc42ep21"
"Zfp2731",0.198347585198567,7.4895060085898,3.14741889866143,0.00222830770025489,0.0114059293377127,-1.65181794572971,"GABAergic","Zfp2731"
"Srgap11",0.198306488755787,7.50847266847756,3.09327300449433,0.00263022124654525,0.0128372324845915,-1.78969301462701,"GABAergic","Srgap11"
"Gabpb11",0.198260132505459,7.55116786152157,2.46621172747657,0.0155319076344163,0.0497977705448568,-3.30042570891785,"GABAergic","Gabpb11"
"Nrbf21",0.198196377040342,7.5552187063761,2.69089234942427,0.00848183897588246,0.0315272132130987,-2.77935701154341,"GABAergic","Nrbf21"
"Zfp1101",0.198091231577335,7.49470815916624,2.80525877706444,0.00614946186304184,0.0250047679434274,-2.54303298382681,"GABAergic","Zfp1101"
"Stk11ip1",0.197956414034174,7.49114469771883,3.10936049668678,0.00250427430726821,0.0124051684815799,-1.75395672156763,"GABAergic","Stk11ip1"
"1700030J22Rik1",0.197803027993811,7.49175909105287,2.94458008739965,0.00410620653541142,0.0184208987630262,-2.19087925804229,"GABAergic","1700030J22Rik1"
"Nacad1",0.197525059977373,7.51679855615605,2.65886220528996,0.00926601248527094,0.0337352483459416,-2.88911149179288,"GABAergic","Nacad1"
"mt-Atp8",0.197377501267155,7.44739604818766,3.51775675647656,0.000681779217128795,0.00460502562904634,-0.620462720663101,"GABAergic","mt-Atp8"
"Ctf11",0.197351047404916,7.49078919183737,3.10872675112936,0.00250912781880468,0.0124243251310859,-1.75631623438408,"GABAergic","Ctf11"
"Gldc1",0.197274714732438,7.49452931936055,2.81014899588904,0.00606426404864782,0.0247689668809144,-2.53139117646193,"GABAergic","Gldc1"
"B4galt51",0.197134283093124,7.51815390745294,2.66243634823997,0.00917535998550895,0.0334826215925424,-2.87993841300877,"GABAergic","B4galt51"
"Rtl51",0.196965819166754,7.49098215096441,3.1105242211833,0.00249538470287429,0.0123854850678122,-1.75083753029624,"GABAergic","Rtl51"
"B930094E09Rik",0.196942404272531,7.48918770582467,3.11111447940599,0.00249088698981913,0.0123777922724858,-1.75015389991755,"GABAergic","B930094E09Rik"
"Mfsd31",0.196832047796681,7.49628288879126,2.93814300519094,0.00418476054637329,0.0186219916246232,-2.20627675748398,"GABAergic","Mfsd31"
"Dnajc121",0.196738278906043,7.49030681844681,3.11147715077099,0.00248812720794579,0.0123738406784418,-1.74859747136286,"GABAergic","Dnajc121"
"Gm154941",0.196523615515245,7.49073659497238,3.10043636881204,0.00257343018177697,0.0126551899228214,-1.77810903936498,"GABAergic","Gm154941"
"Zfp8671",0.196325738976404,7.48990240324989,3.15335301380945,0.0021879227377087,0.0112540884960868,-1.63528405543307,"GABAergic","Zfp8671"
"Slc25a531",0.19623135998784,7.49180003550766,2.94363826077829,0.00411761439661936,0.0184247591505114,-2.1941674451466,"GABAergic","Slc25a531"
"Pth1r1",0.196088211712119,7.49041420306579,3.13004315774813,0.00235058766498909,0.0118624051988828,-1.69827573223577,"GABAergic","Pth1r1"
"Gm169731",0.196055890387806,7.4908406886067,3.06654699035674,0.0028525408654045,0.0136889361072383,-1.87047184479256,"GABAergic","Gm169731"
"Gm122791",0.195885619916611,7.49037190152307,3.06970535126736,0.00282538773747991,0.0135793244292386,-1.86227337549488,"GABAergic","Gm122791"
"Frat11",0.195816838582817,7.49272610439883,2.8350629082673,0.00564675478349326,0.0234604782347179,-2.47013898134315,"GABAergic","Frat11"
"Prrg31",0.195673059389961,7.53510357931907,2.70393406742733,0.00818020524064312,0.0307691983924698,-2.75794337187168,"GABAergic","Prrg31"
"Gm173821",0.19566405305271,7.48968644639246,3.07103957804229,0.00281398933617696,0.0135375359495258,-1.85904895792347,"GABAergic","Gm173821"
"Rmnd5b1",0.195603971628057,7.55808243570234,2.49695147619856,0.0143285012834687,0.0467122491376436,-3.22489276544937,"GABAergic","Rmnd5b1"
"Olfr7841",0.195570872015754,7.49300767078599,2.91585303733909,0.00446760367156154,0.0194331503627972,-2.26453345378068,"GABAergic","Olfr7841"
"Panct21",0.195324859339661,7.49065024901497,2.95729073642352,0.00395507431596072,0.0178701833422372,-2.15902755433634,"GABAergic","Panct21"
"Zfp9651",0.194958362353122,7.51843117018658,2.53000791723854,0.0131283080120677,0.043635170455941,-3.18887949080378,"GABAergic","Zfp9651"
"Sh2b11",0.194936669735443,7.49010043530742,2.96419282441632,0.00387517450613117,0.0175532446075996,-2.14178011796274,"GABAergic","Sh2b11"
"Rbm15b1",0.194914074620647,7.49284616629139,2.94354314565623,0.00411876810096373,0.0184247591505114,-2.19296743862503,"GABAergic","Rbm15b1"
"Myl12a1",0.194446767777477,7.49252487858958,2.93850603443586,0.00418029375519519,0.0186219916246232,-2.20629922125518,"GABAergic","Myl12a1"
"Pgd1",0.194402430322755,7.48985737379258,3.05469066609477,0.00295664782076497,0.0140972341401121,-1.90246372049801,"GABAergic","Pgd1"
"Tdp11",0.194372760659471,7.51625579339876,2.75823147466623,0.00702649669205348,0.0274713776628795,-2.64878752108135,"GABAergic","Tdp11"
"AI1974451",0.19437107636786,7.49196036442523,2.92642934068587,0.0043312719017236,0.0190639525318002,-2.23735356600397,"GABAergic","AI1974451"
"Pelo1",0.194347351876397,7.4899428539611,3.05222313064736,0.00297875290989371,0.0141865218926015,-1.90897505429549,"GABAergic","Pelo1"
"Zfp4461",0.194062124511846,7.53496626707038,2.63810914572913,0.009808621993786,0.035332917144902,-2.91378209253578,"GABAergic","Zfp4461"
"Gna131",0.193781791129656,7.51518156312514,2.53897594777693,0.012818677484226,0.0429583428621252,-3.17330983505876,"GABAergic","Gna131"
"Tmem250-ps1",0.193644196874388,7.49114369455609,2.92792102100394,0.00431235520609424,0.0190205667125943,-2.23412204428403,"GABAergic","Tmem250-ps1"
"Arhgap311",0.193637100727753,7.49701776261499,2.8132845318624,0.00601020658726616,0.0246133200194382,-2.52241328758602,"GABAergic","Arhgap311"
"1110017D15Rik1",0.193540942260104,7.48927189324829,3.10958446393176,0.00250256115313524,0.0124015589480899,-1.75457176136584,"GABAergic","1110017D15Rik1"
"Pdlim3",0.193365452611334,7.49227334120256,2.90052836971632,0.00467216553013289,0.0201077106877636,-2.30358484709624,"GABAergic","Pdlim3"
"Ccdc511",0.193358984090797,7.49091779119993,2.96724444331423,0.00384032582512381,0.0174267234939066,-2.13254108326224,"GABAergic","Ccdc511"
"L2hgdh1",0.193264751317172,7.51138389105854,2.77965297115046,0.00661372486093094,0.0263566597021412,-2.60045570390662,"GABAergic","L2hgdh1"
"Cenpj1",0.193208271008117,7.48936390470639,3.08005166901294,0.00273810930657868,0.0132355959075102,-1.8349847834966,"GABAergic","Cenpj1"
"Ino80e1",0.19317768655445,7.54863925346922,2.85602924534991,0.00531600438080631,0.0224190516186867,-2.37620440079144,"GABAergic","Ino80e1"
"Syt171",0.193085758343321,7.4902998561429,2.96535475325844,0.00386187130333481,0.0175055749579376,-2.13824685995161,"GABAergic","Syt171"
"Mettl151",0.192528138475846,7.51425041498878,2.72217133920281,0.0077747619440018,0.0295530103224474,-2.73768149022797,"GABAergic","Mettl151"
"A330070K13Rik1",0.192480065580493,7.49183426887292,2.92566143592833,0.00434103985066434,0.019080278785352,-2.24022782911666,"GABAergic","A330070K13Rik1"
"Spin2c1",0.19247398816943,7.4889657320597,3.14544450037862,0.00224189780354203,0.011452224911281,-1.65695914148104,"GABAergic","Spin2c1"
"Fam189a21",0.192419600525036,7.49097923351186,2.95495029793228,0.0039825110714447,0.0179683710483484,-2.16520029892183,"GABAergic","Fam189a21"
"Gm486531",0.192396517343728,7.4910311929061,2.93302034799521,0.00424826186412698,0.018809590052002,-2.22172898292803,"GABAergic","Gm486531"
"Kdm1b1",0.192384945543016,7.48851334513354,3.14774140590843,0.00222609513518724,0.0113992359422576,-1.65108889109594,"GABAergic","Kdm1b1"
"Nlrc5",0.192363201523025,7.49228432892375,2.92764332416302,0.00431587103104783,0.0190242515075031,-2.23424966934452,"GABAergic","Nlrc5"
"Psmg31",0.19231573674245,7.4923621600839,2.92538193820169,0.00434460017098551,0.0190867615564148,-2.24001141345358,"GABAergic","Psmg31"
"Abi3bp1",0.1922802436661,7.51782703778251,2.8273591459832,0.00577295144774301,0.0238902330444214,-2.4738740192705,"GABAergic","Abi3bp1"
"Dnajc251",0.192180478848607,7.5394851759615,2.6062945703575,0.0106964713887098,0.0379950188622521,-2.98525347617857,"GABAergic","Dnajc251"
"Harbi11",0.192058759305292,7.49180464054305,2.93989809389316,0.00416320627546902,0.0185576466567881,-2.2032579149287,"GABAergic","Harbi11"
"Zfp591",0.192023741855914,7.4920641571878,2.94412785855306,0.00411168050716956,0.0184247591505114,-2.19193536281151,"GABAergic","Zfp591"
"Nog1",0.192021226852252,7.53315521987975,2.77489408312171,0.00670346089005754,0.0265880027808737,-2.58604700969672,"GABAergic","Nog1"
"Zfp4541",0.191990232897985,7.49248386458637,2.93991840161697,0.00416295747628588,0.0185576466567881,-2.20235001566821,"GABAergic","Zfp4541"
"Gm46731",0.191899732659841,7.49306318774395,2.80251860420573,0.00619767902511844,0.0251228866840189,-2.55039393753,"GABAergic","Gm46731"
"Them41",0.19183695660865,7.55127257941199,2.55797620121474,0.0121842787184299,0.0416626924582141,-3.09392125401697,"GABAergic","Them41"
"Rab3ip1",0.191769420677504,7.54208181322145,2.46522750558735,0.0155718897362272,0.0499005583839365,-3.30379354999065,"GABAergic","Rab3ip1"
"Spag11",0.191551153524727,7.51400508914302,2.53783118759878,0.0128578323683127,0.0430199506888803,-3.17660006518657,"GABAergic","Spag11"
"H2-DMa1",0.191370193387118,7.48895617526089,3.18477946553648,0.00198518248695713,0.0104153868339021,-1.54905930401611,"GABAergic","H2-DMa1"
"Slc35e41",0.191327805321629,7.49363765991666,2.81399438508577,0.0059980299567161,0.0245794350568486,-2.52210184401295,"GABAergic","Slc35e41"
"Gm457991",0.191253224316863,7.48817605500765,3.14903926666931,0.00221721181745011,0.0113660007639258,-1.64766547936992,"GABAergic","Gm457991"
"Sh3bgr",0.190795773637951,7.48960260283655,3.10577491287913,0.00253184980353655,0.0125024351137397,-1.76400124803977,"GABAergic","Sh3bgr"
"Tmem1431",0.190771373368144,7.54350742833506,2.47314338568998,0.0152529137647289,0.0491660580077508,-3.28477203746263,"GABAergic","Tmem1431"
"Tprkb1",0.190233963838713,7.55084118686286,2.62654192661506,0.0101234003720084,0.0362800780899546,-2.9330729430115,"GABAergic","Tprkb1"
"Fancc1",0.190206860457944,7.49116459037214,2.926822218206,0.00432628223362307,0.0190486463813177,-2.2371448089695,"GABAergic","Fancc1"
"Amer11",0.190189367788336,7.51693820803768,2.6274170544613,0.0100992696312968,0.036245156565654,-2.96324072559328,"GABAergic","Amer11"
"Rapsn1",0.190094377215466,7.49322611553606,2.74570723245022,0.00727858879003511,0.0281281323535743,-2.69100948842199,"GABAergic","Rapsn1"
"BC0484031",0.189975243313968,7.5089424701032,2.81758793120267,0.00593673323544012,0.0244222168535882,-2.50805462038354,"GABAergic","BC0484031"
"Qtrt21",0.189962216551346,7.53414637390001,2.67789159667968,0.00879255401421757,0.0323255678527199,-2.81975317131771,"GABAergic","Qtrt21"
"Hs3st41",0.189948045874448,7.49222615599272,2.82477988618479,0.00581577700412532,0.0240437620351056,-2.49555753582969,"GABAergic","Hs3st41"
"Rsl11",0.189853498148637,7.49153474772336,2.91960318706187,0.00441881713093577,0.0192675110413285,-2.25516197695525,"GABAergic","Rsl11"
"Itgbl1",0.189747258120534,7.49419365047125,2.80847424414594,0.00609331926480964,0.0248647692837082,-2.53511345579169,"GABAergic","Itgbl1"
"Cited41",0.18972155350631,7.49321422526024,2.77963978279218,0.00661397202289566,0.0263566597021412,-2.60813891592178,"GABAergic","Cited41"
"Adam331",0.189712439773061,7.48513089897536,3.173914138154,0.00205320777428456,0.0106832954699143,-1.5813967194236,"GABAergic","Adam331"
"Lurap11",0.189658700321714,7.51331134894633,2.52736948772366,0.0132206738120939,0.0438727154928732,-3.20085885394834,"GABAergic","Lurap11"
"Scrt21",0.189637134552463,7.49042837251875,2.93131709225052,0.00426957172137045,0.0188781309140413,-2.22633592363864,"GABAergic","Scrt21"
"Gm143271",0.189569232702307,7.55260496307193,2.51561109796639,0.013639450566576,0.045001613092498,-3.18974224750141,"GABAergic","Gm143271"
"Nfkbib1",0.18938659135637,7.53093735657735,2.64769320216093,0.00955455700528542,0.034625648617831,-2.89331906728991,"GABAergic","Nfkbib1"
"Nck21",0.189288595584949,7.48425435869853,3.17615723883655,0.00203898863297319,0.0106274397260162,-1.5757870162829,"GABAergic","Nck21"
"Lsp11",0.189186610552663,7.49449518403004,2.96800721285979,0.00383166052790553,0.0173999378767217,-2.12857852174906,"GABAergic","Lsp11"
"Btg21",0.188815545799389,7.49094993027141,3.0304471331029,0.00318058101160787,0.0149220778410519,-1.96707375818778,"GABAergic","Btg21"
"Aacs1",0.188695970955937,7.51695699811247,2.52682011482359,0.013239979496477,0.0439252098280539,-3.19707661591874,"GABAergic","Aacs1"
"Ppp1r15a1",0.18861920909847,7.49390666015998,2.74845499741039,0.00722258471704729,0.0279947383632753,-2.68402005717989,"GABAergic","Ppp1r15a1"
"Lrrc91",0.188589689770136,7.49216323727297,2.8061390415691,0.00613404540883834,0.0249581944493335,-2.54223061963417,"GABAergic","Lrrc91"
"Sec24d1",0.188537962654447,7.4847033917426,3.15570065506464,0.0021721348166753,0.0112003202151694,-1.63151118309936,"GABAergic","Sec24d1"
"Hscb1",0.18821491318347,7.4942852212084,2.89581225207303,0.00473683242277129,0.0203304524802896,-2.31187491881415,"GABAergic","Hscb1"
"Tmem691",0.188155971940002,7.52864914857145,2.74426884886737,0.00730806315122628,0.028213199974256,-2.66233409857701,"GABAergic","Tmem691"
"Mark21",0.188125947546678,7.5502780006866,2.69399450460675,0.00840918862478915,0.0313126068892902,-2.77367544354799,"GABAergic","Mark21"
"Ifit21",0.188106032544741,7.49092168527258,2.93800083030257,0.00418651109636682,0.0186219916246232,-2.20845746413267,"GABAergic","Ifit21"
"Katnal21",0.188031781607902,7.51418267607012,2.54400210676061,0.0126480311501312,0.0425099382065641,-3.15979895721673,"GABAergic","Katnal21"
"Tctn11",0.187901895904028,7.4907786728554,2.93682407503465,0.00420102602057256,0.0186536217064337,-2.21156038100985,"GABAergic","Tctn11"
"Cln51",0.187760093223707,7.49115567379269,2.93692363060248,0.00419979623791737,0.0186536217064337,-2.21059975383839,"GABAergic","Cln51"
"Vps37d1",0.187534263201298,7.53651974655622,2.57203792167985,0.0117331349102936,0.0408293647693284,-3.06545552163326,"GABAergic","Vps37d1"
"Tox21",0.18742640597948,7.55487751594081,2.5293664091023,0.0131507123149676,0.0436750653919447,-3.15285052494021,"GABAergic","Tox21"
"Nrde21",0.187389158094556,7.49132001807238,2.92357212035452,0.00436771933927878,0.0191350760312863,-2.24502323510562,"GABAergic","Nrde21"
"Nnt1",0.187366229016768,7.53436543735041,2.59328370195085,0.0110800370101801,0.0390857536312627,-3.01795911592809,"GABAergic","Nnt1"
"A730081D07Rik1",0.187300184080761,7.48623332779792,3.10597220661055,0.0025303251749621,0.0124998063643128,-1.76581391757211,"GABAergic","A730081D07Rik1"
"Arid3a1",0.187235397564928,7.49328796880901,2.81522010129222,0.00597705752987491,0.0245174189852928,-2.51876274960664,"GABAergic","Arid3a1"
"Erf1",0.187153055115985,7.49255363629447,2.74916413223176,0.00720819531710676,0.0279503573940355,-2.68292804346655,"GABAergic","Erf1"
"Snx81",0.187088479726819,7.53773510030668,2.5234530193353,0.0133588581297111,0.0442613192687982,-3.17587434625938,"GABAergic","Snx81"
"Ccno1",0.18704931112697,7.49279052068906,2.74271537010306,0.0073400182043178,0.0283192065297983,-2.69848644693171,"GABAergic","Ccno1"
"Slc22a41",0.187007599752472,7.51516183604723,2.52097446073562,0.0134469779596409,0.0444714049245462,-3.21144450641798,"GABAergic","Slc22a41"
"Tagap11",0.186976902532302,7.51288213287531,2.50082541420843,0.0141829313743206,0.0463095869679412,-3.2584983906973,"GABAergic","Tagap11"
"Polrmt1",0.186778477595274,7.48553684332973,3.12501060395382,0.00238715330778309,0.0119756950291293,-1.71441522266152,"GABAergic","Polrmt1"
"Mta11",0.186489662110681,7.49205325886148,2.83207370044876,0.00569541811175555,0.0236237016640713,-2.47778000501746,"GABAergic","Mta11"
"Zfp3841",0.186448646381454,7.53840825782728,2.57569561323185,0.0116182802224013,0.0405304558187731,-3.05680377510121,"GABAergic","Zfp3841"
"Fam43b1",0.186322728337415,7.48936927319055,2.97799186586599,0.00371988486645775,0.016959605379214,-2.10517434192645,"GABAergic","Fam43b1"
"Ift271",0.186197840631485,7.48908843115093,2.94703807902062,0.00407657134221753,0.0183205740984353,-2.18612077291553,"GABAergic","Ift271"
"Rwdd31",0.186083608000956,7.49017874597666,2.93585342166255,0.00421303364868653,0.0187003470304807,-2.21384992207738,"GABAergic","Rwdd31"
"Cartpt1",0.185703136815065,7.4974115965042,2.71048280830152,0.0080324534891007,0.030333902591357,-2.7711986258798,"GABAergic","Cartpt1"
"Ctbp21",0.185584523464138,7.53451906735523,2.65646848190918,0.00932717896475106,0.0339089389376534,-2.87015886622258,"GABAergic","Ctbp21"
"Dact21",0.185350081462267,7.51305288571213,2.54545345743477,0.0125991372207662,0.0423795277890499,-3.15727174496794,"GABAergic","Dact21"
"Wdr531",0.185132528187196,7.491529747654,2.81765094162214,0.00593566357613723,0.0244222168535882,-2.51397387593554,"GABAergic","Wdr531"
"AI8547031",0.18485745431472,7.49413009241728,2.51462422942333,0.0136751341548915,0.0450881151039728,-3.23732661518685,"GABAergic","AI8547031"
"Cdyl21",0.184844568682665,7.48414723660994,3.09857161862794,0.00258810314390592,0.0127055086920432,-1.78703430805184,"GABAergic","Cdyl21"
"Rhobtb11",0.184784272031576,7.5327819238518,2.66550117932954,0.00909826704758862,0.0332687576192957,-2.85020088344396,"GABAergic","Rhobtb11"
"Ift1401",0.184763242719717,7.51184258202865,2.57653491800509,0.011592068779911,0.0404726414691071,-3.08485754694588,"GABAergic","Ift1401"
"Ap5z11",0.18476005567061,7.53654380389129,2.5539036691547,0.0123178250725912,0.0419598816764282,-3.10629445129124,"GABAergic","Ap5z11"
"Ccdc1811",0.184731006950672,7.4891856849806,2.95057243098731,0.00403430457610812,0.0181630217102337,-2.17641003861816,"GABAergic","Ccdc1811"
"Calhm21",0.184700046827693,7.49011355976318,2.83552941050714,0.00563919476568831,0.0234445334862626,-2.46981605446543,"GABAergic","Calhm21"
"Ppp2r1b1",0.184671206517002,7.48996659689436,2.92901632708833,0.00429851363321533,0.0189861066751801,-2.23198934563381,"GABAergic","Ppp2r1b1"
"Fkbp91",0.184484308021662,7.48989817162792,2.93514065339826,0.00422187120864201,0.0187206470451231,-2.21579388456874,"GABAergic","Fkbp91"
"Ankrd271",0.184374323066153,7.49041802479486,2.92111949195645,0.00439923089294918,0.0192153646180585,-2.25171646349698,"GABAergic","Ankrd271"
"Snrnp251",0.184340273124289,7.525362908767,2.72999741601473,0.00760645687818654,0.0290183335234754,-2.70026931107304,"GABAergic","Snrnp251"
"Tmem1151",0.183794027536065,7.51415224697377,2.61770634699049,0.0103699715982709,0.0370372929468155,-2.9876877825157,"GABAergic","Tmem1151"
"Brf21",0.183776133991395,7.48875141501051,2.94084608633212,0.00415160659789832,0.0185387409832418,-2.20255951691068,"GABAergic","Brf21"
"Tmem1651",0.183765961465847,7.53208985248416,2.68206409079871,0.00869172365447511,0.0321145042027751,-2.81115287143176,"GABAergic","Tmem1651"
"Gm285351",0.183720796058946,7.48886404435766,2.93810383577848,0.00418524275836029,0.0186219916246232,-2.20955960589816,"GABAergic","Gm285351"
"Pus7l1",0.183677920704775,7.4854511985235,3.06410827193247,0.00287367254526843,0.0137798450905011,-1.87805715533288,"GABAergic","Pus7l1"
"Plekhm11",0.183618645420289,7.55383468210549,2.48760560139586,0.0146852177913177,0.0476286530682875,-3.2476525500856,"GABAergic","Plekhm11"
"Lipo31",0.183572835414672,7.489558954492,2.93033812492582,0.00428186437566349,0.0189258405404326,-2.22878789622929,"GABAergic","Lipo31"
"Zfp6871",0.183491340228978,7.48348041503389,3.07695171182087,0.0027639933124766,0.0133402389874589,-1.84552567680926,"GABAergic","Zfp6871"
"Inca11",0.183458841675839,7.53102086118197,2.78973069162152,0.0064273082405128,0.0258343337286981,-2.54963040492096,"GABAergic","Inca11"
"Zfhx41",0.183157109066174,7.50636765972731,2.77452058248435,0.00671055068330843,0.0265976794424665,-2.61473611758954,"GABAergic","Zfhx41"
"Crabp1",0.182427405515052,7.49148316394567,2.80417138370579,0.00616855482055348,0.0250662209917781,-2.54741516542834,"GABAergic","Crabp1"
"Lig41",0.182370559243672,7.4836229237543,3.03483929467332,0.0031388800563937,0.0147594147332555,-1.95854470363722,"GABAergic","Lig41"
"Ankrd91",0.182312787644128,7.53674425096207,2.53054133461068,0.0131097048495034,0.0435963442421317,-3.16033276427142,"GABAergic","Ankrd91"
"Nqo11",0.182098036225089,7.48477392270002,3.01609907496825,0.00332041084692245,0.0154629262250211,-2.00724678022938,"GABAergic","Nqo11"
"Thbs31",0.181124565624685,7.49113950860958,2.80378493946466,0.00617535324609249,0.0250857545440268,-2.54820187380855,"GABAergic","Thbs31"
"Wipi11",0.181019764218699,7.4866789610908,2.93200667911291,0.00426093228461551,0.0188531661360385,-2.22623747508705,"GABAergic","Wipi11"
"Cat1",0.180721032121969,7.48712486794579,2.92710615072932,0.00432267949955076,0.019046097815964,-2.23809205031281,"GABAergic","Cat1"
"Gm289051",0.180589567328899,7.48793765122103,2.91386416956547,0.00449367816738595,0.0195196082326072,-2.27152509300127,"GABAergic","Gm289051"
"6720489N17Rik1",0.180575703366936,7.48703782040533,2.91323953801145,0.00450189610078796,0.0195485643507845,-2.27449623146915,"GABAergic","6720489N17Rik1"
"Dok41",0.180537651949917,7.48772141492459,2.91559714525327,0.00447095064419774,0.0194342875310417,-2.26722646428348,"GABAergic","Dok41"
"Kcnh51",0.180091479408071,7.5335033997254,2.5467514381275,0.0125555542637862,0.0423460018904724,-3.12584125342704,"GABAergic","Kcnh51"
"Tbc1d22a1",0.180031657027149,7.53443476300477,2.55134756313984,0.0124023166634159,0.0421451262500809,-3.1138959734618,"GABAergic","Tbc1d22a1"
"Pde8a",0.179904034427676,7.48602395199836,2.93462797613628,0.00422823842052118,0.0187348291886406,-2.21963546451555,"GABAergic","Pde8a"
"Rec81",0.179896530408233,7.49146086929211,2.79922684249789,0.0062560595724691,0.0253156384305793,-2.55927052431312,"GABAergic","Rec81"
"Zfp4291",0.179843974707173,7.49268353353454,2.51368850831192,0.0137090457283793,0.045160263870396,-3.24024065455807,"GABAergic","Zfp4291"
"Dtwd11",0.179742339452981,7.4896672119331,2.83358906115096,0.00567070068372455,0.0235366775989714,-2.47521155865003,"GABAergic","Dtwd11"
"Pcdhga61",0.179388701886849,7.48638133894737,2.91927138927236,0.00442311368974306,0.019270505584162,-2.25885641588988,"GABAergic","Pcdhga61"
"Cast1",0.179106328884792,7.48704488636563,2.90132067411486,0.00466138158915835,0.020075016710642,-2.30458142113084,"GABAergic","Cast1"
"Dock12",0.178981801239265,7.48721796992289,2.88650822662694,0.00486682929978375,0.0208104034926598,-2.34192752465026,"GABAergic","Dock12"
"Klf161",0.178936267266296,7.49300447702779,2.49302331118861,0.0144774754329257,0.0471092527951565,-3.28644559351008,"GABAergic","Klf161"
"Pgam2",0.178691437421477,7.48512410261018,2.92309757434313,0.00437380006660083,0.0191441137730961,-2.24987737277634,"GABAergic","Pgam2"
"Tmem150c1",0.17859306765536,7.48541985480565,2.90388625045199,0.0046266188971519,0.0199525909782344,-2.29868062789257,"GABAergic","Tmem150c1"
"Satb21",0.178586836644159,7.49244515964085,2.88166391551906,0.00493580591959603,0.0210624482280322,-2.3481443309017,"GABAergic","Satb21"
"Gsn1",0.17855251096335,7.48555430628707,2.88280705208697,0.00491944861453629,0.0210068793889199,-2.35353361543972,"GABAergic","Gsn1"
"Whamm1",0.17852066601628,7.51135939050373,2.48170663670757,0.0149144478005999,0.0482602874246484,-3.30510620854956,"GABAergic","Whamm1"
"Syndig11",0.178292031790265,7.4929154221947,2.52144263006976,0.0134302933110931,0.044439559978944,-3.22271278008676,"GABAergic","Syndig11"
"Rfx51",0.177628984897218,7.53466105124083,2.50238413708433,0.0141247348858991,0.0462052176103209,-3.22467622271805,"GABAergic","Rfx51"
"Zfp9771",0.177579098061512,7.48573721877607,2.89470270071268,0.00475216565909445,0.0203823734448801,-2.32185864593505,"GABAergic","Zfp9771"
"Fos1",0.177401131921575,7.50739581734636,2.55903075778851,0.0121499109830254,0.0415790994326144,-3.11373737869651,"GABAergic","Fos1"
"Hyal11",0.177389873102719,7.49302702937158,2.55582855688158,0.0122545407978238,0.0418068781196195,-3.14279214061761,"GABAergic","Hyal11"
"Pwwp2b1",0.17720986545588,7.49086171093484,2.73676883776499,0.00746351925192503,0.028606307090323,-2.71397111853108,"GABAergic","Pwwp2b1"
"Shisa21",0.176771947312977,7.484898357988,2.87587861071576,0.00501935819516901,0.0213414178401345,-2.37101640516116,"GABAergic","Shisa21"
"Aldh21",0.175995166200203,7.48794612864634,2.79332654544363,0.00636196434331329,0.0256675077167647,-2.57634955572316,"GABAergic","Aldh21"
"Baz1a",0.17571455987515,7.48882125034054,2.77592997491082,0.00668383338173212,0.0265207011253936,-2.61864648583893,"GABAergic","Baz1a"
"Trp53inp11",0.175383146061145,7.48847161741326,2.77815725134179,0.00664180990267658,0.0264266833051222,-2.61306911539566,"GABAergic","Trp53inp11"
"C030047K22Rik1",0.175310635184191,7.49183768187326,2.49699280050509,0.0143269414080748,0.0467122491376436,-3.27831634202645,"GABAergic","C030047K22Rik1"
"Igfn11",0.174023636544354,7.46167517987297,3.00177715545306,0.00346564322125116,0.016044361506101,-2.06201308182186,"GABAergic","Igfn11"
"Nmnat31",0.173794934227982,7.49248942674911,2.50124462179134,0.0141672587316245,0.0463095869679412,-3.26850212487163,"GABAergic","Nmnat31"
"Acy11",0.173156360100106,7.4887010314511,2.71180751400983,0.00800286265115571,0.0302557205331958,-2.77569169088868,"GABAergic","Acy11"
"Sumf11",0.172641467651411,7.50862232594734,2.47043822750718,0.0153612561972288,0.0494267546146848,-3.33232349679641,"GABAergic","Sumf11"
"Epor1",0.172158821840759,7.46273133844699,2.95433551714673,0.00398974716890238,0.0179881335313756,-2.18493073933625,"GABAergic","Epor1"
"Gm163861",0.171891832743078,7.48813105041474,2.7055730043432,0.00814299759775334,0.0306767672749112,-2.7910732099977,"GABAergic","Gm163861"
"Fbxl31",0.171556093495554,7.52866005064736,2.51987997851143,0.0134860558539597,0.0445538540761422,-3.19020288673056,"GABAergic","Fbxl31"
"Fam60a1",0.171535185038636,7.49237297806304,2.49472561701861,0.0144127464933003,0.0469504441624267,-3.28322940924768,"GABAergic","Fam60a1"
"Rnase41",0.170847854267387,7.46345825336916,2.92072152534082,0.00440436370502581,0.0192311159765026,-2.27097651456976,"GABAergic","Rnase41"
"2700033N17Rik1",0.170296637854536,7.48703084306433,2.68799526673091,0.00855020139867444,0.0317251508156412,-2.83399113636732,"GABAergic","2700033N17Rik1"
"Rnf144a1",0.170190559935639,7.49112191921903,2.52960152127341,0.0131424971709024,0.0436592924213758,-3.20375034471609,"GABAergic","Rnf144a1"
"A330032B11Rik1",0.169597591084209,7.49141857967066,2.51350971610818,0.013715533941407,0.0451698251137004,-3.23996155659413,"GABAergic","A330032B11Rik1"
"Btg31",0.169565405973414,7.49530976998033,2.50091149397231,0.0141797118976826,0.0463095869679412,-3.26218382485198,"GABAergic","Btg31"
"Ikzf41",0.169255324618958,7.49031674830207,2.5592914194073,0.0121414295573317,0.0415790994326144,-3.13659043190004,"GABAergic","Ikzf41"
"Dtl1",0.169174298008352,7.46145805841059,2.87261121537207,0.00506711889306516,0.0215062320404117,-2.3982123313772,"GABAergic","Dtl1"
"Taco11",0.169129486897054,7.49063439459342,2.53805718573193,0.0128500939139932,0.0430108021153688,-3.18487469675453,"GABAergic","Taco11"
"Zbtb461",0.169034786912182,7.46446869170112,2.8740729253199,0.005045701160844,0.0214297698999164,-2.38901045321453,"GABAergic","Zbtb461"
"Susd11",0.168437054130857,7.49128954395971,2.5145890947164,0.0136764061135413,0.0450881151039728,-3.23763430663557,"GABAergic","Susd11"
"6530403H02Rik1",0.168435531003327,7.4913306263267,2.51395659699163,0.0136993221878764,0.0451407696873511,-3.2390351880015,"GABAergic","6530403H02Rik1"
"Myh71",0.167701486679992,7.48569539993796,2.5910031892108,0.0111485327297174,0.0392723900436941,-3.06822523065327,"GABAergic","Myh71"
"Tpm41",0.167684138291677,7.46522442364337,2.83923221922565,0.00557951640108019,0.0232709546256343,-2.47611439102955,"GABAergic","Tpm41"
"Urah1",0.167680997335315,7.46522618381492,2.83915112501697,0.00558081717266342,0.0232709546256343,-2.47631607602636,"GABAergic","Urah1"
"Cd371",0.167112977821344,7.46554470954836,2.82448091344406,0.00582075987770741,0.0240564672504857,-2.51272064292817,"GABAergic","Cd371"
"Ly861",0.166773869627335,7.46542215159116,2.81408470650789,0.00599648222882594,0.0245794350568486,-2.5390528446603,"GABAergic","Ly861"
"H2-T221",0.166467078096552,7.51092497066015,2.4787938611372,0.0150288140030996,0.0485679758843114,-3.29049064581837,"GABAergic","H2-T221"
"2600014E21Rik1",0.166456892553553,7.46591315040827,2.80752496810769,0.00610984476819441,0.0249062142721866,-2.55459640586448,"GABAergic","2600014E21Rik1"
"S1pr31",0.166453427808984,7.46591509765395,2.80743539527052,0.00611140621657082,0.0249062142721866,-2.55481704892031,"GABAergic","S1pr31"
"4732496C06Rik",0.16644909291186,7.46591753880272,2.80732326083955,0.0061133614773042,0.0249062142721866,-2.55509325954702,"GABAergic","4732496C06Rik"
"Gm206281",0.166225444916724,7.46604360648086,2.8015361479234,0.00621505081626214,0.0251733218221491,-2.56933530772118,"GABAergic","Gm206281"
"Fbn21",0.166037771721741,7.46614944876152,2.79667898669553,0.00630159170833694,0.0254671641802761,-2.58126930094248,"GABAergic","Fbn21"
"Msh61",0.165975186142946,7.46618495672995,2.79505697916269,0.00633073596836785,0.0255685415176434,-2.58525071096528,"GABAergic","Msh61"
"Cdca81",0.165941995773458,7.46620385864163,2.79419605150335,0.00634625517918074,0.0256151994133091,-2.58736319347045,"GABAergic","Cdca81"
"D16Ertd472e1",0.165806926081567,7.46308869390042,2.78400596978069,0.00653260539267093,0.0261491039502624,-2.6185381094969,"GABAergic","D16Ertd472e1"
"Gpr681",0.165803790247653,7.46628258339051,2.79061083651161,0.00641125774769201,0.0257945109701936,-2.59615433231248,"GABAergic","Gpr681"
"Gstt11",0.165785026479176,7.4662932737074,2.79012404649433,0.00642013040828891,0.0258137193594687,-2.597347220572,"GABAergic","Gstt11"
"Arap1",0.165593037677475,7.46653052078094,2.7858520754265,0.00649847815755078,0.0260456027205432,-2.60755385720157,"GABAergic","Arap1"
"Rab211",0.165578168421862,7.46608517435344,2.7830541321473,0.00655026507618247,0.026204502586314,-2.61530089054952,"GABAergic","Rab211"
"Zfp3581",0.165484386132975,7.46659292665815,2.78303580177417,0.00655060559214914,0.026204502586314,-2.61444177388563,"GABAergic","Zfp3581"
"Gm484951",0.165408109449773,7.46650812147705,2.78034392375557,0.00660078757492148,0.0263383342037649,-2.62127573108953,"GABAergic","Gm484951"
"AC141893.21",0.165408109449773,7.46650812147705,2.78034392375557,0.00660078757492148,0.0263383342037649,-2.62127573108953,"GABAergic","AC141893.21"
"Cd14",0.165408109449773,7.46650812147705,2.78034392375557,0.00660078757492148,0.0263383342037649,-2.62127573108953,"GABAergic","Cd14"
"Mnt1",0.165401571560436,7.46664050431616,2.78088904754074,0.00659059709305696,0.026322685980101,-2.61968818917153,"GABAergic","Mnt1"
"Cdr11",0.165253754103141,7.46659616481617,2.77633784861978,0.00667611963508336,0.0265207011253936,-2.63105633729919,"GABAergic","Cdr11"
"Mamstr1",0.165246849993943,7.46660010367957,2.77615865037275,0.00667950764699248,0.0265207011253936,-2.63149355636021,"GABAergic","Mamstr1"
"Cdpf11",0.165227944341577,7.46628123545661,2.77394269429172,0.00672153366573801,0.0266177804424086,-2.63755213701503,"GABAergic","Cdpf11"
"Pcdha91",0.165151123358648,7.46665472378094,2.77367393434898,0.00672664714294307,0.0266296587239641,-2.63755341985315,"GABAergic","Pcdha91"
"Tcap1",0.165128147623748,7.46666783534434,2.77307753960063,0.00673800695894162,0.0266495050743446,-2.63900724586302,"GABAergic","Tcap1"
"Cep1521",0.165099075600708,7.4666844269732,2.77232288452773,0.00675240635627482,0.0266813246141763,-2.6408464760998,"GABAergic","Cep1521"
"Fam131b1",0.165077266139466,7.46682691835547,2.77248081962282,0.00674939050943166,0.026677776042457,-2.64020339217288,"GABAergic","Fam131b1"
"Fam149a1",0.165068047325891,7.46670213640272,2.771517430039,0.00676780605736774,0.0267254084340631,-2.64280903845635,"GABAergic","Fam149a1"
"Tmppe1",0.165024790630112,7.46639546937655,2.76865186963497,0.00682285396681852,0.026915139186862,-2.65044440476983,"GABAergic","Tmppe1"
"Plat1",0.165023052585846,7.46685809614698,2.77107501496848,0.00677627835575254,0.026750478986968,-2.64362819493349,"GABAergic","Plat1"
"Ddx591",0.164991621950414,7.46641412615542,2.76778797012438,0.00683952968217375,0.026957861118227,-2.65254747462199,"GABAergic","Ddx591"
"Oxnad11",0.164954577892476,7.46676691114981,2.76857174538669,0.0068243990285653,0.026915139186862,-2.64998228448004,"GABAergic","Oxnad11"
"Fgf221",0.164841892770439,7.46683125674093,2.76564617459539,0.00688103309612458,0.0270622459918456,-2.65710004966086,"GABAergic","Fgf221"
"AC125351.11",0.164770474694406,7.46687204758902,2.76379186946382,0.00691715118850116,0.0271668043224312,-2.66160812415092,"GABAergic","AC125351.11"
"Gm156271",0.164751954077752,7.46688262696729,2.76331098316938,0.00692654610219509,0.0271903088966505,-2.66277680052531,"GABAergic","Gm156271"
"Col16a11",0.164734854461893,7.46655860985951,2.76109964229783,0.00696989848623279,0.027309428065653,-2.66881034694665,"GABAergic","Col16a11"
"Fam129b1",0.16473459455489,7.46689254356059,2.7628602388838,0.00693536271918991,0.0272071637235456,-2.66387206506137,"GABAergic","Fam129b1"
"Gm44386",0.164730745105656,7.46689474261082,2.76276028624284,0.00693731919346103,0.0272071637235456,-2.66411491935293,"GABAergic","Gm44386"
"AC174678.11",0.16466791654586,7.46693063735807,2.76112887723106,0.00696932373567988,0.027309428065653,-2.66807767323138,"GABAergic","AC174678.11"
"Phtf1os1",0.16464018748056,7.46661190463296,2.75863345856395,0.00701853905281981,0.0274573094560159,-2.67479838846701,"GABAergic","Phtf1os1"
"Rab3il11",0.164628633181271,7.46695308338944,2.76010880788514,0.00698940361815897,0.0273688272856539,-2.67055443514859,"GABAergic","Rab3il11"
"Rrp81",0.164608915181971,7.46662951305547,2.75781874742876,0.00703467557389924,0.0274862928673724,-2.67677554180894,"GABAergic","Rrp81"
"Rgs161",0.164578859715063,7.46698152660179,2.75881630352649,0.0070149221922091,0.0274573094560159,-2.67369154531134,"GABAergic","Rgs161"
"Slc4a21",0.164560469698161,7.46665679411401,2.75655660705952,0.00705974095154293,0.027558585920851,-2.6798375285441,"GABAergic","Slc4a21"
"Gm447771",0.164551349077663,7.46666193060431,2.75631898527248,0.00706446909131775,0.0275659284518941,-2.68041387018975,"GABAergic","Gm447771"
"A830005F24Rik1",0.164520523165967,7.46667929188454,2.75551586061409,0.00708047086835256,0.0275882866654928,-2.68236149799561,"GABAergic","A830005F24Rik1"
"Lat2",0.16445359042132,7.46671699372796,2.75377197447593,0.00711533071468783,0.0276641422879391,-2.68658884535499,"GABAergic","Lat2"
"Lipt21",0.164434640305,7.46569408112029,2.74942772537892,0.00720285329147187,0.0279440538690087,-2.69913026931808,"GABAergic","Lipt21"
"Sec16b1",0.164426385737313,7.46706868114301,2.75485663435363,0.00709363026986832,0.0275882866654928,-2.68329439579918,"GABAergic","Sec16b1"
"Gm135611",0.164426385737313,7.46706868114301,2.75485663435363,0.00709363026986832,0.0275882866654928,-2.68329439579918,"GABAergic","Gm135611"
"Lepr1",0.164426385737313,7.46706868114301,2.75485663435363,0.00709363026986832,0.0275882866654928,-2.68329439579918,"GABAergic","Lepr1"
"Gm32481",0.164426385737313,7.46706868114301,2.75485663435363,0.00709363026986832,0.0275882866654928,-2.68329439579918,"GABAergic","Gm32481"
"Gm3896",0.164426385737313,7.46706868114301,2.75485663435363,0.00709363026986832,0.0275882866654928,-2.68329439579918,"GABAergic","Gm3896"
"Fscn2",0.164426385737313,7.46706868114301,2.75485663435363,0.00709363026986832,0.0275882866654928,-2.68329439579918,"GABAergic","Fscn2"
"Prr221",0.164426385737313,7.46706868114301,2.75485663435363,0.00709363026986832,0.0275882866654928,-2.68329439579918,"GABAergic","Prr221"
"Gm32521",0.164421182107717,7.4667352511533,2.75292757416026,0.00713226628370232,0.0277128804367051,-2.68863492288326,"GABAergic","Gm32521"
"Mms22l1",0.164413859269203,7.46673937674495,2.75273677505655,0.00713609810426293,0.027719219185754,-2.68909717569362,"GABAergic","Mms22l1"
"Pi4k2b1",0.164406270640821,7.46721311441872,2.75507732597614,0.00708922236475737,0.0275882866654928,-2.68249615405186,"GABAergic","Pi4k2b1"
"Intu1",0.164388099661541,7.46675389003107,2.75206559324411,0.00714959238846256,0.0277630750053831,-2.69072304157458,"GABAergic","Intu1"
"Npr31",0.164189565635899,7.46485020634316,2.74120400065952,0.00737122931025136,0.0283961393337114,-2.72090339295565,"GABAergic","Npr31"
"Cptp1",0.164179985947241,7.46687118166444,2.7466427196309,0.00725947766889499,0.0280858845807955,-2.70384681396868,"GABAergic","Cptp1"
"Zfp9641",0.164157283599013,7.46688398064677,2.7460511224006,0.00727155811470958,0.0281239845167321,-2.70527717237597,"GABAergic","Zfp9641"
"Gm51291",0.16414269776411,7.46689220417812,2.7456710285917,0.00727932932227135,0.0281281323535743,-2.70619601928688,"GABAergic","Gm51291"
"Appbp2os1",0.164134058857618,7.46689707497244,2.74544590508522,0.00728393565610448,0.0281373006623576,-2.70674018585611,"GABAergic","Appbp2os1"
"Tmem791",0.1640464115785,7.46694649891507,2.74316182673862,0.00733082156904512,0.0282923894930335,-2.71225906009055,"GABAergic","Tmem791"
"Gm268051",0.164018383895889,7.46696230614668,2.74243140763069,0.00734587306809865,0.0283331178930921,-2.71402308797227,"GABAergic","Gm268051"
"AC161165.31",0.163912001033915,7.46702231584371,2.73965891418767,0.0074032617606201,0.0284595195429823,-2.72071521307625,"GABAergic","AC161165.31"
"Gm205081",0.163911567429467,7.46702256047278,2.7396476135375,0.00740349651046703,0.0284595195429823,-2.72074247812326,"GABAergic","Gm205081"
"E030044B06Rik",0.163878226720666,7.46751801632889,2.74136874326576,0.00736782136351154,0.0283916933974166,-2.71564805303597,"GABAergic","E030044B06Rik"
"Cyp4f131",0.163850516560903,7.46753404312089,2.74064902693454,0.00738272035035003,0.0284119097242467,-2.71738462016287,"GABAergic","Cyp4f131"
"Tmem74b1",0.163850232727931,7.46753420728829,2.74064165487904,0.00738287310273717,0.0284119097242467,-2.71740240578408,"GABAergic","Tmem74b1"
"Gm490641",0.163847498261374,7.46753578889498,2.74057063192462,0.00738434487871586,0.0284119097242467,-2.7175737517205,"GABAergic","Gm490641"
"Drc31",0.163799170140572,7.46756374366645,2.73931537621022,0.00741040115256954,0.0284686865870444,-2.72060147694491,"GABAergic","Drc31"
"Gm153961",0.163774556648209,7.46709987343995,2.73607671194604,0.00747801613466966,0.028606307090323,-2.729353111225,"GABAergic","Gm153961"
"Aldh16a11",0.163774556648209,7.46709987343995,2.73607671194604,0.00747801613466966,0.028606307090323,-2.729353111225,"GABAergic","Aldh16a11"
"Gm39851",0.163774556648209,7.46709987343995,2.73607671194604,0.00747801613466966,0.028606307090323,-2.729353111225,"GABAergic","Gm39851"
"Ucn2",0.163774556648209,7.46709987343995,2.73607671194604,0.00747801613466966,0.028606307090323,-2.729353111225,"GABAergic","Ucn2"
"Abhd12b",0.163774556648209,7.46709987343995,2.73607671194604,0.00747801613466966,0.028606307090323,-2.729353111225,"GABAergic","Abhd12b"
"Ptger4",0.163774556648209,7.46709987343995,2.73607671194604,0.00747801613466966,0.028606307090323,-2.729353111225,"GABAergic","Ptger4"
"Adgrg11",0.163706561184151,7.46761738594561,2.7369092406237,0.00746058157930827,0.028606307090323,-2.72640185548574,"GABAergic","Adgrg11"
"9330158H04Rik1",0.163696250137509,7.46762340983439,2.73664081472171,0.0074661988186963,0.028606307090323,-2.72704869683836,"GABAergic","9330158H04Rik1"
"Ahnak21",0.163544041517908,7.46771235251509,2.73267819810794,0.0075495726781545,0.0288625089610659,-2.73659126144315,"GABAergic","Ahnak21"
"Gm389441",0.16349088752223,7.46774342166805,2.73129429793776,0.00757888941645949,0.0289487208992239,-2.73992108002861,"GABAergic","Gm389441"
"Dok31",0.163475592641499,7.46775236255323,2.73089607764295,0.00758734457346002,0.0289541895158667,-2.74087897231701,"GABAergic","Dok31"
"Paox1",0.163317194920614,7.46628565586469,2.72016208499577,0.00781851607030561,0.029677794403874,-2.76968870580456,"GABAergic","Paox1"
"Pcbd1",0.163305581837216,7.46785177070373,2.72646941915268,0.00768191355215631,0.0292640748192424,-2.75151886602747,"GABAergic","Pcbd1"
"Gm267941",0.16323702004979,7.46632851031575,2.71805782225128,0.0078645794294365,0.0298121228492602,-2.77473702353028,"GABAergic","Gm267941"
"Gm26706",0.162962492788096,7.46805252338245,2.71753505364406,0.00787606135130093,0.0298121228492602,-2.77294794309672,"GABAergic","Gm26706"
"Asb10",0.162962492788096,7.46805252338245,2.71753505364406,0.00787606135130093,0.0298121228492602,-2.77294794309672,"GABAergic","Asb10"
"Gm269351",0.162962492788096,7.46805252338245,2.71753505364406,0.00787606135130093,0.0298121228492602,-2.77294794309672,"GABAergic","Gm269351"
"Gm45822",0.162962492788096,7.46805252338245,2.71753505364406,0.00787606135130093,0.0298121228492602,-2.77294794309672,"GABAergic","Gm45822"
"C030014I23Rik1",0.162962492788096,7.46805252338245,2.71753505364406,0.00787606135130093,0.0298121228492602,-2.77294794309672,"GABAergic","C030014I23Rik1"
"Spef21",0.162962492788096,7.46805252338245,2.71753505364406,0.00787606135130093,0.0298121228492602,-2.77294794309672,"GABAergic","Spef21"
"Nrros1",0.162947183035656,7.46648351071583,2.71045058643099,0.00803317448954251,0.030333902591357,-2.79295919920965,"GABAergic","Nrros1"
"Rab29",0.16274700895034,7.46659063340456,2.70519657049571,0.00815152986527672,0.0306767672749112,-2.80551864717845,"GABAergic","Rab29"
"Gm26610",0.16274700895034,7.46659063340456,2.70519657049571,0.00815152986527672,0.0306767672749112,-2.80551864717845,"GABAergic","Gm26610"
"Agbl1",0.16274700895034,7.46659063340456,2.70519657049571,0.00815152986527672,0.0306767672749112,-2.80551864717845,"GABAergic","Agbl1"
"Eef1akmt31",0.16274700895034,7.46659063340456,2.70519657049571,0.00815152986527672,0.0306767672749112,-2.80551864717845,"GABAergic","Eef1akmt31"
"Zfp6911",0.162661142026484,7.4666366031864,2.70294278325676,0.00820278467365689,0.0308265150757923,-2.81089971868836,"GABAergic","Zfp6911"
"Cyp2d221",0.162613841845708,7.46666193055653,2.70170127183953,0.00823114373964733,0.030905430011427,-2.8138622475318,"GABAergic","Cyp2d221"
"Pla2g61",0.162584063005233,7.46667787766305,2.70091965119129,0.00824904352815526,0.0309634092145923,-2.81572676551113,"GABAergic","Pla2g61"
"Tpcn21",0.162553820583736,7.46669407438646,2.70012586242022,0.00826725820767584,0.0310132970941312,-2.8176198299981,"GABAergic","Tpcn21"
"2210011C24Rik1",0.162522458214359,7.46671087236242,2.69930267766889,0.00828618605398124,0.0310750478481696,-2.81958248845339,"GABAergic","2210011C24Rik1"
"Arg2",0.162506291648817,7.48512265326945,2.50096211820844,0.0141778188024049,0.0463095869679412,-3.27424206745586,"GABAergic","Arg2"
"Fancf1",0.162444762531627,7.46675249325842,2.69726335847784,0.00833324689164628,0.031195813103735,-2.82444244494169,"GABAergic","Fancf1"
"Pigw1",0.162437815059176,7.46675621540094,2.69708100464655,0.00833746683985659,0.0311983853996088,-2.82487686169387,"GABAergic","Pigw1"
"Gm172591",0.162421654402366,7.46676487383351,2.6966568278006,0.00834729046322569,0.0312112846438866,-2.8258872682622,"GABAergic","Gm172591"
"Rfx11",0.162407202935711,7.46677261686263,2.69627751306517,0.00835608402629309,0.0312256275524219,-2.82679069438831,"GABAergic","Rfx11"
"Hyls11",0.162387238535967,7.4667833142138,2.69575349792287,0.00836824600123155,0.0312489192704105,-2.82803857630609,"GABAergic","Hyls11"
"Gm11423",0.162361701538463,7.46679699835814,2.69508321663854,0.00838382615804953,0.0312616783712702,-2.82963446672575,"GABAergic","Gm11423"
"Sh3bp5l1",0.162322658544714,7.46681792167034,2.6940584385562,0.00840769730362125,0.0313126068892902,-2.83207372053513,"GABAergic","Sh3bp5l1"
"Klf151",0.162224856095918,7.46687034455372,2.69149138491914,0.00846776568113194,0.0314934881267254,-2.83818047099887,"GABAergic","Klf151"
"Gm219621",0.162141923112872,7.46691480864588,2.68931462824971,0.00851900658245305,0.0316373602356017,-2.8433547761991,"GABAergic","Gm219621"
"Gm265631",0.162073944084648,7.46695126304653,2.68753038210794,0.00856121778229122,0.0317473242282963,-2.84759333788187,"GABAergic","Gm265631"
"Tspan4",0.162047384699422,7.46696550768069,2.68683328091981,0.00857776118342724,0.0317584048773618,-2.84924866950577,"GABAergic","Tspan4"
"Tulp2",0.161702257445348,7.46715070836014,2.67777498363136,0.0087953872246014,0.0323255678527199,-2.87072441993687,"GABAergic","Tulp2"
"Sftpc1",0.161702257445348,7.46715070836014,2.67777498363136,0.0087953872246014,0.0323255678527199,-2.87072441993687,"GABAergic","Sftpc1"
"Pnmt",0.161702257445348,7.46715070836014,2.67777498363136,0.0087953872246014,0.0323255678527199,-2.87072441993687,"GABAergic","Pnmt"
"Gm34672",0.161702257445348,7.46715070836014,2.67777498363136,0.0087953872246014,0.0323255678527199,-2.87072441993687,"GABAergic","Gm34672"
"Gpx81",0.161702257445348,7.46715070836014,2.67777498363136,0.0087953872246014,0.0323255678527199,-2.87072441993687,"GABAergic","Gpx81"
"Gp5",0.161702257445348,7.46715070836014,2.67777498363136,0.0087953872246014,0.0323255678527199,-2.87072441993687,"GABAergic","Gp5"
"Tcte1",0.161702257445348,7.46715070836014,2.67777498363136,0.0087953872246014,0.0323255678527199,-2.87072441993687,"GABAergic","Tcte1"
"Dsg21",0.161702257445348,7.46715070836014,2.67777498363136,0.0087953872246014,0.0323255678527199,-2.87072441993687,"GABAergic","Dsg21"
"Gm108141",0.161702257445348,7.46715070836014,2.67777498363136,0.0087953872246014,0.0323255678527199,-2.87072441993687,"GABAergic","Gm108141"
"Gm358351",0.161544455788158,7.48676324399145,2.46973422639968,0.015389564352203,0.049468460128432,-3.34129587785867,"GABAergic","Gm358351"
"Gm44091",0.160991827901091,7.46620196002755,2.6568281313807,0.00931796557595304,0.0338950079007451,-2.92265892379403,"GABAergic","Gm44091"
"Ccdc801",0.160634536258432,7.46555915537081,2.64751404846898,0.00955925098500292,0.034632696191568,-2.94609002238629,"GABAergic","Ccdc801"
"Dapk21",0.160470624481385,7.46692802021096,2.6435898071041,0.00966259519462349,0.0349468020863256,-2.95287583775235,"GABAergic","Dapk21"
"Hist1h1b1",0.160016268929155,7.46716362808018,2.63162197383569,0.00998404790053699,0.0359134926907666,-2.98085206832145,"GABAergic","Hist1h1b1"
"Hspa1a1",0.159820090323016,7.46706548924207,2.62617452670213,0.0101335465872074,0.036306111023621,-2.99392549540864,"GABAergic","Hspa1a1"
"E030018B13Rik1",0.159075617784112,7.46718300584468,2.60622649649027,0.0106984466066848,0.0379950188622521,-3.04073017188256,"GABAergic","E030018B13Rik1"
"Ttc251",0.159064228745039,7.46684074397997,2.60594398903877,0.0107066473109855,0.0380134262053225,-3.04202611987356,"GABAergic","Ttc251"
"Nras1",0.158908588648159,7.46726886153691,2.60181928195923,0.0108270292151544,0.0383759389485932,-3.05091913526904,"GABAergic","Nras1"
"Zdhhc151",0.158809131075064,7.46732001084831,2.59919533064342,0.010904245845392,0.0385953315297563,-3.05697817928421,"GABAergic","Zdhhc151"
"Ebp1",0.158557948076322,7.46771691423637,2.59291000696952,0.0110912349254751,0.0391143018914362,-3.07097071984323,"GABAergic","Ebp1"
"Dpyd1",0.158488849966452,7.46748317230068,2.59075400700872,0.0111560400963341,0.0392798801765642,-3.07643706087702,"GABAergic","Dpyd1"
"Plek1",0.15842033449861,7.46778869669131,2.58927712158887,0.0112006295035513,0.0394008181670584,-3.07933304652443,"GABAergic","Plek1"
"Col27a11",0.158396659375635,7.46753016484925,2.58832475182061,0.011229468252855,0.0394691996599371,-3.08202662583178,"GABAergic","Col27a11"
"Zfp7751",0.158310492443096,7.46722133115326,2.5860503964052,0.0112986094615809,0.0397011390202328,-3.0879048744122,"GABAergic","Zfp7751"
"Dnaic11",0.158278346108414,7.46723758734287,2.58520229363896,0.0113244902839706,0.0397809827404289,-3.08985387519186,"GABAergic","Dnaic11"
"Gm168451",0.158142922119503,7.4681454322954,2.58222418864487,0.0114157949012332,0.0400793668815037,-3.09514776385624,"GABAergic","Gm168451"
"Msl3l21",0.158124266978401,7.46815528423824,2.58173209194119,0.0114309456987703,0.0401213772547811,-3.0962767975621,"GABAergic","Msl3l21"
"Ccbe11",0.158065706412541,7.46769975175706,2.57959536111719,0.0114969425473155,0.04031620290995,-3.10207490934175,"GABAergic","Ccbe11"
"Hsbp1l11",0.15804147086463,7.46735751801885,2.57895233242051,0.01151687085059,0.04032442399254,-3.10419932189883,"GABAergic","Hsbp1l11"
"Iffo21",0.158040429478083,7.46819956739587,2.57952068874496,0.0114992551445146,0.04031620290995,-3.10134814683662,"GABAergic","Iffo21"
"Pm20d21",0.157984838008851,7.46822893801955,2.57805444196077,0.0115447497908516,0.0403633675035686,-3.10470853315648,"GABAergic","Pm20d21"
"Cenpk1",0.157984838008851,7.46822893801955,2.57805444196077,0.0115447497908516,0.0403633675035686,-3.10470853315648,"GABAergic","Cenpk1"
"Gabrr2",0.157973156528984,7.46774740677559,2.57715205367305,0.0115728297072888,0.0404278801505038,-3.10767577709909,"GABAergic","Gabrr2"
"Ccdc103",0.157956731050663,7.46824378991316,2.57731314175024,0.0115678125633553,0.0404215630681238,-3.10640682369662,"GABAergic","Ccdc103"
"Fzd41",0.157920568858994,7.46741887093451,2.57576117972452,0.011616230661201,0.0405304558187731,-3.11151210709904,"GABAergic","Fzd41"
"Pabpc1l",0.157898098362876,7.46778606587133,2.57517070483651,0.0116347002407097,0.0405652695633047,-3.11221424019869,"GABAergic","Pabpc1l"
"Rbm3os",0.157866436615154,7.46744635025754,2.57433252861707,0.0116609632000775,0.0406006504785451,-3.11478338087418,"GABAergic","Rbm3os"
"Gm295931",0.157866436615154,7.46744635025754,2.57433252861707,0.0116609632000775,0.0406006504785451,-3.11478338087418,"GABAergic","Gm295931"
"AC124490.11",0.157855166978759,7.4682974690813,2.57463464503773,0.0116514906918601,0.0405901073687393,-3.1125395603407,"GABAergic","AC124490.11"
"Tatdn21",0.157756836393252,7.46834945732565,2.57204169699998,0.0117330158360137,0.0408293647693284,-3.1184710533342,"GABAergic","Tatdn21"
"Gm97251",0.157752201134957,7.4678612386587,2.57131984954804,0.0117558028582483,0.0408743716824051,-3.12102615663728,"GABAergic","Gm97251"
"Efnb11",0.15773719140009,7.46835984593911,2.57152369716769,0.011749363829804,0.04086326233132,-3.11965536950521,"GABAergic","Efnb11"
"Armc71",0.157716759799782,7.46752236146313,2.57038275234312,0.0117854443291278,0.0409435306712696,-3.1238190759516,"GABAergic","Armc71"
"Pik3cd1",0.157663674678759,7.46790686931424,2.56898356341893,0.0118298277214013,0.0410185355922082,-3.12636660057267,"GABAergic","Pik3cd1"
"Gm436721",0.157658900378554,7.46840143217837,2.56945751039823,0.0118147768967735,0.0409889134036507,-3.12437748634921,"GABAergic","Gm436721"
"B3galt41",0.157650988222101,7.46840564622578,2.56924858683962,0.0118214094168433,0.0410006317246626,-3.12485479215139,"GABAergic","B3galt41"
"Gm15609",0.157641949739539,7.46756036938326,2.568408878019,0.0118481008144398,0.0410254331939247,-3.12833000081974,"GABAergic","Gm15609"
"Ltv11",0.157626034001596,7.46841894993767,2.56858942564966,0.0118423572582406,0.0410254331939247,-3.12636048301691,"GABAergic","Ltv11"
"Uchl1os1",0.157619724163628,7.46842231405213,2.56842275517046,0.0118476592673517,0.0410254331939247,-3.12674114642167,"GABAergic","Uchl1os1"
"Nkd11",0.157619724163628,7.46842231405213,2.56842275517046,0.0118476592673517,0.0410254331939247,-3.12674114642167,"GABAergic","Nkd11"
"AI6061811",0.157619724163628,7.46842231405213,2.56842275517046,0.0118476592673517,0.0410254331939247,-3.12674114642167,"GABAergic","AI6061811"
"A830011K09Rik1",0.157559376633936,7.46760233435452,2.56623038404381,0.0119176009717475,0.0412094481035143,-3.13330498297506,"GABAergic","A830011K09Rik1"
"Lor1",0.157525613764938,7.4679780593448,2.56534049718534,0.0119460964442059,0.0412853160240498,-3.13468560478166,"GABAergic","Lor1"
"Siah1b1",0.157506868100749,7.46848249624612,2.56544192063422,0.0119428456201508,0.0412853160240498,-3.133545468441,"GABAergic","Siah1b1"
"Mtif31",0.157493676024647,7.4679945324893,2.56449782757973,0.0119731365408085,0.0413674166222065,-3.13660836793487,"GABAergic","Mtif31"
"4931414P19Rik1",0.157479002242431,7.46800210166191,2.56411067403577,0.0119855782422311,0.041373372045882,-3.13749156895293,"GABAergic","4931414P19Rik1"
"Dera",0.1574684097939,7.4680075657935,2.56383120672312,0.0119945665405701,0.041373372045882,-3.1381290354787,"GABAergic","Dera"
"Cars21",0.157446836954773,7.46851451845743,2.56385648282325,0.0119937533544762,0.041373372045882,-3.13716168385189,"GABAergic","Cars21"
"Rbp11",0.157439409125979,7.46851848112805,2.56366031918573,0.012000065661001,0.0413810093434518,-3.13760897476655,"GABAergic","Rbp11"
"Gm10036",0.157430160699767,7.46852341521322,2.5634160771044,0.0120079292573632,0.0413967938847848,-3.1381658514694,"GABAergic","Gm10036"
"Dgka1",0.157420779284044,7.46767334597675,2.56256671700098,0.012035311343778,0.041457155317903,-3.1416636896451,"GABAergic","Dgka1"
"Cabcoco11",0.157401159566106,7.4676834119107,2.56204799535738,0.012052061806078,0.0414873278800913,-3.1428463146652,"GABAergic","Cabcoco11"
"Ppcs1",0.157398602848741,7.46804358068956,2.56198953405672,0.0120539509439656,0.0414873278800913,-3.14232836339568,"GABAergic","Ppcs1"
"Htr71",0.157393458653118,7.468046235025,2.56185382408831,0.0120583373495691,0.0414910886622567,-3.1426376996217,"GABAergic","Htr71"
"Gm57841",0.157387517446242,7.46854616769218,2.56228994172643,0.0120442463070478,0.0414765912328817,-3.14073285465952,"GABAergic","Gm57841"
"Eqtn1",0.157384217215459,7.46769210485001,2.56160007006728,0.0120665430235517,0.0414966536903304,-3.14386736153119,"GABAergic","Eqtn1"
"Isoc2b1",0.157372514372894,7.46833636456389,2.56163225469368,0.0120655019869385,0.0414966536903304,-3.14262783226866,"GABAergic","Isoc2b1"
"Gm155201",0.157370110553783,7.46805828290714,2.56123788419106,0.0120782637866777,0.0415142943849328,-3.14404148582735,"GABAergic","Gm155201"
"Tdrd51",0.157351567117556,7.46770885892449,2.56073688641909,0.0120944935747322,0.041547405388847,-3.14583454468306,"GABAergic","Tdrd51"
"Gcnt41",0.157326413704859,7.47123646007115,2.56957141073944,0.0118111624118545,0.04098766195651,-3.11923816185161,"GABAergic","Gcnt41"
"9530036O11Rik1",0.157307217579894,7.46837055857512,2.55991058039929,0.0121213046317417,0.0415790994326144,-3.14654984272033,"GABAergic","9530036O11Rik1"
"Gm142861",0.15726803264389,7.46860993746859,2.55913483686328,0.0121465238110511,0.0415790994326144,-3.14791953545853,"GABAergic","Gm142861"
"Foxo61",0.15726803264389,7.46860993746859,2.55913483686328,0.0121465238110511,0.0415790994326144,-3.14791953545853,"GABAergic","Foxo61"
"Cyp27b11",0.15726803264389,7.46860993746859,2.55913483686328,0.0121465238110511,0.0415790994326144,-3.14791953545853,"GABAergic","Cyp27b11"
"Fbxo481",0.15726803264389,7.46860993746859,2.55913483686328,0.0121465238110511,0.0415790994326144,-3.14791953545853,"GABAergic","Fbxo481"
"Dnah21",0.15726803264389,7.46860993746859,2.55913483686328,0.0121465238110511,0.0415790994326144,-3.14791953545853,"GABAergic","Dnah21"
"Krt91",0.15726803264389,7.46860993746859,2.55913483686328,0.0121465238110511,0.0415790994326144,-3.14791953545853,"GABAergic","Krt91"
"Baiap3",0.15726803264389,7.46860993746859,2.55913483686328,0.0121465238110511,0.0415790994326144,-3.14791953545853,"GABAergic","Baiap3"
"Eif3j2",0.15726803264389,7.46860993746859,2.55913483686328,0.0121465238110511,0.0415790994326144,-3.14791953545853,"GABAergic","Eif3j2"
"Chsy11",0.157226783283178,7.46777291065471,2.55743824810492,0.0122018441829387,0.0417001169757133,-3.15334667975919,"GABAergic","Chsy11"
"Fam196a1",0.15722402925608,7.4684144046983,2.5577142667588,0.0121928286619828,0.0416806140176382,-3.15155006296582,"GABAergic","Fam196a1"
"Plcb21",0.157215953175861,7.46813785367605,2.55717154060076,0.0122105612799492,0.0417185897595659,-3.15330157383897,"GABAergic","Plcb21"
"5930430L01Rik1",0.157203433914562,7.46814431751071,2.55684134309569,0.012221361261938,0.0417242107690179,-3.1540529446844,"GABAergic","5930430L01Rik1"
"Gm159391",0.15719946781604,7.46778693599122,2.55671623738274,0.0122254554218024,0.0417242107690179,-3.15498980152506,"GABAergic","Gm159391"
"1810021B22Rik1",0.157154944103603,7.46816935592752,2.5555624653877,0.0122632715752106,0.0418192831707979,-3.15696224471865,"GABAergic","1810021B22Rik1"
"B230312C02Rik1",0.157140049789302,7.46817704764809,2.555169656086,0.0122761703531921,0.0418519399023439,-3.15785558196156,"GABAergic","B230312C02Rik1"
"Mkrn3",0.157114659904725,7.46819016038522,2.55450006303258,0.0122981861170573,0.041915652196042,-3.15937810763839,"GABAergic","Mkrn3"
"Zfp4491",0.157053466046691,7.46822176890997,2.55288632070759,0.0123513910383103,0.0420300213747788,-3.16304599408798,"GABAergic","Zfp4491"
"Ano51",0.157051997787439,7.46822252739204,2.55284760281155,0.0123526701055618,0.0420300213747788,-3.16313397103971,"GABAergic","Ano51"
"Tmlhe1",0.15705050962612,7.4678634467474,2.55277937142125,0.0123549244578189,0.0420300213747788,-3.1639419172034,"GABAergic","Tmlhe1"
"Gm155641",0.157045382442532,7.468225944833,2.55267315752179,0.0123584344821926,0.0420300213747788,-3.16353034064106,"GABAergic","Gm155641"
"Pcdhb71",0.157041527453317,7.46786806180547,2.55254200270395,0.0123627699618002,0.0420334178701206,-3.16448128334788,"GABAergic","Pcdhb71"
"Cd164l21",0.156961699520629,7.46790908487779,2.55043254029148,0.0124326891634416,0.042194124935952,-3.16927259927728,"GABAergic","Cd164l21"
"Fgf111",0.156934840297151,7.46792289062664,2.54972283191404,0.0124562927199283,0.0422260278237183,-3.1708838012012,"GABAergic","Fgf111"
"2010007H06Rik1",0.156926699775532,7.46857145130364,2.54986223406445,0.0124516532872212,0.0422216625731159,-3.1693953596442,"GABAergic","2010007H06Rik1"
"Sphk11",0.156879775640345,7.46795119875225,2.54826792288228,0.0125048063947913,0.0423460018904724,-3.17418553640912,"GABAergic","Sphk11"
"Rapgef4os2",0.156829341464783,7.46833759236231,2.54697702328284,0.0125479935320014,0.0423460018904724,-3.17645974123133,"GABAergic","Rapgef4os2"
"Fibin1",0.156829341464783,7.46833759236231,2.54697702328284,0.0125479935320014,0.0423460018904724,-3.17645974123133,"GABAergic","Fibin1"
"Tuft11",0.156829341464783,7.46833759236231,2.54697702328284,0.0125479935320014,0.0423460018904724,-3.17645974123133,"GABAergic","Tuft11"
"Gm447181",0.156829341464783,7.46833759236231,2.54697702328284,0.0125479935320014,0.0423460018904724,-3.17645974123133,"GABAergic","Gm447181"
"Olfr658",0.156829341464783,7.46833759236231,2.54697702328284,0.0125479935320014,0.0423460018904724,-3.17645974123133,"GABAergic","Olfr658"
"Gm20075",0.156829341464783,7.46833759236231,2.54697702328284,0.0125479935320014,0.0423460018904724,-3.17645974123133,"GABAergic","Gm20075"
"Degs2",0.156829341464783,7.46833759236231,2.54697702328284,0.0125479935320014,0.0423460018904724,-3.17645974123133,"GABAergic","Degs2"
"Itga5",0.156829341464783,7.46833759236231,2.54697702328284,0.0125479935320014,0.0423460018904724,-3.17645974123133,"GABAergic","Itga5"
"Pdia51",0.156829341464783,7.46833759236231,2.54697702328284,0.0125479935320014,0.0423460018904724,-3.17645974123133,"GABAergic","Pdia51"
"Mc4r1",0.156829341464783,7.46833759236231,2.54697702328284,0.0125479935320014,0.0423460018904724,-3.17645974123133,"GABAergic","Mc4r1"
"A930028N01Rik1",0.156829341464783,7.46833759236231,2.54697702328284,0.0125479935320014,0.0423460018904724,-3.17645974123133,"GABAergic","A930028N01Rik1"
"Gm27184",0.156827568241241,7.46862384781009,2.54724494691232,0.012539019104032,0.0423460018904724,-3.17533285511092,"GABAergic","Gm27184"
"Zfp4381",0.156815046289766,7.46863046764635,2.54691436325032,0.0125500932399839,0.0423460018904724,-3.17608242224014,"GABAergic","Zfp4381"
"Apoa2",0.156783735322383,7.46800058705547,2.54573061841904,0.0125898194298497,0.0423594966233486,-3.17993963025278,"GABAergic","Apoa2"
"Gm10822",0.156783735322383,7.46800058705547,2.54573061841904,0.0125898194298497,0.0423594966233486,-3.17993963025278,"GABAergic","Gm10822"
"6820408C15Rik",0.156783735322383,7.46800058705547,2.54573061841904,0.0125898194298497,0.0423594966233486,-3.17993963025278,"GABAergic","6820408C15Rik"
"4930578G10Rik1",0.156783735322383,7.46800058705547,2.54573061841904,0.0125898194298497,0.0423594966233486,-3.17993963025278,"GABAergic","4930578G10Rik1"
"Gm41230",0.156783735322383,7.46800058705547,2.54573061841904,0.0125898194298497,0.0423594966233486,-3.17993963025278,"GABAergic","Gm41230"
"Gm474391",0.156783735322383,7.46800058705547,2.54573061841904,0.0125898194298497,0.0423594966233486,-3.17993963025278,"GABAergic","Gm474391"
"Glis21",0.156579563233679,7.4687550118714,2.54069851146804,0.0127599617571392,0.0428404153130817,-3.19016020999542,"GABAergic","Glis21"
"Gm4285",0.156556779832907,7.46876706720855,2.54009721698512,0.0127804300833243,0.0428748542635516,-3.19152041478637,"GABAergic","Gm4285"
"Dhrs41",0.156474679144608,7.47174693742459,2.54731704410428,0.012536605107532,0.0423460018904724,-3.16980918281259,"GABAergic","Dhrs41"
"Hhip1",0.156366704148595,7.46732482449041,2.53505754547842,0.0129531472558956,0.0432584294757469,-3.20571189348841,"GABAergic","Hhip1"
"Gm143411",0.156262408887364,7.46892291424592,2.53232988161042,0.013047501311186,0.043440215182039,-3.20906541974839,"GABAergic","Gm143411"
"Gja4",0.156262408887364,7.46892291424592,2.53232988161042,0.013047501311186,0.043440215182039,-3.20906541974839,"GABAergic","Gja4"
"Trpv41",0.156262408887364,7.46892291424592,2.53232988161042,0.013047501311186,0.043440215182039,-3.20906541974839,"GABAergic","Trpv41"
"Axl",0.156262408887364,7.46892291424592,2.53232988161042,0.013047501311186,0.043440215182039,-3.20906541974839,"GABAergic","Axl"
"Myb1",0.156262408887364,7.46892291424592,2.53232988161042,0.013047501311186,0.043440215182039,-3.20906541974839,"GABAergic","Myb1"
"Shmt11",0.156262408887364,7.46892291424592,2.53232988161042,0.013047501311186,0.043440215182039,-3.20906541974839,"GABAergic","Shmt11"
"Tysnd11",0.155907678772646,7.47165190584708,2.53027749173395,0.0131189035205759,0.0436154203348363,-3.20907276538717,"GABAergic","Tysnd11"
"Adamts131",0.155621519692308,7.46802270467149,2.51523679689024,0.0136529748412652,0.0450344394017852,-3.24973815476669,"GABAergic","Adamts131"
"Igfbp51",0.154760193612563,7.46811458637114,2.49270668567468,0.0144895435892483,0.0471092527951565,-3.30070142183803,"GABAergic","Igfbp51"
"Cyp39a11",0.154332458252823,7.46867327265229,2.48123487057496,0.014932918001405,0.0482952421216171,-3.32556508065123,"GABAergic","Cyp39a11"
"Gm98441",0.153931329622862,7.4685263643135,2.47087034256571,0.0153439037703104,0.0493835349500768,-3.34912270294292,"GABAergic","Gm98441"
"Serpine11",0.153901184186497,7.4685414378868,2.47007583228527,0.0153758224238653,0.0494609895488845,-3.35087740134843,"GABAergic","Serpine11"
"Egfl81",0.153756405850148,7.46896630513567,2.46604988858469,0.0155384757099951,0.0498061522948622,-3.35913204397259,"GABAergic","Egfl81"
"Gm296741",0.153715349355103,7.46898721687925,2.46496827435085,0.0155824358066961,0.0499216540836599,-3.3615159471628,"GABAergic","Gm296741"
"Igfbp61",0.151742780604533,7.48715229689372,2.47319914181543,0.0152506879257414,0.0491660580077508,-3.32341012652889,"GABAergic","Igfbp61"
"Ppp1r14a2",-2.59517238176345,8.09923262718778,-6.854589797328,5.22959650433079e-06,0.000538447681828814,4.33534871990334,"Non-neuronal","Ppp1r14a2"
"Dusp152",-2.45985352543259,8.08896831668987,-6.68593031052583,6.97910308112822e-06,0.000538447681828814,4.06467107677181,"Non-neuronal","Dusp152"
"Gng112",-2.45961368327601,8.08895007575296,-6.68562767545492,6.98274234530187e-06,0.000538447681828814,4.06418120952178,"Non-neuronal","Gng112"
"Il1rap2",-2.45868036992433,8.0888790919454,-6.68444988136001,6.99692452817828e-06,0.000538447681828814,4.06227460343979,"Non-neuronal","Il1rap2"
"Rasa32",-2.45858661575708,8.08887196125932,-6.68433155686727,6.99835097465994e-06,0.000538447681828814,4.06208304792416,"Non-neuronal","Rasa32"
"Txndc162",-2.45810592466469,8.08883540078648,-6.68372485721553,7.00566974855361e-06,0.000538447681828814,4.06110082594895,"Non-neuronal","Txndc162"
"Naa202",-2.42699485057295,8.2479075179933,-6.51822049611454,9.33470104970689e-06,0.000538447681828814,3.79042239279954,"Non-neuronal","Naa202"
"Cavin21",-2.23747203735577,8.06924888985973,-6.61266891069903,7.92074655492796e-06,0.000538447681828814,3.94510183014453,"Non-neuronal","Cavin21"
"Far2os11",-2.23747203735577,8.06924888985973,-6.61266891069903,7.92074655492796e-06,0.000538447681828814,3.94510183014453,"Non-neuronal","Far2os11"
"Syde11",-2.23747203735577,8.06924888985973,-6.61266891069903,7.92074655492796e-06,0.000538447681828814,3.94510183014453,"Non-neuronal","Syde11"
"Prox2",-2.23747203735577,8.06924888985973,-6.61266891069903,7.92074655492796e-06,0.000538447681828814,3.94510183014453,"Non-neuronal","Prox2"
"Elovl12",-2.2371034698772,8.06922657954916,-6.61167535974649,7.93439381394022e-06,0.000538447681828814,3.94348370395964,"Non-neuronal","Elovl12"
"Plekhg32",-2.23694864996603,8.06921720936928,-6.61125791216115,7.94013514156335e-06,0.000538447681828814,3.94280378766985,"Non-neuronal","Plekhg32"
"Nup2142",-2.23682706877969,8.2684521289269,-4.49254888404606,0.000421354752664167,0.0159999681763022,0.162406419601249,"Non-neuronal","Nup2142"
"Emilin2",-2.23661892936644,8.06919725653183,-6.61036867900899,7.95237961690389e-06,0.000538447681828814,3.941355355779,"Non-neuronal","Emilin2"
"Prr5l1",-2.23631186962209,8.06917867852025,-6.60954032395953,7.96380358244474e-06,0.000538447681828814,3.94000596730876,"Non-neuronal","Prr5l1"
"Tmem1251",-2.23614646609626,8.0691686725307,-6.60909402029948,7.9699657337159e-06,0.000538447681828814,3.93927889241721,"Non-neuronal","Tmem1251"
"Gm45931",-2.23611056865812,8.06916650106633,-6.60899715051009,7.97130388124314e-06,0.000538447681828814,3.93912107712542,"Non-neuronal","Gm45931"
"Prox1os1",-2.23610252238288,8.06916601434716,-6.60897543708456,7.97160386010147e-06,0.000538447681828814,3.93908570251247,"Non-neuronal","Prox1os1"
"Adamtsl42",-2.23608268347889,8.06916481430187,-6.60892189977187,7.97234354795118e-06,0.000538447681828814,3.93899848140687,"Non-neuronal","Adamtsl42"
"Rab312",-2.23594162570956,8.06915628219747,-6.60854121347428,7.97760529598338e-06,0.000538447681828814,3.93837826695722,"Non-neuronal","Rab312"
"Cers22",-2.23585014303561,8.06915074910522,-6.6082942945487,7.98102008720767e-06,0.000538447681828814,3.93797597355398,"Non-neuronal","Cers22"
"Ndrg11",-2.23581699560183,8.06914874434313,-6.60820482201937,7.98225783417765e-06,0.000538447681828814,3.9378301976658,"Non-neuronal","Ndrg11"
"Igsf112",-2.23574920338348,8.06914464438227,-6.60802182698361,7.98478997989417e-06,0.000538447681828814,3.93753204319686,"Non-neuronal","Igsf112"
"Pstpip22",-2.2357194517994,8.06914284510816,-6.60794151348311,7.98590156204105e-06,0.000538447681828814,3.93740118636533,"Non-neuronal","Pstpip22"
"Ptpdc12",-2.23557256388753,8.06913396229718,-6.6075449626012,7.99139241238757e-06,0.000538447681828814,3.93675506020604,"Non-neuronal","Ptpdc12"
"Rinl1",-2.23543648392579,8.06912573377414,-6.60717754314635,7.99648341712909e-06,0.000538447681828814,3.93615637645802,"Non-neuronal","Rinl1"
"Ino80b2",-2.23543256869305,8.06912549703658,-6.60716697125196,7.99662995265457e-06,0.000538447681828814,3.93613914997953,"Non-neuronal","Ino80b2"
"Mpzl12",-2.23520981021487,8.06911202868524,-6.60656541864398,8.00497261492256e-06,0.000538447681828814,3.93515891350787,"Non-neuronal","Mpzl12"
"Zfp5792",-2.23513229777991,8.06910734257343,-6.60635607045012,8.0078781050592e-06,0.000538447681828814,3.93481776426177,"Non-neuronal","Zfp5792"
"Frmd82",-2.234973523826,8.06909774437155,-6.60592720298223,8.01383369102746e-06,0.000538447681828814,3.93411886846007,"Non-neuronal","Frmd82"
"4933433G15Rik2",-2.23494335913186,8.0690959209586,-6.60584571762872,8.01496578326872e-06,0.000538447681828814,3.93398607393158,"Non-neuronal","4933433G15Rik2"
"Gsn2",-2.23464763897726,8.06907804683579,-6.60504675770475,8.02607475469558e-06,0.000538447681828814,3.93268397160302,"Non-neuronal","Gsn2"
"Mybbp1a2",-2.23438011448834,8.06906187965809,-6.60432379273857,8.03614094591684e-06,0.000538447681828814,3.93150563039402,"Non-neuronal","Mybbp1a2"
"Ccp1102",-2.23436629631706,8.06906104466153,-6.6042864454533,8.03666130869693e-06,0.000538447681828814,3.93144475669617,"Non-neuronal","Ccp1102"
"D16Ertd472e2",-2.23424358506893,8.06905362983935,-6.60395476535505,8.04128418077544e-06,0.000538447681828814,3.93090412907793,"Non-neuronal","D16Ertd472e2"
"Jpx2",-2.23416441631162,8.0690488463595,-6.60374075826743,8.04426843235159e-06,0.000538447681828814,3.93055529488227,"Non-neuronal","Jpx2"
"Gltp2",-2.23405608188966,8.06904230101956,-6.60344788664811,8.04835429825194e-06,0.000538447681828814,3.93007789819187,"Non-neuronal","Gltp2"
"Wipi12",-2.23361517173553,8.06901566653043,-6.60225563537258,8.06500986319056e-06,0.000538447681828814,3.92813431655948,"Non-neuronal","Wipi12"
"AA5431862",-2.23346094404382,8.06900635161027,-6.60183848192081,8.07084593960639e-06,0.000538447681828814,3.92745422645445,"Non-neuronal","AA5431862"
"4930522L14Rik2",-2.23343264667162,8.0690046426219,-6.60176193722558,8.07191729755403e-06,0.000538447681828814,3.92732943161104,"Non-neuronal","4930522L14Rik2"
"Desi12",-2.2329460952821,8.06897526243189,-6.60044550696067,8.09036600423974e-06,0.000538447681828814,3.92518303372393,"Non-neuronal","Desi12"
"Tmem150a1",-2.23290567878115,8.06897282228562,-6.60033612886859,8.09190083228072e-06,0.000538447681828814,3.92500468324734,"Non-neuronal","Tmem150a1"
"Ahsa22",-2.2324785628412,8.06894703878417,-6.59917999444406,8.10814270578119e-06,0.000538447681828814,3.92311938409896,"Non-neuronal","Ahsa22"
"2810429I04Rik2",-2.23223048973127,8.06893206651578,-6.59850829726141,8.11759464800686e-06,0.000538447681828814,3.92202395085632,"Non-neuronal","2810429I04Rik2"
"Ints42",-2.23190137328968,8.06891220638879,-6.5976169321654,8.13015548979153e-06,0.000538447681828814,3.92057015775737,"Non-neuronal","Ints42"
"Nfatc32",-2.2317559549701,8.06890343255357,-6.597223003662,8.13571308218151e-06,0.000538447681828814,3.91992762862069,"Non-neuronal","Nfatc32"
"Tma162",-2.23134325074356,8.06887853617478,-6.59610473623707,8.15151139193994e-06,0.000538447681828814,3.91810350378989,"Non-neuronal","Tma162"
"Slc22a232",-2.23130644577704,8.06887631621658,-6.59600498907809,8.15292212603767e-06,0.000538447681828814,3.91794078550199,"Non-neuronal","Slc22a232"
"Stx4a2",-2.23083914070149,8.06884813415483,-6.59473823428622,8.17086018924553e-06,0.000538447681828814,3.91587417505054,"Non-neuronal","Stx4a2"
"Bicc12",-2.23077396172392,8.06884420399745,-6.59456150722833,8.17336603631553e-06,0.000538447681828814,3.91558583760336,"Non-neuronal","Bicc12"
"Xrcc32",-2.23074177112674,8.06884226302822,-6.59447422145749,8.17460397452856e-06,0.000538447681828814,3.91544342537102,"Non-neuronal","Xrcc32"
"Sars22",-2.23051791219321,8.06882876624026,-6.59386715171696,8.18321922009039e-06,0.000538447681828814,3.91445291782157,"Non-neuronal","Sars22"
"Pogk2",-2.23050495554877,8.06882798512085,-6.59383201164116,8.18371820193589e-06,0.000538447681828814,3.91439558067111,"Non-neuronal","Pogk2"
"Ddx282",-2.2301810948881,8.06880846246828,-6.59295352782145,8.19620283545542e-06,0.000538447681828814,3.91296211469254,"Non-neuronal","Ddx282"
"Pum32",-2.2299510154113,8.06879459536737,-6.59232927426932,8.20508655986254e-06,0.000538447681828814,3.91194341098188,"Non-neuronal","Pum32"
"Rc3h12",-2.22971261088845,8.06878022854765,-6.59168229763638,8.21430427995207e-06,0.000538447681828814,3.91088755768235,"Non-neuronal","Rc3h12"
"Zfp902",-2.22905857045561,8.06874082519253,-6.58990666975997,8.23965799550791e-06,0.000538447681828814,3.90798940990369,"Non-neuronal","Zfp902"
"Dcaf112",-2.22898386603464,8.0687363255415,-6.58970379169321,8.24256004095595e-06,0.000538447681828814,3.90765824261737,"Non-neuronal","Dcaf112"
"Pan22",-2.22872482471981,8.06872072435866,-6.58900019693455,8.25263281187189e-06,0.000538447681828814,3.90650967921171,"Non-neuronal","Pan22"
"Alg62",-2.22853936287368,8.0687095561277,-6.58849635491128,8.2598537991046e-06,0.000538447681828814,3.90568714594789,"Non-neuronal","Alg62"
"Stx62",-2.22835980922362,8.06869874487969,-6.58800848406743,8.266852185178e-06,0.000538447681828814,3.90489064576646,"Non-neuronal","Stx62"
"Eri12",-2.22818329840658,8.06868811799765,-6.58752880471427,8.27373911079331e-06,0.000538447681828814,3.90410748046673,"Non-neuronal","Eri12"
"Gm457682",-2.22817262985863,8.0686874757314,-6.58749980983383,8.27415559272102e-06,0.000538447681828814,3.9040601397333,"Non-neuronal","Gm457682"
"Rlf2",-2.22809791604956,8.06868297793931,-6.58729674559454,8.27707301807862e-06,0.000538447681828814,3.90372858728451,"Non-neuronal","Rlf2"
"Dgki2",-2.22773891714299,8.06866136896028,-6.58632083548296,8.29110893768748e-06,0.000538447681828814,3.90213507770083,"Non-neuronal","Dgki2"
"4833439L19Rik2",-2.22765566408706,8.06865635844061,-6.58609447394202,8.29436811160646e-06,0.000538447681828814,3.90176544184866,"Non-neuronal","4833439L19Rik2"
"Bnip22",-2.22683609156743,8.06860704669826,-6.58386519249887,8.32653715153993e-06,0.000538447681828814,3.89812469364696,"Non-neuronal","Bnip22"
"Crot2",-2.2267629813508,8.06860264902831,-6.58366624951838,8.32941427693081e-06,0.000538447681828814,3.89779975000187,"Non-neuronal","Crot2"
"Tmem161a2",-2.22673981901828,8.06860125582636,-6.58360321890982,8.3303260462e-06,0.000538447681828814,3.89769679754391,"Non-neuronal","Tmem161a2"
"Map42",-2.2266310639668,8.06859471453181,-6.58330725128079,8.33460876149881e-06,0.000538447681828814,3.89721336334535,"Non-neuronal","Map42"
"Ubap22",-2.22655968808428,8.06859042172011,-6.5831129922689,8.33742098245358e-06,0.000538447681828814,3.89689605231516,"Non-neuronal","Ubap22"
"Terf22",-2.22616078891103,8.06856624953957,-6.58204320476528,8.3529257133079e-06,0.000538447681828814,3.89514849065809,"Non-neuronal","Terf22"
"Fam58b2",-2.225992375416,8.06855601538858,-6.58159409143726,8.35944382032341e-06,0.000538447681828814,3.89441477850649,"Non-neuronal","Fam58b2"
"Avl92",-2.2259425833656,8.06855298983351,-6.58146129518598,8.36137214783805e-06,0.000538447681828814,3.89419782411848,"Non-neuronal","Avl92"
"Prr32",-2.22531472487031,8.06851484691071,-6.5797862260157,8.38573571002351e-06,0.000538447681828814,3.89146094696975,"Non-neuronal","Prr32"
"Dscr32",-2.22515963226506,8.06850542723593,-6.57937229331259,8.39176771123696e-06,0.000538447681828814,3.89078455500525,"Non-neuronal","Dscr32"
"Wrn2",-2.22499147699956,8.06849521523326,-6.57892342563408,8.39831392650706e-06,0.000538447681828814,3.89005104491714,"Non-neuronal","Wrn2"
"Adprhl22",-2.22487343416386,8.06848804718728,-6.57860828183026,8.40291312369293e-06,0.000538447681828814,3.88953603759486,"Non-neuronal","Adprhl22"
"B230118H07Rik2",-2.22344699851339,8.06840147050681,-6.57479716811492,8.45874131305927e-06,0.000538447681828814,3.88330661681966,"Non-neuronal","B230118H07Rik2"
"Nup2052",-2.22281024239038,8.06836284826007,-6.57309416999893,8.4838133919794e-06,0.000538447681828814,3.88052221643431,"Non-neuronal","Nup2052"
"Slc11a22",-2.22275591057406,8.06835955350451,-6.57294881063469,8.48595701430978e-06,0.000538447681828814,3.88028453167137,"Non-neuronal","Slc11a22"
"Sdhaf12",-2.22274185246762,8.06835870102028,-6.5729111983046,8.48651177756562e-06,0.000538447681828814,3.88022302919464,"Non-neuronal","Sdhaf12"
"Alg112",-2.22234419635395,8.06833459029463,-6.57184705753604,8.50222304849738e-06,0.000538447681828814,3.87848288285475,"Non-neuronal","Alg112"
"Mrps272",-2.2221235078166,8.0683212121197,-6.57125630806084,8.5109581615673e-06,0.000538447681828814,3.87751677287311,"Non-neuronal","Mrps272"
"E2f52",-2.22193724188849,8.06830992211331,-6.57075760280402,8.51833956654467e-06,0.000538447681828814,3.87670114657337,"Non-neuronal","E2f52"
"0610040B10Rik2",-2.2218834013835,8.06830665896627,-6.57061343411486,8.52047467388527e-06,0.000538447681828814,3.87646535275461,"Non-neuronal","0610040B10Rik2"
"Med13l2",-2.22181281273514,8.06830238092321,-6.57042440736197,8.52327496722132e-06,0.000538447681828814,3.87615618649229,"Non-neuronal","Med13l2"
"Smad42",-2.221307052313,8.06827173482058,-6.56906966607562,8.54337264895961e-06,0.000538447681828814,3.87394024002302,"Non-neuronal","Smad42"
"Trim34",-2.22130495340859,8.06827160765995,-6.56906404249857,8.5434561782934e-06,0.000538447681828814,3.87393104091804,"Non-neuronal","Trim34"
"Fancl2",-2.22040605358918,8.06821716414075,-6.56665456060894,8.57932388505279e-06,0.000538447681828814,3.86998910193743,"Non-neuronal","Fancl2"
"Pygo22",-2.22019173389487,8.06820418809846,-6.56607976683071,8.58790353638237e-06,0.000538447681828814,3.86904859034968,"Non-neuronal","Pygo22"
"Gabarap2",-2.21986668892303,8.0681845115662,-6.56520778282571,8.60093632212178e-06,0.000538447681828814,3.86762169363419,"Non-neuronal","Gabarap2"
"Plcxd11",-2.21969249296239,8.06817396833658,-6.56474036028329,8.60793099047064e-06,0.000538447681828814,3.86685676092961,"Non-neuronal","Plcxd11"
"N4bp12",-2.21946534528748,8.06816022196898,-6.56413073148152,8.61706261776633e-06,0.000538447681828814,3.86585905438867,"Non-neuronal","N4bp12"
"Gclm2",-2.21918534973386,8.06814328014842,-6.56337908007677,8.6283355433484e-06,0.000538447681828814,3.86462883135862,"Non-neuronal","Gclm2"
"Psmc12",-2.21906879862018,8.06813622883458,-6.56306613629763,8.6330334761153e-06,0.000538447681828814,3.86411661058023,"Non-neuronal","Psmc12"
"Drg22",-2.21880066393672,8.0681200087577,-6.56234604940585,8.64385362646796e-06,0.000538447681828814,3.86293792338239,"Non-neuronal","Drg22"
"Bag62",-2.2180964594808,8.06807742315383,-6.56045397620349,8.6723518632124e-06,0.000538447681828814,3.85984043827953,"Non-neuronal","Bag62"
"Zfp7702",-2.21785403387709,8.06806276733482,-6.55980231877348,8.68218979389078e-06,0.000538447681828814,3.85877348166963,"Non-neuronal","Zfp7702"
"Clcn22",-2.21706084495936,8.06801483118602,-6.55766908679396,8.71447641823884e-06,0.000538447681828814,3.8552802537461,"Non-neuronal","Clcn22"
"Wdr532",-2.21671215038995,8.06799376570018,-6.55673076944802,8.72871764196354e-06,0.000538447681828814,3.85374349275098,"Non-neuronal","Wdr532"
"Ift802",-2.21636988650686,8.06797309332876,-6.55580944479229,8.74272463349002e-06,0.000538447681828814,3.85223441960389,"Non-neuronal","Ift802"
"Rnf19a2",-2.21578382288952,8.0679377063553,-6.55423112900391,8.76677455600768e-06,0.000538447681828814,3.84964890721561,"Non-neuronal","Rnf19a2"
"Cyfip12",-2.21544570816148,8.06791729684377,-6.55332014700902,8.78068730597197e-06,0.000538447681828814,3.84815639667443,"Non-neuronal","Cyfip12"
"Slc25a112",-2.2144052743186,8.06785452158138,-6.55051501531127,8.82367313099154e-06,0.000538447681828814,3.84355973218559,"Non-neuronal","Slc25a112"
"Cntn32",-2.21425422788874,8.06784541162674,-6.55010753894298,8.8299355705626e-06,0.000538447681828814,3.84289190698652,"Non-neuronal","Cntn32"
"Bicral2",-2.21391793003647,8.06782513195566,-6.54920009547439,8.84389862489022e-06,0.000538447681828814,3.84140457149454,"Non-neuronal","Bicral2"
"Clip32",-2.21373148445731,8.06781389069774,-6.54869687466039,8.85165175305842e-06,0.000538447681828814,3.8405797137536,"Non-neuronal","Clip32"
"Galnt61",-2.21355897265355,8.22577965440759,-6.44387557263643,1.06322577558369e-05,0.000563996634697026,3.66727217640096,"Non-neuronal","Galnt61"
"Alkbh82",-2.21351660743817,8.06780093693462,-6.54811680293909,8.86059773978318e-06,0.000538447681828814,3.83962883305679,"Non-neuronal","Alkbh82"
"Guk12",-2.21155966552389,8.06768304728499,-6.54282832614047,8.94259489445208e-06,0.000538447681828814,3.83095713223937,"Non-neuronal","Guk12"
"Eif4g22",-2.21153493861792,8.06768155865882,-6.5427614389952,8.94363703564234e-06,0.000538447681828814,3.83084742523611,"Non-neuronal","Eif4g22"
"Vps412",-2.21149463394162,8.06767913226078,-6.54265240997583,8.9453360442147e-06,0.000538447681828814,3.83066859634915,"Non-neuronal","Vps412"
"Smug12",-2.21026219066596,8.06760496845571,-6.53931643086351,8.99748430589378e-06,0.000538447681828814,3.82519598264843,"Non-neuronal","Smug12"
"Sox22",-2.20963082498628,8.22807805124085,-6.396654161473,1.15531350596095e-05,0.000578345511396248,3.58883755353406,"Non-neuronal","Sox22"
"Tmed72",-2.20855687512526,8.06750244821233,-6.53469386460935,9.07027036769375e-06,0.000538447681828814,3.8176096841054,"Non-neuronal","Tmed72"
"Mlycd2",-2.20758000099631,8.06744377248579,-6.53204240979286,9.11229717315437e-06,0.000538447681828814,3.81325665863637,"Non-neuronal","Mlycd2"
"Pigz2",-2.20713750198079,8.22636536736814,-6.42456523751017,1.09992059858589e-05,0.000567213502843493,3.63527093616886,"Non-neuronal","Pigz2"
"Taf42",-2.20619826800137,8.06736084390811,-6.52828777221817,9.17215842802942e-06,0.000538447681828814,3.80709048079167,"Non-neuronal","Taf42"
"Eif4b2",-2.20511318853846,8.06729577325696,-6.52533570648339,9.21951260437497e-06,0.000538447681828814,3.80224070478989,"Non-neuronal","Eif4b2"
"Mettl82",-2.20425988851367,8.23218533781858,-6.34397335397079,1.26795027293465e-05,0.000608581417169232,3.50041098628599,"Non-neuronal","Mettl82"
"Cdc732",-2.20325146638441,8.2282056296367,-6.40947006164863,1.12952561134573e-05,0.000577137755385404,3.61020423414466,"Non-neuronal","Cdc732"
"C330007P06Rik2",-2.20318394815364,8.0671801959247,-6.5200793331979,9.30446385712963e-06,0.000538447681828814,3.79360172416383,"Non-neuronal","C330007P06Rik2"
"Arid5b2",-2.20238001630179,8.23218145693079,-6.33943799051124,1.27816899612943e-05,0.000608581417169232,3.49281440575833,"Non-neuronal","Arid5b2"
"Fut112",-2.20196411936996,8.06710719529693,-6.51675073330618,9.35868197258393e-06,0.000538447681828814,3.78812870751351,"Non-neuronal","Fut112"
"Tmem2422",-2.20166499858389,8.06708930356337,-6.51593390889942,9.37203725714676e-06,0.000538447681828814,3.78678537024996,"Non-neuronal","Tmem2422"
"Ldah2",-2.20123210201237,8.23295903608942,-6.32595268194993,1.30906400984258e-05,0.000608581417169232,3.47009246100199,"Non-neuronal","Ldah2"
"Ncbp22",-2.2009542667577,8.22838821387137,-6.40267663550627,1.14311946671301e-05,0.000578345511396248,3.59891478356784,"Non-neuronal","Ncbp22"
"Tsc12",-2.20054027048276,8.2324100059793,-6.33033251735161,1.2989451612244e-05,0.000608581417169232,3.47752345110414,"Non-neuronal","Tsc12"
"Vmp12",-2.2003223059332,8.23195351460147,-6.33349390356724,1.2916920881879e-05,0.000608581417169232,3.48290211084923,"Non-neuronal","Vmp12"
"Acyp22",-2.19994186181468,8.06698630543032,-6.51122384553406,9.44943752778402e-06,0.000538447681828814,3.77903710187067,"Non-neuronal","Acyp22"
"Ctsf2",-2.1994736182193,8.23274235889037,-6.32082775828911,1.32100881363336e-05,0.000608581417169232,3.46154081082008,"Non-neuronal","Ctsf2"
"Dguok2",-2.19929588155749,8.23408403043222,-6.28136157761957,1.41689235740039e-05,0.000612138013567181,3.39510707223297,"Non-neuronal","Dguok2"
"Sft2d12",-2.19817874557923,8.23362434030669,-6.28296922929181,1.41284795311112e-05,0.000612138013567181,3.3978759587605,"Non-neuronal","Sft2d12"
"Washc12",-2.19805175431449,8.06687346494251,-6.50604835315831,9.53525698923251e-06,0.000538447681828814,3.77051891967925,"Non-neuronal","Washc12"
"Pcdhgb52",-2.19754388930981,8.23300346445219,-6.31118374337913,1.3437958959321e-05,0.000608581417169232,3.44532240377627,"Non-neuronal","Pcdhgb52"
"U2af12",-2.19728776249343,8.22689541874268,-6.39589635316019,1.15685747710575e-05,0.000578345511396248,3.58764896631775,"Non-neuronal","U2af12"
"Cbfa2t22",-2.19694191053604,8.2326110941866,-6.31387193207715,1.3374032394027e-05,0.000608581417169232,3.44989493921523,"Non-neuronal","Cbfa2t22"
"Snrpd22",-2.19513168801164,8.06669942056444,-6.49803406060234,9.66975986177498e-06,0.000538447681828814,3.75731963723474,"Non-neuronal","Snrpd22"
"Ergic22",-2.19469531774426,8.23193145629943,-6.31649914593122,1.33118624996709e-05,0.000608581417169232,3.45440738997757,"Non-neuronal","Ergic22"
"Lurap12",-2.19392213844982,8.22797252998802,-6.38408995968676,1.18119231074459e-05,0.000586293240526013,3.56799314298808,"Non-neuronal","Lurap12"
"Zfp402",-2.19367947143281,8.23257853287754,-6.30333306562358,1.36264845477974e-05,0.000608581417169232,3.43220915337807,"Non-neuronal","Zfp402"
"Spock12",-2.19266402553938,8.23203555532363,-6.30656379570081,1.35485699446269e-05,0.000608581417169232,3.43771791604003,"Non-neuronal","Spock12"
"Psma72",-2.19232926797391,8.06653271552388,-6.49032145700966,9.80107242018842e-06,0.000538447681828814,3.74460711868858,"Non-neuronal","Psma72"
"Ppfia12",-2.19211215831734,8.06651981394744,-6.48972307810831,9.81133783221491e-06,0.000538447681828814,3.74362040911884,"Non-neuronal","Ppfia12"
"Pcp4l12",-2.19197411786988,8.06651161200509,-6.48934255814241,9.81787163668269e-06,0.000538447681828814,3.74299291160815,"Non-neuronal","Pcp4l12"
"Rmnd12",-2.1919074070369,8.23380907506855,-6.26002914484231,1.4717174329079e-05,0.000612391118245657,3.35923127176567,"Non-neuronal","Rmnd12"
"Ecd2",-2.19149322707443,8.06648304505414,-6.48801654931958,9.84067572201171e-06,0.000538447681828814,3.74080606443411,"Non-neuronal","Ecd2"
"Drg12",-2.18900398619177,8.06633532575627,-6.48114294282882,9.9597750855015e-06,0.00054002455180714,3.72946544819045,"Non-neuronal","Drg12"
"Gle12",-2.18845171817854,8.23315384300197,-6.25619621806881,1.48180051758975e-05,0.000612391118245657,3.35285484399788,"Non-neuronal","Gle12"
"Stk42",-2.1879064705555,8.23324440814538,-6.25334868791095,1.48933801962176e-05,0.000612391118245657,3.34804182552625,"Non-neuronal","Stk42"
"Ankrd33b2",-2.18765802378072,8.06625555868919,-6.47741948014565,1.00249197270285e-05,0.00054002455180714,3.72331889703166,"Non-neuronal","Ankrd33b2"
"Setdb12",-2.1855138414849,8.23324955694964,-6.24540270870403,1.51058358939154e-05,0.000614086653556092,3.33463683263536,"Non-neuronal","Setdb12"
"Ubqln12",-2.18544789664605,8.22649714968293,-6.36373406431319,1.22441242851341e-05,0.000599186053925331,3.53406749593072,"Non-neuronal","Ubqln12"
"Ptprk2",-2.18395222678139,8.25162699557002,-6.15578535726586,1.77331028440189e-05,0.000700155293540268,3.18159341548748,"Non-neuronal","Ptprk2"
"Epn22",-2.18341293282982,8.25267391950903,-6.14893392510794,1.79526520614203e-05,0.000704819091383107,3.16993481613402,"Non-neuronal","Epn22"
"Rapgef52",-2.18256659975268,8.23270639785392,-6.24192819080748,1.51997272142248e-05,0.000614086653556092,3.32883860179185,"Non-neuronal","Rapgef52"
"Zfp9452",-2.1811628582205,8.23184733642307,-6.27025012700489,1.44517807578859e-05,0.000612138013567181,3.37667133111713,"Non-neuronal","Zfp9452"
"Sf3a12",-2.18101308627479,8.23171736470633,-6.27130799401147,1.44245992834539e-05,0.000612138013567181,3.37847094198499,"Non-neuronal","Sf3a12"
"Snrpa3",-2.18025524111011,8.23125275214968,-6.27620811456456,1.42993867311118e-05,0.000612138013567181,3.38678432655536,"Non-neuronal","Snrpa3"
"Igsf82",-2.17997143689584,8.23059276416501,-6.28347240238875,1.41158458650842e-05,0.000612138013567181,3.39910796487636,"Non-neuronal","Igsf82"
"Cdk2ap12",-2.17986410708532,8.06579514122974,-6.45576434603841,1.04127198183583e-05,0.000556599923213629,3.68752558738006,"Non-neuronal","Cdk2ap12"
"Tmem562",-2.17983197905011,8.23141958934647,-6.27274152140805,1.43878504649518e-05,0.000612138013567181,3.38092306968505,"Non-neuronal","Tmem562"
"Ogfod12",-2.1777369278684,8.23130809697804,-6.26702945004478,1.45348643313548e-05,0.000612138013567181,3.3713149231834,"Non-neuronal","Ogfod12"
"Med212",-2.1767146057541,8.2303684320932,-6.27341198850452,1.43706964250763e-05,0.000612138013567181,3.38220138052129,"Non-neuronal","Med212"
"Ap2s12",-2.17524806763823,8.22493549115702,-6.33848699505128,1.28032258688793e-05,0.000608581417169232,3.49189218867155,"Non-neuronal","Ap2s12"
"Foxj32",-2.17369101856768,8.23257451823003,-6.21403753797338,1.59758292940646e-05,0.000638023205542844,3.28171077742488,"Non-neuronal","Foxj32"
"Mrps332",-2.17354015149219,8.06542343419397,-6.43807563331921,1.0741109031922e-05,0.000564760654066139,3.6582302271612,"Non-neuronal","Mrps332"
"Ppp1r1b2",-2.17283469339716,8.23019810262862,-6.26231574627307,1.46573630501323e-05,0.000612391118245657,3.36352062333999,"Non-neuronal","Ppp1r1b2"
"Togaram12",-2.17225868076764,8.06534831890577,-6.43447839017213,1.08092052080582e-05,0.000564760654066139,3.65226622167823,"Non-neuronal","Togaram12"
"Pfdn52",-2.16836508601417,8.0651205200316,-6.42352206981196,1.10194017677179e-05,0.000567213502843493,3.63408801166089,"Non-neuronal","Pfdn52"
"Tppp2",-2.16590819479576,8.2729435352742,-5.92390388470517,2.69898898601493e-05,0.00104195969243432,2.78367992023332,"Non-neuronal","Tppp2"
"Prps12",-2.16533976281109,8.22979973917287,-6.24346273178821,1.51581847187564e-05,0.000614086653556092,3.33174740743189,"Non-neuronal","Prps12"
"Psmd22",-2.16528735665901,8.23030184762009,-6.23529294305316,1.53807259152852e-05,0.000617807308585649,3.31788444600098,"Non-neuronal","Psmd22"
"Mrpl282",-2.16089087061574,8.23078845327496,-6.19195515218235,1.66195803021139e-05,0.00065993979153937,3.24448021332143,"Non-neuronal","Mrpl282"
"Cdc42ep32",-2.15147862234368,8.06414014362661,-6.37554394701104,1.19914010182785e-05,0.000590980465787359,3.55424879994831,"Non-neuronal","Cdc42ep32"
"Stx82",-2.14419971592025,8.06372141526519,-6.35463306629557,1.24426703609193e-05,0.000604644170196001,3.51933113139462,"Non-neuronal","Stx82"
"Gon4l2",-2.13056335099659,8.2286966296028,-6.13571355246585,1.83843372896591e-05,0.000717712133853039,3.14897744833597,"Non-neuronal","Gon4l2"
"Mrpl132",-2.1260375609726,8.06268699558317,-6.30185812825965,1.3662210545172e-05,0.000608581417169232,3.43088060351318,"Non-neuronal","Mrpl132"
"Mdm42",-2.1176785465394,8.27017518566429,-5.14272427777303,0.000117186140417292,0.0044990413798882,1.39063494463408,"Non-neuronal","Mdm42"
"Coprs2",-2.08209289629369,8.22422774049521,-6.01949876418813,2.26782914973372e-05,0.000880399148687128,2.94984516406634,"Non-neuronal","Coprs2"
"Sirt22",-2.01766712223718,8.24923477724686,-4.26686559158721,0.000663766006543051,0.025067989018846,-0.271771407901507,"Non-neuronal","Sirt22"
"Tspan92",-2.00786842886319,8.24822727299814,-4.20661937929135,0.00074993530742682,0.0281691916286971,-0.388868989078945,"Non-neuronal","Tspan92"
"Zfp682",-1.99546949656523,8.24726262869485,-4.15968917061493,0.000824900335282893,0.0308184539240905,-0.480344065202598,"Non-neuronal","Zfp682"
"Atp6v0b2",1.93396183542918,9.28492721451282,4.8632500049635,0.00020194051120255,0.00771035501289295,0.0323802382939169,"Non-neuronal","Atp6v0b2"
